[2026-09-12 16:04:27] === watchdog_campaign start: Proj=A Nrun=20 Npop=8 Max_it=20 Num_work=8 ===
[2026-09-12 16:04:30] ----- Bat dau run01 (1/20) -----
[2026-09-12 16:04:34] run01 : launching MATLAB (attempt 1)
[2026-09-12 16:04:54] run01 : poll - elapsed=20s log_stale=9s
[2026-09-12 16:05:14] run01 : poll - elapsed=40s log_stale=15s
[2026-09-12 16:05:34] run01 : poll - elapsed=60s log_stale=36s
[2026-09-12 16:05:54] run01 : poll - elapsed=80s log_stale=56s
[2026-09-12 16:06:14] run01 : poll - elapsed=100s log_stale=76s
[2026-09-12 16:06:34] run01 : poll - elapsed=120s log_stale=96s
[2026-09-12 16:06:54] run01 : poll - elapsed=140s log_stale=116s
[2026-09-12 16:07:14] run01 : poll - elapsed=160s log_stale=136s
[2026-09-12 16:07:34] run01 : poll - elapsed=180s log_stale=156s
[2026-09-12 16:07:54] run01 : poll - elapsed=200s log_stale=176s
[2026-09-12 16:08:14] run01 : poll - elapsed=220s log_stale=10s
[2026-09-12 16:08:34] run01 : poll - elapsed=240s log_stale=30s
[2026-09-12 16:08:54] run01 : poll - elapsed=260s log_stale=50s
[2026-09-12 16:09:14] run01 : poll - elapsed=280s log_stale=70s
[2026-09-12 16:09:34] run01 : poll - elapsed=300s log_stale=90s
[2026-09-12 16:09:54] run01 : poll - elapsed=320s log_stale=110s
[2026-09-12 16:10:14] run01 : poll - elapsed=340s log_stale=130s
[2026-09-12 16:10:34] run01 : poll - elapsed=360s log_stale=8s
[2026-09-12 16:10:54] run01 : poll - elapsed=380s log_stale=28s
[2026-09-12 16:11:14] run01 : poll - elapsed=400s log_stale=48s
[2026-09-12 16:11:34] run01 : poll - elapsed=420s log_stale=68s
[2026-09-12 16:11:55] run01 : poll - elapsed=440s log_stale=88s
[2026-09-12 16:12:15] run01 : poll - elapsed=460s log_stale=108s
[2026-09-12 16:12:35] run01 : poll - elapsed=480s log_stale=128s
[2026-09-12 16:12:55] run01 : poll - elapsed=501s log_stale=8s
[2026-09-12 16:13:15] run01 : poll - elapsed=521s log_stale=28s
[2026-09-12 16:13:35] run01 : poll - elapsed=541s log_stale=48s
[2026-09-12 16:13:55] run01 : poll - elapsed=561s log_stale=68s
[2026-09-12 16:14:15] run01 : poll - elapsed=581s log_stale=88s
[2026-09-12 16:14:35] run01 : poll - elapsed=601s log_stale=108s
[2026-09-12 16:14:55] run01 : poll - elapsed=621s log_stale=128s
[2026-09-12 16:15:15] run01 : poll - elapsed=641s log_stale=5s
[2026-09-12 16:15:35] run01 : poll - elapsed=661s log_stale=25s
[2026-09-12 16:15:55] run01 : poll - elapsed=681s log_stale=45s
[2026-09-12 16:16:15] run01 : poll - elapsed=701s log_stale=65s
[2026-09-12 16:16:35] run01 : poll - elapsed=721s log_stale=85s
[2026-09-12 16:16:55] run01 : poll - elapsed=741s log_stale=105s
[2026-09-12 16:17:15] run01 : poll - elapsed=761s log_stale=125s
[2026-09-12 16:17:35] run01 : poll - elapsed=781s log_stale=2s
[2026-09-12 16:17:55] run01 : poll - elapsed=801s log_stale=22s
[2026-09-12 16:18:15] run01 : poll - elapsed=821s log_stale=42s
[2026-09-12 16:18:35] run01 : poll - elapsed=841s log_stale=62s
[2026-09-12 16:18:55] run01 : poll - elapsed=861s log_stale=83s
[2026-09-12 16:19:15] run01 : poll - elapsed=881s log_stale=103s
[2026-09-12 16:19:35] run01 : poll - elapsed=901s log_stale=123s
[2026-09-12 16:19:55] run01 : poll - elapsed=921s log_stale=1s
[2026-09-12 16:20:15] run01 : poll - elapsed=941s log_stale=21s
[2026-09-12 16:20:35] run01 : poll - elapsed=961s log_stale=41s
[2026-09-12 16:20:55] run01 : poll - elapsed=981s log_stale=61s
[2026-09-12 16:21:15] run01 : poll - elapsed=1001s log_stale=81s
[2026-09-12 16:21:35] run01 : poll - elapsed=1021s log_stale=101s
[2026-09-12 16:21:55] run01 : poll - elapsed=1041s log_stale=121s
[2026-09-12 16:22:15] run01 : poll - elapsed=1061s log_stale=0s
[2026-09-12 16:22:35] run01 : poll - elapsed=1081s log_stale=20s
[2026-09-12 16:22:55] run01 : poll - elapsed=1101s log_stale=40s
[2026-09-12 16:23:15] run01 : poll - elapsed=1121s log_stale=60s
[2026-09-12 16:23:35] run01 : poll - elapsed=1141s log_stale=80s
[2026-09-12 16:23:55] run01 : poll - elapsed=1161s log_stale=100s
[2026-09-12 16:24:15] run01 : poll - elapsed=1181s log_stale=120s
[2026-09-12 16:24:35] run01 : poll - elapsed=1201s log_stale=140s
[2026-09-12 16:24:55] run01 : poll - elapsed=1221s log_stale=18s
[2026-09-12 16:25:15] run01 : poll - elapsed=1241s log_stale=38s
[2026-09-12 16:25:35] run01 : poll - elapsed=1261s log_stale=58s
[2026-09-12 16:25:55] run01 : poll - elapsed=1281s log_stale=78s
[2026-09-12 16:26:15] run01 : poll - elapsed=1301s log_stale=98s
[2026-09-12 16:26:35] run01 : poll - elapsed=1321s log_stale=118s
[2026-09-12 16:26:55] run01 : poll - elapsed=1341s log_stale=138s
[2026-09-12 16:27:15] run01 : poll - elapsed=1361s log_stale=18s
[2026-09-12 16:27:35] run01 : poll - elapsed=1381s log_stale=38s
[2026-09-12 16:27:55] run01 : poll - elapsed=1401s log_stale=58s
[2026-09-12 16:28:15] run01 : poll - elapsed=1421s log_stale=78s
[2026-09-12 16:28:35] run01 : poll - elapsed=1441s log_stale=98s
[2026-09-12 16:28:55] run01 : poll - elapsed=1461s log_stale=118s
[2026-09-12 16:29:15] run01 : poll - elapsed=1481s log_stale=138s
[2026-09-12 16:29:35] run01 : poll - elapsed=1501s log_stale=17s
[2026-09-12 16:29:56] run01 : poll - elapsed=1521s log_stale=37s
[2026-09-12 16:30:16] run01 : poll - elapsed=1541s log_stale=57s
[2026-09-12 16:30:36] run01 : poll - elapsed=1561s log_stale=77s
[2026-09-12 16:30:56] run01 : poll - elapsed=1581s log_stale=97s
[2026-09-12 16:31:16] run01 : poll - elapsed=1602s log_stale=117s
[2026-09-12 16:31:36] run01 : poll - elapsed=1622s log_stale=137s
[2026-09-12 16:31:56] run01 : poll - elapsed=1642s log_stale=17s
[2026-09-12 16:32:16] run01 : poll - elapsed=1662s log_stale=37s
[2026-09-12 16:32:36] run01 : poll - elapsed=1682s log_stale=57s
[2026-09-12 16:32:56] run01 : poll - elapsed=1702s log_stale=77s
[2026-09-12 16:33:16] run01 : poll - elapsed=1722s log_stale=97s
[2026-09-12 16:33:36] run01 : poll - elapsed=1742s log_stale=117s
[2026-09-12 16:33:56] run01 : poll - elapsed=1762s log_stale=137s
[2026-09-12 16:34:16] run01 : poll - elapsed=1782s log_stale=16s
[2026-09-12 16:34:36] run01 : poll - elapsed=1802s log_stale=36s
[2026-09-12 16:34:56] run01 : poll - elapsed=1822s log_stale=56s
[2026-09-12 16:35:16] run01 : poll - elapsed=1842s log_stale=76s
[2026-09-12 16:35:36] run01 : poll - elapsed=1862s log_stale=96s
[2026-09-12 16:35:56] run01 : poll - elapsed=1882s log_stale=116s
[2026-09-12 16:36:16] run01 : poll - elapsed=1902s log_stale=136s
[2026-09-12 16:36:36] run01 : poll - elapsed=1922s log_stale=15s
[2026-09-12 16:36:56] run01 : poll - elapsed=1942s log_stale=35s
[2026-09-12 16:37:16] run01 : poll - elapsed=1962s log_stale=55s
[2026-09-12 16:37:36] run01 : poll - elapsed=1982s log_stale=75s
[2026-09-12 16:37:56] run01 : poll - elapsed=2002s log_stale=95s
[2026-09-12 16:38:16] run01 : poll - elapsed=2022s log_stale=115s
[2026-09-12 16:38:36] run01 : poll - elapsed=2042s log_stale=135s
[2026-09-12 16:38:56] run01 : poll - elapsed=2062s log_stale=15s
[2026-09-12 16:39:16] run01 : poll - elapsed=2082s log_stale=35s
[2026-09-12 16:39:36] run01 : poll - elapsed=2102s log_stale=55s
[2026-09-12 16:39:56] run01 : poll - elapsed=2122s log_stale=75s
[2026-09-12 16:40:16] run01 : poll - elapsed=2142s log_stale=95s
[2026-09-12 16:40:36] run01 : poll - elapsed=2162s log_stale=115s
[2026-09-12 16:40:56] run01 : poll - elapsed=2182s log_stale=135s
[2026-09-12 16:41:16] run01 : poll - elapsed=2202s log_stale=15s
[2026-09-12 16:41:36] run01 : poll - elapsed=2222s log_stale=35s
[2026-09-12 16:41:56] run01 : poll - elapsed=2242s log_stale=55s
[2026-09-12 16:42:16] run01 : poll - elapsed=2262s log_stale=75s
[2026-09-12 16:42:36] run01 : poll - elapsed=2282s log_stale=95s
[2026-09-12 16:42:56] run01 : poll - elapsed=2302s log_stale=115s
[2026-09-12 16:43:16] run01 : poll - elapsed=2322s log_stale=135s
[2026-09-12 16:43:36] run01 : poll - elapsed=2342s log_stale=14s
[2026-09-12 16:43:56] run01 : poll - elapsed=2362s log_stale=34s
[2026-09-12 16:44:16] run01 : poll - elapsed=2382s log_stale=54s
[2026-09-12 16:44:36] run01 : poll - elapsed=2402s log_stale=74s
[2026-09-12 16:44:56] run01 : poll - elapsed=2422s log_stale=94s
[2026-09-12 16:45:16] run01 : poll - elapsed=2442s log_stale=114s
[2026-09-12 16:45:36] run01 : poll - elapsed=2462s log_stale=134s
[2026-09-12 16:45:56] run01 : poll - elapsed=2482s log_stale=12s
[2026-09-12 16:46:16] run01 : poll - elapsed=2502s log_stale=32s
[2026-09-12 16:46:36] run01 : poll - elapsed=2522s log_stale=52s
[2026-09-12 16:46:56] run01 : poll - elapsed=2542s log_stale=72s
[2026-09-12 16:47:16] run01 : poll - elapsed=2562s log_stale=92s
[2026-09-12 16:47:37] run01 : poll - elapsed=2582s log_stale=112s
[2026-09-12 16:47:57] run01 : poll - elapsed=2602s log_stale=132s
[2026-09-12 16:48:17] run01 : poll - elapsed=2623s log_stale=12s
[2026-09-12 16:48:37] run01 : poll - elapsed=2643s log_stale=32s
[2026-09-12 16:48:57] run01 : poll - elapsed=2663s log_stale=52s
[2026-09-12 16:49:17] run01 : poll - elapsed=2683s log_stale=72s
[2026-09-12 16:49:37] run01 : poll - elapsed=2703s log_stale=92s
[2026-09-12 16:49:57] run01 : poll - elapsed=2723s log_stale=112s
[2026-09-12 16:50:17] run01 : poll - elapsed=2743s log_stale=132s
[2026-09-12 16:50:37] run01 : poll - elapsed=2763s log_stale=11s
[2026-09-12 16:50:57] run01 : poll - elapsed=2783s log_stale=31s
[2026-09-12 16:51:17] run01 : poll - elapsed=2803s log_stale=51s
[2026-09-12 16:51:37] run01 : poll - elapsed=2823s log_stale=71s
[2026-09-12 16:51:57] run01 : poll - elapsed=2843s log_stale=91s
[2026-09-12 16:52:17] run01 : poll - elapsed=2863s log_stale=111s
[2026-09-12 16:52:37] run01 : poll - elapsed=2883s log_stale=131s
[2026-09-12 16:52:57] run01 : poll - elapsed=2903s log_stale=10s
[2026-09-12 16:53:17] run01 : poll - elapsed=2923s log_stale=30s
[2026-09-12 16:53:37] run01 : poll - elapsed=2943s log_stale=50s
[2026-09-12 16:53:57] run01 : poll - elapsed=2963s log_stale=70s
[2026-09-12 16:54:17] run01 : poll - elapsed=2983s log_stale=90s
[2026-09-12 16:54:37] run01 : poll - elapsed=3003s log_stale=110s
[2026-09-12 16:54:57] run01 : poll - elapsed=3023s log_stale=130s
[2026-09-12 16:55:17] run01 : THANH CONG - D:\ResearchLab\02_Projects\02_Projects\MOSFOA paper 2\code\results\MOSFOA2_A_Np8_Maxit20_run01_FINAL.mat da xuat hien.
[2026-09-12 16:55:17] ----- Bat dau run02 (2/20) -----
[2026-09-12 16:55:21] run02 : launching MATLAB (attempt 1)
[2026-09-12 16:55:41] run02 : poll - elapsed=20s log_stale=9s
[2026-09-12 16:56:01] run02 : poll - elapsed=40s log_stale=16s
[2026-09-12 16:56:21] run02 : poll - elapsed=60s log_stale=36s
[2026-09-12 16:56:41] run02 : poll - elapsed=80s log_stale=56s
[2026-09-12 16:57:01] run02 : poll - elapsed=100s log_stale=76s
[2026-09-12 16:57:21] run02 : poll - elapsed=120s log_stale=96s
[2026-09-12 16:57:41] run02 : poll - elapsed=140s log_stale=116s
[2026-09-12 16:58:01] run02 : poll - elapsed=160s log_stale=136s
[2026-09-12 16:58:21] run02 : poll - elapsed=180s log_stale=156s
[2026-09-12 16:58:41] run02 : poll - elapsed=200s log_stale=176s
[2026-09-12 16:59:01] run02 : poll - elapsed=220s log_stale=11s
[2026-09-12 16:59:21] run02 : poll - elapsed=240s log_stale=32s
[2026-09-12 16:59:41] run02 : poll - elapsed=260s log_stale=52s
[2026-09-12 17:00:01] run02 : poll - elapsed=280s log_stale=72s
[2026-09-12 17:00:21] run02 : poll - elapsed=300s log_stale=92s
[2026-09-12 17:00:41] run02 : poll - elapsed=320s log_stale=112s
[2026-09-12 17:01:01] run02 : poll - elapsed=340s log_stale=132s
[2026-09-12 17:01:21] run02 : poll - elapsed=360s log_stale=11s
[2026-09-12 17:01:41] run02 : poll - elapsed=380s log_stale=31s
[2026-09-12 17:02:01] run02 : poll - elapsed=400s log_stale=51s
[2026-09-12 17:02:21] run02 : poll - elapsed=420s log_stale=71s
[2026-09-12 17:02:41] run02 : poll - elapsed=440s log_stale=91s
[2026-09-12 17:03:01] run02 : poll - elapsed=460s log_stale=111s
[2026-09-12 17:03:21] run02 : poll - elapsed=480s log_stale=131s
[2026-09-12 17:03:41] run02 : poll - elapsed=500s log_stale=11s
[2026-09-12 17:04:01] run02 : poll - elapsed=520s log_stale=31s
[2026-09-12 17:04:21] run02 : poll - elapsed=540s log_stale=51s
[2026-09-12 17:04:41] run02 : poll - elapsed=560s log_stale=71s
[2026-09-12 17:05:01] run02 : poll - elapsed=581s log_stale=91s
[2026-09-12 17:05:21] run02 : poll - elapsed=601s log_stale=111s
[2026-09-12 17:05:41] run02 : poll - elapsed=621s log_stale=131s
[2026-09-12 17:06:01] run02 : poll - elapsed=641s log_stale=10s
[2026-09-12 17:06:21] run02 : poll - elapsed=661s log_stale=30s
[2026-09-12 17:06:41] run02 : poll - elapsed=681s log_stale=50s
[2026-09-12 17:07:01] run02 : poll - elapsed=701s log_stale=70s
[2026-09-12 17:07:21] run02 : poll - elapsed=721s log_stale=90s
[2026-09-12 17:07:41] run02 : poll - elapsed=741s log_stale=110s
[2026-09-12 17:08:01] run02 : poll - elapsed=761s log_stale=130s
[2026-09-12 17:08:21] run02 : poll - elapsed=781s log_stale=11s
[2026-09-12 17:08:41] run02 : poll - elapsed=801s log_stale=31s
[2026-09-12 17:09:01] run02 : poll - elapsed=821s log_stale=51s
[2026-09-12 17:09:21] run02 : poll - elapsed=841s log_stale=71s
[2026-09-12 17:09:41] run02 : poll - elapsed=861s log_stale=91s
[2026-09-12 17:10:01] run02 : poll - elapsed=881s log_stale=111s
[2026-09-12 17:10:21] run02 : poll - elapsed=901s log_stale=131s
[2026-09-12 17:10:42] run02 : poll - elapsed=921s log_stale=11s
[2026-09-12 17:11:02] run02 : poll - elapsed=941s log_stale=31s
[2026-09-12 17:11:22] run02 : poll - elapsed=961s log_stale=51s
[2026-09-12 17:11:42] run02 : poll - elapsed=981s log_stale=71s
[2026-09-12 17:12:02] run02 : poll - elapsed=1001s log_stale=91s
[2026-09-12 17:12:22] run02 : poll - elapsed=1021s log_stale=111s
[2026-09-12 17:12:42] run02 : poll - elapsed=1041s log_stale=131s
[2026-09-12 17:13:02] run02 : poll - elapsed=1061s log_stale=11s
[2026-09-12 17:13:22] run02 : poll - elapsed=1081s log_stale=31s
[2026-09-12 17:13:42] run02 : poll - elapsed=1101s log_stale=51s
[2026-09-12 17:14:02] run02 : poll - elapsed=1121s log_stale=71s
[2026-09-12 17:14:22] run02 : poll - elapsed=1141s log_stale=91s
[2026-09-12 17:14:42] run02 : poll - elapsed=1161s log_stale=111s
[2026-09-12 17:15:02] run02 : poll - elapsed=1181s log_stale=131s
[2026-09-12 17:15:22] run02 : poll - elapsed=1201s log_stale=12s
[2026-09-12 17:15:42] run02 : poll - elapsed=1221s log_stale=32s
[2026-09-12 17:16:02] run02 : poll - elapsed=1241s log_stale=52s
[2026-09-12 17:16:22] run02 : poll - elapsed=1261s log_stale=72s
[2026-09-12 17:16:42] run02 : poll - elapsed=1281s log_stale=92s
[2026-09-12 17:17:02] run02 : poll - elapsed=1301s log_stale=112s
[2026-09-12 17:17:22] run02 : poll - elapsed=1321s log_stale=132s
[2026-09-12 17:17:42] run02 : poll - elapsed=1341s log_stale=11s
[2026-09-12 17:18:02] run02 : poll - elapsed=1361s log_stale=31s
[2026-09-12 17:18:22] run02 : poll - elapsed=1381s log_stale=51s
[2026-09-12 17:18:42] run02 : poll - elapsed=1401s log_stale=71s
[2026-09-12 17:19:02] run02 : poll - elapsed=1421s log_stale=92s
[2026-09-12 17:19:22] run02 : poll - elapsed=1441s log_stale=112s
[2026-09-12 17:19:42] run02 : poll - elapsed=1461s log_stale=132s
[2026-09-12 17:20:02] run02 : poll - elapsed=1481s log_stale=12s
[2026-09-12 17:20:22] run02 : poll - elapsed=1501s log_stale=32s
[2026-09-12 17:20:42] run02 : poll - elapsed=1521s log_stale=52s
[2026-09-12 17:21:02] run02 : poll - elapsed=1541s log_stale=72s
[2026-09-12 17:21:22] run02 : poll - elapsed=1561s log_stale=92s
[2026-09-12 17:21:42] run02 : poll - elapsed=1581s log_stale=112s
[2026-09-12 17:22:02] run02 : poll - elapsed=1601s log_stale=132s
[2026-09-12 17:22:22] run02 : poll - elapsed=1621s log_stale=13s
[2026-09-12 17:22:42] run02 : poll - elapsed=1641s log_stale=33s
[2026-09-12 17:23:02] run02 : poll - elapsed=1661s log_stale=53s
[2026-09-12 17:23:22] run02 : poll - elapsed=1681s log_stale=73s
[2026-09-12 17:23:42] run02 : poll - elapsed=1702s log_stale=93s
[2026-09-12 17:24:02] run02 : poll - elapsed=1722s log_stale=113s
[2026-09-12 17:24:22] run02 : poll - elapsed=1742s log_stale=133s
[2026-09-12 17:24:42] run02 : poll - elapsed=1762s log_stale=13s
[2026-09-12 17:25:02] run02 : poll - elapsed=1782s log_stale=33s
[2026-09-12 17:25:22] run02 : poll - elapsed=1802s log_stale=53s
[2026-09-12 17:25:42] run02 : poll - elapsed=1822s log_stale=73s
[2026-09-12 17:26:02] run02 : poll - elapsed=1842s log_stale=93s
[2026-09-12 17:26:22] run02 : poll - elapsed=1862s log_stale=113s
[2026-09-12 17:26:42] run02 : poll - elapsed=1882s log_stale=133s
[2026-09-12 17:27:02] run02 : poll - elapsed=1902s log_stale=13s
[2026-09-12 17:27:22] run02 : poll - elapsed=1922s log_stale=33s
[2026-09-12 17:27:42] run02 : poll - elapsed=1942s log_stale=53s
[2026-09-12 17:28:02] run02 : poll - elapsed=1962s log_stale=73s
[2026-09-12 17:28:22] run02 : poll - elapsed=1982s log_stale=93s
[2026-09-12 17:28:42] run02 : poll - elapsed=2002s log_stale=113s
[2026-09-12 17:29:02] run02 : poll - elapsed=2022s log_stale=133s
[2026-09-12 17:29:22] run02 : poll - elapsed=2042s log_stale=12s
[2026-09-12 17:29:43] run02 : poll - elapsed=2062s log_stale=32s
[2026-09-12 17:30:03] run02 : poll - elapsed=2082s log_stale=52s
[2026-09-12 17:30:23] run02 : poll - elapsed=2102s log_stale=72s
[2026-09-12 17:30:43] run02 : poll - elapsed=2122s log_stale=92s
[2026-09-12 17:31:03] run02 : poll - elapsed=2142s log_stale=113s
[2026-09-12 17:31:23] run02 : poll - elapsed=2162s log_stale=133s
[2026-09-12 17:31:43] run02 : poll - elapsed=2182s log_stale=13s
[2026-09-12 17:32:03] run02 : poll - elapsed=2202s log_stale=33s
[2026-09-12 17:32:23] run02 : poll - elapsed=2222s log_stale=53s
[2026-09-12 17:32:43] run02 : poll - elapsed=2242s log_stale=73s
[2026-09-12 17:33:03] run02 : poll - elapsed=2262s log_stale=93s
[2026-09-12 17:33:23] run02 : poll - elapsed=2282s log_stale=113s
[2026-09-12 17:33:43] run02 : poll - elapsed=2302s log_stale=133s
[2026-09-12 17:34:03] run02 : poll - elapsed=2322s log_stale=12s
[2026-09-12 17:34:23] run02 : poll - elapsed=2342s log_stale=32s
[2026-09-12 17:34:43] run02 : poll - elapsed=2362s log_stale=52s
[2026-09-12 17:35:03] run02 : poll - elapsed=2382s log_stale=72s
[2026-09-12 17:35:23] run02 : poll - elapsed=2402s log_stale=92s
[2026-09-12 17:35:43] run02 : poll - elapsed=2422s log_stale=112s
[2026-09-12 17:36:03] run02 : poll - elapsed=2442s log_stale=132s
[2026-09-12 17:36:23] run02 : poll - elapsed=2462s log_stale=12s
[2026-09-12 17:36:43] run02 : poll - elapsed=2482s log_stale=32s
[2026-09-12 17:37:03] run02 : poll - elapsed=2502s log_stale=52s
[2026-09-12 17:37:23] run02 : poll - elapsed=2522s log_stale=72s
[2026-09-12 17:37:43] run02 : poll - elapsed=2542s log_stale=92s
[2026-09-12 17:38:03] run02 : poll - elapsed=2562s log_stale=112s
[2026-09-12 17:38:23] run02 : poll - elapsed=2582s log_stale=132s
[2026-09-12 17:38:43] run02 : poll - elapsed=2602s log_stale=12s
[2026-09-12 17:39:03] run02 : poll - elapsed=2622s log_stale=32s
[2026-09-12 17:39:23] run02 : poll - elapsed=2642s log_stale=52s
[2026-09-12 17:39:43] run02 : poll - elapsed=2662s log_stale=72s
[2026-09-12 17:40:03] run02 : poll - elapsed=2682s log_stale=92s
[2026-09-12 17:40:23] run02 : poll - elapsed=2702s log_stale=112s
[2026-09-12 17:40:43] run02 : poll - elapsed=2722s log_stale=132s
[2026-09-12 17:41:03] run02 : poll - elapsed=2742s log_stale=12s
[2026-09-12 17:41:23] run02 : poll - elapsed=2762s log_stale=32s
[2026-09-12 17:41:43] run02 : poll - elapsed=2782s log_stale=52s
[2026-09-12 17:42:03] run02 : poll - elapsed=2803s log_stale=72s
[2026-09-12 17:42:23] run02 : poll - elapsed=2823s log_stale=92s
[2026-09-12 17:42:43] run02 : poll - elapsed=2843s log_stale=112s
[2026-09-12 17:43:03] run02 : poll - elapsed=2863s log_stale=132s
[2026-09-12 17:43:23] run02 : poll - elapsed=2883s log_stale=12s
[2026-09-12 17:43:43] run02 : poll - elapsed=2903s log_stale=32s
[2026-09-12 17:44:03] run02 : poll - elapsed=2923s log_stale=52s
[2026-09-12 17:44:23] run02 : poll - elapsed=2943s log_stale=72s
[2026-09-12 17:44:43] run02 : poll - elapsed=2963s log_stale=92s
[2026-09-12 17:45:03] run02 : poll - elapsed=2983s log_stale=112s
[2026-09-12 17:45:23] run02 : poll - elapsed=3003s log_stale=132s
[2026-09-12 17:45:43] run02 : THANH CONG - D:\ResearchLab\02_Projects\02_Projects\MOSFOA paper 2\code\results\MOSFOA2_A_Np8_Maxit20_run02_FINAL.mat da xuat hien.
[2026-09-12 17:45:43] ----- Bat dau run03 (3/20) -----
[2026-09-12 17:45:47] run03 : launching MATLAB (attempt 1)
[2026-09-12 17:46:07] run03 : poll - elapsed=20s log_stale=9s
[2026-09-12 17:46:27] run03 : poll - elapsed=40s log_stale=15s
[2026-09-12 17:46:47] run03 : poll - elapsed=60s log_stale=35s
[2026-09-12 17:47:07] run03 : poll - elapsed=80s log_stale=55s
[2026-09-12 17:47:27] run03 : poll - elapsed=100s log_stale=75s
[2026-09-12 17:47:47] run03 : poll - elapsed=120s log_stale=95s
[2026-09-12 17:48:07] run03 : poll - elapsed=140s log_stale=115s
[2026-09-12 17:48:27] run03 : poll - elapsed=160s log_stale=135s
[2026-09-12 17:48:47] run03 : poll - elapsed=180s log_stale=155s
[2026-09-12 17:49:07] run03 : poll - elapsed=200s log_stale=175s
[2026-09-12 17:49:27] run03 : poll - elapsed=220s log_stale=14s
[2026-09-12 17:49:47] run03 : poll - elapsed=240s log_stale=34s
[2026-09-12 17:50:07] run03 : poll - elapsed=260s log_stale=54s
[2026-09-12 17:50:27] run03 : poll - elapsed=280s log_stale=74s
[2026-09-12 17:50:47] run03 : poll - elapsed=300s log_stale=94s
[2026-09-12 17:51:07] run03 : poll - elapsed=320s log_stale=114s
[2026-09-12 17:51:27] run03 : poll - elapsed=340s log_stale=134s
[2026-09-12 17:51:47] run03 : poll - elapsed=360s log_stale=14s
[2026-09-12 17:52:07] run03 : poll - elapsed=380s log_stale=34s
[2026-09-12 17:52:27] run03 : poll - elapsed=400s log_stale=54s
[2026-09-12 17:52:47] run03 : poll - elapsed=420s log_stale=74s
[2026-09-12 17:53:07] run03 : poll - elapsed=440s log_stale=94s
[2026-09-12 17:53:28] run03 : poll - elapsed=460s log_stale=114s
[2026-09-12 17:53:48] run03 : poll - elapsed=480s log_stale=134s
[2026-09-12 17:54:08] run03 : poll - elapsed=500s log_stale=13s
[2026-09-12 17:54:28] run03 : poll - elapsed=520s log_stale=33s
[2026-09-12 17:54:48] run03 : poll - elapsed=540s log_stale=53s
[2026-09-12 17:55:08] run03 : poll - elapsed=560s log_stale=73s
[2026-09-12 17:55:28] run03 : poll - elapsed=581s log_stale=93s
[2026-09-12 17:55:48] run03 : poll - elapsed=601s log_stale=113s
[2026-09-12 17:56:08] run03 : poll - elapsed=621s log_stale=133s
[2026-09-12 17:56:28] run03 : poll - elapsed=641s log_stale=12s
[2026-09-12 17:56:48] run03 : poll - elapsed=661s log_stale=32s
[2026-09-12 17:57:08] run03 : poll - elapsed=681s log_stale=52s
[2026-09-12 17:57:28] run03 : poll - elapsed=701s log_stale=72s
[2026-09-12 17:57:48] run03 : poll - elapsed=721s log_stale=92s
[2026-09-12 17:58:08] run03 : poll - elapsed=741s log_stale=112s
[2026-09-12 17:58:28] run03 : poll - elapsed=761s log_stale=132s
[2026-09-12 17:58:48] run03 : poll - elapsed=781s log_stale=11s
[2026-09-12 17:59:08] run03 : poll - elapsed=801s log_stale=31s
[2026-09-12 17:59:28] run03 : poll - elapsed=821s log_stale=51s
[2026-09-12 17:59:48] run03 : poll - elapsed=841s log_stale=71s
[2026-09-12 18:00:08] run03 : poll - elapsed=861s log_stale=92s
[2026-09-12 18:00:28] run03 : poll - elapsed=881s log_stale=112s
[2026-09-12 18:00:48] run03 : poll - elapsed=901s log_stale=132s
[2026-09-12 18:01:08] run03 : poll - elapsed=921s log_stale=12s
[2026-09-12 18:01:28] run03 : poll - elapsed=941s log_stale=32s
[2026-09-12 18:01:48] run03 : poll - elapsed=961s log_stale=52s
[2026-09-12 18:02:08] run03 : poll - elapsed=981s log_stale=72s
[2026-09-12 18:02:28] run03 : poll - elapsed=1001s log_stale=92s
[2026-09-12 18:02:48] run03 : poll - elapsed=1021s log_stale=112s
[2026-09-12 18:03:08] run03 : poll - elapsed=1041s log_stale=132s
[2026-09-12 18:03:28] run03 : poll - elapsed=1061s log_stale=12s
[2026-09-12 18:03:48] run03 : poll - elapsed=1081s log_stale=32s
[2026-09-12 18:04:08] run03 : poll - elapsed=1101s log_stale=52s
[2026-09-12 18:04:28] run03 : poll - elapsed=1121s log_stale=72s
[2026-09-12 18:04:48] run03 : poll - elapsed=1141s log_stale=92s
[2026-09-12 18:05:08] run03 : poll - elapsed=1161s log_stale=112s
[2026-09-12 18:05:28] run03 : poll - elapsed=1181s log_stale=132s
[2026-09-12 18:05:48] run03 : poll - elapsed=1201s log_stale=12s
[2026-09-12 18:06:08] run03 : poll - elapsed=1221s log_stale=32s
[2026-09-12 18:06:28] run03 : poll - elapsed=1241s log_stale=52s
[2026-09-12 18:06:48] run03 : poll - elapsed=1261s log_stale=72s
[2026-09-12 18:07:08] run03 : poll - elapsed=1281s log_stale=92s
[2026-09-12 18:07:28] run03 : poll - elapsed=1301s log_stale=112s
[2026-09-12 18:07:48] run03 : poll - elapsed=1321s log_stale=132s
[2026-09-12 18:08:08] run03 : poll - elapsed=1341s log_stale=11s
[2026-09-12 18:08:28] run03 : poll - elapsed=1361s log_stale=31s
[2026-09-12 18:08:48] run03 : poll - elapsed=1381s log_stale=51s
[2026-09-12 18:09:08] run03 : poll - elapsed=1401s log_stale=71s
[2026-09-12 18:09:28] run03 : poll - elapsed=1421s log_stale=91s
[2026-09-12 18:09:48] run03 : poll - elapsed=1441s log_stale=111s
[2026-09-12 18:10:08] run03 : poll - elapsed=1461s log_stale=131s
[2026-09-12 18:10:28] run03 : poll - elapsed=1481s log_stale=11s
[2026-09-12 18:10:48] run03 : poll - elapsed=1501s log_stale=31s
[2026-09-12 18:11:08] run03 : poll - elapsed=1521s log_stale=51s
[2026-09-12 18:11:28] run03 : poll - elapsed=1541s log_stale=71s
[2026-09-12 18:11:48] run03 : poll - elapsed=1561s log_stale=91s
[2026-09-12 18:12:08] run03 : poll - elapsed=1581s log_stale=111s
[2026-09-12 18:12:29] run03 : poll - elapsed=1601s log_stale=131s
[2026-09-12 18:12:49] run03 : poll - elapsed=1621s log_stale=10s
[2026-09-12 18:13:09] run03 : poll - elapsed=1642s log_stale=30s
[2026-09-12 18:13:29] run03 : poll - elapsed=1662s log_stale=50s
[2026-09-12 18:13:49] run03 : poll - elapsed=1682s log_stale=70s
[2026-09-12 18:14:09] run03 : poll - elapsed=1702s log_stale=90s
[2026-09-12 18:14:29] run03 : poll - elapsed=1722s log_stale=110s
[2026-09-12 18:14:49] run03 : poll - elapsed=1742s log_stale=130s
[2026-09-12 18:15:09] run03 : poll - elapsed=1762s log_stale=9s
[2026-09-12 18:15:29] run03 : poll - elapsed=1782s log_stale=29s
[2026-09-12 18:15:49] run03 : poll - elapsed=1802s log_stale=49s
[2026-09-12 18:16:09] run03 : poll - elapsed=1822s log_stale=69s
[2026-09-12 18:16:29] run03 : poll - elapsed=1842s log_stale=89s
[2026-09-12 18:16:49] run03 : poll - elapsed=1862s log_stale=109s
[2026-09-12 18:17:09] run03 : poll - elapsed=1882s log_stale=129s
[2026-09-12 18:17:29] run03 : poll - elapsed=1902s log_stale=8s
[2026-09-12 18:17:49] run03 : poll - elapsed=1922s log_stale=28s
[2026-09-12 18:18:09] run03 : poll - elapsed=1942s log_stale=48s
[2026-09-12 18:18:29] run03 : poll - elapsed=1962s log_stale=68s
[2026-09-12 18:18:49] run03 : poll - elapsed=1982s log_stale=88s
[2026-09-12 18:19:09] run03 : poll - elapsed=2002s log_stale=108s
[2026-09-12 18:19:29] run03 : poll - elapsed=2022s log_stale=128s
[2026-09-12 18:19:49] run03 : poll - elapsed=2042s log_stale=6s
[2026-09-12 18:20:09] run03 : poll - elapsed=2062s log_stale=26s
[2026-09-12 18:20:29] run03 : poll - elapsed=2082s log_stale=46s
[2026-09-12 18:20:49] run03 : poll - elapsed=2102s log_stale=66s
[2026-09-12 18:21:09] run03 : poll - elapsed=2122s log_stale=86s
[2026-09-12 18:21:29] run03 : poll - elapsed=2142s log_stale=106s
[2026-09-12 18:21:49] run03 : poll - elapsed=2162s log_stale=126s
[2026-09-12 18:22:09] run03 : poll - elapsed=2182s log_stale=6s
[2026-09-12 18:22:29] run03 : poll - elapsed=2202s log_stale=26s
[2026-09-12 18:22:49] run03 : poll - elapsed=2222s log_stale=46s
[2026-09-12 18:23:09] run03 : poll - elapsed=2242s log_stale=66s
[2026-09-12 18:23:29] run03 : poll - elapsed=2262s log_stale=86s
[2026-09-12 18:23:49] run03 : poll - elapsed=2282s log_stale=106s
[2026-09-12 18:24:09] run03 : poll - elapsed=2302s log_stale=126s
[2026-09-12 18:24:29] run03 : poll - elapsed=2322s log_stale=6s
[2026-09-12 18:24:49] run03 : poll - elapsed=2342s log_stale=26s
[2026-09-12 18:25:09] run03 : poll - elapsed=2362s log_stale=46s
[2026-09-12 18:25:29] run03 : poll - elapsed=2382s log_stale=66s
[2026-09-12 18:25:49] run03 : poll - elapsed=2402s log_stale=86s
[2026-09-12 18:26:09] run03 : poll - elapsed=2422s log_stale=106s
[2026-09-14 07:51:53] === watchdog_campaign start: Proj=A Nrun=20 Npop=8 Max_it=20 Num_work=8 ===
[2026-09-14 07:51:56] run01 : da co ket qua (D:\ResearchLab\02_Projects\02_Projects\MOSFOA paper 2\code\results\MOSFOA2_A_Np8_Maxit20_run01_FINAL.mat) - BO QUA.
[2026-09-14 07:51:56] run02 : da co ket qua (D:\ResearchLab\02_Projects\02_Projects\MOSFOA paper 2\code\results\MOSFOA2_A_Np8_Maxit20_run02_FINAL.mat) - BO QUA.
[2026-09-14 07:51:56] ----- Bat dau run03 (3/20) -----
[2026-09-14 07:52:00] run03 : launching MATLAB (attempt 1)
[2026-09-14 07:52:20] run03 : poll - elapsed=20s log_stale=19s
[2026-09-14 07:52:40] run03 : poll - elapsed=40s log_stale=1s
[2026-09-14 07:53:00] run03 : poll - elapsed=60s log_stale=9s
[2026-09-14 07:53:20] run03 : poll - elapsed=80s log_stale=13s
[2026-09-14 07:53:40] run03 : poll - elapsed=100s log_stale=33s
[2026-09-14 07:54:00] run03 : poll - elapsed=120s log_stale=53s
[2026-09-14 07:54:20] run03 : poll - elapsed=140s log_stale=20s
[2026-09-14 07:54:40] run03 : poll - elapsed=160s log_stale=40s
[2026-09-14 07:55:00] run03 : poll - elapsed=180s log_stale=60s
[2026-09-14 07:55:20] run03 : poll - elapsed=200s log_stale=80s
[2026-09-14 07:55:40] run03 : poll - elapsed=220s log_stale=100s
[2026-09-14 07:56:00] run03 : poll - elapsed=240s log_stale=120s
[2026-09-14 07:56:20] run03 : poll - elapsed=260s log_stale=140s
[2026-09-14 07:56:40] run03 : poll - elapsed=280s log_stale=11s
[2026-09-14 07:57:00] run03 : poll - elapsed=300s log_stale=31s
[2026-09-14 07:57:20] run03 : poll - elapsed=320s log_stale=51s
[2026-09-14 07:57:40] run03 : poll - elapsed=340s log_stale=71s
[2026-09-14 07:58:00] run03 : poll - elapsed=360s log_stale=91s
[2026-09-14 07:58:20] run03 : poll - elapsed=380s log_stale=111s
[2026-09-14 07:58:40] run03 : poll - elapsed=400s log_stale=131s
[2026-09-14 07:59:00] run03 : poll - elapsed=420s log_stale=13s
[2026-09-14 07:59:20] run03 : poll - elapsed=440s log_stale=33s
[2026-09-14 07:59:40] run03 : poll - elapsed=460s log_stale=53s
[2026-09-14 08:00:00] run03 : poll - elapsed=480s log_stale=73s
[2026-09-14 08:00:20] run03 : poll - elapsed=500s log_stale=93s
[2026-09-14 08:00:40] run03 : poll - elapsed=520s log_stale=113s
[2026-09-14 08:01:00] run03 : poll - elapsed=541s log_stale=133s
[2026-09-14 08:01:20] run03 : poll - elapsed=561s log_stale=13s
[2026-09-14 08:01:40] run03 : poll - elapsed=581s log_stale=33s
[2026-09-14 08:02:00] run03 : poll - elapsed=601s log_stale=53s
[2026-09-14 08:02:20] run03 : poll - elapsed=621s log_stale=73s
[2026-09-14 08:02:40] run03 : poll - elapsed=641s log_stale=93s
[2026-09-14 08:03:00] run03 : poll - elapsed=661s log_stale=113s
[2026-09-14 08:03:20] run03 : poll - elapsed=681s log_stale=133s
[2026-09-14 08:03:40] run03 : poll - elapsed=701s log_stale=6s
[2026-09-14 08:04:00] run03 : poll - elapsed=721s log_stale=26s
[2026-09-14 08:04:20] run03 : poll - elapsed=741s log_stale=46s
[2026-09-14 08:04:40] run03 : poll - elapsed=761s log_stale=66s
[2026-09-14 08:05:01] run03 : poll - elapsed=781s log_stale=86s
[2026-09-14 08:05:21] run03 : poll - elapsed=801s log_stale=106s
[2026-09-14 08:05:41] run03 : poll - elapsed=821s log_stale=126s
[2026-09-14 08:06:01] run03 : THANH CONG - D:\ResearchLab\02_Projects\02_Projects\MOSFOA paper 2\code\results\MOSFOA2_A_Np8_Maxit20_run03_FINAL.mat da xuat hien.
[2026-09-14 08:06:01] ----- Bat dau run04 (4/20) -----
[2026-09-14 08:06:04] run04 : launching MATLAB (attempt 1)
[2026-09-14 08:06:24] run04 : poll - elapsed=20s log_stale=9s
[2026-09-14 08:06:44] run04 : poll - elapsed=40s log_stale=15s
[2026-09-14 08:07:04] run04 : poll - elapsed=60s log_stale=35s
[2026-09-14 08:07:24] run04 : poll - elapsed=80s log_stale=55s
[2026-09-14 08:07:44] run04 : poll - elapsed=100s log_stale=75s
[2026-09-14 08:08:04] run04 : poll - elapsed=120s log_stale=95s
[2026-09-14 08:08:24] run04 : poll - elapsed=140s log_stale=115s
[2026-09-14 08:08:44] run04 : poll - elapsed=160s log_stale=135s
[2026-09-14 08:09:04] run04 : poll - elapsed=180s log_stale=155s
[2026-09-14 08:09:24] run04 : poll - elapsed=200s log_stale=175s
[2026-09-14 08:09:44] run04 : poll - elapsed=220s log_stale=12s
[2026-09-14 08:10:04] run04 : poll - elapsed=240s log_stale=32s
[2026-09-14 08:10:24] run04 : poll - elapsed=260s log_stale=52s
[2026-09-14 08:10:44] run04 : poll - elapsed=280s log_stale=72s
[2026-09-14 08:11:05] run04 : poll - elapsed=300s log_stale=92s
[2026-09-14 08:11:25] run04 : poll - elapsed=320s log_stale=112s
[2026-09-14 08:11:45] run04 : poll - elapsed=340s log_stale=132s
[2026-09-14 08:12:05] run04 : poll - elapsed=360s log_stale=13s
[2026-09-14 08:12:25] run04 : poll - elapsed=380s log_stale=33s
[2026-09-14 08:12:45] run04 : poll - elapsed=400s log_stale=53s
[2026-09-14 08:13:05] run04 : poll - elapsed=420s log_stale=73s
[2026-09-14 08:13:25] run04 : poll - elapsed=440s log_stale=93s
[2026-09-14 08:13:45] run04 : poll - elapsed=460s log_stale=113s
[2026-09-14 08:14:05] run04 : poll - elapsed=480s log_stale=133s
[2026-09-14 08:14:25] run04 : poll - elapsed=500s log_stale=13s
[2026-09-14 08:14:45] run04 : poll - elapsed=520s log_stale=33s
[2026-09-14 08:15:05] run04 : poll - elapsed=540s log_stale=53s
[2026-09-14 08:15:25] run04 : poll - elapsed=560s log_stale=73s
[2026-09-14 08:15:45] run04 : poll - elapsed=581s log_stale=93s
[2026-09-14 08:16:05] run04 : poll - elapsed=601s log_stale=113s
[2026-09-14 08:16:25] run04 : poll - elapsed=621s log_stale=133s
[2026-09-14 08:16:45] run04 : poll - elapsed=641s log_stale=14s
[2026-09-14 08:17:05] run04 : poll - elapsed=661s log_stale=34s
[2026-09-14 08:17:25] run04 : poll - elapsed=681s log_stale=54s
[2026-09-14 08:17:45] run04 : poll - elapsed=701s log_stale=74s
[2026-09-14 08:18:05] run04 : poll - elapsed=721s log_stale=94s
[2026-09-14 08:18:25] run04 : poll - elapsed=741s log_stale=114s
[2026-09-14 08:18:45] run04 : poll - elapsed=761s log_stale=134s
[2026-09-14 08:19:05] run04 : poll - elapsed=781s log_stale=15s
[2026-09-14 08:19:25] run04 : poll - elapsed=801s log_stale=35s
[2026-09-14 08:19:45] run04 : poll - elapsed=821s log_stale=55s
[2026-09-14 08:20:05] run04 : poll - elapsed=841s log_stale=75s
[2026-09-14 08:20:25] run04 : poll - elapsed=861s log_stale=95s
[2026-09-14 08:20:45] run04 : poll - elapsed=881s log_stale=115s
[2026-09-14 08:21:05] run04 : poll - elapsed=901s log_stale=135s
[2026-09-14 08:21:25] run04 : poll - elapsed=921s log_stale=16s
[2026-09-14 08:21:45] run04 : poll - elapsed=941s log_stale=36s
[2026-09-14 08:22:05] run04 : poll - elapsed=961s log_stale=56s
[2026-09-14 08:22:25] run04 : poll - elapsed=981s log_stale=76s
[2026-09-14 08:22:45] run04 : poll - elapsed=1001s log_stale=96s
[2026-09-14 08:23:05] run04 : poll - elapsed=1021s log_stale=116s
[2026-09-14 08:23:25] run04 : poll - elapsed=1041s log_stale=136s
[2026-09-14 08:23:45] run04 : poll - elapsed=1061s log_stale=18s
[2026-09-14 08:24:05] run04 : poll - elapsed=1081s log_stale=38s
[2026-09-14 08:24:25] run04 : poll - elapsed=1101s log_stale=58s
[2026-09-14 08:24:45] run04 : poll - elapsed=1121s log_stale=78s
[2026-09-14 08:25:05] run04 : poll - elapsed=1141s log_stale=98s
[2026-09-14 08:25:25] run04 : poll - elapsed=1161s log_stale=118s
[2026-09-14 08:25:45] run04 : poll - elapsed=1181s log_stale=138s
[2026-09-14 08:26:05] run04 : poll - elapsed=1201s log_stale=18s
[2026-09-14 08:26:25] run04 : poll - elapsed=1221s log_stale=38s
[2026-09-14 08:26:45] run04 : poll - elapsed=1241s log_stale=58s
[2026-09-14 08:27:05] run04 : poll - elapsed=1261s log_stale=78s
[2026-09-14 08:27:25] run04 : poll - elapsed=1281s log_stale=98s
[2026-09-14 08:27:45] run04 : poll - elapsed=1301s log_stale=118s
[2026-09-14 08:28:05] run04 : poll - elapsed=1321s log_stale=138s
[2026-09-14 08:28:25] run04 : poll - elapsed=1341s log_stale=20s
[2026-09-14 08:28:45] run04 : poll - elapsed=1361s log_stale=40s
[2026-09-14 08:29:05] run04 : poll - elapsed=1381s log_stale=60s
[2026-09-14 08:29:25] run04 : poll - elapsed=1401s log_stale=80s
[2026-09-14 08:29:46] run04 : poll - elapsed=1421s log_stale=100s
[2026-09-14 08:30:06] run04 : poll - elapsed=1441s log_stale=120s
[2026-09-14 08:30:26] run04 : poll - elapsed=1461s log_stale=0s
[2026-09-14 08:30:46] run04 : poll - elapsed=1481s log_stale=21s
[2026-09-14 08:31:06] run04 : poll - elapsed=1501s log_stale=41s
[2026-09-14 08:31:26] run04 : poll - elapsed=1521s log_stale=61s
[2026-09-14 08:31:46] run04 : poll - elapsed=1541s log_stale=81s
[2026-09-14 08:32:06] run04 : poll - elapsed=1561s log_stale=101s
[2026-09-14 08:32:26] run04 : poll - elapsed=1581s log_stale=121s
[2026-09-14 08:32:46] run04 : poll - elapsed=1601s log_stale=2s
[2026-09-14 08:33:06] run04 : poll - elapsed=1621s log_stale=22s
[2026-09-14 08:33:26] run04 : poll - elapsed=1641s log_stale=42s
[2026-09-14 08:33:46] run04 : poll - elapsed=1662s log_stale=62s
[2026-09-14 08:34:06] run04 : poll - elapsed=1682s log_stale=82s
[2026-09-14 08:34:26] run04 : poll - elapsed=1702s log_stale=102s
[2026-09-14 08:34:46] run04 : poll - elapsed=1722s log_stale=122s
[2026-09-14 08:35:06] run04 : poll - elapsed=1742s log_stale=4s
[2026-09-14 08:35:26] run04 : poll - elapsed=1762s log_stale=24s
[2026-09-14 08:35:46] run04 : poll - elapsed=1782s log_stale=44s
[2026-09-14 08:36:06] run04 : poll - elapsed=1802s log_stale=64s
[2026-09-14 08:36:26] run04 : poll - elapsed=1822s log_stale=84s
[2026-09-14 08:36:46] run04 : poll - elapsed=1842s log_stale=104s
[2026-09-14 08:37:06] run04 : poll - elapsed=1862s log_stale=124s
[2026-09-14 08:37:26] run04 : poll - elapsed=1882s log_stale=6s
[2026-09-14 08:37:46] run04 : poll - elapsed=1902s log_stale=26s
[2026-09-14 08:38:06] run04 : poll - elapsed=1922s log_stale=46s
[2026-09-14 08:38:26] run04 : poll - elapsed=1942s log_stale=66s
[2026-09-14 08:38:46] run04 : poll - elapsed=1962s log_stale=86s
[2026-09-14 08:39:06] run04 : poll - elapsed=1982s log_stale=106s
[2026-09-14 08:39:26] run04 : poll - elapsed=2002s log_stale=126s
[2026-09-14 08:39:46] run04 : poll - elapsed=2022s log_stale=7s
[2026-09-14 08:40:06] run04 : poll - elapsed=2042s log_stale=27s
[2026-09-14 08:40:26] run04 : poll - elapsed=2062s log_stale=47s
[2026-09-14 08:40:46] run04 : poll - elapsed=2082s log_stale=67s
[2026-09-14 08:41:06] run04 : poll - elapsed=2102s log_stale=87s
[2026-09-14 08:41:26] run04 : poll - elapsed=2122s log_stale=107s
[2026-09-14 08:41:46] run04 : poll - elapsed=2142s log_stale=127s
[2026-09-14 08:42:06] run04 : poll - elapsed=2162s log_stale=9s
[2026-09-14 08:42:26] run04 : poll - elapsed=2182s log_stale=29s
[2026-09-14 08:42:46] run04 : poll - elapsed=2202s log_stale=49s
[2026-09-14 08:43:06] run04 : poll - elapsed=2222s log_stale=70s
[2026-09-14 08:43:26] run04 : poll - elapsed=2242s log_stale=90s
[2026-09-14 08:43:46] run04 : poll - elapsed=2262s log_stale=110s
[2026-09-14 08:44:06] run04 : poll - elapsed=2282s log_stale=130s
[2026-09-14 08:44:26] run04 : poll - elapsed=2302s log_stale=13s
[2026-09-14 08:44:46] run04 : poll - elapsed=2322s log_stale=33s
[2026-09-14 08:45:06] run04 : poll - elapsed=2342s log_stale=53s
[2026-09-14 08:45:26] run04 : poll - elapsed=2362s log_stale=73s
[2026-09-14 08:45:46] run04 : poll - elapsed=2382s log_stale=93s
[2026-09-14 08:46:06] run04 : poll - elapsed=2402s log_stale=113s
[2026-09-14 08:46:26] run04 : poll - elapsed=2422s log_stale=133s
[2026-09-14 08:46:46] run04 : poll - elapsed=2442s log_stale=14s
[2026-09-14 08:47:06] run04 : poll - elapsed=2462s log_stale=34s
[2026-09-14 08:47:26] run04 : poll - elapsed=2482s log_stale=54s
[2026-09-14 08:47:47] run04 : poll - elapsed=2502s log_stale=74s
[2026-09-14 08:48:07] run04 : poll - elapsed=2522s log_stale=94s
[2026-09-14 08:48:27] run04 : poll - elapsed=2542s log_stale=114s
[2026-09-14 08:48:47] run04 : poll - elapsed=2562s log_stale=134s
[2026-09-14 08:49:07] run04 : poll - elapsed=2582s log_stale=15s
[2026-09-14 08:49:27] run04 : poll - elapsed=2602s log_stale=35s
[2026-09-14 08:49:47] run04 : poll - elapsed=2622s log_stale=55s
[2026-09-14 08:50:07] run04 : poll - elapsed=2642s log_stale=75s
[2026-09-14 08:50:27] run04 : poll - elapsed=2662s log_stale=95s
[2026-09-14 08:50:47] run04 : poll - elapsed=2682s log_stale=115s
[2026-09-14 08:51:07] run04 : poll - elapsed=2702s log_stale=135s
[2026-09-14 08:51:27] run04 : poll - elapsed=2722s log_stale=16s
[2026-09-14 08:51:47] run04 : poll - elapsed=2742s log_stale=36s
[2026-09-14 08:52:07] run04 : poll - elapsed=2763s log_stale=56s
[2026-09-14 08:52:27] run04 : poll - elapsed=2783s log_stale=76s
[2026-09-14 08:52:47] run04 : poll - elapsed=2803s log_stale=96s
[2026-09-14 08:53:07] run04 : poll - elapsed=2823s log_stale=116s
[2026-09-14 08:53:27] run04 : poll - elapsed=2843s log_stale=136s
[2026-09-14 08:53:47] run04 : poll - elapsed=2863s log_stale=18s
[2026-09-14 08:54:07] run04 : poll - elapsed=2883s log_stale=38s
[2026-09-14 08:54:27] run04 : poll - elapsed=2903s log_stale=58s
[2026-09-14 08:54:47] run04 : poll - elapsed=2923s log_stale=78s
[2026-09-14 08:55:07] run04 : poll - elapsed=2943s log_stale=98s
[2026-09-14 08:55:27] run04 : poll - elapsed=2963s log_stale=118s
[2026-09-14 08:55:47] run04 : THANH CONG - D:\ResearchLab\02_Projects\02_Projects\MOSFOA paper 2\code\results\MOSFOA2_A_Np8_Maxit20_run04_FINAL.mat da xuat hien.
[2026-09-14 08:55:47] ----- Bat dau run05 (5/20) -----
[2026-09-14 08:55:51] run05 : launching MATLAB (attempt 1)
[2026-09-14 08:56:11] run05 : poll - elapsed=20s log_stale=9s
[2026-09-14 08:56:31] run05 : poll - elapsed=40s log_stale=16s
[2026-09-14 08:56:51] run05 : poll - elapsed=60s log_stale=36s
[2026-09-14 08:57:11] run05 : poll - elapsed=80s log_stale=56s
[2026-09-14 08:57:31] run05 : poll - elapsed=100s log_stale=76s
[2026-09-14 08:57:51] run05 : poll - elapsed=120s log_stale=96s
[2026-09-14 08:58:11] run05 : poll - elapsed=140s log_stale=116s
[2026-09-14 08:58:31] run05 : poll - elapsed=160s log_stale=136s
[2026-09-14 08:58:51] run05 : poll - elapsed=180s log_stale=156s
[2026-09-14 08:59:11] run05 : poll - elapsed=200s log_stale=176s
[2026-09-14 08:59:31] run05 : poll - elapsed=220s log_stale=12s
[2026-09-14 08:59:51] run05 : poll - elapsed=240s log_stale=32s
[2026-09-14 09:00:11] run05 : poll - elapsed=260s log_stale=52s
[2026-09-14 09:00:31] run05 : poll - elapsed=280s log_stale=72s
[2026-09-14 09:00:51] run05 : poll - elapsed=300s log_stale=92s
[2026-09-14 09:01:11] run05 : poll - elapsed=320s log_stale=112s
[2026-09-14 09:01:31] run05 : poll - elapsed=340s log_stale=132s
[2026-09-14 09:01:51] run05 : poll - elapsed=360s log_stale=15s
[2026-09-14 09:02:11] run05 : poll - elapsed=380s log_stale=35s
[2026-09-14 09:02:31] run05 : poll - elapsed=400s log_stale=55s
[2026-09-14 09:02:51] run05 : poll - elapsed=420s log_stale=75s
[2026-09-14 09:03:11] run05 : poll - elapsed=440s log_stale=95s
[2026-09-14 09:03:31] run05 : poll - elapsed=460s log_stale=115s
[2026-09-14 09:03:51] run05 : poll - elapsed=480s log_stale=135s
[2026-09-14 09:04:11] run05 : poll - elapsed=500s log_stale=17s
[2026-09-14 09:04:31] run05 : poll - elapsed=520s log_stale=37s
[2026-09-14 09:04:51] run05 : poll - elapsed=540s log_stale=57s
[2026-09-14 09:05:11] run05 : poll - elapsed=560s log_stale=77s
[2026-09-14 09:05:31] run05 : poll - elapsed=581s log_stale=97s
[2026-09-14 09:05:51] run05 : poll - elapsed=601s log_stale=117s
[2026-09-14 09:06:11] run05 : poll - elapsed=621s log_stale=137s
[2026-09-14 09:06:31] run05 : poll - elapsed=641s log_stale=18s
[2026-09-14 09:06:51] run05 : poll - elapsed=661s log_stale=38s
[2026-09-14 09:07:11] run05 : poll - elapsed=681s log_stale=58s
[2026-09-14 09:07:31] run05 : poll - elapsed=701s log_stale=78s
[2026-09-14 09:07:51] run05 : poll - elapsed=721s log_stale=98s
[2026-09-14 09:08:11] run05 : poll - elapsed=741s log_stale=118s
[2026-09-14 09:08:31] run05 : poll - elapsed=761s log_stale=138s
[2026-09-14 09:08:51] run05 : poll - elapsed=781s log_stale=19s
[2026-09-14 09:09:11] run05 : poll - elapsed=801s log_stale=39s
[2026-09-14 09:09:31] run05 : poll - elapsed=821s log_stale=59s
[2026-09-14 09:09:51] run05 : poll - elapsed=841s log_stale=79s
[2026-09-14 09:10:12] run05 : poll - elapsed=861s log_stale=99s
[2026-09-14 09:10:32] run05 : poll - elapsed=881s log_stale=119s
[2026-09-14 09:10:52] run05 : poll - elapsed=901s log_stale=1s
[2026-09-14 09:11:12] run05 : poll - elapsed=921s log_stale=21s
[2026-09-14 09:11:32] run05 : poll - elapsed=941s log_stale=41s
[2026-09-14 09:11:52] run05 : poll - elapsed=961s log_stale=61s
[2026-09-14 09:12:12] run05 : poll - elapsed=981s log_stale=81s
[2026-09-14 09:12:32] run05 : poll - elapsed=1001s log_stale=101s
[2026-09-14 09:12:52] run05 : poll - elapsed=1021s log_stale=121s
[2026-09-14 09:13:12] run05 : poll - elapsed=1041s log_stale=2s
[2026-09-14 09:13:32] run05 : poll - elapsed=1061s log_stale=22s
[2026-09-14 09:13:52] run05 : poll - elapsed=1081s log_stale=42s
[2026-09-14 09:14:12] run05 : poll - elapsed=1101s log_stale=62s
[2026-09-14 09:14:32] run05 : poll - elapsed=1121s log_stale=82s
[2026-09-14 09:14:52] run05 : poll - elapsed=1141s log_stale=102s
[2026-09-14 09:15:12] run05 : poll - elapsed=1161s log_stale=123s
[2026-09-14 09:15:32] run05 : poll - elapsed=1181s log_stale=3s
[2026-09-14 09:15:52] run05 : poll - elapsed=1201s log_stale=23s
[2026-09-14 09:16:12] run05 : poll - elapsed=1221s log_stale=43s
[2026-09-14 09:16:32] run05 : poll - elapsed=1241s log_stale=63s
[2026-09-14 09:16:52] run05 : poll - elapsed=1261s log_stale=83s
[2026-09-14 09:17:12] run05 : poll - elapsed=1281s log_stale=103s
[2026-09-14 09:17:32] run05 : poll - elapsed=1301s log_stale=123s
[2026-09-14 09:17:52] run05 : poll - elapsed=1321s log_stale=5s
[2026-09-14 09:18:12] run05 : poll - elapsed=1341s log_stale=25s
[2026-09-14 09:18:32] run05 : poll - elapsed=1361s log_stale=45s
[2026-09-14 09:18:52] run05 : poll - elapsed=1381s log_stale=65s
[2026-09-14 09:19:12] run05 : poll - elapsed=1401s log_stale=85s
[2026-09-14 09:19:32] run05 : poll - elapsed=1421s log_stale=105s
[2026-09-14 09:19:52] run05 : poll - elapsed=1441s log_stale=125s
[2026-09-14 09:20:12] run05 : poll - elapsed=1461s log_stale=6s
[2026-09-14 09:20:32] run05 : poll - elapsed=1481s log_stale=26s
[2026-09-14 09:20:52] run05 : poll - elapsed=1501s log_stale=46s
[2026-09-14 09:21:12] run05 : poll - elapsed=1521s log_stale=66s
[2026-09-14 09:21:32] run05 : poll - elapsed=1541s log_stale=86s
[2026-09-14 09:21:52] run05 : poll - elapsed=1561s log_stale=106s
[2026-09-14 09:22:12] run05 : poll - elapsed=1581s log_stale=126s
[2026-09-14 09:22:32] run05 : poll - elapsed=1601s log_stale=9s
[2026-09-14 09:22:52] run05 : poll - elapsed=1621s log_stale=29s
[2026-09-14 09:23:12] run05 : poll - elapsed=1641s log_stale=49s
[2026-09-14 09:23:32] run05 : poll - elapsed=1662s log_stale=69s
[2026-09-14 09:23:52] run05 : poll - elapsed=1682s log_stale=89s
[2026-09-14 09:24:12] run05 : poll - elapsed=1702s log_stale=109s
[2026-09-14 09:24:32] run05 : poll - elapsed=1722s log_stale=129s
[2026-09-14 09:24:52] run05 : poll - elapsed=1742s log_stale=11s
[2026-09-14 09:25:12] run05 : poll - elapsed=1762s log_stale=31s
[2026-09-14 09:25:32] run05 : poll - elapsed=1782s log_stale=51s
[2026-09-14 09:25:52] run05 : poll - elapsed=1802s log_stale=71s
[2026-09-14 09:26:12] run05 : poll - elapsed=1822s log_stale=91s
[2026-09-14 09:26:32] run05 : poll - elapsed=1842s log_stale=111s
[2026-09-14 09:26:52] run05 : poll - elapsed=1862s log_stale=131s
[2026-09-14 09:27:12] run05 : poll - elapsed=1882s log_stale=12s
[2026-09-14 09:27:32] run05 : poll - elapsed=1902s log_stale=32s
[2026-09-14 09:27:52] run05 : poll - elapsed=1922s log_stale=52s
[2026-09-14 09:28:12] run05 : poll - elapsed=1942s log_stale=72s
[2026-09-14 09:28:32] run05 : poll - elapsed=1962s log_stale=92s
[2026-09-14 09:28:53] run05 : poll - elapsed=1982s log_stale=112s
[2026-09-14 09:29:13] run05 : poll - elapsed=2002s log_stale=132s
[2026-09-14 09:29:33] run05 : poll - elapsed=2022s log_stale=14s
[2026-09-14 09:29:53] run05 : poll - elapsed=2042s log_stale=34s
[2026-09-14 09:30:13] run05 : poll - elapsed=2062s log_stale=54s
[2026-09-14 09:30:33] run05 : poll - elapsed=2082s log_stale=74s
[2026-09-14 09:30:53] run05 : poll - elapsed=2102s log_stale=94s
[2026-09-14 09:31:13] run05 : poll - elapsed=2122s log_stale=114s
[2026-09-14 09:31:33] run05 : poll - elapsed=2142s log_stale=134s
[2026-09-14 09:31:53] run05 : poll - elapsed=2162s log_stale=17s
[2026-09-14 09:32:13] run05 : poll - elapsed=2182s log_stale=37s
[2026-09-14 09:32:33] run05 : poll - elapsed=2202s log_stale=57s
[2026-09-14 09:32:53] run05 : poll - elapsed=2222s log_stale=77s
[2026-09-14 09:33:13] run05 : poll - elapsed=2242s log_stale=97s
[2026-09-14 09:33:33] run05 : poll - elapsed=2262s log_stale=117s
[2026-09-14 09:33:53] run05 : poll - elapsed=2282s log_stale=137s
[2026-09-14 09:34:13] run05 : poll - elapsed=2302s log_stale=19s
[2026-09-14 09:34:33] run05 : poll - elapsed=2322s log_stale=39s
[2026-09-14 09:34:53] run05 : poll - elapsed=2342s log_stale=59s
[2026-09-14 09:35:13] run05 : poll - elapsed=2362s log_stale=79s
[2026-09-14 09:35:33] run05 : poll - elapsed=2382s log_stale=99s
[2026-09-14 09:35:53] run05 : poll - elapsed=2402s log_stale=119s
[2026-09-14 09:36:13] run05 : poll - elapsed=2422s log_stale=1s
[2026-09-14 09:36:33] run05 : poll - elapsed=2442s log_stale=21s
[2026-09-14 09:36:53] run05 : poll - elapsed=2462s log_stale=41s
[2026-09-14 09:37:13] run05 : poll - elapsed=2482s log_stale=61s
[2026-09-14 09:37:33] run05 : poll - elapsed=2502s log_stale=81s
[2026-09-14 09:37:53] run05 : poll - elapsed=2522s log_stale=101s
[2026-09-14 09:38:13] run05 : poll - elapsed=2542s log_stale=121s
[2026-09-14 09:38:33] run05 : poll - elapsed=2562s log_stale=141s
[2026-09-14 09:38:53] run05 : poll - elapsed=2582s log_stale=18s
[2026-09-14 09:39:13] run05 : poll - elapsed=2602s log_stale=38s
[2026-09-14 09:39:33] run05 : poll - elapsed=2622s log_stale=58s
[2026-09-14 09:39:53] run05 : poll - elapsed=2642s log_stale=78s
[2026-09-14 09:40:13] run05 : poll - elapsed=2662s log_stale=98s
[2026-09-14 09:40:33] run05 : poll - elapsed=2682s log_stale=118s
[2026-09-14 09:40:53] run05 : poll - elapsed=2702s log_stale=0s
[2026-09-14 09:41:13] run05 : poll - elapsed=2722s log_stale=20s
[2026-09-14 09:41:33] run05 : poll - elapsed=2742s log_stale=40s
[2026-09-14 09:41:53] run05 : poll - elapsed=2763s log_stale=60s
[2026-09-14 09:42:13] run05 : poll - elapsed=2783s log_stale=80s
[2026-09-14 09:42:33] run05 : poll - elapsed=2803s log_stale=100s
[2026-09-14 09:42:53] run05 : poll - elapsed=2823s log_stale=120s
[2026-09-14 09:43:13] run05 : poll - elapsed=2843s log_stale=140s
[2026-09-14 09:43:33] run05 : poll - elapsed=2863s log_stale=17s
[2026-09-14 09:43:53] run05 : poll - elapsed=2883s log_stale=37s
[2026-09-14 09:44:13] run05 : poll - elapsed=2903s log_stale=57s
[2026-09-14 09:44:33] run05 : poll - elapsed=2923s log_stale=77s
[2026-09-14 09:44:53] run05 : poll - elapsed=2943s log_stale=97s
[2026-09-14 09:45:13] run05 : poll - elapsed=2963s log_stale=117s
[2026-09-14 09:45:33] run05 : poll - elapsed=2983s log_stale=137s
[2026-09-14 09:45:53] run05 : THANH CONG - D:\ResearchLab\02_Projects\02_Projects\MOSFOA paper 2\code\results\MOSFOA2_A_Np8_Maxit20_run05_FINAL.mat da xuat hien.
[2026-09-14 09:45:53] ----- Bat dau run06 (6/20) -----
[2026-09-14 09:45:57] run06 : launching MATLAB (attempt 1)
[2026-09-14 09:46:17] run06 : poll - elapsed=20s log_stale=8s
[2026-09-14 09:46:37] run06 : poll - elapsed=40s log_stale=12s
[2026-09-14 09:46:57] run06 : poll - elapsed=60s log_stale=32s
[2026-09-14 09:47:17] run06 : poll - elapsed=80s log_stale=52s
[2026-09-14 09:47:37] run06 : poll - elapsed=100s log_stale=72s
[2026-09-14 09:47:57] run06 : poll - elapsed=120s log_stale=92s
[2026-09-14 09:48:17] run06 : poll - elapsed=140s log_stale=112s
[2026-09-14 09:48:37] run06 : poll - elapsed=160s log_stale=132s
[2026-09-14 09:48:57] run06 : poll - elapsed=180s log_stale=152s
[2026-09-14 09:49:17] run06 : poll - elapsed=200s log_stale=172s
[2026-09-14 09:49:37] run06 : poll - elapsed=220s log_stale=2s
[2026-09-14 09:49:57] run06 : poll - elapsed=240s log_stale=22s
[2026-09-14 09:50:18] run06 : poll - elapsed=260s log_stale=42s
[2026-09-14 09:50:38] run06 : poll - elapsed=280s log_stale=62s
[2026-09-14 09:50:58] run06 : poll - elapsed=300s log_stale=82s
[2026-09-14 09:51:18] run06 : poll - elapsed=320s log_stale=102s
[2026-09-14 09:51:38] run06 : poll - elapsed=340s log_stale=122s
[2026-09-14 09:51:58] run06 : poll - elapsed=360s log_stale=3s
[2026-09-14 09:52:18] run06 : poll - elapsed=380s log_stale=23s
[2026-09-14 09:52:38] run06 : poll - elapsed=400s log_stale=43s
[2026-09-14 09:52:58] run06 : poll - elapsed=420s log_stale=63s
[2026-09-14 09:53:18] run06 : poll - elapsed=440s log_stale=83s
[2026-09-14 09:53:38] run06 : poll - elapsed=460s log_stale=103s
[2026-09-14 09:53:58] run06 : poll - elapsed=480s log_stale=123s
[2026-09-14 09:54:18] run06 : poll - elapsed=500s log_stale=3s
[2026-09-14 09:54:38] run06 : poll - elapsed=520s log_stale=23s
[2026-09-14 09:54:58] run06 : poll - elapsed=540s log_stale=43s
[2026-09-14 09:55:18] run06 : poll - elapsed=560s log_stale=63s
[2026-09-14 09:55:38] run06 : poll - elapsed=581s log_stale=83s
[2026-09-14 09:55:58] run06 : poll - elapsed=601s log_stale=103s
[2026-09-14 09:56:18] run06 : poll - elapsed=621s log_stale=123s
[2026-09-14 09:56:38] run06 : poll - elapsed=641s log_stale=3s
[2026-09-14 09:56:58] run06 : poll - elapsed=661s log_stale=23s
[2026-09-14 09:57:18] run06 : poll - elapsed=681s log_stale=43s
[2026-09-14 09:57:38] run06 : poll - elapsed=701s log_stale=63s
[2026-09-14 09:57:58] run06 : poll - elapsed=721s log_stale=83s
[2026-09-14 09:58:18] run06 : poll - elapsed=741s log_stale=103s
[2026-09-14 09:58:38] run06 : poll - elapsed=761s log_stale=123s
[2026-09-14 09:58:58] run06 : poll - elapsed=781s log_stale=3s
[2026-09-14 09:59:18] run06 : poll - elapsed=801s log_stale=23s
[2026-09-14 09:59:38] run06 : poll - elapsed=821s log_stale=43s
[2026-09-14 09:59:58] run06 : poll - elapsed=841s log_stale=63s
[2026-09-14 10:00:18] run06 : poll - elapsed=861s log_stale=83s
[2026-09-14 10:00:38] run06 : poll - elapsed=881s log_stale=103s
[2026-09-14 10:00:58] run06 : poll - elapsed=901s log_stale=123s
[2026-09-14 10:01:18] run06 : poll - elapsed=921s log_stale=3s
[2026-09-14 10:01:38] run06 : poll - elapsed=941s log_stale=23s
[2026-09-14 10:01:58] run06 : poll - elapsed=961s log_stale=43s
[2026-09-14 10:02:18] run06 : poll - elapsed=981s log_stale=63s
[2026-09-14 10:02:38] run06 : poll - elapsed=1001s log_stale=83s
[2026-09-14 10:02:58] run06 : poll - elapsed=1021s log_stale=103s
[2026-09-14 10:03:18] run06 : poll - elapsed=1041s log_stale=123s
[2026-09-14 10:03:38] run06 : poll - elapsed=1061s log_stale=4s
[2026-09-14 10:03:58] run06 : poll - elapsed=1081s log_stale=24s
[2026-09-14 10:04:18] run06 : poll - elapsed=1101s log_stale=44s
[2026-09-14 10:04:38] run06 : poll - elapsed=1121s log_stale=64s
[2026-09-14 10:04:58] run06 : poll - elapsed=1141s log_stale=84s
[2026-09-14 10:05:18] run06 : poll - elapsed=1161s log_stale=104s
[2026-09-14 10:05:38] run06 : poll - elapsed=1181s log_stale=124s
[2026-09-14 10:05:58] run06 : poll - elapsed=1201s log_stale=5s
[2026-09-14 10:06:18] run06 : poll - elapsed=1221s log_stale=25s
[2026-09-14 10:06:38] run06 : poll - elapsed=1241s log_stale=45s
[2026-09-14 10:06:58] run06 : poll - elapsed=1261s log_stale=65s
[2026-09-14 10:07:18] run06 : poll - elapsed=1281s log_stale=85s
[2026-09-14 10:07:38] run06 : poll - elapsed=1301s log_stale=105s
[2026-09-14 10:07:59] run06 : poll - elapsed=1321s log_stale=125s
[2026-09-14 10:08:19] run06 : poll - elapsed=1341s log_stale=5s
[2026-09-14 10:08:39] run06 : poll - elapsed=1361s log_stale=25s
[2026-09-14 10:08:59] run06 : poll - elapsed=1381s log_stale=45s
[2026-09-14 10:09:19] run06 : poll - elapsed=1401s log_stale=65s
[2026-09-14 10:09:39] run06 : poll - elapsed=1421s log_stale=85s
[2026-09-14 10:09:59] run06 : poll - elapsed=1441s log_stale=105s
[2026-09-14 10:10:19] run06 : poll - elapsed=1461s log_stale=125s
[2026-09-14 10:10:39] run06 : poll - elapsed=1481s log_stale=6s
[2026-09-14 10:10:59] run06 : poll - elapsed=1501s log_stale=26s
[2026-09-14 10:11:19] run06 : poll - elapsed=1521s log_stale=46s
[2026-09-14 10:11:39] run06 : poll - elapsed=1541s log_stale=66s
[2026-09-14 10:11:59] run06 : poll - elapsed=1561s log_stale=86s
[2026-09-14 10:12:19] run06 : poll - elapsed=1581s log_stale=106s
[2026-09-14 10:12:39] run06 : poll - elapsed=1601s log_stale=126s
[2026-09-14 10:12:59] run06 : poll - elapsed=1622s log_stale=7s
[2026-09-14 10:13:19] run06 : poll - elapsed=1642s log_stale=27s
[2026-09-14 10:13:39] run06 : poll - elapsed=1662s log_stale=47s
[2026-09-14 10:13:59] run06 : poll - elapsed=1682s log_stale=67s
[2026-09-14 10:14:19] run06 : poll - elapsed=1702s log_stale=87s
[2026-09-14 10:14:39] run06 : poll - elapsed=1722s log_stale=107s
[2026-09-14 10:14:59] run06 : poll - elapsed=1742s log_stale=127s
[2026-09-14 10:15:19] run06 : poll - elapsed=1762s log_stale=8s
[2026-09-14 10:15:39] run06 : poll - elapsed=1782s log_stale=28s
[2026-09-14 10:15:59] run06 : poll - elapsed=1802s log_stale=48s
[2026-09-14 10:16:19] run06 : poll - elapsed=1822s log_stale=68s
[2026-09-14 10:16:39] run06 : poll - elapsed=1842s log_stale=88s
[2026-09-14 10:16:59] run06 : poll - elapsed=1862s log_stale=108s
[2026-09-14 10:17:19] run06 : poll - elapsed=1882s log_stale=128s
[2026-09-14 10:17:39] run06 : poll - elapsed=1902s log_stale=8s
[2026-09-14 10:17:59] run06 : poll - elapsed=1922s log_stale=28s
[2026-09-14 10:18:19] run06 : poll - elapsed=1942s log_stale=48s
[2026-09-14 10:18:39] run06 : poll - elapsed=1962s log_stale=68s
[2026-09-14 10:18:59] run06 : poll - elapsed=1982s log_stale=88s
[2026-09-14 10:19:19] run06 : poll - elapsed=2002s log_stale=108s
[2026-09-14 10:19:39] run06 : poll - elapsed=2022s log_stale=128s
[2026-09-14 10:19:59] run06 : poll - elapsed=2042s log_stale=10s
[2026-09-14 10:20:19] run06 : poll - elapsed=2062s log_stale=30s
[2026-09-14 10:20:39] run06 : poll - elapsed=2082s log_stale=50s
[2026-09-14 10:20:59] run06 : poll - elapsed=2102s log_stale=70s
[2026-09-14 10:21:19] run06 : poll - elapsed=2122s log_stale=90s
[2026-09-14 10:21:39] run06 : poll - elapsed=2142s log_stale=110s
[2026-09-14 10:21:59] run06 : poll - elapsed=2162s log_stale=130s
[2026-09-14 10:22:19] run06 : poll - elapsed=2182s log_stale=10s
[2026-09-14 10:22:39] run06 : poll - elapsed=2202s log_stale=30s
[2026-09-14 10:22:59] run06 : poll - elapsed=2222s log_stale=50s
[2026-09-14 10:23:20] run06 : poll - elapsed=2242s log_stale=70s
[2026-09-14 10:23:40] run06 : poll - elapsed=2262s log_stale=90s
[2026-09-14 10:24:00] run06 : poll - elapsed=2282s log_stale=110s
[2026-09-14 10:24:20] run06 : poll - elapsed=2302s log_stale=131s
[2026-09-14 10:24:40] run06 : poll - elapsed=2322s log_stale=11s
[2026-09-14 10:25:00] run06 : poll - elapsed=2342s log_stale=31s
[2026-09-14 10:25:20] run06 : poll - elapsed=2362s log_stale=51s
[2026-09-14 10:25:40] run06 : poll - elapsed=2382s log_stale=71s
[2026-09-14 10:26:00] run06 : poll - elapsed=2402s log_stale=91s
[2026-09-14 10:26:20] run06 : poll - elapsed=2422s log_stale=111s
[2026-09-14 10:26:40] run06 : poll - elapsed=2442s log_stale=131s
[2026-09-14 10:27:00] run06 : poll - elapsed=2462s log_stale=11s
[2026-09-14 10:27:20] run06 : poll - elapsed=2482s log_stale=31s
[2026-09-14 10:27:40] run06 : poll - elapsed=2502s log_stale=51s
[2026-09-14 10:28:00] run06 : poll - elapsed=2523s log_stale=71s
[2026-09-14 10:28:20] run06 : poll - elapsed=2543s log_stale=91s
[2026-09-14 10:28:40] run06 : poll - elapsed=2563s log_stale=111s
[2026-09-14 10:29:00] run06 : poll - elapsed=2583s log_stale=131s
[2026-09-14 10:29:20] run06 : poll - elapsed=2603s log_stale=11s
[2026-09-14 10:29:40] run06 : poll - elapsed=2623s log_stale=31s
[2026-09-14 10:30:00] run06 : poll - elapsed=2643s log_stale=51s
[2026-09-14 10:30:20] run06 : poll - elapsed=2663s log_stale=71s
[2026-09-14 10:30:40] run06 : poll - elapsed=2683s log_stale=91s
[2026-09-14 10:31:00] run06 : poll - elapsed=2703s log_stale=111s
[2026-09-14 10:31:20] run06 : poll - elapsed=2723s log_stale=131s
[2026-09-14 10:31:40] run06 : poll - elapsed=2743s log_stale=12s
[2026-09-14 10:32:00] run06 : poll - elapsed=2763s log_stale=32s
[2026-09-14 10:32:20] run06 : poll - elapsed=2783s log_stale=52s
[2026-09-14 10:32:40] run06 : poll - elapsed=2803s log_stale=72s
[2026-09-14 10:33:00] run06 : poll - elapsed=2823s log_stale=92s
[2026-09-14 10:33:20] run06 : poll - elapsed=2843s log_stale=112s
[2026-09-14 10:33:40] run06 : poll - elapsed=2863s log_stale=132s
[2026-09-14 10:34:00] run06 : poll - elapsed=2883s log_stale=14s
[2026-09-14 10:34:20] run06 : poll - elapsed=2903s log_stale=34s
[2026-09-14 10:34:40] run06 : poll - elapsed=2923s log_stale=54s
[2026-09-14 10:35:00] run06 : poll - elapsed=2943s log_stale=74s
[2026-09-14 10:35:20] run06 : poll - elapsed=2963s log_stale=94s
[2026-09-14 10:35:40] run06 : poll - elapsed=2983s log_stale=114s
[2026-09-14 10:36:00] run06 : poll - elapsed=3003s log_stale=134s
[2026-09-14 10:36:20] run06 : THANH CONG - D:\ResearchLab\02_Projects\02_Projects\MOSFOA paper 2\code\results\MOSFOA2_A_Np8_Maxit20_run06_FINAL.mat da xuat hien.
[2026-09-14 10:36:20] ----- Bat dau run07 (7/20) -----
[2026-09-14 10:36:24] run07 : launching MATLAB (attempt 1)
[2026-09-14 10:36:44] run07 : poll - elapsed=20s log_stale=9s
[2026-09-14 10:37:04] run07 : poll - elapsed=40s log_stale=15s
[2026-09-14 10:37:24] run07 : poll - elapsed=60s log_stale=35s
[2026-09-14 10:37:44] run07 : poll - elapsed=80s log_stale=55s
[2026-09-14 10:38:04] run07 : poll - elapsed=100s log_stale=75s
[2026-09-14 10:38:24] run07 : poll - elapsed=120s log_stale=95s
[2026-09-14 10:38:44] run07 : poll - elapsed=140s log_stale=115s
[2026-09-14 10:39:04] run07 : poll - elapsed=160s log_stale=135s
[2026-09-14 10:39:24] run07 : poll - elapsed=180s log_stale=155s
[2026-09-14 10:39:44] run07 : poll - elapsed=200s log_stale=175s
[2026-09-14 10:40:04] run07 : poll - elapsed=220s log_stale=7s
[2026-09-14 10:40:24] run07 : poll - elapsed=240s log_stale=27s
[2026-09-14 10:40:44] run07 : poll - elapsed=260s log_stale=47s
[2026-09-14 10:41:04] run07 : poll - elapsed=280s log_stale=67s
[2026-09-14 10:41:24] run07 : poll - elapsed=300s log_stale=87s
[2026-09-14 10:41:44] run07 : poll - elapsed=320s log_stale=107s
[2026-09-14 10:42:04] run07 : poll - elapsed=340s log_stale=127s
[2026-09-14 10:42:24] run07 : poll - elapsed=360s log_stale=8s
[2026-09-14 10:42:45] run07 : poll - elapsed=381s log_stale=28s
[2026-09-14 10:43:05] run07 : poll - elapsed=401s log_stale=48s
[2026-09-14 10:43:25] run07 : poll - elapsed=421s log_stale=68s
[2026-09-14 10:43:45] run07 : poll - elapsed=441s log_stale=88s
[2026-09-14 10:44:05] run07 : poll - elapsed=461s log_stale=108s
[2026-09-14 10:44:25] run07 : poll - elapsed=481s log_stale=128s
[2026-09-14 10:44:45] run07 : poll - elapsed=501s log_stale=9s
[2026-09-14 10:45:05] run07 : poll - elapsed=521s log_stale=29s
[2026-09-14 10:45:25] run07 : poll - elapsed=541s log_stale=49s
[2026-09-14 10:45:45] run07 : poll - elapsed=561s log_stale=69s
[2026-09-14 10:46:05] run07 : poll - elapsed=581s log_stale=89s
[2026-09-14 10:46:25] run07 : poll - elapsed=601s log_stale=109s
[2026-09-14 10:46:45] run07 : poll - elapsed=621s log_stale=129s
[2026-09-14 10:47:05] run07 : poll - elapsed=641s log_stale=10s
[2026-09-14 10:47:25] run07 : poll - elapsed=661s log_stale=30s
[2026-09-14 10:47:45] run07 : poll - elapsed=681s log_stale=50s
[2026-09-14 10:48:05] run07 : poll - elapsed=701s log_stale=70s
[2026-09-14 10:48:25] run07 : poll - elapsed=721s log_stale=90s
[2026-09-14 10:48:45] run07 : poll - elapsed=741s log_stale=110s
[2026-09-14 10:49:05] run07 : poll - elapsed=761s log_stale=130s
[2026-09-14 10:49:25] run07 : poll - elapsed=781s log_stale=3s
[2026-09-14 10:49:45] run07 : poll - elapsed=801s log_stale=23s
[2026-09-14 10:50:05] run07 : poll - elapsed=821s log_stale=43s
[2026-09-14 10:50:25] run07 : poll - elapsed=841s log_stale=63s
[2026-09-14 10:50:45] run07 : poll - elapsed=861s log_stale=83s
[2026-09-14 10:51:05] run07 : poll - elapsed=881s log_stale=103s
[2026-09-14 10:51:25] run07 : poll - elapsed=901s log_stale=123s
[2026-09-14 10:51:45] run07 : poll - elapsed=921s log_stale=1s
[2026-09-14 10:52:05] run07 : poll - elapsed=941s log_stale=21s
[2026-09-14 10:52:25] run07 : poll - elapsed=961s log_stale=41s
[2026-09-14 10:52:45] run07 : poll - elapsed=981s log_stale=61s
[2026-09-14 10:53:05] run07 : poll - elapsed=1001s log_stale=81s
[2026-09-14 10:53:25] run07 : poll - elapsed=1021s log_stale=101s
[2026-09-14 10:53:45] run07 : poll - elapsed=1041s log_stale=121s
[2026-09-14 10:54:05] run07 : poll - elapsed=1061s log_stale=141s
[2026-09-14 10:54:25] run07 : poll - elapsed=1081s log_stale=19s
[2026-09-14 10:54:45] run07 : poll - elapsed=1101s log_stale=39s
[2026-09-14 10:55:05] run07 : poll - elapsed=1121s log_stale=59s
[2026-09-14 10:55:25] run07 : poll - elapsed=1141s log_stale=79s
[2026-09-14 10:55:45] run07 : poll - elapsed=1161s log_stale=99s
[2026-09-14 10:56:05] run07 : poll - elapsed=1181s log_stale=119s
[2026-09-14 10:56:25] run07 : poll - elapsed=1201s log_stale=139s
[2026-09-14 10:56:45] run07 : poll - elapsed=1221s log_stale=15s
[2026-09-14 10:57:05] run07 : poll - elapsed=1241s log_stale=35s
[2026-09-14 10:57:25] run07 : poll - elapsed=1262s log_stale=55s
[2026-09-14 10:57:45] run07 : poll - elapsed=1282s log_stale=75s
[2026-09-14 10:58:06] run07 : poll - elapsed=1302s log_stale=95s
[2026-09-14 10:58:26] run07 : poll - elapsed=1322s log_stale=115s
[2026-09-14 10:58:46] run07 : poll - elapsed=1342s log_stale=135s
[2026-09-14 10:59:06] run07 : poll - elapsed=1362s log_stale=15s
[2026-09-14 10:59:26] run07 : poll - elapsed=1382s log_stale=35s
[2026-09-14 10:59:46] run07 : poll - elapsed=1402s log_stale=55s
[2026-09-14 11:00:06] run07 : poll - elapsed=1422s log_stale=75s
[2026-09-14 11:00:26] run07 : poll - elapsed=1442s log_stale=95s
[2026-09-14 11:00:46] run07 : poll - elapsed=1462s log_stale=115s
[2026-09-14 11:01:06] run07 : poll - elapsed=1482s log_stale=135s
[2026-09-14 11:01:26] run07 : poll - elapsed=1502s log_stale=17s
[2026-09-14 11:01:46] run07 : poll - elapsed=1522s log_stale=37s
[2026-09-14 11:02:06] run07 : poll - elapsed=1542s log_stale=57s
[2026-09-14 11:02:26] run07 : poll - elapsed=1562s log_stale=77s
[2026-09-14 11:02:46] run07 : poll - elapsed=1582s log_stale=97s
[2026-09-14 11:03:06] run07 : poll - elapsed=1602s log_stale=117s
[2026-09-14 11:03:26] run07 : poll - elapsed=1622s log_stale=137s
[2026-09-14 11:03:46] run07 : poll - elapsed=1642s log_stale=18s
[2026-09-14 11:04:06] run07 : poll - elapsed=1662s log_stale=38s
[2026-09-14 11:04:26] run07 : poll - elapsed=1682s log_stale=58s
[2026-09-14 11:04:46] run07 : poll - elapsed=1702s log_stale=78s
[2026-09-14 11:05:06] run07 : poll - elapsed=1722s log_stale=98s
[2026-09-14 11:05:26] run07 : poll - elapsed=1742s log_stale=118s
[2026-09-14 11:05:46] run07 : poll - elapsed=1762s log_stale=138s
[2026-09-14 11:06:06] run07 : poll - elapsed=1782s log_stale=19s
[2026-09-14 11:06:26] run07 : poll - elapsed=1802s log_stale=39s
[2026-09-14 11:06:46] run07 : poll - elapsed=1822s log_stale=59s
[2026-09-14 11:07:06] run07 : poll - elapsed=1842s log_stale=79s
[2026-09-14 11:07:26] run07 : poll - elapsed=1862s log_stale=99s
[2026-09-14 11:07:46] run07 : poll - elapsed=1882s log_stale=119s
[2026-09-14 11:08:06] run07 : poll - elapsed=1902s log_stale=1s
[2026-09-14 11:08:26] run07 : poll - elapsed=1922s log_stale=21s
[2026-09-14 11:08:46] run07 : poll - elapsed=1942s log_stale=41s
[2026-09-14 11:09:06] run07 : poll - elapsed=1962s log_stale=61s
[2026-09-14 11:09:26] run07 : poll - elapsed=1982s log_stale=81s
[2026-09-14 11:09:46] run07 : poll - elapsed=2002s log_stale=101s
[2026-09-14 11:10:06] run07 : poll - elapsed=2022s log_stale=121s
[2026-09-14 11:10:26] run07 : poll - elapsed=2042s log_stale=3s
[2026-09-14 11:10:46] run07 : poll - elapsed=2062s log_stale=23s
[2026-09-14 11:11:06] run07 : poll - elapsed=2082s log_stale=43s
[2026-09-14 11:11:26] run07 : poll - elapsed=2102s log_stale=63s
[2026-09-14 11:11:46] run07 : poll - elapsed=2122s log_stale=83s
[2026-09-14 11:12:06] run07 : poll - elapsed=2142s log_stale=104s
[2026-09-14 11:12:26] run07 : poll - elapsed=2162s log_stale=124s
[2026-09-14 11:12:46] run07 : poll - elapsed=2183s log_stale=6s
[2026-09-14 11:13:06] run07 : poll - elapsed=2203s log_stale=26s
[2026-09-14 11:13:27] run07 : poll - elapsed=2223s log_stale=46s
[2026-09-14 11:13:47] run07 : poll - elapsed=2243s log_stale=66s
[2026-09-14 11:14:07] run07 : poll - elapsed=2263s log_stale=86s
[2026-09-14 11:14:27] run07 : poll - elapsed=2283s log_stale=106s
[2026-09-14 11:14:47] run07 : poll - elapsed=2303s log_stale=126s
[2026-09-14 11:15:07] run07 : poll - elapsed=2323s log_stale=9s
[2026-09-14 11:15:27] run07 : poll - elapsed=2343s log_stale=29s
[2026-09-14 11:15:47] run07 : poll - elapsed=2363s log_stale=49s
[2026-09-14 11:16:07] run07 : poll - elapsed=2383s log_stale=69s
[2026-09-14 11:16:27] run07 : poll - elapsed=2403s log_stale=89s
[2026-09-14 11:16:47] run07 : poll - elapsed=2423s log_stale=109s
[2026-09-14 11:17:07] run07 : poll - elapsed=2443s log_stale=129s
[2026-09-14 11:17:27] run07 : poll - elapsed=2463s log_stale=13s
[2026-09-14 11:17:47] run07 : poll - elapsed=2483s log_stale=33s
[2026-09-14 11:18:07] run07 : poll - elapsed=2503s log_stale=53s
[2026-09-14 11:18:27] run07 : poll - elapsed=2523s log_stale=73s
[2026-09-14 11:18:47] run07 : poll - elapsed=2543s log_stale=93s
[2026-09-14 11:19:07] run07 : poll - elapsed=2563s log_stale=113s
[2026-09-14 11:19:27] run07 : poll - elapsed=2583s log_stale=133s
[2026-09-14 11:19:47] run07 : poll - elapsed=2603s log_stale=15s
[2026-09-14 11:20:07] run07 : poll - elapsed=2623s log_stale=36s
[2026-09-14 11:20:27] run07 : poll - elapsed=2643s log_stale=56s
[2026-09-14 11:20:47] run07 : poll - elapsed=2663s log_stale=76s
[2026-09-14 11:21:07] run07 : poll - elapsed=2683s log_stale=96s
[2026-09-14 11:21:27] run07 : poll - elapsed=2703s log_stale=116s
[2026-09-14 11:21:47] run07 : poll - elapsed=2723s log_stale=136s
[2026-09-14 11:22:07] run07 : poll - elapsed=2743s log_stale=18s
[2026-09-14 11:22:27] run07 : poll - elapsed=2763s log_stale=38s
[2026-09-14 11:22:47] run07 : poll - elapsed=2783s log_stale=58s
[2026-09-14 11:23:07] run07 : poll - elapsed=2803s log_stale=78s
[2026-09-14 11:23:27] run07 : poll - elapsed=2823s log_stale=98s
[2026-09-14 11:23:47] run07 : poll - elapsed=2843s log_stale=118s
[2026-09-14 11:24:07] run07 : poll - elapsed=2863s log_stale=138s
[2026-09-14 11:24:27] run07 : poll - elapsed=2883s log_stale=19s
[2026-09-14 11:24:47] run07 : poll - elapsed=2903s log_stale=39s
[2026-09-14 11:25:07] run07 : poll - elapsed=2923s log_stale=59s
[2026-09-14 11:25:27] run07 : poll - elapsed=2943s log_stale=79s
[2026-09-14 11:25:47] run07 : poll - elapsed=2963s log_stale=99s
[2026-09-14 11:26:07] run07 : poll - elapsed=2983s log_stale=119s
[2026-09-14 11:26:27] run07 : THANH CONG - D:\ResearchLab\02_Projects\02_Projects\MOSFOA paper 2\code\results\MOSFOA2_A_Np8_Maxit20_run07_FINAL.mat da xuat hien.
[2026-09-14 11:26:27] ----- Bat dau run08 (8/20) -----
[2026-09-14 11:26:31] run08 : launching MATLAB (attempt 1)
[2026-09-14 11:26:51] run08 : poll - elapsed=20s log_stale=9s
[2026-09-14 11:27:11] run08 : poll - elapsed=40s log_stale=15s
[2026-09-14 11:27:31] run08 : poll - elapsed=60s log_stale=35s
[2026-09-14 11:27:51] run08 : poll - elapsed=80s log_stale=55s
[2026-09-14 11:28:11] run08 : poll - elapsed=100s log_stale=75s
[2026-09-14 11:28:31] run08 : poll - elapsed=120s log_stale=95s
[2026-09-14 11:28:51] run08 : poll - elapsed=140s log_stale=115s
[2026-09-14 11:29:11] run08 : poll - elapsed=160s log_stale=135s
[2026-09-14 11:29:32] run08 : poll - elapsed=180s log_stale=155s
[2026-09-14 11:29:52] run08 : poll - elapsed=200s log_stale=175s
[2026-09-14 11:30:12] run08 : poll - elapsed=220s log_stale=9s
[2026-09-14 11:30:32] run08 : poll - elapsed=240s log_stale=29s
[2026-09-14 11:30:52] run08 : poll - elapsed=260s log_stale=49s
[2026-09-14 11:31:12] run08 : poll - elapsed=281s log_stale=69s
[2026-09-14 11:31:32] run08 : poll - elapsed=301s log_stale=89s
[2026-09-14 11:31:52] run08 : poll - elapsed=321s log_stale=109s
[2026-09-14 11:32:12] run08 : poll - elapsed=341s log_stale=129s
[2026-09-14 11:32:32] run08 : poll - elapsed=361s log_stale=10s
[2026-09-14 11:32:52] run08 : poll - elapsed=381s log_stale=30s
[2026-09-14 11:33:12] run08 : poll - elapsed=401s log_stale=50s
[2026-09-14 11:33:32] run08 : poll - elapsed=421s log_stale=70s
[2026-09-14 11:33:52] run08 : poll - elapsed=441s log_stale=90s
[2026-09-14 11:34:12] run08 : poll - elapsed=461s log_stale=110s
[2026-09-14 11:34:32] run08 : poll - elapsed=481s log_stale=130s
[2026-09-14 11:34:52] run08 : poll - elapsed=501s log_stale=10s
[2026-09-14 11:35:12] run08 : poll - elapsed=521s log_stale=30s
[2026-09-14 11:35:32] run08 : poll - elapsed=541s log_stale=50s
[2026-09-14 11:35:52] run08 : poll - elapsed=561s log_stale=70s
[2026-09-14 11:36:12] run08 : poll - elapsed=581s log_stale=90s
[2026-09-14 11:36:32] run08 : poll - elapsed=601s log_stale=110s
[2026-09-14 11:36:52] run08 : poll - elapsed=621s log_stale=130s
[2026-09-14 11:37:12] run08 : poll - elapsed=641s log_stale=11s
[2026-09-14 11:37:32] run08 : poll - elapsed=661s log_stale=31s
[2026-09-14 11:37:52] run08 : poll - elapsed=681s log_stale=51s
[2026-09-14 11:38:12] run08 : poll - elapsed=701s log_stale=71s
[2026-09-14 11:38:32] run08 : poll - elapsed=721s log_stale=91s
[2026-09-14 11:38:52] run08 : poll - elapsed=741s log_stale=111s
[2026-09-14 11:39:12] run08 : poll - elapsed=761s log_stale=131s
[2026-09-14 11:39:32] run08 : poll - elapsed=781s log_stale=13s
[2026-09-14 11:39:52] run08 : poll - elapsed=801s log_stale=33s
[2026-09-14 11:40:12] run08 : poll - elapsed=821s log_stale=53s
[2026-09-14 11:40:32] run08 : poll - elapsed=841s log_stale=73s
[2026-09-14 11:40:52] run08 : poll - elapsed=861s log_stale=93s
[2026-09-14 11:41:12] run08 : poll - elapsed=881s log_stale=113s
[2026-09-14 11:41:32] run08 : poll - elapsed=901s log_stale=133s
[2026-09-14 11:41:52] run08 : poll - elapsed=921s log_stale=15s
[2026-09-14 11:42:12] run08 : poll - elapsed=941s log_stale=35s
[2026-09-14 11:42:32] run08 : poll - elapsed=961s log_stale=55s
[2026-09-14 11:42:52] run08 : poll - elapsed=981s log_stale=75s
[2026-09-14 11:43:12] run08 : poll - elapsed=1001s log_stale=95s
[2026-09-14 11:43:32] run08 : poll - elapsed=1021s log_stale=115s
[2026-09-14 11:43:52] run08 : poll - elapsed=1041s log_stale=135s
[2026-09-14 11:44:12] run08 : poll - elapsed=1061s log_stale=18s
[2026-09-14 11:44:32] run08 : poll - elapsed=1081s log_stale=38s
[2026-09-14 11:44:52] run08 : poll - elapsed=1101s log_stale=58s
[2026-09-14 11:45:12] run08 : poll - elapsed=1121s log_stale=78s
[2026-09-14 11:45:32] run08 : poll - elapsed=1141s log_stale=98s
[2026-09-14 11:45:52] run08 : poll - elapsed=1161s log_stale=118s
[2026-09-14 11:46:13] run08 : poll - elapsed=1181s log_stale=1s
[2026-09-14 11:46:33] run08 : poll - elapsed=1201s log_stale=21s
[2026-09-14 11:46:53] run08 : poll - elapsed=1221s log_stale=41s
[2026-09-14 11:47:13] run08 : poll - elapsed=1241s log_stale=61s
[2026-09-14 11:47:33] run08 : poll - elapsed=1261s log_stale=81s
[2026-09-14 11:47:53] run08 : poll - elapsed=1282s log_stale=101s
[2026-09-14 11:48:13] run08 : poll - elapsed=1302s log_stale=121s
[2026-09-14 11:48:33] run08 : poll - elapsed=1322s log_stale=3s
[2026-09-14 11:48:53] run08 : poll - elapsed=1342s log_stale=23s
[2026-09-14 11:49:13] run08 : poll - elapsed=1362s log_stale=43s
[2026-09-14 11:49:33] run08 : poll - elapsed=1382s log_stale=63s
[2026-09-14 11:49:53] run08 : poll - elapsed=1402s log_stale=83s
[2026-09-14 11:50:13] run08 : poll - elapsed=1422s log_stale=103s
[2026-09-14 11:50:33] run08 : poll - elapsed=1442s log_stale=123s
[2026-09-14 11:50:53] run08 : poll - elapsed=1462s log_stale=5s
[2026-09-14 11:51:13] run08 : poll - elapsed=1482s log_stale=25s
[2026-09-14 11:51:33] run08 : poll - elapsed=1502s log_stale=45s
[2026-09-14 11:51:53] run08 : poll - elapsed=1522s log_stale=65s
[2026-09-14 11:52:13] run08 : poll - elapsed=1542s log_stale=85s
[2026-09-14 11:52:33] run08 : poll - elapsed=1562s log_stale=105s
[2026-09-14 11:52:53] run08 : poll - elapsed=1582s log_stale=125s
[2026-09-14 11:53:13] run08 : poll - elapsed=1602s log_stale=7s
[2026-09-14 11:53:33] run08 : poll - elapsed=1622s log_stale=27s
[2026-09-14 11:53:53] run08 : poll - elapsed=1642s log_stale=47s
[2026-09-14 11:54:13] run08 : poll - elapsed=1662s log_stale=67s
[2026-09-14 11:54:33] run08 : poll - elapsed=1682s log_stale=87s
[2026-09-14 11:54:53] run08 : poll - elapsed=1702s log_stale=107s
[2026-09-14 11:55:13] run08 : poll - elapsed=1722s log_stale=127s
[2026-09-14 11:55:33] run08 : poll - elapsed=1742s log_stale=11s
[2026-09-14 11:55:53] run08 : poll - elapsed=1762s log_stale=31s
[2026-09-14 11:56:13] run08 : poll - elapsed=1782s log_stale=51s
[2026-09-14 11:56:33] run08 : poll - elapsed=1802s log_stale=71s
[2026-09-14 11:56:53] run08 : poll - elapsed=1822s log_stale=91s
[2026-09-14 11:57:13] run08 : poll - elapsed=1842s log_stale=111s
[2026-09-14 11:57:33] run08 : poll - elapsed=1862s log_stale=131s
[2026-09-14 11:57:53] run08 : poll - elapsed=1882s log_stale=13s
[2026-09-14 11:58:13] run08 : poll - elapsed=1902s log_stale=33s
[2026-09-14 11:58:33] run08 : poll - elapsed=1922s log_stale=53s
[2026-09-14 11:58:53] run08 : poll - elapsed=1942s log_stale=73s
[2026-09-14 11:59:13] run08 : poll - elapsed=1962s log_stale=93s
[2026-09-14 11:59:33] run08 : poll - elapsed=1982s log_stale=113s
[2026-09-14 11:59:53] run08 : poll - elapsed=2002s log_stale=133s
[2026-09-14 12:00:13] run08 : poll - elapsed=2022s log_stale=16s
[2026-09-14 12:00:33] run08 : poll - elapsed=2042s log_stale=36s
[2026-09-14 12:00:54] run08 : poll - elapsed=2062s log_stale=56s
[2026-09-14 12:01:14] run08 : poll - elapsed=2082s log_stale=76s
[2026-09-14 12:01:34] run08 : poll - elapsed=2102s log_stale=96s
[2026-09-14 12:01:54] run08 : poll - elapsed=2122s log_stale=116s
[2026-09-14 12:02:14] run08 : poll - elapsed=2142s log_stale=136s
[2026-09-14 12:02:34] run08 : poll - elapsed=2163s log_stale=18s
[2026-09-14 12:02:54] run08 : poll - elapsed=2183s log_stale=38s
[2026-09-14 12:03:14] run08 : poll - elapsed=2203s log_stale=58s
[2026-09-14 12:03:34] run08 : poll - elapsed=2223s log_stale=78s
[2026-09-14 12:03:54] run08 : poll - elapsed=2243s log_stale=98s
[2026-09-14 12:04:14] run08 : poll - elapsed=2263s log_stale=118s
[2026-09-14 12:04:34] run08 : poll - elapsed=2283s log_stale=0s
[2026-09-14 12:04:54] run08 : poll - elapsed=2303s log_stale=20s
[2026-09-14 12:05:14] run08 : poll - elapsed=2323s log_stale=41s
[2026-09-14 12:05:34] run08 : poll - elapsed=2343s log_stale=61s
[2026-09-14 12:05:54] run08 : poll - elapsed=2363s log_stale=81s
[2026-09-14 12:06:14] run08 : poll - elapsed=2383s log_stale=101s
[2026-09-14 12:06:34] run08 : poll - elapsed=2403s log_stale=121s
[2026-09-14 12:06:54] run08 : poll - elapsed=2423s log_stale=2s
[2026-09-14 12:07:14] run08 : poll - elapsed=2443s log_stale=22s
[2026-09-14 12:07:34] run08 : poll - elapsed=2463s log_stale=42s
[2026-09-14 12:07:54] run08 : poll - elapsed=2483s log_stale=62s
[2026-09-14 12:08:14] run08 : poll - elapsed=2503s log_stale=82s
[2026-09-14 12:08:34] run08 : poll - elapsed=2523s log_stale=102s
[2026-09-14 12:08:54] run08 : poll - elapsed=2543s log_stale=122s
[2026-09-14 12:09:14] run08 : poll - elapsed=2563s log_stale=5s
[2026-09-14 12:09:34] run08 : poll - elapsed=2583s log_stale=25s
[2026-09-14 12:09:54] run08 : poll - elapsed=2603s log_stale=45s
[2026-09-14 12:10:14] run08 : poll - elapsed=2623s log_stale=65s
[2026-09-14 12:10:34] run08 : poll - elapsed=2643s log_stale=85s
[2026-09-14 12:10:54] run08 : poll - elapsed=2663s log_stale=105s
[2026-09-14 12:11:14] run08 : poll - elapsed=2683s log_stale=125s
[2026-09-14 12:11:34] run08 : poll - elapsed=2703s log_stale=7s
[2026-09-14 12:11:54] run08 : poll - elapsed=2723s log_stale=27s
[2026-09-14 12:12:14] run08 : poll - elapsed=2743s log_stale=47s
[2026-09-14 12:12:34] run08 : poll - elapsed=2763s log_stale=67s
[2026-09-14 12:12:54] run08 : poll - elapsed=2783s log_stale=87s
[2026-09-14 12:13:14] run08 : poll - elapsed=2803s log_stale=107s
[2026-09-14 12:13:34] run08 : poll - elapsed=2823s log_stale=127s
[2026-09-14 12:13:54] run08 : poll - elapsed=2843s log_stale=9s
[2026-09-14 12:14:14] run08 : poll - elapsed=2863s log_stale=29s
[2026-09-14 12:14:34] run08 : poll - elapsed=2883s log_stale=49s
[2026-09-14 12:14:54] run08 : poll - elapsed=2903s log_stale=69s
[2026-09-14 12:15:14] run08 : poll - elapsed=2923s log_stale=89s
[2026-09-14 12:15:34] run08 : poll - elapsed=2943s log_stale=109s
[2026-09-14 12:15:54] run08 : poll - elapsed=2963s log_stale=129s
[2026-09-14 12:16:14] run08 : THANH CONG - D:\ResearchLab\02_Projects\02_Projects\MOSFOA paper 2\code\results\MOSFOA2_A_Np8_Maxit20_run08_FINAL.mat da xuat hien.
[2026-09-14 12:16:14] ----- Bat dau run09 (9/20) -----
[2026-09-14 12:16:18] run09 : launching MATLAB (attempt 1)
[2026-09-14 12:16:38] run09 : poll - elapsed=20s log_stale=8s
[2026-09-14 12:16:58] run09 : poll - elapsed=40s log_stale=12s
[2026-09-14 12:17:18] run09 : poll - elapsed=60s log_stale=32s
[2026-09-14 12:17:38] run09 : poll - elapsed=80s log_stale=52s
[2026-09-14 12:17:58] run09 : poll - elapsed=100s log_stale=72s
[2026-09-14 12:18:18] run09 : poll - elapsed=120s log_stale=92s
[2026-09-14 12:18:38] run09 : poll - elapsed=140s log_stale=112s
[2026-09-14 12:18:58] run09 : poll - elapsed=160s log_stale=132s
[2026-09-14 12:19:18] run09 : poll - elapsed=180s log_stale=152s
[2026-09-14 12:19:38] run09 : poll - elapsed=200s log_stale=172s
[2026-09-14 12:19:58] run09 : poll - elapsed=220s log_stale=4s
[2026-09-14 12:20:18] run09 : poll - elapsed=240s log_stale=24s
[2026-09-14 12:20:39] run09 : poll - elapsed=260s log_stale=44s
[2026-09-14 12:20:59] run09 : poll - elapsed=280s log_stale=64s
[2026-09-14 12:21:19] run09 : poll - elapsed=300s log_stale=84s
[2026-09-14 12:21:39] run09 : poll - elapsed=320s log_stale=104s
[2026-09-14 12:21:59] run09 : poll - elapsed=340s log_stale=124s
[2026-09-14 12:22:19] run09 : poll - elapsed=360s log_stale=5s
[2026-09-14 12:22:39] run09 : poll - elapsed=380s log_stale=25s
[2026-09-14 12:22:59] run09 : poll - elapsed=400s log_stale=45s
[2026-09-14 12:23:19] run09 : poll - elapsed=420s log_stale=65s
[2026-09-14 12:23:39] run09 : poll - elapsed=440s log_stale=85s
[2026-09-14 12:23:59] run09 : poll - elapsed=460s log_stale=105s
[2026-09-14 12:24:19] run09 : poll - elapsed=480s log_stale=125s
[2026-09-14 12:24:39] run09 : poll - elapsed=501s log_stale=6s
[2026-09-14 12:24:59] run09 : poll - elapsed=521s log_stale=26s
[2026-09-14 12:25:19] run09 : poll - elapsed=541s log_stale=46s
[2026-09-14 12:25:39] run09 : poll - elapsed=561s log_stale=66s
[2026-09-14 12:25:59] run09 : poll - elapsed=581s log_stale=86s
[2026-09-14 12:26:19] run09 : poll - elapsed=601s log_stale=106s
[2026-09-14 12:26:39] run09 : poll - elapsed=621s log_stale=126s
[2026-09-14 12:26:59] run09 : poll - elapsed=641s log_stale=5s
[2026-09-14 12:27:19] run09 : poll - elapsed=661s log_stale=25s
[2026-09-14 12:27:39] run09 : poll - elapsed=681s log_stale=45s
[2026-09-14 12:27:59] run09 : poll - elapsed=701s log_stale=65s
[2026-09-14 12:28:19] run09 : poll - elapsed=721s log_stale=85s
[2026-09-14 12:28:39] run09 : poll - elapsed=741s log_stale=105s
[2026-09-14 12:28:59] run09 : poll - elapsed=761s log_stale=125s
[2026-09-14 12:29:19] run09 : poll - elapsed=781s log_stale=8s
[2026-09-14 12:29:39] run09 : poll - elapsed=801s log_stale=28s
[2026-09-14 12:29:59] run09 : poll - elapsed=821s log_stale=48s
[2026-09-14 12:30:19] run09 : poll - elapsed=841s log_stale=68s
[2026-09-14 12:30:39] run09 : poll - elapsed=861s log_stale=88s
[2026-09-14 12:30:59] run09 : poll - elapsed=881s log_stale=108s
[2026-09-14 12:31:19] run09 : poll - elapsed=901s log_stale=128s
[2026-09-14 12:31:39] run09 : poll - elapsed=921s log_stale=9s
[2026-09-14 12:31:59] run09 : poll - elapsed=941s log_stale=29s
[2026-09-14 12:32:19] run09 : poll - elapsed=961s log_stale=49s
[2026-09-14 12:32:39] run09 : poll - elapsed=981s log_stale=69s
[2026-09-14 12:32:59] run09 : poll - elapsed=1001s log_stale=89s
[2026-09-14 12:33:19] run09 : poll - elapsed=1021s log_stale=109s
[2026-09-14 12:33:39] run09 : poll - elapsed=1041s log_stale=129s
[2026-09-14 12:33:59] run09 : poll - elapsed=1061s log_stale=11s
[2026-09-14 12:34:19] run09 : poll - elapsed=1081s log_stale=31s
[2026-09-14 12:34:39] run09 : poll - elapsed=1101s log_stale=51s
[2026-09-14 12:34:59] run09 : poll - elapsed=1121s log_stale=71s
[2026-09-14 12:35:19] run09 : poll - elapsed=1141s log_stale=91s
[2026-09-14 12:35:40] run09 : poll - elapsed=1161s log_stale=111s
[2026-09-14 12:36:00] run09 : poll - elapsed=1181s log_stale=131s
[2026-09-14 12:36:20] run09 : poll - elapsed=1201s log_stale=13s
[2026-09-14 12:36:40] run09 : poll - elapsed=1221s log_stale=33s
[2026-09-14 12:37:00] run09 : poll - elapsed=1241s log_stale=53s
[2026-09-14 12:37:20] run09 : poll - elapsed=1261s log_stale=73s
[2026-09-14 12:37:40] run09 : poll - elapsed=1281s log_stale=93s
[2026-09-14 12:38:00] run09 : poll - elapsed=1301s log_stale=113s
[2026-09-14 12:38:20] run09 : poll - elapsed=1321s log_stale=133s
[2026-09-14 12:38:40] run09 : poll - elapsed=1341s log_stale=17s
[2026-09-14 12:39:00] run09 : poll - elapsed=1361s log_stale=37s
[2026-09-14 12:39:20] run09 : poll - elapsed=1381s log_stale=57s
[2026-09-14 12:39:40] run09 : poll - elapsed=1402s log_stale=77s
[2026-09-14 12:40:00] run09 : poll - elapsed=1422s log_stale=97s
[2026-09-14 12:40:20] run09 : poll - elapsed=1442s log_stale=117s
[2026-09-14 12:40:40] run09 : poll - elapsed=1462s log_stale=137s
[2026-09-14 12:41:00] run09 : poll - elapsed=1482s log_stale=20s
[2026-09-14 12:41:20] run09 : poll - elapsed=1502s log_stale=40s
[2026-09-14 12:41:40] run09 : poll - elapsed=1522s log_stale=60s
[2026-09-14 12:42:00] run09 : poll - elapsed=1542s log_stale=80s
[2026-09-14 12:42:20] run09 : poll - elapsed=1562s log_stale=100s
[2026-09-14 12:42:40] run09 : poll - elapsed=1582s log_stale=120s
[2026-09-14 12:43:00] run09 : poll - elapsed=1602s log_stale=2s
[2026-09-14 12:43:20] run09 : poll - elapsed=1622s log_stale=23s
[2026-09-14 12:43:40] run09 : poll - elapsed=1642s log_stale=43s
[2026-09-14 12:44:00] run09 : poll - elapsed=1662s log_stale=63s
[2026-09-14 12:44:20] run09 : poll - elapsed=1682s log_stale=83s
[2026-09-14 12:44:40] run09 : poll - elapsed=1702s log_stale=103s
[2026-09-14 12:45:00] run09 : poll - elapsed=1722s log_stale=123s
[2026-09-14 12:45:20] run09 : poll - elapsed=1742s log_stale=5s
[2026-09-14 12:45:40] run09 : poll - elapsed=1762s log_stale=25s
[2026-09-14 12:46:00] run09 : poll - elapsed=1782s log_stale=45s
[2026-09-14 12:46:20] run09 : poll - elapsed=1802s log_stale=65s
[2026-09-14 12:46:40] run09 : poll - elapsed=1822s log_stale=85s
[2026-09-14 12:47:00] run09 : poll - elapsed=1842s log_stale=105s
[2026-09-14 12:47:20] run09 : poll - elapsed=1862s log_stale=125s
[2026-09-14 12:47:40] run09 : poll - elapsed=1882s log_stale=9s
[2026-09-14 12:48:00] run09 : poll - elapsed=1902s log_stale=29s
[2026-09-14 12:48:20] run09 : poll - elapsed=1922s log_stale=49s
[2026-09-14 12:48:40] run09 : poll - elapsed=1942s log_stale=69s
[2026-09-14 12:49:00] run09 : poll - elapsed=1962s log_stale=89s
[2026-09-14 12:49:20] run09 : poll - elapsed=1982s log_stale=109s
[2026-09-14 12:49:40] run09 : poll - elapsed=2002s log_stale=129s
[2026-09-14 12:50:00] run09 : poll - elapsed=2022s log_stale=12s
[2026-09-14 12:50:20] run09 : poll - elapsed=2042s log_stale=32s
[2026-09-14 12:50:41] run09 : poll - elapsed=2062s log_stale=52s
[2026-09-14 12:51:01] run09 : poll - elapsed=2082s log_stale=72s
[2026-09-14 12:51:21] run09 : poll - elapsed=2102s log_stale=92s
[2026-09-14 12:51:41] run09 : poll - elapsed=2122s log_stale=112s
[2026-09-14 12:52:01] run09 : poll - elapsed=2142s log_stale=132s
[2026-09-14 12:52:21] run09 : poll - elapsed=2162s log_stale=14s
[2026-09-14 12:52:41] run09 : poll - elapsed=2182s log_stale=34s
[2026-09-14 12:53:01] run09 : poll - elapsed=2202s log_stale=54s
[2026-09-14 12:53:21] run09 : poll - elapsed=2222s log_stale=74s
[2026-09-14 12:53:41] run09 : poll - elapsed=2243s log_stale=94s
[2026-09-14 12:54:01] run09 : poll - elapsed=2263s log_stale=114s
[2026-09-14 12:54:21] run09 : poll - elapsed=2283s log_stale=134s
[2026-09-14 12:54:41] run09 : poll - elapsed=2303s log_stale=17s
[2026-09-14 12:55:01] run09 : poll - elapsed=2323s log_stale=37s
[2026-09-14 12:55:21] run09 : poll - elapsed=2343s log_stale=57s
[2026-09-14 12:55:41] run09 : poll - elapsed=2363s log_stale=77s
[2026-09-14 12:56:01] run09 : poll - elapsed=2383s log_stale=97s
[2026-09-14 12:56:21] run09 : poll - elapsed=2403s log_stale=117s
[2026-09-14 12:56:41] run09 : poll - elapsed=2423s log_stale=137s
[2026-09-14 12:57:01] run09 : poll - elapsed=2443s log_stale=20s
[2026-09-14 12:57:21] run09 : poll - elapsed=2463s log_stale=40s
[2026-09-14 12:57:41] run09 : poll - elapsed=2483s log_stale=60s
[2026-09-14 12:58:01] run09 : poll - elapsed=2503s log_stale=80s
[2026-09-14 12:58:21] run09 : poll - elapsed=2523s log_stale=100s
[2026-09-14 12:58:41] run09 : poll - elapsed=2543s log_stale=120s
[2026-09-14 12:59:01] run09 : poll - elapsed=2563s log_stale=2s
[2026-09-14 12:59:21] run09 : poll - elapsed=2583s log_stale=22s
[2026-09-14 12:59:41] run09 : poll - elapsed=2603s log_stale=42s
[2026-09-14 13:00:01] run09 : poll - elapsed=2623s log_stale=62s
[2026-09-14 13:00:21] run09 : poll - elapsed=2643s log_stale=82s
[2026-09-14 13:00:41] run09 : poll - elapsed=2663s log_stale=102s
[2026-09-14 13:01:01] run09 : poll - elapsed=2683s log_stale=122s
[2026-09-14 13:01:21] run09 : poll - elapsed=2703s log_stale=5s
[2026-09-14 13:01:41] run09 : poll - elapsed=2723s log_stale=25s
[2026-09-14 13:02:01] run09 : poll - elapsed=2743s log_stale=45s
[2026-09-14 13:02:21] run09 : poll - elapsed=2763s log_stale=65s
[2026-09-14 13:02:41] run09 : poll - elapsed=2783s log_stale=85s
[2026-09-14 13:03:01] run09 : poll - elapsed=2803s log_stale=105s
[2026-09-14 13:03:21] run09 : poll - elapsed=2823s log_stale=125s
[2026-09-14 13:03:41] run09 : poll - elapsed=2843s log_stale=8s
[2026-09-14 13:04:01] run09 : poll - elapsed=2863s log_stale=28s
[2026-09-14 13:04:21] run09 : poll - elapsed=2883s log_stale=48s
[2026-09-14 13:04:41] run09 : poll - elapsed=2903s log_stale=68s
[2026-09-14 13:05:01] run09 : poll - elapsed=2923s log_stale=88s
[2026-09-14 13:05:21] run09 : poll - elapsed=2943s log_stale=108s
[2026-09-14 13:05:42] run09 : poll - elapsed=2963s log_stale=128s
[2026-09-14 13:06:02] run09 : THANH CONG - D:\ResearchLab\02_Projects\02_Projects\MOSFOA paper 2\code\results\MOSFOA2_A_Np8_Maxit20_run09_FINAL.mat da xuat hien.
[2026-09-14 13:06:02] ----- Bat dau run10 (10/20) -----
[2026-09-14 13:06:05] run10 : launching MATLAB (attempt 1)
[2026-09-14 13:06:25] run10 : poll - elapsed=20s log_stale=9s
[2026-09-14 13:06:45] run10 : poll - elapsed=40s log_stale=15s
[2026-09-14 13:07:05] run10 : poll - elapsed=60s log_stale=35s
[2026-09-14 13:07:25] run10 : poll - elapsed=80s log_stale=55s
[2026-09-14 13:07:45] run10 : poll - elapsed=100s log_stale=75s
[2026-09-14 13:08:05] run10 : poll - elapsed=120s log_stale=95s
[2026-09-14 13:08:25] run10 : poll - elapsed=140s log_stale=115s
[2026-09-14 13:08:45] run10 : poll - elapsed=160s log_stale=135s
[2026-09-14 13:09:05] run10 : poll - elapsed=180s log_stale=155s
[2026-09-14 13:09:25] run10 : poll - elapsed=200s log_stale=176s
[2026-09-14 13:09:45] run10 : poll - elapsed=220s log_stale=12s
[2026-09-14 13:10:05] run10 : poll - elapsed=240s log_stale=32s
[2026-09-14 13:10:26] run10 : poll - elapsed=260s log_stale=52s
[2026-09-14 13:10:46] run10 : poll - elapsed=280s log_stale=72s
[2026-09-14 13:11:06] run10 : poll - elapsed=300s log_stale=92s
[2026-09-14 13:11:26] run10 : poll - elapsed=320s log_stale=112s
[2026-09-14 13:11:46] run10 : poll - elapsed=340s log_stale=132s
[2026-09-14 13:12:06] run10 : poll - elapsed=360s log_stale=15s
[2026-09-14 13:12:26] run10 : poll - elapsed=380s log_stale=35s
[2026-09-14 13:12:46] run10 : poll - elapsed=400s log_stale=55s
[2026-09-14 13:13:06] run10 : poll - elapsed=420s log_stale=75s
[2026-09-14 13:13:26] run10 : poll - elapsed=440s log_stale=95s
[2026-09-14 13:13:46] run10 : poll - elapsed=460s log_stale=115s
[2026-09-14 13:14:06] run10 : poll - elapsed=480s log_stale=135s
[2026-09-14 13:14:26] run10 : poll - elapsed=501s log_stale=17s
[2026-09-14 13:14:46] run10 : poll - elapsed=521s log_stale=37s
[2026-09-14 13:15:06] run10 : poll - elapsed=541s log_stale=57s
[2026-09-14 13:15:26] run10 : poll - elapsed=561s log_stale=77s
[2026-09-14 13:15:46] run10 : poll - elapsed=581s log_stale=97s
[2026-09-14 13:16:06] run10 : poll - elapsed=601s log_stale=117s
[2026-09-14 13:16:26] run10 : poll - elapsed=621s log_stale=1s
[2026-09-14 13:16:46] run10 : poll - elapsed=641s log_stale=21s
[2026-09-14 13:17:06] run10 : poll - elapsed=661s log_stale=41s
[2026-09-14 13:17:26] run10 : poll - elapsed=681s log_stale=61s
[2026-09-14 13:17:46] run10 : poll - elapsed=701s log_stale=81s
[2026-09-14 13:18:06] run10 : poll - elapsed=721s log_stale=101s
[2026-09-14 13:18:26] run10 : poll - elapsed=741s log_stale=121s
[2026-09-14 13:18:46] run10 : poll - elapsed=761s log_stale=3s
[2026-09-14 13:19:06] run10 : poll - elapsed=781s log_stale=23s
[2026-09-14 13:19:26] run10 : poll - elapsed=801s log_stale=43s
[2026-09-14 13:19:46] run10 : poll - elapsed=821s log_stale=63s
[2026-09-14 13:20:06] run10 : poll - elapsed=841s log_stale=83s
[2026-09-14 13:20:26] run10 : poll - elapsed=861s log_stale=104s
[2026-09-14 13:20:46] run10 : poll - elapsed=881s log_stale=124s
[2026-09-14 13:21:06] run10 : poll - elapsed=901s log_stale=6s
[2026-09-14 13:21:26] run10 : poll - elapsed=921s log_stale=26s
[2026-09-14 13:21:46] run10 : poll - elapsed=941s log_stale=46s
[2026-09-14 13:22:06] run10 : poll - elapsed=961s log_stale=66s
[2026-09-14 13:22:26] run10 : poll - elapsed=981s log_stale=86s
[2026-09-14 13:22:46] run10 : poll - elapsed=1001s log_stale=106s
[2026-09-14 13:23:06] run10 : poll - elapsed=1021s log_stale=126s
[2026-09-14 13:23:26] run10 : poll - elapsed=1041s log_stale=9s
[2026-09-14 13:23:46] run10 : poll - elapsed=1061s log_stale=29s
[2026-09-14 13:24:06] run10 : poll - elapsed=1081s log_stale=49s
[2026-09-14 13:24:26] run10 : poll - elapsed=1101s log_stale=69s
[2026-09-14 13:24:46] run10 : poll - elapsed=1121s log_stale=89s
[2026-09-14 13:25:06] run10 : poll - elapsed=1141s log_stale=109s
[2026-09-14 13:25:26] run10 : poll - elapsed=1161s log_stale=129s
[2026-09-14 13:25:46] run10 : poll - elapsed=1181s log_stale=11s
[2026-09-14 13:26:06] run10 : poll - elapsed=1201s log_stale=31s
[2026-09-14 13:26:26] run10 : poll - elapsed=1221s log_stale=51s
[2026-09-14 13:26:47] run10 : poll - elapsed=1241s log_stale=71s
[2026-09-14 13:27:07] run10 : poll - elapsed=1261s log_stale=91s
[2026-09-14 13:27:27] run10 : poll - elapsed=1281s log_stale=111s
[2026-09-14 13:27:47] run10 : poll - elapsed=1301s log_stale=131s
[2026-09-14 13:28:07] run10 : poll - elapsed=1321s log_stale=12s
[2026-09-14 13:28:27] run10 : poll - elapsed=1341s log_stale=32s
[2026-09-14 13:28:47] run10 : poll - elapsed=1361s log_stale=52s
[2026-09-14 13:29:07] run10 : poll - elapsed=1381s log_stale=72s
[2026-09-14 13:29:27] run10 : poll - elapsed=1401s log_stale=92s
[2026-09-14 13:29:47] run10 : poll - elapsed=1421s log_stale=112s
[2026-09-14 13:30:07] run10 : poll - elapsed=1441s log_stale=132s
[2026-09-14 13:30:27] run10 : poll - elapsed=1461s log_stale=13s
[2026-09-14 13:30:47] run10 : poll - elapsed=1481s log_stale=33s
[2026-09-14 13:31:07] run10 : poll - elapsed=1502s log_stale=53s
[2026-09-14 13:31:27] run10 : poll - elapsed=1522s log_stale=73s
[2026-09-14 13:31:47] run10 : poll - elapsed=1542s log_stale=93s
[2026-09-14 13:32:07] run10 : poll - elapsed=1562s log_stale=113s
[2026-09-14 13:32:27] run10 : poll - elapsed=1582s log_stale=133s
[2026-09-14 13:32:47] run10 : poll - elapsed=1602s log_stale=16s
[2026-09-14 13:33:07] run10 : poll - elapsed=1622s log_stale=36s
[2026-09-14 13:33:27] run10 : poll - elapsed=1642s log_stale=56s
[2026-09-14 13:33:47] run10 : poll - elapsed=1662s log_stale=76s
[2026-09-14 13:34:07] run10 : poll - elapsed=1682s log_stale=96s
[2026-09-14 13:34:27] run10 : poll - elapsed=1702s log_stale=116s
[2026-09-14 13:34:47] run10 : poll - elapsed=1722s log_stale=136s
[2026-09-14 13:35:07] run10 : poll - elapsed=1742s log_stale=17s
[2026-09-14 13:35:27] run10 : poll - elapsed=1762s log_stale=37s
[2026-09-14 13:35:47] run10 : poll - elapsed=1782s log_stale=57s
[2026-09-14 13:36:07] run10 : poll - elapsed=1802s log_stale=77s
[2026-09-14 13:36:27] run10 : poll - elapsed=1822s log_stale=97s
[2026-09-14 13:36:47] run10 : poll - elapsed=1842s log_stale=117s
[2026-09-14 13:37:07] run10 : poll - elapsed=1862s log_stale=137s
[2026-09-14 13:37:27] run10 : poll - elapsed=1882s log_stale=18s
[2026-09-14 13:37:47] run10 : poll - elapsed=1902s log_stale=38s
[2026-09-14 13:38:07] run10 : poll - elapsed=1922s log_stale=59s
[2026-09-14 13:38:27] run10 : poll - elapsed=1942s log_stale=79s
[2026-09-14 13:38:47] run10 : poll - elapsed=1962s log_stale=99s
[2026-09-14 13:39:07] run10 : poll - elapsed=1982s log_stale=119s
[2026-09-14 13:39:27] run10 : poll - elapsed=2002s log_stale=1s
[2026-09-14 13:39:47] run10 : poll - elapsed=2022s log_stale=21s
[2026-09-14 13:40:07] run10 : poll - elapsed=2042s log_stale=41s
[2026-09-14 13:40:27] run10 : poll - elapsed=2062s log_stale=61s
[2026-09-14 13:40:47] run10 : poll - elapsed=2082s log_stale=81s
[2026-09-14 13:41:07] run10 : poll - elapsed=2102s log_stale=101s
[2026-09-14 13:41:27] run10 : poll - elapsed=2122s log_stale=121s
[2026-09-14 13:41:47] run10 : poll - elapsed=2142s log_stale=3s
[2026-09-14 13:42:07] run10 : poll - elapsed=2162s log_stale=23s
[2026-09-14 13:42:27] run10 : poll - elapsed=2182s log_stale=43s
[2026-09-14 13:42:48] run10 : poll - elapsed=2202s log_stale=63s
[2026-09-14 13:43:08] run10 : poll - elapsed=2222s log_stale=83s
[2026-09-14 13:43:28] run10 : poll - elapsed=2242s log_stale=103s
[2026-09-14 13:43:48] run10 : poll - elapsed=2262s log_stale=123s
[2026-09-14 13:44:08] run10 : poll - elapsed=2282s log_stale=5s
[2026-09-14 13:44:28] run10 : poll - elapsed=2302s log_stale=25s
[2026-09-14 13:44:48] run10 : poll - elapsed=2322s log_stale=45s
[2026-09-14 13:45:08] run10 : poll - elapsed=2342s log_stale=65s
[2026-09-14 13:45:28] run10 : poll - elapsed=2362s log_stale=85s
[2026-09-14 13:45:48] run10 : poll - elapsed=2382s log_stale=105s
[2026-09-14 13:46:08] run10 : poll - elapsed=2402s log_stale=125s
[2026-09-14 13:46:28] run10 : poll - elapsed=2422s log_stale=8s
[2026-09-14 13:46:48] run10 : poll - elapsed=2443s log_stale=28s
[2026-09-14 13:47:08] run10 : poll - elapsed=2463s log_stale=48s
[2026-09-14 13:47:28] run10 : poll - elapsed=2483s log_stale=68s
[2026-09-14 13:47:48] run10 : poll - elapsed=2503s log_stale=88s
[2026-09-14 13:48:08] run10 : poll - elapsed=2523s log_stale=108s
[2026-09-14 13:48:28] run10 : poll - elapsed=2543s log_stale=128s
[2026-09-14 13:48:48] run10 : poll - elapsed=2563s log_stale=10s
[2026-09-14 13:49:08] run10 : poll - elapsed=2583s log_stale=30s
[2026-09-14 13:49:28] run10 : poll - elapsed=2603s log_stale=50s
[2026-09-14 13:49:48] run10 : poll - elapsed=2623s log_stale=70s
[2026-09-14 13:50:08] run10 : poll - elapsed=2643s log_stale=90s
[2026-09-14 13:50:28] run10 : poll - elapsed=2663s log_stale=110s
[2026-09-14 13:50:48] run10 : poll - elapsed=2683s log_stale=130s
[2026-09-14 13:51:08] run10 : poll - elapsed=2703s log_stale=11s
[2026-09-14 13:51:28] run10 : poll - elapsed=2723s log_stale=31s
[2026-09-14 13:51:48] run10 : poll - elapsed=2743s log_stale=51s
[2026-09-14 13:52:08] run10 : poll - elapsed=2763s log_stale=71s
[2026-09-14 13:52:28] run10 : poll - elapsed=2783s log_stale=91s
[2026-09-14 13:52:48] run10 : poll - elapsed=2803s log_stale=111s
[2026-09-14 13:53:08] run10 : poll - elapsed=2823s log_stale=131s
[2026-09-14 13:53:28] run10 : poll - elapsed=2843s log_stale=12s
[2026-09-14 13:53:48] run10 : poll - elapsed=2863s log_stale=32s
[2026-09-14 13:54:08] run10 : poll - elapsed=2883s log_stale=52s
[2026-09-14 13:54:28] run10 : poll - elapsed=2903s log_stale=72s
[2026-09-14 13:54:48] run10 : poll - elapsed=2923s log_stale=93s
[2026-09-14 13:55:08] run10 : poll - elapsed=2943s log_stale=113s
[2026-09-14 13:55:28] run10 : poll - elapsed=2963s log_stale=133s
[2026-09-14 13:55:48] run10 : THANH CONG - D:\ResearchLab\02_Projects\02_Projects\MOSFOA paper 2\code\results\MOSFOA2_A_Np8_Maxit20_run10_FINAL.mat da xuat hien.
[2026-09-14 13:55:48] ----- Bat dau run11 (11/20) -----
[2026-09-14 13:55:52] run11 : launching MATLAB (attempt 1)
[2026-09-14 13:56:12] run11 : poll - elapsed=20s log_stale=9s
[2026-09-14 13:56:32] run11 : poll - elapsed=40s log_stale=15s
[2026-09-14 13:56:52] run11 : poll - elapsed=60s log_stale=35s
[2026-09-14 13:57:12] run11 : poll - elapsed=80s log_stale=55s
[2026-09-14 13:57:32] run11 : poll - elapsed=100s log_stale=75s
[2026-09-14 13:57:52] run11 : poll - elapsed=120s log_stale=95s
[2026-09-14 13:58:12] run11 : poll - elapsed=140s log_stale=115s
[2026-09-14 13:58:33] run11 : poll - elapsed=160s log_stale=135s
[2026-09-14 13:58:53] run11 : poll - elapsed=180s log_stale=155s
[2026-09-14 13:59:13] run11 : poll - elapsed=200s log_stale=175s
[2026-09-14 13:59:33] run11 : poll - elapsed=220s log_stale=9s
[2026-09-14 13:59:53] run11 : poll - elapsed=240s log_stale=29s
[2026-09-14 14:00:13] run11 : poll - elapsed=260s log_stale=49s
[2026-09-14 14:00:33] run11 : poll - elapsed=280s log_stale=69s
[2026-09-14 14:00:53] run11 : poll - elapsed=300s log_stale=89s
[2026-09-14 14:01:13] run11 : poll - elapsed=320s log_stale=109s
[2026-09-14 14:01:33] run11 : poll - elapsed=340s log_stale=129s
[2026-09-14 14:01:53] run11 : poll - elapsed=360s log_stale=13s
[2026-09-14 14:02:13] run11 : poll - elapsed=380s log_stale=33s
[2026-09-14 14:02:33] run11 : poll - elapsed=400s log_stale=53s
[2026-09-14 14:02:53] run11 : poll - elapsed=421s log_stale=73s
[2026-09-14 14:03:13] run11 : poll - elapsed=441s log_stale=93s
[2026-09-14 14:03:33] run11 : poll - elapsed=461s log_stale=113s
[2026-09-14 14:03:53] run11 : poll - elapsed=481s log_stale=133s
[2026-09-14 14:04:13] run11 : poll - elapsed=501s log_stale=15s
[2026-09-14 14:04:33] run11 : poll - elapsed=521s log_stale=35s
[2026-09-14 14:04:53] run11 : poll - elapsed=541s log_stale=55s
[2026-09-14 14:05:13] run11 : poll - elapsed=561s log_stale=75s
[2026-09-14 14:05:33] run11 : poll - elapsed=581s log_stale=95s
[2026-09-14 14:05:53] run11 : poll - elapsed=601s log_stale=115s
[2026-09-14 14:06:13] run11 : poll - elapsed=621s log_stale=135s
[2026-09-14 14:06:33] run11 : poll - elapsed=641s log_stale=19s
[2026-09-14 14:06:53] run11 : poll - elapsed=661s log_stale=39s
[2026-09-14 14:07:13] run11 : poll - elapsed=681s log_stale=59s
[2026-09-14 14:07:33] run11 : poll - elapsed=701s log_stale=79s
[2026-09-14 14:07:53] run11 : poll - elapsed=721s log_stale=99s
[2026-09-14 14:08:13] run11 : poll - elapsed=741s log_stale=119s
[2026-09-14 14:08:33] run11 : poll - elapsed=761s log_stale=3s
[2026-09-14 14:08:53] run11 : poll - elapsed=781s log_stale=23s
[2026-09-14 14:09:13] run11 : poll - elapsed=801s log_stale=43s
[2026-09-14 14:09:33] run11 : poll - elapsed=821s log_stale=63s
[2026-09-14 14:09:53] run11 : poll - elapsed=841s log_stale=83s
[2026-09-14 14:10:13] run11 : poll - elapsed=861s log_stale=103s
[2026-09-14 14:10:33] run11 : poll - elapsed=881s log_stale=123s
[2026-09-14 14:10:53] run11 : poll - elapsed=901s log_stale=6s
[2026-09-14 14:11:13] run11 : poll - elapsed=921s log_stale=26s
[2026-09-14 14:11:33] run11 : poll - elapsed=941s log_stale=46s
[2026-09-14 14:11:53] run11 : poll - elapsed=961s log_stale=66s
[2026-09-14 14:12:13] run11 : poll - elapsed=981s log_stale=86s
[2026-09-14 14:12:33] run11 : poll - elapsed=1001s log_stale=106s
[2026-09-14 14:12:53] run11 : poll - elapsed=1021s log_stale=126s
[2026-09-14 14:13:13] run11 : poll - elapsed=1041s log_stale=10s
[2026-09-14 14:13:34] run11 : poll - elapsed=1061s log_stale=30s
[2026-09-14 14:13:54] run11 : poll - elapsed=1081s log_stale=50s
[2026-09-14 14:14:14] run11 : poll - elapsed=1101s log_stale=70s
[2026-09-14 14:14:34] run11 : poll - elapsed=1121s log_stale=90s
[2026-09-14 14:14:54] run11 : poll - elapsed=1141s log_stale=110s
[2026-09-14 14:15:14] run11 : poll - elapsed=1161s log_stale=130s
[2026-09-14 14:15:34] run11 : poll - elapsed=1181s log_stale=14s
[2026-09-14 14:15:54] run11 : poll - elapsed=1202s log_stale=34s
[2026-09-14 14:16:14] run11 : poll - elapsed=1222s log_stale=54s
[2026-09-14 14:16:34] run11 : poll - elapsed=1242s log_stale=74s
[2026-09-14 14:16:54] run11 : poll - elapsed=1262s log_stale=94s
[2026-09-14 14:17:14] run11 : poll - elapsed=1282s log_stale=114s
[2026-09-14 14:17:34] run11 : poll - elapsed=1302s log_stale=134s
[2026-09-14 14:17:54] run11 : poll - elapsed=1322s log_stale=16s
[2026-09-14 14:18:14] run11 : poll - elapsed=1342s log_stale=36s
[2026-09-14 14:18:34] run11 : poll - elapsed=1362s log_stale=56s
[2026-09-14 14:18:54] run11 : poll - elapsed=1382s log_stale=76s
[2026-09-14 14:19:14] run11 : poll - elapsed=1402s log_stale=96s
[2026-09-14 14:19:34] run11 : poll - elapsed=1422s log_stale=116s
[2026-09-14 14:19:54] run11 : poll - elapsed=1442s log_stale=136s
[2026-09-14 14:20:14] run11 : poll - elapsed=1462s log_stale=20s
[2026-09-14 14:20:34] run11 : poll - elapsed=1482s log_stale=40s
[2026-09-14 14:20:54] run11 : poll - elapsed=1502s log_stale=60s
[2026-09-14 14:21:14] run11 : poll - elapsed=1522s log_stale=80s
[2026-09-14 14:21:34] run11 : poll - elapsed=1542s log_stale=100s
[2026-09-14 14:21:54] run11 : poll - elapsed=1562s log_stale=120s
[2026-09-14 14:22:14] run11 : poll - elapsed=1582s log_stale=4s
[2026-09-14 14:22:34] run11 : poll - elapsed=1602s log_stale=24s
[2026-09-14 14:22:54] run11 : poll - elapsed=1622s log_stale=44s
[2026-09-14 14:23:14] run11 : poll - elapsed=1642s log_stale=64s
[2026-09-14 14:23:34] run11 : poll - elapsed=1662s log_stale=84s
[2026-09-14 14:23:54] run11 : poll - elapsed=1682s log_stale=104s
[2026-09-14 14:24:14] run11 : poll - elapsed=1702s log_stale=124s
[2026-09-14 14:24:34] run11 : poll - elapsed=1722s log_stale=7s
[2026-09-14 14:24:54] run11 : poll - elapsed=1742s log_stale=27s
[2026-09-14 14:25:14] run11 : poll - elapsed=1762s log_stale=47s
[2026-09-14 14:25:34] run11 : poll - elapsed=1782s log_stale=67s
[2026-09-14 14:25:54] run11 : poll - elapsed=1802s log_stale=87s
[2026-09-14 14:26:15] run11 : poll - elapsed=1822s log_stale=107s
[2026-09-14 14:26:35] run11 : poll - elapsed=1842s log_stale=127s
[2026-09-14 14:26:55] run11 : poll - elapsed=1862s log_stale=10s
[2026-09-14 14:27:15] run11 : poll - elapsed=1882s log_stale=30s
[2026-09-14 14:27:35] run11 : poll - elapsed=1902s log_stale=50s
[2026-09-14 14:27:55] run11 : poll - elapsed=1922s log_stale=70s
[2026-09-14 14:28:15] run11 : poll - elapsed=1942s log_stale=90s
[2026-09-14 14:28:35] run11 : poll - elapsed=1962s log_stale=110s
[2026-09-14 14:28:55] run11 : poll - elapsed=1982s log_stale=130s
[2026-09-14 14:29:15] run11 : poll - elapsed=2002s log_stale=13s
[2026-09-14 14:29:35] run11 : poll - elapsed=2022s log_stale=33s
[2026-09-14 14:29:55] run11 : poll - elapsed=2043s log_stale=53s
[2026-09-14 14:30:15] run11 : poll - elapsed=2063s log_stale=73s
[2026-09-14 14:30:35] run11 : poll - elapsed=2083s log_stale=93s
[2026-09-14 14:30:55] run11 : poll - elapsed=2103s log_stale=113s
[2026-09-14 14:31:15] run11 : poll - elapsed=2123s log_stale=133s
[2026-09-14 14:31:35] run11 : poll - elapsed=2143s log_stale=16s
[2026-09-14 14:31:55] run11 : poll - elapsed=2163s log_stale=36s
[2026-09-14 14:32:15] run11 : poll - elapsed=2183s log_stale=56s
[2026-09-14 14:32:35] run11 : poll - elapsed=2203s log_stale=76s
[2026-09-14 14:32:55] run11 : poll - elapsed=2223s log_stale=96s
[2026-09-14 14:33:15] run11 : poll - elapsed=2243s log_stale=116s
[2026-09-14 14:33:35] run11 : poll - elapsed=2263s log_stale=136s
[2026-09-14 14:33:55] run11 : poll - elapsed=2283s log_stale=19s
[2026-09-14 14:34:15] run11 : poll - elapsed=2303s log_stale=39s
[2026-09-14 14:34:35] run11 : poll - elapsed=2323s log_stale=59s
[2026-09-14 14:34:55] run11 : poll - elapsed=2343s log_stale=79s
[2026-09-14 14:35:15] run11 : poll - elapsed=2363s log_stale=99s
[2026-09-14 14:35:35] run11 : poll - elapsed=2383s log_stale=119s
[2026-09-14 14:35:55] run11 : poll - elapsed=2403s log_stale=1s
[2026-09-14 14:36:15] run11 : poll - elapsed=2423s log_stale=21s
[2026-09-14 14:36:35] run11 : poll - elapsed=2443s log_stale=41s
[2026-09-14 14:36:55] run11 : poll - elapsed=2463s log_stale=61s
[2026-09-14 14:37:15] run11 : poll - elapsed=2483s log_stale=81s
[2026-09-14 14:37:35] run11 : poll - elapsed=2503s log_stale=101s
[2026-09-14 14:37:55] run11 : poll - elapsed=2523s log_stale=121s
[2026-09-14 14:38:15] run11 : poll - elapsed=2543s log_stale=3s
[2026-09-14 14:38:35] run11 : poll - elapsed=2563s log_stale=23s
[2026-09-14 14:38:55] run11 : poll - elapsed=2583s log_stale=43s
[2026-09-14 14:39:15] run11 : poll - elapsed=2603s log_stale=63s
[2026-09-14 14:39:35] run11 : poll - elapsed=2623s log_stale=83s
[2026-09-14 14:39:55] run11 : poll - elapsed=2643s log_stale=103s
[2026-09-14 14:40:15] run11 : poll - elapsed=2663s log_stale=123s
[2026-09-14 14:40:35] run11 : poll - elapsed=2683s log_stale=5s
[2026-09-14 14:40:55] run11 : poll - elapsed=2703s log_stale=25s
[2026-09-14 14:41:16] run11 : poll - elapsed=2723s log_stale=45s
[2026-09-14 14:41:36] run11 : poll - elapsed=2743s log_stale=65s
[2026-09-14 14:41:56] run11 : poll - elapsed=2763s log_stale=85s
[2026-09-14 14:42:16] run11 : poll - elapsed=2783s log_stale=105s
[2026-09-14 14:42:36] run11 : poll - elapsed=2803s log_stale=125s
[2026-09-14 14:42:56] run11 : poll - elapsed=2823s log_stale=8s
[2026-09-14 14:43:16] run11 : poll - elapsed=2843s log_stale=28s
[2026-09-14 14:43:36] run11 : poll - elapsed=2863s log_stale=48s
[2026-09-14 14:43:56] run11 : poll - elapsed=2883s log_stale=68s
[2026-09-14 14:44:16] run11 : poll - elapsed=2903s log_stale=88s
[2026-09-14 14:44:36] run11 : poll - elapsed=2923s log_stale=108s
[2026-09-14 14:44:56] run11 : poll - elapsed=2943s log_stale=128s
[2026-09-14 14:45:16] run11 : THANH CONG - D:\ResearchLab\02_Projects\02_Projects\MOSFOA paper 2\code\results\MOSFOA2_A_Np8_Maxit20_run11_FINAL.mat da xuat hien.
[2026-09-14 14:45:16] ----- Bat dau run12 (12/20) -----
[2026-09-14 14:45:20] run12 : launching MATLAB (attempt 1)
[2026-09-14 14:45:40] run12 : poll - elapsed=20s log_stale=9s
[2026-09-14 14:46:00] run12 : poll - elapsed=40s log_stale=15s
[2026-09-14 14:46:20] run12 : poll - elapsed=60s log_stale=35s
[2026-09-14 14:46:40] run12 : poll - elapsed=80s log_stale=55s
[2026-09-14 14:47:00] run12 : poll - elapsed=100s log_stale=75s
[2026-09-14 14:47:20] run12 : poll - elapsed=120s log_stale=95s
[2026-09-14 14:47:40] run12 : poll - elapsed=140s log_stale=115s
[2026-09-14 14:48:00] run12 : poll - elapsed=160s log_stale=135s
[2026-09-14 14:48:20] run12 : poll - elapsed=180s log_stale=155s
[2026-09-14 14:48:40] run12 : poll - elapsed=200s log_stale=175s
[2026-09-14 14:49:00] run12 : poll - elapsed=220s log_stale=7s
[2026-09-14 14:49:20] run12 : poll - elapsed=240s log_stale=27s
[2026-09-14 14:49:40] run12 : poll - elapsed=260s log_stale=47s
[2026-09-14 14:50:00] run12 : poll - elapsed=280s log_stale=67s
[2026-09-14 14:50:20] run12 : poll - elapsed=300s log_stale=87s
[2026-09-14 14:50:40] run12 : poll - elapsed=320s log_stale=107s
[2026-09-14 14:51:00] run12 : poll - elapsed=340s log_stale=127s
[2026-09-14 14:51:20] run12 : poll - elapsed=360s log_stale=9s
[2026-09-14 14:51:40] run12 : poll - elapsed=380s log_stale=29s
[2026-09-14 14:52:00] run12 : poll - elapsed=400s log_stale=49s
[2026-09-14 14:52:20] run12 : poll - elapsed=421s log_stale=69s
[2026-09-14 14:52:40] run12 : poll - elapsed=441s log_stale=89s
[2026-09-14 14:53:00] run12 : poll - elapsed=461s log_stale=109s
[2026-09-14 14:53:20] run12 : poll - elapsed=481s log_stale=129s
[2026-09-14 14:53:40] run12 : poll - elapsed=501s log_stale=12s
[2026-09-14 14:54:00] run12 : poll - elapsed=521s log_stale=32s
[2026-09-14 14:54:20] run12 : poll - elapsed=541s log_stale=52s
[2026-09-14 14:54:40] run12 : poll - elapsed=561s log_stale=72s
[2026-09-14 14:55:00] run12 : poll - elapsed=581s log_stale=92s
[2026-09-14 14:55:20] run12 : poll - elapsed=601s log_stale=112s
[2026-09-14 14:55:40] run12 : poll - elapsed=621s log_stale=132s
[2026-09-14 14:56:00] run12 : poll - elapsed=641s log_stale=14s
[2026-09-14 14:56:20] run12 : poll - elapsed=661s log_stale=34s
[2026-09-14 14:56:40] run12 : poll - elapsed=681s log_stale=54s
[2026-09-14 14:57:00] run12 : poll - elapsed=701s log_stale=74s
[2026-09-14 14:57:20] run12 : poll - elapsed=721s log_stale=94s
[2026-09-14 14:57:40] run12 : poll - elapsed=741s log_stale=114s
[2026-09-14 14:58:00] run12 : poll - elapsed=761s log_stale=134s
[2026-09-14 14:58:20] run12 : poll - elapsed=781s log_stale=16s
[2026-09-14 14:58:40] run12 : poll - elapsed=801s log_stale=36s
[2026-09-14 14:59:00] run12 : poll - elapsed=821s log_stale=56s
[2026-09-14 14:59:20] run12 : poll - elapsed=841s log_stale=76s
[2026-09-14 14:59:40] run12 : poll - elapsed=861s log_stale=96s
[2026-09-14 15:00:01] run12 : poll - elapsed=881s log_stale=116s
[2026-09-14 15:00:21] run12 : poll - elapsed=901s log_stale=136s
[2026-09-14 15:00:41] run12 : poll - elapsed=921s log_stale=17s
[2026-09-14 15:01:01] run12 : poll - elapsed=941s log_stale=37s
[2026-09-14 15:01:21] run12 : poll - elapsed=961s log_stale=57s
[2026-09-14 15:01:41] run12 : poll - elapsed=981s log_stale=77s
[2026-09-14 15:02:01] run12 : poll - elapsed=1001s log_stale=98s
[2026-09-14 15:02:21] run12 : poll - elapsed=1021s log_stale=118s
[2026-09-14 15:02:41] run12 : poll - elapsed=1041s log_stale=138s
[2026-09-14 15:03:01] run12 : poll - elapsed=1061s log_stale=19s
[2026-09-14 15:03:21] run12 : poll - elapsed=1081s log_stale=39s
[2026-09-14 15:03:41] run12 : poll - elapsed=1101s log_stale=59s
[2026-09-14 15:04:01] run12 : poll - elapsed=1121s log_stale=79s
[2026-09-14 15:04:21] run12 : poll - elapsed=1141s log_stale=99s
[2026-09-14 15:04:41] run12 : poll - elapsed=1161s log_stale=119s
[2026-09-14 15:05:01] run12 : poll - elapsed=1181s log_stale=1s
[2026-09-14 15:05:21] run12 : poll - elapsed=1201s log_stale=21s
[2026-09-14 15:05:41] run12 : poll - elapsed=1221s log_stale=41s
[2026-09-14 15:06:01] run12 : poll - elapsed=1241s log_stale=61s
[2026-09-14 15:06:21] run12 : poll - elapsed=1261s log_stale=81s
[2026-09-14 15:06:41] run12 : poll - elapsed=1281s log_stale=101s
[2026-09-14 15:07:01] run12 : poll - elapsed=1301s log_stale=121s
[2026-09-14 15:07:21] run12 : poll - elapsed=1321s log_stale=3s
[2026-09-14 15:07:41] run12 : poll - elapsed=1341s log_stale=23s
[2026-09-14 15:08:01] run12 : poll - elapsed=1361s log_stale=43s
[2026-09-14 15:08:21] run12 : poll - elapsed=1382s log_stale=63s
[2026-09-14 15:08:41] run12 : poll - elapsed=1402s log_stale=83s
[2026-09-14 15:09:01] run12 : poll - elapsed=1422s log_stale=103s
[2026-09-14 15:09:21] run12 : poll - elapsed=1442s log_stale=123s
[2026-09-14 15:09:41] run12 : poll - elapsed=1462s log_stale=4s
[2026-09-14 15:10:01] run12 : poll - elapsed=1482s log_stale=24s
[2026-09-14 15:10:21] run12 : poll - elapsed=1502s log_stale=45s
[2026-09-14 15:10:41] run12 : poll - elapsed=1522s log_stale=65s
[2026-09-14 15:11:01] run12 : poll - elapsed=1542s log_stale=85s
[2026-09-14 15:11:21] run12 : poll - elapsed=1562s log_stale=105s
[2026-09-14 15:11:41] run12 : poll - elapsed=1582s log_stale=125s
[2026-09-14 15:12:01] run12 : poll - elapsed=1602s log_stale=7s
[2026-09-14 15:12:21] run12 : poll - elapsed=1622s log_stale=27s
[2026-09-14 15:12:41] run12 : poll - elapsed=1642s log_stale=47s
[2026-09-14 15:13:01] run12 : poll - elapsed=1662s log_stale=67s
[2026-09-14 15:13:21] run12 : poll - elapsed=1682s log_stale=87s
[2026-09-14 15:13:41] run12 : poll - elapsed=1702s log_stale=107s
[2026-09-14 15:14:02] run12 : poll - elapsed=1722s log_stale=127s
[2026-09-14 15:14:22] run12 : poll - elapsed=1742s log_stale=9s
[2026-09-14 15:14:42] run12 : poll - elapsed=1762s log_stale=29s
[2026-09-14 15:15:02] run12 : poll - elapsed=1782s log_stale=49s
[2026-09-14 15:15:22] run12 : poll - elapsed=1802s log_stale=69s
[2026-09-14 15:15:42] run12 : poll - elapsed=1822s log_stale=89s
[2026-09-14 15:16:02] run12 : poll - elapsed=1842s log_stale=109s
[2026-09-14 15:16:22] run12 : poll - elapsed=1862s log_stale=129s
[2026-09-14 15:16:42] run12 : poll - elapsed=1882s log_stale=12s
[2026-09-14 15:17:02] run12 : poll - elapsed=1902s log_stale=32s
[2026-09-14 15:17:22] run12 : poll - elapsed=1922s log_stale=52s
[2026-09-14 15:17:42] run12 : poll - elapsed=1942s log_stale=72s
[2026-09-14 15:18:02] run12 : poll - elapsed=1962s log_stale=92s
[2026-09-14 15:18:22] run12 : poll - elapsed=1982s log_stale=112s
[2026-09-14 15:18:42] run12 : poll - elapsed=2002s log_stale=132s
[2026-09-14 15:19:02] run12 : poll - elapsed=2022s log_stale=13s
[2026-09-14 15:19:22] run12 : poll - elapsed=2042s log_stale=33s
[2026-09-14 15:19:42] run12 : poll - elapsed=2062s log_stale=53s
[2026-09-14 15:20:02] run12 : poll - elapsed=2082s log_stale=73s
[2026-09-14 15:20:22] run12 : poll - elapsed=2102s log_stale=93s
[2026-09-14 15:20:42] run12 : poll - elapsed=2122s log_stale=113s
[2026-09-14 15:21:02] run12 : poll - elapsed=2142s log_stale=133s
[2026-09-14 15:21:22] run12 : poll - elapsed=2162s log_stale=16s
[2026-09-14 15:21:42] run12 : poll - elapsed=2182s log_stale=36s
[2026-09-14 15:22:02] run12 : poll - elapsed=2202s log_stale=56s
[2026-09-14 15:22:22] run12 : poll - elapsed=2222s log_stale=76s
[2026-09-14 15:22:42] run12 : poll - elapsed=2242s log_stale=96s
[2026-09-14 15:23:02] run12 : poll - elapsed=2263s log_stale=116s
[2026-09-14 15:23:22] run12 : poll - elapsed=2283s log_stale=136s
[2026-09-14 15:23:42] run12 : poll - elapsed=2303s log_stale=18s
[2026-09-14 15:24:02] run12 : poll - elapsed=2323s log_stale=38s
[2026-09-14 15:24:22] run12 : poll - elapsed=2343s log_stale=58s
[2026-09-14 15:24:42] run12 : poll - elapsed=2363s log_stale=78s
[2026-09-14 15:25:02] run12 : poll - elapsed=2383s log_stale=98s
[2026-09-14 15:25:22] run12 : poll - elapsed=2403s log_stale=118s
[2026-09-14 15:25:42] run12 : poll - elapsed=2423s log_stale=138s
[2026-09-14 15:26:02] run12 : poll - elapsed=2443s log_stale=20s
[2026-09-14 15:26:22] run12 : poll - elapsed=2463s log_stale=40s
[2026-09-14 15:26:42] run12 : poll - elapsed=2483s log_stale=60s
[2026-09-14 15:27:02] run12 : poll - elapsed=2503s log_stale=80s
[2026-09-14 15:27:22] run12 : poll - elapsed=2523s log_stale=100s
[2026-09-14 15:27:42] run12 : poll - elapsed=2543s log_stale=120s
[2026-09-14 15:28:02] run12 : poll - elapsed=2563s log_stale=2s
[2026-09-14 15:28:22] run12 : poll - elapsed=2583s log_stale=22s
[2026-09-14 15:28:42] run12 : poll - elapsed=2603s log_stale=42s
[2026-09-14 15:29:02] run12 : poll - elapsed=2623s log_stale=62s
[2026-09-14 15:29:22] run12 : poll - elapsed=2643s log_stale=82s
[2026-09-14 15:29:42] run12 : poll - elapsed=2663s log_stale=102s
[2026-09-14 15:30:02] run12 : poll - elapsed=2683s log_stale=122s
[2026-09-14 15:30:23] run12 : poll - elapsed=2703s log_stale=5s
[2026-09-14 15:30:43] run12 : poll - elapsed=2723s log_stale=25s
[2026-09-14 15:31:03] run12 : poll - elapsed=2743s log_stale=45s
[2026-09-14 15:31:23] run12 : poll - elapsed=2763s log_stale=65s
[2026-09-14 15:31:43] run12 : poll - elapsed=2783s log_stale=85s
[2026-09-14 15:32:03] run12 : poll - elapsed=2803s log_stale=105s
[2026-09-14 15:32:23] run12 : poll - elapsed=2823s log_stale=125s
[2026-09-14 15:32:43] run12 : poll - elapsed=2843s log_stale=6s
[2026-09-14 15:33:03] run12 : poll - elapsed=2863s log_stale=26s
[2026-09-14 15:33:23] run12 : poll - elapsed=2883s log_stale=46s
[2026-09-14 15:33:43] run12 : poll - elapsed=2903s log_stale=66s
[2026-09-14 15:34:03] run12 : poll - elapsed=2923s log_stale=86s
[2026-09-14 15:34:23] run12 : poll - elapsed=2943s log_stale=106s
[2026-09-14 15:34:43] run12 : poll - elapsed=2963s log_stale=126s
[2026-09-14 15:35:03] run12 : THANH CONG - D:\ResearchLab\02_Projects\02_Projects\MOSFOA paper 2\code\results\MOSFOA2_A_Np8_Maxit20_run12_FINAL.mat da xuat hien.
[2026-09-14 15:35:03] ----- Bat dau run13 (13/20) -----
[2026-09-14 15:35:07] run13 : launching MATLAB (attempt 1)
[2026-09-14 15:35:27] run13 : poll - elapsed=20s log_stale=9s
[2026-09-14 15:35:47] run13 : poll - elapsed=40s log_stale=15s
[2026-09-14 15:36:07] run13 : poll - elapsed=60s log_stale=35s
[2026-09-14 15:36:27] run13 : poll - elapsed=80s log_stale=55s
[2026-09-14 15:36:47] run13 : poll - elapsed=100s log_stale=75s
[2026-09-14 15:37:07] run13 : poll - elapsed=120s log_stale=95s
[2026-09-14 15:37:27] run13 : poll - elapsed=140s log_stale=115s
[2026-09-14 15:37:47] run13 : poll - elapsed=160s log_stale=135s
[2026-09-14 15:38:07] run13 : poll - elapsed=180s log_stale=155s
[2026-09-14 15:38:27] run13 : poll - elapsed=200s log_stale=175s
[2026-09-14 15:38:47] run13 : poll - elapsed=220s log_stale=4s
[2026-09-14 15:39:07] run13 : poll - elapsed=240s log_stale=24s
[2026-09-14 15:39:27] run13 : poll - elapsed=260s log_stale=44s
[2026-09-14 15:39:47] run13 : poll - elapsed=280s log_stale=64s
[2026-09-14 15:40:07] run13 : poll - elapsed=300s log_stale=84s
[2026-09-14 15:40:27] run13 : poll - elapsed=320s log_stale=104s
[2026-09-14 15:40:47] run13 : poll - elapsed=340s log_stale=124s
[2026-09-14 15:41:07] run13 : poll - elapsed=360s log_stale=4s
[2026-09-14 15:41:27] run13 : poll - elapsed=380s log_stale=24s
[2026-09-14 15:41:47] run13 : poll - elapsed=400s log_stale=44s
[2026-09-14 15:42:07] run13 : poll - elapsed=420s log_stale=64s
[2026-09-14 15:42:27] run13 : poll - elapsed=440s log_stale=85s
[2026-09-14 15:42:47] run13 : poll - elapsed=460s log_stale=105s
[2026-09-14 15:43:07] run13 : poll - elapsed=481s log_stale=125s
[2026-09-14 15:43:27] run13 : poll - elapsed=501s log_stale=5s
[2026-09-14 15:43:47] run13 : poll - elapsed=521s log_stale=25s
[2026-09-14 15:44:07] run13 : poll - elapsed=541s log_stale=45s
[2026-09-14 15:44:27] run13 : poll - elapsed=561s log_stale=65s
[2026-09-14 15:44:47] run13 : poll - elapsed=581s log_stale=85s
[2026-09-14 15:45:07] run13 : poll - elapsed=601s log_stale=105s
[2026-09-14 15:45:27] run13 : poll - elapsed=621s log_stale=125s
[2026-09-14 15:45:47] run13 : poll - elapsed=641s log_stale=6s
[2026-09-14 15:46:07] run13 : poll - elapsed=661s log_stale=27s
[2026-09-14 15:46:27] run13 : poll - elapsed=681s log_stale=47s
[2026-09-14 15:46:47] run13 : poll - elapsed=701s log_stale=67s
[2026-09-14 15:47:07] run13 : poll - elapsed=721s log_stale=87s
[2026-09-14 15:47:27] run13 : poll - elapsed=741s log_stale=107s
[2026-09-14 15:47:47] run13 : poll - elapsed=761s log_stale=127s
[2026-09-14 15:48:07] run13 : poll - elapsed=781s log_stale=7s
[2026-09-14 15:48:27] run13 : poll - elapsed=801s log_stale=27s
[2026-09-14 15:48:48] run13 : poll - elapsed=821s log_stale=47s
[2026-09-14 15:49:08] run13 : poll - elapsed=841s log_stale=68s
[2026-09-14 15:49:28] run13 : poll - elapsed=861s log_stale=88s
[2026-09-14 15:49:48] run13 : poll - elapsed=881s log_stale=108s
[2026-09-14 15:50:08] run13 : poll - elapsed=901s log_stale=128s
[2026-09-14 15:50:28] run13 : poll - elapsed=921s log_stale=8s
[2026-09-14 15:50:48] run13 : poll - elapsed=941s log_stale=28s
[2026-09-14 15:51:08] run13 : poll - elapsed=961s log_stale=48s
[2026-09-14 15:51:28] run13 : poll - elapsed=981s log_stale=68s
[2026-09-14 15:51:48] run13 : poll - elapsed=1001s log_stale=88s
[2026-09-14 15:52:08] run13 : poll - elapsed=1021s log_stale=108s
[2026-09-14 15:52:28] run13 : poll - elapsed=1041s log_stale=128s
[2026-09-14 15:52:48] run13 : poll - elapsed=1061s log_stale=10s
[2026-09-14 15:53:08] run13 : poll - elapsed=1081s log_stale=30s
[2026-09-14 15:53:28] run13 : poll - elapsed=1101s log_stale=50s
[2026-09-14 15:53:48] run13 : poll - elapsed=1121s log_stale=70s
[2026-09-14 15:54:08] run13 : poll - elapsed=1141s log_stale=90s
[2026-09-14 15:54:28] run13 : poll - elapsed=1161s log_stale=110s
[2026-09-14 15:54:48] run13 : poll - elapsed=1181s log_stale=130s
[2026-09-14 15:55:08] run13 : poll - elapsed=1201s log_stale=10s
[2026-09-14 15:55:28] run13 : poll - elapsed=1221s log_stale=31s
[2026-09-14 15:55:48] run13 : poll - elapsed=1241s log_stale=51s
[2026-09-14 15:56:08] run13 : poll - elapsed=1261s log_stale=71s
[2026-09-14 15:56:28] run13 : poll - elapsed=1281s log_stale=91s
[2026-09-14 15:56:48] run13 : poll - elapsed=1301s log_stale=111s
[2026-09-14 15:57:08] run13 : poll - elapsed=1321s log_stale=131s
[2026-09-14 15:57:28] run13 : poll - elapsed=1341s log_stale=12s
[2026-09-14 15:57:48] run13 : poll - elapsed=1361s log_stale=32s
[2026-09-14 15:58:08] run13 : poll - elapsed=1381s log_stale=52s
[2026-09-14 15:58:28] run13 : poll - elapsed=1401s log_stale=72s
[2026-09-14 15:58:48] run13 : poll - elapsed=1422s log_stale=92s
[2026-09-14 15:59:08] run13 : poll - elapsed=1442s log_stale=112s
[2026-09-14 15:59:28] run13 : poll - elapsed=1462s log_stale=132s
[2026-09-14 15:59:48] run13 : poll - elapsed=1482s log_stale=12s
[2026-09-14 16:00:08] run13 : poll - elapsed=1502s log_stale=32s
[2026-09-14 16:00:28] run13 : poll - elapsed=1522s log_stale=52s
[2026-09-14 16:00:48] run13 : poll - elapsed=1542s log_stale=72s
[2026-09-14 16:01:08] run13 : poll - elapsed=1562s log_stale=92s
[2026-09-14 16:01:28] run13 : poll - elapsed=1582s log_stale=112s
[2026-09-14 16:01:48] run13 : poll - elapsed=1602s log_stale=132s
[2026-09-14 16:02:08] run13 : poll - elapsed=1622s log_stale=12s
[2026-09-14 16:02:28] run13 : poll - elapsed=1642s log_stale=32s
[2026-09-14 16:02:48] run13 : poll - elapsed=1662s log_stale=52s
[2026-09-14 16:03:08] run13 : poll - elapsed=1682s log_stale=72s
[2026-09-14 16:03:28] run13 : poll - elapsed=1702s log_stale=92s
[2026-09-14 16:03:48] run13 : poll - elapsed=1722s log_stale=112s
[2026-09-14 16:04:08] run13 : poll - elapsed=1742s log_stale=132s
[2026-09-14 16:04:28] run13 : poll - elapsed=1762s log_stale=14s
[2026-09-14 16:04:48] run13 : poll - elapsed=1782s log_stale=34s
[2026-09-14 16:05:08] run13 : poll - elapsed=1802s log_stale=54s
[2026-09-14 16:05:29] run13 : poll - elapsed=1822s log_stale=74s
[2026-09-14 16:05:49] run13 : poll - elapsed=1842s log_stale=94s
[2026-09-14 16:06:09] run13 : poll - elapsed=1862s log_stale=114s
[2026-09-14 16:06:29] run13 : poll - elapsed=1882s log_stale=134s
[2026-09-14 16:06:49] run13 : poll - elapsed=1902s log_stale=13s
[2026-09-14 16:07:09] run13 : poll - elapsed=1922s log_stale=33s
[2026-09-14 16:07:29] run13 : poll - elapsed=1942s log_stale=53s
[2026-09-14 16:07:49] run13 : poll - elapsed=1962s log_stale=73s
[2026-09-14 16:08:09] run13 : poll - elapsed=1982s log_stale=93s
[2026-09-14 16:08:29] run13 : poll - elapsed=2002s log_stale=113s
[2026-09-14 16:08:49] run13 : poll - elapsed=2022s log_stale=133s
[2026-09-14 16:09:09] run13 : poll - elapsed=2042s log_stale=13s
[2026-09-14 16:09:29] run13 : poll - elapsed=2062s log_stale=33s
[2026-09-14 16:09:49] run13 : poll - elapsed=2082s log_stale=53s
[2026-09-14 16:10:09] run13 : poll - elapsed=2102s log_stale=73s
[2026-09-14 16:10:29] run13 : poll - elapsed=2122s log_stale=93s
[2026-09-14 16:10:49] run13 : poll - elapsed=2142s log_stale=113s
[2026-09-14 16:11:09] run13 : poll - elapsed=2162s log_stale=133s
[2026-09-14 16:11:29] run13 : poll - elapsed=2182s log_stale=13s
[2026-09-14 16:11:49] run13 : poll - elapsed=2202s log_stale=33s
[2026-09-14 16:12:09] run13 : poll - elapsed=2222s log_stale=53s
[2026-09-14 16:12:29] run13 : poll - elapsed=2242s log_stale=73s
[2026-09-14 16:12:49] run13 : poll - elapsed=2262s log_stale=93s
[2026-09-14 16:13:09] run13 : poll - elapsed=2282s log_stale=113s
[2026-09-14 16:13:29] run13 : poll - elapsed=2302s log_stale=133s
[2026-09-14 16:13:49] run13 : poll - elapsed=2322s log_stale=13s
[2026-09-14 16:14:09] run13 : poll - elapsed=2342s log_stale=33s
[2026-09-14 16:14:29] run13 : poll - elapsed=2362s log_stale=54s
[2026-09-14 16:14:49] run13 : poll - elapsed=2382s log_stale=74s
[2026-09-14 16:15:09] run13 : poll - elapsed=2402s log_stale=94s
[2026-09-14 16:15:29] run13 : poll - elapsed=2422s log_stale=114s
[2026-09-14 16:15:49] run13 : poll - elapsed=2442s log_stale=134s
[2026-09-14 16:16:09] run13 : poll - elapsed=2462s log_stale=13s
[2026-09-14 16:16:29] run13 : poll - elapsed=2482s log_stale=33s
[2026-09-14 16:16:49] run13 : poll - elapsed=2502s log_stale=53s
[2026-09-14 16:17:09] run13 : poll - elapsed=2523s log_stale=73s
[2026-09-14 16:17:29] run13 : poll - elapsed=2543s log_stale=93s
[2026-09-14 16:17:49] run13 : poll - elapsed=2563s log_stale=113s
[2026-09-14 16:18:09] run13 : poll - elapsed=2583s log_stale=134s
[2026-09-14 16:18:29] run13 : poll - elapsed=2603s log_stale=14s
[2026-09-14 16:18:49] run13 : poll - elapsed=2623s log_stale=34s
[2026-09-14 16:19:09] run13 : poll - elapsed=2643s log_stale=54s
[2026-09-14 16:19:29] run13 : poll - elapsed=2663s log_stale=74s
[2026-09-14 16:19:49] run13 : poll - elapsed=2683s log_stale=94s
[2026-09-14 16:20:09] run13 : poll - elapsed=2703s log_stale=114s
[2026-09-14 16:20:29] run13 : poll - elapsed=2723s log_stale=134s
[2026-09-14 16:20:49] run13 : poll - elapsed=2743s log_stale=14s
[2026-09-14 16:21:09] run13 : poll - elapsed=2763s log_stale=34s
[2026-09-14 16:21:29] run13 : poll - elapsed=2783s log_stale=54s
[2026-09-14 16:21:49] run13 : poll - elapsed=2803s log_stale=74s
[2026-09-14 16:22:10] run13 : poll - elapsed=2823s log_stale=94s
[2026-09-14 16:22:30] run13 : poll - elapsed=2843s log_stale=114s
[2026-09-14 16:22:50] run13 : poll - elapsed=2863s log_stale=134s
[2026-09-14 16:23:10] run13 : poll - elapsed=2883s log_stale=14s
[2026-09-14 16:23:30] run13 : poll - elapsed=2903s log_stale=34s
[2026-09-14 16:23:50] run13 : poll - elapsed=2923s log_stale=54s
[2026-09-14 16:24:10] run13 : poll - elapsed=2943s log_stale=74s
[2026-09-14 16:24:30] run13 : poll - elapsed=2963s log_stale=94s
[2026-09-14 16:24:50] run13 : poll - elapsed=2983s log_stale=114s
[2026-09-14 16:25:10] run13 : poll - elapsed=3003s log_stale=134s
[2026-09-14 16:25:30] run13 : THANH CONG - D:\ResearchLab\02_Projects\02_Projects\MOSFOA paper 2\code\results\MOSFOA2_A_Np8_Maxit20_run13_FINAL.mat da xuat hien.
[2026-09-14 16:25:30] ----- Bat dau run14 (14/20) -----
[2026-09-14 16:25:33] run14 : launching MATLAB (attempt 1)
[2026-09-14 16:25:53] run14 : poll - elapsed=20s log_stale=9s
[2026-09-14 16:26:13] run14 : poll - elapsed=40s log_stale=15s
[2026-09-14 16:26:33] run14 : poll - elapsed=60s log_stale=35s
[2026-09-14 16:26:53] run14 : poll - elapsed=80s log_stale=55s
[2026-09-14 16:27:13] run14 : poll - elapsed=100s log_stale=75s
[2026-09-14 16:27:34] run14 : poll - elapsed=120s log_stale=96s
[2026-09-14 16:27:54] run14 : poll - elapsed=140s log_stale=116s
[2026-09-14 16:28:14] run14 : poll - elapsed=160s log_stale=136s
[2026-09-14 16:28:34] run14 : poll - elapsed=180s log_stale=156s
[2026-09-14 16:28:54] run14 : poll - elapsed=200s log_stale=176s
[2026-09-14 16:29:14] run14 : poll - elapsed=220s log_stale=13s
[2026-09-14 16:29:34] run14 : poll - elapsed=240s log_stale=33s
[2026-09-14 16:29:54] run14 : poll - elapsed=260s log_stale=53s
[2026-09-14 16:30:14] run14 : poll - elapsed=280s log_stale=73s
[2026-09-14 16:30:34] run14 : poll - elapsed=300s log_stale=93s
[2026-09-14 16:30:54] run14 : poll - elapsed=320s log_stale=113s
[2026-09-14 16:31:14] run14 : poll - elapsed=340s log_stale=133s
[2026-09-14 16:31:34] run14 : poll - elapsed=360s log_stale=15s
[2026-09-14 16:31:54] run14 : poll - elapsed=380s log_stale=35s
[2026-09-14 16:32:14] run14 : poll - elapsed=400s log_stale=55s
[2026-09-14 16:32:34] run14 : poll - elapsed=420s log_stale=75s
[2026-09-14 16:32:54] run14 : poll - elapsed=440s log_stale=95s
[2026-09-14 16:33:14] run14 : poll - elapsed=460s log_stale=115s
[2026-09-14 16:33:34] run14 : poll - elapsed=480s log_stale=135s
[2026-09-14 16:33:54] run14 : poll - elapsed=500s log_stale=14s
[2026-09-14 16:34:14] run14 : poll - elapsed=520s log_stale=35s
[2026-09-14 16:34:34] run14 : poll - elapsed=541s log_stale=55s
[2026-09-14 16:34:54] run14 : poll - elapsed=561s log_stale=75s
[2026-09-14 16:35:14] run14 : poll - elapsed=581s log_stale=95s
[2026-09-14 16:35:34] run14 : poll - elapsed=601s log_stale=115s
[2026-09-14 16:35:54] run14 : poll - elapsed=621s log_stale=135s
[2026-09-14 16:36:14] run14 : poll - elapsed=641s log_stale=15s
[2026-09-14 16:36:34] run14 : poll - elapsed=661s log_stale=35s
[2026-09-14 16:36:54] run14 : poll - elapsed=681s log_stale=55s
[2026-09-14 16:37:14] run14 : poll - elapsed=701s log_stale=76s
[2026-09-14 16:37:34] run14 : poll - elapsed=721s log_stale=96s
[2026-09-14 16:37:54] run14 : poll - elapsed=741s log_stale=116s
[2026-09-14 16:38:14] run14 : poll - elapsed=761s log_stale=136s
[2026-09-14 16:38:34] run14 : poll - elapsed=781s log_stale=16s
[2026-09-14 16:38:54] run14 : poll - elapsed=801s log_stale=36s
[2026-09-14 16:39:14] run14 : poll - elapsed=821s log_stale=56s
[2026-09-14 16:39:34] run14 : poll - elapsed=841s log_stale=76s
[2026-09-14 16:39:54] run14 : poll - elapsed=861s log_stale=97s
[2026-09-14 16:40:14] run14 : poll - elapsed=881s log_stale=117s
[2026-09-14 16:40:34] run14 : poll - elapsed=901s log_stale=137s
[2026-09-14 16:40:54] run14 : poll - elapsed=921s log_stale=19s
[2026-09-14 16:41:14] run14 : poll - elapsed=941s log_stale=39s
[2026-09-14 16:41:34] run14 : poll - elapsed=961s log_stale=59s
[2026-09-14 16:41:54] run14 : poll - elapsed=981s log_stale=79s
[2026-09-14 16:42:14] run14 : poll - elapsed=1001s log_stale=99s
[2026-09-14 16:42:34] run14 : poll - elapsed=1021s log_stale=119s
[2026-09-14 16:42:54] run14 : poll - elapsed=1041s log_stale=139s
[2026-09-14 16:43:14] run14 : poll - elapsed=1061s log_stale=20s
[2026-09-14 16:43:35] run14 : poll - elapsed=1081s log_stale=40s
[2026-09-14 16:43:55] run14 : poll - elapsed=1101s log_stale=60s
[2026-09-14 16:44:15] run14 : poll - elapsed=1121s log_stale=80s
[2026-09-14 16:44:35] run14 : poll - elapsed=1141s log_stale=100s
[2026-09-14 16:44:55] run14 : poll - elapsed=1161s log_stale=120s
[2026-09-14 16:45:15] run14 : poll - elapsed=1181s log_stale=2s
[2026-09-14 16:45:35] run14 : poll - elapsed=1201s log_stale=22s
[2026-09-14 16:45:55] run14 : poll - elapsed=1221s log_stale=42s
[2026-09-14 16:46:15] run14 : poll - elapsed=1241s log_stale=62s
[2026-09-14 16:46:35] run14 : poll - elapsed=1261s log_stale=82s
[2026-09-14 16:46:55] run14 : poll - elapsed=1281s log_stale=102s
[2026-09-14 16:47:15] run14 : poll - elapsed=1301s log_stale=122s
[2026-09-14 16:47:35] run14 : poll - elapsed=1321s log_stale=3s
[2026-09-14 16:47:55] run14 : poll - elapsed=1341s log_stale=23s
[2026-09-14 16:48:15] run14 : poll - elapsed=1361s log_stale=43s
[2026-09-14 16:48:35] run14 : poll - elapsed=1381s log_stale=63s
[2026-09-14 16:48:55] run14 : poll - elapsed=1401s log_stale=83s
[2026-09-14 16:49:15] run14 : poll - elapsed=1421s log_stale=103s
[2026-09-14 16:49:35] run14 : poll - elapsed=1441s log_stale=123s
[2026-09-14 16:49:55] run14 : poll - elapsed=1461s log_stale=5s
[2026-09-14 16:50:15] run14 : poll - elapsed=1481s log_stale=25s
[2026-09-14 16:50:35] run14 : poll - elapsed=1501s log_stale=45s
[2026-09-14 16:50:55] run14 : poll - elapsed=1521s log_stale=65s
[2026-09-14 16:51:15] run14 : poll - elapsed=1541s log_stale=85s
[2026-09-14 16:51:35] run14 : poll - elapsed=1561s log_stale=105s
[2026-09-14 16:51:55] run14 : poll - elapsed=1581s log_stale=125s
[2026-09-14 16:52:15] run14 : poll - elapsed=1602s log_stale=6s
[2026-09-14 16:52:35] run14 : poll - elapsed=1622s log_stale=26s
[2026-09-14 16:52:55] run14 : poll - elapsed=1642s log_stale=46s
[2026-09-14 16:53:15] run14 : poll - elapsed=1662s log_stale=66s
[2026-09-14 16:53:35] run14 : poll - elapsed=1682s log_stale=86s
[2026-09-14 16:53:55] run14 : poll - elapsed=1702s log_stale=106s
[2026-09-14 16:54:15] run14 : poll - elapsed=1722s log_stale=126s
[2026-09-14 16:54:35] run14 : poll - elapsed=1742s log_stale=7s
[2026-09-14 16:54:55] run14 : poll - elapsed=1762s log_stale=27s
[2026-09-14 16:55:15] run14 : poll - elapsed=1782s log_stale=47s
[2026-09-14 16:55:35] run14 : poll - elapsed=1802s log_stale=67s
[2026-09-14 16:55:55] run14 : poll - elapsed=1822s log_stale=87s
[2026-09-14 16:56:15] run14 : poll - elapsed=1842s log_stale=107s
[2026-09-14 16:56:35] run14 : poll - elapsed=1862s log_stale=127s
[2026-09-14 16:56:55] run14 : poll - elapsed=1882s log_stale=9s
[2026-09-14 16:57:15] run14 : poll - elapsed=1902s log_stale=29s
[2026-09-14 16:57:35] run14 : poll - elapsed=1922s log_stale=49s
[2026-09-14 16:57:55] run14 : poll - elapsed=1942s log_stale=69s
[2026-09-14 16:58:15] run14 : poll - elapsed=1962s log_stale=89s
[2026-09-14 16:58:35] run14 : poll - elapsed=1982s log_stale=109s
[2026-09-14 16:58:55] run14 : poll - elapsed=2002s log_stale=129s
[2026-09-14 16:59:15] run14 : poll - elapsed=2022s log_stale=10s
[2026-09-14 16:59:36] run14 : poll - elapsed=2042s log_stale=30s
[2026-09-14 16:59:56] run14 : poll - elapsed=2062s log_stale=50s
[2026-09-14 17:00:16] run14 : poll - elapsed=2082s log_stale=70s
[2026-09-14 17:00:36] run14 : poll - elapsed=2102s log_stale=90s
[2026-09-14 17:00:56] run14 : poll - elapsed=2122s log_stale=110s
[2026-09-14 17:01:16] run14 : poll - elapsed=2142s log_stale=130s
[2026-09-14 17:01:36] run14 : poll - elapsed=2162s log_stale=12s
[2026-09-14 17:01:56] run14 : poll - elapsed=2182s log_stale=32s
[2026-09-14 17:02:16] run14 : poll - elapsed=2202s log_stale=52s
[2026-09-14 17:02:36] run14 : poll - elapsed=2222s log_stale=72s
[2026-09-14 17:02:56] run14 : poll - elapsed=2242s log_stale=92s
[2026-09-14 17:03:16] run14 : poll - elapsed=2262s log_stale=112s
[2026-09-14 17:03:36] run14 : poll - elapsed=2282s log_stale=132s
[2026-09-14 17:03:56] run14 : poll - elapsed=2302s log_stale=13s
[2026-09-14 17:04:16] run14 : poll - elapsed=2322s log_stale=33s
[2026-09-14 17:04:36] run14 : poll - elapsed=2342s log_stale=53s
[2026-09-14 17:04:56] run14 : poll - elapsed=2362s log_stale=73s
[2026-09-14 17:05:16] run14 : poll - elapsed=2382s log_stale=93s
[2026-09-14 17:05:36] run14 : poll - elapsed=2403s log_stale=113s
[2026-09-14 17:05:56] run14 : poll - elapsed=2423s log_stale=133s
[2026-09-14 17:06:16] run14 : poll - elapsed=2443s log_stale=15s
[2026-09-14 17:06:36] run14 : poll - elapsed=2463s log_stale=35s
[2026-09-14 17:06:56] run14 : poll - elapsed=2483s log_stale=55s
[2026-09-14 17:07:16] run14 : poll - elapsed=2503s log_stale=75s
[2026-09-14 17:07:36] run14 : poll - elapsed=2523s log_stale=95s
[2026-09-14 17:07:56] run14 : poll - elapsed=2543s log_stale=115s
[2026-09-14 17:08:16] run14 : poll - elapsed=2563s log_stale=135s
[2026-09-14 17:08:36] run14 : poll - elapsed=2583s log_stale=17s
[2026-09-14 17:08:56] run14 : poll - elapsed=2603s log_stale=37s
[2026-09-14 17:09:16] run14 : poll - elapsed=2623s log_stale=57s
[2026-09-14 17:09:36] run14 : poll - elapsed=2643s log_stale=77s
[2026-09-14 17:09:56] run14 : poll - elapsed=2663s log_stale=97s
[2026-09-14 17:10:16] run14 : poll - elapsed=2683s log_stale=117s
[2026-09-14 17:10:36] run14 : poll - elapsed=2703s log_stale=137s
[2026-09-14 17:10:56] run14 : poll - elapsed=2723s log_stale=19s
[2026-09-14 17:11:16] run14 : poll - elapsed=2743s log_stale=39s
[2026-09-14 17:11:36] run14 : poll - elapsed=2763s log_stale=59s
[2026-09-14 17:11:56] run14 : poll - elapsed=2783s log_stale=79s
[2026-09-14 17:12:16] run14 : poll - elapsed=2803s log_stale=99s
[2026-09-14 17:12:36] run14 : poll - elapsed=2823s log_stale=119s
[2026-09-14 17:12:56] run14 : poll - elapsed=2843s log_stale=1s
[2026-09-14 17:13:16] run14 : poll - elapsed=2863s log_stale=21s
[2026-09-14 17:13:36] run14 : poll - elapsed=2883s log_stale=41s
[2026-09-14 17:13:56] run14 : poll - elapsed=2903s log_stale=61s
[2026-09-14 17:14:16] run14 : poll - elapsed=2923s log_stale=81s
[2026-09-14 17:14:36] run14 : poll - elapsed=2943s log_stale=101s
[2026-09-14 17:14:56] run14 : poll - elapsed=2963s log_stale=121s
[2026-09-14 17:15:16] run14 : THANH CONG - D:\ResearchLab\02_Projects\02_Projects\MOSFOA paper 2\code\results\MOSFOA2_A_Np8_Maxit20_run14_FINAL.mat da xuat hien.
[2026-09-14 17:15:16] ----- Bat dau run15 (15/20) -----
[2026-09-14 17:15:20] run15 : launching MATLAB (attempt 1)
[2026-09-14 17:15:40] run15 : poll - elapsed=20s log_stale=9s
[2026-09-14 17:16:00] run15 : poll - elapsed=40s log_stale=15s
[2026-09-14 17:16:20] run15 : poll - elapsed=60s log_stale=35s
[2026-09-14 17:16:40] run15 : poll - elapsed=80s log_stale=55s
[2026-09-14 17:17:00] run15 : poll - elapsed=100s log_stale=75s
[2026-09-14 17:17:20] run15 : poll - elapsed=120s log_stale=95s
[2026-09-14 17:17:40] run15 : poll - elapsed=140s log_stale=115s
[2026-09-14 17:18:00] run15 : poll - elapsed=160s log_stale=135s
[2026-09-14 17:18:20] run15 : poll - elapsed=180s log_stale=155s
[2026-09-14 17:18:40] run15 : poll - elapsed=200s log_stale=175s
[2026-09-14 17:19:00] run15 : poll - elapsed=220s log_stale=12s
[2026-09-14 17:19:20] run15 : poll - elapsed=240s log_stale=32s
[2026-09-14 17:19:40] run15 : poll - elapsed=260s log_stale=52s
[2026-09-14 17:20:00] run15 : poll - elapsed=280s log_stale=72s
[2026-09-14 17:20:21] run15 : poll - elapsed=300s log_stale=93s
[2026-09-14 17:20:41] run15 : poll - elapsed=320s log_stale=113s
[2026-09-14 17:21:01] run15 : poll - elapsed=340s log_stale=133s
[2026-09-14 17:21:21] run15 : poll - elapsed=360s log_stale=16s
[2026-09-14 17:21:41] run15 : poll - elapsed=380s log_stale=36s
[2026-09-14 17:22:01] run15 : poll - elapsed=400s log_stale=56s
[2026-09-14 17:22:21] run15 : poll - elapsed=420s log_stale=76s
[2026-09-14 17:22:41] run15 : poll - elapsed=440s log_stale=96s
[2026-09-14 17:23:01] run15 : poll - elapsed=460s log_stale=116s
[2026-09-14 17:23:21] run15 : poll - elapsed=480s log_stale=136s
[2026-09-14 17:23:41] run15 : poll - elapsed=500s log_stale=18s
[2026-09-14 17:24:01] run15 : poll - elapsed=520s log_stale=38s
[2026-09-14 17:24:21] run15 : poll - elapsed=541s log_stale=58s
[2026-09-14 17:24:41] run15 : poll - elapsed=561s log_stale=78s
[2026-09-14 17:25:01] run15 : poll - elapsed=581s log_stale=98s
[2026-09-14 17:25:21] run15 : poll - elapsed=601s log_stale=118s
[2026-09-14 17:25:41] run15 : poll - elapsed=621s log_stale=138s
[2026-09-14 17:26:01] run15 : poll - elapsed=641s log_stale=20s
[2026-09-14 17:26:21] run15 : poll - elapsed=661s log_stale=40s
[2026-09-14 17:26:41] run15 : poll - elapsed=681s log_stale=60s
[2026-09-14 17:27:01] run15 : poll - elapsed=701s log_stale=80s
[2026-09-14 17:27:21] run15 : poll - elapsed=721s log_stale=100s
[2026-09-14 17:27:41] run15 : poll - elapsed=741s log_stale=120s
[2026-09-14 17:28:01] run15 : poll - elapsed=761s log_stale=2s
[2026-09-14 17:28:21] run15 : poll - elapsed=781s log_stale=22s
[2026-09-14 17:28:41] run15 : poll - elapsed=801s log_stale=42s
[2026-09-14 17:29:01] run15 : poll - elapsed=821s log_stale=62s
[2026-09-14 17:29:21] run15 : poll - elapsed=841s log_stale=82s
[2026-09-14 17:29:41] run15 : poll - elapsed=861s log_stale=102s
[2026-09-14 17:30:01] run15 : poll - elapsed=881s log_stale=122s
[2026-09-14 17:30:21] run15 : poll - elapsed=901s log_stale=4s
[2026-09-14 17:30:41] run15 : poll - elapsed=921s log_stale=24s
[2026-09-14 17:31:01] run15 : poll - elapsed=941s log_stale=44s
[2026-09-14 17:31:21] run15 : poll - elapsed=961s log_stale=64s
[2026-09-14 17:31:41] run15 : poll - elapsed=981s log_stale=84s
[2026-09-14 17:32:01] run15 : poll - elapsed=1001s log_stale=104s
[2026-09-14 17:32:21] run15 : poll - elapsed=1021s log_stale=124s
[2026-09-14 17:32:41] run15 : poll - elapsed=1041s log_stale=7s
[2026-09-14 17:33:01] run15 : poll - elapsed=1061s log_stale=27s
[2026-09-14 17:33:21] run15 : poll - elapsed=1081s log_stale=47s
[2026-09-14 17:33:41] run15 : poll - elapsed=1101s log_stale=67s
[2026-09-14 17:34:01] run15 : poll - elapsed=1121s log_stale=87s
[2026-09-14 17:34:21] run15 : poll - elapsed=1141s log_stale=107s
[2026-09-14 17:34:41] run15 : poll - elapsed=1161s log_stale=127s
[2026-09-14 17:35:01] run15 : poll - elapsed=1181s log_stale=9s
[2026-09-14 17:35:22] run15 : poll - elapsed=1201s log_stale=30s
[2026-09-14 17:35:42] run15 : poll - elapsed=1221s log_stale=50s
[2026-09-14 17:36:02] run15 : poll - elapsed=1241s log_stale=70s
[2026-09-14 17:36:22] run15 : poll - elapsed=1261s log_stale=90s
[2026-09-14 17:36:42] run15 : poll - elapsed=1281s log_stale=110s
[2026-09-14 17:37:02] run15 : poll - elapsed=1301s log_stale=130s
[2026-09-14 17:37:22] run15 : poll - elapsed=1321s log_stale=12s
[2026-09-14 17:37:42] run15 : poll - elapsed=1341s log_stale=32s
[2026-09-14 17:38:02] run15 : poll - elapsed=1361s log_stale=52s
[2026-09-14 17:38:22] run15 : poll - elapsed=1381s log_stale=72s
[2026-09-14 17:38:42] run15 : poll - elapsed=1401s log_stale=92s
[2026-09-14 17:39:02] run15 : poll - elapsed=1421s log_stale=112s
[2026-09-14 17:39:22] run15 : poll - elapsed=1442s log_stale=132s
[2026-09-14 17:39:42] run15 : poll - elapsed=1462s log_stale=15s
[2026-09-14 17:40:02] run15 : poll - elapsed=1482s log_stale=35s
[2026-09-14 17:40:22] run15 : poll - elapsed=1502s log_stale=55s
[2026-09-14 17:40:42] run15 : poll - elapsed=1522s log_stale=75s
[2026-09-14 17:41:02] run15 : poll - elapsed=1542s log_stale=95s
[2026-09-14 17:41:22] run15 : poll - elapsed=1562s log_stale=115s
[2026-09-14 17:41:42] run15 : poll - elapsed=1582s log_stale=135s
[2026-09-14 17:42:02] run15 : poll - elapsed=1602s log_stale=18s
[2026-09-14 17:42:22] run15 : poll - elapsed=1622s log_stale=39s
[2026-09-14 17:42:42] run15 : poll - elapsed=1642s log_stale=59s
[2026-09-14 17:43:02] run15 : poll - elapsed=1662s log_stale=79s
[2026-09-14 17:43:22] run15 : poll - elapsed=1682s log_stale=99s
[2026-09-14 17:43:42] run15 : poll - elapsed=1702s log_stale=119s
[2026-09-14 17:44:02] run15 : poll - elapsed=1722s log_stale=2s
[2026-09-14 17:44:22] run15 : poll - elapsed=1742s log_stale=22s
[2026-09-14 17:44:42] run15 : poll - elapsed=1762s log_stale=42s
[2026-09-14 17:45:02] run15 : poll - elapsed=1782s log_stale=62s
[2026-09-14 17:45:22] run15 : poll - elapsed=1802s log_stale=82s
[2026-09-14 17:45:42] run15 : poll - elapsed=1822s log_stale=102s
[2026-09-14 17:46:02] run15 : poll - elapsed=1842s log_stale=122s
[2026-09-14 17:46:22] run15 : poll - elapsed=1862s log_stale=5s
[2026-09-14 17:46:42] run15 : poll - elapsed=1882s log_stale=25s
[2026-09-14 17:47:02] run15 : poll - elapsed=1902s log_stale=45s
[2026-09-14 17:47:22] run15 : poll - elapsed=1922s log_stale=65s
[2026-09-14 17:47:42] run15 : poll - elapsed=1942s log_stale=85s
[2026-09-14 17:48:02] run15 : poll - elapsed=1962s log_stale=105s
[2026-09-14 17:48:22] run15 : poll - elapsed=1982s log_stale=125s
[2026-09-14 17:48:42] run15 : poll - elapsed=2002s log_stale=7s
[2026-09-14 17:49:02] run15 : poll - elapsed=2022s log_stale=27s
[2026-09-14 17:49:22] run15 : poll - elapsed=2042s log_stale=47s
[2026-09-14 17:49:42] run15 : poll - elapsed=2062s log_stale=67s
[2026-09-14 17:50:02] run15 : poll - elapsed=2082s log_stale=87s
[2026-09-14 17:50:22] run15 : poll - elapsed=2102s log_stale=107s
[2026-09-14 17:50:42] run15 : poll - elapsed=2122s log_stale=127s
[2026-09-14 17:51:02] run15 : poll - elapsed=2142s log_stale=10s
[2026-09-14 17:51:22] run15 : poll - elapsed=2162s log_stale=30s
[2026-09-14 17:51:42] run15 : poll - elapsed=2182s log_stale=50s
[2026-09-14 17:52:02] run15 : poll - elapsed=2202s log_stale=70s
[2026-09-14 17:52:22] run15 : poll - elapsed=2222s log_stale=90s
[2026-09-14 17:52:43] run15 : poll - elapsed=2242s log_stale=110s
[2026-09-14 17:53:03] run15 : poll - elapsed=2262s log_stale=130s
[2026-09-14 17:53:23] run15 : poll - elapsed=2282s log_stale=12s
[2026-09-14 17:53:43] run15 : poll - elapsed=2302s log_stale=32s
[2026-09-14 17:54:03] run15 : poll - elapsed=2322s log_stale=52s
[2026-09-14 17:54:23] run15 : poll - elapsed=2342s log_stale=72s
[2026-09-14 17:54:43] run15 : poll - elapsed=2362s log_stale=92s
[2026-09-14 17:55:03] run15 : poll - elapsed=2382s log_stale=112s
[2026-09-14 17:55:23] run15 : poll - elapsed=2402s log_stale=132s
[2026-09-14 17:55:43] run15 : poll - elapsed=2422s log_stale=15s
[2026-09-14 17:56:03] run15 : poll - elapsed=2442s log_stale=35s
[2026-09-14 17:56:23] run15 : poll - elapsed=2462s log_stale=55s
[2026-09-14 17:56:43] run15 : poll - elapsed=2483s log_stale=75s
[2026-09-14 17:57:03] run15 : poll - elapsed=2503s log_stale=95s
[2026-09-14 17:57:23] run15 : poll - elapsed=2523s log_stale=115s
[2026-09-14 17:57:43] run15 : poll - elapsed=2543s log_stale=135s
[2026-09-14 17:58:03] run15 : poll - elapsed=2563s log_stale=17s
[2026-09-14 17:58:23] run15 : poll - elapsed=2583s log_stale=37s
[2026-09-14 17:58:43] run15 : poll - elapsed=2603s log_stale=57s
[2026-09-14 17:59:03] run15 : poll - elapsed=2623s log_stale=77s
[2026-09-14 17:59:23] run15 : poll - elapsed=2643s log_stale=97s
[2026-09-14 17:59:43] run15 : poll - elapsed=2663s log_stale=117s
[2026-09-14 18:00:03] run15 : poll - elapsed=2683s log_stale=137s
[2026-09-14 18:00:23] run15 : poll - elapsed=2703s log_stale=18s
[2026-09-14 18:00:43] run15 : poll - elapsed=2723s log_stale=38s
[2026-09-14 18:01:03] run15 : poll - elapsed=2743s log_stale=58s
[2026-09-14 18:01:23] run15 : poll - elapsed=2763s log_stale=78s
[2026-09-14 18:01:43] run15 : poll - elapsed=2783s log_stale=98s
[2026-09-14 18:02:03] run15 : poll - elapsed=2803s log_stale=119s
[2026-09-14 18:02:23] run15 : poll - elapsed=2823s log_stale=1s
[2026-09-14 18:02:43] run15 : poll - elapsed=2843s log_stale=21s
[2026-09-14 18:03:03] run15 : poll - elapsed=2863s log_stale=41s
[2026-09-14 18:03:23] run15 : poll - elapsed=2883s log_stale=61s
[2026-09-14 18:03:43] run15 : poll - elapsed=2903s log_stale=81s
[2026-09-14 18:04:03] run15 : poll - elapsed=2923s log_stale=101s
[2026-09-14 18:04:23] run15 : poll - elapsed=2943s log_stale=121s
[2026-09-14 18:04:43] run15 : THANH CONG - D:\ResearchLab\02_Projects\02_Projects\MOSFOA paper 2\code\results\MOSFOA2_A_Np8_Maxit20_run15_FINAL.mat da xuat hien.
[2026-09-14 18:04:43] ----- Bat dau run16 (16/20) -----
[2026-09-14 18:04:47] run16 : launching MATLAB (attempt 1)
[2026-09-14 18:05:07] run16 : poll - elapsed=20s log_stale=9s
[2026-09-14 18:05:27] run16 : poll - elapsed=40s log_stale=16s
[2026-09-14 18:05:47] run16 : poll - elapsed=60s log_stale=36s
[2026-09-14 18:06:07] run16 : poll - elapsed=80s log_stale=56s
[2026-09-14 18:06:27] run16 : poll - elapsed=100s log_stale=76s
[2026-09-14 18:06:47] run16 : poll - elapsed=120s log_stale=96s
[2026-09-14 18:07:07] run16 : poll - elapsed=140s log_stale=116s
[2026-09-14 18:07:27] run16 : poll - elapsed=160s log_stale=136s
[2026-09-14 18:07:47] run16 : poll - elapsed=180s log_stale=156s
[2026-09-14 18:08:07] run16 : poll - elapsed=200s log_stale=176s
[2026-09-14 18:08:27] run16 : poll - elapsed=220s log_stale=18s
[2026-09-14 18:08:47] run16 : poll - elapsed=240s log_stale=38s
[2026-09-14 18:09:07] run16 : poll - elapsed=260s log_stale=58s
[2026-09-14 18:09:27] run16 : poll - elapsed=280s log_stale=78s
[2026-09-14 18:09:47] run16 : poll - elapsed=300s log_stale=98s
[2026-09-14 18:10:07] run16 : poll - elapsed=320s log_stale=118s
[2026-09-14 18:10:27] run16 : poll - elapsed=340s log_stale=138s
[2026-09-14 18:10:47] run16 : poll - elapsed=360s log_stale=20s
[2026-09-14 18:11:07] run16 : poll - elapsed=380s log_stale=40s
[2026-09-14 18:11:27] run16 : poll - elapsed=400s log_stale=60s
[2026-09-14 18:11:47] run16 : poll - elapsed=420s log_stale=80s
[2026-09-14 18:12:07] run16 : poll - elapsed=440s log_stale=100s
[2026-09-14 18:12:27] run16 : poll - elapsed=460s log_stale=120s
[2026-09-14 18:12:47] run16 : poll - elapsed=480s log_stale=2s
[2026-09-14 18:13:08] run16 : poll - elapsed=501s log_stale=22s
[2026-09-14 18:13:28] run16 : poll - elapsed=521s log_stale=42s
[2026-09-14 18:13:48] run16 : poll - elapsed=541s log_stale=62s
[2026-09-14 18:14:08] run16 : poll - elapsed=561s log_stale=82s
[2026-09-14 18:14:28] run16 : poll - elapsed=581s log_stale=102s
[2026-09-14 18:14:48] run16 : poll - elapsed=601s log_stale=122s
[2026-09-14 18:15:08] run16 : poll - elapsed=621s log_stale=4s
[2026-09-14 18:15:28] run16 : poll - elapsed=641s log_stale=24s
[2026-09-14 18:15:48] run16 : poll - elapsed=661s log_stale=44s
[2026-09-14 18:16:08] run16 : poll - elapsed=681s log_stale=64s
[2026-09-14 18:16:28] run16 : poll - elapsed=701s log_stale=84s
[2026-09-14 18:16:48] run16 : poll - elapsed=721s log_stale=104s
[2026-09-14 18:17:08] run16 : poll - elapsed=741s log_stale=124s
[2026-09-14 18:17:28] run16 : poll - elapsed=761s log_stale=6s
[2026-09-14 18:17:48] run16 : poll - elapsed=781s log_stale=26s
[2026-09-14 18:18:08] run16 : poll - elapsed=801s log_stale=46s
[2026-09-14 18:18:28] run16 : poll - elapsed=821s log_stale=66s
[2026-09-14 18:18:48] run16 : poll - elapsed=841s log_stale=86s
[2026-09-14 18:19:08] run16 : poll - elapsed=861s log_stale=106s
[2026-09-14 18:19:28] run16 : poll - elapsed=881s log_stale=126s
[2026-09-14 18:19:48] run16 : poll - elapsed=901s log_stale=8s
[2026-09-14 18:20:08] run16 : poll - elapsed=921s log_stale=28s
[2026-09-14 18:20:28] run16 : poll - elapsed=941s log_stale=48s
[2026-09-14 18:20:48] run16 : poll - elapsed=961s log_stale=68s
[2026-09-14 18:21:08] run16 : poll - elapsed=981s log_stale=88s
[2026-09-14 18:21:28] run16 : poll - elapsed=1001s log_stale=108s
[2026-09-14 18:21:48] run16 : poll - elapsed=1021s log_stale=128s
[2026-09-14 18:22:08] run16 : poll - elapsed=1041s log_stale=9s
[2026-09-14 18:22:28] run16 : poll - elapsed=1061s log_stale=29s
[2026-09-14 18:22:48] run16 : poll - elapsed=1081s log_stale=49s
[2026-09-14 18:23:08] run16 : poll - elapsed=1101s log_stale=69s
[2026-09-14 18:23:28] run16 : poll - elapsed=1121s log_stale=89s
[2026-09-14 18:23:48] run16 : poll - elapsed=1141s log_stale=109s
[2026-09-14 18:24:08] run16 : poll - elapsed=1161s log_stale=129s
[2026-09-14 18:24:28] run16 : poll - elapsed=1181s log_stale=11s
[2026-09-14 18:24:48] run16 : poll - elapsed=1201s log_stale=31s
[2026-09-14 18:25:08] run16 : poll - elapsed=1221s log_stale=51s
[2026-09-14 18:25:28] run16 : poll - elapsed=1241s log_stale=71s
[2026-09-14 18:25:48] run16 : poll - elapsed=1261s log_stale=91s
[2026-09-14 18:26:08] run16 : poll - elapsed=1281s log_stale=111s
[2026-09-14 18:26:28] run16 : poll - elapsed=1301s log_stale=131s
[2026-09-14 18:26:48] run16 : poll - elapsed=1321s log_stale=12s
[2026-09-14 18:27:08] run16 : poll - elapsed=1341s log_stale=32s
[2026-09-14 18:27:28] run16 : poll - elapsed=1361s log_stale=52s
[2026-09-14 18:27:48] run16 : poll - elapsed=1381s log_stale=72s
[2026-09-14 18:28:08] run16 : poll - elapsed=1401s log_stale=92s
[2026-09-14 18:28:28] run16 : poll - elapsed=1421s log_stale=112s
[2026-09-14 18:28:48] run16 : poll - elapsed=1441s log_stale=132s
[2026-09-14 18:29:08] run16 : poll - elapsed=1461s log_stale=13s
[2026-09-14 18:29:28] run16 : poll - elapsed=1481s log_stale=33s
[2026-09-14 18:29:48] run16 : poll - elapsed=1501s log_stale=53s
[2026-09-14 18:30:08] run16 : poll - elapsed=1521s log_stale=73s
[2026-09-14 18:30:28] run16 : poll - elapsed=1541s log_stale=93s
[2026-09-14 18:30:48] run16 : poll - elapsed=1561s log_stale=113s
[2026-09-14 18:31:08] run16 : poll - elapsed=1581s log_stale=133s
[2026-09-14 18:31:29] run16 : poll - elapsed=1602s log_stale=14s
[2026-09-14 18:31:49] run16 : poll - elapsed=1622s log_stale=34s
[2026-09-14 18:32:09] run16 : poll - elapsed=1642s log_stale=54s
[2026-09-14 18:32:29] run16 : poll - elapsed=1662s log_stale=74s
[2026-09-14 18:32:49] run16 : poll - elapsed=1682s log_stale=94s
[2026-09-14 18:33:09] run16 : poll - elapsed=1702s log_stale=114s
[2026-09-14 18:33:29] run16 : poll - elapsed=1722s log_stale=134s
[2026-09-14 18:33:49] run16 : poll - elapsed=1742s log_stale=15s
[2026-09-14 18:34:09] run16 : poll - elapsed=1762s log_stale=35s
[2026-09-14 18:34:29] run16 : poll - elapsed=1782s log_stale=55s
[2026-09-14 18:34:49] run16 : poll - elapsed=1802s log_stale=75s
[2026-09-14 18:35:09] run16 : poll - elapsed=1822s log_stale=95s
[2026-09-14 18:35:29] run16 : poll - elapsed=1842s log_stale=115s
[2026-09-14 18:35:49] run16 : poll - elapsed=1862s log_stale=135s
[2026-09-14 18:36:09] run16 : poll - elapsed=1882s log_stale=15s
[2026-09-14 18:36:29] run16 : poll - elapsed=1902s log_stale=35s
[2026-09-14 18:36:49] run16 : poll - elapsed=1922s log_stale=55s
[2026-09-14 18:37:09] run16 : poll - elapsed=1942s log_stale=75s
[2026-09-14 18:37:29] run16 : poll - elapsed=1962s log_stale=95s
[2026-09-14 18:37:49] run16 : poll - elapsed=1982s log_stale=115s
[2026-09-14 18:38:09] run16 : poll - elapsed=2002s log_stale=135s
[2026-09-14 18:38:29] run16 : poll - elapsed=2022s log_stale=15s
[2026-09-14 18:38:49] run16 : poll - elapsed=2042s log_stale=35s
[2026-09-14 18:39:09] run16 : poll - elapsed=2062s log_stale=55s
[2026-09-14 18:39:29] run16 : poll - elapsed=2082s log_stale=75s
[2026-09-14 18:39:49] run16 : poll - elapsed=2102s log_stale=95s
[2026-09-14 18:40:09] run16 : poll - elapsed=2122s log_stale=115s
[2026-09-14 18:40:29] run16 : poll - elapsed=2142s log_stale=135s
[2026-09-14 18:40:49] run16 : poll - elapsed=2162s log_stale=16s
[2026-09-14 18:41:09] run16 : poll - elapsed=2182s log_stale=36s
[2026-09-14 18:41:29] run16 : poll - elapsed=2202s log_stale=56s
[2026-09-14 18:41:49] run16 : poll - elapsed=2222s log_stale=76s
[2026-09-14 18:42:09] run16 : poll - elapsed=2242s log_stale=96s
[2026-09-14 18:42:29] run16 : poll - elapsed=2262s log_stale=116s
[2026-09-14 18:42:49] run16 : poll - elapsed=2282s log_stale=136s
[2026-09-14 18:43:09] run16 : poll - elapsed=2302s log_stale=17s
[2026-09-14 18:43:29] run16 : poll - elapsed=2322s log_stale=37s
[2026-09-14 18:43:49] run16 : poll - elapsed=2342s log_stale=58s
[2026-09-14 18:44:09] run16 : poll - elapsed=2362s log_stale=78s
[2026-09-14 18:44:29] run16 : poll - elapsed=2382s log_stale=98s
[2026-09-14 18:44:49] run16 : poll - elapsed=2402s log_stale=118s
[2026-09-14 18:45:09] run16 : poll - elapsed=2422s log_stale=138s
[2026-09-14 18:45:29] run16 : poll - elapsed=2442s log_stale=19s
[2026-09-14 18:45:49] run16 : poll - elapsed=2462s log_stale=39s
[2026-09-14 18:46:09] run16 : poll - elapsed=2482s log_stale=59s
[2026-09-14 18:46:29] run16 : poll - elapsed=2502s log_stale=79s
[2026-09-14 18:46:49] run16 : poll - elapsed=2522s log_stale=99s
[2026-09-14 18:47:09] run16 : poll - elapsed=2542s log_stale=119s
[2026-09-14 18:47:29] run16 : poll - elapsed=2562s log_stale=139s
[2026-09-14 18:47:49] run16 : poll - elapsed=2582s log_stale=19s
[2026-09-14 18:48:10] run16 : poll - elapsed=2603s log_stale=39s
[2026-09-14 18:48:30] run16 : poll - elapsed=2623s log_stale=59s
[2026-09-14 18:48:50] run16 : poll - elapsed=2643s log_stale=79s
[2026-09-14 18:49:10] run16 : poll - elapsed=2663s log_stale=99s
[2026-09-14 18:49:30] run16 : poll - elapsed=2683s log_stale=119s
[2026-09-14 18:49:50] run16 : poll - elapsed=2703s log_stale=139s
[2026-09-14 18:50:10] run16 : poll - elapsed=2723s log_stale=18s
[2026-09-14 18:50:30] run16 : poll - elapsed=2743s log_stale=38s
[2026-09-14 18:50:50] run16 : poll - elapsed=2763s log_stale=59s
[2026-09-14 18:51:10] run16 : poll - elapsed=2783s log_stale=79s
[2026-09-14 18:51:30] run16 : poll - elapsed=2803s log_stale=99s
[2026-09-14 18:51:50] run16 : poll - elapsed=2823s log_stale=119s
[2026-09-14 18:52:10] run16 : poll - elapsed=2843s log_stale=139s
[2026-09-14 18:52:30] run16 : poll - elapsed=2863s log_stale=19s
[2026-09-14 18:52:50] run16 : poll - elapsed=2883s log_stale=39s
[2026-09-14 18:53:10] run16 : poll - elapsed=2903s log_stale=59s
[2026-09-14 18:53:30] run16 : poll - elapsed=2923s log_stale=79s
[2026-09-14 18:53:50] run16 : poll - elapsed=2943s log_stale=99s
[2026-09-14 18:54:10] run16 : poll - elapsed=2963s log_stale=119s
[2026-09-14 18:54:30] run16 : poll - elapsed=2983s log_stale=139s
[2026-09-14 18:54:50] run16 : THANH CONG - D:\ResearchLab\02_Projects\02_Projects\MOSFOA paper 2\code\results\MOSFOA2_A_Np8_Maxit20_run16_FINAL.mat da xuat hien.
[2026-09-14 18:54:50] ----- Bat dau run17 (17/20) -----
[2026-09-14 18:54:54] run17 : launching MATLAB (attempt 1)
[2026-09-14 18:55:14] run17 : poll - elapsed=20s log_stale=1s
[2026-09-14 18:55:34] run17 : poll - elapsed=40s log_stale=12s
[2026-09-14 18:55:54] run17 : poll - elapsed=60s log_stale=15s
[2026-09-14 18:56:14] run17 : poll - elapsed=80s log_stale=35s
[2026-09-14 18:56:34] run17 : poll - elapsed=100s log_stale=55s
[2026-09-14 18:56:54] run17 : poll - elapsed=120s log_stale=75s
[2026-09-14 18:57:14] run17 : poll - elapsed=140s log_stale=95s
[2026-09-14 18:57:34] run17 : poll - elapsed=160s log_stale=115s
[2026-09-14 18:57:54] run17 : poll - elapsed=180s log_stale=135s
[2026-09-14 18:58:14] run17 : poll - elapsed=200s log_stale=155s
[2026-09-14 18:58:34] run17 : poll - elapsed=220s log_stale=175s
[2026-09-14 18:58:54] run17 : poll - elapsed=240s log_stale=2s
[2026-09-14 18:59:14] run17 : poll - elapsed=260s log_stale=22s
[2026-09-14 18:59:34] run17 : poll - elapsed=280s log_stale=42s
[2026-09-14 18:59:54] run17 : poll - elapsed=300s log_stale=63s
[2026-09-14 19:00:14] run17 : poll - elapsed=320s log_stale=83s
[2026-09-14 19:00:34] run17 : poll - elapsed=340s log_stale=103s
[2026-09-14 19:00:54] run17 : poll - elapsed=360s log_stale=123s
[2026-09-14 19:01:14] run17 : poll - elapsed=380s log_stale=4s
[2026-09-14 19:01:34] run17 : poll - elapsed=400s log_stale=24s
[2026-09-14 19:01:54] run17 : poll - elapsed=420s log_stale=44s
[2026-09-14 19:02:14] run17 : poll - elapsed=440s log_stale=64s
[2026-09-14 19:02:34] run17 : poll - elapsed=460s log_stale=84s
[2026-09-14 19:02:54] run17 : poll - elapsed=480s log_stale=104s
[2026-09-14 19:03:14] run17 : poll - elapsed=500s log_stale=124s
[2026-09-14 19:03:34] run17 : poll - elapsed=520s log_stale=5s
[2026-09-14 19:03:54] run17 : poll - elapsed=540s log_stale=25s
[2026-09-14 19:04:14] run17 : poll - elapsed=560s log_stale=45s
[2026-09-14 19:04:34] run17 : poll - elapsed=580s log_stale=66s
[2026-09-14 19:04:54] run17 : poll - elapsed=600s log_stale=86s
[2026-09-14 19:05:14] run17 : poll - elapsed=621s log_stale=106s
[2026-09-14 19:05:34] run17 : poll - elapsed=641s log_stale=126s
[2026-09-14 19:05:54] run17 : poll - elapsed=661s log_stale=7s
[2026-09-14 19:06:15] run17 : poll - elapsed=681s log_stale=27s
[2026-09-14 19:06:35] run17 : poll - elapsed=701s log_stale=47s
[2026-09-14 19:06:55] run17 : poll - elapsed=721s log_stale=67s
[2026-09-14 19:07:15] run17 : poll - elapsed=741s log_stale=87s
[2026-09-14 19:07:35] run17 : poll - elapsed=761s log_stale=107s
[2026-09-14 19:07:55] run17 : poll - elapsed=781s log_stale=127s
[2026-09-14 19:08:15] run17 : poll - elapsed=801s log_stale=9s
[2026-09-14 19:08:35] run17 : poll - elapsed=821s log_stale=29s
[2026-09-14 19:08:55] run17 : poll - elapsed=841s log_stale=49s
[2026-09-14 19:09:15] run17 : poll - elapsed=861s log_stale=69s
[2026-09-14 19:09:35] run17 : poll - elapsed=881s log_stale=89s
[2026-09-14 19:09:55] run17 : poll - elapsed=901s log_stale=109s
[2026-09-14 19:10:15] run17 : poll - elapsed=921s log_stale=129s
[2026-09-14 19:10:35] run17 : poll - elapsed=941s log_stale=11s
[2026-09-14 19:10:55] run17 : poll - elapsed=961s log_stale=31s
[2026-09-14 19:11:15] run17 : poll - elapsed=981s log_stale=51s
[2026-09-14 19:11:35] run17 : poll - elapsed=1001s log_stale=71s
[2026-09-14 19:11:55] run17 : poll - elapsed=1021s log_stale=91s
[2026-09-14 19:12:15] run17 : poll - elapsed=1041s log_stale=111s
[2026-09-14 19:12:35] run17 : poll - elapsed=1061s log_stale=131s
[2026-09-14 19:12:55] run17 : poll - elapsed=1081s log_stale=13s
[2026-09-14 19:13:15] run17 : poll - elapsed=1101s log_stale=33s
[2026-09-14 19:13:35] run17 : poll - elapsed=1121s log_stale=53s
[2026-09-14 19:13:55] run17 : poll - elapsed=1141s log_stale=73s
[2026-09-14 19:14:15] run17 : poll - elapsed=1161s log_stale=93s
[2026-09-14 19:14:35] run17 : poll - elapsed=1181s log_stale=113s
[2026-09-14 19:14:55] run17 : poll - elapsed=1201s log_stale=133s
[2026-09-14 19:15:15] run17 : poll - elapsed=1221s log_stale=14s
[2026-09-14 19:15:35] run17 : poll - elapsed=1241s log_stale=34s
[2026-09-14 19:15:55] run17 : poll - elapsed=1261s log_stale=54s
[2026-09-14 19:16:15] run17 : poll - elapsed=1281s log_stale=74s
[2026-09-14 19:16:35] run17 : poll - elapsed=1301s log_stale=94s
[2026-09-14 19:16:55] run17 : poll - elapsed=1321s log_stale=114s
[2026-09-14 19:17:15] run17 : poll - elapsed=1341s log_stale=134s
[2026-09-14 19:17:35] run17 : poll - elapsed=1361s log_stale=16s
[2026-09-14 19:17:55] run17 : poll - elapsed=1381s log_stale=36s
[2026-09-14 19:18:15] run17 : poll - elapsed=1401s log_stale=56s
[2026-09-14 19:18:35] run17 : poll - elapsed=1421s log_stale=76s
[2026-09-14 19:18:55] run17 : poll - elapsed=1441s log_stale=96s
[2026-09-14 19:19:15] run17 : poll - elapsed=1461s log_stale=116s
[2026-09-14 19:19:35] run17 : poll - elapsed=1481s log_stale=136s
[2026-09-14 19:19:55] run17 : poll - elapsed=1501s log_stale=17s
[2026-09-14 19:20:15] run17 : poll - elapsed=1521s log_stale=37s
[2026-09-14 19:20:35] run17 : poll - elapsed=1541s log_stale=57s
[2026-09-14 19:20:55] run17 : poll - elapsed=1562s log_stale=77s
[2026-09-14 19:21:15] run17 : poll - elapsed=1582s log_stale=97s
[2026-09-14 19:21:35] run17 : poll - elapsed=1602s log_stale=117s
[2026-09-14 19:21:55] run17 : poll - elapsed=1622s log_stale=137s
[2026-09-14 19:22:15] run17 : poll - elapsed=1642s log_stale=20s
[2026-09-14 19:22:35] run17 : poll - elapsed=1662s log_stale=40s
[2026-09-14 19:22:55] run17 : poll - elapsed=1682s log_stale=60s
[2026-09-14 19:23:16] run17 : poll - elapsed=1702s log_stale=80s
[2026-09-14 19:23:36] run17 : poll - elapsed=1722s log_stale=100s
[2026-09-14 19:23:56] run17 : poll - elapsed=1742s log_stale=120s
[2026-09-14 19:24:16] run17 : poll - elapsed=1762s log_stale=2s
[2026-09-14 19:24:36] run17 : poll - elapsed=1782s log_stale=22s
[2026-09-14 19:24:56] run17 : poll - elapsed=1802s log_stale=42s
[2026-09-14 19:25:16] run17 : poll - elapsed=1822s log_stale=62s
[2026-09-14 19:25:36] run17 : poll - elapsed=1842s log_stale=82s
[2026-09-14 19:25:56] run17 : poll - elapsed=1862s log_stale=102s
[2026-09-14 19:26:16] run17 : poll - elapsed=1882s log_stale=122s
[2026-09-14 19:26:36] run17 : poll - elapsed=1902s log_stale=3s
[2026-09-14 19:26:56] run17 : poll - elapsed=1922s log_stale=23s
[2026-09-14 19:27:16] run17 : poll - elapsed=1942s log_stale=43s
[2026-09-14 19:27:36] run17 : poll - elapsed=1962s log_stale=63s
[2026-09-14 19:27:56] run17 : poll - elapsed=1982s log_stale=84s
[2026-09-14 19:28:16] run17 : poll - elapsed=2002s log_stale=104s
[2026-09-14 19:28:36] run17 : poll - elapsed=2022s log_stale=124s
[2026-09-14 19:28:56] run17 : poll - elapsed=2042s log_stale=5s
[2026-09-14 19:29:16] run17 : poll - elapsed=2062s log_stale=25s
[2026-09-14 19:29:36] run17 : poll - elapsed=2082s log_stale=45s
[2026-09-14 19:29:56] run17 : poll - elapsed=2102s log_stale=65s
[2026-09-14 19:30:16] run17 : poll - elapsed=2122s log_stale=85s
[2026-09-14 19:30:36] run17 : poll - elapsed=2142s log_stale=105s
[2026-09-14 19:30:56] run17 : poll - elapsed=2162s log_stale=125s
[2026-09-14 19:31:16] run17 : poll - elapsed=2182s log_stale=7s
[2026-09-14 19:31:36] run17 : poll - elapsed=2202s log_stale=27s
[2026-09-14 19:31:56] run17 : poll - elapsed=2222s log_stale=47s
[2026-09-14 19:32:16] run17 : poll - elapsed=2242s log_stale=67s
[2026-09-14 19:32:36] run17 : poll - elapsed=2262s log_stale=87s
[2026-09-14 19:32:56] run17 : poll - elapsed=2282s log_stale=108s
[2026-09-14 19:33:16] run17 : poll - elapsed=2302s log_stale=128s
[2026-09-14 19:33:36] run17 : poll - elapsed=2322s log_stale=10s
[2026-09-14 19:33:56] run17 : poll - elapsed=2342s log_stale=30s
[2026-09-14 19:34:16] run17 : poll - elapsed=2362s log_stale=50s
[2026-09-14 19:34:36] run17 : poll - elapsed=2382s log_stale=70s
[2026-09-14 19:34:56] run17 : poll - elapsed=2402s log_stale=90s
[2026-09-14 19:35:16] run17 : poll - elapsed=2422s log_stale=110s
[2026-09-14 19:35:36] run17 : poll - elapsed=2442s log_stale=130s
[2026-09-14 19:35:56] run17 : poll - elapsed=2462s log_stale=11s
[2026-09-14 19:36:16] run17 : poll - elapsed=2482s log_stale=31s
[2026-09-14 19:36:36] run17 : poll - elapsed=2502s log_stale=51s
[2026-09-14 19:36:56] run17 : poll - elapsed=2522s log_stale=71s
[2026-09-14 19:37:16] run17 : poll - elapsed=2542s log_stale=91s
[2026-09-14 19:37:36] run17 : poll - elapsed=2563s log_stale=111s
[2026-09-14 19:37:56] run17 : poll - elapsed=2583s log_stale=131s
[2026-09-14 19:38:16] run17 : poll - elapsed=2603s log_stale=14s
[2026-09-14 19:38:36] run17 : poll - elapsed=2623s log_stale=34s
[2026-09-14 19:38:56] run17 : poll - elapsed=2643s log_stale=54s
[2026-09-14 19:39:16] run17 : poll - elapsed=2663s log_stale=74s
[2026-09-14 19:39:36] run17 : poll - elapsed=2683s log_stale=94s
[2026-09-14 19:39:56] run17 : poll - elapsed=2703s log_stale=114s
[2026-09-14 19:40:16] run17 : poll - elapsed=2723s log_stale=134s
[2026-09-14 19:40:36] run17 : poll - elapsed=2743s log_stale=16s
[2026-09-14 19:40:57] run17 : poll - elapsed=2763s log_stale=36s
[2026-09-14 19:41:17] run17 : poll - elapsed=2783s log_stale=56s
[2026-09-14 19:41:37] run17 : poll - elapsed=2803s log_stale=76s
[2026-09-14 19:41:57] run17 : poll - elapsed=2823s log_stale=96s
[2026-09-14 19:42:17] run17 : poll - elapsed=2843s log_stale=116s
[2026-09-14 19:42:37] run17 : poll - elapsed=2863s log_stale=136s
[2026-09-14 19:42:57] run17 : poll - elapsed=2883s log_stale=18s
[2026-09-14 19:43:17] run17 : poll - elapsed=2903s log_stale=38s
[2026-09-14 19:43:37] run17 : poll - elapsed=2923s log_stale=59s
[2026-09-14 19:43:57] run17 : poll - elapsed=2943s log_stale=79s
[2026-09-14 19:44:17] run17 : poll - elapsed=2963s log_stale=99s
[2026-09-14 19:44:37] run17 : poll - elapsed=2983s log_stale=119s
[2026-09-14 19:44:57] run17 : poll - elapsed=3003s log_stale=139s
[2026-09-14 19:45:17] run17 : THANH CONG - D:\ResearchLab\02_Projects\02_Projects\MOSFOA paper 2\code\results\MOSFOA2_A_Np8_Maxit20_run17_FINAL.mat da xuat hien.
[2026-09-14 19:45:17] ----- Bat dau run18 (18/20) -----
[2026-09-14 19:45:20] run18 : launching MATLAB (attempt 1)
[2026-09-14 19:45:41] run18 : poll - elapsed=20s log_stale=9s
[2026-09-14 19:46:01] run18 : poll - elapsed=40s log_stale=13s
[2026-09-14 19:46:21] run18 : poll - elapsed=60s log_stale=33s
[2026-09-14 19:46:41] run18 : poll - elapsed=80s log_stale=53s
[2026-09-14 19:47:01] run18 : poll - elapsed=100s log_stale=73s
[2026-09-14 19:47:21] run18 : poll - elapsed=120s log_stale=93s
[2026-09-14 19:47:41] run18 : poll - elapsed=140s log_stale=113s
[2026-09-14 19:48:01] run18 : poll - elapsed=160s log_stale=133s
[2026-09-14 19:48:21] run18 : poll - elapsed=180s log_stale=153s
[2026-09-14 19:48:41] run18 : poll - elapsed=200s log_stale=173s
[2026-09-14 19:49:01] run18 : poll - elapsed=220s log_stale=14s
[2026-09-14 19:49:21] run18 : poll - elapsed=240s log_stale=34s
[2026-09-14 19:49:41] run18 : poll - elapsed=260s log_stale=54s
[2026-09-14 19:50:01] run18 : poll - elapsed=280s log_stale=74s
[2026-09-14 19:50:21] run18 : poll - elapsed=300s log_stale=94s
[2026-09-14 19:50:41] run18 : poll - elapsed=320s log_stale=114s
[2026-09-14 19:51:01] run18 : poll - elapsed=340s log_stale=134s
[2026-09-14 19:51:21] run18 : poll - elapsed=360s log_stale=17s
[2026-09-14 19:51:41] run18 : poll - elapsed=380s log_stale=37s
[2026-09-14 19:52:01] run18 : poll - elapsed=400s log_stale=57s
[2026-09-14 19:52:21] run18 : poll - elapsed=420s log_stale=77s
[2026-09-14 19:52:41] run18 : poll - elapsed=440s log_stale=97s
[2026-09-14 19:53:01] run18 : poll - elapsed=460s log_stale=117s
[2026-09-14 19:53:21] run18 : poll - elapsed=481s log_stale=137s
[2026-09-14 19:53:41] run18 : poll - elapsed=501s log_stale=19s
[2026-09-14 19:54:01] run18 : poll - elapsed=521s log_stale=39s
[2026-09-14 19:54:21] run18 : poll - elapsed=541s log_stale=59s
[2026-09-14 19:54:41] run18 : poll - elapsed=561s log_stale=79s
[2026-09-14 19:55:01] run18 : poll - elapsed=581s log_stale=99s
[2026-09-14 19:55:21] run18 : poll - elapsed=601s log_stale=119s
[2026-09-14 19:55:41] run18 : poll - elapsed=621s log_stale=1s
[2026-09-14 19:56:01] run18 : poll - elapsed=641s log_stale=21s
[2026-09-14 19:56:21] run18 : poll - elapsed=661s log_stale=41s
[2026-09-14 19:56:41] run18 : poll - elapsed=681s log_stale=61s
[2026-09-14 19:57:01] run18 : poll - elapsed=701s log_stale=81s
[2026-09-14 19:57:21] run18 : poll - elapsed=721s log_stale=101s
[2026-09-14 19:57:41] run18 : poll - elapsed=741s log_stale=121s
[2026-09-14 19:58:01] run18 : poll - elapsed=761s log_stale=4s
[2026-09-14 19:58:21] run18 : poll - elapsed=781s log_stale=24s
[2026-09-14 19:58:41] run18 : poll - elapsed=801s log_stale=44s
[2026-09-14 19:59:01] run18 : poll - elapsed=821s log_stale=64s
[2026-09-14 19:59:21] run18 : poll - elapsed=841s log_stale=84s
[2026-09-14 19:59:41] run18 : poll - elapsed=861s log_stale=104s
[2026-09-14 20:00:01] run18 : poll - elapsed=881s log_stale=124s
[2026-09-14 20:00:21] run18 : poll - elapsed=901s log_stale=6s
[2026-09-14 20:00:42] run18 : poll - elapsed=921s log_stale=27s
[2026-09-14 20:01:02] run18 : poll - elapsed=941s log_stale=47s
[2026-09-14 20:01:22] run18 : poll - elapsed=961s log_stale=67s
[2026-09-14 20:01:42] run18 : poll - elapsed=981s log_stale=87s
[2026-09-14 20:02:02] run18 : poll - elapsed=1001s log_stale=107s
[2026-09-14 20:02:22] run18 : poll - elapsed=1021s log_stale=127s
[2026-09-14 20:02:42] run18 : poll - elapsed=1041s log_stale=8s
[2026-09-14 20:03:02] run18 : poll - elapsed=1061s log_stale=28s
[2026-09-14 20:03:22] run18 : poll - elapsed=1081s log_stale=48s
[2026-09-14 20:03:42] run18 : poll - elapsed=1101s log_stale=68s
[2026-09-14 20:04:02] run18 : poll - elapsed=1121s log_stale=88s
[2026-09-14 20:04:22] run18 : poll - elapsed=1141s log_stale=108s
[2026-09-14 20:04:42] run18 : poll - elapsed=1161s log_stale=128s
[2026-09-14 20:05:02] run18 : poll - elapsed=1181s log_stale=10s
[2026-09-14 20:05:22] run18 : poll - elapsed=1201s log_stale=30s
[2026-09-14 20:05:42] run18 : poll - elapsed=1221s log_stale=50s
[2026-09-14 20:06:02] run18 : poll - elapsed=1241s log_stale=70s
[2026-09-14 20:06:22] run18 : poll - elapsed=1261s log_stale=90s
[2026-09-14 20:06:42] run18 : poll - elapsed=1281s log_stale=110s
[2026-09-14 20:07:02] run18 : poll - elapsed=1301s log_stale=130s
[2026-09-14 20:07:22] run18 : poll - elapsed=1321s log_stale=11s
[2026-09-14 20:07:42] run18 : poll - elapsed=1341s log_stale=31s
[2026-09-14 20:08:02] run18 : poll - elapsed=1361s log_stale=51s
[2026-09-14 20:08:22] run18 : poll - elapsed=1381s log_stale=71s
[2026-09-14 20:08:42] run18 : poll - elapsed=1401s log_stale=91s
[2026-09-14 20:09:02] run18 : poll - elapsed=1421s log_stale=111s
[2026-09-14 20:09:22] run18 : poll - elapsed=1442s log_stale=131s
[2026-09-14 20:09:42] run18 : poll - elapsed=1462s log_stale=13s
[2026-09-14 20:10:02] run18 : poll - elapsed=1482s log_stale=33s
[2026-09-14 20:10:22] run18 : poll - elapsed=1502s log_stale=53s
[2026-09-14 20:10:42] run18 : poll - elapsed=1522s log_stale=73s
[2026-09-14 20:11:02] run18 : poll - elapsed=1542s log_stale=93s
[2026-09-14 20:11:22] run18 : poll - elapsed=1562s log_stale=113s
[2026-09-14 20:11:42] run18 : poll - elapsed=1582s log_stale=133s
[2026-09-14 20:12:02] run18 : poll - elapsed=1602s log_stale=14s
[2026-09-14 20:12:22] run18 : poll - elapsed=1622s log_stale=34s
[2026-09-14 20:12:42] run18 : poll - elapsed=1642s log_stale=54s
[2026-09-14 20:13:02] run18 : poll - elapsed=1662s log_stale=74s
[2026-09-14 20:13:22] run18 : poll - elapsed=1682s log_stale=94s
[2026-09-14 20:13:42] run18 : poll - elapsed=1702s log_stale=114s
[2026-09-14 20:14:02] run18 : poll - elapsed=1722s log_stale=134s
[2026-09-14 20:14:22] run18 : poll - elapsed=1742s log_stale=17s
[2026-09-14 20:14:42] run18 : poll - elapsed=1762s log_stale=37s
[2026-09-14 20:15:02] run18 : poll - elapsed=1782s log_stale=57s
[2026-09-14 20:15:22] run18 : poll - elapsed=1802s log_stale=77s
[2026-09-14 20:15:42] run18 : poll - elapsed=1822s log_stale=97s
[2026-09-14 20:16:02] run18 : poll - elapsed=1842s log_stale=117s
[2026-09-14 20:16:22] run18 : poll - elapsed=1862s log_stale=137s
[2026-09-14 20:16:42] run18 : poll - elapsed=1882s log_stale=19s
[2026-09-14 20:17:02] run18 : poll - elapsed=1902s log_stale=39s
[2026-09-14 20:17:22] run18 : poll - elapsed=1922s log_stale=59s
[2026-09-14 20:17:43] run18 : poll - elapsed=1942s log_stale=79s
[2026-09-14 20:18:03] run18 : poll - elapsed=1962s log_stale=99s
[2026-09-14 20:18:23] run18 : poll - elapsed=1982s log_stale=119s
[2026-09-14 20:18:43] run18 : poll - elapsed=2002s log_stale=139s
[2026-09-14 20:19:03] run18 : poll - elapsed=2022s log_stale=20s
[2026-09-14 20:19:23] run18 : poll - elapsed=2042s log_stale=40s
[2026-09-14 20:19:43] run18 : poll - elapsed=2062s log_stale=60s
[2026-09-14 20:20:03] run18 : poll - elapsed=2082s log_stale=80s
[2026-09-14 20:20:23] run18 : poll - elapsed=2102s log_stale=100s
[2026-09-14 20:20:43] run18 : poll - elapsed=2122s log_stale=120s
[2026-09-14 20:21:03] run18 : poll - elapsed=2142s log_stale=1s
[2026-09-14 20:21:23] run18 : poll - elapsed=2162s log_stale=21s
[2026-09-14 20:21:43] run18 : poll - elapsed=2182s log_stale=41s
[2026-09-14 20:22:03] run18 : poll - elapsed=2202s log_stale=61s
[2026-09-14 20:22:23] run18 : poll - elapsed=2222s log_stale=81s
[2026-09-14 20:22:43] run18 : poll - elapsed=2242s log_stale=101s
[2026-09-14 20:23:03] run18 : poll - elapsed=2262s log_stale=121s
[2026-09-14 20:23:23] run18 : poll - elapsed=2282s log_stale=4s
[2026-09-14 20:23:43] run18 : poll - elapsed=2302s log_stale=24s
[2026-09-14 20:24:03] run18 : poll - elapsed=2322s log_stale=44s
[2026-09-14 20:24:23] run18 : poll - elapsed=2342s log_stale=64s
[2026-09-14 20:24:43] run18 : poll - elapsed=2362s log_stale=84s
[2026-09-14 20:25:03] run18 : poll - elapsed=2382s log_stale=104s
[2026-09-14 20:25:23] run18 : poll - elapsed=2402s log_stale=124s
[2026-09-14 20:25:43] run18 : poll - elapsed=2422s log_stale=5s
[2026-09-14 20:26:03] run18 : poll - elapsed=2442s log_stale=26s
[2026-09-14 20:26:23] run18 : poll - elapsed=2463s log_stale=46s
[2026-09-14 20:26:43] run18 : poll - elapsed=2483s log_stale=66s
[2026-09-14 20:27:03] run18 : poll - elapsed=2503s log_stale=86s
[2026-09-14 20:27:23] run18 : poll - elapsed=2523s log_stale=106s
[2026-09-14 20:27:43] run18 : poll - elapsed=2543s log_stale=126s
[2026-09-14 20:28:03] run18 : poll - elapsed=2563s log_stale=7s
[2026-09-14 20:28:23] run18 : poll - elapsed=2583s log_stale=27s
[2026-09-14 20:28:43] run18 : poll - elapsed=2603s log_stale=47s
[2026-09-14 20:29:03] run18 : poll - elapsed=2623s log_stale=67s
[2026-09-14 20:29:23] run18 : poll - elapsed=2643s log_stale=87s
[2026-09-14 20:29:43] run18 : poll - elapsed=2663s log_stale=107s
[2026-09-14 20:30:03] run18 : poll - elapsed=2683s log_stale=127s
[2026-09-14 20:30:23] run18 : poll - elapsed=2703s log_stale=10s
[2026-09-14 20:30:43] run18 : poll - elapsed=2723s log_stale=30s
[2026-09-14 20:31:03] run18 : poll - elapsed=2743s log_stale=50s
[2026-09-14 20:31:23] run18 : poll - elapsed=2763s log_stale=70s
[2026-09-14 20:31:43] run18 : poll - elapsed=2783s log_stale=90s
[2026-09-14 20:32:03] run18 : poll - elapsed=2803s log_stale=110s
[2026-09-14 20:32:23] run18 : poll - elapsed=2823s log_stale=130s
[2026-09-14 20:32:43] run18 : poll - elapsed=2843s log_stale=12s
[2026-09-14 20:33:03] run18 : poll - elapsed=2863s log_stale=32s
[2026-09-14 20:33:23] run18 : poll - elapsed=2883s log_stale=52s
[2026-09-14 20:33:43] run18 : poll - elapsed=2903s log_stale=72s
[2026-09-14 20:34:03] run18 : poll - elapsed=2923s log_stale=92s
[2026-09-14 20:34:23] run18 : poll - elapsed=2943s log_stale=112s
[2026-09-14 20:34:43] run18 : poll - elapsed=2963s log_stale=132s
[2026-09-14 20:35:04] run18 : THANH CONG - D:\ResearchLab\02_Projects\02_Projects\MOSFOA paper 2\code\results\MOSFOA2_A_Np8_Maxit20_run18_FINAL.mat da xuat hien.
[2026-09-14 20:35:04] ----- Bat dau run19 (19/20) -----
[2026-09-14 20:35:07] run19 : launching MATLAB (attempt 1)
[2026-09-14 20:35:27] run19 : poll - elapsed=20s log_stale=5s
[2026-09-14 20:35:47] run19 : poll - elapsed=40s log_stale=8s
[2026-09-14 20:36:07] run19 : poll - elapsed=60s log_stale=28s
[2026-09-14 20:36:27] run19 : poll - elapsed=80s log_stale=48s
[2026-09-14 20:36:47] run19 : poll - elapsed=100s log_stale=68s
[2026-09-14 20:37:07] run19 : poll - elapsed=120s log_stale=88s
[2026-09-14 20:37:27] run19 : poll - elapsed=140s log_stale=108s
[2026-09-14 20:37:47] run19 : poll - elapsed=160s log_stale=128s
[2026-09-14 20:38:07] run19 : poll - elapsed=180s log_stale=148s
[2026-09-14 20:38:27] run19 : poll - elapsed=200s log_stale=168s
[2026-09-14 20:38:48] run19 : poll - elapsed=220s log_stale=10s
[2026-09-14 20:39:08] run19 : poll - elapsed=240s log_stale=30s
[2026-09-14 20:39:28] run19 : poll - elapsed=260s log_stale=50s
[2026-09-14 20:39:48] run19 : poll - elapsed=280s log_stale=70s
[2026-09-14 20:40:08] run19 : poll - elapsed=300s log_stale=90s
[2026-09-14 20:40:28] run19 : poll - elapsed=320s log_stale=110s
[2026-09-14 20:40:48] run19 : poll - elapsed=340s log_stale=130s
[2026-09-14 20:41:08] run19 : poll - elapsed=360s log_stale=12s
[2026-09-14 20:41:28] run19 : poll - elapsed=380s log_stale=32s
[2026-09-14 20:41:48] run19 : poll - elapsed=400s log_stale=52s
[2026-09-14 20:42:08] run19 : poll - elapsed=420s log_stale=72s
[2026-09-14 20:42:28] run19 : poll - elapsed=441s log_stale=92s
[2026-09-14 20:42:48] run19 : poll - elapsed=461s log_stale=112s
[2026-09-14 20:43:08] run19 : poll - elapsed=481s log_stale=132s
[2026-09-14 20:43:28] run19 : poll - elapsed=501s log_stale=13s
[2026-09-14 20:43:48] run19 : poll - elapsed=521s log_stale=33s
[2026-09-14 20:44:08] run19 : poll - elapsed=541s log_stale=53s
[2026-09-14 20:44:28] run19 : poll - elapsed=561s log_stale=73s
[2026-09-14 20:44:48] run19 : poll - elapsed=581s log_stale=93s
[2026-09-14 20:45:08] run19 : poll - elapsed=601s log_stale=113s
[2026-09-14 20:45:28] run19 : poll - elapsed=621s log_stale=133s
[2026-09-14 20:45:48] run19 : poll - elapsed=641s log_stale=14s
[2026-09-14 20:46:08] run19 : poll - elapsed=661s log_stale=35s
[2026-09-14 20:46:28] run19 : poll - elapsed=681s log_stale=55s
[2026-09-14 20:46:48] run19 : poll - elapsed=701s log_stale=75s
[2026-09-14 20:47:08] run19 : poll - elapsed=721s log_stale=95s
[2026-09-14 20:47:28] run19 : poll - elapsed=741s log_stale=115s
[2026-09-14 20:47:48] run19 : poll - elapsed=761s log_stale=135s
[2026-09-14 20:48:08] run19 : poll - elapsed=781s log_stale=16s
[2026-09-14 20:48:28] run19 : poll - elapsed=801s log_stale=36s
[2026-09-14 20:48:48] run19 : poll - elapsed=821s log_stale=56s
[2026-09-14 20:49:08] run19 : poll - elapsed=841s log_stale=76s
[2026-09-14 20:49:28] run19 : poll - elapsed=861s log_stale=96s
[2026-09-14 20:49:48] run19 : poll - elapsed=881s log_stale=116s
[2026-09-14 20:50:08] run19 : poll - elapsed=901s log_stale=136s
[2026-09-14 20:50:28] run19 : poll - elapsed=921s log_stale=18s
[2026-09-14 20:50:48] run19 : poll - elapsed=941s log_stale=38s
[2026-09-14 20:51:08] run19 : poll - elapsed=961s log_stale=58s
[2026-09-14 20:51:28] run19 : poll - elapsed=981s log_stale=78s
[2026-09-14 20:51:48] run19 : poll - elapsed=1001s log_stale=98s
[2026-09-14 20:52:08] run19 : poll - elapsed=1021s log_stale=118s
[2026-09-14 20:52:28] run19 : poll - elapsed=1041s log_stale=138s
[2026-09-14 20:52:48] run19 : poll - elapsed=1061s log_stale=20s
[2026-09-14 20:53:08] run19 : poll - elapsed=1081s log_stale=40s
[2026-09-14 20:53:28] run19 : poll - elapsed=1101s log_stale=60s
[2026-09-14 20:53:48] run19 : poll - elapsed=1121s log_stale=80s
[2026-09-14 20:54:08] run19 : poll - elapsed=1141s log_stale=100s
[2026-09-14 20:54:28] run19 : poll - elapsed=1161s log_stale=120s
[2026-09-14 20:54:48] run19 : poll - elapsed=1181s log_stale=1s
[2026-09-14 20:55:08] run19 : poll - elapsed=1201s log_stale=21s
[2026-09-14 20:55:28] run19 : poll - elapsed=1221s log_stale=41s
[2026-09-14 20:55:49] run19 : poll - elapsed=1241s log_stale=61s
[2026-09-14 20:56:09] run19 : poll - elapsed=1261s log_stale=81s
[2026-09-14 20:56:29] run19 : poll - elapsed=1281s log_stale=101s
[2026-09-14 20:56:49] run19 : poll - elapsed=1301s log_stale=121s
[2026-09-14 20:57:09] run19 : poll - elapsed=1321s log_stale=3s
[2026-09-14 20:57:29] run19 : poll - elapsed=1341s log_stale=23s
[2026-09-14 20:57:49] run19 : poll - elapsed=1361s log_stale=43s
[2026-09-14 20:58:09] run19 : poll - elapsed=1381s log_stale=63s
[2026-09-14 20:58:29] run19 : poll - elapsed=1401s log_stale=83s
[2026-09-14 20:58:49] run19 : poll - elapsed=1421s log_stale=103s
[2026-09-14 20:59:09] run19 : poll - elapsed=1441s log_stale=123s
[2026-09-14 20:59:29] run19 : poll - elapsed=1461s log_stale=3s
[2026-09-14 20:59:49] run19 : poll - elapsed=1481s log_stale=23s
[2026-09-14 21:00:09] run19 : poll - elapsed=1501s log_stale=43s
[2026-09-14 21:00:29] run19 : poll - elapsed=1521s log_stale=63s
[2026-09-14 21:00:49] run19 : poll - elapsed=1542s log_stale=83s
[2026-09-14 21:01:09] run19 : poll - elapsed=1562s log_stale=103s
[2026-09-14 21:01:29] run19 : poll - elapsed=1582s log_stale=123s
[2026-09-14 21:01:49] run19 : poll - elapsed=1602s log_stale=5s
[2026-09-14 21:02:09] run19 : poll - elapsed=1622s log_stale=25s
[2026-09-14 21:02:29] run19 : poll - elapsed=1642s log_stale=45s
[2026-09-14 21:02:49] run19 : poll - elapsed=1662s log_stale=65s
[2026-09-14 21:03:09] run19 : poll - elapsed=1682s log_stale=85s
[2026-09-14 21:03:29] run19 : poll - elapsed=1702s log_stale=105s
[2026-09-14 21:03:49] run19 : poll - elapsed=1722s log_stale=125s
[2026-09-14 21:04:09] run19 : poll - elapsed=1742s log_stale=6s
[2026-09-14 21:04:29] run19 : poll - elapsed=1762s log_stale=26s
[2026-09-14 21:04:49] run19 : poll - elapsed=1782s log_stale=46s
[2026-09-14 21:05:09] run19 : poll - elapsed=1802s log_stale=66s
[2026-09-14 21:05:29] run19 : poll - elapsed=1822s log_stale=86s
[2026-09-14 21:05:49] run19 : poll - elapsed=1842s log_stale=106s
[2026-09-14 21:06:09] run19 : poll - elapsed=1862s log_stale=126s
[2026-09-14 21:06:29] run19 : poll - elapsed=1882s log_stale=6s
[2026-09-14 21:06:49] run19 : poll - elapsed=1902s log_stale=27s
[2026-09-14 21:07:09] run19 : poll - elapsed=1922s log_stale=47s
[2026-09-14 21:07:29] run19 : poll - elapsed=1942s log_stale=67s
[2026-09-14 21:07:49] run19 : poll - elapsed=1962s log_stale=87s
[2026-09-14 21:08:09] run19 : poll - elapsed=1982s log_stale=107s
[2026-09-14 21:08:29] run19 : poll - elapsed=2002s log_stale=127s
[2026-09-14 21:08:49] run19 : poll - elapsed=2022s log_stale=6s
[2026-09-14 21:09:09] run19 : poll - elapsed=2042s log_stale=26s
[2026-09-14 21:09:29] run19 : poll - elapsed=2062s log_stale=46s
[2026-09-14 21:09:49] run19 : poll - elapsed=2082s log_stale=66s
[2026-09-14 21:10:09] run19 : poll - elapsed=2102s log_stale=86s
[2026-09-14 21:10:29] run19 : poll - elapsed=2122s log_stale=106s
[2026-09-14 21:10:49] run19 : poll - elapsed=2142s log_stale=126s
[2026-09-14 21:11:09] run19 : poll - elapsed=2162s log_stale=7s
[2026-09-14 21:11:29] run19 : poll - elapsed=2182s log_stale=27s
[2026-09-14 21:11:49] run19 : poll - elapsed=2202s log_stale=47s
[2026-09-14 21:12:09] run19 : poll - elapsed=2222s log_stale=67s
[2026-09-14 21:12:29] run19 : poll - elapsed=2242s log_stale=87s
[2026-09-14 21:12:49] run19 : poll - elapsed=2262s log_stale=107s
[2026-09-14 21:13:09] run19 : poll - elapsed=2282s log_stale=127s
[2026-09-14 21:13:30] run19 : poll - elapsed=2302s log_stale=7s
[2026-09-14 21:13:50] run19 : poll - elapsed=2322s log_stale=27s
[2026-09-14 21:14:10] run19 : poll - elapsed=2342s log_stale=47s
[2026-09-14 21:14:30] run19 : poll - elapsed=2362s log_stale=68s
[2026-09-14 21:14:50] run19 : poll - elapsed=2382s log_stale=88s
[2026-09-14 21:15:10] run19 : poll - elapsed=2402s log_stale=108s
[2026-09-14 21:15:30] run19 : poll - elapsed=2422s log_stale=128s
[2026-09-14 21:15:50] run19 : poll - elapsed=2442s log_stale=8s
[2026-09-14 21:16:10] run19 : poll - elapsed=2463s log_stale=28s
[2026-09-14 21:16:30] run19 : poll - elapsed=2483s log_stale=48s
[2026-09-14 21:16:50] run19 : poll - elapsed=2503s log_stale=68s
[2026-09-14 21:17:10] run19 : poll - elapsed=2523s log_stale=88s
[2026-09-14 21:17:30] run19 : poll - elapsed=2543s log_stale=108s
[2026-09-14 21:17:50] run19 : poll - elapsed=2563s log_stale=128s
[2026-09-14 21:18:10] run19 : poll - elapsed=2583s log_stale=8s
[2026-09-14 21:18:30] run19 : poll - elapsed=2603s log_stale=28s
[2026-09-14 21:18:50] run19 : poll - elapsed=2623s log_stale=48s
[2026-09-14 21:19:10] run19 : poll - elapsed=2643s log_stale=68s
[2026-09-14 21:19:30] run19 : poll - elapsed=2663s log_stale=88s
[2026-09-14 21:19:50] run19 : poll - elapsed=2683s log_stale=108s
[2026-09-14 21:20:10] run19 : poll - elapsed=2703s log_stale=128s
[2026-09-14 21:20:30] run19 : poll - elapsed=2723s log_stale=8s
[2026-09-14 21:20:50] run19 : poll - elapsed=2743s log_stale=28s
[2026-09-14 21:21:10] run19 : poll - elapsed=2763s log_stale=48s
[2026-09-14 21:21:30] run19 : poll - elapsed=2783s log_stale=68s
[2026-09-14 21:21:50] run19 : poll - elapsed=2803s log_stale=88s
[2026-09-14 21:22:10] run19 : poll - elapsed=2823s log_stale=108s
[2026-09-14 21:22:30] run19 : poll - elapsed=2843s log_stale=128s
[2026-09-14 21:22:50] run19 : poll - elapsed=2863s log_stale=9s
[2026-09-14 21:23:10] run19 : poll - elapsed=2883s log_stale=29s
[2026-09-14 21:23:30] run19 : poll - elapsed=2903s log_stale=49s
[2026-09-14 21:23:50] run19 : poll - elapsed=2923s log_stale=69s
[2026-09-14 21:24:10] run19 : poll - elapsed=2943s log_stale=89s
[2026-09-14 21:24:30] run19 : poll - elapsed=2963s log_stale=109s
[2026-09-14 21:24:50] run19 : poll - elapsed=2983s log_stale=129s
[2026-09-14 21:25:10] run19 : THANH CONG - D:\ResearchLab\02_Projects\02_Projects\MOSFOA paper 2\code\results\MOSFOA2_A_Np8_Maxit20_run19_FINAL.mat da xuat hien.
[2026-09-14 21:25:10] ----- Bat dau run20 (20/20) -----
[2026-09-14 21:25:14] run20 : launching MATLAB (attempt 1)
[2026-09-14 21:25:34] run20 : poll - elapsed=20s log_stale=9s
[2026-09-14 21:25:54] run20 : poll - elapsed=40s log_stale=14s
[2026-09-14 21:26:14] run20 : poll - elapsed=60s log_stale=34s
[2026-09-14 21:26:34] run20 : poll - elapsed=80s log_stale=54s
[2026-09-14 21:26:54] run20 : poll - elapsed=100s log_stale=74s
[2026-09-14 21:27:14] run20 : poll - elapsed=120s log_stale=94s
[2026-09-14 21:27:34] run20 : poll - elapsed=140s log_stale=114s
[2026-09-14 21:27:54] run20 : poll - elapsed=160s log_stale=134s
[2026-09-14 21:28:14] run20 : poll - elapsed=180s log_stale=154s
[2026-09-14 21:28:34] run20 : poll - elapsed=200s log_stale=174s
[2026-09-14 21:28:54] run20 : poll - elapsed=220s log_stale=13s
[2026-09-14 21:29:14] run20 : poll - elapsed=240s log_stale=33s
[2026-09-14 21:29:34] run20 : poll - elapsed=260s log_stale=53s
[2026-09-14 21:29:54] run20 : poll - elapsed=280s log_stale=73s
[2026-09-14 21:30:14] run20 : poll - elapsed=300s log_stale=93s
[2026-09-14 21:30:34] run20 : poll - elapsed=320s log_stale=113s
[2026-09-14 21:30:54] run20 : poll - elapsed=340s log_stale=134s
[2026-09-14 21:31:14] run20 : poll - elapsed=360s log_stale=14s
[2026-09-14 21:31:34] run20 : poll - elapsed=380s log_stale=34s
[2026-09-14 21:31:54] run20 : poll - elapsed=400s log_stale=54s
[2026-09-14 21:32:14] run20 : poll - elapsed=420s log_stale=74s
[2026-09-14 21:32:34] run20 : poll - elapsed=440s log_stale=94s
[2026-09-14 21:32:54] run20 : poll - elapsed=460s log_stale=114s
[2026-09-14 21:33:15] run20 : poll - elapsed=480s log_stale=134s
[2026-09-14 21:33:35] run20 : poll - elapsed=500s log_stale=15s
[2026-09-14 21:33:55] run20 : poll - elapsed=520s log_stale=35s
[2026-09-14 21:34:15] run20 : poll - elapsed=540s log_stale=55s
[2026-09-14 21:34:35] run20 : poll - elapsed=560s log_stale=75s
[2026-09-14 21:34:55] run20 : poll - elapsed=581s log_stale=95s
[2026-09-14 21:35:15] run20 : poll - elapsed=601s log_stale=115s
[2026-09-14 21:35:35] run20 : poll - elapsed=621s log_stale=135s
[2026-09-14 21:35:55] run20 : poll - elapsed=641s log_stale=15s
[2026-09-14 21:36:15] run20 : poll - elapsed=661s log_stale=35s
[2026-09-14 21:36:35] run20 : poll - elapsed=681s log_stale=55s
[2026-09-14 21:36:55] run20 : poll - elapsed=701s log_stale=75s
[2026-09-14 21:37:15] run20 : poll - elapsed=721s log_stale=95s
[2026-09-14 21:37:35] run20 : poll - elapsed=741s log_stale=115s
[2026-09-14 21:37:55] run20 : poll - elapsed=761s log_stale=136s
[2026-09-14 21:38:15] run20 : poll - elapsed=781s log_stale=15s
[2026-09-14 21:38:35] run20 : poll - elapsed=801s log_stale=35s
[2026-09-14 21:38:55] run20 : poll - elapsed=821s log_stale=55s
[2026-09-14 21:39:15] run20 : poll - elapsed=841s log_stale=75s
[2026-09-14 21:39:35] run20 : poll - elapsed=861s log_stale=95s
[2026-09-14 21:39:55] run20 : poll - elapsed=881s log_stale=115s
[2026-09-14 21:40:15] run20 : poll - elapsed=901s log_stale=135s
[2026-09-14 21:40:35] run20 : poll - elapsed=921s log_stale=16s
[2026-09-14 21:40:55] run20 : poll - elapsed=941s log_stale=36s
[2026-09-14 21:41:15] run20 : poll - elapsed=961s log_stale=56s
[2026-09-14 21:41:35] run20 : poll - elapsed=981s log_stale=76s
[2026-09-14 21:41:55] run20 : poll - elapsed=1001s log_stale=96s
[2026-09-14 21:42:15] run20 : poll - elapsed=1021s log_stale=116s
[2026-09-14 21:42:35] run20 : poll - elapsed=1041s log_stale=136s
[2026-09-14 21:42:55] run20 : poll - elapsed=1061s log_stale=17s
[2026-09-14 21:43:15] run20 : poll - elapsed=1081s log_stale=37s
[2026-09-14 21:43:35] run20 : poll - elapsed=1101s log_stale=57s
[2026-09-14 21:43:55] run20 : poll - elapsed=1121s log_stale=77s
[2026-09-14 21:44:15] run20 : poll - elapsed=1141s log_stale=97s
[2026-09-14 21:44:35] run20 : poll - elapsed=1161s log_stale=117s
[2026-09-14 21:44:55] run20 : poll - elapsed=1181s log_stale=137s
[2026-09-14 21:45:15] run20 : poll - elapsed=1201s log_stale=18s
[2026-09-14 21:45:35] run20 : poll - elapsed=1221s log_stale=38s
[2026-09-14 21:45:55] run20 : poll - elapsed=1241s log_stale=58s
[2026-09-14 21:46:15] run20 : poll - elapsed=1261s log_stale=78s
[2026-09-14 21:46:35] run20 : poll - elapsed=1281s log_stale=98s
[2026-09-14 21:46:55] run20 : poll - elapsed=1301s log_stale=118s
[2026-09-14 21:47:15] run20 : poll - elapsed=1321s log_stale=138s
[2026-09-14 21:47:35] run20 : poll - elapsed=1341s log_stale=18s
[2026-09-14 21:47:55] run20 : poll - elapsed=1361s log_stale=38s
[2026-09-14 21:48:15] run20 : poll - elapsed=1381s log_stale=58s
[2026-09-14 21:48:35] run20 : poll - elapsed=1401s log_stale=78s
[2026-09-14 21:48:55] run20 : poll - elapsed=1421s log_stale=98s
[2026-09-14 21:49:15] run20 : poll - elapsed=1441s log_stale=118s
[2026-09-14 21:49:35] run20 : poll - elapsed=1461s log_stale=138s
[2026-09-14 21:49:55] run20 : poll - elapsed=1481s log_stale=19s
[2026-09-14 21:50:16] run20 : poll - elapsed=1501s log_stale=39s
[2026-09-14 21:50:36] run20 : poll - elapsed=1521s log_stale=59s
[2026-09-14 21:50:56] run20 : poll - elapsed=1541s log_stale=79s
[2026-09-14 21:51:16] run20 : poll - elapsed=1561s log_stale=99s
[2026-09-14 21:51:36] run20 : poll - elapsed=1581s log_stale=119s
[2026-09-14 21:51:56] run20 : poll - elapsed=1601s log_stale=139s
[2026-09-14 21:52:16] run20 : poll - elapsed=1621s log_stale=19s
[2026-09-14 21:52:36] run20 : poll - elapsed=1642s log_stale=39s
[2026-09-14 21:52:56] run20 : poll - elapsed=1662s log_stale=59s
[2026-09-14 21:53:16] run20 : poll - elapsed=1682s log_stale=79s
[2026-09-14 21:53:36] run20 : poll - elapsed=1702s log_stale=99s
[2026-09-14 21:53:56] run20 : poll - elapsed=1722s log_stale=119s
[2026-09-14 21:54:16] run20 : poll - elapsed=1742s log_stale=139s
[2026-09-14 21:54:36] run20 : poll - elapsed=1762s log_stale=19s
[2026-09-14 21:54:56] run20 : poll - elapsed=1782s log_stale=39s
[2026-09-14 21:55:16] run20 : poll - elapsed=1802s log_stale=59s
[2026-09-14 21:55:36] run20 : poll - elapsed=1822s log_stale=79s
[2026-09-14 21:55:56] run20 : poll - elapsed=1842s log_stale=99s
[2026-09-14 21:56:16] run20 : poll - elapsed=1862s log_stale=119s
[2026-09-14 21:56:36] run20 : poll - elapsed=1882s log_stale=139s
[2026-09-14 21:56:56] run20 : poll - elapsed=1902s log_stale=20s
[2026-09-14 21:57:16] run20 : poll - elapsed=1922s log_stale=40s
[2026-09-14 21:57:36] run20 : poll - elapsed=1942s log_stale=60s
[2026-09-14 21:57:56] run20 : poll - elapsed=1962s log_stale=80s
[2026-09-14 21:58:16] run20 : poll - elapsed=1982s log_stale=100s
[2026-09-14 21:58:36] run20 : poll - elapsed=2002s log_stale=120s
[2026-09-14 21:58:56] run20 : poll - elapsed=2022s log_stale=1s
[2026-09-14 21:59:16] run20 : poll - elapsed=2042s log_stale=21s
[2026-09-14 21:59:36] run20 : poll - elapsed=2062s log_stale=41s
[2026-09-14 21:59:56] run20 : poll - elapsed=2082s log_stale=61s
[2026-09-14 22:00:16] run20 : poll - elapsed=2102s log_stale=81s
[2026-09-14 22:00:36] run20 : poll - elapsed=2122s log_stale=102s
[2026-09-14 22:00:56] run20 : poll - elapsed=2142s log_stale=122s
[2026-09-14 22:01:16] run20 : poll - elapsed=2162s log_stale=3s
[2026-09-14 22:01:36] run20 : poll - elapsed=2182s log_stale=23s
[2026-09-14 22:01:56] run20 : poll - elapsed=2202s log_stale=43s
[2026-09-14 22:02:16] run20 : poll - elapsed=2222s log_stale=63s
[2026-09-14 22:02:36] run20 : poll - elapsed=2242s log_stale=83s
[2026-09-14 22:02:56] run20 : poll - elapsed=2262s log_stale=103s
[2026-09-14 22:03:16] run20 : poll - elapsed=2282s log_stale=123s
[2026-09-14 22:03:36] run20 : poll - elapsed=2302s log_stale=5s
[2026-09-14 22:03:56] run20 : poll - elapsed=2322s log_stale=25s
[2026-09-14 22:04:16] run20 : poll - elapsed=2342s log_stale=45s
[2026-09-14 22:04:36] run20 : poll - elapsed=2362s log_stale=65s
[2026-09-14 22:04:56] run20 : poll - elapsed=2382s log_stale=85s
[2026-09-14 22:05:16] run20 : poll - elapsed=2402s log_stale=105s
[2026-09-14 22:05:36] run20 : poll - elapsed=2422s log_stale=125s
[2026-09-14 22:05:56] run20 : poll - elapsed=2442s log_stale=6s
[2026-09-14 22:06:16] run20 : poll - elapsed=2462s log_stale=26s
[2026-09-14 22:06:36] run20 : poll - elapsed=2482s log_stale=46s
[2026-09-14 22:06:56] run20 : poll - elapsed=2502s log_stale=66s
[2026-09-14 22:07:16] run20 : poll - elapsed=2522s log_stale=86s
[2026-09-14 22:07:37] run20 : poll - elapsed=2542s log_stale=106s
[2026-09-14 22:07:57] run20 : poll - elapsed=2562s log_stale=126s
[2026-09-14 22:08:17] run20 : poll - elapsed=2582s log_stale=7s
[2026-09-14 22:08:37] run20 : poll - elapsed=2602s log_stale=27s
[2026-09-14 22:08:57] run20 : poll - elapsed=2623s log_stale=47s
[2026-09-14 22:09:17] run20 : poll - elapsed=2643s log_stale=67s
[2026-09-14 22:09:37] run20 : poll - elapsed=2663s log_stale=87s
[2026-09-14 22:09:57] run20 : poll - elapsed=2683s log_stale=107s
[2026-09-14 22:10:17] run20 : poll - elapsed=2703s log_stale=127s
[2026-09-14 22:10:37] run20 : poll - elapsed=2723s log_stale=9s
[2026-09-14 22:10:57] run20 : poll - elapsed=2743s log_stale=29s
[2026-09-14 22:11:17] run20 : poll - elapsed=2763s log_stale=49s
[2026-09-14 22:11:37] run20 : poll - elapsed=2783s log_stale=69s
[2026-09-14 22:11:57] run20 : poll - elapsed=2803s log_stale=89s
[2026-09-14 22:12:17] run20 : poll - elapsed=2823s log_stale=109s
[2026-09-14 22:12:37] run20 : poll - elapsed=2843s log_stale=129s
[2026-09-14 22:12:57] run20 : poll - elapsed=2863s log_stale=10s
[2026-09-14 22:13:17] run20 : poll - elapsed=2883s log_stale=30s
[2026-09-14 22:13:37] run20 : poll - elapsed=2903s log_stale=50s
[2026-09-14 22:13:57] run20 : poll - elapsed=2923s log_stale=70s
[2026-09-14 22:14:17] run20 : poll - elapsed=2943s log_stale=90s
[2026-09-14 22:14:37] run20 : poll - elapsed=2963s log_stale=110s
[2026-09-14 22:14:57] run20 : poll - elapsed=2983s log_stale=130s
[2026-09-14 22:15:17] run20 : THANH CONG - D:\ResearchLab\02_Projects\02_Projects\MOSFOA paper 2\code\results\MOSFOA2_A_Np8_Maxit20_run20_FINAL.mat da xuat hien.
[2026-09-14 22:15:17] === HOAN THANH TOAN BO CAMPAIGN cho cong trinh A (20 lan chay) ===
[2026-09-15 07:57:11] === watchdog_campaign start: Proj=A Nrun=20 Npop=8 Max_it=20 Num_work=8 ===
[2026-09-15 07:57:14] run01 : da co ket qua (D:\ResearchLab\02_Projects\02_Projects\MOSFOA paper 2\code\results\MOSFOA2_A_Np8_Maxit20_run01_FINAL.mat) - BO QUA.
[2026-09-15 07:57:14] run02 : da co ket qua (D:\ResearchLab\02_Projects\02_Projects\MOSFOA paper 2\code\results\MOSFOA2_A_Np8_Maxit20_run02_FINAL.mat) - BO QUA.
[2026-09-15 07:57:14] run03 : da co ket qua (D:\ResearchLab\02_Projects\02_Projects\MOSFOA paper 2\code\results\MOSFOA2_A_Np8_Maxit20_run03_FINAL.mat) - BO QUA.
[2026-09-15 07:57:14] run04 : da co ket qua (D:\ResearchLab\02_Projects\02_Projects\MOSFOA paper 2\code\results\MOSFOA2_A_Np8_Maxit20_run04_FINAL.mat) - BO QUA.
[2026-09-15 07:57:14] run05 : da co ket qua (D:\ResearchLab\02_Projects\02_Projects\MOSFOA paper 2\code\results\MOSFOA2_A_Np8_Maxit20_run05_FINAL.mat) - BO QUA.
[2026-09-15 07:57:14] run06 : da co ket qua (D:\ResearchLab\02_Projects\02_Projects\MOSFOA paper 2\code\results\MOSFOA2_A_Np8_Maxit20_run06_FINAL.mat) - BO QUA.
[2026-09-15 07:57:14] run07 : da co ket qua (D:\ResearchLab\02_Projects\02_Projects\MOSFOA paper 2\code\results\MOSFOA2_A_Np8_Maxit20_run07_FINAL.mat) - BO QUA.
[2026-09-15 07:57:14] run08 : da co ket qua (D:\ResearchLab\02_Projects\02_Projects\MOSFOA paper 2\code\results\MOSFOA2_A_Np8_Maxit20_run08_FINAL.mat) - BO QUA.
[2026-09-15 07:57:14] run09 : da co ket qua (D:\ResearchLab\02_Projects\02_Projects\MOSFOA paper 2\code\results\MOSFOA2_A_Np8_Maxit20_run09_FINAL.mat) - BO QUA.
[2026-09-15 07:57:14] run10 : da co ket qua (D:\ResearchLab\02_Projects\02_Projects\MOSFOA paper 2\code\results\MOSFOA2_A_Np8_Maxit20_run10_FINAL.mat) - BO QUA.
[2026-09-15 07:57:14] run11 : da co ket qua (D:\ResearchLab\02_Projects\02_Projects\MOSFOA paper 2\code\results\MOSFOA2_A_Np8_Maxit20_run11_FINAL.mat) - BO QUA.
[2026-09-15 07:57:14] run12 : da co ket qua (D:\ResearchLab\02_Projects\02_Projects\MOSFOA paper 2\code\results\MOSFOA2_A_Np8_Maxit20_run12_FINAL.mat) - BO QUA.
[2026-09-15 07:57:14] run13 : da co ket qua (D:\ResearchLab\02_Projects\02_Projects\MOSFOA paper 2\code\results\MOSFOA2_A_Np8_Maxit20_run13_FINAL.mat) - BO QUA.
[2026-09-15 07:57:14] run14 : da co ket qua (D:\ResearchLab\02_Projects\02_Projects\MOSFOA paper 2\code\results\MOSFOA2_A_Np8_Maxit20_run14_FINAL.mat) - BO QUA.
[2026-09-15 07:57:14] run15 : da co ket qua (D:\ResearchLab\02_Projects\02_Projects\MOSFOA paper 2\code\results\MOSFOA2_A_Np8_Maxit20_run15_FINAL.mat) - BO QUA.
[2026-09-15 07:57:14] run16 : da co ket qua (D:\ResearchLab\02_Projects\02_Projects\MOSFOA paper 2\code\results\MOSFOA2_A_Np8_Maxit20_run16_FINAL.mat) - BO QUA.
[2026-09-15 07:57:14] run17 : da co ket qua (D:\ResearchLab\02_Projects\02_Projects\MOSFOA paper 2\code\results\MOSFOA2_A_Np8_Maxit20_run17_FINAL.mat) - BO QUA.
[2026-09-15 07:57:14] run18 : da co ket qua (D:\ResearchLab\02_Projects\02_Projects\MOSFOA paper 2\code\results\MOSFOA2_A_Np8_Maxit20_run18_FINAL.mat) - BO QUA.
[2026-09-15 07:57:14] run19 : da co ket qua (D:\ResearchLab\02_Projects\02_Projects\MOSFOA paper 2\code\results\MOSFOA2_A_Np8_Maxit20_run19_FINAL.mat) - BO QUA.
[2026-09-15 07:57:14] run20 : da co ket qua (D:\ResearchLab\02_Projects\02_Projects\MOSFOA paper 2\code\results\MOSFOA2_A_Np8_Maxit20_run20_FINAL.mat) - BO QUA.
[2026-09-15 07:57:14] === HOAN THANH TOAN BO CAMPAIGN cho cong trinh A (20 lan chay) ===
[2026-09-15 08:09:02] === watchdog_campaign start: Proj=A Nrun=20 Npop=8 Max_it=20 Num_work=8 ===
[2026-09-15 08:09:05] run01 : da co ket qua (D:\ResearchLab\02_Projects\02_Projects\MOSFOA paper 2\code\results\MOSFOA2_A_Np8_Maxit20_run01_FINAL.mat) - BO QUA.
[2026-09-15 08:09:06] run02 : da co ket qua (D:\ResearchLab\02_Projects\02_Projects\MOSFOA paper 2\code\results\MOSFOA2_A_Np8_Maxit20_run02_FINAL.mat) - BO QUA.
[2026-09-15 08:09:06] run03 : da co ket qua (D:\ResearchLab\02_Projects\02_Projects\MOSFOA paper 2\code\results\MOSFOA2_A_Np8_Maxit20_run03_FINAL.mat) - BO QUA.
[2026-09-15 08:09:06] run04 : da co ket qua (D:\ResearchLab\02_Projects\02_Projects\MOSFOA paper 2\code\results\MOSFOA2_A_Np8_Maxit20_run04_FINAL.mat) - BO QUA.
[2026-09-15 08:09:06] run05 : da co ket qua (D:\ResearchLab\02_Projects\02_Projects\MOSFOA paper 2\code\results\MOSFOA2_A_Np8_Maxit20_run05_FINAL.mat) - BO QUA.
[2026-09-15 08:09:06] run06 : da co ket qua (D:\ResearchLab\02_Projects\02_Projects\MOSFOA paper 2\code\results\MOSFOA2_A_Np8_Maxit20_run06_FINAL.mat) - BO QUA.
[2026-09-15 08:09:06] run07 : da co ket qua (D:\ResearchLab\02_Projects\02_Projects\MOSFOA paper 2\code\results\MOSFOA2_A_Np8_Maxit20_run07_FINAL.mat) - BO QUA.
[2026-09-15 08:09:06] run08 : da co ket qua (D:\ResearchLab\02_Projects\02_Projects\MOSFOA paper 2\code\results\MOSFOA2_A_Np8_Maxit20_run08_FINAL.mat) - BO QUA.
[2026-09-15 08:09:06] run09 : da co ket qua (D:\ResearchLab\02_Projects\02_Projects\MOSFOA paper 2\code\results\MOSFOA2_A_Np8_Maxit20_run09_FINAL.mat) - BO QUA.
[2026-09-15 08:09:06] run10 : da co ket qua (D:\ResearchLab\02_Projects\02_Projects\MOSFOA paper 2\code\results\MOSFOA2_A_Np8_Maxit20_run10_FINAL.mat) - BO QUA.
[2026-09-15 08:09:06] run11 : da co ket qua (D:\ResearchLab\02_Projects\02_Projects\MOSFOA paper 2\code\results\MOSFOA2_A_Np8_Maxit20_run11_FINAL.mat) - BO QUA.
[2026-09-15 08:09:06] run12 : da co ket qua (D:\ResearchLab\02_Projects\02_Projects\MOSFOA paper 2\code\results\MOSFOA2_A_Np8_Maxit20_run12_FINAL.mat) - BO QUA.
[2026-09-15 08:09:06] run13 : da co ket qua (D:\ResearchLab\02_Projects\02_Projects\MOSFOA paper 2\code\results\MOSFOA2_A_Np8_Maxit20_run13_FINAL.mat) - BO QUA.
[2026-09-15 08:09:06] run14 : da co ket qua (D:\ResearchLab\02_Projects\02_Projects\MOSFOA paper 2\code\results\MOSFOA2_A_Np8_Maxit20_run14_FINAL.mat) - BO QUA.
[2026-09-15 08:09:06] run15 : da co ket qua (D:\ResearchLab\02_Projects\02_Projects\MOSFOA paper 2\code\results\MOSFOA2_A_Np8_Maxit20_run15_FINAL.mat) - BO QUA.
[2026-09-15 08:09:06] run16 : da co ket qua (D:\ResearchLab\02_Projects\02_Projects\MOSFOA paper 2\code\results\MOSFOA2_A_Np8_Maxit20_run16_FINAL.mat) - BO QUA.
[2026-09-15 08:09:06] run17 : da co ket qua (D:\ResearchLab\02_Projects\02_Projects\MOSFOA paper 2\code\results\MOSFOA2_A_Np8_Maxit20_run17_FINAL.mat) - BO QUA.
[2026-09-15 08:09:06] run18 : da co ket qua (D:\ResearchLab\02_Projects\02_Projects\MOSFOA paper 2\code\results\MOSFOA2_A_Np8_Maxit20_run18_FINAL.mat) - BO QUA.
[2026-09-15 08:09:06] run19 : da co ket qua (D:\ResearchLab\02_Projects\02_Projects\MOSFOA paper 2\code\results\MOSFOA2_A_Np8_Maxit20_run19_FINAL.mat) - BO QUA.
[2026-09-15 08:09:06] run20 : da co ket qua (D:\ResearchLab\02_Projects\02_Projects\MOSFOA paper 2\code\results\MOSFOA2_A_Np8_Maxit20_run20_FINAL.mat) - BO QUA.
[2026-09-15 08:09:06] === HOAN THANH TOAN BO CAMPAIGN cho cong trinh A (20 lan chay) ===
[2026-09-15 09:03:39] === watchdog_campaign start: Proj=A Nrun=20 Npop=8 Max_it=20 Num_work=8 ===
[2026-09-15 09:03:42] run01 : da co ket qua (D:\ResearchLab\02_Projects\02_Projects\MOSFOA paper 2\code\results\MOSFOA2_A_Np8_Maxit20_run01_FINAL.mat) - BO QUA.
[2026-09-15 09:03:42] run02 : da co ket qua (D:\ResearchLab\02_Projects\02_Projects\MOSFOA paper 2\code\results\MOSFOA2_A_Np8_Maxit20_run02_FINAL.mat) - BO QUA.
[2026-09-15 09:03:42] run03 : da co ket qua (D:\ResearchLab\02_Projects\02_Projects\MOSFOA paper 2\code\results\MOSFOA2_A_Np8_Maxit20_run03_FINAL.mat) - BO QUA.
[2026-09-15 09:03:42] run04 : da co ket qua (D:\ResearchLab\02_Projects\02_Projects\MOSFOA paper 2\code\results\MOSFOA2_A_Np8_Maxit20_run04_FINAL.mat) - BO QUA.
[2026-09-15 09:03:42] run05 : da co ket qua (D:\ResearchLab\02_Projects\02_Projects\MOSFOA paper 2\code\results\MOSFOA2_A_Np8_Maxit20_run05_FINAL.mat) - BO QUA.
[2026-09-15 09:03:42] run06 : da co ket qua (D:\ResearchLab\02_Projects\02_Projects\MOSFOA paper 2\code\results\MOSFOA2_A_Np8_Maxit20_run06_FINAL.mat) - BO QUA.
[2026-09-15 09:03:42] run07 : da co ket qua (D:\ResearchLab\02_Projects\02_Projects\MOSFOA paper 2\code\results\MOSFOA2_A_Np8_Maxit20_run07_FINAL.mat) - BO QUA.
[2026-09-15 09:03:42] run08 : da co ket qua (D:\ResearchLab\02_Projects\02_Projects\MOSFOA paper 2\code\results\MOSFOA2_A_Np8_Maxit20_run08_FINAL.mat) - BO QUA.
[2026-09-15 09:03:42] run09 : da co ket qua (D:\ResearchLab\02_Projects\02_Projects\MOSFOA paper 2\code\results\MOSFOA2_A_Np8_Maxit20_run09_FINAL.mat) - BO QUA.
[2026-09-15 09:03:42] run10 : da co ket qua (D:\ResearchLab\02_Projects\02_Projects\MOSFOA paper 2\code\results\MOSFOA2_A_Np8_Maxit20_run10_FINAL.mat) - BO QUA.
[2026-09-15 09:03:42] run11 : da co ket qua (D:\ResearchLab\02_Projects\02_Projects\MOSFOA paper 2\code\results\MOSFOA2_A_Np8_Maxit20_run11_FINAL.mat) - BO QUA.
[2026-09-15 09:03:42] run12 : da co ket qua (D:\ResearchLab\02_Projects\02_Projects\MOSFOA paper 2\code\results\MOSFOA2_A_Np8_Maxit20_run12_FINAL.mat) - BO QUA.
[2026-09-15 09:03:42] run13 : da co ket qua (D:\ResearchLab\02_Projects\02_Projects\MOSFOA paper 2\code\results\MOSFOA2_A_Np8_Maxit20_run13_FINAL.mat) - BO QUA.
[2026-09-15 09:03:42] run14 : da co ket qua (D:\ResearchLab\02_Projects\02_Projects\MOSFOA paper 2\code\results\MOSFOA2_A_Np8_Maxit20_run14_FINAL.mat) - BO QUA.
[2026-09-15 09:03:42] run15 : da co ket qua (D:\ResearchLab\02_Projects\02_Projects\MOSFOA paper 2\code\results\MOSFOA2_A_Np8_Maxit20_run15_FINAL.mat) - BO QUA.
[2026-09-15 09:03:42] run16 : da co ket qua (D:\ResearchLab\02_Projects\02_Projects\MOSFOA paper 2\code\results\MOSFOA2_A_Np8_Maxit20_run16_FINAL.mat) - BO QUA.
[2026-09-15 09:03:42] run17 : da co ket qua (D:\ResearchLab\02_Projects\02_Projects\MOSFOA paper 2\code\results\MOSFOA2_A_Np8_Maxit20_run17_FINAL.mat) - BO QUA.
[2026-09-15 09:03:43] run18 : da co ket qua (D:\ResearchLab\02_Projects\02_Projects\MOSFOA paper 2\code\results\MOSFOA2_A_Np8_Maxit20_run18_FINAL.mat) - BO QUA.
[2026-09-15 09:03:43] run19 : da co ket qua (D:\ResearchLab\02_Projects\02_Projects\MOSFOA paper 2\code\results\MOSFOA2_A_Np8_Maxit20_run19_FINAL.mat) - BO QUA.
[2026-09-15 09:03:43] run20 : da co ket qua (D:\ResearchLab\02_Projects\02_Projects\MOSFOA paper 2\code\results\MOSFOA2_A_Np8_Maxit20_run20_FINAL.mat) - BO QUA.
[2026-09-15 09:03:43] === HOAN THANH TOAN BO CAMPAIGN cho cong trinh A (20 lan chay) ===
[2026-09-15 11:00:15] === watchdog_campaign start: Proj=A Nrun=20 Npop=8 Max_it=20 Num_work=8 ===
[2026-09-15 11:00:18] run01 : da co ket qua (D:\ResearchLab\02_Projects\02_Projects\MOSFOA paper 2\code\results\MOSFOA2_A_Np8_Maxit20_run01_FINAL.mat) - BO QUA.
[2026-09-15 11:00:18] run02 : da co ket qua (D:\ResearchLab\02_Projects\02_Projects\MOSFOA paper 2\code\results\MOSFOA2_A_Np8_Maxit20_run02_FINAL.mat) - BO QUA.
[2026-09-15 11:00:18] run03 : da co ket qua (D:\ResearchLab\02_Projects\02_Projects\MOSFOA paper 2\code\results\MOSFOA2_A_Np8_Maxit20_run03_FINAL.mat) - BO QUA.
[2026-09-15 11:00:18] run04 : da co ket qua (D:\ResearchLab\02_Projects\02_Projects\MOSFOA paper 2\code\results\MOSFOA2_A_Np8_Maxit20_run04_FINAL.mat) - BO QUA.
[2026-09-15 11:00:18] run05 : da co ket qua (D:\ResearchLab\02_Projects\02_Projects\MOSFOA paper 2\code\results\MOSFOA2_A_Np8_Maxit20_run05_FINAL.mat) - BO QUA.
[2026-09-15 11:00:18] run06 : da co ket qua (D:\ResearchLab\02_Projects\02_Projects\MOSFOA paper 2\code\results\MOSFOA2_A_Np8_Maxit20_run06_FINAL.mat) - BO QUA.
[2026-09-15 11:00:18] run07 : da co ket qua (D:\ResearchLab\02_Projects\02_Projects\MOSFOA paper 2\code\results\MOSFOA2_A_Np8_Maxit20_run07_FINAL.mat) - BO QUA.
[2026-09-15 11:00:18] run08 : da co ket qua (D:\ResearchLab\02_Projects\02_Projects\MOSFOA paper 2\code\results\MOSFOA2_A_Np8_Maxit20_run08_FINAL.mat) - BO QUA.
[2026-09-15 11:00:18] run09 : da co ket qua (D:\ResearchLab\02_Projects\02_Projects\MOSFOA paper 2\code\results\MOSFOA2_A_Np8_Maxit20_run09_FINAL.mat) - BO QUA.
[2026-09-15 11:00:18] run10 : da co ket qua (D:\ResearchLab\02_Projects\02_Projects\MOSFOA paper 2\code\results\MOSFOA2_A_Np8_Maxit20_run10_FINAL.mat) - BO QUA.
[2026-09-15 11:00:18] run11 : da co ket qua (D:\ResearchLab\02_Projects\02_Projects\MOSFOA paper 2\code\results\MOSFOA2_A_Np8_Maxit20_run11_FINAL.mat) - BO QUA.
[2026-09-15 11:00:18] run12 : da co ket qua (D:\ResearchLab\02_Projects\02_Projects\MOSFOA paper 2\code\results\MOSFOA2_A_Np8_Maxit20_run12_FINAL.mat) - BO QUA.
[2026-09-15 11:00:18] run13 : da co ket qua (D:\ResearchLab\02_Projects\02_Projects\MOSFOA paper 2\code\results\MOSFOA2_A_Np8_Maxit20_run13_FINAL.mat) - BO QUA.
[2026-09-15 11:00:18] run14 : da co ket qua (D:\ResearchLab\02_Projects\02_Projects\MOSFOA paper 2\code\results\MOSFOA2_A_Np8_Maxit20_run14_FINAL.mat) - BO QUA.
[2026-09-15 11:00:18] run15 : da co ket qua (D:\ResearchLab\02_Projects\02_Projects\MOSFOA paper 2\code\results\MOSFOA2_A_Np8_Maxit20_run15_FINAL.mat) - BO QUA.
[2026-09-15 11:00:18] run16 : da co ket qua (D:\ResearchLab\02_Projects\02_Projects\MOSFOA paper 2\code\results\MOSFOA2_A_Np8_Maxit20_run16_FINAL.mat) - BO QUA.
[2026-09-15 11:00:18] run17 : da co ket qua (D:\ResearchLab\02_Projects\02_Projects\MOSFOA paper 2\code\results\MOSFOA2_A_Np8_Maxit20_run17_FINAL.mat) - BO QUA.
[2026-09-15 11:00:18] run18 : da co ket qua (D:\ResearchLab\02_Projects\02_Projects\MOSFOA paper 2\code\results\MOSFOA2_A_Np8_Maxit20_run18_FINAL.mat) - BO QUA.
[2026-09-15 11:00:18] run19 : da co ket qua (D:\ResearchLab\02_Projects\02_Projects\MOSFOA paper 2\code\results\MOSFOA2_A_Np8_Maxit20_run19_FINAL.mat) - BO QUA.
[2026-09-15 11:00:18] run20 : da co ket qua (D:\ResearchLab\02_Projects\02_Projects\MOSFOA paper 2\code\results\MOSFOA2_A_Np8_Maxit20_run20_FINAL.mat) - BO QUA.
[2026-09-15 11:00:18] === HOAN THANH TOAN BO CAMPAIGN cho cong trinh A (20 lan chay) ===
[2026-09-23 07:52:57] === watchdog_campaign start: Proj=A Nrun=20 Npop=8 Max_it=20 Num_work=8 ===
[2026-09-23 07:53:00] run01 : da co ket qua (D:\ResearchLab\02_Projects\02_Projects\MOSFOA paper 2\code\results\MOSFOA2_A_Np8_Maxit20_run01_FINAL.mat) - BO QUA.
[2026-09-23 07:53:00] run02 : da co ket qua (D:\ResearchLab\02_Projects\02_Projects\MOSFOA paper 2\code\results\MOSFOA2_A_Np8_Maxit20_run02_FINAL.mat) - BO QUA.
[2026-09-23 07:53:00] run03 : da co ket qua (D:\ResearchLab\02_Projects\02_Projects\MOSFOA paper 2\code\results\MOSFOA2_A_Np8_Maxit20_run03_FINAL.mat) - BO QUA.
[2026-09-23 07:53:00] run04 : da co ket qua (D:\ResearchLab\02_Projects\02_Projects\MOSFOA paper 2\code\results\MOSFOA2_A_Np8_Maxit20_run04_FINAL.mat) - BO QUA.
[2026-09-23 07:53:00] run05 : da co ket qua (D:\ResearchLab\02_Projects\02_Projects\MOSFOA paper 2\code\results\MOSFOA2_A_Np8_Maxit20_run05_FINAL.mat) - BO QUA.
[2026-09-23 07:53:00] run06 : da co ket qua (D:\ResearchLab\02_Projects\02_Projects\MOSFOA paper 2\code\results\MOSFOA2_A_Np8_Maxit20_run06_FINAL.mat) - BO QUA.
[2026-09-23 07:53:00] run07 : da co ket qua (D:\ResearchLab\02_Projects\02_Projects\MOSFOA paper 2\code\results\MOSFOA2_A_Np8_Maxit20_run07_FINAL.mat) - BO QUA.
[2026-09-23 07:53:00] run08 : da co ket qua (D:\ResearchLab\02_Projects\02_Projects\MOSFOA paper 2\code\results\MOSFOA2_A_Np8_Maxit20_run08_FINAL.mat) - BO QUA.
[2026-09-23 07:53:00] run09 : da co ket qua (D:\ResearchLab\02_Projects\02_Projects\MOSFOA paper 2\code\results\MOSFOA2_A_Np8_Maxit20_run09_FINAL.mat) - BO QUA.
[2026-09-23 07:53:00] run10 : da co ket qua (D:\ResearchLab\02_Projects\02_Projects\MOSFOA paper 2\code\results\MOSFOA2_A_Np8_Maxit20_run10_FINAL.mat) - BO QUA.
[2026-09-23 07:53:00] run11 : da co ket qua (D:\ResearchLab\02_Projects\02_Projects\MOSFOA paper 2\code\results\MOSFOA2_A_Np8_Maxit20_run11_FINAL.mat) - BO QUA.
[2026-09-23 07:53:00] run12 : da co ket qua (D:\ResearchLab\02_Projects\02_Projects\MOSFOA paper 2\code\results\MOSFOA2_A_Np8_Maxit20_run12_FINAL.mat) - BO QUA.
[2026-09-23 07:53:00] run13 : da co ket qua (D:\ResearchLab\02_Projects\02_Projects\MOSFOA paper 2\code\results\MOSFOA2_A_Np8_Maxit20_run13_FINAL.mat) - BO QUA.
[2026-09-23 07:53:00] run14 : da co ket qua (D:\ResearchLab\02_Projects\02_Projects\MOSFOA paper 2\code\results\MOSFOA2_A_Np8_Maxit20_run14_FINAL.mat) - BO QUA.
[2026-09-23 07:53:00] run15 : da co ket qua (D:\ResearchLab\02_Projects\02_Projects\MOSFOA paper 2\code\results\MOSFOA2_A_Np8_Maxit20_run15_FINAL.mat) - BO QUA.
[2026-09-23 07:53:00] run16 : da co ket qua (D:\ResearchLab\02_Projects\02_Projects\MOSFOA paper 2\code\results\MOSFOA2_A_Np8_Maxit20_run16_FINAL.mat) - BO QUA.
[2026-09-23 07:53:00] run17 : da co ket qua (D:\ResearchLab\02_Projects\02_Projects\MOSFOA paper 2\code\results\MOSFOA2_A_Np8_Maxit20_run17_FINAL.mat) - BO QUA.
[2026-09-23 07:53:00] run18 : da co ket qua (D:\ResearchLab\02_Projects\02_Projects\MOSFOA paper 2\code\results\MOSFOA2_A_Np8_Maxit20_run18_FINAL.mat) - BO QUA.
[2026-09-23 07:53:00] run19 : da co ket qua (D:\ResearchLab\02_Projects\02_Projects\MOSFOA paper 2\code\results\MOSFOA2_A_Np8_Maxit20_run19_FINAL.mat) - BO QUA.
[2026-09-23 07:53:00] run20 : da co ket qua (D:\ResearchLab\02_Projects\02_Projects\MOSFOA paper 2\code\results\MOSFOA2_A_Np8_Maxit20_run20_FINAL.mat) - BO QUA.
[2026-09-23 07:53:00] === HOAN THANH TOAN BO CAMPAIGN cho cong trinh A (20 lan chay) ===
