[2026-09-11 17:56:52] === watchdog_campaign start: Proj=B Nrun=20 Npop=8 Max_it=20 Num_work=8 ===
[2026-09-11 17:56:55] ----- Bat dau run01 (1/20) -----
[2026-09-11 17:56:59] run01 : launching MATLAB (attempt 1)
[2026-09-11 17:57:19] run01 : poll - elapsed=20s log_stale=9s
[2026-09-11 17:57:39] run01 : poll - elapsed=40s log_stale=15s
[2026-09-11 17:57:59] run01 : poll - elapsed=60s log_stale=35s
[2026-09-11 17:58:19] run01 : poll - elapsed=80s log_stale=55s
[2026-09-11 17:58:39] run01 : poll - elapsed=100s log_stale=75s
[2026-09-11 17:58:59] run01 : poll - elapsed=120s log_stale=95s
[2026-09-11 17:59:19] run01 : poll - elapsed=140s log_stale=115s
[2026-09-11 17:59:39] run01 : poll - elapsed=160s log_stale=135s
[2026-09-11 17:59:59] run01 : poll - elapsed=180s log_stale=155s
[2026-09-11 18:00:19] run01 : poll - elapsed=200s log_stale=175s
[2026-09-11 18:00:39] run01 : poll - elapsed=220s log_stale=195s
[2026-09-11 18:00:59] run01 : poll - elapsed=240s log_stale=215s
[2026-09-11 18:01:19] run01 : poll - elapsed=260s log_stale=235s
[2026-09-11 18:01:39] run01 : poll - elapsed=280s log_stale=19s
[2026-09-11 18:01:59] run01 : poll - elapsed=300s log_stale=39s
[2026-09-11 18:02:19] run01 : poll - elapsed=320s log_stale=59s
[2026-09-11 18:02:39] run01 : poll - elapsed=340s log_stale=79s
[2026-09-11 18:02:59] run01 : poll - elapsed=360s log_stale=99s
[2026-09-11 18:03:19] run01 : poll - elapsed=380s log_stale=119s
[2026-09-11 18:03:39] run01 : poll - elapsed=400s log_stale=139s
[2026-09-11 18:03:59] run01 : poll - elapsed=420s log_stale=159s
[2026-09-11 18:04:19] run01 : poll - elapsed=440s log_stale=179s
[2026-09-11 18:04:39] run01 : poll - elapsed=460s log_stale=12s
[2026-09-11 18:04:59] run01 : poll - elapsed=481s log_stale=32s
[2026-09-11 18:05:19] run01 : poll - elapsed=501s log_stale=52s
[2026-09-11 18:05:39] run01 : poll - elapsed=521s log_stale=72s
[2026-09-11 18:05:59] run01 : poll - elapsed=541s log_stale=92s
[2026-09-11 18:06:19] run01 : poll - elapsed=561s log_stale=112s
[2026-09-11 18:06:39] run01 : poll - elapsed=581s log_stale=132s
[2026-09-11 18:06:59] run01 : poll - elapsed=601s log_stale=152s
[2026-09-11 18:07:19] run01 : poll - elapsed=621s log_stale=172s
[2026-09-11 18:07:39] run01 : poll - elapsed=641s log_stale=7s
[2026-09-11 18:07:59] run01 : poll - elapsed=661s log_stale=27s
[2026-09-11 18:08:19] run01 : poll - elapsed=681s log_stale=47s
[2026-09-11 18:08:39] run01 : poll - elapsed=701s log_stale=67s
[2026-09-11 18:08:59] run01 : poll - elapsed=721s log_stale=87s
[2026-09-11 18:09:19] run01 : poll - elapsed=741s log_stale=107s
[2026-09-11 18:09:39] run01 : poll - elapsed=761s log_stale=127s
[2026-09-11 18:09:59] run01 : poll - elapsed=781s log_stale=147s
[2026-09-11 18:10:19] run01 : poll - elapsed=801s log_stale=167s
[2026-09-11 18:10:39] run01 : poll - elapsed=821s log_stale=1s
[2026-09-11 18:10:59] run01 : poll - elapsed=841s log_stale=21s
[2026-09-11 18:11:19] run01 : poll - elapsed=861s log_stale=41s
[2026-09-11 18:11:39] run01 : poll - elapsed=881s log_stale=61s
[2026-09-11 18:11:59] run01 : poll - elapsed=901s log_stale=81s
[2026-09-11 18:12:20] run01 : poll - elapsed=921s log_stale=101s
[2026-09-11 18:12:40] run01 : poll - elapsed=941s log_stale=121s
[2026-09-11 18:13:00] run01 : poll - elapsed=961s log_stale=141s
[2026-09-11 18:13:20] run01 : poll - elapsed=981s log_stale=161s
[2026-09-11 18:13:40] run01 : poll - elapsed=1001s log_stale=181s
[2026-09-11 18:14:00] run01 : poll - elapsed=1021s log_stale=18s
[2026-09-11 18:14:20] run01 : poll - elapsed=1041s log_stale=38s
[2026-09-11 18:14:40] run01 : poll - elapsed=1061s log_stale=58s
[2026-09-11 18:15:00] run01 : poll - elapsed=1081s log_stale=78s
[2026-09-11 18:15:20] run01 : poll - elapsed=1101s log_stale=98s
[2026-09-11 18:15:40] run01 : poll - elapsed=1121s log_stale=118s
[2026-09-11 18:16:00] run01 : poll - elapsed=1141s log_stale=138s
[2026-09-11 18:16:20] run01 : poll - elapsed=1161s log_stale=158s
[2026-09-11 18:16:40] run01 : poll - elapsed=1181s log_stale=178s
[2026-09-11 18:17:00] run01 : poll - elapsed=1201s log_stale=12s
[2026-09-11 18:17:20] run01 : poll - elapsed=1221s log_stale=32s
[2026-09-11 18:17:40] run01 : poll - elapsed=1241s log_stale=52s
[2026-09-11 18:18:00] run01 : poll - elapsed=1261s log_stale=72s
[2026-09-11 18:18:20] run01 : poll - elapsed=1281s log_stale=92s
[2026-09-11 18:18:40] run01 : poll - elapsed=1301s log_stale=112s
[2026-09-11 18:19:00] run01 : poll - elapsed=1321s log_stale=132s
[2026-09-11 18:19:20] run01 : poll - elapsed=1341s log_stale=152s
[2026-09-11 18:19:40] run01 : poll - elapsed=1361s log_stale=172s
[2026-09-11 18:20:00] run01 : poll - elapsed=1381s log_stale=5s
[2026-09-11 18:20:20] run01 : poll - elapsed=1401s log_stale=25s
[2026-09-11 18:20:40] run01 : poll - elapsed=1421s log_stale=45s
[2026-09-11 18:21:00] run01 : poll - elapsed=1441s log_stale=65s
[2026-09-11 18:21:20] run01 : poll - elapsed=1461s log_stale=85s
[2026-09-11 18:21:40] run01 : poll - elapsed=1481s log_stale=105s
[2026-09-11 18:22:00] run01 : poll - elapsed=1502s log_stale=125s
[2026-09-11 18:22:20] run01 : poll - elapsed=1522s log_stale=145s
[2026-09-11 18:22:40] run01 : poll - elapsed=1542s log_stale=165s
[2026-09-11 18:23:00] run01 : poll - elapsed=1562s log_stale=185s
[2026-09-11 18:23:20] run01 : poll - elapsed=1582s log_stale=18s
[2026-09-11 18:23:40] run01 : poll - elapsed=1602s log_stale=38s
[2026-09-11 18:24:00] run01 : poll - elapsed=1622s log_stale=58s
[2026-09-11 18:24:20] run01 : poll - elapsed=1642s log_stale=78s
[2026-09-11 18:24:40] run01 : poll - elapsed=1662s log_stale=98s
[2026-09-11 18:25:00] run01 : poll - elapsed=1682s log_stale=118s
[2026-09-11 18:25:20] run01 : poll - elapsed=1702s log_stale=138s
[2026-09-11 18:25:40] run01 : poll - elapsed=1722s log_stale=158s
[2026-09-11 18:26:00] run01 : poll - elapsed=1742s log_stale=178s
[2026-09-11 18:26:20] run01 : poll - elapsed=1762s log_stale=15s
[2026-09-11 18:26:40] run01 : poll - elapsed=1782s log_stale=35s
[2026-09-11 18:27:00] run01 : poll - elapsed=1802s log_stale=55s
[2026-09-11 18:27:20] run01 : poll - elapsed=1822s log_stale=75s
[2026-09-11 18:27:40] run01 : poll - elapsed=1842s log_stale=95s
[2026-09-11 18:28:00] run01 : poll - elapsed=1862s log_stale=115s
[2026-09-11 18:28:20] run01 : poll - elapsed=1882s log_stale=135s
[2026-09-11 18:28:40] run01 : poll - elapsed=1902s log_stale=155s
[2026-09-11 18:29:01] run01 : poll - elapsed=1922s log_stale=175s
[2026-09-11 18:29:21] run01 : poll - elapsed=1942s log_stale=10s
[2026-09-11 18:29:41] run01 : poll - elapsed=1962s log_stale=30s
[2026-09-11 18:30:01] run01 : poll - elapsed=1982s log_stale=50s
[2026-09-11 18:30:21] run01 : poll - elapsed=2002s log_stale=70s
[2026-09-11 18:30:41] run01 : poll - elapsed=2022s log_stale=90s
[2026-09-11 18:31:01] run01 : poll - elapsed=2042s log_stale=110s
[2026-09-11 18:31:21] run01 : poll - elapsed=2062s log_stale=130s
[2026-09-11 18:31:41] run01 : poll - elapsed=2082s log_stale=150s
[2026-09-11 18:32:01] run01 : poll - elapsed=2102s log_stale=170s
[2026-09-11 18:32:21] run01 : poll - elapsed=2122s log_stale=5s
[2026-09-11 18:32:41] run01 : poll - elapsed=2142s log_stale=25s
[2026-09-11 18:33:01] run01 : poll - elapsed=2162s log_stale=45s
[2026-09-11 18:33:21] run01 : poll - elapsed=2182s log_stale=65s
[2026-09-11 18:33:41] run01 : poll - elapsed=2202s log_stale=85s
[2026-09-11 18:34:01] run01 : poll - elapsed=2222s log_stale=105s
[2026-09-11 18:34:21] run01 : poll - elapsed=2242s log_stale=125s
[2026-09-11 18:34:41] run01 : poll - elapsed=2262s log_stale=145s
[2026-09-11 18:35:01] run01 : poll - elapsed=2282s log_stale=165s
[2026-09-11 18:35:21] run01 : poll - elapsed=2302s log_stale=0s
[2026-09-11 18:35:41] run01 : poll - elapsed=2322s log_stale=20s
[2026-09-11 18:36:01] run01 : poll - elapsed=2342s log_stale=40s
[2026-09-11 18:36:21] run01 : poll - elapsed=2362s log_stale=60s
[2026-09-11 18:36:41] run01 : poll - elapsed=2382s log_stale=80s
[2026-09-11 18:37:01] run01 : poll - elapsed=2402s log_stale=100s
[2026-09-11 18:37:21] run01 : poll - elapsed=2423s log_stale=120s
[2026-09-11 18:37:41] run01 : poll - elapsed=2443s log_stale=140s
[2026-09-11 18:38:01] run01 : poll - elapsed=2463s log_stale=160s
[2026-09-11 18:38:21] run01 : poll - elapsed=2483s log_stale=180s
[2026-09-11 18:38:41] run01 : poll - elapsed=2503s log_stale=13s
[2026-09-11 18:39:01] run01 : poll - elapsed=2523s log_stale=33s
[2026-09-11 18:39:21] run01 : poll - elapsed=2543s log_stale=53s
[2026-09-11 18:39:41] run01 : poll - elapsed=2563s log_stale=73s
[2026-09-11 18:40:01] run01 : poll - elapsed=2583s log_stale=93s
[2026-09-11 18:40:21] run01 : poll - elapsed=2603s log_stale=113s
[2026-09-11 18:40:41] run01 : poll - elapsed=2623s log_stale=133s
[2026-09-11 18:41:01] run01 : poll - elapsed=2643s log_stale=153s
[2026-09-11 18:41:21] run01 : poll - elapsed=2663s log_stale=173s
[2026-09-11 18:41:41] run01 : poll - elapsed=2683s log_stale=2s
[2026-09-11 18:42:01] run01 : poll - elapsed=2703s log_stale=22s
[2026-09-11 18:42:21] run01 : poll - elapsed=2723s log_stale=42s
[2026-09-11 18:42:41] run01 : poll - elapsed=2743s log_stale=62s
[2026-09-11 18:43:01] run01 : poll - elapsed=2763s log_stale=82s
[2026-09-11 18:43:21] run01 : poll - elapsed=2783s log_stale=102s
[2026-09-11 18:43:41] run01 : poll - elapsed=2803s log_stale=122s
[2026-09-11 18:44:01] run01 : poll - elapsed=2823s log_stale=142s
[2026-09-11 18:44:22] run01 : poll - elapsed=2843s log_stale=162s
[2026-09-11 18:44:42] run01 : poll - elapsed=2863s log_stale=182s
[2026-09-11 18:45:02] run01 : poll - elapsed=2883s log_stale=18s
[2026-09-11 18:45:22] run01 : poll - elapsed=2903s log_stale=38s
[2026-09-11 18:45:42] run01 : poll - elapsed=2923s log_stale=58s
[2026-09-11 18:46:02] run01 : poll - elapsed=2943s log_stale=78s
[2026-09-11 18:46:22] run01 : poll - elapsed=2963s log_stale=98s
[2026-09-11 18:46:42] run01 : poll - elapsed=2983s log_stale=118s
[2026-09-11 18:47:02] run01 : poll - elapsed=3003s log_stale=138s
[2026-09-11 18:47:22] run01 : poll - elapsed=3023s log_stale=158s
[2026-09-11 18:47:42] run01 : poll - elapsed=3043s log_stale=178s
[2026-09-11 18:48:02] run01 : poll - elapsed=3063s log_stale=11s
[2026-09-11 18:48:22] run01 : poll - elapsed=3083s log_stale=31s
[2026-09-11 18:48:42] run01 : poll - elapsed=3103s log_stale=51s
[2026-09-11 18:49:02] run01 : poll - elapsed=3123s log_stale=72s
[2026-09-11 18:49:22] run01 : poll - elapsed=3143s log_stale=92s
[2026-09-11 18:49:42] run01 : poll - elapsed=3163s log_stale=112s
[2026-09-11 18:50:02] run01 : poll - elapsed=3183s log_stale=132s
[2026-09-11 18:50:22] run01 : poll - elapsed=3203s log_stale=152s
[2026-09-11 18:50:42] run01 : poll - elapsed=3223s log_stale=172s
[2026-09-11 18:51:02] run01 : poll - elapsed=3243s log_stale=8s
[2026-09-11 18:51:22] run01 : poll - elapsed=3263s log_stale=28s
[2026-09-11 18:51:42] run01 : poll - elapsed=3283s log_stale=48s
[2026-09-11 18:52:02] run01 : poll - elapsed=3303s log_stale=68s
[2026-09-11 18:52:22] run01 : poll - elapsed=3323s log_stale=88s
[2026-09-11 18:52:42] run01 : poll - elapsed=3343s log_stale=108s
[2026-09-11 18:53:02] run01 : poll - elapsed=3363s log_stale=128s
[2026-09-11 18:53:22] run01 : poll - elapsed=3383s log_stale=148s
[2026-09-11 18:53:42] run01 : poll - elapsed=3403s log_stale=168s
[2026-09-11 18:54:02] run01 : poll - elapsed=3423s log_stale=3s
[2026-09-11 18:54:22] run01 : poll - elapsed=3443s log_stale=23s
[2026-09-11 18:54:42] run01 : poll - elapsed=3463s log_stale=43s
[2026-09-11 18:55:02] run01 : poll - elapsed=3483s log_stale=63s
[2026-09-11 18:55:22] run01 : poll - elapsed=3504s log_stale=83s
[2026-09-11 18:55:42] run01 : poll - elapsed=3524s log_stale=103s
[2026-09-11 18:56:02] run01 : poll - elapsed=3544s log_stale=123s
[2026-09-11 18:56:22] run01 : poll - elapsed=3564s log_stale=143s
[2026-09-11 18:56:42] run01 : poll - elapsed=3584s log_stale=164s
[2026-09-11 18:57:02] run01 : poll - elapsed=3604s log_stale=184s
[2026-09-11 18:57:22] run01 : poll - elapsed=3624s log_stale=18s
[2026-09-11 18:57:42] run01 : poll - elapsed=3644s log_stale=38s
[2026-09-11 18:58:02] run01 : poll - elapsed=3664s log_stale=58s
[2026-09-11 18:58:22] run01 : poll - elapsed=3684s log_stale=78s
[2026-09-11 18:58:42] run01 : poll - elapsed=3704s log_stale=98s
[2026-09-11 18:59:02] run01 : poll - elapsed=3724s log_stale=118s
[2026-09-11 18:59:22] run01 : poll - elapsed=3744s log_stale=138s
[2026-09-11 18:59:42] run01 : poll - elapsed=3764s log_stale=158s
[2026-09-11 19:00:02] run01 : poll - elapsed=3784s log_stale=178s
[2026-09-11 19:00:22] run01 : poll - elapsed=3804s log_stale=11s
[2026-09-11 19:00:42] run01 : poll - elapsed=3824s log_stale=31s
[2026-09-11 19:01:02] run01 : poll - elapsed=3844s log_stale=51s
[2026-09-11 19:01:22] run01 : poll - elapsed=3864s log_stale=71s
[2026-09-11 19:01:42] run01 : poll - elapsed=3884s log_stale=91s
[2026-09-11 19:02:02] run01 : poll - elapsed=3904s log_stale=111s
[2026-09-11 19:02:22] run01 : poll - elapsed=3924s log_stale=131s
[2026-09-11 19:02:42] run01 : poll - elapsed=3944s log_stale=151s
[2026-09-11 19:03:03] run01 : poll - elapsed=3964s log_stale=171s
[2026-09-11 19:03:23] run01 : THANH CONG - D:\ResearchLab\02_Projects\02_Projects\MOSFOA paper 2\code\results\MOSFOA2_B_Np8_Maxit20_run01_FINAL.mat da xuat hien.
[2026-09-11 19:03:23] ----- Bat dau run02 (2/20) -----
[2026-09-11 19:03:26] run02 : launching MATLAB (attempt 1)
[2026-09-11 19:03:46] run02 : poll - elapsed=20s log_stale=9s
[2026-09-11 19:04:06] run02 : poll - elapsed=40s log_stale=16s
[2026-09-11 19:04:26] run02 : poll - elapsed=60s log_stale=36s
[2026-09-11 19:04:46] run02 : poll - elapsed=80s log_stale=56s
[2026-09-11 19:05:06] run02 : poll - elapsed=100s log_stale=76s
[2026-09-11 19:05:26] run02 : poll - elapsed=120s log_stale=96s
[2026-09-11 19:05:46] run02 : poll - elapsed=140s log_stale=116s
[2026-09-11 19:06:06] run02 : poll - elapsed=160s log_stale=136s
[2026-09-11 19:06:26] run02 : poll - elapsed=180s log_stale=156s
[2026-09-11 19:06:46] run02 : poll - elapsed=200s log_stale=176s
[2026-09-11 19:07:06] run02 : poll - elapsed=220s log_stale=196s
[2026-09-11 19:07:26] run02 : poll - elapsed=240s log_stale=216s
[2026-09-11 19:07:46] run02 : poll - elapsed=260s log_stale=7s
[2026-09-11 19:08:07] run02 : poll - elapsed=280s log_stale=27s
[2026-09-11 19:08:27] run02 : poll - elapsed=300s log_stale=47s
[2026-09-11 19:08:47] run02 : poll - elapsed=320s log_stale=67s
[2026-09-11 19:09:07] run02 : poll - elapsed=340s log_stale=87s
[2026-09-11 19:09:27] run02 : poll - elapsed=360s log_stale=107s
[2026-09-11 19:09:47] run02 : poll - elapsed=380s log_stale=127s
[2026-09-11 19:10:07] run02 : poll - elapsed=400s log_stale=147s
[2026-09-11 19:10:27] run02 : poll - elapsed=420s log_stale=167s
[2026-09-11 19:10:47] run02 : poll - elapsed=440s log_stale=187s
[2026-09-11 19:11:07] run02 : poll - elapsed=460s log_stale=20s
[2026-09-11 19:11:27] run02 : poll - elapsed=480s log_stale=40s
[2026-09-11 19:11:47] run02 : poll - elapsed=500s log_stale=60s
[2026-09-11 19:12:07] run02 : poll - elapsed=520s log_stale=80s
[2026-09-11 19:12:27] run02 : poll - elapsed=541s log_stale=100s
[2026-09-11 19:12:47] run02 : poll - elapsed=561s log_stale=120s
[2026-09-11 19:13:07] run02 : poll - elapsed=581s log_stale=140s
[2026-09-11 19:13:27] run02 : poll - elapsed=601s log_stale=160s
[2026-09-11 19:13:47] run02 : poll - elapsed=621s log_stale=180s
[2026-09-11 19:14:07] run02 : poll - elapsed=641s log_stale=15s
[2026-09-11 19:14:27] run02 : poll - elapsed=661s log_stale=35s
[2026-09-11 19:14:47] run02 : poll - elapsed=681s log_stale=55s
[2026-09-11 19:15:07] run02 : poll - elapsed=701s log_stale=75s
[2026-09-11 19:15:27] run02 : poll - elapsed=721s log_stale=95s
[2026-09-11 19:15:47] run02 : poll - elapsed=741s log_stale=115s
[2026-09-11 19:16:07] run02 : poll - elapsed=761s log_stale=135s
[2026-09-11 19:16:27] run02 : poll - elapsed=781s log_stale=155s
[2026-09-11 19:16:47] run02 : poll - elapsed=801s log_stale=175s
[2026-09-11 19:17:07] run02 : poll - elapsed=821s log_stale=11s
[2026-09-11 19:17:27] run02 : poll - elapsed=841s log_stale=31s
[2026-09-11 19:17:47] run02 : poll - elapsed=861s log_stale=51s
[2026-09-11 19:18:07] run02 : poll - elapsed=881s log_stale=71s
[2026-09-11 19:18:27] run02 : poll - elapsed=901s log_stale=91s
[2026-09-11 19:18:47] run02 : poll - elapsed=921s log_stale=111s
[2026-09-11 19:19:07] run02 : poll - elapsed=941s log_stale=131s
[2026-09-11 19:19:27] run02 : poll - elapsed=961s log_stale=151s
[2026-09-11 19:19:47] run02 : poll - elapsed=981s log_stale=171s
[2026-09-11 19:20:07] run02 : poll - elapsed=1001s log_stale=7s
[2026-09-11 19:20:27] run02 : poll - elapsed=1021s log_stale=27s
[2026-09-11 19:20:47] run02 : poll - elapsed=1041s log_stale=47s
[2026-09-11 19:21:07] run02 : poll - elapsed=1061s log_stale=67s
[2026-09-11 19:21:27] run02 : poll - elapsed=1081s log_stale=87s
[2026-09-11 19:21:47] run02 : poll - elapsed=1101s log_stale=107s
[2026-09-11 19:22:07] run02 : poll - elapsed=1121s log_stale=127s
[2026-09-11 19:22:27] run02 : poll - elapsed=1141s log_stale=147s
[2026-09-11 19:22:47] run02 : poll - elapsed=1161s log_stale=167s
[2026-09-11 19:23:07] run02 : poll - elapsed=1181s log_stale=187s
[2026-09-11 19:23:27] run02 : poll - elapsed=1201s log_stale=20s
[2026-09-11 19:23:47] run02 : poll - elapsed=1221s log_stale=40s
[2026-09-11 19:24:07] run02 : poll - elapsed=1241s log_stale=60s
[2026-09-11 19:24:27] run02 : poll - elapsed=1261s log_stale=80s
[2026-09-11 19:24:47] run02 : poll - elapsed=1281s log_stale=100s
[2026-09-11 19:25:07] run02 : poll - elapsed=1301s log_stale=120s
[2026-09-11 19:25:27] run02 : poll - elapsed=1321s log_stale=140s
[2026-09-11 19:25:47] run02 : poll - elapsed=1341s log_stale=160s
[2026-09-11 19:26:08] run02 : poll - elapsed=1361s log_stale=180s
[2026-09-11 19:26:28] run02 : poll - elapsed=1381s log_stale=14s
[2026-09-11 19:26:48] run02 : poll - elapsed=1401s log_stale=34s
[2026-09-11 19:27:08] run02 : poll - elapsed=1421s log_stale=54s
[2026-09-11 19:27:28] run02 : poll - elapsed=1441s log_stale=74s
[2026-09-11 19:27:48] run02 : poll - elapsed=1461s log_stale=94s
[2026-09-11 19:28:08] run02 : poll - elapsed=1481s log_stale=114s
[2026-09-11 19:28:28] run02 : poll - elapsed=1501s log_stale=134s
[2026-09-11 19:28:48] run02 : poll - elapsed=1521s log_stale=154s
[2026-09-11 19:29:08] run02 : poll - elapsed=1541s log_stale=174s
[2026-09-11 19:29:28] run02 : poll - elapsed=1561s log_stale=13s
[2026-09-11 19:29:48] run02 : poll - elapsed=1581s log_stale=33s
[2026-09-11 19:30:08] run02 : poll - elapsed=1601s log_stale=53s
[2026-09-11 19:30:28] run02 : poll - elapsed=1621s log_stale=73s
[2026-09-11 19:30:48] run02 : poll - elapsed=1642s log_stale=93s
[2026-09-11 19:31:08] run02 : poll - elapsed=1662s log_stale=113s
[2026-09-11 19:31:28] run02 : poll - elapsed=1682s log_stale=133s
[2026-09-11 19:31:48] run02 : poll - elapsed=1702s log_stale=153s
[2026-09-11 19:32:08] run02 : poll - elapsed=1722s log_stale=173s
[2026-09-11 19:32:28] run02 : poll - elapsed=1742s log_stale=10s
[2026-09-11 19:32:48] run02 : poll - elapsed=1762s log_stale=30s
[2026-09-11 19:33:08] run02 : poll - elapsed=1782s log_stale=50s
[2026-09-11 19:33:28] run02 : poll - elapsed=1802s log_stale=70s
[2026-09-11 19:33:48] run02 : poll - elapsed=1822s log_stale=90s
[2026-09-11 19:34:08] run02 : poll - elapsed=1842s log_stale=110s
[2026-09-11 19:34:28] run02 : poll - elapsed=1862s log_stale=130s
[2026-09-11 19:34:48] run02 : poll - elapsed=1882s log_stale=150s
[2026-09-11 19:35:08] run02 : poll - elapsed=1902s log_stale=170s
[2026-09-11 19:35:28] run02 : poll - elapsed=1922s log_stale=5s
[2026-09-11 19:35:48] run02 : poll - elapsed=1942s log_stale=25s
[2026-09-11 19:36:08] run02 : poll - elapsed=1962s log_stale=45s
[2026-09-11 19:36:28] run02 : poll - elapsed=1982s log_stale=65s
[2026-09-11 19:36:48] run02 : poll - elapsed=2002s log_stale=85s
[2026-09-11 19:37:08] run02 : poll - elapsed=2022s log_stale=105s
[2026-09-11 19:37:28] run02 : poll - elapsed=2042s log_stale=125s
[2026-09-11 19:37:48] run02 : poll - elapsed=2062s log_stale=145s
[2026-09-11 19:38:08] run02 : poll - elapsed=2082s log_stale=165s
[2026-09-11 19:38:28] run02 : poll - elapsed=2102s log_stale=1s
[2026-09-11 19:38:48] run02 : poll - elapsed=2122s log_stale=21s
[2026-09-11 19:39:08] run02 : poll - elapsed=2142s log_stale=41s
[2026-09-11 19:39:28] run02 : poll - elapsed=2162s log_stale=61s
[2026-09-11 19:39:48] run02 : poll - elapsed=2182s log_stale=81s
[2026-09-11 19:40:08] run02 : poll - elapsed=2202s log_stale=101s
[2026-09-11 19:40:28] run02 : poll - elapsed=2222s log_stale=121s
[2026-09-11 19:40:48] run02 : poll - elapsed=2242s log_stale=141s
[2026-09-11 19:41:08] run02 : poll - elapsed=2262s log_stale=161s
[2026-09-11 19:41:28] run02 : poll - elapsed=2282s log_stale=181s
[2026-09-11 19:41:48] run02 : poll - elapsed=2302s log_stale=15s
[2026-09-11 19:42:08] run02 : poll - elapsed=2322s log_stale=35s
[2026-09-11 19:42:28] run02 : poll - elapsed=2342s log_stale=55s
[2026-09-11 19:42:48] run02 : poll - elapsed=2362s log_stale=75s
[2026-09-11 19:43:08] run02 : poll - elapsed=2382s log_stale=95s
[2026-09-11 19:43:28] run02 : poll - elapsed=2402s log_stale=115s
[2026-09-11 19:43:48] run02 : poll - elapsed=2422s log_stale=135s
[2026-09-11 19:44:08] run02 : poll - elapsed=2442s log_stale=155s
[2026-09-11 19:44:29] run02 : poll - elapsed=2462s log_stale=175s
[2026-09-11 19:44:49] run02 : poll - elapsed=2482s log_stale=11s
[2026-09-11 19:45:09] run02 : poll - elapsed=2502s log_stale=31s
[2026-09-11 19:45:29] run02 : poll - elapsed=2522s log_stale=51s
[2026-09-11 19:45:49] run02 : poll - elapsed=2542s log_stale=71s
[2026-09-11 19:46:09] run02 : poll - elapsed=2562s log_stale=91s
[2026-09-11 19:46:29] run02 : poll - elapsed=2582s log_stale=111s
[2026-09-11 19:46:49] run02 : poll - elapsed=2602s log_stale=131s
[2026-09-11 19:47:09] run02 : poll - elapsed=2622s log_stale=151s
[2026-09-11 19:47:29] run02 : poll - elapsed=2642s log_stale=171s
[2026-09-11 19:47:49] run02 : poll - elapsed=2662s log_stale=5s
[2026-09-11 19:48:09] run02 : poll - elapsed=2682s log_stale=26s
[2026-09-11 19:48:29] run02 : poll - elapsed=2702s log_stale=46s
[2026-09-11 19:48:49] run02 : poll - elapsed=2723s log_stale=66s
[2026-09-11 19:49:09] run02 : poll - elapsed=2743s log_stale=86s
[2026-09-11 19:49:29] run02 : poll - elapsed=2763s log_stale=106s
[2026-09-11 19:49:49] run02 : poll - elapsed=2783s log_stale=126s
[2026-09-11 19:50:09] run02 : poll - elapsed=2803s log_stale=146s
[2026-09-11 19:50:29] run02 : poll - elapsed=2823s log_stale=166s
[2026-09-11 19:50:49] run02 : poll - elapsed=2843s log_stale=2s
[2026-09-11 19:51:09] run02 : poll - elapsed=2863s log_stale=22s
[2026-09-11 19:51:29] run02 : poll - elapsed=2883s log_stale=42s
[2026-09-11 19:51:49] run02 : poll - elapsed=2903s log_stale=62s
[2026-09-11 19:52:09] run02 : poll - elapsed=2923s log_stale=82s
[2026-09-11 19:52:29] run02 : poll - elapsed=2943s log_stale=102s
[2026-09-11 19:52:49] run02 : poll - elapsed=2963s log_stale=122s
[2026-09-11 19:53:09] run02 : poll - elapsed=2983s log_stale=142s
[2026-09-11 19:53:29] run02 : poll - elapsed=3003s log_stale=162s
[2026-09-11 19:53:49] run02 : poll - elapsed=3023s log_stale=182s
[2026-09-11 19:54:09] run02 : poll - elapsed=3043s log_stale=17s
[2026-09-11 19:54:29] run02 : poll - elapsed=3063s log_stale=37s
[2026-09-11 19:54:49] run02 : poll - elapsed=3083s log_stale=57s
[2026-09-11 19:55:09] run02 : poll - elapsed=3103s log_stale=77s
[2026-09-11 19:55:29] run02 : poll - elapsed=3123s log_stale=97s
[2026-09-11 19:55:49] run02 : poll - elapsed=3143s log_stale=117s
[2026-09-11 19:56:09] run02 : poll - elapsed=3163s log_stale=137s
[2026-09-11 19:56:29] run02 : poll - elapsed=3183s log_stale=157s
[2026-09-11 19:56:49] run02 : poll - elapsed=3203s log_stale=177s
[2026-09-11 19:57:09] run02 : poll - elapsed=3223s log_stale=15s
[2026-09-11 19:57:29] run02 : poll - elapsed=3243s log_stale=35s
[2026-09-11 19:57:49] run02 : poll - elapsed=3263s log_stale=55s
[2026-09-11 19:58:09] run02 : poll - elapsed=3283s log_stale=75s
[2026-09-11 19:58:29] run02 : poll - elapsed=3303s log_stale=95s
[2026-09-11 19:58:49] run02 : poll - elapsed=3323s log_stale=115s
[2026-09-11 19:59:09] run02 : poll - elapsed=3343s log_stale=135s
[2026-09-11 19:59:29] run02 : poll - elapsed=3363s log_stale=156s
[2026-09-11 19:59:49] run02 : poll - elapsed=3383s log_stale=176s
[2026-09-11 20:00:09] run02 : poll - elapsed=3403s log_stale=11s
[2026-09-11 20:00:29] run02 : poll - elapsed=3423s log_stale=31s
[2026-09-11 20:00:49] run02 : poll - elapsed=3443s log_stale=51s
[2026-09-11 20:01:09] run02 : poll - elapsed=3463s log_stale=72s
[2026-09-11 20:01:30] run02 : poll - elapsed=3483s log_stale=92s
[2026-09-11 20:01:50] run02 : poll - elapsed=3503s log_stale=112s
[2026-09-11 20:02:10] run02 : poll - elapsed=3523s log_stale=132s
[2026-09-11 20:02:30] run02 : poll - elapsed=3543s log_stale=152s
[2026-09-11 20:02:50] run02 : poll - elapsed=3563s log_stale=172s
[2026-09-11 20:03:10] run02 : poll - elapsed=3583s log_stale=5s
[2026-09-11 20:03:30] run02 : poll - elapsed=3603s log_stale=25s
[2026-09-11 20:03:50] run02 : poll - elapsed=3623s log_stale=45s
[2026-09-11 20:04:10] run02 : poll - elapsed=3643s log_stale=65s
[2026-09-11 20:04:30] run02 : poll - elapsed=3663s log_stale=85s
[2026-09-11 20:04:50] run02 : poll - elapsed=3683s log_stale=105s
[2026-09-11 20:05:10] run02 : poll - elapsed=3703s log_stale=125s
[2026-09-11 20:05:30] run02 : poll - elapsed=3723s log_stale=145s
[2026-09-11 20:05:50] run02 : poll - elapsed=3743s log_stale=165s
[2026-09-11 20:06:10] run02 : poll - elapsed=3763s log_stale=185s
[2026-09-11 20:06:30] run02 : poll - elapsed=3784s log_stale=18s
[2026-09-11 20:06:50] run02 : poll - elapsed=3804s log_stale=38s
[2026-09-11 20:07:10] run02 : poll - elapsed=3824s log_stale=58s
[2026-09-11 20:07:30] run02 : poll - elapsed=3844s log_stale=78s
[2026-09-11 20:07:50] run02 : poll - elapsed=3864s log_stale=98s
[2026-09-11 20:08:10] run02 : poll - elapsed=3884s log_stale=118s
[2026-09-11 20:08:30] run02 : poll - elapsed=3904s log_stale=138s
[2026-09-11 20:08:50] run02 : poll - elapsed=3924s log_stale=158s
[2026-09-11 20:09:10] run02 : poll - elapsed=3944s log_stale=178s
[2026-09-11 20:09:30] run02 : THANH CONG - D:\ResearchLab\02_Projects\02_Projects\MOSFOA paper 2\code\results\MOSFOA2_B_Np8_Maxit20_run02_FINAL.mat da xuat hien.
[2026-09-11 20:09:30] ----- Bat dau run03 (3/20) -----
[2026-09-11 20:09:34] run03 : launching MATLAB (attempt 1)
[2026-09-11 20:09:54] run03 : poll - elapsed=20s log_stale=8s
[2026-09-11 20:10:14] run03 : poll - elapsed=40s log_stale=14s
[2026-09-11 20:10:34] run03 : poll - elapsed=60s log_stale=34s
[2026-09-11 20:10:54] run03 : poll - elapsed=80s log_stale=54s
[2026-09-11 20:11:14] run03 : poll - elapsed=100s log_stale=74s
[2026-09-11 20:11:34] run03 : poll - elapsed=120s log_stale=94s
[2026-09-11 20:11:54] run03 : poll - elapsed=140s log_stale=114s
[2026-09-11 20:12:14] run03 : poll - elapsed=160s log_stale=134s
[2026-09-11 20:12:34] run03 : poll - elapsed=180s log_stale=154s
[2026-09-11 20:12:54] run03 : poll - elapsed=200s log_stale=174s
[2026-09-11 20:13:14] run03 : poll - elapsed=220s log_stale=194s
[2026-09-11 20:13:34] run03 : poll - elapsed=240s log_stale=214s
[2026-09-11 20:13:54] run03 : poll - elapsed=260s log_stale=1s
[2026-09-11 20:14:14] run03 : poll - elapsed=280s log_stale=21s
[2026-09-11 20:14:34] run03 : poll - elapsed=300s log_stale=41s
[2026-09-11 20:14:54] run03 : poll - elapsed=320s log_stale=61s
[2026-09-11 20:15:14] run03 : poll - elapsed=340s log_stale=81s
[2026-09-11 20:15:34] run03 : poll - elapsed=360s log_stale=101s
[2026-09-11 20:15:54] run03 : poll - elapsed=380s log_stale=121s
[2026-09-11 20:16:14] run03 : poll - elapsed=400s log_stale=141s
[2026-09-11 20:16:34] run03 : poll - elapsed=420s log_stale=161s
[2026-09-11 20:16:54] run03 : poll - elapsed=440s log_stale=181s
[2026-09-11 20:17:14] run03 : poll - elapsed=460s log_stale=11s
[2026-09-11 20:17:34] run03 : poll - elapsed=480s log_stale=31s
[2026-09-11 20:17:54] run03 : poll - elapsed=500s log_stale=51s
[2026-09-11 20:18:14] run03 : poll - elapsed=520s log_stale=71s
[2026-09-11 20:18:34] run03 : poll - elapsed=540s log_stale=91s
[2026-09-11 20:18:54] run03 : poll - elapsed=560s log_stale=111s
[2026-09-11 20:19:14] run03 : poll - elapsed=581s log_stale=131s
[2026-09-11 20:19:34] run03 : poll - elapsed=601s log_stale=151s
[2026-09-11 20:19:54] run03 : poll - elapsed=621s log_stale=171s
[2026-09-11 20:20:14] run03 : poll - elapsed=641s log_stale=3s
[2026-09-11 20:20:34] run03 : poll - elapsed=661s log_stale=23s
[2026-09-11 20:20:54] run03 : poll - elapsed=681s log_stale=43s
[2026-09-11 20:21:14] run03 : poll - elapsed=701s log_stale=63s
[2026-09-11 20:21:34] run03 : poll - elapsed=721s log_stale=83s
[2026-09-11 20:21:54] run03 : poll - elapsed=741s log_stale=103s
[2026-09-11 20:22:14] run03 : poll - elapsed=761s log_stale=123s
[2026-09-11 20:22:34] run03 : poll - elapsed=781s log_stale=143s
[2026-09-11 20:22:54] run03 : poll - elapsed=801s log_stale=163s
[2026-09-11 20:23:14] run03 : poll - elapsed=821s log_stale=183s
[2026-09-11 20:23:34] run03 : poll - elapsed=841s log_stale=16s
[2026-09-11 20:23:54] run03 : poll - elapsed=861s log_stale=36s
[2026-09-11 20:24:14] run03 : poll - elapsed=881s log_stale=56s
[2026-09-11 20:24:34] run03 : poll - elapsed=901s log_stale=76s
[2026-09-11 20:24:54] run03 : poll - elapsed=921s log_stale=96s
[2026-09-11 20:25:14] run03 : poll - elapsed=941s log_stale=116s
[2026-09-11 20:25:34] run03 : poll - elapsed=961s log_stale=136s
[2026-09-11 20:25:54] run03 : poll - elapsed=981s log_stale=156s
[2026-09-11 20:26:14] run03 : poll - elapsed=1001s log_stale=176s
[2026-09-11 20:26:35] run03 : poll - elapsed=1021s log_stale=10s
[2026-09-11 20:26:55] run03 : poll - elapsed=1041s log_stale=30s
[2026-09-11 20:27:15] run03 : poll - elapsed=1061s log_stale=50s
[2026-09-11 20:27:35] run03 : poll - elapsed=1081s log_stale=70s
[2026-09-11 20:27:55] run03 : poll - elapsed=1101s log_stale=90s
[2026-09-11 20:28:15] run03 : poll - elapsed=1121s log_stale=110s
[2026-09-11 20:28:35] run03 : poll - elapsed=1141s log_stale=130s
[2026-09-11 20:28:55] run03 : poll - elapsed=1161s log_stale=150s
[2026-09-11 20:29:15] run03 : poll - elapsed=1181s log_stale=170s
[2026-09-11 20:29:35] run03 : poll - elapsed=1201s log_stale=1s
[2026-09-11 20:29:55] run03 : poll - elapsed=1221s log_stale=21s
[2026-09-11 20:30:15] run03 : poll - elapsed=1241s log_stale=41s
[2026-09-11 20:30:35] run03 : poll - elapsed=1261s log_stale=61s
[2026-09-11 20:30:55] run03 : poll - elapsed=1281s log_stale=81s
[2026-09-11 20:31:15] run03 : poll - elapsed=1301s log_stale=101s
[2026-09-11 20:31:35] run03 : poll - elapsed=1321s log_stale=121s
[2026-09-11 20:31:55] run03 : poll - elapsed=1341s log_stale=142s
[2026-09-11 20:32:15] run03 : poll - elapsed=1361s log_stale=162s
[2026-09-11 20:32:35] run03 : poll - elapsed=1381s log_stale=182s
[2026-09-11 20:32:55] run03 : poll - elapsed=1401s log_stale=10s
[2026-09-11 20:33:15] run03 : poll - elapsed=1421s log_stale=30s
[2026-09-11 20:33:35] run03 : poll - elapsed=1441s log_stale=50s
[2026-09-11 20:33:55] run03 : poll - elapsed=1461s log_stale=70s
[2026-09-11 20:34:15] run03 : poll - elapsed=1481s log_stale=90s
[2026-09-11 20:34:35] run03 : poll - elapsed=1501s log_stale=110s
[2026-09-11 20:34:55] run03 : poll - elapsed=1521s log_stale=130s
[2026-09-11 20:35:15] run03 : poll - elapsed=1541s log_stale=150s
[2026-09-11 20:35:35] run03 : poll - elapsed=1561s log_stale=170s
[2026-09-11 20:35:55] run03 : poll - elapsed=1581s log_stale=1s
[2026-09-11 20:36:15] run03 : poll - elapsed=1601s log_stale=21s
[2026-09-11 20:36:35] run03 : poll - elapsed=1621s log_stale=41s
[2026-09-11 20:36:55] run03 : poll - elapsed=1642s log_stale=61s
[2026-09-11 20:37:15] run03 : poll - elapsed=1662s log_stale=81s
[2026-09-11 20:37:35] run03 : poll - elapsed=1682s log_stale=101s
[2026-09-11 20:37:55] run03 : poll - elapsed=1702s log_stale=121s
[2026-09-11 20:38:15] run03 : poll - elapsed=1722s log_stale=141s
[2026-09-11 20:38:35] run03 : poll - elapsed=1742s log_stale=161s
[2026-09-11 20:38:55] run03 : poll - elapsed=1762s log_stale=181s
[2026-09-11 20:39:15] run03 : poll - elapsed=1782s log_stale=15s
[2026-09-11 20:39:35] run03 : poll - elapsed=1802s log_stale=35s
[2026-09-11 20:39:55] run03 : poll - elapsed=1822s log_stale=55s
[2026-09-11 20:40:15] run03 : poll - elapsed=1842s log_stale=75s
[2026-09-11 20:40:35] run03 : poll - elapsed=1862s log_stale=95s
[2026-09-11 20:40:55] run03 : poll - elapsed=1882s log_stale=116s
[2026-09-11 20:41:15] run03 : poll - elapsed=1902s log_stale=136s
[2026-09-11 20:41:35] run03 : poll - elapsed=1922s log_stale=156s
[2026-09-11 20:41:55] run03 : poll - elapsed=1942s log_stale=176s
[2026-09-11 20:42:15] run03 : poll - elapsed=1962s log_stale=8s
[2026-09-11 20:42:35] run03 : poll - elapsed=1982s log_stale=28s
[2026-09-11 20:42:55] run03 : poll - elapsed=2002s log_stale=49s
[2026-09-11 20:43:15] run03 : poll - elapsed=2022s log_stale=69s
[2026-09-11 20:43:35] run03 : poll - elapsed=2042s log_stale=89s
[2026-09-11 20:43:55] run03 : poll - elapsed=2062s log_stale=109s
[2026-09-11 20:44:15] run03 : poll - elapsed=2082s log_stale=129s
[2026-09-11 20:44:35] run03 : poll - elapsed=2102s log_stale=149s
[2026-09-11 20:44:56] run03 : poll - elapsed=2122s log_stale=169s
[2026-09-11 20:45:16] run03 : poll - elapsed=2142s log_stale=2s
[2026-09-11 20:45:36] run03 : poll - elapsed=2162s log_stale=22s
[2026-09-11 20:45:56] run03 : poll - elapsed=2182s log_stale=42s
[2026-09-11 20:46:16] run03 : poll - elapsed=2202s log_stale=62s
[2026-09-11 20:46:36] run03 : poll - elapsed=2222s log_stale=82s
[2026-09-11 20:46:56] run03 : poll - elapsed=2242s log_stale=102s
[2026-09-11 20:47:16] run03 : poll - elapsed=2262s log_stale=123s
[2026-09-11 20:47:36] run03 : poll - elapsed=2282s log_stale=143s
[2026-09-11 20:47:56] run03 : poll - elapsed=2302s log_stale=163s
[2026-09-11 20:48:16] run03 : poll - elapsed=2322s log_stale=183s
[2026-09-11 20:48:36] run03 : poll - elapsed=2342s log_stale=16s
[2026-09-11 20:48:56] run03 : poll - elapsed=2362s log_stale=36s
[2026-09-11 20:49:16] run03 : poll - elapsed=2382s log_stale=56s
[2026-09-11 20:49:36] run03 : poll - elapsed=2402s log_stale=76s
[2026-09-11 20:49:56] run03 : poll - elapsed=2422s log_stale=96s
[2026-09-11 20:50:16] run03 : poll - elapsed=2442s log_stale=116s
[2026-09-11 20:50:36] run03 : poll - elapsed=2462s log_stale=136s
[2026-09-11 20:50:56] run03 : poll - elapsed=2482s log_stale=156s
[2026-09-11 20:51:16] run03 : poll - elapsed=2502s log_stale=176s
[2026-09-11 20:51:36] run03 : poll - elapsed=2522s log_stale=9s
[2026-09-11 20:51:56] run03 : poll - elapsed=2542s log_stale=29s
[2026-09-11 20:52:16] run03 : poll - elapsed=2562s log_stale=49s
[2026-09-11 20:52:36] run03 : poll - elapsed=2582s log_stale=69s
[2026-09-11 20:52:56] run03 : poll - elapsed=2602s log_stale=89s
[2026-09-11 20:53:16] run03 : poll - elapsed=2622s log_stale=109s
[2026-09-11 20:53:36] run03 : poll - elapsed=2642s log_stale=129s
[2026-09-11 20:53:56] run03 : poll - elapsed=2662s log_stale=149s
[2026-09-11 20:54:16] run03 : poll - elapsed=2682s log_stale=169s
[2026-09-11 20:54:36] run03 : poll - elapsed=2702s log_stale=189s
[2026-09-11 20:54:56] run03 : poll - elapsed=2723s log_stale=18s
[2026-09-11 20:55:16] run03 : poll - elapsed=2743s log_stale=38s
[2026-09-11 20:55:36] run03 : poll - elapsed=2763s log_stale=58s
[2026-09-11 20:55:56] run03 : poll - elapsed=2783s log_stale=78s
[2026-09-11 20:56:16] run03 : poll - elapsed=2803s log_stale=98s
[2026-09-11 20:56:36] run03 : poll - elapsed=2823s log_stale=118s
[2026-09-11 20:56:56] run03 : poll - elapsed=2843s log_stale=138s
[2026-09-11 20:57:16] run03 : poll - elapsed=2863s log_stale=158s
[2026-09-11 20:57:36] run03 : poll - elapsed=2883s log_stale=178s
[2026-09-11 20:57:56] run03 : poll - elapsed=2903s log_stale=13s
[2026-09-11 20:58:16] run03 : poll - elapsed=2923s log_stale=33s
[2026-09-11 20:58:36] run03 : poll - elapsed=2943s log_stale=53s
[2026-09-11 20:58:56] run03 : poll - elapsed=2963s log_stale=73s
[2026-09-11 20:59:16] run03 : poll - elapsed=2983s log_stale=93s
[2026-09-11 20:59:36] run03 : poll - elapsed=3003s log_stale=113s
[2026-09-11 20:59:56] run03 : poll - elapsed=3023s log_stale=133s
[2026-09-11 21:00:16] run03 : poll - elapsed=3043s log_stale=153s
[2026-09-11 21:00:36] run03 : poll - elapsed=3063s log_stale=173s
[2026-09-11 21:00:56] run03 : poll - elapsed=3083s log_stale=7s
[2026-09-11 21:01:16] run03 : poll - elapsed=3103s log_stale=27s
[2026-09-11 21:01:36] run03 : poll - elapsed=3123s log_stale=47s
[2026-09-11 21:01:56] run03 : poll - elapsed=3143s log_stale=67s
[2026-09-11 21:02:16] run03 : poll - elapsed=3163s log_stale=87s
[2026-09-11 21:02:37] run03 : poll - elapsed=3183s log_stale=107s
[2026-09-11 21:02:57] run03 : poll - elapsed=3203s log_stale=127s
[2026-09-11 21:03:17] run03 : poll - elapsed=3223s log_stale=147s
[2026-09-11 21:03:37] run03 : poll - elapsed=3243s log_stale=167s
[2026-09-11 21:03:57] run03 : poll - elapsed=3263s log_stale=1s
[2026-09-11 21:04:17] run03 : poll - elapsed=3283s log_stale=21s
[2026-09-11 21:04:37] run03 : poll - elapsed=3303s log_stale=41s
[2026-09-11 21:04:57] run03 : poll - elapsed=3323s log_stale=61s
[2026-09-11 21:05:17] run03 : poll - elapsed=3343s log_stale=81s
[2026-09-11 21:05:37] run03 : poll - elapsed=3363s log_stale=101s
[2026-09-11 21:05:57] run03 : poll - elapsed=3383s log_stale=121s
[2026-09-11 21:06:17] run03 : poll - elapsed=3403s log_stale=141s
[2026-09-11 21:06:37] run03 : poll - elapsed=3423s log_stale=161s
[2026-09-11 21:06:57] run03 : poll - elapsed=3443s log_stale=181s
[2026-09-11 21:07:17] run03 : poll - elapsed=3463s log_stale=16s
[2026-09-11 21:07:37] run03 : poll - elapsed=3483s log_stale=36s
[2026-09-11 21:07:57] run03 : poll - elapsed=3503s log_stale=56s
[2026-09-11 21:08:17] run03 : poll - elapsed=3523s log_stale=76s
[2026-09-11 21:08:37] run03 : poll - elapsed=3543s log_stale=96s
[2026-09-11 21:08:57] run03 : poll - elapsed=3563s log_stale=116s
[2026-09-11 21:09:17] run03 : poll - elapsed=3583s log_stale=136s
[2026-09-11 21:09:37] run03 : poll - elapsed=3603s log_stale=156s
[2026-09-11 21:09:57] run03 : poll - elapsed=3623s log_stale=176s
[2026-09-11 21:10:17] run03 : poll - elapsed=3643s log_stale=7s
[2026-09-11 21:10:37] run03 : poll - elapsed=3663s log_stale=27s
[2026-09-11 21:10:57] run03 : poll - elapsed=3683s log_stale=47s
[2026-09-11 21:11:17] run03 : poll - elapsed=3703s log_stale=67s
[2026-09-11 21:11:37] run03 : poll - elapsed=3723s log_stale=87s
[2026-09-11 21:11:57] run03 : poll - elapsed=3743s log_stale=107s
[2026-09-11 21:12:17] run03 : poll - elapsed=3763s log_stale=127s
[2026-09-11 21:12:37] run03 : poll - elapsed=3783s log_stale=147s
[2026-09-11 21:12:57] run03 : poll - elapsed=3804s log_stale=167s
[2026-09-11 21:13:17] run03 : poll - elapsed=3824s log_stale=187s
[2026-09-11 21:13:37] run03 : poll - elapsed=3844s log_stale=19s
[2026-09-11 21:13:57] run03 : poll - elapsed=3864s log_stale=39s
[2026-09-11 21:14:17] run03 : poll - elapsed=3884s log_stale=59s
[2026-09-11 21:14:37] run03 : poll - elapsed=3904s log_stale=79s
[2026-09-11 21:14:57] run03 : poll - elapsed=3924s log_stale=99s
[2026-09-11 21:15:17] run03 : poll - elapsed=3944s log_stale=119s
[2026-09-11 21:15:37] run03 : poll - elapsed=3964s log_stale=140s
[2026-09-11 21:15:57] run03 : poll - elapsed=3984s log_stale=160s
[2026-09-11 21:16:17] run03 : poll - elapsed=4004s log_stale=180s
[2026-09-11 21:16:37] run03 : THANH CONG - D:\ResearchLab\02_Projects\02_Projects\MOSFOA paper 2\code\results\MOSFOA2_B_Np8_Maxit20_run03_FINAL.mat da xuat hien.
[2026-09-11 21:16:37] ----- Bat dau run04 (4/20) -----
[2026-09-11 21:16:41] run04 : launching MATLAB (attempt 1)
[2026-09-11 21:17:01] run04 : poll - elapsed=20s log_stale=9s
[2026-09-11 21:17:21] run04 : poll - elapsed=40s log_stale=15s
[2026-09-11 21:17:41] run04 : poll - elapsed=60s log_stale=35s
[2026-09-11 21:18:01] run04 : poll - elapsed=80s log_stale=55s
[2026-09-11 21:18:21] run04 : poll - elapsed=100s log_stale=75s
[2026-09-11 21:18:41] run04 : poll - elapsed=120s log_stale=95s
[2026-09-11 21:19:01] run04 : poll - elapsed=140s log_stale=115s
[2026-09-11 21:19:21] run04 : poll - elapsed=160s log_stale=135s
[2026-09-11 21:19:41] run04 : poll - elapsed=180s log_stale=155s
[2026-09-11 21:20:01] run04 : poll - elapsed=200s log_stale=175s
[2026-09-11 21:20:21] run04 : poll - elapsed=220s log_stale=195s
[2026-09-11 21:20:41] run04 : poll - elapsed=240s log_stale=215s
[2026-09-11 21:21:01] run04 : poll - elapsed=260s log_stale=14s
[2026-09-11 21:21:21] run04 : poll - elapsed=280s log_stale=34s
[2026-09-11 21:21:41] run04 : poll - elapsed=300s log_stale=54s
[2026-09-11 21:22:01] run04 : poll - elapsed=320s log_stale=74s
[2026-09-11 21:22:21] run04 : poll - elapsed=340s log_stale=94s
[2026-09-11 21:22:41] run04 : poll - elapsed=360s log_stale=114s
[2026-09-11 21:23:01] run04 : poll - elapsed=380s log_stale=134s
[2026-09-11 21:23:21] run04 : poll - elapsed=400s log_stale=155s
[2026-09-11 21:23:41] run04 : poll - elapsed=420s log_stale=175s
[2026-09-11 21:24:01] run04 : poll - elapsed=440s log_stale=8s
[2026-09-11 21:24:21] run04 : poll - elapsed=460s log_stale=28s
[2026-09-11 21:24:41] run04 : poll - elapsed=480s log_stale=48s
[2026-09-11 21:25:01] run04 : poll - elapsed=500s log_stale=69s
[2026-09-11 21:25:21] run04 : poll - elapsed=520s log_stale=89s
[2026-09-11 21:25:41] run04 : poll - elapsed=540s log_stale=109s
[2026-09-11 21:26:01] run04 : poll - elapsed=561s log_stale=129s
[2026-09-11 21:26:21] run04 : poll - elapsed=581s log_stale=149s
[2026-09-11 21:26:41] run04 : poll - elapsed=601s log_stale=169s
[2026-09-11 21:27:01] run04 : poll - elapsed=621s log_stale=4s
[2026-09-11 21:27:22] run04 : poll - elapsed=641s log_stale=24s
[2026-09-11 21:27:42] run04 : poll - elapsed=661s log_stale=44s
[2026-09-11 21:28:02] run04 : poll - elapsed=681s log_stale=64s
[2026-09-11 21:28:22] run04 : poll - elapsed=701s log_stale=84s
[2026-09-11 21:28:42] run04 : poll - elapsed=721s log_stale=104s
[2026-09-11 21:29:02] run04 : poll - elapsed=741s log_stale=124s
[2026-09-11 21:29:22] run04 : poll - elapsed=761s log_stale=144s
[2026-09-11 21:29:42] run04 : poll - elapsed=781s log_stale=164s
[2026-09-11 21:30:02] run04 : poll - elapsed=801s log_stale=1s
[2026-09-11 21:30:22] run04 : poll - elapsed=821s log_stale=21s
[2026-09-11 21:30:42] run04 : poll - elapsed=841s log_stale=41s
[2026-09-11 21:31:02] run04 : poll - elapsed=861s log_stale=61s
[2026-09-11 21:31:22] run04 : poll - elapsed=881s log_stale=81s
[2026-09-11 21:31:42] run04 : poll - elapsed=901s log_stale=101s
[2026-09-11 21:32:02] run04 : poll - elapsed=921s log_stale=121s
[2026-09-11 21:32:22] run04 : poll - elapsed=941s log_stale=141s
[2026-09-11 21:32:42] run04 : poll - elapsed=961s log_stale=161s
[2026-09-11 21:33:22] run04 : poll - elapsed=1001s log_stale=20s
[2026-09-11 21:33:42] run04 : poll - elapsed=1021s log_stale=40s
[2026-09-11 21:34:02] run04 : poll - elapsed=1041s log_stale=60s
[2026-09-11 21:34:22] run04 : poll - elapsed=1061s log_stale=80s
[2026-09-11 21:34:42] run04 : poll - elapsed=1081s log_stale=100s
[2026-09-11 21:35:02] run04 : poll - elapsed=1101s log_stale=120s
[2026-09-11 21:35:22] run04 : poll - elapsed=1121s log_stale=140s
[2026-09-11 21:35:42] run04 : poll - elapsed=1141s log_stale=160s
[2026-09-11 21:36:02] run04 : poll - elapsed=1161s log_stale=180s
[2026-09-11 21:36:22] run04 : poll - elapsed=1181s log_stale=12s
[2026-09-11 21:36:42] run04 : poll - elapsed=1201s log_stale=32s
[2026-09-11 21:37:02] run04 : poll - elapsed=1221s log_stale=52s
[2026-09-11 21:37:22] run04 : poll - elapsed=1241s log_stale=72s
[2026-09-11 21:37:42] run04 : poll - elapsed=1261s log_stale=92s
[2026-09-11 21:38:02] run04 : poll - elapsed=1281s log_stale=112s
[2026-09-11 21:38:22] run04 : poll - elapsed=1301s log_stale=132s
[2026-09-11 21:38:42] run04 : poll - elapsed=1321s log_stale=152s
[2026-09-11 21:39:02] run04 : poll - elapsed=1341s log_stale=172s
[2026-09-11 21:39:22] run04 : poll - elapsed=1361s log_stale=5s
[2026-09-11 21:39:42] run04 : poll - elapsed=1381s log_stale=25s
[2026-09-11 21:40:02] run04 : poll - elapsed=1401s log_stale=45s
[2026-09-11 21:40:22] run04 : poll - elapsed=1421s log_stale=65s
[2026-09-11 21:40:42] run04 : poll - elapsed=1441s log_stale=85s
[2026-09-11 21:41:02] run04 : poll - elapsed=1461s log_stale=105s
[2026-09-11 21:41:22] run04 : poll - elapsed=1482s log_stale=125s
[2026-09-11 21:41:42] run04 : poll - elapsed=1502s log_stale=145s
[2026-09-11 21:42:02] run04 : poll - elapsed=1522s log_stale=165s
[2026-09-11 21:42:22] run04 : poll - elapsed=1542s log_stale=1s
[2026-09-11 21:42:43] run04 : poll - elapsed=1562s log_stale=21s
[2026-09-11 21:43:03] run04 : poll - elapsed=1582s log_stale=41s
[2026-09-11 21:43:23] run04 : poll - elapsed=1602s log_stale=61s
[2026-09-11 21:43:43] run04 : poll - elapsed=1622s log_stale=81s
[2026-09-11 21:44:03] run04 : poll - elapsed=1642s log_stale=101s
[2026-09-11 21:44:23] run04 : poll - elapsed=1662s log_stale=121s
[2026-09-11 21:44:43] run04 : poll - elapsed=1682s log_stale=141s
[2026-09-11 21:45:03] run04 : poll - elapsed=1702s log_stale=161s
[2026-09-11 21:45:23] run04 : poll - elapsed=1722s log_stale=181s
[2026-09-11 21:45:43] run04 : poll - elapsed=1742s log_stale=19s
[2026-09-11 21:46:03] run04 : poll - elapsed=1762s log_stale=39s
[2026-09-11 21:46:23] run04 : poll - elapsed=1782s log_stale=59s
[2026-09-11 21:46:43] run04 : poll - elapsed=1802s log_stale=79s
[2026-09-11 21:47:03] run04 : poll - elapsed=1822s log_stale=99s
[2026-09-11 21:47:23] run04 : poll - elapsed=1842s log_stale=119s
[2026-09-11 21:47:43] run04 : poll - elapsed=1862s log_stale=139s
[2026-09-11 21:48:03] run04 : poll - elapsed=1882s log_stale=159s
[2026-09-11 21:48:23] run04 : poll - elapsed=1902s log_stale=179s
[2026-09-11 21:48:43] run04 : poll - elapsed=1922s log_stale=15s
[2026-09-11 21:49:03] run04 : poll - elapsed=1942s log_stale=35s
[2026-09-11 21:49:23] run04 : poll - elapsed=1962s log_stale=55s
[2026-09-11 21:49:43] run04 : poll - elapsed=1982s log_stale=75s
[2026-09-11 21:50:03] run04 : poll - elapsed=2002s log_stale=95s
[2026-09-11 21:50:23] run04 : poll - elapsed=2022s log_stale=115s
[2026-09-11 21:50:43] run04 : poll - elapsed=2042s log_stale=135s
[2026-09-11 21:51:03] run04 : poll - elapsed=2062s log_stale=155s
[2026-09-11 21:51:23] run04 : poll - elapsed=2082s log_stale=175s
[2026-09-11 21:51:43] run04 : poll - elapsed=2102s log_stale=13s
[2026-09-11 21:52:03] run04 : poll - elapsed=2122s log_stale=33s
[2026-09-11 21:52:23] run04 : poll - elapsed=2142s log_stale=53s
[2026-09-11 21:52:43] run04 : poll - elapsed=2162s log_stale=73s
[2026-09-11 21:53:03] run04 : poll - elapsed=2182s log_stale=93s
[2026-09-11 21:53:23] run04 : poll - elapsed=2202s log_stale=113s
[2026-09-11 21:53:43] run04 : poll - elapsed=2222s log_stale=133s
[2026-09-11 21:54:03] run04 : poll - elapsed=2242s log_stale=153s
[2026-09-11 21:54:23] run04 : poll - elapsed=2262s log_stale=173s
[2026-09-11 21:54:43] run04 : poll - elapsed=2282s log_stale=12s
[2026-09-11 21:55:03] run04 : poll - elapsed=2302s log_stale=32s
[2026-09-11 21:55:23] run04 : poll - elapsed=2322s log_stale=52s
[2026-09-11 21:55:43] run04 : poll - elapsed=2342s log_stale=72s
[2026-09-11 21:56:03] run04 : poll - elapsed=2362s log_stale=92s
[2026-09-11 21:56:23] run04 : poll - elapsed=2382s log_stale=112s
[2026-09-11 21:56:43] run04 : poll - elapsed=2402s log_stale=132s
[2026-09-11 21:57:03] run04 : poll - elapsed=2422s log_stale=152s
[2026-09-11 21:57:23] run04 : poll - elapsed=2442s log_stale=172s
[2026-09-11 21:57:43] run04 : poll - elapsed=2462s log_stale=5s
[2026-09-11 21:58:03] run04 : poll - elapsed=2482s log_stale=25s
[2026-09-11 21:58:23] run04 : poll - elapsed=2502s log_stale=45s
[2026-09-11 21:58:43] run04 : poll - elapsed=2522s log_stale=65s
[2026-09-11 21:59:03] run04 : poll - elapsed=2543s log_stale=85s
[2026-09-11 21:59:23] run04 : poll - elapsed=2563s log_stale=105s
[2026-09-11 21:59:43] run04 : poll - elapsed=2583s log_stale=125s
[2026-09-11 22:00:03] run04 : poll - elapsed=2603s log_stale=145s
[2026-09-11 22:00:23] run04 : poll - elapsed=2623s log_stale=165s
[2026-09-11 22:00:43] run04 : poll - elapsed=2643s log_stale=185s
[2026-09-11 22:01:04] run04 : poll - elapsed=2663s log_stale=20s
[2026-09-11 22:01:24] run04 : poll - elapsed=2683s log_stale=40s
[2026-09-11 22:01:44] run04 : poll - elapsed=2703s log_stale=60s
[2026-09-11 22:02:04] run04 : poll - elapsed=2723s log_stale=80s
[2026-09-11 22:02:24] run04 : poll - elapsed=2743s log_stale=100s
[2026-09-11 22:02:44] run04 : poll - elapsed=2763s log_stale=120s
[2026-09-11 22:03:04] run04 : poll - elapsed=2783s log_stale=140s
[2026-09-11 22:03:24] run04 : poll - elapsed=2803s log_stale=160s
[2026-09-11 22:03:44] run04 : poll - elapsed=2823s log_stale=180s
[2026-09-11 22:04:04] run04 : poll - elapsed=2843s log_stale=16s
[2026-09-11 22:04:24] run04 : poll - elapsed=2863s log_stale=36s
[2026-09-11 22:04:44] run04 : poll - elapsed=2883s log_stale=56s
[2026-09-11 22:05:04] run04 : poll - elapsed=2903s log_stale=76s
[2026-09-11 22:05:24] run04 : poll - elapsed=2923s log_stale=96s
[2026-09-11 22:05:44] run04 : poll - elapsed=2943s log_stale=116s
[2026-09-11 22:06:04] run04 : poll - elapsed=2963s log_stale=136s
[2026-09-11 22:06:24] run04 : poll - elapsed=2983s log_stale=156s
[2026-09-11 22:06:44] run04 : poll - elapsed=3003s log_stale=176s
[2026-09-11 22:07:04] run04 : poll - elapsed=3023s log_stale=11s
[2026-09-11 22:07:24] run04 : poll - elapsed=3043s log_stale=31s
[2026-09-11 22:07:44] run04 : poll - elapsed=3063s log_stale=51s
[2026-09-11 22:08:04] run04 : poll - elapsed=3083s log_stale=71s
[2026-09-11 22:08:24] run04 : poll - elapsed=3103s log_stale=91s
[2026-09-11 22:08:44] run04 : poll - elapsed=3123s log_stale=111s
[2026-09-11 22:09:04] run04 : poll - elapsed=3143s log_stale=131s
[2026-09-11 22:09:24] run04 : poll - elapsed=3163s log_stale=151s
[2026-09-11 22:09:44] run04 : poll - elapsed=3183s log_stale=172s
[2026-09-11 22:10:04] run04 : poll - elapsed=3203s log_stale=9s
[2026-09-11 22:10:24] run04 : poll - elapsed=3223s log_stale=29s
[2026-09-11 22:10:44] run04 : poll - elapsed=3243s log_stale=49s
[2026-09-11 22:11:04] run04 : poll - elapsed=3263s log_stale=69s
[2026-09-11 22:11:24] run04 : poll - elapsed=3283s log_stale=89s
[2026-09-11 22:11:44] run04 : poll - elapsed=3303s log_stale=109s
[2026-09-11 22:12:04] run04 : poll - elapsed=3323s log_stale=129s
[2026-09-11 22:12:24] run04 : poll - elapsed=3343s log_stale=149s
[2026-09-11 22:12:44] run04 : poll - elapsed=3363s log_stale=169s
[2026-09-11 22:13:04] run04 : poll - elapsed=3383s log_stale=5s
[2026-09-11 22:13:24] run04 : poll - elapsed=3403s log_stale=25s
[2026-09-11 22:13:44] run04 : poll - elapsed=3423s log_stale=45s
[2026-09-11 22:14:04] run04 : poll - elapsed=3443s log_stale=65s
[2026-09-11 22:14:24] run04 : poll - elapsed=3463s log_stale=85s
[2026-09-11 22:14:44] run04 : poll - elapsed=3483s log_stale=105s
[2026-09-11 22:15:04] run04 : poll - elapsed=3503s log_stale=125s
[2026-09-11 22:15:24] run04 : poll - elapsed=3523s log_stale=145s
[2026-09-11 22:15:44] run04 : poll - elapsed=3543s log_stale=165s
[2026-09-11 22:16:04] run04 : poll - elapsed=3563s log_stale=1s
[2026-09-11 22:16:24] run04 : poll - elapsed=3583s log_stale=21s
[2026-09-11 22:16:44] run04 : poll - elapsed=3604s log_stale=41s
[2026-09-11 22:17:04] run04 : poll - elapsed=3624s log_stale=61s
[2026-09-11 22:17:24] run04 : poll - elapsed=3644s log_stale=81s
[2026-09-11 22:17:44] run04 : poll - elapsed=3664s log_stale=101s
[2026-09-11 22:18:05] run04 : poll - elapsed=3684s log_stale=121s
[2026-09-11 22:18:25] run04 : poll - elapsed=3704s log_stale=141s
[2026-09-11 22:18:45] run04 : poll - elapsed=3724s log_stale=161s
[2026-09-11 22:19:05] run04 : poll - elapsed=3744s log_stale=181s
[2026-09-11 22:19:25] run04 : poll - elapsed=3764s log_stale=14s
[2026-09-11 22:19:45] run04 : poll - elapsed=3784s log_stale=34s
[2026-09-11 22:20:05] run04 : poll - elapsed=3804s log_stale=54s
[2026-09-11 22:20:25] run04 : poll - elapsed=3824s log_stale=74s
[2026-09-11 22:20:45] run04 : poll - elapsed=3844s log_stale=94s
[2026-09-11 22:21:05] run04 : poll - elapsed=3864s log_stale=114s
[2026-09-11 22:21:25] run04 : poll - elapsed=3884s log_stale=134s
[2026-09-11 22:21:45] run04 : poll - elapsed=3904s log_stale=154s
[2026-09-11 22:22:05] run04 : poll - elapsed=3924s log_stale=174s
[2026-09-11 22:22:25] run04 : THANH CONG - D:\ResearchLab\02_Projects\02_Projects\MOSFOA paper 2\code\results\MOSFOA2_B_Np8_Maxit20_run04_FINAL.mat da xuat hien.
[2026-09-11 22:22:25] ----- Bat dau run05 (5/20) -----
[2026-09-11 22:22:28] run05 : launching MATLAB (attempt 1)
[2026-09-11 22:22:48] run05 : poll - elapsed=20s log_stale=9s
[2026-09-11 22:23:08] run05 : poll - elapsed=40s log_stale=15s
[2026-09-11 22:23:28] run05 : poll - elapsed=60s log_stale=35s
[2026-09-11 22:23:48] run05 : poll - elapsed=80s log_stale=56s
[2026-09-11 22:24:08] run05 : poll - elapsed=100s log_stale=76s
[2026-09-11 22:24:28] run05 : poll - elapsed=120s log_stale=96s
[2026-09-11 22:24:48] run05 : poll - elapsed=140s log_stale=116s
[2026-09-11 22:25:09] run05 : poll - elapsed=160s log_stale=136s
[2026-09-11 22:25:29] run05 : poll - elapsed=180s log_stale=156s
[2026-09-11 22:25:49] run05 : poll - elapsed=200s log_stale=176s
[2026-09-11 22:26:09] run05 : poll - elapsed=220s log_stale=196s
[2026-09-11 22:26:29] run05 : poll - elapsed=240s log_stale=216s
[2026-09-11 22:26:49] run05 : poll - elapsed=260s log_stale=11s
[2026-09-11 22:27:09] run05 : poll - elapsed=280s log_stale=31s
[2026-09-11 22:27:29] run05 : poll - elapsed=300s log_stale=51s
[2026-09-11 22:27:49] run05 : poll - elapsed=320s log_stale=71s
[2026-09-11 22:28:09] run05 : poll - elapsed=340s log_stale=91s
[2026-09-11 22:28:29] run05 : poll - elapsed=360s log_stale=111s
[2026-09-11 22:28:49] run05 : poll - elapsed=380s log_stale=131s
[2026-09-11 22:29:09] run05 : poll - elapsed=400s log_stale=151s
[2026-09-11 22:29:29] run05 : poll - elapsed=420s log_stale=171s
[2026-09-11 22:29:49] run05 : poll - elapsed=440s log_stale=4s
[2026-09-11 22:30:09] run05 : poll - elapsed=460s log_stale=24s
[2026-09-11 22:30:29] run05 : poll - elapsed=480s log_stale=44s
[2026-09-11 22:30:49] run05 : poll - elapsed=500s log_stale=64s
[2026-09-11 22:31:09] run05 : poll - elapsed=520s log_stale=84s
[2026-09-11 22:31:29] run05 : poll - elapsed=540s log_stale=104s
[2026-09-11 22:31:49] run05 : poll - elapsed=561s log_stale=124s
[2026-09-11 22:32:09] run05 : poll - elapsed=581s log_stale=144s
[2026-09-11 22:32:29] run05 : poll - elapsed=601s log_stale=164s
[2026-09-11 22:32:49] run05 : poll - elapsed=621s log_stale=184s
[2026-09-11 22:33:09] run05 : poll - elapsed=641s log_stale=19s
[2026-09-11 22:33:29] run05 : poll - elapsed=661s log_stale=39s
[2026-09-11 22:33:49] run05 : poll - elapsed=681s log_stale=59s
[2026-09-11 22:34:09] run05 : poll - elapsed=701s log_stale=79s
[2026-09-11 22:34:29] run05 : poll - elapsed=721s log_stale=99s
[2026-09-11 22:34:49] run05 : poll - elapsed=741s log_stale=119s
[2026-09-11 22:35:09] run05 : poll - elapsed=761s log_stale=139s
[2026-09-11 22:35:29] run05 : poll - elapsed=781s log_stale=159s
[2026-09-11 22:35:49] run05 : poll - elapsed=801s log_stale=179s
[2026-09-11 22:36:09] run05 : poll - elapsed=821s log_stale=13s
[2026-09-11 22:36:29] run05 : poll - elapsed=841s log_stale=33s
[2026-09-11 22:36:49] run05 : poll - elapsed=861s log_stale=53s
[2026-09-11 22:37:09] run05 : poll - elapsed=881s log_stale=73s
[2026-09-11 22:37:29] run05 : poll - elapsed=901s log_stale=93s
[2026-09-11 22:37:49] run05 : poll - elapsed=921s log_stale=113s
[2026-09-11 22:38:09] run05 : poll - elapsed=941s log_stale=133s
[2026-09-11 22:38:29] run05 : poll - elapsed=961s log_stale=153s
[2026-09-11 22:38:49] run05 : poll - elapsed=981s log_stale=173s
[2026-09-11 22:39:09] run05 : poll - elapsed=1001s log_stale=9s
[2026-09-11 22:39:29] run05 : poll - elapsed=1021s log_stale=29s
[2026-09-11 22:39:49] run05 : poll - elapsed=1041s log_stale=49s
[2026-09-11 22:40:09] run05 : poll - elapsed=1061s log_stale=69s
[2026-09-11 22:40:29] run05 : poll - elapsed=1081s log_stale=89s
[2026-09-11 22:40:49] run05 : poll - elapsed=1101s log_stale=109s
[2026-09-11 22:41:09] run05 : poll - elapsed=1121s log_stale=129s
[2026-09-11 22:41:29] run05 : poll - elapsed=1141s log_stale=149s
[2026-09-11 22:41:49] run05 : poll - elapsed=1161s log_stale=169s
[2026-09-11 22:42:09] run05 : poll - elapsed=1181s log_stale=3s
[2026-09-11 22:42:29] run05 : poll - elapsed=1201s log_stale=23s
[2026-09-11 22:42:50] run05 : poll - elapsed=1221s log_stale=43s
[2026-09-11 22:43:10] run05 : poll - elapsed=1241s log_stale=63s
[2026-09-11 22:43:30] run05 : poll - elapsed=1261s log_stale=83s
[2026-09-11 22:43:50] run05 : poll - elapsed=1281s log_stale=103s
[2026-09-11 22:44:10] run05 : poll - elapsed=1301s log_stale=123s
[2026-09-11 22:44:30] run05 : poll - elapsed=1321s log_stale=143s
[2026-09-11 22:44:50] run05 : poll - elapsed=1341s log_stale=163s
[2026-09-11 22:45:10] run05 : poll - elapsed=1361s log_stale=183s
[2026-09-11 22:45:30] run05 : poll - elapsed=1381s log_stale=17s
[2026-09-11 22:45:50] run05 : poll - elapsed=1401s log_stale=37s
[2026-09-11 22:46:10] run05 : poll - elapsed=1421s log_stale=57s
[2026-09-11 22:46:30] run05 : poll - elapsed=1441s log_stale=77s
[2026-09-11 22:46:50] run05 : poll - elapsed=1461s log_stale=97s
[2026-09-11 22:47:10] run05 : poll - elapsed=1481s log_stale=117s
[2026-09-11 22:47:30] run05 : poll - elapsed=1501s log_stale=137s
[2026-09-11 22:47:50] run05 : poll - elapsed=1521s log_stale=157s
[2026-09-11 22:48:10] run05 : poll - elapsed=1541s log_stale=177s
[2026-09-11 22:48:30] run05 : poll - elapsed=1561s log_stale=10s
[2026-09-11 22:48:50] run05 : poll - elapsed=1581s log_stale=30s
[2026-09-11 22:49:10] run05 : poll - elapsed=1601s log_stale=50s
[2026-09-11 22:49:30] run05 : poll - elapsed=1622s log_stale=70s
[2026-09-11 22:49:50] run05 : poll - elapsed=1642s log_stale=90s
[2026-09-11 22:50:10] run05 : poll - elapsed=1662s log_stale=110s
[2026-09-11 22:50:30] run05 : poll - elapsed=1682s log_stale=130s
[2026-09-11 22:50:50] run05 : poll - elapsed=1702s log_stale=150s
[2026-09-11 22:51:10] run05 : poll - elapsed=1722s log_stale=170s
[2026-09-11 22:51:30] run05 : poll - elapsed=1742s log_stale=7s
[2026-09-11 22:51:50] run05 : poll - elapsed=1762s log_stale=27s
[2026-09-11 22:52:10] run05 : poll - elapsed=1782s log_stale=47s
[2026-09-11 22:52:30] run05 : poll - elapsed=1802s log_stale=67s
[2026-09-11 22:52:50] run05 : poll - elapsed=1822s log_stale=87s
[2026-09-11 22:53:10] run05 : poll - elapsed=1842s log_stale=107s
[2026-09-11 22:53:30] run05 : poll - elapsed=1862s log_stale=127s
[2026-09-11 22:53:50] run05 : poll - elapsed=1882s log_stale=147s
[2026-09-11 22:54:10] run05 : poll - elapsed=1902s log_stale=167s
[2026-09-11 22:54:30] run05 : poll - elapsed=1922s log_stale=2s
[2026-09-11 22:54:50] run05 : poll - elapsed=1942s log_stale=22s
[2026-09-11 22:55:10] run05 : poll - elapsed=1962s log_stale=42s
[2026-09-11 22:55:30] run05 : poll - elapsed=1982s log_stale=62s
[2026-09-11 22:55:50] run05 : poll - elapsed=2002s log_stale=82s
[2026-09-11 22:56:10] run05 : poll - elapsed=2022s log_stale=102s
[2026-09-11 22:56:30] run05 : poll - elapsed=2042s log_stale=122s
[2026-09-11 22:56:50] run05 : poll - elapsed=2062s log_stale=142s
[2026-09-11 22:57:10] run05 : poll - elapsed=2082s log_stale=162s
[2026-09-11 22:57:30] run05 : poll - elapsed=2102s log_stale=182s
[2026-09-11 22:57:50] run05 : poll - elapsed=2122s log_stale=18s
[2026-09-11 22:58:10] run05 : poll - elapsed=2142s log_stale=38s
[2026-09-11 22:58:30] run05 : poll - elapsed=2162s log_stale=58s
[2026-09-11 22:58:50] run05 : poll - elapsed=2182s log_stale=78s
[2026-09-11 22:59:10] run05 : poll - elapsed=2202s log_stale=98s
[2026-09-11 22:59:30] run05 : poll - elapsed=2222s log_stale=118s
[2026-09-11 22:59:50] run05 : poll - elapsed=2242s log_stale=138s
[2026-09-11 23:00:10] run05 : poll - elapsed=2262s log_stale=158s
[2026-09-11 23:00:30] run05 : poll - elapsed=2282s log_stale=178s
[2026-09-11 23:00:50] run05 : poll - elapsed=2302s log_stale=13s
[2026-09-11 23:01:11] run05 : poll - elapsed=2322s log_stale=33s
[2026-09-11 23:01:31] run05 : poll - elapsed=2342s log_stale=53s
[2026-09-11 23:01:51] run05 : poll - elapsed=2362s log_stale=73s
[2026-09-11 23:02:11] run05 : poll - elapsed=2382s log_stale=93s
[2026-09-11 23:02:31] run05 : poll - elapsed=2402s log_stale=113s
[2026-09-11 23:02:51] run05 : poll - elapsed=2422s log_stale=133s
[2026-09-11 23:03:11] run05 : poll - elapsed=2442s log_stale=153s
[2026-09-11 23:03:31] run05 : poll - elapsed=2462s log_stale=173s
[2026-09-11 23:03:51] run05 : poll - elapsed=2482s log_stale=7s
[2026-09-11 23:04:11] run05 : poll - elapsed=2502s log_stale=27s
[2026-09-11 23:04:31] run05 : poll - elapsed=2522s log_stale=47s
[2026-09-11 23:04:51] run05 : poll - elapsed=2542s log_stale=67s
[2026-09-11 23:05:11] run05 : poll - elapsed=2562s log_stale=87s
[2026-09-11 23:05:31] run05 : poll - elapsed=2582s log_stale=107s
[2026-09-11 23:05:51] run05 : poll - elapsed=2602s log_stale=127s
[2026-09-11 23:06:11] run05 : poll - elapsed=2622s log_stale=147s
[2026-09-11 23:06:31] run05 : poll - elapsed=2642s log_stale=167s
[2026-09-11 23:06:51] run05 : poll - elapsed=2662s log_stale=187s
[2026-09-11 23:07:11] run05 : poll - elapsed=2682s log_stale=20s
[2026-09-11 23:07:31] run05 : poll - elapsed=2702s log_stale=40s
[2026-09-11 23:07:51] run05 : poll - elapsed=2723s log_stale=60s
[2026-09-11 23:08:11] run05 : poll - elapsed=2743s log_stale=80s
[2026-09-11 23:08:31] run05 : poll - elapsed=2763s log_stale=100s
[2026-09-11 23:08:51] run05 : poll - elapsed=2783s log_stale=120s
[2026-09-11 23:09:11] run05 : poll - elapsed=2803s log_stale=140s
[2026-09-11 23:09:31] run05 : poll - elapsed=2823s log_stale=160s
[2026-09-11 23:09:51] run05 : poll - elapsed=2843s log_stale=180s
[2026-09-11 23:10:11] run05 : poll - elapsed=2863s log_stale=15s
[2026-09-11 23:10:31] run05 : poll - elapsed=2883s log_stale=35s
[2026-09-11 23:10:51] run05 : poll - elapsed=2903s log_stale=55s
[2026-09-11 23:11:11] run05 : poll - elapsed=2923s log_stale=75s
[2026-09-11 23:11:31] run05 : poll - elapsed=2943s log_stale=95s
[2026-09-11 23:11:51] run05 : poll - elapsed=2963s log_stale=115s
[2026-09-11 23:12:11] run05 : poll - elapsed=2983s log_stale=135s
[2026-09-11 23:12:31] run05 : poll - elapsed=3003s log_stale=155s
[2026-09-11 23:12:51] run05 : poll - elapsed=3023s log_stale=175s
[2026-09-11 23:13:11] run05 : poll - elapsed=3043s log_stale=8s
[2026-09-11 23:13:31] run05 : poll - elapsed=3063s log_stale=28s
[2026-09-11 23:13:51] run05 : poll - elapsed=3083s log_stale=48s
[2026-09-11 23:14:11] run05 : poll - elapsed=3103s log_stale=68s
[2026-09-11 23:14:31] run05 : poll - elapsed=3123s log_stale=88s
[2026-09-11 23:14:51] run05 : poll - elapsed=3143s log_stale=108s
[2026-09-11 23:15:11] run05 : poll - elapsed=3163s log_stale=129s
[2026-09-11 23:15:31] run05 : poll - elapsed=3183s log_stale=149s
[2026-09-11 23:15:51] run05 : poll - elapsed=3203s log_stale=169s
[2026-09-11 23:16:11] run05 : poll - elapsed=3223s log_stale=6s
[2026-09-11 23:16:31] run05 : poll - elapsed=3243s log_stale=26s
[2026-09-11 23:16:51] run05 : poll - elapsed=3263s log_stale=46s
[2026-09-11 23:17:11] run05 : poll - elapsed=3283s log_stale=66s
[2026-09-11 23:17:31] run05 : poll - elapsed=3303s log_stale=86s
[2026-09-11 23:17:51] run05 : poll - elapsed=3323s log_stale=106s
[2026-09-11 23:18:11] run05 : poll - elapsed=3343s log_stale=126s
[2026-09-11 23:18:31] run05 : poll - elapsed=3363s log_stale=146s
[2026-09-11 23:18:51] run05 : poll - elapsed=3383s log_stale=166s
[2026-09-11 23:19:11] run05 : poll - elapsed=3403s log_stale=186s
[2026-09-11 23:19:31] run05 : poll - elapsed=3423s log_stale=19s
[2026-09-11 23:19:52] run05 : poll - elapsed=3443s log_stale=39s
[2026-09-11 23:20:12] run05 : poll - elapsed=3463s log_stale=59s
[2026-09-11 23:20:32] run05 : poll - elapsed=3483s log_stale=79s
[2026-09-11 23:20:52] run05 : poll - elapsed=3503s log_stale=99s
[2026-09-11 23:21:12] run05 : poll - elapsed=3523s log_stale=119s
[2026-09-11 23:21:32] run05 : poll - elapsed=3543s log_stale=139s
[2026-09-11 23:21:52] run05 : poll - elapsed=3563s log_stale=159s
[2026-09-11 23:22:12] run05 : poll - elapsed=3583s log_stale=179s
[2026-09-11 23:22:32] run05 : poll - elapsed=3603s log_stale=12s
[2026-09-11 23:22:52] run05 : poll - elapsed=3623s log_stale=32s
[2026-09-11 23:23:12] run05 : poll - elapsed=3643s log_stale=52s
[2026-09-11 23:23:32] run05 : poll - elapsed=3663s log_stale=72s
[2026-09-11 23:23:52] run05 : poll - elapsed=3683s log_stale=92s
[2026-09-11 23:24:12] run05 : poll - elapsed=3703s log_stale=112s
[2026-09-11 23:24:32] run05 : poll - elapsed=3723s log_stale=132s
[2026-09-11 23:24:52] run05 : poll - elapsed=3743s log_stale=152s
[2026-09-11 23:25:12] run05 : poll - elapsed=3763s log_stale=173s
[2026-09-11 23:25:32] run05 : poll - elapsed=3783s log_stale=7s
[2026-09-11 23:25:52] run05 : poll - elapsed=3803s log_stale=27s
[2026-09-11 23:26:12] run05 : poll - elapsed=3823s log_stale=47s
[2026-09-11 23:26:32] run05 : poll - elapsed=3843s log_stale=67s
[2026-09-11 23:26:52] run05 : poll - elapsed=3864s log_stale=87s
[2026-09-11 23:27:12] run05 : poll - elapsed=3884s log_stale=107s
[2026-09-11 23:27:32] run05 : poll - elapsed=3904s log_stale=127s
[2026-09-11 23:27:52] run05 : poll - elapsed=3924s log_stale=147s
[2026-09-11 23:28:12] run05 : poll - elapsed=3944s log_stale=167s
[2026-09-11 23:28:32] run05 : THANH CONG - D:\ResearchLab\02_Projects\02_Projects\MOSFOA paper 2\code\results\MOSFOA2_B_Np8_Maxit20_run05_FINAL.mat da xuat hien.
[2026-09-11 23:28:32] ----- Bat dau run06 (6/20) -----
[2026-09-11 23:28:36] run06 : launching MATLAB (attempt 1)
[2026-09-11 23:28:56] run06 : poll - elapsed=20s log_stale=9s
[2026-09-11 23:29:16] run06 : poll - elapsed=40s log_stale=16s
[2026-09-11 23:29:36] run06 : poll - elapsed=60s log_stale=36s
[2026-09-11 23:29:56] run06 : poll - elapsed=80s log_stale=56s
[2026-09-11 23:30:16] run06 : poll - elapsed=100s log_stale=76s
[2026-09-11 23:30:36] run06 : poll - elapsed=120s log_stale=96s
[2026-09-11 23:30:56] run06 : poll - elapsed=140s log_stale=116s
[2026-09-11 23:31:16] run06 : poll - elapsed=160s log_stale=136s
[2026-09-11 23:31:36] run06 : poll - elapsed=180s log_stale=156s
[2026-09-11 23:31:56] run06 : poll - elapsed=200s log_stale=176s
[2026-09-11 23:32:16] run06 : poll - elapsed=220s log_stale=196s
[2026-09-11 23:32:36] run06 : poll - elapsed=240s log_stale=216s
[2026-09-11 23:32:56] run06 : poll - elapsed=260s log_stale=9s
[2026-09-11 23:33:16] run06 : poll - elapsed=280s log_stale=29s
[2026-09-11 23:33:36] run06 : poll - elapsed=300s log_stale=49s
[2026-09-11 23:33:56] run06 : poll - elapsed=320s log_stale=69s
[2026-09-11 23:34:16] run06 : poll - elapsed=340s log_stale=89s
[2026-09-11 23:34:36] run06 : poll - elapsed=360s log_stale=109s
[2026-09-11 23:34:56] run06 : poll - elapsed=380s log_stale=129s
[2026-09-11 23:35:16] run06 : poll - elapsed=400s log_stale=149s
[2026-09-11 23:35:36] run06 : poll - elapsed=420s log_stale=170s
[2026-09-11 23:35:56] run06 : poll - elapsed=440s log_stale=2s
[2026-09-11 23:36:16] run06 : poll - elapsed=460s log_stale=22s
[2026-09-11 23:36:36] run06 : poll - elapsed=480s log_stale=42s
[2026-09-11 23:36:56] run06 : poll - elapsed=500s log_stale=62s
[2026-09-11 23:37:16] run06 : poll - elapsed=520s log_stale=82s
[2026-09-11 23:37:36] run06 : poll - elapsed=540s log_stale=102s
[2026-09-11 23:37:56] run06 : poll - elapsed=560s log_stale=122s
[2026-09-11 23:38:16] run06 : poll - elapsed=581s log_stale=142s
[2026-09-11 23:38:36] run06 : poll - elapsed=601s log_stale=162s
[2026-09-11 23:38:56] run06 : poll - elapsed=621s log_stale=182s
[2026-09-11 23:39:16] run06 : poll - elapsed=641s log_stale=16s
[2026-09-11 23:39:36] run06 : poll - elapsed=661s log_stale=36s
[2026-09-11 23:39:56] run06 : poll - elapsed=681s log_stale=56s
[2026-09-11 23:40:16] run06 : poll - elapsed=701s log_stale=76s
[2026-09-11 23:40:36] run06 : poll - elapsed=721s log_stale=96s
[2026-09-11 23:40:56] run06 : poll - elapsed=741s log_stale=116s
[2026-09-11 23:41:16] run06 : poll - elapsed=761s log_stale=136s
[2026-09-11 23:41:36] run06 : poll - elapsed=781s log_stale=156s
[2026-09-11 23:41:56] run06 : poll - elapsed=801s log_stale=176s
[2026-09-11 23:42:16] run06 : poll - elapsed=821s log_stale=11s
[2026-09-11 23:42:36] run06 : poll - elapsed=841s log_stale=31s
[2026-09-11 23:42:56] run06 : poll - elapsed=861s log_stale=51s
[2026-09-11 23:43:16] run06 : poll - elapsed=881s log_stale=71s
[2026-09-11 23:43:36] run06 : poll - elapsed=901s log_stale=91s
[2026-09-11 23:43:56] run06 : poll - elapsed=921s log_stale=111s
[2026-09-11 23:44:16] run06 : poll - elapsed=941s log_stale=131s
[2026-09-11 23:44:36] run06 : poll - elapsed=961s log_stale=151s
[2026-09-11 23:44:56] run06 : poll - elapsed=981s log_stale=171s
[2026-09-11 23:45:16] run06 : poll - elapsed=1001s log_stale=7s
[2026-09-11 23:45:37] run06 : poll - elapsed=1021s log_stale=27s
[2026-09-11 23:45:57] run06 : poll - elapsed=1041s log_stale=47s
[2026-09-11 23:46:17] run06 : poll - elapsed=1061s log_stale=67s
[2026-09-11 23:46:37] run06 : poll - elapsed=1081s log_stale=87s
[2026-09-11 23:46:57] run06 : poll - elapsed=1101s log_stale=107s
[2026-09-11 23:47:17] run06 : poll - elapsed=1121s log_stale=127s
[2026-09-11 23:47:37] run06 : poll - elapsed=1141s log_stale=147s
[2026-09-11 23:47:57] run06 : poll - elapsed=1161s log_stale=167s
[2026-09-11 23:48:17] run06 : poll - elapsed=1181s log_stale=187s
[2026-09-11 23:48:37] run06 : poll - elapsed=1201s log_stale=20s
[2026-09-11 23:48:57] run06 : poll - elapsed=1221s log_stale=40s
[2026-09-11 23:49:17] run06 : poll - elapsed=1241s log_stale=60s
[2026-09-11 23:49:37] run06 : poll - elapsed=1261s log_stale=80s
[2026-09-11 23:49:57] run06 : poll - elapsed=1281s log_stale=100s
[2026-09-11 23:50:17] run06 : poll - elapsed=1301s log_stale=120s
[2026-09-11 23:50:37] run06 : poll - elapsed=1321s log_stale=140s
[2026-09-11 23:50:57] run06 : poll - elapsed=1341s log_stale=160s
[2026-09-11 23:51:17] run06 : poll - elapsed=1361s log_stale=180s
[2026-09-11 23:51:37] run06 : poll - elapsed=1381s log_stale=15s
[2026-09-11 23:51:57] run06 : poll - elapsed=1401s log_stale=35s
[2026-09-11 23:52:17] run06 : poll - elapsed=1421s log_stale=55s
[2026-09-11 23:52:37] run06 : poll - elapsed=1441s log_stale=75s
[2026-09-11 23:52:57] run06 : poll - elapsed=1461s log_stale=95s
[2026-09-11 23:53:17] run06 : poll - elapsed=1481s log_stale=115s
[2026-09-11 23:53:37] run06 : poll - elapsed=1501s log_stale=135s
[2026-09-11 23:53:57] run06 : poll - elapsed=1521s log_stale=155s
[2026-09-11 23:54:17] run06 : poll - elapsed=1541s log_stale=175s
[2026-09-11 23:54:37] run06 : poll - elapsed=1561s log_stale=11s
[2026-09-11 23:54:57] run06 : poll - elapsed=1581s log_stale=31s
[2026-09-11 23:55:17] run06 : poll - elapsed=1601s log_stale=51s
[2026-09-11 23:55:37] run06 : poll - elapsed=1622s log_stale=71s
[2026-09-11 23:55:57] run06 : poll - elapsed=1642s log_stale=91s
[2026-09-11 23:56:17] run06 : poll - elapsed=1662s log_stale=111s
[2026-09-11 23:56:37] run06 : poll - elapsed=1682s log_stale=131s
[2026-09-11 23:56:57] run06 : poll - elapsed=1702s log_stale=151s
[2026-09-11 23:57:17] run06 : poll - elapsed=1722s log_stale=171s
[2026-09-11 23:57:37] run06 : poll - elapsed=1742s log_stale=9s
[2026-09-11 23:57:57] run06 : poll - elapsed=1762s log_stale=29s
[2026-09-11 23:58:17] run06 : poll - elapsed=1782s log_stale=49s
[2026-09-11 23:58:37] run06 : poll - elapsed=1802s log_stale=69s
[2026-09-11 23:58:57] run06 : poll - elapsed=1822s log_stale=89s
[2026-09-11 23:59:17] run06 : poll - elapsed=1842s log_stale=109s
[2026-09-11 23:59:37] run06 : poll - elapsed=1862s log_stale=129s
[2026-09-11 23:59:57] run06 : poll - elapsed=1882s log_stale=149s
[2026-09-12 00:00:17] run06 : poll - elapsed=1902s log_stale=169s
[2026-09-12 00:00:37] run06 : poll - elapsed=1922s log_stale=6s
[2026-09-12 00:00:57] run06 : poll - elapsed=1942s log_stale=26s
[2026-09-12 00:01:17] run06 : poll - elapsed=1962s log_stale=46s
[2026-09-12 00:01:37] run06 : poll - elapsed=1982s log_stale=66s
[2026-09-12 00:01:57] run06 : poll - elapsed=2002s log_stale=86s
[2026-09-12 00:02:17] run06 : poll - elapsed=2022s log_stale=106s
[2026-09-12 00:02:38] run06 : poll - elapsed=2042s log_stale=126s
[2026-09-12 00:02:58] run06 : poll - elapsed=2062s log_stale=146s
[2026-09-12 00:03:18] run06 : poll - elapsed=2082s log_stale=166s
[2026-09-12 00:03:38] run06 : poll - elapsed=2102s log_stale=0s
[2026-09-12 00:03:58] run06 : poll - elapsed=2122s log_stale=20s
[2026-09-12 00:04:18] run06 : poll - elapsed=2142s log_stale=40s
[2026-09-12 00:04:38] run06 : poll - elapsed=2162s log_stale=60s
[2026-09-12 00:04:58] run06 : poll - elapsed=2182s log_stale=80s
[2026-09-12 00:05:18] run06 : poll - elapsed=2202s log_stale=100s
[2026-09-12 00:05:38] run06 : poll - elapsed=2222s log_stale=120s
[2026-09-12 00:05:58] run06 : poll - elapsed=2242s log_stale=140s
[2026-09-12 00:06:18] run06 : poll - elapsed=2262s log_stale=160s
[2026-09-12 00:06:38] run06 : poll - elapsed=2282s log_stale=180s
[2026-09-12 00:06:58] run06 : poll - elapsed=2302s log_stale=14s
[2026-09-12 00:07:18] run06 : poll - elapsed=2322s log_stale=34s
[2026-09-12 00:07:38] run06 : poll - elapsed=2342s log_stale=54s
[2026-09-12 00:07:58] run06 : poll - elapsed=2362s log_stale=74s
[2026-09-12 00:08:18] run06 : poll - elapsed=2382s log_stale=94s
[2026-09-12 00:08:38] run06 : poll - elapsed=2402s log_stale=114s
[2026-09-12 00:08:58] run06 : poll - elapsed=2422s log_stale=134s
[2026-09-12 00:09:18] run06 : poll - elapsed=2442s log_stale=154s
[2026-09-12 00:09:38] run06 : poll - elapsed=2462s log_stale=174s
[2026-09-12 00:09:58] run06 : poll - elapsed=2482s log_stale=8s
[2026-09-12 00:10:18] run06 : poll - elapsed=2502s log_stale=28s
[2026-09-12 00:10:38] run06 : poll - elapsed=2522s log_stale=48s
[2026-09-12 00:10:58] run06 : poll - elapsed=2542s log_stale=68s
[2026-09-12 00:11:18] run06 : poll - elapsed=2562s log_stale=88s
[2026-09-12 00:11:38] run06 : poll - elapsed=2582s log_stale=108s
[2026-09-12 00:11:58] run06 : poll - elapsed=2602s log_stale=128s
[2026-09-12 00:12:18] run06 : poll - elapsed=2622s log_stale=148s
[2026-09-12 00:12:38] run06 : poll - elapsed=2642s log_stale=168s
[2026-09-12 00:12:58] run06 : poll - elapsed=2662s log_stale=1s
[2026-09-12 00:13:18] run06 : poll - elapsed=2682s log_stale=21s
[2026-09-12 00:13:38] run06 : poll - elapsed=2702s log_stale=41s
[2026-09-12 00:13:58] run06 : poll - elapsed=2723s log_stale=61s
[2026-09-12 00:14:18] run06 : poll - elapsed=2743s log_stale=81s
[2026-09-12 00:14:38] run06 : poll - elapsed=2763s log_stale=101s
[2026-09-12 00:14:58] run06 : poll - elapsed=2783s log_stale=121s
[2026-09-12 00:15:18] run06 : poll - elapsed=2803s log_stale=141s
[2026-09-12 00:15:38] run06 : poll - elapsed=2823s log_stale=161s
[2026-09-12 00:15:58] run06 : poll - elapsed=2843s log_stale=181s
[2026-09-12 00:16:18] run06 : poll - elapsed=2863s log_stale=18s
[2026-09-12 00:16:38] run06 : poll - elapsed=2883s log_stale=38s
[2026-09-12 00:16:58] run06 : poll - elapsed=2903s log_stale=58s
[2026-09-12 00:17:18] run06 : poll - elapsed=2923s log_stale=78s
[2026-09-12 00:17:38] run06 : poll - elapsed=2943s log_stale=98s
[2026-09-12 00:17:58] run06 : poll - elapsed=2963s log_stale=118s
[2026-09-12 00:18:18] run06 : poll - elapsed=2983s log_stale=138s
[2026-09-12 00:18:38] run06 : poll - elapsed=3003s log_stale=158s
[2026-09-12 00:18:58] run06 : poll - elapsed=3023s log_stale=178s
[2026-09-12 00:19:18] run06 : poll - elapsed=3043s log_stale=11s
[2026-09-12 00:19:38] run06 : poll - elapsed=3063s log_stale=31s
[2026-09-12 00:19:58] run06 : poll - elapsed=3083s log_stale=51s
[2026-09-12 00:20:18] run06 : poll - elapsed=3103s log_stale=71s
[2026-09-12 00:20:38] run06 : poll - elapsed=3123s log_stale=91s
[2026-09-12 00:20:58] run06 : poll - elapsed=3143s log_stale=111s
[2026-09-12 00:21:18] run06 : poll - elapsed=3163s log_stale=131s
[2026-09-12 00:21:38] run06 : poll - elapsed=3183s log_stale=151s
[2026-09-12 00:21:59] run06 : poll - elapsed=3203s log_stale=171s
[2026-09-12 00:22:19] run06 : poll - elapsed=3223s log_stale=7s
[2026-09-12 00:22:39] run06 : poll - elapsed=3243s log_stale=27s
[2026-09-12 00:22:59] run06 : poll - elapsed=3263s log_stale=47s
[2026-09-12 00:23:19] run06 : poll - elapsed=3283s log_stale=67s
[2026-09-12 00:23:39] run06 : poll - elapsed=3303s log_stale=87s
[2026-09-12 00:23:59] run06 : poll - elapsed=3323s log_stale=107s
[2026-09-12 00:24:19] run06 : poll - elapsed=3343s log_stale=127s
[2026-09-12 00:24:39] run06 : poll - elapsed=3363s log_stale=147s
[2026-09-12 00:24:59] run06 : poll - elapsed=3383s log_stale=167s
[2026-09-12 00:25:19] run06 : poll - elapsed=3403s log_stale=0s
[2026-09-12 00:25:39] run06 : poll - elapsed=3423s log_stale=20s
[2026-09-12 00:25:59] run06 : poll - elapsed=3443s log_stale=40s
[2026-09-12 00:26:19] run06 : poll - elapsed=3463s log_stale=60s
[2026-09-12 00:26:39] run06 : poll - elapsed=3483s log_stale=80s
[2026-09-12 00:26:59] run06 : poll - elapsed=3503s log_stale=100s
[2026-09-12 00:27:19] run06 : poll - elapsed=3523s log_stale=120s
[2026-09-12 00:27:39] run06 : poll - elapsed=3543s log_stale=140s
[2026-09-12 00:27:59] run06 : poll - elapsed=3563s log_stale=160s
[2026-09-12 00:28:19] run06 : poll - elapsed=3583s log_stale=180s
[2026-09-12 00:28:39] run06 : poll - elapsed=3603s log_stale=14s
[2026-09-12 00:28:59] run06 : poll - elapsed=3623s log_stale=34s
[2026-09-12 00:29:19] run06 : poll - elapsed=3643s log_stale=54s
[2026-09-12 00:29:39] run06 : poll - elapsed=3663s log_stale=74s
[2026-09-12 00:29:59] run06 : poll - elapsed=3683s log_stale=95s
[2026-09-12 00:30:19] run06 : poll - elapsed=3703s log_stale=115s
[2026-09-12 00:30:39] run06 : poll - elapsed=3723s log_stale=135s
[2026-09-12 00:30:59] run06 : poll - elapsed=3743s log_stale=155s
[2026-09-12 00:31:19] run06 : poll - elapsed=3763s log_stale=175s
[2026-09-12 00:31:39] run06 : poll - elapsed=3783s log_stale=8s
[2026-09-12 00:31:59] run06 : poll - elapsed=3803s log_stale=28s
[2026-09-12 00:32:19] run06 : poll - elapsed=3823s log_stale=48s
[2026-09-12 00:32:39] run06 : poll - elapsed=3844s log_stale=68s
[2026-09-12 00:32:59] run06 : poll - elapsed=3864s log_stale=88s
[2026-09-12 00:33:19] run06 : poll - elapsed=3884s log_stale=108s
[2026-09-12 00:33:39] run06 : poll - elapsed=3904s log_stale=128s
[2026-09-12 00:33:59] run06 : poll - elapsed=3924s log_stale=148s
[2026-09-12 00:34:19] run06 : poll - elapsed=3944s log_stale=168s
[2026-09-12 00:34:39] run06 : THANH CONG - D:\ResearchLab\02_Projects\02_Projects\MOSFOA paper 2\code\results\MOSFOA2_B_Np8_Maxit20_run06_FINAL.mat da xuat hien.
[2026-09-12 00:34:39] ----- Bat dau run07 (7/20) -----
[2026-09-12 00:34:43] run07 : launching MATLAB (attempt 1)
[2026-09-12 00:35:03] run07 : poll - elapsed=20s log_stale=9s
[2026-09-12 00:35:23] run07 : poll - elapsed=40s log_stale=16s
[2026-09-12 00:35:43] run07 : poll - elapsed=60s log_stale=36s
[2026-09-12 00:36:03] run07 : poll - elapsed=80s log_stale=56s
[2026-09-12 00:36:23] run07 : poll - elapsed=100s log_stale=76s
[2026-09-12 00:36:43] run07 : poll - elapsed=120s log_stale=96s
[2026-09-12 00:37:03] run07 : poll - elapsed=140s log_stale=116s
[2026-09-12 00:37:23] run07 : poll - elapsed=160s log_stale=136s
[2026-09-12 00:37:43] run07 : poll - elapsed=180s log_stale=156s
[2026-09-12 00:38:03] run07 : poll - elapsed=200s log_stale=176s
[2026-09-12 00:38:23] run07 : poll - elapsed=220s log_stale=196s
[2026-09-12 00:38:43] run07 : poll - elapsed=240s log_stale=216s
[2026-09-12 00:39:03] run07 : poll - elapsed=260s log_stale=11s
[2026-09-12 00:39:23] run07 : poll - elapsed=280s log_stale=31s
[2026-09-12 00:39:43] run07 : poll - elapsed=300s log_stale=51s
[2026-09-12 00:40:03] run07 : poll - elapsed=320s log_stale=71s
[2026-09-12 00:40:23] run07 : poll - elapsed=340s log_stale=91s
[2026-09-12 00:40:43] run07 : poll - elapsed=360s log_stale=111s
[2026-09-12 00:41:03] run07 : poll - elapsed=380s log_stale=131s
[2026-09-12 00:41:23] run07 : poll - elapsed=400s log_stale=151s
[2026-09-12 00:41:43] run07 : poll - elapsed=420s log_stale=171s
[2026-09-12 00:42:03] run07 : poll - elapsed=440s log_stale=4s
[2026-09-12 00:42:23] run07 : poll - elapsed=460s log_stale=24s
[2026-09-12 00:42:43] run07 : poll - elapsed=480s log_stale=44s
[2026-09-12 00:43:03] run07 : poll - elapsed=500s log_stale=64s
[2026-09-12 00:43:23] run07 : poll - elapsed=520s log_stale=84s
[2026-09-12 00:43:43] run07 : poll - elapsed=540s log_stale=104s
[2026-09-12 00:44:03] run07 : poll - elapsed=561s log_stale=124s
[2026-09-12 00:44:23] run07 : poll - elapsed=581s log_stale=144s
[2026-09-12 00:44:43] run07 : poll - elapsed=601s log_stale=164s
[2026-09-12 00:45:03] run07 : poll - elapsed=621s log_stale=184s
[2026-09-12 00:45:23] run07 : poll - elapsed=641s log_stale=20s
[2026-09-12 00:45:44] run07 : poll - elapsed=661s log_stale=40s
[2026-09-12 00:46:04] run07 : poll - elapsed=681s log_stale=60s
[2026-09-12 00:46:24] run07 : poll - elapsed=701s log_stale=80s
[2026-09-12 00:46:44] run07 : poll - elapsed=721s log_stale=100s
[2026-09-12 00:47:04] run07 : poll - elapsed=741s log_stale=120s
[2026-09-12 00:47:24] run07 : poll - elapsed=761s log_stale=140s
[2026-09-12 00:47:44] run07 : poll - elapsed=781s log_stale=160s
[2026-09-12 00:48:04] run07 : poll - elapsed=801s log_stale=180s
[2026-09-12 00:48:24] run07 : poll - elapsed=821s log_stale=14s
[2026-09-12 00:48:44] run07 : poll - elapsed=841s log_stale=34s
[2026-09-12 00:49:04] run07 : poll - elapsed=861s log_stale=54s
[2026-09-12 00:49:24] run07 : poll - elapsed=881s log_stale=74s
[2026-09-12 00:49:44] run07 : poll - elapsed=901s log_stale=94s
[2026-09-12 00:50:04] run07 : poll - elapsed=921s log_stale=114s
[2026-09-12 00:50:24] run07 : poll - elapsed=941s log_stale=134s
[2026-09-12 00:50:44] run07 : poll - elapsed=961s log_stale=154s
[2026-09-12 00:51:04] run07 : poll - elapsed=981s log_stale=174s
[2026-09-12 00:51:24] run07 : poll - elapsed=1001s log_stale=10s
[2026-09-12 00:51:44] run07 : poll - elapsed=1021s log_stale=30s
[2026-09-12 00:52:04] run07 : poll - elapsed=1041s log_stale=50s
[2026-09-12 00:52:24] run07 : poll - elapsed=1061s log_stale=70s
[2026-09-12 00:52:44] run07 : poll - elapsed=1081s log_stale=90s
[2026-09-12 00:53:04] run07 : poll - elapsed=1101s log_stale=110s
[2026-09-12 00:53:24] run07 : poll - elapsed=1121s log_stale=130s
[2026-09-12 00:53:44] run07 : poll - elapsed=1141s log_stale=150s
[2026-09-12 00:54:04] run07 : poll - elapsed=1161s log_stale=170s
[2026-09-12 00:54:24] run07 : poll - elapsed=1181s log_stale=3s
[2026-09-12 00:54:44] run07 : poll - elapsed=1201s log_stale=23s
[2026-09-12 00:55:04] run07 : poll - elapsed=1221s log_stale=43s
[2026-09-12 00:55:24] run07 : poll - elapsed=1241s log_stale=63s
[2026-09-12 00:55:44] run07 : poll - elapsed=1261s log_stale=83s
[2026-09-12 00:56:04] run07 : poll - elapsed=1281s log_stale=103s
[2026-09-12 00:56:24] run07 : poll - elapsed=1301s log_stale=123s
[2026-09-12 00:56:44] run07 : poll - elapsed=1321s log_stale=143s
[2026-09-12 00:57:04] run07 : poll - elapsed=1341s log_stale=163s
[2026-09-12 00:57:24] run07 : poll - elapsed=1361s log_stale=183s
[2026-09-12 00:57:44] run07 : poll - elapsed=1381s log_stale=17s
[2026-09-12 00:58:04] run07 : poll - elapsed=1401s log_stale=37s
[2026-09-12 00:58:24] run07 : poll - elapsed=1421s log_stale=57s
[2026-09-12 00:58:44] run07 : poll - elapsed=1441s log_stale=77s
[2026-09-12 00:59:04] run07 : poll - elapsed=1461s log_stale=97s
[2026-09-12 00:59:24] run07 : poll - elapsed=1481s log_stale=117s
[2026-09-12 00:59:44] run07 : poll - elapsed=1501s log_stale=137s
[2026-09-12 01:00:04] run07 : poll - elapsed=1521s log_stale=157s
[2026-09-12 01:00:24] run07 : poll - elapsed=1541s log_stale=177s
[2026-09-12 01:00:44] run07 : poll - elapsed=1561s log_stale=12s
[2026-09-12 01:01:04] run07 : poll - elapsed=1581s log_stale=33s
[2026-09-12 01:01:24] run07 : poll - elapsed=1601s log_stale=53s
[2026-09-12 01:01:44] run07 : poll - elapsed=1621s log_stale=73s
[2026-09-12 01:02:04] run07 : poll - elapsed=1641s log_stale=93s
[2026-09-12 01:02:24] run07 : poll - elapsed=1662s log_stale=113s
[2026-09-12 01:02:44] run07 : poll - elapsed=1682s log_stale=133s
[2026-09-12 01:03:04] run07 : poll - elapsed=1702s log_stale=153s
[2026-09-12 01:03:24] run07 : poll - elapsed=1722s log_stale=173s
[2026-09-12 01:03:44] run07 : poll - elapsed=1742s log_stale=11s
[2026-09-12 01:04:05] run07 : poll - elapsed=1762s log_stale=31s
[2026-09-12 01:04:25] run07 : poll - elapsed=1782s log_stale=51s
[2026-09-12 01:04:45] run07 : poll - elapsed=1802s log_stale=71s
[2026-09-12 01:05:05] run07 : poll - elapsed=1822s log_stale=91s
[2026-09-12 01:05:25] run07 : poll - elapsed=1842s log_stale=111s
[2026-09-12 01:05:45] run07 : poll - elapsed=1862s log_stale=131s
[2026-09-12 01:06:05] run07 : poll - elapsed=1882s log_stale=151s
[2026-09-12 01:06:25] run07 : poll - elapsed=1902s log_stale=171s
[2026-09-12 01:06:45] run07 : poll - elapsed=1922s log_stale=8s
[2026-09-12 01:07:05] run07 : poll - elapsed=1942s log_stale=28s
[2026-09-12 01:07:25] run07 : poll - elapsed=1962s log_stale=48s
[2026-09-12 01:07:45] run07 : poll - elapsed=1982s log_stale=68s
[2026-09-12 01:08:05] run07 : poll - elapsed=2002s log_stale=88s
[2026-09-12 01:08:25] run07 : poll - elapsed=2022s log_stale=108s
[2026-09-12 01:08:45] run07 : poll - elapsed=2042s log_stale=128s
[2026-09-12 01:09:05] run07 : poll - elapsed=2062s log_stale=148s
[2026-09-12 01:09:25] run07 : poll - elapsed=2082s log_stale=168s
[2026-09-12 01:09:45] run07 : poll - elapsed=2102s log_stale=4s
[2026-09-12 01:10:05] run07 : poll - elapsed=2122s log_stale=24s
[2026-09-12 01:10:25] run07 : poll - elapsed=2142s log_stale=44s
[2026-09-12 01:10:45] run07 : poll - elapsed=2162s log_stale=64s
[2026-09-12 01:11:05] run07 : poll - elapsed=2182s log_stale=84s
[2026-09-12 01:11:25] run07 : poll - elapsed=2202s log_stale=104s
[2026-09-12 01:11:45] run07 : poll - elapsed=2222s log_stale=124s
[2026-09-12 01:12:05] run07 : poll - elapsed=2242s log_stale=144s
[2026-09-12 01:12:25] run07 : poll - elapsed=2262s log_stale=164s
[2026-09-12 01:12:45] run07 : poll - elapsed=2282s log_stale=184s
[2026-09-12 01:13:05] run07 : poll - elapsed=2302s log_stale=20s
[2026-09-12 01:13:25] run07 : poll - elapsed=2322s log_stale=40s
[2026-09-12 01:13:45] run07 : poll - elapsed=2342s log_stale=60s
[2026-09-12 01:14:05] run07 : poll - elapsed=2362s log_stale=80s
[2026-09-12 01:14:25] run07 : poll - elapsed=2382s log_stale=100s
[2026-09-12 01:14:45] run07 : poll - elapsed=2402s log_stale=120s
[2026-09-12 01:15:05] run07 : poll - elapsed=2422s log_stale=140s
[2026-09-12 01:15:25] run07 : poll - elapsed=2442s log_stale=160s
[2026-09-12 01:15:45] run07 : poll - elapsed=2462s log_stale=180s
[2026-09-12 01:16:05] run07 : poll - elapsed=2482s log_stale=14s
[2026-09-12 01:16:25] run07 : poll - elapsed=2502s log_stale=34s
[2026-09-12 01:16:45] run07 : poll - elapsed=2522s log_stale=54s
[2026-09-12 01:17:05] run07 : poll - elapsed=2542s log_stale=74s
[2026-09-12 01:17:25] run07 : poll - elapsed=2562s log_stale=94s
[2026-09-12 01:17:45] run07 : poll - elapsed=2582s log_stale=114s
[2026-09-12 01:18:05] run07 : poll - elapsed=2602s log_stale=134s
[2026-09-12 01:18:25] run07 : poll - elapsed=2622s log_stale=154s
[2026-09-12 01:18:45] run07 : poll - elapsed=2642s log_stale=174s
[2026-09-12 01:19:05] run07 : poll - elapsed=2662s log_stale=9s
[2026-09-12 01:19:25] run07 : poll - elapsed=2682s log_stale=29s
[2026-09-12 01:19:45] run07 : poll - elapsed=2702s log_stale=49s
[2026-09-12 01:20:05] run07 : poll - elapsed=2722s log_stale=69s
[2026-09-12 01:20:25] run07 : poll - elapsed=2742s log_stale=89s
[2026-09-12 01:20:45] run07 : poll - elapsed=2763s log_stale=109s
[2026-09-12 01:21:05] run07 : poll - elapsed=2783s log_stale=129s
[2026-09-12 01:21:25] run07 : poll - elapsed=2803s log_stale=149s
[2026-09-12 01:21:45] run07 : poll - elapsed=2823s log_stale=169s
[2026-09-12 01:22:05] run07 : poll - elapsed=2843s log_stale=6s
[2026-09-12 01:22:26] run07 : poll - elapsed=2863s log_stale=26s
[2026-09-12 01:22:46] run07 : poll - elapsed=2883s log_stale=46s
[2026-09-12 01:23:06] run07 : poll - elapsed=2903s log_stale=66s
[2026-09-12 01:23:26] run07 : poll - elapsed=2923s log_stale=86s
[2026-09-12 01:23:46] run07 : poll - elapsed=2943s log_stale=106s
[2026-09-12 01:24:06] run07 : poll - elapsed=2963s log_stale=126s
[2026-09-12 01:24:26] run07 : poll - elapsed=2983s log_stale=146s
[2026-09-12 01:24:46] run07 : poll - elapsed=3003s log_stale=166s
[2026-09-12 01:25:06] run07 : poll - elapsed=3023s log_stale=3s
[2026-09-12 01:25:26] run07 : poll - elapsed=3043s log_stale=23s
[2026-09-12 01:25:46] run07 : poll - elapsed=3063s log_stale=43s
[2026-09-12 01:26:06] run07 : poll - elapsed=3083s log_stale=63s
[2026-09-12 01:26:26] run07 : poll - elapsed=3103s log_stale=83s
[2026-09-12 01:26:46] run07 : poll - elapsed=3123s log_stale=103s
[2026-09-12 01:27:06] run07 : poll - elapsed=3143s log_stale=123s
[2026-09-12 01:27:26] run07 : poll - elapsed=3163s log_stale=144s
[2026-09-12 01:27:46] run07 : poll - elapsed=3183s log_stale=164s
[2026-09-12 01:28:06] run07 : poll - elapsed=3203s log_stale=1s
[2026-09-12 01:28:26] run07 : poll - elapsed=3223s log_stale=21s
[2026-09-12 01:28:46] run07 : poll - elapsed=3243s log_stale=41s
[2026-09-12 01:29:06] run07 : poll - elapsed=3263s log_stale=61s
[2026-09-12 01:29:26] run07 : poll - elapsed=3283s log_stale=81s
[2026-09-12 01:29:46] run07 : poll - elapsed=3303s log_stale=101s
[2026-09-12 01:30:06] run07 : poll - elapsed=3323s log_stale=121s
[2026-09-12 01:30:26] run07 : poll - elapsed=3343s log_stale=141s
[2026-09-12 01:30:46] run07 : poll - elapsed=3363s log_stale=161s
[2026-09-12 01:31:06] run07 : poll - elapsed=3383s log_stale=181s
[2026-09-12 01:31:26] run07 : poll - elapsed=3403s log_stale=13s
[2026-09-12 01:31:46] run07 : poll - elapsed=3423s log_stale=33s
[2026-09-12 01:32:06] run07 : poll - elapsed=3443s log_stale=53s
[2026-09-12 01:32:26] run07 : poll - elapsed=3463s log_stale=73s
[2026-09-12 01:32:46] run07 : poll - elapsed=3483s log_stale=94s
[2026-09-12 01:33:06] run07 : poll - elapsed=3503s log_stale=114s
[2026-09-12 01:33:26] run07 : poll - elapsed=3523s log_stale=134s
[2026-09-12 01:33:46] run07 : poll - elapsed=3543s log_stale=154s
[2026-09-12 01:34:06] run07 : poll - elapsed=3563s log_stale=174s
[2026-09-12 01:34:26] run07 : poll - elapsed=3583s log_stale=8s
[2026-09-12 01:34:46] run07 : poll - elapsed=3603s log_stale=28s
[2026-09-12 01:35:06] run07 : poll - elapsed=3623s log_stale=48s
[2026-09-12 01:35:26] run07 : poll - elapsed=3643s log_stale=68s
[2026-09-12 01:35:46] run07 : poll - elapsed=3663s log_stale=88s
[2026-09-12 01:36:06] run07 : poll - elapsed=3683s log_stale=108s
[2026-09-12 01:36:26] run07 : poll - elapsed=3703s log_stale=128s
[2026-09-12 01:36:46] run07 : poll - elapsed=3723s log_stale=148s
[2026-09-12 01:37:06] run07 : poll - elapsed=3743s log_stale=168s
[2026-09-12 01:37:26] run07 : poll - elapsed=3763s log_stale=4s
[2026-09-12 01:37:46] run07 : poll - elapsed=3783s log_stale=24s
[2026-09-12 01:38:06] run07 : poll - elapsed=3803s log_stale=44s
[2026-09-12 01:38:26] run07 : poll - elapsed=3824s log_stale=64s
[2026-09-12 01:38:46] run07 : poll - elapsed=3844s log_stale=84s
[2026-09-12 01:39:06] run07 : poll - elapsed=3864s log_stale=104s
[2026-09-12 01:39:26] run07 : poll - elapsed=3884s log_stale=124s
[2026-09-12 01:39:46] run07 : poll - elapsed=3904s log_stale=144s
[2026-09-12 01:40:06] run07 : poll - elapsed=3924s log_stale=164s
[2026-09-12 01:40:27] run07 : THANH CONG - D:\ResearchLab\02_Projects\02_Projects\MOSFOA paper 2\code\results\MOSFOA2_B_Np8_Maxit20_run07_FINAL.mat da xuat hien.
[2026-09-12 01:40:27] ----- Bat dau run08 (8/20) -----
[2026-09-12 01:40:30] run08 : launching MATLAB (attempt 1)
[2026-09-12 01:40:50] run08 : poll - elapsed=20s log_stale=9s
[2026-09-12 01:41:10] run08 : poll - elapsed=40s log_stale=16s
[2026-09-12 01:41:30] run08 : poll - elapsed=60s log_stale=36s
[2026-09-12 01:41:50] run08 : poll - elapsed=80s log_stale=56s
[2026-09-12 01:42:10] run08 : poll - elapsed=100s log_stale=76s
[2026-09-12 01:42:30] run08 : poll - elapsed=120s log_stale=96s
[2026-09-12 01:42:50] run08 : poll - elapsed=140s log_stale=116s
[2026-09-12 01:43:10] run08 : poll - elapsed=160s log_stale=136s
[2026-09-12 01:43:30] run08 : poll - elapsed=180s log_stale=156s
[2026-09-12 01:43:50] run08 : poll - elapsed=200s log_stale=176s
[2026-09-12 01:44:10] run08 : poll - elapsed=220s log_stale=196s
[2026-09-12 01:44:30] run08 : poll - elapsed=240s log_stale=216s
[2026-09-12 01:44:50] run08 : poll - elapsed=260s log_stale=8s
[2026-09-12 01:45:10] run08 : poll - elapsed=280s log_stale=28s
[2026-09-12 01:45:30] run08 : poll - elapsed=300s log_stale=48s
[2026-09-12 01:45:50] run08 : poll - elapsed=320s log_stale=68s
[2026-09-12 01:46:10] run08 : poll - elapsed=340s log_stale=88s
[2026-09-12 01:46:31] run08 : poll - elapsed=360s log_stale=108s
[2026-09-12 01:46:51] run08 : poll - elapsed=380s log_stale=128s
[2026-09-12 01:47:11] run08 : poll - elapsed=400s log_stale=148s
[2026-09-12 01:47:31] run08 : poll - elapsed=420s log_stale=168s
[2026-09-12 01:47:51] run08 : poll - elapsed=440s log_stale=188s
[2026-09-12 01:48:11] run08 : poll - elapsed=460s log_stale=19s
[2026-09-12 01:48:31] run08 : poll - elapsed=480s log_stale=39s
[2026-09-12 01:48:51] run08 : poll - elapsed=500s log_stale=59s
[2026-09-12 01:49:11] run08 : poll - elapsed=520s log_stale=79s
[2026-09-12 01:49:31] run08 : poll - elapsed=540s log_stale=99s
[2026-09-12 01:49:51] run08 : poll - elapsed=561s log_stale=119s
[2026-09-12 01:50:11] run08 : poll - elapsed=581s log_stale=139s
[2026-09-12 01:50:31] run08 : poll - elapsed=601s log_stale=159s
[2026-09-12 01:50:51] run08 : poll - elapsed=621s log_stale=179s
[2026-09-12 01:51:11] run08 : poll - elapsed=641s log_stale=11s
[2026-09-12 01:51:31] run08 : poll - elapsed=661s log_stale=31s
[2026-09-12 01:51:51] run08 : poll - elapsed=681s log_stale=51s
[2026-09-12 01:52:11] run08 : poll - elapsed=701s log_stale=71s
[2026-09-12 01:52:31] run08 : poll - elapsed=721s log_stale=91s
[2026-09-12 01:52:51] run08 : poll - elapsed=741s log_stale=111s
[2026-09-12 01:53:11] run08 : poll - elapsed=761s log_stale=131s
[2026-09-12 01:53:31] run08 : poll - elapsed=781s log_stale=151s
[2026-09-12 01:53:51] run08 : poll - elapsed=801s log_stale=171s
[2026-09-12 01:54:11] run08 : poll - elapsed=821s log_stale=5s
[2026-09-12 01:54:31] run08 : poll - elapsed=841s log_stale=25s
[2026-09-12 01:54:51] run08 : poll - elapsed=861s log_stale=45s
[2026-09-12 01:55:11] run08 : poll - elapsed=881s log_stale=65s
[2026-09-12 01:55:31] run08 : poll - elapsed=901s log_stale=85s
[2026-09-12 01:55:51] run08 : poll - elapsed=921s log_stale=105s
[2026-09-12 01:56:11] run08 : poll - elapsed=941s log_stale=125s
[2026-09-12 01:56:31] run08 : poll - elapsed=961s log_stale=145s
[2026-09-12 01:56:51] run08 : poll - elapsed=981s log_stale=165s
[2026-09-12 01:57:11] run08 : poll - elapsed=1001s log_stale=185s
[2026-09-12 01:57:31] run08 : poll - elapsed=1021s log_stale=18s
[2026-09-12 01:57:51] run08 : poll - elapsed=1041s log_stale=38s
[2026-09-12 01:58:11] run08 : poll - elapsed=1061s log_stale=58s
[2026-09-12 01:58:31] run08 : poll - elapsed=1081s log_stale=78s
[2026-09-12 01:58:51] run08 : poll - elapsed=1101s log_stale=98s
[2026-09-12 01:59:11] run08 : poll - elapsed=1121s log_stale=118s
[2026-09-12 01:59:31] run08 : poll - elapsed=1141s log_stale=138s
[2026-09-12 01:59:51] run08 : poll - elapsed=1161s log_stale=158s
[2026-09-12 02:00:11] run08 : poll - elapsed=1181s log_stale=178s
[2026-09-12 02:00:31] run08 : poll - elapsed=1201s log_stale=10s
[2026-09-12 02:00:51] run08 : poll - elapsed=1221s log_stale=30s
[2026-09-12 02:01:11] run08 : poll - elapsed=1241s log_stale=50s
[2026-09-12 02:01:31] run08 : poll - elapsed=1261s log_stale=70s
[2026-09-12 02:01:51] run08 : poll - elapsed=1281s log_stale=90s
[2026-09-12 02:02:11] run08 : poll - elapsed=1301s log_stale=110s
[2026-09-12 02:02:31] run08 : poll - elapsed=1321s log_stale=130s
[2026-09-12 02:02:51] run08 : poll - elapsed=1341s log_stale=150s
[2026-09-12 02:03:11] run08 : poll - elapsed=1361s log_stale=170s
[2026-09-12 02:03:31] run08 : poll - elapsed=1381s log_stale=3s
[2026-09-12 02:03:51] run08 : poll - elapsed=1401s log_stale=23s
[2026-09-12 02:04:11] run08 : poll - elapsed=1421s log_stale=43s
[2026-09-12 02:04:32] run08 : poll - elapsed=1441s log_stale=63s
[2026-09-12 02:04:52] run08 : poll - elapsed=1461s log_stale=83s
[2026-09-12 02:05:12] run08 : poll - elapsed=1481s log_stale=103s
[2026-09-12 02:05:32] run08 : poll - elapsed=1501s log_stale=123s
[2026-09-12 02:05:52] run08 : poll - elapsed=1521s log_stale=143s
[2026-09-12 02:06:12] run08 : poll - elapsed=1541s log_stale=163s
[2026-09-12 02:06:32] run08 : poll - elapsed=1561s log_stale=183s
[2026-09-12 02:06:52] run08 : poll - elapsed=1581s log_stale=16s
[2026-09-12 02:07:12] run08 : poll - elapsed=1601s log_stale=36s
[2026-09-12 02:07:32] run08 : poll - elapsed=1622s log_stale=56s
[2026-09-12 02:07:52] run08 : poll - elapsed=1642s log_stale=76s
[2026-09-12 02:08:12] run08 : poll - elapsed=1662s log_stale=96s
[2026-09-12 02:08:32] run08 : poll - elapsed=1682s log_stale=116s
[2026-09-12 02:08:52] run08 : poll - elapsed=1702s log_stale=136s
[2026-09-12 02:09:12] run08 : poll - elapsed=1722s log_stale=156s
[2026-09-12 02:09:32] run08 : poll - elapsed=1742s log_stale=176s
[2026-09-12 02:09:52] run08 : poll - elapsed=1762s log_stale=13s
[2026-09-12 02:10:12] run08 : poll - elapsed=1782s log_stale=33s
[2026-09-12 02:10:32] run08 : poll - elapsed=1802s log_stale=53s
[2026-09-12 02:10:52] run08 : poll - elapsed=1822s log_stale=73s
[2026-09-12 02:11:12] run08 : poll - elapsed=1842s log_stale=94s
[2026-09-12 02:11:32] run08 : poll - elapsed=1862s log_stale=114s
[2026-09-12 02:11:52] run08 : poll - elapsed=1882s log_stale=134s
[2026-09-12 02:12:12] run08 : poll - elapsed=1902s log_stale=154s
[2026-09-12 02:12:32] run08 : poll - elapsed=1922s log_stale=174s
[2026-09-12 02:12:52] run08 : poll - elapsed=1942s log_stale=9s
[2026-09-12 02:13:12] run08 : poll - elapsed=1962s log_stale=29s
[2026-09-12 02:13:32] run08 : poll - elapsed=1982s log_stale=49s
[2026-09-12 02:13:52] run08 : poll - elapsed=2002s log_stale=69s
[2026-09-12 02:14:12] run08 : poll - elapsed=2022s log_stale=89s
[2026-09-12 02:14:32] run08 : poll - elapsed=2042s log_stale=109s
[2026-09-12 02:14:52] run08 : poll - elapsed=2062s log_stale=129s
[2026-09-12 02:15:12] run08 : poll - elapsed=2082s log_stale=149s
[2026-09-12 02:15:32] run08 : poll - elapsed=2102s log_stale=169s
[2026-09-12 02:15:52] run08 : poll - elapsed=2122s log_stale=4s
[2026-09-12 02:16:12] run08 : poll - elapsed=2142s log_stale=24s
[2026-09-12 02:16:32] run08 : poll - elapsed=2162s log_stale=44s
[2026-09-12 02:16:52] run08 : poll - elapsed=2182s log_stale=64s
[2026-09-12 02:17:12] run08 : poll - elapsed=2202s log_stale=84s
[2026-09-12 02:17:32] run08 : poll - elapsed=2222s log_stale=104s
[2026-09-12 02:17:52] run08 : poll - elapsed=2242s log_stale=124s
[2026-09-12 02:18:12] run08 : poll - elapsed=2262s log_stale=144s
[2026-09-12 02:18:32] run08 : poll - elapsed=2282s log_stale=164s
[2026-09-12 02:18:52] run08 : poll - elapsed=2302s log_stale=184s
[2026-09-12 02:19:12] run08 : poll - elapsed=2322s log_stale=19s
[2026-09-12 02:19:32] run08 : poll - elapsed=2342s log_stale=39s
[2026-09-12 02:19:52] run08 : poll - elapsed=2362s log_stale=59s
[2026-09-12 02:20:12] run08 : poll - elapsed=2382s log_stale=79s
[2026-09-12 02:20:32] run08 : poll - elapsed=2402s log_stale=99s
[2026-09-12 02:20:52] run08 : poll - elapsed=2422s log_stale=119s
[2026-09-12 02:21:12] run08 : poll - elapsed=2442s log_stale=139s
[2026-09-12 02:21:32] run08 : poll - elapsed=2462s log_stale=159s
[2026-09-12 02:21:52] run08 : poll - elapsed=2482s log_stale=179s
[2026-09-12 02:22:12] run08 : poll - elapsed=2502s log_stale=13s
[2026-09-12 02:22:32] run08 : poll - elapsed=2522s log_stale=33s
[2026-09-12 02:22:53] run08 : poll - elapsed=2542s log_stale=53s
[2026-09-12 02:23:13] run08 : poll - elapsed=2562s log_stale=73s
[2026-09-12 02:23:33] run08 : poll - elapsed=2582s log_stale=93s
[2026-09-12 02:23:53] run08 : poll - elapsed=2602s log_stale=113s
[2026-09-12 02:24:13] run08 : poll - elapsed=2622s log_stale=133s
[2026-09-12 02:24:33] run08 : poll - elapsed=2642s log_stale=153s
[2026-09-12 02:24:53] run08 : poll - elapsed=2662s log_stale=173s
[2026-09-12 02:25:13] run08 : poll - elapsed=2682s log_stale=9s
[2026-09-12 02:25:33] run08 : poll - elapsed=2702s log_stale=29s
[2026-09-12 02:25:53] run08 : poll - elapsed=2722s log_stale=49s
[2026-09-12 02:26:13] run08 : poll - elapsed=2743s log_stale=69s
[2026-09-12 02:26:33] run08 : poll - elapsed=2763s log_stale=89s
[2026-09-12 02:26:53] run08 : poll - elapsed=2783s log_stale=109s
[2026-09-12 02:27:13] run08 : poll - elapsed=2803s log_stale=129s
[2026-09-12 02:27:33] run08 : poll - elapsed=2823s log_stale=149s
[2026-09-12 02:27:53] run08 : poll - elapsed=2843s log_stale=169s
[2026-09-12 02:28:13] run08 : poll - elapsed=2863s log_stale=4s
[2026-09-12 02:28:33] run08 : poll - elapsed=2883s log_stale=24s
[2026-09-12 02:28:53] run08 : poll - elapsed=2903s log_stale=44s
[2026-09-12 02:29:13] run08 : poll - elapsed=2923s log_stale=64s
[2026-09-12 02:29:33] run08 : poll - elapsed=2943s log_stale=84s
[2026-09-12 02:29:53] run08 : poll - elapsed=2963s log_stale=104s
[2026-09-12 02:30:13] run08 : poll - elapsed=2983s log_stale=124s
[2026-09-12 02:30:33] run08 : poll - elapsed=3003s log_stale=144s
[2026-09-12 02:30:53] run08 : poll - elapsed=3023s log_stale=164s
[2026-09-12 02:31:13] run08 : poll - elapsed=3043s log_stale=184s
[2026-09-12 02:31:33] run08 : poll - elapsed=3063s log_stale=13s
[2026-09-12 02:31:53] run08 : poll - elapsed=3083s log_stale=33s
[2026-09-12 02:32:13] run08 : poll - elapsed=3103s log_stale=53s
[2026-09-12 02:32:33] run08 : poll - elapsed=3123s log_stale=73s
[2026-09-12 02:32:53] run08 : poll - elapsed=3143s log_stale=93s
[2026-09-12 02:33:13] run08 : poll - elapsed=3163s log_stale=113s
[2026-09-12 02:33:33] run08 : poll - elapsed=3183s log_stale=133s
[2026-09-12 02:33:53] run08 : poll - elapsed=3203s log_stale=153s
[2026-09-12 02:34:13] run08 : poll - elapsed=3223s log_stale=173s
[2026-09-12 02:34:33] run08 : poll - elapsed=3243s log_stale=7s
[2026-09-12 02:34:53] run08 : poll - elapsed=3263s log_stale=27s
[2026-09-12 02:35:13] run08 : poll - elapsed=3283s log_stale=47s
[2026-09-12 02:35:33] run08 : poll - elapsed=3303s log_stale=67s
[2026-09-12 02:35:53] run08 : poll - elapsed=3323s log_stale=87s
[2026-09-12 02:36:13] run08 : poll - elapsed=3343s log_stale=107s
[2026-09-12 02:36:33] run08 : poll - elapsed=3363s log_stale=127s
[2026-09-12 02:36:53] run08 : poll - elapsed=3383s log_stale=147s
[2026-09-12 02:37:13] run08 : poll - elapsed=3403s log_stale=167s
[2026-09-12 02:37:33] run08 : poll - elapsed=3423s log_stale=187s
[2026-09-12 02:37:53] run08 : poll - elapsed=3443s log_stale=19s
[2026-09-12 02:38:13] run08 : poll - elapsed=3463s log_stale=39s
[2026-09-12 02:38:33] run08 : poll - elapsed=3483s log_stale=59s
[2026-09-12 02:38:53] run08 : poll - elapsed=3503s log_stale=79s
[2026-09-12 02:39:13] run08 : poll - elapsed=3523s log_stale=99s
[2026-09-12 02:39:33] run08 : poll - elapsed=3543s log_stale=119s
[2026-09-12 02:39:53] run08 : poll - elapsed=3563s log_stale=139s
[2026-09-12 02:40:13] run08 : poll - elapsed=3583s log_stale=159s
[2026-09-12 02:40:33] run08 : poll - elapsed=3603s log_stale=179s
[2026-09-12 02:40:53] run08 : poll - elapsed=3623s log_stale=12s
[2026-09-12 02:41:13] run08 : poll - elapsed=3643s log_stale=32s
[2026-09-12 02:41:33] run08 : poll - elapsed=3663s log_stale=52s
[2026-09-12 02:41:54] run08 : poll - elapsed=3683s log_stale=72s
[2026-09-12 02:42:14] run08 : poll - elapsed=3703s log_stale=92s
[2026-09-12 02:42:34] run08 : poll - elapsed=3723s log_stale=112s
[2026-09-12 02:42:54] run08 : poll - elapsed=3743s log_stale=132s
[2026-09-12 02:43:14] run08 : poll - elapsed=3763s log_stale=152s
[2026-09-12 02:43:34] run08 : poll - elapsed=3783s log_stale=172s
[2026-09-12 02:43:54] run08 : poll - elapsed=3803s log_stale=1s
[2026-09-12 02:44:14] run08 : poll - elapsed=3823s log_stale=21s
[2026-09-12 02:44:34] run08 : poll - elapsed=3843s log_stale=41s
[2026-09-12 02:44:54] run08 : poll - elapsed=3864s log_stale=61s
[2026-09-12 02:45:14] run08 : poll - elapsed=3884s log_stale=81s
[2026-09-12 02:45:34] run08 : poll - elapsed=3904s log_stale=101s
[2026-09-12 02:45:54] run08 : poll - elapsed=3924s log_stale=121s
[2026-09-12 02:46:14] run08 : poll - elapsed=3944s log_stale=141s
[2026-09-12 02:46:34] run08 : poll - elapsed=3964s log_stale=161s
[2026-09-12 02:46:54] run08 : poll - elapsed=3984s log_stale=181s
[2026-09-12 02:47:14] run08 : THANH CONG - D:\ResearchLab\02_Projects\02_Projects\MOSFOA paper 2\code\results\MOSFOA2_B_Np8_Maxit20_run08_FINAL.mat da xuat hien.
[2026-09-12 02:47:14] ----- Bat dau run09 (9/20) -----
[2026-09-12 02:47:17] run09 : launching MATLAB (attempt 1)
[2026-09-12 02:47:37] run09 : poll - elapsed=20s log_stale=9s
[2026-09-12 02:47:57] run09 : poll - elapsed=40s log_stale=16s
[2026-09-12 02:48:17] run09 : poll - elapsed=60s log_stale=36s
[2026-09-12 02:48:37] run09 : poll - elapsed=80s log_stale=56s
[2026-09-12 02:48:58] run09 : poll - elapsed=100s log_stale=76s
[2026-09-12 02:49:18] run09 : poll - elapsed=120s log_stale=96s
[2026-09-12 02:49:38] run09 : poll - elapsed=140s log_stale=116s
[2026-09-12 02:49:58] run09 : poll - elapsed=160s log_stale=136s
[2026-09-12 02:50:18] run09 : poll - elapsed=180s log_stale=156s
[2026-09-12 02:50:38] run09 : poll - elapsed=200s log_stale=176s
[2026-09-12 02:50:58] run09 : poll - elapsed=220s log_stale=196s
[2026-09-12 02:51:18] run09 : poll - elapsed=240s log_stale=216s
[2026-09-12 02:51:38] run09 : poll - elapsed=260s log_stale=13s
[2026-09-12 02:51:58] run09 : poll - elapsed=280s log_stale=33s
[2026-09-12 02:52:18] run09 : poll - elapsed=300s log_stale=53s
[2026-09-12 02:52:38] run09 : poll - elapsed=320s log_stale=73s
[2026-09-12 02:52:58] run09 : poll - elapsed=340s log_stale=93s
[2026-09-12 02:53:18] run09 : poll - elapsed=360s log_stale=113s
[2026-09-12 02:53:38] run09 : poll - elapsed=380s log_stale=133s
[2026-09-12 02:53:58] run09 : poll - elapsed=400s log_stale=153s
[2026-09-12 02:54:18] run09 : poll - elapsed=420s log_stale=173s
[2026-09-12 02:54:38] run09 : poll - elapsed=440s log_stale=9s
[2026-09-12 02:54:58] run09 : poll - elapsed=460s log_stale=29s
[2026-09-12 02:55:18] run09 : poll - elapsed=480s log_stale=49s
[2026-09-12 02:55:38] run09 : poll - elapsed=500s log_stale=69s
[2026-09-12 02:55:58] run09 : poll - elapsed=520s log_stale=89s
[2026-09-12 02:56:18] run09 : poll - elapsed=540s log_stale=109s
[2026-09-12 02:56:38] run09 : poll - elapsed=561s log_stale=129s
[2026-09-12 02:56:58] run09 : poll - elapsed=581s log_stale=149s
[2026-09-12 02:57:18] run09 : poll - elapsed=601s log_stale=169s
[2026-09-12 02:57:38] run09 : poll - elapsed=621s log_stale=4s
[2026-09-12 02:57:58] run09 : poll - elapsed=641s log_stale=24s
[2026-09-12 02:58:18] run09 : poll - elapsed=661s log_stale=44s
[2026-09-12 02:58:38] run09 : poll - elapsed=681s log_stale=64s
[2026-09-12 02:58:58] run09 : poll - elapsed=701s log_stale=84s
[2026-09-12 02:59:18] run09 : poll - elapsed=721s log_stale=104s
[2026-09-12 02:59:38] run09 : poll - elapsed=741s log_stale=124s
[2026-09-12 02:59:58] run09 : poll - elapsed=761s log_stale=144s
[2026-09-12 03:00:18] run09 : poll - elapsed=781s log_stale=165s
[2026-09-12 03:00:38] run09 : poll - elapsed=801s log_stale=1s
[2026-09-12 03:00:58] run09 : poll - elapsed=821s log_stale=21s
[2026-09-12 03:01:18] run09 : poll - elapsed=841s log_stale=41s
[2026-09-12 03:01:38] run09 : poll - elapsed=861s log_stale=61s
[2026-09-12 03:01:58] run09 : poll - elapsed=881s log_stale=81s
[2026-09-12 03:02:18] run09 : poll - elapsed=901s log_stale=101s
[2026-09-12 03:02:38] run09 : poll - elapsed=921s log_stale=121s
[2026-09-12 03:02:58] run09 : poll - elapsed=941s log_stale=141s
[2026-09-12 03:03:18] run09 : poll - elapsed=961s log_stale=161s
[2026-09-12 03:03:38] run09 : poll - elapsed=981s log_stale=181s
[2026-09-12 03:03:58] run09 : poll - elapsed=1001s log_stale=19s
[2026-09-12 03:04:18] run09 : poll - elapsed=1021s log_stale=39s
[2026-09-12 03:04:38] run09 : poll - elapsed=1041s log_stale=59s
[2026-09-12 03:04:58] run09 : poll - elapsed=1061s log_stale=79s
[2026-09-12 03:05:18] run09 : poll - elapsed=1081s log_stale=99s
[2026-09-12 03:05:39] run09 : poll - elapsed=1101s log_stale=119s
[2026-09-12 03:05:59] run09 : poll - elapsed=1121s log_stale=139s
[2026-09-12 03:06:19] run09 : poll - elapsed=1141s log_stale=159s
[2026-09-12 03:06:39] run09 : poll - elapsed=1161s log_stale=179s
[2026-09-12 03:06:59] run09 : poll - elapsed=1181s log_stale=16s
[2026-09-12 03:07:19] run09 : poll - elapsed=1201s log_stale=36s
[2026-09-12 03:07:39] run09 : poll - elapsed=1221s log_stale=56s
[2026-09-12 03:07:59] run09 : poll - elapsed=1241s log_stale=76s
[2026-09-12 03:08:19] run09 : poll - elapsed=1261s log_stale=96s
[2026-09-12 03:08:39] run09 : poll - elapsed=1281s log_stale=116s
[2026-09-12 03:08:59] run09 : poll - elapsed=1301s log_stale=136s
[2026-09-12 03:09:19] run09 : poll - elapsed=1321s log_stale=156s
[2026-09-12 03:09:39] run09 : poll - elapsed=1341s log_stale=176s
[2026-09-12 03:09:59] run09 : poll - elapsed=1361s log_stale=12s
[2026-09-12 03:10:19] run09 : poll - elapsed=1381s log_stale=32s
[2026-09-12 03:10:39] run09 : poll - elapsed=1401s log_stale=52s
[2026-09-12 03:10:59] run09 : poll - elapsed=1421s log_stale=72s
[2026-09-12 03:11:19] run09 : poll - elapsed=1441s log_stale=92s
[2026-09-12 03:11:39] run09 : poll - elapsed=1461s log_stale=112s
[2026-09-12 03:11:59] run09 : poll - elapsed=1481s log_stale=132s
[2026-09-12 03:12:19] run09 : poll - elapsed=1501s log_stale=152s
[2026-09-12 03:12:39] run09 : poll - elapsed=1521s log_stale=172s
[2026-09-12 03:12:59] run09 : poll - elapsed=1541s log_stale=8s
[2026-09-12 03:13:19] run09 : poll - elapsed=1562s log_stale=28s
[2026-09-12 03:13:39] run09 : poll - elapsed=1582s log_stale=48s
[2026-09-12 03:13:59] run09 : poll - elapsed=1602s log_stale=68s
[2026-09-12 03:14:19] run09 : poll - elapsed=1622s log_stale=88s
[2026-09-12 03:14:39] run09 : poll - elapsed=1642s log_stale=108s
[2026-09-12 03:14:59] run09 : poll - elapsed=1662s log_stale=128s
[2026-09-12 03:15:19] run09 : poll - elapsed=1682s log_stale=148s
[2026-09-12 03:15:39] run09 : poll - elapsed=1702s log_stale=168s
[2026-09-12 03:15:59] run09 : poll - elapsed=1722s log_stale=7s
[2026-09-12 03:16:19] run09 : poll - elapsed=1742s log_stale=27s
[2026-09-12 03:16:39] run09 : poll - elapsed=1762s log_stale=47s
[2026-09-12 03:16:59] run09 : poll - elapsed=1782s log_stale=67s
[2026-09-12 03:17:19] run09 : poll - elapsed=1802s log_stale=87s
[2026-09-12 03:17:39] run09 : poll - elapsed=1822s log_stale=107s
[2026-09-12 03:17:59] run09 : poll - elapsed=1842s log_stale=127s
[2026-09-12 03:18:19] run09 : poll - elapsed=1862s log_stale=147s
[2026-09-12 03:18:39] run09 : poll - elapsed=1882s log_stale=167s
[2026-09-12 03:18:59] run09 : poll - elapsed=1902s log_stale=5s
[2026-09-12 03:19:19] run09 : poll - elapsed=1922s log_stale=25s
[2026-09-12 03:19:39] run09 : poll - elapsed=1942s log_stale=45s
[2026-09-12 03:19:59] run09 : poll - elapsed=1962s log_stale=65s
[2026-09-12 03:20:19] run09 : poll - elapsed=1982s log_stale=85s
[2026-09-12 03:20:39] run09 : poll - elapsed=2002s log_stale=105s
[2026-09-12 03:20:59] run09 : poll - elapsed=2022s log_stale=125s
[2026-09-12 03:21:19] run09 : poll - elapsed=2042s log_stale=145s
[2026-09-12 03:21:39] run09 : poll - elapsed=2062s log_stale=165s
[2026-09-12 03:21:59] run09 : poll - elapsed=2082s log_stale=185s
[2026-09-12 03:22:19] run09 : poll - elapsed=2102s log_stale=19s
[2026-09-12 03:22:39] run09 : poll - elapsed=2122s log_stale=39s
[2026-09-12 03:22:59] run09 : poll - elapsed=2142s log_stale=59s
[2026-09-12 03:23:19] run09 : poll - elapsed=2162s log_stale=79s
[2026-09-12 03:23:39] run09 : poll - elapsed=2182s log_stale=100s
[2026-09-12 03:24:00] run09 : poll - elapsed=2202s log_stale=120s
[2026-09-12 03:24:20] run09 : poll - elapsed=2222s log_stale=140s
[2026-09-12 03:24:40] run09 : poll - elapsed=2242s log_stale=160s
[2026-09-12 03:25:00] run09 : poll - elapsed=2262s log_stale=180s
[2026-09-12 03:25:20] run09 : poll - elapsed=2282s log_stale=15s
[2026-09-12 03:25:40] run09 : poll - elapsed=2302s log_stale=35s
[2026-09-12 03:26:00] run09 : poll - elapsed=2322s log_stale=55s
[2026-09-12 03:26:20] run09 : poll - elapsed=2342s log_stale=75s
[2026-09-12 03:26:40] run09 : poll - elapsed=2362s log_stale=95s
[2026-09-12 03:27:00] run09 : poll - elapsed=2382s log_stale=115s
[2026-09-12 03:27:20] run09 : poll - elapsed=2402s log_stale=135s
[2026-09-12 03:27:40] run09 : poll - elapsed=2422s log_stale=155s
[2026-09-12 03:28:00] run09 : poll - elapsed=2442s log_stale=175s
[2026-09-12 03:28:20] run09 : poll - elapsed=2462s log_stale=13s
[2026-09-12 03:28:40] run09 : poll - elapsed=2482s log_stale=33s
[2026-09-12 03:29:00] run09 : poll - elapsed=2502s log_stale=53s
[2026-09-12 03:29:20] run09 : poll - elapsed=2522s log_stale=73s
[2026-09-12 03:29:40] run09 : poll - elapsed=2542s log_stale=93s
[2026-09-12 03:30:00] run09 : poll - elapsed=2562s log_stale=113s
[2026-09-12 03:30:20] run09 : poll - elapsed=2582s log_stale=133s
[2026-09-12 03:30:40] run09 : poll - elapsed=2602s log_stale=153s
[2026-09-12 03:31:00] run09 : poll - elapsed=2622s log_stale=173s
[2026-09-12 03:31:20] run09 : poll - elapsed=2642s log_stale=7s
[2026-09-12 03:31:40] run09 : poll - elapsed=2662s log_stale=27s
[2026-09-12 03:32:00] run09 : poll - elapsed=2683s log_stale=47s
[2026-09-12 03:32:20] run09 : poll - elapsed=2703s log_stale=67s
[2026-09-12 03:32:40] run09 : poll - elapsed=2723s log_stale=87s
[2026-09-12 03:33:00] run09 : poll - elapsed=2743s log_stale=107s
[2026-09-12 03:33:20] run09 : poll - elapsed=2763s log_stale=127s
[2026-09-12 03:33:40] run09 : poll - elapsed=2783s log_stale=147s
[2026-09-12 03:34:00] run09 : poll - elapsed=2803s log_stale=167s
[2026-09-12 03:34:20] run09 : poll - elapsed=2823s log_stale=3s
[2026-09-12 03:34:40] run09 : poll - elapsed=2843s log_stale=23s
[2026-09-12 03:35:00] run09 : poll - elapsed=2863s log_stale=43s
[2026-09-12 03:35:20] run09 : poll - elapsed=2883s log_stale=63s
[2026-09-12 03:35:40] run09 : poll - elapsed=2903s log_stale=83s
[2026-09-12 03:36:00] run09 : poll - elapsed=2923s log_stale=103s
[2026-09-12 03:36:20] run09 : poll - elapsed=2943s log_stale=123s
[2026-09-12 03:36:40] run09 : poll - elapsed=2963s log_stale=143s
[2026-09-12 03:37:00] run09 : poll - elapsed=2983s log_stale=163s
[2026-09-12 03:37:20] run09 : poll - elapsed=3003s log_stale=183s
[2026-09-12 03:37:40] run09 : poll - elapsed=3023s log_stale=18s
[2026-09-12 03:38:00] run09 : poll - elapsed=3043s log_stale=38s
[2026-09-12 03:38:20] run09 : poll - elapsed=3063s log_stale=58s
[2026-09-12 03:38:40] run09 : poll - elapsed=3083s log_stale=78s
[2026-09-12 03:39:00] run09 : poll - elapsed=3103s log_stale=98s
[2026-09-12 03:39:20] run09 : poll - elapsed=3123s log_stale=118s
[2026-09-12 03:39:40] run09 : poll - elapsed=3143s log_stale=138s
[2026-09-12 03:40:00] run09 : poll - elapsed=3163s log_stale=158s
[2026-09-12 03:40:20] run09 : poll - elapsed=3183s log_stale=178s
[2026-09-12 03:40:40] run09 : poll - elapsed=3203s log_stale=14s
[2026-09-12 03:41:00] run09 : poll - elapsed=3223s log_stale=34s
[2026-09-12 03:41:20] run09 : poll - elapsed=3243s log_stale=54s
[2026-09-12 03:41:40] run09 : poll - elapsed=3263s log_stale=74s
[2026-09-12 03:42:01] run09 : poll - elapsed=3283s log_stale=94s
[2026-09-12 03:42:21] run09 : poll - elapsed=3303s log_stale=114s
[2026-09-12 03:42:41] run09 : poll - elapsed=3323s log_stale=134s
[2026-09-12 03:43:01] run09 : poll - elapsed=3343s log_stale=154s
[2026-09-12 03:43:21] run09 : poll - elapsed=3363s log_stale=174s
[2026-09-12 03:43:41] run09 : poll - elapsed=3383s log_stale=9s
[2026-09-12 03:44:01] run09 : poll - elapsed=3403s log_stale=29s
[2026-09-12 03:44:21] run09 : poll - elapsed=3423s log_stale=49s
[2026-09-12 03:44:41] run09 : poll - elapsed=3443s log_stale=69s
[2026-09-12 03:45:01] run09 : poll - elapsed=3463s log_stale=89s
[2026-09-12 03:45:21] run09 : poll - elapsed=3483s log_stale=109s
[2026-09-12 03:45:41] run09 : poll - elapsed=3503s log_stale=129s
[2026-09-12 03:46:01] run09 : poll - elapsed=3523s log_stale=149s
[2026-09-12 03:46:21] run09 : poll - elapsed=3543s log_stale=169s
[2026-09-12 03:46:41] run09 : poll - elapsed=3563s log_stale=6s
[2026-09-12 03:47:01] run09 : poll - elapsed=3583s log_stale=26s
[2026-09-12 03:47:21] run09 : poll - elapsed=3603s log_stale=46s
[2026-09-12 03:47:41] run09 : poll - elapsed=3623s log_stale=66s
[2026-09-12 03:48:01] run09 : poll - elapsed=3643s log_stale=86s
[2026-09-12 03:48:21] run09 : poll - elapsed=3663s log_stale=106s
[2026-09-12 03:48:41] run09 : poll - elapsed=3683s log_stale=126s
[2026-09-12 03:49:01] run09 : poll - elapsed=3703s log_stale=146s
[2026-09-12 03:49:21] run09 : poll - elapsed=3723s log_stale=166s
[2026-09-12 03:49:41] run09 : poll - elapsed=3744s log_stale=2s
[2026-09-12 03:50:01] run09 : poll - elapsed=3764s log_stale=22s
[2026-09-12 03:50:21] run09 : poll - elapsed=3784s log_stale=42s
[2026-09-12 03:50:41] run09 : poll - elapsed=3804s log_stale=62s
[2026-09-12 03:51:01] run09 : poll - elapsed=3824s log_stale=82s
[2026-09-12 03:51:21] run09 : poll - elapsed=3844s log_stale=102s
[2026-09-12 03:51:41] run09 : poll - elapsed=3864s log_stale=122s
[2026-09-12 03:52:01] run09 : poll - elapsed=3884s log_stale=142s
[2026-09-12 03:52:21] run09 : poll - elapsed=3904s log_stale=162s
[2026-09-12 03:52:41] run09 : poll - elapsed=3924s log_stale=182s
[2026-09-12 03:53:01] run09 : THANH CONG - D:\ResearchLab\02_Projects\02_Projects\MOSFOA paper 2\code\results\MOSFOA2_B_Np8_Maxit20_run09_FINAL.mat da xuat hien.
[2026-09-12 03:53:01] ----- Bat dau run10 (10/20) -----
[2026-09-12 03:53:05] run10 : launching MATLAB (attempt 1)
[2026-09-12 03:53:25] run10 : poll - elapsed=20s log_stale=9s
[2026-09-12 03:53:45] run10 : poll - elapsed=40s log_stale=15s
[2026-09-12 03:54:05] run10 : poll - elapsed=60s log_stale=35s
[2026-09-12 03:54:25] run10 : poll - elapsed=80s log_stale=55s
[2026-09-12 03:54:45] run10 : poll - elapsed=100s log_stale=76s
[2026-09-12 03:55:05] run10 : poll - elapsed=120s log_stale=96s
[2026-09-12 03:55:25] run10 : poll - elapsed=140s log_stale=116s
[2026-09-12 03:55:45] run10 : poll - elapsed=160s log_stale=136s
[2026-09-12 03:56:05] run10 : poll - elapsed=180s log_stale=156s
[2026-09-12 03:56:25] run10 : poll - elapsed=200s log_stale=176s
[2026-09-12 03:56:45] run10 : poll - elapsed=220s log_stale=196s
[2026-09-12 03:57:05] run10 : poll - elapsed=240s log_stale=216s
[2026-09-12 03:57:25] run10 : poll - elapsed=260s log_stale=12s
[2026-09-12 03:57:45] run10 : poll - elapsed=280s log_stale=32s
[2026-09-12 03:58:05] run10 : poll - elapsed=300s log_stale=52s
[2026-09-12 03:58:25] run10 : poll - elapsed=320s log_stale=72s
[2026-09-12 03:58:45] run10 : poll - elapsed=340s log_stale=92s
[2026-09-12 03:59:05] run10 : poll - elapsed=360s log_stale=112s
[2026-09-12 03:59:25] run10 : poll - elapsed=380s log_stale=132s
[2026-09-12 03:59:45] run10 : poll - elapsed=400s log_stale=152s
[2026-09-12 04:00:05] run10 : poll - elapsed=420s log_stale=172s
[2026-09-12 04:00:25] run10 : poll - elapsed=440s log_stale=4s
[2026-09-12 04:00:45] run10 : poll - elapsed=460s log_stale=24s
[2026-09-12 04:01:05] run10 : poll - elapsed=480s log_stale=44s
[2026-09-12 04:01:25] run10 : poll - elapsed=500s log_stale=64s
[2026-09-12 04:01:45] run10 : poll - elapsed=521s log_stale=84s
[2026-09-12 04:02:05] run10 : poll - elapsed=541s log_stale=104s
[2026-09-12 04:02:25] run10 : poll - elapsed=561s log_stale=124s
[2026-09-12 04:02:45] run10 : poll - elapsed=581s log_stale=144s
[2026-09-12 04:03:05] run10 : poll - elapsed=601s log_stale=164s
[2026-09-12 04:03:25] run10 : poll - elapsed=621s log_stale=184s
[2026-09-12 04:03:45] run10 : poll - elapsed=641s log_stale=20s
[2026-09-12 04:04:05] run10 : poll - elapsed=661s log_stale=40s
[2026-09-12 04:04:25] run10 : poll - elapsed=681s log_stale=60s
[2026-09-12 04:04:45] run10 : poll - elapsed=701s log_stale=80s
[2026-09-12 04:05:05] run10 : poll - elapsed=721s log_stale=100s
[2026-09-12 04:05:26] run10 : poll - elapsed=741s log_stale=120s
[2026-09-12 04:05:46] run10 : poll - elapsed=761s log_stale=140s
[2026-09-12 04:06:06] run10 : poll - elapsed=781s log_stale=160s
[2026-09-12 04:06:26] run10 : poll - elapsed=801s log_stale=180s
[2026-09-12 04:06:46] run10 : poll - elapsed=821s log_stale=14s
[2026-09-12 04:07:06] run10 : poll - elapsed=841s log_stale=34s
[2026-09-12 04:07:26] run10 : poll - elapsed=861s log_stale=54s
[2026-09-12 04:07:46] run10 : poll - elapsed=881s log_stale=74s
[2026-09-12 04:08:06] run10 : poll - elapsed=901s log_stale=94s
[2026-09-12 04:08:26] run10 : poll - elapsed=921s log_stale=114s
[2026-09-12 04:08:46] run10 : poll - elapsed=941s log_stale=134s
[2026-09-12 04:09:06] run10 : poll - elapsed=961s log_stale=154s
[2026-09-12 04:09:26] run10 : poll - elapsed=981s log_stale=174s
[2026-09-12 04:09:46] run10 : poll - elapsed=1001s log_stale=11s
[2026-09-12 04:10:06] run10 : poll - elapsed=1021s log_stale=31s
[2026-09-12 04:10:26] run10 : poll - elapsed=1041s log_stale=51s
[2026-09-12 04:10:46] run10 : poll - elapsed=1061s log_stale=71s
[2026-09-12 04:11:06] run10 : poll - elapsed=1081s log_stale=91s
[2026-09-12 04:11:26] run10 : poll - elapsed=1101s log_stale=111s
[2026-09-12 04:11:46] run10 : poll - elapsed=1121s log_stale=131s
[2026-09-12 04:12:06] run10 : poll - elapsed=1141s log_stale=151s
[2026-09-12 04:12:26] run10 : poll - elapsed=1161s log_stale=171s
[2026-09-12 04:12:46] run10 : poll - elapsed=1181s log_stale=5s
[2026-09-12 04:13:06] run10 : poll - elapsed=1201s log_stale=25s
[2026-09-12 04:13:26] run10 : poll - elapsed=1221s log_stale=45s
[2026-09-12 04:13:46] run10 : poll - elapsed=1241s log_stale=65s
[2026-09-12 04:14:06] run10 : poll - elapsed=1261s log_stale=85s
[2026-09-12 04:14:26] run10 : poll - elapsed=1281s log_stale=105s
[2026-09-12 04:14:46] run10 : poll - elapsed=1301s log_stale=125s
[2026-09-12 04:15:06] run10 : poll - elapsed=1321s log_stale=145s
[2026-09-12 04:15:26] run10 : poll - elapsed=1341s log_stale=165s
[2026-09-12 04:15:46] run10 : poll - elapsed=1361s log_stale=185s
[2026-09-12 04:16:06] run10 : poll - elapsed=1381s log_stale=19s
[2026-09-12 04:16:26] run10 : poll - elapsed=1401s log_stale=39s
[2026-09-12 04:16:46] run10 : poll - elapsed=1421s log_stale=59s
[2026-09-12 04:17:06] run10 : poll - elapsed=1441s log_stale=79s
[2026-09-12 04:17:26] run10 : poll - elapsed=1461s log_stale=99s
[2026-09-12 04:17:46] run10 : poll - elapsed=1481s log_stale=119s
[2026-09-12 04:18:06] run10 : poll - elapsed=1501s log_stale=139s
[2026-09-12 04:18:26] run10 : poll - elapsed=1521s log_stale=159s
[2026-09-12 04:18:46] run10 : poll - elapsed=1541s log_stale=179s
[2026-09-12 04:19:06] run10 : poll - elapsed=1562s log_stale=10s
[2026-09-12 04:19:26] run10 : poll - elapsed=1582s log_stale=30s
[2026-09-12 04:19:46] run10 : poll - elapsed=1602s log_stale=50s
[2026-09-12 04:20:06] run10 : poll - elapsed=1622s log_stale=70s
[2026-09-12 04:20:26] run10 : poll - elapsed=1642s log_stale=90s
[2026-09-12 04:20:46] run10 : poll - elapsed=1662s log_stale=110s
[2026-09-12 04:21:06] run10 : poll - elapsed=1682s log_stale=130s
[2026-09-12 04:21:26] run10 : poll - elapsed=1702s log_stale=150s
[2026-09-12 04:21:46] run10 : poll - elapsed=1722s log_stale=170s
[2026-09-12 04:22:06] run10 : poll - elapsed=1742s log_stale=5s
[2026-09-12 04:22:26] run10 : poll - elapsed=1762s log_stale=25s
[2026-09-12 04:22:46] run10 : poll - elapsed=1782s log_stale=45s
[2026-09-12 04:23:06] run10 : poll - elapsed=1802s log_stale=65s
[2026-09-12 04:23:26] run10 : poll - elapsed=1822s log_stale=85s
[2026-09-12 04:23:47] run10 : poll - elapsed=1842s log_stale=105s
[2026-09-12 04:24:07] run10 : poll - elapsed=1862s log_stale=125s
[2026-09-12 04:24:27] run10 : poll - elapsed=1882s log_stale=145s
[2026-09-12 04:24:47] run10 : poll - elapsed=1902s log_stale=165s
[2026-09-12 04:25:07] run10 : poll - elapsed=1922s log_stale=1s
[2026-09-12 04:25:27] run10 : poll - elapsed=1942s log_stale=21s
[2026-09-12 04:25:47] run10 : poll - elapsed=1962s log_stale=41s
[2026-09-12 04:26:07] run10 : poll - elapsed=1982s log_stale=61s
[2026-09-12 04:26:27] run10 : poll - elapsed=2002s log_stale=81s
[2026-09-12 04:26:47] run10 : poll - elapsed=2022s log_stale=101s
[2026-09-12 04:27:07] run10 : poll - elapsed=2042s log_stale=121s
[2026-09-12 04:27:27] run10 : poll - elapsed=2062s log_stale=141s
[2026-09-12 04:27:47] run10 : poll - elapsed=2082s log_stale=161s
[2026-09-12 04:28:07] run10 : poll - elapsed=2102s log_stale=181s
[2026-09-12 04:28:27] run10 : poll - elapsed=2122s log_stale=18s
[2026-09-12 04:28:47] run10 : poll - elapsed=2142s log_stale=38s
[2026-09-12 04:29:07] run10 : poll - elapsed=2162s log_stale=58s
[2026-09-12 04:29:27] run10 : poll - elapsed=2182s log_stale=78s
[2026-09-12 04:29:47] run10 : poll - elapsed=2202s log_stale=98s
[2026-09-12 04:30:07] run10 : poll - elapsed=2222s log_stale=118s
[2026-09-12 04:30:27] run10 : poll - elapsed=2242s log_stale=138s
[2026-09-12 04:30:47] run10 : poll - elapsed=2262s log_stale=158s
[2026-09-12 04:31:07] run10 : poll - elapsed=2282s log_stale=178s
[2026-09-12 04:31:27] run10 : poll - elapsed=2302s log_stale=12s
[2026-09-12 04:31:47] run10 : poll - elapsed=2322s log_stale=32s
[2026-09-12 04:32:07] run10 : poll - elapsed=2342s log_stale=52s
[2026-09-12 04:32:27] run10 : poll - elapsed=2362s log_stale=72s
[2026-09-12 04:32:47] run10 : poll - elapsed=2382s log_stale=92s
[2026-09-12 04:33:07] run10 : poll - elapsed=2402s log_stale=112s
[2026-09-12 04:33:27] run10 : poll - elapsed=2422s log_stale=132s
[2026-09-12 04:33:47] run10 : poll - elapsed=2442s log_stale=152s
[2026-09-12 04:34:07] run10 : poll - elapsed=2462s log_stale=172s
[2026-09-12 04:34:27] run10 : poll - elapsed=2482s log_stale=6s
[2026-09-12 04:34:47] run10 : poll - elapsed=2502s log_stale=26s
[2026-09-12 04:35:07] run10 : poll - elapsed=2522s log_stale=46s
[2026-09-12 04:35:27] run10 : poll - elapsed=2542s log_stale=66s
[2026-09-12 04:35:47] run10 : poll - elapsed=2562s log_stale=86s
[2026-09-12 04:36:07] run10 : poll - elapsed=2582s log_stale=106s
[2026-09-12 04:36:27] run10 : poll - elapsed=2603s log_stale=126s
[2026-09-12 04:36:47] run10 : poll - elapsed=2623s log_stale=146s
[2026-09-12 04:37:07] run10 : poll - elapsed=2643s log_stale=166s
[2026-09-12 04:37:27] run10 : poll - elapsed=2663s log_stale=186s
[2026-09-12 04:37:47] run10 : poll - elapsed=2683s log_stale=19s
[2026-09-12 04:38:07] run10 : poll - elapsed=2703s log_stale=39s
[2026-09-12 04:38:27] run10 : poll - elapsed=2723s log_stale=59s
[2026-09-12 04:38:47] run10 : poll - elapsed=2743s log_stale=79s
[2026-09-12 04:39:07] run10 : poll - elapsed=2763s log_stale=99s
[2026-09-12 04:39:27] run10 : poll - elapsed=2783s log_stale=119s
[2026-09-12 04:39:47] run10 : poll - elapsed=2803s log_stale=139s
[2026-09-12 04:40:07] run10 : poll - elapsed=2823s log_stale=159s
[2026-09-12 04:40:28] run10 : poll - elapsed=2843s log_stale=179s
[2026-09-12 04:40:48] run10 : poll - elapsed=2863s log_stale=16s
[2026-09-12 04:41:08] run10 : poll - elapsed=2883s log_stale=36s
[2026-09-12 04:41:28] run10 : poll - elapsed=2903s log_stale=56s
[2026-09-12 04:41:48] run10 : poll - elapsed=2923s log_stale=76s
[2026-09-12 04:42:08] run10 : poll - elapsed=2943s log_stale=96s
[2026-09-12 04:42:28] run10 : poll - elapsed=2963s log_stale=116s
[2026-09-12 04:42:48] run10 : poll - elapsed=2983s log_stale=136s
[2026-09-12 04:43:08] run10 : poll - elapsed=3003s log_stale=156s
[2026-09-12 04:43:28] run10 : poll - elapsed=3023s log_stale=176s
[2026-09-12 04:43:48] run10 : poll - elapsed=3043s log_stale=13s
[2026-09-12 04:44:08] run10 : poll - elapsed=3063s log_stale=33s
[2026-09-12 04:44:28] run10 : poll - elapsed=3083s log_stale=53s
[2026-09-12 04:44:48] run10 : poll - elapsed=3103s log_stale=73s
[2026-09-12 04:45:08] run10 : poll - elapsed=3123s log_stale=93s
[2026-09-12 04:45:28] run10 : poll - elapsed=3143s log_stale=113s
[2026-09-12 04:45:48] run10 : poll - elapsed=3163s log_stale=133s
[2026-09-12 04:46:08] run10 : poll - elapsed=3183s log_stale=153s
[2026-09-12 04:46:28] run10 : poll - elapsed=3203s log_stale=173s
[2026-09-12 04:46:48] run10 : poll - elapsed=3223s log_stale=193s
[2026-09-12 04:47:08] run10 : poll - elapsed=3243s log_stale=12s
[2026-09-12 04:47:28] run10 : poll - elapsed=3263s log_stale=32s
[2026-09-12 04:47:48] run10 : poll - elapsed=3283s log_stale=52s
[2026-09-12 04:48:08] run10 : poll - elapsed=3303s log_stale=72s
[2026-09-12 04:48:28] run10 : poll - elapsed=3323s log_stale=92s
[2026-09-12 04:48:48] run10 : poll - elapsed=3343s log_stale=112s
[2026-09-12 04:49:08] run10 : poll - elapsed=3363s log_stale=132s
[2026-09-12 04:49:28] run10 : poll - elapsed=3383s log_stale=152s
[2026-09-12 04:49:48] run10 : poll - elapsed=3403s log_stale=172s
[2026-09-12 04:50:08] run10 : poll - elapsed=3423s log_stale=6s
[2026-09-12 04:50:28] run10 : poll - elapsed=3443s log_stale=26s
[2026-09-12 04:50:48] run10 : poll - elapsed=3463s log_stale=46s
[2026-09-12 04:51:08] run10 : poll - elapsed=3483s log_stale=66s
[2026-09-12 04:51:28] run10 : poll - elapsed=3503s log_stale=86s
[2026-09-12 04:51:48] run10 : poll - elapsed=3523s log_stale=106s
[2026-09-12 04:52:08] run10 : poll - elapsed=3543s log_stale=126s
[2026-09-12 04:52:28] run10 : poll - elapsed=3563s log_stale=146s
[2026-09-12 04:52:48] run10 : poll - elapsed=3583s log_stale=166s
[2026-09-12 04:53:08] run10 : poll - elapsed=3604s log_stale=1s
[2026-09-12 04:53:28] run10 : poll - elapsed=3624s log_stale=21s
[2026-09-12 04:53:48] run10 : poll - elapsed=3644s log_stale=41s
[2026-09-12 04:54:08] run10 : poll - elapsed=3664s log_stale=61s
[2026-09-12 04:54:28] run10 : poll - elapsed=3684s log_stale=81s
[2026-09-12 04:54:48] run10 : poll - elapsed=3704s log_stale=101s
[2026-09-12 04:55:08] run10 : poll - elapsed=3724s log_stale=121s
[2026-09-12 04:55:28] run10 : poll - elapsed=3744s log_stale=141s
[2026-09-12 04:55:48] run10 : poll - elapsed=3764s log_stale=161s
[2026-09-12 04:56:08] run10 : poll - elapsed=3784s log_stale=181s
[2026-09-12 04:56:28] run10 : poll - elapsed=3804s log_stale=14s
[2026-09-12 04:56:48] run10 : poll - elapsed=3824s log_stale=34s
[2026-09-12 04:57:08] run10 : poll - elapsed=3844s log_stale=54s
[2026-09-12 04:57:28] run10 : poll - elapsed=3864s log_stale=74s
[2026-09-12 04:57:48] run10 : poll - elapsed=3884s log_stale=94s
[2026-09-12 04:58:09] run10 : poll - elapsed=3904s log_stale=114s
[2026-09-12 04:58:29] run10 : poll - elapsed=3924s log_stale=134s
[2026-09-12 04:58:49] run10 : poll - elapsed=3944s log_stale=154s
[2026-09-12 04:59:09] run10 : poll - elapsed=3964s log_stale=174s
[2026-09-12 04:59:29] run10 : THANH CONG - D:\ResearchLab\02_Projects\02_Projects\MOSFOA paper 2\code\results\MOSFOA2_B_Np8_Maxit20_run10_FINAL.mat da xuat hien.
[2026-09-12 04:59:29] ----- Bat dau run11 (11/20) -----
[2026-09-12 04:59:32] run11 : launching MATLAB (attempt 1)
[2026-09-12 04:59:52] run11 : poll - elapsed=20s log_stale=0s
[2026-09-12 05:00:12] run11 : poll - elapsed=40s log_stale=11s
[2026-09-12 05:00:32] run11 : poll - elapsed=60s log_stale=15s
[2026-09-12 05:00:52] run11 : poll - elapsed=80s log_stale=35s
[2026-09-12 05:01:12] run11 : poll - elapsed=100s log_stale=55s
[2026-09-12 05:01:32] run11 : poll - elapsed=120s log_stale=75s
[2026-09-12 05:01:52] run11 : poll - elapsed=140s log_stale=95s
[2026-09-12 05:02:12] run11 : poll - elapsed=160s log_stale=115s
[2026-09-12 05:02:32] run11 : poll - elapsed=180s log_stale=135s
[2026-09-12 05:02:52] run11 : poll - elapsed=200s log_stale=155s
[2026-09-12 05:03:12] run11 : poll - elapsed=220s log_stale=175s
[2026-09-12 05:03:32] run11 : poll - elapsed=240s log_stale=195s
[2026-09-12 05:03:52] run11 : poll - elapsed=260s log_stale=215s
[2026-09-12 05:04:12] run11 : poll - elapsed=280s log_stale=6s
[2026-09-12 05:04:33] run11 : poll - elapsed=300s log_stale=26s
[2026-09-12 05:04:53] run11 : poll - elapsed=320s log_stale=46s
[2026-09-12 05:05:13] run11 : poll - elapsed=340s log_stale=66s
[2026-09-12 05:05:33] run11 : poll - elapsed=360s log_stale=86s
[2026-09-12 05:05:53] run11 : poll - elapsed=380s log_stale=106s
[2026-09-12 05:06:13] run11 : poll - elapsed=400s log_stale=126s
[2026-09-12 05:06:33] run11 : poll - elapsed=420s log_stale=146s
[2026-09-12 05:06:53] run11 : poll - elapsed=440s log_stale=166s
[2026-09-12 05:07:13] run11 : poll - elapsed=460s log_stale=1s
[2026-09-12 05:07:33] run11 : poll - elapsed=480s log_stale=21s
[2026-09-12 05:07:53] run11 : poll - elapsed=500s log_stale=41s
[2026-09-12 05:08:13] run11 : poll - elapsed=520s log_stale=61s
[2026-09-12 05:08:33] run11 : poll - elapsed=540s log_stale=81s
[2026-09-12 05:08:53] run11 : poll - elapsed=561s log_stale=101s
[2026-09-12 05:09:13] run11 : poll - elapsed=581s log_stale=121s
[2026-09-12 05:09:33] run11 : poll - elapsed=601s log_stale=141s
[2026-09-12 05:09:53] run11 : poll - elapsed=621s log_stale=161s
[2026-09-12 05:10:13] run11 : poll - elapsed=641s log_stale=181s
[2026-09-12 05:10:33] run11 : poll - elapsed=661s log_stale=13s
[2026-09-12 05:10:53] run11 : poll - elapsed=681s log_stale=33s
[2026-09-12 05:11:13] run11 : poll - elapsed=701s log_stale=53s
[2026-09-12 05:11:33] run11 : poll - elapsed=721s log_stale=73s
[2026-09-12 05:11:53] run11 : poll - elapsed=741s log_stale=93s
[2026-09-12 05:12:13] run11 : poll - elapsed=761s log_stale=113s
[2026-09-12 05:12:33] run11 : poll - elapsed=781s log_stale=133s
[2026-09-12 05:12:53] run11 : poll - elapsed=801s log_stale=153s
[2026-09-12 05:13:13] run11 : poll - elapsed=821s log_stale=173s
[2026-09-12 05:13:33] run11 : poll - elapsed=841s log_stale=7s
[2026-09-12 05:13:53] run11 : poll - elapsed=861s log_stale=27s
[2026-09-12 05:14:13] run11 : poll - elapsed=881s log_stale=47s
[2026-09-12 05:14:33] run11 : poll - elapsed=901s log_stale=67s
[2026-09-12 05:14:53] run11 : poll - elapsed=921s log_stale=87s
[2026-09-12 05:15:13] run11 : poll - elapsed=941s log_stale=107s
[2026-09-12 05:15:33] run11 : poll - elapsed=961s log_stale=127s
[2026-09-12 05:15:53] run11 : poll - elapsed=981s log_stale=147s
[2026-09-12 05:16:13] run11 : poll - elapsed=1001s log_stale=167s
[2026-09-12 05:16:33] run11 : poll - elapsed=1021s log_stale=2s
[2026-09-12 05:16:53] run11 : poll - elapsed=1041s log_stale=22s
[2026-09-12 05:17:13] run11 : poll - elapsed=1061s log_stale=42s
[2026-09-12 05:17:33] run11 : poll - elapsed=1081s log_stale=62s
[2026-09-12 05:17:53] run11 : poll - elapsed=1101s log_stale=82s
[2026-09-12 05:18:13] run11 : poll - elapsed=1121s log_stale=102s
[2026-09-12 05:18:33] run11 : poll - elapsed=1141s log_stale=122s
[2026-09-12 05:18:53] run11 : poll - elapsed=1161s log_stale=142s
[2026-09-12 05:19:13] run11 : poll - elapsed=1181s log_stale=162s
[2026-09-12 05:19:33] run11 : poll - elapsed=1201s log_stale=182s
[2026-09-12 05:19:53] run11 : poll - elapsed=1221s log_stale=17s
[2026-09-12 05:20:13] run11 : poll - elapsed=1241s log_stale=37s
[2026-09-12 05:20:33] run11 : poll - elapsed=1261s log_stale=57s
[2026-09-12 05:20:53] run11 : poll - elapsed=1281s log_stale=77s
[2026-09-12 05:21:13] run11 : poll - elapsed=1301s log_stale=97s
[2026-09-12 05:21:33] run11 : poll - elapsed=1321s log_stale=117s
[2026-09-12 05:21:53] run11 : poll - elapsed=1341s log_stale=137s
[2026-09-12 05:22:13] run11 : poll - elapsed=1361s log_stale=157s
[2026-09-12 05:22:33] run11 : poll - elapsed=1381s log_stale=177s
[2026-09-12 05:22:54] run11 : poll - elapsed=1401s log_stale=10s
[2026-09-12 05:23:14] run11 : poll - elapsed=1421s log_stale=30s
[2026-09-12 05:23:34] run11 : poll - elapsed=1441s log_stale=50s
[2026-09-12 05:23:54] run11 : poll - elapsed=1461s log_stale=70s
[2026-09-12 05:24:14] run11 : poll - elapsed=1481s log_stale=90s
[2026-09-12 05:24:34] run11 : poll - elapsed=1501s log_stale=110s
[2026-09-12 05:24:54] run11 : poll - elapsed=1521s log_stale=130s
[2026-09-12 05:25:14] run11 : poll - elapsed=1541s log_stale=150s
[2026-09-12 05:25:34] run11 : poll - elapsed=1561s log_stale=170s
[2026-09-12 05:25:54] run11 : poll - elapsed=1581s log_stale=4s
[2026-09-12 05:26:14] run11 : poll - elapsed=1601s log_stale=24s
[2026-09-12 05:26:34] run11 : poll - elapsed=1622s log_stale=45s
[2026-09-12 05:26:54] run11 : poll - elapsed=1642s log_stale=65s
[2026-09-12 05:27:14] run11 : poll - elapsed=1662s log_stale=85s
[2026-09-12 05:27:34] run11 : poll - elapsed=1682s log_stale=105s
[2026-09-12 05:27:54] run11 : poll - elapsed=1702s log_stale=125s
[2026-09-12 05:28:14] run11 : poll - elapsed=1722s log_stale=145s
[2026-09-12 05:28:34] run11 : poll - elapsed=1742s log_stale=165s
[2026-09-12 05:28:54] run11 : poll - elapsed=1762s log_stale=1s
[2026-09-12 05:29:14] run11 : poll - elapsed=1782s log_stale=21s
[2026-09-12 05:29:34] run11 : poll - elapsed=1802s log_stale=41s
[2026-09-12 05:29:54] run11 : poll - elapsed=1822s log_stale=61s
[2026-09-12 05:30:14] run11 : poll - elapsed=1842s log_stale=81s
[2026-09-12 05:30:34] run11 : poll - elapsed=1862s log_stale=101s
[2026-09-12 05:30:54] run11 : poll - elapsed=1882s log_stale=121s
[2026-09-12 05:31:14] run11 : poll - elapsed=1902s log_stale=141s
[2026-09-12 05:31:34] run11 : poll - elapsed=1922s log_stale=161s
[2026-09-12 05:31:54] run11 : poll - elapsed=1942s log_stale=181s
[2026-09-12 05:32:14] run11 : poll - elapsed=1962s log_stale=16s
[2026-09-12 05:32:34] run11 : poll - elapsed=1982s log_stale=36s
[2026-09-12 05:32:54] run11 : poll - elapsed=2002s log_stale=56s
[2026-09-12 05:33:14] run11 : poll - elapsed=2022s log_stale=77s
[2026-09-12 05:33:34] run11 : poll - elapsed=2042s log_stale=97s
[2026-09-12 05:33:54] run11 : poll - elapsed=2062s log_stale=117s
[2026-09-12 05:34:14] run11 : poll - elapsed=2082s log_stale=137s
[2026-09-12 05:34:34] run11 : poll - elapsed=2102s log_stale=157s
[2026-09-12 05:34:54] run11 : poll - elapsed=2122s log_stale=177s
[2026-09-12 05:35:14] run11 : poll - elapsed=2142s log_stale=13s
[2026-09-12 05:35:34] run11 : poll - elapsed=2162s log_stale=33s
[2026-09-12 05:35:54] run11 : poll - elapsed=2182s log_stale=53s
[2026-09-12 05:36:14] run11 : poll - elapsed=2202s log_stale=73s
[2026-09-12 05:36:34] run11 : poll - elapsed=2222s log_stale=93s
[2026-09-12 05:36:54] run11 : poll - elapsed=2242s log_stale=113s
[2026-09-12 05:37:14] run11 : poll - elapsed=2262s log_stale=133s
[2026-09-12 05:37:34] run11 : poll - elapsed=2282s log_stale=153s
[2026-09-12 05:37:54] run11 : poll - elapsed=2302s log_stale=173s
[2026-09-12 05:38:14] run11 : poll - elapsed=2322s log_stale=7s
[2026-09-12 05:38:34] run11 : poll - elapsed=2342s log_stale=27s
[2026-09-12 05:38:54] run11 : poll - elapsed=2362s log_stale=47s
[2026-09-12 05:39:14] run11 : poll - elapsed=2382s log_stale=67s
[2026-09-12 05:39:34] run11 : poll - elapsed=2402s log_stale=87s
[2026-09-12 05:39:54] run11 : poll - elapsed=2422s log_stale=107s
[2026-09-12 05:40:15] run11 : poll - elapsed=2442s log_stale=127s
[2026-09-12 05:40:35] run11 : poll - elapsed=2462s log_stale=147s
[2026-09-12 05:40:55] run11 : poll - elapsed=2482s log_stale=167s
[2026-09-12 05:41:15] run11 : poll - elapsed=2502s log_stale=2s
[2026-09-12 05:41:35] run11 : poll - elapsed=2522s log_stale=22s
[2026-09-12 05:41:55] run11 : poll - elapsed=2542s log_stale=42s
[2026-09-12 05:42:15] run11 : poll - elapsed=2562s log_stale=62s
[2026-09-12 05:42:35] run11 : poll - elapsed=2582s log_stale=82s
[2026-09-12 05:42:55] run11 : poll - elapsed=2602s log_stale=102s
[2026-09-12 05:43:15] run11 : poll - elapsed=2622s log_stale=122s
[2026-09-12 05:43:35] run11 : poll - elapsed=2642s log_stale=142s
[2026-09-12 05:43:55] run11 : poll - elapsed=2662s log_stale=162s
[2026-09-12 05:44:15] run11 : poll - elapsed=2682s log_stale=182s
[2026-09-12 05:44:35] run11 : poll - elapsed=2702s log_stale=13s
[2026-09-12 05:44:55] run11 : poll - elapsed=2723s log_stale=33s
[2026-09-12 05:45:15] run11 : poll - elapsed=2743s log_stale=53s
[2026-09-12 05:45:35] run11 : poll - elapsed=2763s log_stale=73s
[2026-09-12 05:45:55] run11 : poll - elapsed=2783s log_stale=93s
[2026-09-12 05:46:15] run11 : poll - elapsed=2803s log_stale=113s
[2026-09-12 05:46:35] run11 : poll - elapsed=2823s log_stale=133s
[2026-09-12 05:46:55] run11 : poll - elapsed=2843s log_stale=153s
[2026-09-12 05:47:15] run11 : poll - elapsed=2863s log_stale=173s
[2026-09-12 05:47:35] run11 : poll - elapsed=2883s log_stale=11s
[2026-09-12 05:47:55] run11 : poll - elapsed=2903s log_stale=31s
[2026-09-12 05:48:15] run11 : poll - elapsed=2923s log_stale=51s
[2026-09-12 05:48:35] run11 : poll - elapsed=2943s log_stale=71s
[2026-09-12 05:48:55] run11 : poll - elapsed=2963s log_stale=91s
[2026-09-12 05:49:15] run11 : poll - elapsed=2983s log_stale=111s
[2026-09-12 05:49:35] run11 : poll - elapsed=3003s log_stale=131s
[2026-09-12 05:49:55] run11 : poll - elapsed=3023s log_stale=151s
[2026-09-12 05:50:15] run11 : poll - elapsed=3043s log_stale=171s
[2026-09-12 05:50:35] run11 : poll - elapsed=3063s log_stale=7s
[2026-09-12 05:50:55] run11 : poll - elapsed=3083s log_stale=27s
[2026-09-12 05:51:15] run11 : poll - elapsed=3103s log_stale=47s
[2026-09-12 05:51:35] run11 : poll - elapsed=3123s log_stale=67s
[2026-09-12 05:51:55] run11 : poll - elapsed=3143s log_stale=87s
[2026-09-12 05:52:15] run11 : poll - elapsed=3163s log_stale=107s
[2026-09-12 05:52:35] run11 : poll - elapsed=3183s log_stale=127s
[2026-09-12 05:52:55] run11 : poll - elapsed=3203s log_stale=147s
[2026-09-12 05:53:15] run11 : poll - elapsed=3223s log_stale=167s
[2026-09-12 05:53:35] run11 : poll - elapsed=3243s log_stale=5s
[2026-09-12 05:53:55] run11 : poll - elapsed=3263s log_stale=25s
[2026-09-12 05:54:15] run11 : poll - elapsed=3283s log_stale=45s
[2026-09-12 05:54:35] run11 : poll - elapsed=3303s log_stale=65s
[2026-09-12 05:54:55] run11 : poll - elapsed=3323s log_stale=85s
[2026-09-12 05:55:15] run11 : poll - elapsed=3343s log_stale=105s
[2026-09-12 05:55:35] run11 : poll - elapsed=3363s log_stale=125s
[2026-09-12 05:55:55] run11 : poll - elapsed=3383s log_stale=145s
[2026-09-12 05:56:15] run11 : poll - elapsed=3403s log_stale=165s
[2026-09-12 05:56:35] run11 : poll - elapsed=3423s log_stale=1s
[2026-09-12 05:56:55] run11 : poll - elapsed=3443s log_stale=21s
[2026-09-12 05:57:15] run11 : poll - elapsed=3463s log_stale=41s
[2026-09-12 05:57:36] run11 : poll - elapsed=3483s log_stale=61s
[2026-09-12 05:57:56] run11 : poll - elapsed=3503s log_stale=81s
[2026-09-12 05:58:16] run11 : poll - elapsed=3523s log_stale=101s
[2026-09-12 05:58:36] run11 : poll - elapsed=3543s log_stale=121s
[2026-09-12 05:58:56] run11 : poll - elapsed=3563s log_stale=141s
[2026-09-12 05:59:16] run11 : poll - elapsed=3583s log_stale=161s
[2026-09-12 05:59:36] run11 : poll - elapsed=3603s log_stale=181s
[2026-09-12 05:59:56] run11 : poll - elapsed=3623s log_stale=18s
[2026-09-12 06:00:16] run11 : poll - elapsed=3643s log_stale=38s
[2026-09-12 06:00:36] run11 : poll - elapsed=3663s log_stale=58s
[2026-09-12 06:00:56] run11 : poll - elapsed=3683s log_stale=78s
[2026-09-12 06:01:16] run11 : poll - elapsed=3703s log_stale=98s
[2026-09-12 06:01:36] run11 : poll - elapsed=3723s log_stale=118s
[2026-09-12 06:01:56] run11 : poll - elapsed=3744s log_stale=138s
[2026-09-12 06:02:16] run11 : poll - elapsed=3764s log_stale=158s
[2026-09-12 06:02:36] run11 : poll - elapsed=3784s log_stale=178s
[2026-09-12 06:02:56] run11 : poll - elapsed=3804s log_stale=15s
[2026-09-12 06:03:16] run11 : poll - elapsed=3824s log_stale=35s
[2026-09-12 06:03:36] run11 : poll - elapsed=3844s log_stale=55s
[2026-09-12 06:03:56] run11 : poll - elapsed=3864s log_stale=75s
[2026-09-12 06:04:16] run11 : poll - elapsed=3884s log_stale=95s
[2026-09-12 06:04:36] run11 : poll - elapsed=3904s log_stale=115s
[2026-09-12 06:04:56] run11 : poll - elapsed=3924s log_stale=135s
[2026-09-12 06:05:16] run11 : poll - elapsed=3944s log_stale=155s
[2026-09-12 06:05:36] run11 : poll - elapsed=3964s log_stale=175s
[2026-09-12 06:05:56] run11 : THANH CONG - D:\ResearchLab\02_Projects\02_Projects\MOSFOA paper 2\code\results\MOSFOA2_B_Np8_Maxit20_run11_FINAL.mat da xuat hien.
[2026-09-12 06:05:56] ----- Bat dau run12 (12/20) -----
[2026-09-12 06:06:00] run12 : launching MATLAB (attempt 1)
[2026-09-12 06:06:20] run12 : poll - elapsed=20s log_stale=9s
[2026-09-12 06:06:40] run12 : poll - elapsed=40s log_stale=16s
[2026-09-12 06:07:00] run12 : poll - elapsed=60s log_stale=36s
[2026-09-12 06:07:20] run12 : poll - elapsed=80s log_stale=56s
[2026-09-12 06:07:40] run12 : poll - elapsed=100s log_stale=76s
[2026-09-12 06:08:00] run12 : poll - elapsed=120s log_stale=96s
[2026-09-12 06:08:20] run12 : poll - elapsed=140s log_stale=116s
[2026-09-12 06:08:40] run12 : poll - elapsed=160s log_stale=136s
[2026-09-12 06:09:00] run12 : poll - elapsed=180s log_stale=156s
[2026-09-12 06:09:20] run12 : poll - elapsed=200s log_stale=176s
[2026-09-12 06:09:40] run12 : poll - elapsed=220s log_stale=196s
[2026-09-12 06:10:00] run12 : poll - elapsed=240s log_stale=216s
[2026-09-12 06:10:20] run12 : poll - elapsed=260s log_stale=12s
[2026-09-12 06:10:40] run12 : poll - elapsed=280s log_stale=32s
[2026-09-12 06:11:00] run12 : poll - elapsed=300s log_stale=52s
[2026-09-12 06:11:20] run12 : poll - elapsed=320s log_stale=72s
[2026-09-12 06:11:40] run12 : poll - elapsed=340s log_stale=92s
[2026-09-12 06:12:00] run12 : poll - elapsed=360s log_stale=112s
[2026-09-12 06:12:20] run12 : poll - elapsed=380s log_stale=132s
[2026-09-12 06:12:40] run12 : poll - elapsed=400s log_stale=152s
[2026-09-12 06:13:00] run12 : poll - elapsed=420s log_stale=172s
[2026-09-12 06:13:20] run12 : poll - elapsed=440s log_stale=6s
[2026-09-12 06:13:40] run12 : poll - elapsed=460s log_stale=26s
[2026-09-12 06:14:00] run12 : poll - elapsed=480s log_stale=46s
[2026-09-12 06:14:20] run12 : poll - elapsed=500s log_stale=66s
[2026-09-12 06:14:40] run12 : poll - elapsed=520s log_stale=86s
[2026-09-12 06:15:00] run12 : poll - elapsed=540s log_stale=106s
[2026-09-12 06:15:20] run12 : poll - elapsed=560s log_stale=126s
[2026-09-12 06:15:40] run12 : poll - elapsed=581s log_stale=146s
[2026-09-12 06:16:00] run12 : poll - elapsed=601s log_stale=166s
[2026-09-12 06:16:20] run12 : poll - elapsed=621s log_stale=186s
[2026-09-12 06:16:40] run12 : poll - elapsed=641s log_stale=18s
[2026-09-12 06:17:00] run12 : poll - elapsed=661s log_stale=38s
[2026-09-12 06:17:20] run12 : poll - elapsed=681s log_stale=58s
[2026-09-12 06:17:40] run12 : poll - elapsed=701s log_stale=78s
[2026-09-12 06:18:00] run12 : poll - elapsed=721s log_stale=98s
[2026-09-12 06:18:20] run12 : poll - elapsed=741s log_stale=118s
[2026-09-12 06:18:40] run12 : poll - elapsed=761s log_stale=138s
[2026-09-12 06:19:00] run12 : poll - elapsed=781s log_stale=158s
[2026-09-12 06:19:20] run12 : poll - elapsed=801s log_stale=178s
[2026-09-12 06:19:40] run12 : poll - elapsed=821s log_stale=14s
[2026-09-12 06:20:00] run12 : poll - elapsed=841s log_stale=34s
[2026-09-12 06:20:20] run12 : poll - elapsed=861s log_stale=54s
[2026-09-12 06:20:40] run12 : poll - elapsed=881s log_stale=74s
[2026-09-12 06:21:00] run12 : poll - elapsed=901s log_stale=94s
[2026-09-12 06:21:20] run12 : poll - elapsed=921s log_stale=114s
[2026-09-12 06:21:40] run12 : poll - elapsed=941s log_stale=134s
[2026-09-12 06:22:00] run12 : poll - elapsed=961s log_stale=154s
[2026-09-12 06:22:20] run12 : poll - elapsed=981s log_stale=174s
[2026-09-12 06:22:40] run12 : poll - elapsed=1001s log_stale=10s
[2026-09-12 06:23:00] run12 : poll - elapsed=1021s log_stale=30s
[2026-09-12 06:23:21] run12 : poll - elapsed=1041s log_stale=50s
[2026-09-12 06:23:41] run12 : poll - elapsed=1061s log_stale=70s
[2026-09-12 06:24:01] run12 : poll - elapsed=1081s log_stale=90s
[2026-09-12 06:24:21] run12 : poll - elapsed=1101s log_stale=110s
[2026-09-12 06:24:41] run12 : poll - elapsed=1121s log_stale=130s
[2026-09-12 06:25:01] run12 : poll - elapsed=1141s log_stale=150s
[2026-09-12 06:25:21] run12 : poll - elapsed=1161s log_stale=170s
[2026-09-12 06:25:41] run12 : poll - elapsed=1181s log_stale=3s
[2026-09-12 06:26:01] run12 : poll - elapsed=1201s log_stale=23s
[2026-09-12 06:26:21] run12 : poll - elapsed=1221s log_stale=43s
[2026-09-12 06:26:41] run12 : poll - elapsed=1241s log_stale=63s
[2026-09-12 06:27:01] run12 : poll - elapsed=1261s log_stale=83s
[2026-09-12 06:27:21] run12 : poll - elapsed=1281s log_stale=103s
[2026-09-12 06:27:41] run12 : poll - elapsed=1301s log_stale=123s
[2026-09-12 06:28:01] run12 : poll - elapsed=1321s log_stale=143s
[2026-09-12 06:28:21] run12 : poll - elapsed=1341s log_stale=163s
[2026-09-12 06:28:41] run12 : poll - elapsed=1361s log_stale=183s
[2026-09-12 06:29:01] run12 : poll - elapsed=1381s log_stale=16s
[2026-09-12 06:29:21] run12 : poll - elapsed=1401s log_stale=36s
[2026-09-12 06:29:41] run12 : poll - elapsed=1421s log_stale=56s
[2026-09-12 06:30:01] run12 : poll - elapsed=1441s log_stale=76s
[2026-09-12 06:30:21] run12 : poll - elapsed=1461s log_stale=96s
[2026-09-12 06:30:41] run12 : poll - elapsed=1481s log_stale=116s
[2026-09-12 06:31:01] run12 : poll - elapsed=1501s log_stale=136s
[2026-09-12 06:31:21] run12 : poll - elapsed=1521s log_stale=156s
[2026-09-12 06:31:41] run12 : poll - elapsed=1541s log_stale=176s
[2026-09-12 06:32:01] run12 : poll - elapsed=1561s log_stale=9s
[2026-09-12 06:32:21] run12 : poll - elapsed=1581s log_stale=29s
[2026-09-12 06:32:41] run12 : poll - elapsed=1601s log_stale=49s
[2026-09-12 06:33:01] run12 : poll - elapsed=1621s log_stale=69s
[2026-09-12 06:33:21] run12 : poll - elapsed=1641s log_stale=89s
[2026-09-12 06:33:41] run12 : poll - elapsed=1661s log_stale=109s
[2026-09-12 06:34:01] run12 : poll - elapsed=1681s log_stale=129s
[2026-09-12 06:34:21] run12 : poll - elapsed=1702s log_stale=149s
[2026-09-12 06:34:41] run12 : poll - elapsed=1722s log_stale=169s
[2026-09-12 06:35:01] run12 : poll - elapsed=1742s log_stale=4s
[2026-09-12 06:35:21] run12 : poll - elapsed=1762s log_stale=24s
[2026-09-12 06:35:41] run12 : poll - elapsed=1782s log_stale=44s
[2026-09-12 06:36:01] run12 : poll - elapsed=1802s log_stale=64s
[2026-09-12 06:36:21] run12 : poll - elapsed=1822s log_stale=84s
[2026-09-12 06:36:41] run12 : poll - elapsed=1842s log_stale=104s
[2026-09-12 06:37:01] run12 : poll - elapsed=1862s log_stale=124s
[2026-09-12 06:37:21] run12 : poll - elapsed=1882s log_stale=144s
[2026-09-12 06:37:41] run12 : poll - elapsed=1902s log_stale=164s
[2026-09-12 06:38:01] run12 : poll - elapsed=1922s log_stale=2s
[2026-09-12 06:38:21] run12 : poll - elapsed=1942s log_stale=22s
[2026-09-12 06:38:41] run12 : poll - elapsed=1962s log_stale=42s
[2026-09-12 06:39:01] run12 : poll - elapsed=1982s log_stale=62s
[2026-09-12 06:39:21] run12 : poll - elapsed=2002s log_stale=82s
[2026-09-12 06:39:41] run12 : poll - elapsed=2022s log_stale=102s
[2026-09-12 06:40:01] run12 : poll - elapsed=2042s log_stale=122s
[2026-09-12 06:40:22] run12 : poll - elapsed=2062s log_stale=142s
[2026-09-12 06:40:42] run12 : poll - elapsed=2082s log_stale=162s
[2026-09-12 06:41:02] run12 : poll - elapsed=2102s log_stale=1s
[2026-09-12 06:41:22] run12 : poll - elapsed=2122s log_stale=21s
[2026-09-12 06:41:42] run12 : poll - elapsed=2142s log_stale=41s
[2026-09-12 06:42:02] run12 : poll - elapsed=2162s log_stale=61s
[2026-09-12 06:42:22] run12 : poll - elapsed=2182s log_stale=81s
[2026-09-12 06:42:42] run12 : poll - elapsed=2202s log_stale=101s
[2026-09-12 06:43:02] run12 : poll - elapsed=2222s log_stale=121s
[2026-09-12 06:43:22] run12 : poll - elapsed=2242s log_stale=141s
[2026-09-12 06:43:42] run12 : poll - elapsed=2262s log_stale=161s
[2026-09-12 06:44:02] run12 : poll - elapsed=2282s log_stale=181s
[2026-09-12 06:44:22] run12 : poll - elapsed=2302s log_stale=17s
[2026-09-12 06:44:42] run12 : poll - elapsed=2322s log_stale=37s
[2026-09-12 06:45:02] run12 : poll - elapsed=2342s log_stale=57s
[2026-09-12 06:45:22] run12 : poll - elapsed=2362s log_stale=77s
[2026-09-12 06:45:42] run12 : poll - elapsed=2382s log_stale=97s
[2026-09-12 06:46:02] run12 : poll - elapsed=2402s log_stale=117s
[2026-09-12 06:46:22] run12 : poll - elapsed=2422s log_stale=137s
[2026-09-12 06:46:42] run12 : poll - elapsed=2442s log_stale=157s
[2026-09-12 06:47:02] run12 : poll - elapsed=2462s log_stale=177s
[2026-09-12 06:47:22] run12 : poll - elapsed=2482s log_stale=13s
[2026-09-12 06:47:42] run12 : poll - elapsed=2502s log_stale=33s
[2026-09-12 06:48:02] run12 : poll - elapsed=2522s log_stale=53s
[2026-09-12 06:48:22] run12 : poll - elapsed=2542s log_stale=73s
[2026-09-12 06:48:42] run12 : poll - elapsed=2562s log_stale=93s
[2026-09-12 06:49:02] run12 : poll - elapsed=2582s log_stale=113s
[2026-09-12 06:49:22] run12 : poll - elapsed=2602s log_stale=133s
[2026-09-12 06:49:42] run12 : poll - elapsed=2622s log_stale=153s
[2026-09-12 06:50:02] run12 : poll - elapsed=2642s log_stale=173s
[2026-09-12 06:50:22] run12 : poll - elapsed=2662s log_stale=9s
[2026-09-12 06:50:42] run12 : poll - elapsed=2682s log_stale=29s
[2026-09-12 06:51:02] run12 : poll - elapsed=2703s log_stale=49s
[2026-09-12 06:51:22] run12 : poll - elapsed=2723s log_stale=69s
[2026-09-12 06:51:42] run12 : poll - elapsed=2743s log_stale=89s
[2026-09-12 06:52:02] run12 : poll - elapsed=2763s log_stale=109s
[2026-09-12 06:52:22] run12 : poll - elapsed=2783s log_stale=129s
[2026-09-12 06:52:42] run12 : poll - elapsed=2803s log_stale=149s
[2026-09-12 06:53:02] run12 : poll - elapsed=2823s log_stale=169s
[2026-09-12 06:53:22] run12 : poll - elapsed=2843s log_stale=6s
[2026-09-12 06:53:42] run12 : poll - elapsed=2863s log_stale=26s
[2026-09-12 06:54:02] run12 : poll - elapsed=2883s log_stale=46s
[2026-09-12 06:54:22] run12 : poll - elapsed=2903s log_stale=66s
[2026-09-12 06:54:42] run12 : poll - elapsed=2923s log_stale=86s
[2026-09-12 06:55:02] run12 : poll - elapsed=2943s log_stale=106s
[2026-09-12 06:55:22] run12 : poll - elapsed=2963s log_stale=126s
[2026-09-12 06:55:42] run12 : poll - elapsed=2983s log_stale=146s
[2026-09-12 06:56:02] run12 : poll - elapsed=3003s log_stale=166s
[2026-09-12 06:56:22] run12 : poll - elapsed=3023s log_stale=0s
[2026-09-12 06:56:42] run12 : poll - elapsed=3043s log_stale=20s
[2026-09-12 06:57:02] run12 : poll - elapsed=3063s log_stale=40s
[2026-09-12 06:57:22] run12 : poll - elapsed=3083s log_stale=60s
[2026-09-12 06:57:42] run12 : poll - elapsed=3103s log_stale=80s
[2026-09-12 06:58:03] run12 : poll - elapsed=3123s log_stale=100s
[2026-09-12 06:58:23] run12 : poll - elapsed=3143s log_stale=121s
[2026-09-12 06:58:43] run12 : poll - elapsed=3163s log_stale=141s
[2026-09-12 06:59:03] run12 : poll - elapsed=3183s log_stale=161s
[2026-09-12 06:59:23] run12 : poll - elapsed=3203s log_stale=181s
[2026-09-12 06:59:43] run12 : poll - elapsed=3223s log_stale=15s
[2026-09-12 07:00:03] run12 : poll - elapsed=3243s log_stale=35s
[2026-09-12 07:00:23] run12 : poll - elapsed=3263s log_stale=55s
[2026-09-12 07:00:43] run12 : poll - elapsed=3283s log_stale=75s
[2026-09-12 07:01:03] run12 : poll - elapsed=3303s log_stale=95s
[2026-09-12 07:01:23] run12 : poll - elapsed=3323s log_stale=115s
[2026-09-12 07:01:43] run12 : poll - elapsed=3343s log_stale=135s
[2026-09-12 07:02:03] run12 : poll - elapsed=3363s log_stale=156s
[2026-09-12 07:02:23] run12 : poll - elapsed=3383s log_stale=176s
[2026-09-12 07:02:43] run12 : poll - elapsed=3403s log_stale=10s
[2026-09-12 07:03:03] run12 : poll - elapsed=3423s log_stale=30s
[2026-09-12 07:03:23] run12 : poll - elapsed=3443s log_stale=50s
[2026-09-12 07:03:43] run12 : poll - elapsed=3463s log_stale=70s
[2026-09-12 07:04:03] run12 : poll - elapsed=3483s log_stale=90s
[2026-09-12 07:04:23] run12 : poll - elapsed=3503s log_stale=110s
[2026-09-12 07:04:43] run12 : poll - elapsed=3523s log_stale=131s
[2026-09-12 07:05:03] run12 : poll - elapsed=3543s log_stale=151s
[2026-09-12 07:05:23] run12 : poll - elapsed=3563s log_stale=171s
[2026-09-12 07:05:43] run12 : poll - elapsed=3583s log_stale=7s
[2026-09-12 07:06:03] run12 : poll - elapsed=3603s log_stale=27s
[2026-09-12 07:06:23] run12 : poll - elapsed=3623s log_stale=47s
[2026-09-12 07:06:43] run12 : poll - elapsed=3643s log_stale=67s
[2026-09-12 07:07:03] run12 : poll - elapsed=3663s log_stale=87s
[2026-09-12 07:07:23] run12 : poll - elapsed=3683s log_stale=107s
[2026-09-12 07:07:43] run12 : poll - elapsed=3704s log_stale=127s
[2026-09-12 07:08:03] run12 : poll - elapsed=3724s log_stale=147s
[2026-09-12 07:08:23] run12 : poll - elapsed=3744s log_stale=167s
[2026-09-12 07:08:43] run12 : poll - elapsed=3764s log_stale=4s
[2026-09-12 07:09:03] run12 : poll - elapsed=3784s log_stale=24s
[2026-09-12 07:09:23] run12 : poll - elapsed=3804s log_stale=44s
[2026-09-12 07:09:43] run12 : poll - elapsed=3824s log_stale=64s
[2026-09-12 07:10:03] run12 : poll - elapsed=3844s log_stale=85s
[2026-09-12 07:10:23] run12 : poll - elapsed=3864s log_stale=105s
[2026-09-12 07:10:43] run12 : poll - elapsed=3884s log_stale=125s
[2026-09-12 07:11:03] run12 : poll - elapsed=3904s log_stale=145s
[2026-09-12 07:11:23] run12 : poll - elapsed=3924s log_stale=165s
[2026-09-12 07:11:43] run12 : THANH CONG - D:\ResearchLab\02_Projects\02_Projects\MOSFOA paper 2\code\results\MOSFOA2_B_Np8_Maxit20_run12_FINAL.mat da xuat hien.
[2026-09-12 07:11:43] ----- Bat dau run13 (13/20) -----
[2026-09-12 07:11:47] run13 : launching MATLAB (attempt 1)
[2026-09-12 07:12:07] run13 : poll - elapsed=20s log_stale=9s
[2026-09-12 07:12:27] run13 : poll - elapsed=40s log_stale=15s
[2026-09-12 07:12:47] run13 : poll - elapsed=60s log_stale=35s
[2026-09-12 07:13:07] run13 : poll - elapsed=80s log_stale=56s
[2026-09-12 07:13:27] run13 : poll - elapsed=100s log_stale=76s
[2026-09-12 07:13:47] run13 : poll - elapsed=120s log_stale=96s
[2026-09-12 07:14:07] run13 : poll - elapsed=140s log_stale=116s
[2026-09-12 07:14:27] run13 : poll - elapsed=160s log_stale=136s
[2026-09-12 07:14:47] run13 : poll - elapsed=180s log_stale=156s
[2026-09-12 07:15:07] run13 : poll - elapsed=200s log_stale=176s
[2026-09-12 07:15:27] run13 : poll - elapsed=220s log_stale=196s
[2026-09-12 07:15:47] run13 : poll - elapsed=240s log_stale=216s
[2026-09-12 07:16:07] run13 : poll - elapsed=260s log_stale=11s
[2026-09-12 07:16:27] run13 : poll - elapsed=280s log_stale=31s
[2026-09-12 07:16:47] run13 : poll - elapsed=300s log_stale=51s
[2026-09-12 07:17:07] run13 : poll - elapsed=320s log_stale=71s
[2026-09-12 07:17:27] run13 : poll - elapsed=340s log_stale=91s
[2026-09-12 07:17:47] run13 : poll - elapsed=360s log_stale=111s
[2026-09-12 07:18:07] run13 : poll - elapsed=380s log_stale=131s
[2026-09-12 07:18:27] run13 : poll - elapsed=400s log_stale=151s
[2026-09-12 07:18:47] run13 : poll - elapsed=420s log_stale=171s
[2026-09-12 07:19:07] run13 : poll - elapsed=440s log_stale=5s
[2026-09-12 07:19:27] run13 : poll - elapsed=460s log_stale=25s
[2026-09-12 07:19:47] run13 : poll - elapsed=480s log_stale=45s
[2026-09-12 07:20:07] run13 : poll - elapsed=500s log_stale=65s
[2026-09-12 07:20:28] run13 : poll - elapsed=521s log_stale=85s
[2026-09-12 07:20:48] run13 : poll - elapsed=541s log_stale=105s
[2026-09-12 07:21:08] run13 : poll - elapsed=561s log_stale=125s
[2026-09-12 07:21:28] run13 : poll - elapsed=581s log_stale=145s
[2026-09-12 07:21:48] run13 : poll - elapsed=601s log_stale=165s
[2026-09-12 07:22:08] run13 : poll - elapsed=621s log_stale=1s
[2026-09-12 07:22:28] run13 : poll - elapsed=641s log_stale=21s
[2026-09-12 07:22:48] run13 : poll - elapsed=661s log_stale=41s
[2026-09-12 07:23:08] run13 : poll - elapsed=681s log_stale=61s
[2026-09-12 07:23:28] run13 : poll - elapsed=701s log_stale=81s
[2026-09-12 07:23:48] run13 : poll - elapsed=721s log_stale=101s
[2026-09-12 07:24:08] run13 : poll - elapsed=741s log_stale=121s
[2026-09-12 07:24:28] run13 : poll - elapsed=761s log_stale=141s
[2026-09-12 07:24:48] run13 : poll - elapsed=781s log_stale=161s
[2026-09-12 07:25:08] run13 : poll - elapsed=801s log_stale=181s
[2026-09-12 07:25:28] run13 : poll - elapsed=821s log_stale=14s
[2026-09-12 07:25:48] run13 : poll - elapsed=841s log_stale=34s
[2026-09-12 07:26:08] run13 : poll - elapsed=861s log_stale=54s
[2026-09-12 07:26:28] run13 : poll - elapsed=881s log_stale=74s
[2026-09-12 07:26:48] run13 : poll - elapsed=901s log_stale=94s
[2026-09-12 07:27:08] run13 : poll - elapsed=921s log_stale=114s
[2026-09-12 07:27:28] run13 : poll - elapsed=941s log_stale=134s
[2026-09-12 07:27:48] run13 : poll - elapsed=961s log_stale=154s
[2026-09-12 07:28:08] run13 : poll - elapsed=981s log_stale=174s
[2026-09-12 07:28:28] run13 : poll - elapsed=1001s log_stale=10s
[2026-09-12 07:28:48] run13 : poll - elapsed=1021s log_stale=30s
[2026-09-12 07:29:08] run13 : poll - elapsed=1041s log_stale=50s
[2026-09-12 07:29:28] run13 : poll - elapsed=1061s log_stale=70s
[2026-09-12 07:29:48] run13 : poll - elapsed=1081s log_stale=90s
[2026-09-12 07:30:08] run13 : poll - elapsed=1101s log_stale=110s
[2026-09-12 07:30:28] run13 : poll - elapsed=1121s log_stale=130s
[2026-09-12 07:30:48] run13 : poll - elapsed=1141s log_stale=150s
[2026-09-12 07:31:08] run13 : poll - elapsed=1161s log_stale=170s
[2026-09-12 07:31:28] run13 : poll - elapsed=1181s log_stale=3s
[2026-09-12 07:31:48] run13 : poll - elapsed=1201s log_stale=23s
[2026-09-12 07:32:08] run13 : poll - elapsed=1221s log_stale=43s
[2026-09-12 07:32:28] run13 : poll - elapsed=1241s log_stale=63s
[2026-09-12 07:32:48] run13 : poll - elapsed=1261s log_stale=83s
[2026-09-12 07:33:08] run13 : poll - elapsed=1281s log_stale=103s
[2026-09-12 07:33:28] run13 : poll - elapsed=1301s log_stale=123s
[2026-09-12 07:33:48] run13 : poll - elapsed=1321s log_stale=143s
[2026-09-12 07:34:08] run13 : poll - elapsed=1341s log_stale=163s
[2026-09-12 07:34:28] run13 : poll - elapsed=1361s log_stale=183s
[2026-09-12 07:34:48] run13 : poll - elapsed=1381s log_stale=16s
[2026-09-12 07:35:08] run13 : poll - elapsed=1401s log_stale=36s
[2026-09-12 07:35:28] run13 : poll - elapsed=1421s log_stale=56s
[2026-09-12 07:35:48] run13 : poll - elapsed=1441s log_stale=76s
[2026-09-12 07:36:08] run13 : poll - elapsed=1461s log_stale=96s
[2026-09-12 07:36:28] run13 : poll - elapsed=1481s log_stale=116s
[2026-09-12 07:36:48] run13 : poll - elapsed=1501s log_stale=136s
[2026-09-12 07:37:08] run13 : poll - elapsed=1521s log_stale=156s
[2026-09-12 07:37:28] run13 : poll - elapsed=1541s log_stale=176s
[2026-09-12 07:37:48] run13 : poll - elapsed=1561s log_stale=13s
[2026-09-12 07:38:08] run13 : poll - elapsed=1582s log_stale=33s
[2026-09-12 07:38:29] run13 : poll - elapsed=1602s log_stale=53s
[2026-09-12 07:38:49] run13 : poll - elapsed=1622s log_stale=73s
[2026-09-12 07:39:09] run13 : poll - elapsed=1642s log_stale=93s
[2026-09-12 07:39:29] run13 : poll - elapsed=1662s log_stale=113s
[2026-09-12 07:39:49] run13 : poll - elapsed=1682s log_stale=133s
[2026-09-12 07:40:09] run13 : poll - elapsed=1702s log_stale=153s
[2026-09-12 07:40:29] run13 : poll - elapsed=1722s log_stale=174s
[2026-09-12 07:40:49] run13 : poll - elapsed=1742s log_stale=11s
[2026-09-12 07:41:09] run13 : poll - elapsed=1762s log_stale=31s
[2026-09-12 07:41:29] run13 : poll - elapsed=1782s log_stale=51s
[2026-09-12 07:41:49] run13 : poll - elapsed=1802s log_stale=71s
[2026-09-12 07:42:09] run13 : poll - elapsed=1822s log_stale=91s
[2026-09-12 07:42:29] run13 : poll - elapsed=1842s log_stale=111s
[2026-09-12 07:42:49] run13 : poll - elapsed=1862s log_stale=131s
[2026-09-12 07:43:09] run13 : poll - elapsed=1882s log_stale=151s
[2026-09-12 07:43:29] run13 : poll - elapsed=1902s log_stale=171s
[2026-09-12 07:43:49] run13 : poll - elapsed=1922s log_stale=8s
[2026-09-12 07:44:09] run13 : poll - elapsed=1942s log_stale=28s
[2026-09-12 07:44:29] run13 : poll - elapsed=1962s log_stale=48s
[2026-09-12 07:44:49] run13 : poll - elapsed=1982s log_stale=68s
[2026-09-12 07:45:09] run13 : poll - elapsed=2002s log_stale=88s
[2026-09-12 07:45:29] run13 : poll - elapsed=2022s log_stale=108s
[2026-09-12 07:45:49] run13 : poll - elapsed=2042s log_stale=128s
[2026-09-12 07:46:09] run13 : poll - elapsed=2062s log_stale=148s
[2026-09-12 07:46:29] run13 : poll - elapsed=2082s log_stale=168s
[2026-09-12 07:46:49] run13 : poll - elapsed=2102s log_stale=4s
[2026-09-12 07:47:09] run13 : poll - elapsed=2122s log_stale=24s
[2026-09-12 07:47:29] run13 : poll - elapsed=2142s log_stale=44s
[2026-09-12 07:47:49] run13 : poll - elapsed=2162s log_stale=64s
[2026-09-12 07:48:09] run13 : poll - elapsed=2182s log_stale=84s
[2026-09-12 07:48:29] run13 : poll - elapsed=2202s log_stale=104s
[2026-09-12 07:48:49] run13 : poll - elapsed=2222s log_stale=124s
[2026-09-12 07:49:09] run13 : poll - elapsed=2242s log_stale=144s
[2026-09-12 07:49:29] run13 : poll - elapsed=2262s log_stale=164s
[2026-09-12 07:49:49] run13 : poll - elapsed=2282s log_stale=184s
[2026-09-12 07:50:09] run13 : poll - elapsed=2302s log_stale=18s
[2026-09-12 07:50:29] run13 : poll - elapsed=2322s log_stale=39s
[2026-09-12 07:50:49] run13 : poll - elapsed=2342s log_stale=59s
[2026-09-12 07:51:09] run13 : poll - elapsed=2362s log_stale=79s
[2026-09-12 07:51:29] run13 : poll - elapsed=2382s log_stale=99s
[2026-09-12 07:51:49] run13 : poll - elapsed=2402s log_stale=119s
[2026-09-12 07:52:09] run13 : poll - elapsed=2422s log_stale=139s
[2026-09-12 07:52:29] run13 : poll - elapsed=2442s log_stale=159s
[2026-09-12 07:52:49] run13 : poll - elapsed=2462s log_stale=179s
[2026-09-12 07:53:09] run13 : poll - elapsed=2482s log_stale=12s
[2026-09-12 07:53:29] run13 : poll - elapsed=2502s log_stale=32s
[2026-09-12 07:53:49] run13 : poll - elapsed=2522s log_stale=52s
[2026-09-12 07:54:09] run13 : poll - elapsed=2542s log_stale=72s
[2026-09-12 07:54:29] run13 : poll - elapsed=2562s log_stale=92s
[2026-09-12 07:54:49] run13 : poll - elapsed=2582s log_stale=112s
[2026-09-12 07:55:09] run13 : poll - elapsed=2602s log_stale=132s
[2026-09-12 07:55:29] run13 : poll - elapsed=2622s log_stale=152s
[2026-09-12 07:55:49] run13 : poll - elapsed=2642s log_stale=172s
[2026-09-12 07:56:09] run13 : poll - elapsed=2662s log_stale=7s
[2026-09-12 07:56:29] run13 : poll - elapsed=2682s log_stale=27s
[2026-09-12 07:56:49] run13 : poll - elapsed=2702s log_stale=47s
[2026-09-12 07:57:10] run13 : poll - elapsed=2723s log_stale=67s
[2026-09-12 07:57:30] run13 : poll - elapsed=2743s log_stale=87s
[2026-09-12 07:57:50] run13 : poll - elapsed=2763s log_stale=107s
[2026-09-12 07:58:10] run13 : poll - elapsed=2783s log_stale=127s
[2026-09-12 07:58:30] run13 : poll - elapsed=2803s log_stale=147s
[2026-09-12 07:58:50] run13 : poll - elapsed=2823s log_stale=167s
[2026-09-12 07:59:10] run13 : poll - elapsed=2843s log_stale=4s
[2026-09-12 07:59:30] run13 : poll - elapsed=2863s log_stale=24s
[2026-09-12 07:59:50] run13 : poll - elapsed=2883s log_stale=44s
[2026-09-12 08:00:10] run13 : poll - elapsed=2903s log_stale=64s
[2026-09-12 08:00:30] run13 : poll - elapsed=2923s log_stale=84s
[2026-09-12 08:00:50] run13 : poll - elapsed=2943s log_stale=104s
[2026-09-12 08:01:10] run13 : poll - elapsed=2963s log_stale=124s
[2026-09-12 08:01:30] run13 : poll - elapsed=2983s log_stale=144s
[2026-09-12 08:01:50] run13 : poll - elapsed=3003s log_stale=164s
[2026-09-12 08:02:10] run13 : poll - elapsed=3023s log_stale=184s
[2026-09-12 08:02:30] run13 : poll - elapsed=3043s log_stale=19s
[2026-09-12 08:02:50] run13 : poll - elapsed=3063s log_stale=39s
[2026-09-12 08:03:10] run13 : poll - elapsed=3083s log_stale=59s
[2026-09-12 08:03:30] run13 : poll - elapsed=3103s log_stale=79s
[2026-09-12 08:03:50] run13 : poll - elapsed=3123s log_stale=99s
[2026-09-12 08:04:10] run13 : poll - elapsed=3143s log_stale=119s
[2026-09-12 08:04:30] run13 : poll - elapsed=3163s log_stale=139s
[2026-09-12 08:04:50] run13 : poll - elapsed=3183s log_stale=159s
[2026-09-12 08:05:10] run13 : poll - elapsed=3203s log_stale=179s
[2026-09-12 08:05:30] run13 : poll - elapsed=3223s log_stale=15s
[2026-09-12 08:05:50] run13 : poll - elapsed=3243s log_stale=35s
[2026-09-12 08:06:10] run13 : poll - elapsed=3263s log_stale=55s
[2026-09-12 08:06:30] run13 : poll - elapsed=3283s log_stale=75s
[2026-09-12 08:06:50] run13 : poll - elapsed=3303s log_stale=95s
[2026-09-12 08:07:10] run13 : poll - elapsed=3323s log_stale=115s
[2026-09-12 08:07:30] run13 : poll - elapsed=3343s log_stale=135s
[2026-09-12 08:07:50] run13 : poll - elapsed=3363s log_stale=155s
[2026-09-12 08:08:10] run13 : poll - elapsed=3383s log_stale=175s
[2026-09-12 08:08:30] run13 : poll - elapsed=3403s log_stale=9s
[2026-09-12 08:08:50] run13 : poll - elapsed=3423s log_stale=29s
[2026-09-12 08:09:10] run13 : poll - elapsed=3443s log_stale=49s
[2026-09-12 08:09:30] run13 : poll - elapsed=3463s log_stale=69s
[2026-09-12 08:09:50] run13 : poll - elapsed=3483s log_stale=89s
[2026-09-12 08:10:10] run13 : poll - elapsed=3503s log_stale=109s
[2026-09-12 08:10:30] run13 : poll - elapsed=3523s log_stale=129s
[2026-09-12 08:10:50] run13 : poll - elapsed=3543s log_stale=149s
[2026-09-12 08:11:10] run13 : poll - elapsed=3563s log_stale=170s
[2026-09-12 08:11:30] run13 : poll - elapsed=3583s log_stale=6s
[2026-09-12 08:11:50] run13 : poll - elapsed=3603s log_stale=26s
[2026-09-12 08:12:10] run13 : poll - elapsed=3623s log_stale=46s
[2026-09-12 08:12:30] run13 : poll - elapsed=3643s log_stale=66s
[2026-09-12 08:12:50] run13 : poll - elapsed=3663s log_stale=86s
[2026-09-12 08:13:10] run13 : poll - elapsed=3683s log_stale=106s
[2026-09-12 08:13:30] run13 : poll - elapsed=3703s log_stale=126s
[2026-09-12 08:13:50] run13 : poll - elapsed=3723s log_stale=146s
[2026-09-12 08:14:10] run13 : poll - elapsed=3743s log_stale=166s
[2026-09-12 08:14:30] run13 : poll - elapsed=3763s log_stale=1s
[2026-09-12 08:14:50] run13 : poll - elapsed=3783s log_stale=21s
[2026-09-12 08:15:11] run13 : poll - elapsed=3804s log_stale=41s
[2026-09-12 08:15:31] run13 : poll - elapsed=3824s log_stale=61s
[2026-09-12 08:15:51] run13 : poll - elapsed=3844s log_stale=81s
[2026-09-12 08:16:11] run13 : poll - elapsed=3864s log_stale=101s
[2026-09-12 08:16:31] run13 : poll - elapsed=3884s log_stale=121s
[2026-09-12 08:16:51] run13 : poll - elapsed=3904s log_stale=141s
[2026-09-12 08:17:11] run13 : poll - elapsed=3924s log_stale=161s
[2026-09-12 08:17:31] run13 : poll - elapsed=3944s log_stale=181s
[2026-09-12 08:17:51] run13 : THANH CONG - D:\ResearchLab\02_Projects\02_Projects\MOSFOA paper 2\code\results\MOSFOA2_B_Np8_Maxit20_run13_FINAL.mat da xuat hien.
[2026-09-12 08:17:51] ----- Bat dau run14 (14/20) -----
[2026-09-12 08:17:54] run14 : launching MATLAB (attempt 1)
[2026-09-12 08:18:14] run14 : poll - elapsed=20s log_stale=9s
[2026-09-12 08:18:34] run14 : poll - elapsed=40s log_stale=15s
[2026-09-12 08:18:54] run14 : poll - elapsed=60s log_stale=35s
[2026-09-12 08:19:14] run14 : poll - elapsed=80s log_stale=55s
[2026-09-12 08:19:34] run14 : poll - elapsed=100s log_stale=75s
[2026-09-12 08:19:54] run14 : poll - elapsed=120s log_stale=95s
[2026-09-12 08:20:14] run14 : poll - elapsed=140s log_stale=115s
[2026-09-12 08:20:34] run14 : poll - elapsed=160s log_stale=135s
[2026-09-12 08:20:54] run14 : poll - elapsed=180s log_stale=155s
[2026-09-12 08:21:14] run14 : poll - elapsed=200s log_stale=175s
[2026-09-12 08:21:35] run14 : poll - elapsed=220s log_stale=195s
[2026-09-12 08:21:55] run14 : poll - elapsed=240s log_stale=215s
[2026-09-12 08:22:15] run14 : poll - elapsed=260s log_stale=6s
[2026-09-12 08:22:35] run14 : poll - elapsed=280s log_stale=26s
[2026-09-12 08:22:55] run14 : poll - elapsed=300s log_stale=46s
[2026-09-12 08:23:15] run14 : poll - elapsed=320s log_stale=66s
[2026-09-12 08:23:35] run14 : poll - elapsed=340s log_stale=86s
[2026-09-12 08:23:55] run14 : poll - elapsed=360s log_stale=106s
[2026-09-12 08:24:15] run14 : poll - elapsed=380s log_stale=126s
[2026-09-12 08:24:35] run14 : poll - elapsed=400s log_stale=146s
[2026-09-12 08:24:55] run14 : poll - elapsed=420s log_stale=166s
[2026-09-12 08:25:15] run14 : poll - elapsed=440s log_stale=186s
[2026-09-12 08:25:35] run14 : poll - elapsed=460s log_stale=19s
[2026-09-12 08:25:55] run14 : poll - elapsed=481s log_stale=39s
[2026-09-12 08:26:15] run14 : poll - elapsed=501s log_stale=59s
[2026-09-12 08:26:35] run14 : poll - elapsed=521s log_stale=79s
[2026-09-12 08:26:55] run14 : poll - elapsed=541s log_stale=99s
[2026-09-12 08:27:15] run14 : poll - elapsed=561s log_stale=119s
[2026-09-12 08:27:35] run14 : poll - elapsed=581s log_stale=139s
[2026-09-12 08:27:55] run14 : poll - elapsed=601s log_stale=159s
[2026-09-12 08:28:15] run14 : poll - elapsed=621s log_stale=179s
[2026-09-12 08:28:35] run14 : poll - elapsed=641s log_stale=13s
[2026-09-12 08:28:55] run14 : poll - elapsed=661s log_stale=33s
[2026-09-12 08:29:15] run14 : poll - elapsed=681s log_stale=53s
[2026-09-12 08:29:35] run14 : poll - elapsed=701s log_stale=73s
[2026-09-12 08:29:55] run14 : poll - elapsed=721s log_stale=93s
[2026-09-12 08:30:15] run14 : poll - elapsed=741s log_stale=113s
[2026-09-12 08:30:35] run14 : poll - elapsed=761s log_stale=133s
[2026-09-12 08:30:55] run14 : poll - elapsed=781s log_stale=153s
[2026-09-12 08:31:15] run14 : poll - elapsed=801s log_stale=173s
[2026-09-12 08:31:35] run14 : poll - elapsed=821s log_stale=9s
[2026-09-12 08:31:55] run14 : poll - elapsed=841s log_stale=29s
[2026-09-12 08:32:15] run14 : poll - elapsed=861s log_stale=49s
[2026-09-12 08:32:35] run14 : poll - elapsed=881s log_stale=69s
[2026-09-12 08:32:55] run14 : poll - elapsed=901s log_stale=89s
[2026-09-12 08:33:15] run14 : poll - elapsed=921s log_stale=109s
[2026-09-12 08:33:35] run14 : poll - elapsed=941s log_stale=129s
[2026-09-12 08:33:55] run14 : poll - elapsed=961s log_stale=149s
[2026-09-12 08:34:15] run14 : poll - elapsed=981s log_stale=169s
[2026-09-12 08:34:35] run14 : poll - elapsed=1001s log_stale=4s
[2026-09-12 08:34:55] run14 : poll - elapsed=1021s log_stale=24s
[2026-09-12 08:35:15] run14 : poll - elapsed=1041s log_stale=44s
[2026-09-12 08:35:35] run14 : poll - elapsed=1061s log_stale=64s
[2026-09-12 08:35:55] run14 : poll - elapsed=1081s log_stale=84s
[2026-09-12 08:36:15] run14 : poll - elapsed=1101s log_stale=104s
[2026-09-12 08:36:35] run14 : poll - elapsed=1121s log_stale=124s
[2026-09-12 08:36:55] run14 : poll - elapsed=1141s log_stale=144s
[2026-09-12 08:37:16] run14 : poll - elapsed=1161s log_stale=164s
[2026-09-12 08:37:36] run14 : poll - elapsed=1181s log_stale=185s
[2026-09-12 08:37:56] run14 : poll - elapsed=1201s log_stale=20s
[2026-09-12 08:38:16] run14 : poll - elapsed=1221s log_stale=40s
[2026-09-12 08:38:36] run14 : poll - elapsed=1241s log_stale=60s
[2026-09-12 08:38:56] run14 : poll - elapsed=1261s log_stale=80s
[2026-09-12 08:39:16] run14 : poll - elapsed=1281s log_stale=100s
[2026-09-12 08:39:36] run14 : poll - elapsed=1301s log_stale=120s
[2026-09-12 08:39:56] run14 : poll - elapsed=1321s log_stale=140s
[2026-09-12 08:40:16] run14 : poll - elapsed=1341s log_stale=160s
[2026-09-12 08:40:36] run14 : poll - elapsed=1361s log_stale=180s
[2026-09-12 08:40:56] run14 : poll - elapsed=1381s log_stale=16s
[2026-09-12 08:41:16] run14 : poll - elapsed=1401s log_stale=36s
[2026-09-12 08:41:36] run14 : poll - elapsed=1422s log_stale=56s
[2026-09-12 08:41:56] run14 : poll - elapsed=1442s log_stale=76s
[2026-09-12 08:42:16] run14 : poll - elapsed=1462s log_stale=96s
[2026-09-12 08:42:36] run14 : poll - elapsed=1482s log_stale=116s
[2026-09-12 08:42:56] run14 : poll - elapsed=1502s log_stale=136s
[2026-09-12 08:43:16] run14 : poll - elapsed=1522s log_stale=156s
[2026-09-12 08:43:36] run14 : poll - elapsed=1542s log_stale=176s
[2026-09-12 08:43:56] run14 : poll - elapsed=1562s log_stale=12s
[2026-09-12 08:44:16] run14 : poll - elapsed=1582s log_stale=32s
[2026-09-12 08:44:36] run14 : poll - elapsed=1602s log_stale=52s
[2026-09-12 08:44:56] run14 : poll - elapsed=1622s log_stale=72s
[2026-09-12 08:45:16] run14 : poll - elapsed=1642s log_stale=92s
[2026-09-12 08:45:36] run14 : poll - elapsed=1662s log_stale=112s
[2026-09-12 08:45:56] run14 : poll - elapsed=1682s log_stale=132s
[2026-09-12 08:46:16] run14 : poll - elapsed=1702s log_stale=152s
[2026-09-12 08:46:36] run14 : poll - elapsed=1722s log_stale=172s
[2026-09-12 08:46:56] run14 : poll - elapsed=1742s log_stale=7s
[2026-09-12 08:47:16] run14 : poll - elapsed=1762s log_stale=27s
[2026-09-12 08:47:36] run14 : poll - elapsed=1782s log_stale=47s
[2026-09-12 08:47:56] run14 : poll - elapsed=1802s log_stale=67s
[2026-09-12 08:48:16] run14 : poll - elapsed=1822s log_stale=87s
[2026-09-12 08:48:36] run14 : poll - elapsed=1842s log_stale=107s
[2026-09-12 08:48:56] run14 : poll - elapsed=1862s log_stale=127s
[2026-09-12 08:49:16] run14 : poll - elapsed=1882s log_stale=147s
[2026-09-12 08:49:36] run14 : poll - elapsed=1902s log_stale=167s
[2026-09-12 08:49:56] run14 : poll - elapsed=1922s log_stale=3s
[2026-09-12 08:50:16] run14 : poll - elapsed=1942s log_stale=23s
[2026-09-12 08:50:36] run14 : poll - elapsed=1962s log_stale=43s
[2026-09-12 08:50:56] run14 : poll - elapsed=1982s log_stale=63s
[2026-09-12 08:51:16] run14 : poll - elapsed=2002s log_stale=83s
[2026-09-12 08:51:36] run14 : poll - elapsed=2022s log_stale=103s
[2026-09-12 08:51:56] run14 : poll - elapsed=2042s log_stale=123s
[2026-09-12 08:52:16] run14 : poll - elapsed=2062s log_stale=143s
[2026-09-12 08:52:36] run14 : poll - elapsed=2082s log_stale=163s
[2026-09-12 08:52:56] run14 : poll - elapsed=2102s log_stale=183s
[2026-09-12 08:53:16] run14 : poll - elapsed=2122s log_stale=18s
[2026-09-12 08:53:36] run14 : poll - elapsed=2142s log_stale=38s
[2026-09-12 08:53:57] run14 : poll - elapsed=2162s log_stale=59s
[2026-09-12 08:54:17] run14 : poll - elapsed=2182s log_stale=79s
[2026-09-12 08:54:37] run14 : poll - elapsed=2202s log_stale=99s
[2026-09-12 08:54:57] run14 : poll - elapsed=2222s log_stale=119s
[2026-09-12 08:55:17] run14 : poll - elapsed=2242s log_stale=139s
[2026-09-12 08:55:37] run14 : poll - elapsed=2262s log_stale=159s
[2026-09-12 08:55:57] run14 : poll - elapsed=2282s log_stale=179s
[2026-09-12 08:56:17] run14 : poll - elapsed=2302s log_stale=15s
[2026-09-12 08:56:37] run14 : poll - elapsed=2322s log_stale=35s
[2026-09-12 08:56:57] run14 : poll - elapsed=2342s log_stale=55s
[2026-09-12 08:57:17] run14 : poll - elapsed=2362s log_stale=75s
[2026-09-12 08:57:37] run14 : poll - elapsed=2382s log_stale=95s
[2026-09-12 08:57:57] run14 : poll - elapsed=2402s log_stale=115s
[2026-09-12 08:58:17] run14 : poll - elapsed=2423s log_stale=135s
[2026-09-12 08:58:37] run14 : poll - elapsed=2443s log_stale=155s
[2026-09-12 08:58:57] run14 : poll - elapsed=2463s log_stale=175s
[2026-09-12 08:59:17] run14 : poll - elapsed=2483s log_stale=9s
[2026-09-12 08:59:37] run14 : poll - elapsed=2503s log_stale=29s
[2026-09-12 08:59:57] run14 : poll - elapsed=2523s log_stale=49s
[2026-09-12 09:00:17] run14 : poll - elapsed=2543s log_stale=69s
[2026-09-12 09:00:37] run14 : poll - elapsed=2563s log_stale=89s
[2026-09-12 09:00:57] run14 : poll - elapsed=2583s log_stale=109s
[2026-09-12 09:01:17] run14 : poll - elapsed=2603s log_stale=129s
[2026-09-12 09:01:37] run14 : poll - elapsed=2623s log_stale=149s
[2026-09-12 09:01:57] run14 : poll - elapsed=2643s log_stale=169s
[2026-09-12 09:02:17] run14 : poll - elapsed=2663s log_stale=3s
[2026-09-12 09:02:37] run14 : poll - elapsed=2683s log_stale=23s
[2026-09-12 09:02:57] run14 : poll - elapsed=2703s log_stale=43s
[2026-09-12 09:03:17] run14 : poll - elapsed=2723s log_stale=63s
[2026-09-12 09:03:37] run14 : poll - elapsed=2743s log_stale=83s
[2026-09-12 09:03:57] run14 : poll - elapsed=2763s log_stale=103s
[2026-09-12 09:04:17] run14 : poll - elapsed=2783s log_stale=123s
[2026-09-12 09:04:37] run14 : poll - elapsed=2803s log_stale=143s
[2026-09-12 09:04:57] run14 : poll - elapsed=2823s log_stale=164s
[2026-09-12 09:05:17] run14 : poll - elapsed=2843s log_stale=184s
[2026-09-12 09:05:37] run14 : poll - elapsed=2863s log_stale=18s
[2026-09-12 09:05:57] run14 : poll - elapsed=2883s log_stale=38s
[2026-09-12 09:06:17] run14 : poll - elapsed=2903s log_stale=58s
[2026-09-12 09:06:37] run14 : poll - elapsed=2923s log_stale=78s
[2026-09-12 09:06:57] run14 : poll - elapsed=2943s log_stale=98s
[2026-09-12 09:07:17] run14 : poll - elapsed=2963s log_stale=118s
[2026-09-12 09:07:37] run14 : poll - elapsed=2983s log_stale=138s
[2026-09-12 09:07:57] run14 : poll - elapsed=3003s log_stale=158s
[2026-09-12 09:08:17] run14 : poll - elapsed=3023s log_stale=178s
[2026-09-12 09:08:37] run14 : poll - elapsed=3043s log_stale=12s
[2026-09-12 09:08:57] run14 : poll - elapsed=3063s log_stale=32s
[2026-09-12 09:09:17] run14 : poll - elapsed=3083s log_stale=52s
[2026-09-12 09:09:38] run14 : poll - elapsed=3103s log_stale=72s
[2026-09-12 09:09:58] run14 : poll - elapsed=3123s log_stale=92s
[2026-09-12 09:10:18] run14 : poll - elapsed=3143s log_stale=112s
[2026-09-12 09:10:38] run14 : poll - elapsed=3163s log_stale=132s
[2026-09-12 09:10:58] run14 : poll - elapsed=3183s log_stale=152s
[2026-09-12 09:11:18] run14 : poll - elapsed=3203s log_stale=172s
[2026-09-12 09:11:38] run14 : poll - elapsed=3223s log_stale=9s
[2026-09-12 09:11:58] run14 : poll - elapsed=3243s log_stale=29s
[2026-09-12 09:12:18] run14 : poll - elapsed=3263s log_stale=49s
[2026-09-12 09:12:38] run14 : poll - elapsed=3283s log_stale=69s
[2026-09-12 09:12:58] run14 : poll - elapsed=3303s log_stale=89s
[2026-09-12 09:13:18] run14 : poll - elapsed=3323s log_stale=109s
[2026-09-12 09:13:38] run14 : poll - elapsed=3343s log_stale=129s
[2026-09-12 09:13:58] run14 : poll - elapsed=3363s log_stale=149s
[2026-09-12 09:14:18] run14 : poll - elapsed=3384s log_stale=169s
[2026-09-12 09:14:38] run14 : poll - elapsed=3404s log_stale=5s
[2026-09-12 09:14:58] run14 : poll - elapsed=3424s log_stale=25s
[2026-09-12 09:15:18] run14 : poll - elapsed=3444s log_stale=45s
[2026-09-12 09:15:38] run14 : poll - elapsed=3464s log_stale=65s
[2026-09-12 09:15:58] run14 : poll - elapsed=3484s log_stale=85s
[2026-09-12 09:16:18] run14 : poll - elapsed=3504s log_stale=105s
[2026-09-12 09:16:38] run14 : poll - elapsed=3524s log_stale=125s
[2026-09-12 09:16:58] run14 : poll - elapsed=3544s log_stale=145s
[2026-09-12 09:17:18] run14 : poll - elapsed=3564s log_stale=165s
[2026-09-12 09:17:38] run14 : poll - elapsed=3584s log_stale=185s
[2026-09-12 09:17:58] run14 : poll - elapsed=3604s log_stale=20s
[2026-09-12 09:18:18] run14 : poll - elapsed=3624s log_stale=40s
[2026-09-12 09:18:38] run14 : poll - elapsed=3644s log_stale=60s
[2026-09-12 09:18:58] run14 : poll - elapsed=3664s log_stale=80s
[2026-09-12 09:19:18] run14 : poll - elapsed=3684s log_stale=100s
[2026-09-12 09:19:38] run14 : poll - elapsed=3704s log_stale=120s
[2026-09-12 09:19:58] run14 : poll - elapsed=3724s log_stale=140s
[2026-09-12 09:20:18] run14 : poll - elapsed=3744s log_stale=160s
[2026-09-12 09:20:38] run14 : poll - elapsed=3764s log_stale=180s
[2026-09-12 09:20:58] run14 : poll - elapsed=3784s log_stale=12s
[2026-09-12 09:21:18] run14 : poll - elapsed=3804s log_stale=32s
[2026-09-12 09:21:38] run14 : poll - elapsed=3824s log_stale=52s
[2026-09-12 09:21:58] run14 : poll - elapsed=3844s log_stale=72s
[2026-09-12 09:22:18] run14 : poll - elapsed=3864s log_stale=92s
[2026-09-12 09:22:38] run14 : poll - elapsed=3884s log_stale=112s
[2026-09-12 09:22:58] run14 : poll - elapsed=3904s log_stale=132s
[2026-09-12 09:23:18] run14 : poll - elapsed=3924s log_stale=152s
[2026-09-12 09:23:38] run14 : poll - elapsed=3944s log_stale=172s
[2026-09-12 09:23:58] run14 : THANH CONG - D:\ResearchLab\02_Projects\02_Projects\MOSFOA paper 2\code\results\MOSFOA2_B_Np8_Maxit20_run14_FINAL.mat da xuat hien.
[2026-09-12 09:23:58] ----- Bat dau run15 (15/20) -----
[2026-09-12 09:24:02] run15 : launching MATLAB (attempt 1)
[2026-09-12 09:24:22] run15 : poll - elapsed=20s log_stale=9s
[2026-09-12 09:24:42] run15 : poll - elapsed=40s log_stale=15s
[2026-09-12 09:25:02] run15 : poll - elapsed=60s log_stale=35s
[2026-09-12 09:25:22] run15 : poll - elapsed=80s log_stale=55s
[2026-09-12 09:25:42] run15 : poll - elapsed=100s log_stale=75s
[2026-09-12 09:26:02] run15 : poll - elapsed=120s log_stale=95s
[2026-09-12 09:26:22] run15 : poll - elapsed=140s log_stale=115s
[2026-09-12 09:26:42] run15 : poll - elapsed=160s log_stale=135s
[2026-09-12 09:27:02] run15 : poll - elapsed=180s log_stale=155s
[2026-09-12 09:27:22] run15 : poll - elapsed=200s log_stale=175s
[2026-09-12 09:27:42] run15 : poll - elapsed=220s log_stale=195s
[2026-09-12 09:28:02] run15 : poll - elapsed=240s log_stale=215s
[2026-09-12 09:28:22] run15 : poll - elapsed=260s log_stale=4s
[2026-09-12 09:28:42] run15 : poll - elapsed=280s log_stale=24s
[2026-09-12 09:29:02] run15 : poll - elapsed=300s log_stale=44s
[2026-09-12 09:29:22] run15 : poll - elapsed=320s log_stale=64s
[2026-09-12 09:29:42] run15 : poll - elapsed=340s log_stale=84s
[2026-09-12 09:30:02] run15 : poll - elapsed=360s log_stale=104s
[2026-09-12 09:30:22] run15 : poll - elapsed=380s log_stale=124s
[2026-09-12 09:30:42] run15 : poll - elapsed=400s log_stale=144s
[2026-09-12 09:31:02] run15 : poll - elapsed=420s log_stale=164s
[2026-09-12 09:31:22] run15 : poll - elapsed=440s log_stale=184s
[2026-09-12 09:31:42] run15 : poll - elapsed=460s log_stale=15s
[2026-09-12 09:32:02] run15 : poll - elapsed=480s log_stale=35s
[2026-09-12 09:32:22] run15 : poll - elapsed=500s log_stale=56s
[2026-09-12 09:32:43] run15 : poll - elapsed=520s log_stale=76s
[2026-09-12 09:33:03] run15 : poll - elapsed=540s log_stale=96s
[2026-09-12 09:33:23] run15 : poll - elapsed=561s log_stale=116s
[2026-09-12 09:33:43] run15 : poll - elapsed=581s log_stale=136s
[2026-09-12 09:34:03] run15 : poll - elapsed=601s log_stale=156s
[2026-09-12 09:34:23] run15 : poll - elapsed=621s log_stale=176s
[2026-09-12 09:34:43] run15 : poll - elapsed=641s log_stale=8s
[2026-09-12 09:35:03] run15 : poll - elapsed=661s log_stale=28s
[2026-09-12 09:35:23] run15 : poll - elapsed=681s log_stale=48s
[2026-09-12 09:35:43] run15 : poll - elapsed=701s log_stale=68s
[2026-09-12 09:36:03] run15 : poll - elapsed=721s log_stale=88s
[2026-09-12 09:36:23] run15 : poll - elapsed=741s log_stale=108s
[2026-09-12 09:36:43] run15 : poll - elapsed=761s log_stale=128s
[2026-09-12 09:37:03] run15 : poll - elapsed=781s log_stale=148s
[2026-09-12 09:37:23] run15 : poll - elapsed=801s log_stale=168s
[2026-09-12 09:37:43] run15 : poll - elapsed=821s log_stale=3s
[2026-09-12 09:38:03] run15 : poll - elapsed=841s log_stale=23s
[2026-09-12 09:38:23] run15 : poll - elapsed=861s log_stale=43s
[2026-09-12 09:38:43] run15 : poll - elapsed=881s log_stale=63s
[2026-09-12 09:39:03] run15 : poll - elapsed=901s log_stale=83s
[2026-09-12 09:39:23] run15 : poll - elapsed=921s log_stale=103s
[2026-09-12 09:39:43] run15 : poll - elapsed=941s log_stale=123s
[2026-09-12 09:40:03] run15 : poll - elapsed=961s log_stale=143s
[2026-09-12 09:40:23] run15 : poll - elapsed=981s log_stale=163s
[2026-09-12 09:40:43] run15 : poll - elapsed=1001s log_stale=183s
[2026-09-12 09:41:03] run15 : poll - elapsed=1021s log_stale=18s
[2026-09-12 09:41:23] run15 : poll - elapsed=1041s log_stale=39s
[2026-09-12 09:41:43] run15 : poll - elapsed=1061s log_stale=59s
[2026-09-12 09:42:03] run15 : poll - elapsed=1081s log_stale=79s
[2026-09-12 09:42:23] run15 : poll - elapsed=1101s log_stale=99s
[2026-09-12 09:42:43] run15 : poll - elapsed=1121s log_stale=119s
[2026-09-12 09:43:03] run15 : poll - elapsed=1141s log_stale=139s
[2026-09-12 09:43:23] run15 : poll - elapsed=1161s log_stale=159s
[2026-09-12 09:43:43] run15 : poll - elapsed=1181s log_stale=179s
[2026-09-12 09:44:03] run15 : poll - elapsed=1201s log_stale=12s
[2026-09-12 09:44:23] run15 : poll - elapsed=1221s log_stale=32s
[2026-09-12 09:44:43] run15 : poll - elapsed=1241s log_stale=52s
[2026-09-12 09:45:03] run15 : poll - elapsed=1261s log_stale=72s
[2026-09-12 09:45:23] run15 : poll - elapsed=1281s log_stale=92s
[2026-09-12 09:45:43] run15 : poll - elapsed=1301s log_stale=112s
[2026-09-12 09:46:03] run15 : poll - elapsed=1321s log_stale=132s
[2026-09-12 09:46:23] run15 : poll - elapsed=1341s log_stale=152s
[2026-09-12 09:46:43] run15 : poll - elapsed=1361s log_stale=172s
[2026-09-12 09:47:03] run15 : poll - elapsed=1381s log_stale=4s
[2026-09-12 09:47:23] run15 : poll - elapsed=1401s log_stale=24s
[2026-09-12 09:47:43] run15 : poll - elapsed=1421s log_stale=44s
[2026-09-12 09:48:03] run15 : poll - elapsed=1441s log_stale=64s
[2026-09-12 09:48:23] run15 : poll - elapsed=1461s log_stale=84s
[2026-09-12 09:48:43] run15 : poll - elapsed=1481s log_stale=104s
[2026-09-12 09:49:04] run15 : poll - elapsed=1501s log_stale=124s
[2026-09-12 09:49:24] run15 : poll - elapsed=1521s log_stale=144s
[2026-09-12 09:49:44] run15 : poll - elapsed=1542s log_stale=164s
[2026-09-12 09:50:04] run15 : poll - elapsed=1562s log_stale=184s
[2026-09-12 09:50:24] run15 : poll - elapsed=1582s log_stale=17s
[2026-09-12 09:50:44] run15 : poll - elapsed=1602s log_stale=37s
[2026-09-12 09:51:04] run15 : poll - elapsed=1622s log_stale=57s
[2026-09-12 09:51:24] run15 : poll - elapsed=1642s log_stale=77s
[2026-09-12 09:51:44] run15 : poll - elapsed=1662s log_stale=97s
[2026-09-12 09:52:04] run15 : poll - elapsed=1682s log_stale=117s
[2026-09-12 09:52:24] run15 : poll - elapsed=1702s log_stale=137s
[2026-09-12 09:52:44] run15 : poll - elapsed=1722s log_stale=157s
[2026-09-12 09:53:04] run15 : poll - elapsed=1742s log_stale=177s
[2026-09-12 09:53:24] run15 : poll - elapsed=1762s log_stale=12s
[2026-09-12 09:53:44] run15 : poll - elapsed=1782s log_stale=32s
[2026-09-12 09:54:04] run15 : poll - elapsed=1802s log_stale=52s
[2026-09-12 09:54:24] run15 : poll - elapsed=1822s log_stale=72s
[2026-09-12 09:54:44] run15 : poll - elapsed=1842s log_stale=92s
[2026-09-12 09:55:04] run15 : poll - elapsed=1862s log_stale=112s
[2026-09-12 09:55:24] run15 : poll - elapsed=1882s log_stale=132s
[2026-09-12 09:55:44] run15 : poll - elapsed=1902s log_stale=152s
[2026-09-12 09:56:04] run15 : poll - elapsed=1922s log_stale=172s
[2026-09-12 09:56:24] run15 : poll - elapsed=1942s log_stale=8s
[2026-09-12 09:56:44] run15 : poll - elapsed=1962s log_stale=28s
[2026-09-12 09:57:04] run15 : poll - elapsed=1982s log_stale=48s
[2026-09-12 09:57:24] run15 : poll - elapsed=2002s log_stale=68s
[2026-09-12 09:57:44] run15 : poll - elapsed=2022s log_stale=88s
[2026-09-12 09:58:04] run15 : poll - elapsed=2042s log_stale=108s
[2026-09-12 09:58:24] run15 : poll - elapsed=2062s log_stale=128s
[2026-09-12 09:58:44] run15 : poll - elapsed=2082s log_stale=148s
[2026-09-12 09:59:04] run15 : poll - elapsed=2102s log_stale=168s
[2026-09-12 09:59:24] run15 : poll - elapsed=2122s log_stale=1s
[2026-09-12 09:59:44] run15 : poll - elapsed=2142s log_stale=21s
[2026-09-12 10:00:04] run15 : poll - elapsed=2162s log_stale=41s
[2026-09-12 10:00:24] run15 : poll - elapsed=2182s log_stale=61s
[2026-09-12 10:00:44] run15 : poll - elapsed=2202s log_stale=81s
[2026-09-12 10:01:04] run15 : poll - elapsed=2222s log_stale=101s
[2026-09-12 10:01:24] run15 : poll - elapsed=2242s log_stale=121s
[2026-09-12 10:01:44] run15 : poll - elapsed=2262s log_stale=141s
[2026-09-12 10:02:04] run15 : poll - elapsed=2282s log_stale=161s
[2026-09-12 10:02:24] run15 : poll - elapsed=2302s log_stale=181s
[2026-09-12 10:02:44] run15 : poll - elapsed=2322s log_stale=14s
[2026-09-12 10:03:04] run15 : poll - elapsed=2342s log_stale=34s
[2026-09-12 10:03:24] run15 : poll - elapsed=2362s log_stale=54s
[2026-09-12 10:03:44] run15 : poll - elapsed=2382s log_stale=74s
[2026-09-12 10:04:04] run15 : poll - elapsed=2402s log_stale=94s
[2026-09-12 10:04:24] run15 : poll - elapsed=2422s log_stale=114s
[2026-09-12 10:04:44] run15 : poll - elapsed=2442s log_stale=134s
[2026-09-12 10:05:04] run15 : poll - elapsed=2462s log_stale=154s
[2026-09-12 10:05:24] run15 : poll - elapsed=2482s log_stale=174s
[2026-09-12 10:05:44] run15 : poll - elapsed=2502s log_stale=9s
[2026-09-12 10:06:04] run15 : poll - elapsed=2522s log_stale=29s
[2026-09-12 10:06:24] run15 : poll - elapsed=2542s log_stale=49s
[2026-09-12 10:06:44] run15 : poll - elapsed=2562s log_stale=69s
[2026-09-12 10:07:05] run15 : poll - elapsed=2582s log_stale=89s
[2026-09-12 10:07:25] run15 : poll - elapsed=2602s log_stale=109s
[2026-09-12 10:07:45] run15 : poll - elapsed=2623s log_stale=129s
[2026-09-12 10:08:05] run15 : poll - elapsed=2643s log_stale=149s
[2026-09-12 10:08:25] run15 : poll - elapsed=2663s log_stale=169s
[2026-09-12 10:08:45] run15 : poll - elapsed=2683s log_stale=2s
[2026-09-12 10:09:05] run15 : poll - elapsed=2703s log_stale=22s
[2026-09-12 10:09:25] run15 : poll - elapsed=2723s log_stale=42s
[2026-09-12 10:09:45] run15 : poll - elapsed=2743s log_stale=62s
[2026-09-12 10:10:05] run15 : poll - elapsed=2763s log_stale=82s
[2026-09-12 10:10:25] run15 : poll - elapsed=2783s log_stale=102s
[2026-09-12 10:10:45] run15 : poll - elapsed=2803s log_stale=122s
[2026-09-12 10:11:05] run15 : poll - elapsed=2823s log_stale=142s
[2026-09-12 10:11:25] run15 : poll - elapsed=2843s log_stale=162s
[2026-09-12 10:11:45] run15 : poll - elapsed=2863s log_stale=182s
[2026-09-12 10:12:05] run15 : poll - elapsed=2883s log_stale=15s
[2026-09-12 10:12:25] run15 : poll - elapsed=2903s log_stale=35s
[2026-09-12 10:12:45] run15 : poll - elapsed=2923s log_stale=55s
[2026-09-12 10:13:05] run15 : poll - elapsed=2943s log_stale=75s
[2026-09-12 10:13:25] run15 : poll - elapsed=2963s log_stale=95s
[2026-09-12 10:13:45] run15 : poll - elapsed=2983s log_stale=115s
[2026-09-12 10:14:05] run15 : poll - elapsed=3003s log_stale=135s
[2026-09-12 10:14:25] run15 : poll - elapsed=3023s log_stale=155s
[2026-09-12 10:14:45] run15 : poll - elapsed=3043s log_stale=175s
[2026-09-12 10:15:05] run15 : poll - elapsed=3063s log_stale=6s
[2026-09-12 10:15:25] run15 : poll - elapsed=3083s log_stale=26s
[2026-09-12 10:15:45] run15 : poll - elapsed=3103s log_stale=46s
[2026-09-12 10:16:05] run15 : poll - elapsed=3123s log_stale=66s
[2026-09-12 10:16:25] run15 : poll - elapsed=3143s log_stale=86s
[2026-09-12 10:16:45] run15 : poll - elapsed=3163s log_stale=106s
[2026-09-12 10:17:05] run15 : poll - elapsed=3183s log_stale=126s
[2026-09-12 10:17:25] run15 : poll - elapsed=3203s log_stale=147s
[2026-09-12 10:17:45] run15 : poll - elapsed=3223s log_stale=167s
[2026-09-12 10:18:05] run15 : poll - elapsed=3243s log_stale=3s
[2026-09-12 10:18:25] run15 : poll - elapsed=3263s log_stale=23s
[2026-09-12 10:18:45] run15 : poll - elapsed=3283s log_stale=43s
[2026-09-12 10:19:05] run15 : poll - elapsed=3303s log_stale=63s
[2026-09-12 10:19:25] run15 : poll - elapsed=3323s log_stale=83s
[2026-09-12 10:19:45] run15 : poll - elapsed=3343s log_stale=103s
[2026-09-12 10:20:05] run15 : poll - elapsed=3363s log_stale=123s
[2026-09-12 10:20:25] run15 : poll - elapsed=3383s log_stale=143s
[2026-09-12 10:20:45] run15 : poll - elapsed=3403s log_stale=163s
[2026-09-12 10:21:05] run15 : poll - elapsed=3423s log_stale=183s
[2026-09-12 10:21:25] run15 : poll - elapsed=3443s log_stale=15s
[2026-09-12 10:21:45] run15 : poll - elapsed=3463s log_stale=35s
[2026-09-12 10:22:05] run15 : poll - elapsed=3483s log_stale=55s
[2026-09-12 10:22:25] run15 : poll - elapsed=3503s log_stale=75s
[2026-09-12 10:22:45] run15 : poll - elapsed=3523s log_stale=95s
[2026-09-12 10:23:05] run15 : poll - elapsed=3543s log_stale=115s
[2026-09-12 10:23:25] run15 : poll - elapsed=3563s log_stale=135s
[2026-09-12 10:23:46] run15 : poll - elapsed=3583s log_stale=155s
[2026-09-12 10:24:06] run15 : poll - elapsed=3604s log_stale=175s
[2026-09-12 10:24:26] run15 : poll - elapsed=3624s log_stale=6s
[2026-09-12 10:24:46] run15 : poll - elapsed=3644s log_stale=26s
[2026-09-12 10:25:06] run15 : poll - elapsed=3664s log_stale=46s
[2026-09-12 10:25:26] run15 : poll - elapsed=3684s log_stale=66s
[2026-09-12 10:25:46] run15 : poll - elapsed=3704s log_stale=86s
[2026-09-12 10:26:06] run15 : poll - elapsed=3724s log_stale=106s
[2026-09-12 10:26:26] run15 : poll - elapsed=3744s log_stale=126s
[2026-09-12 10:26:46] run15 : poll - elapsed=3764s log_stale=146s
[2026-09-12 10:27:06] run15 : poll - elapsed=3784s log_stale=166s
[2026-09-12 10:27:26] run15 : poll - elapsed=3804s log_stale=186s
[2026-09-12 10:27:46] run15 : poll - elapsed=3824s log_stale=17s
[2026-09-12 10:28:06] run15 : poll - elapsed=3844s log_stale=37s
[2026-09-12 10:28:26] run15 : poll - elapsed=3864s log_stale=57s
[2026-09-12 10:28:46] run15 : poll - elapsed=3884s log_stale=77s
[2026-09-12 10:29:06] run15 : poll - elapsed=3904s log_stale=97s
[2026-09-12 10:29:26] run15 : poll - elapsed=3924s log_stale=117s
[2026-09-12 10:29:46] run15 : poll - elapsed=3944s log_stale=137s
[2026-09-12 10:30:06] run15 : poll - elapsed=3964s log_stale=157s
[2026-09-12 10:30:26] run15 : poll - elapsed=3984s log_stale=177s
[2026-09-12 10:30:46] run15 : THANH CONG - D:\ResearchLab\02_Projects\02_Projects\MOSFOA paper 2\code\results\MOSFOA2_B_Np8_Maxit20_run15_FINAL.mat da xuat hien.
[2026-09-12 10:30:46] ----- Bat dau run16 (16/20) -----
[2026-09-12 10:30:50] run16 : launching MATLAB (attempt 1)
[2026-09-12 10:31:10] run16 : poll - elapsed=20s log_stale=19s
[2026-09-12 10:31:30] run16 : poll - elapsed=40s log_stale=11s
[2026-09-12 10:31:50] run16 : poll - elapsed=60s log_stale=15s
[2026-09-12 10:32:10] run16 : poll - elapsed=80s log_stale=35s
[2026-09-12 10:32:30] run16 : poll - elapsed=100s log_stale=55s
[2026-09-12 10:32:50] run16 : poll - elapsed=120s log_stale=75s
[2026-09-12 10:33:10] run16 : poll - elapsed=140s log_stale=95s
[2026-09-12 10:33:30] run16 : poll - elapsed=160s log_stale=115s
[2026-09-12 10:33:50] run16 : poll - elapsed=180s log_stale=135s
[2026-09-12 10:34:10] run16 : poll - elapsed=200s log_stale=155s
[2026-09-12 10:34:30] run16 : poll - elapsed=220s log_stale=175s
[2026-09-12 10:34:50] run16 : poll - elapsed=240s log_stale=195s
[2026-09-12 10:35:10] run16 : poll - elapsed=260s log_stale=215s
[2026-09-12 10:35:30] run16 : poll - elapsed=280s log_stale=235s
[2026-09-12 10:35:50] run16 : poll - elapsed=300s log_stale=14s
[2026-09-12 10:36:10] run16 : poll - elapsed=320s log_stale=34s
[2026-09-12 10:36:30] run16 : poll - elapsed=340s log_stale=54s
[2026-09-12 10:36:50] run16 : poll - elapsed=360s log_stale=74s
[2026-09-12 10:37:10] run16 : poll - elapsed=380s log_stale=94s
[2026-09-12 10:37:30] run16 : poll - elapsed=400s log_stale=114s
[2026-09-12 10:37:50] run16 : poll - elapsed=420s log_stale=134s
[2026-09-12 10:38:10] run16 : poll - elapsed=440s log_stale=154s
[2026-09-12 10:38:30] run16 : poll - elapsed=460s log_stale=174s
[2026-09-12 10:38:50] run16 : poll - elapsed=480s log_stale=4s
[2026-09-12 10:39:10] run16 : poll - elapsed=500s log_stale=24s
[2026-09-12 10:39:30] run16 : poll - elapsed=520s log_stale=44s
[2026-09-12 10:39:50] run16 : poll - elapsed=541s log_stale=64s
[2026-09-12 10:40:10] run16 : poll - elapsed=561s log_stale=84s
[2026-09-12 10:40:30] run16 : poll - elapsed=581s log_stale=104s
[2026-09-12 10:40:50] run16 : poll - elapsed=601s log_stale=124s
[2026-09-12 10:41:10] run16 : poll - elapsed=621s log_stale=144s
[2026-09-12 10:41:30] run16 : poll - elapsed=641s log_stale=164s
[2026-09-12 10:41:50] run16 : poll - elapsed=661s log_stale=184s
[2026-09-12 10:42:10] run16 : poll - elapsed=681s log_stale=15s
[2026-09-12 10:42:30] run16 : poll - elapsed=701s log_stale=35s
[2026-09-12 10:42:50] run16 : poll - elapsed=721s log_stale=55s
[2026-09-12 10:43:10] run16 : poll - elapsed=741s log_stale=75s
[2026-09-12 10:43:30] run16 : poll - elapsed=761s log_stale=95s
[2026-09-12 10:43:50] run16 : poll - elapsed=781s log_stale=115s
[2026-09-12 10:44:10] run16 : poll - elapsed=801s log_stale=135s
[2026-09-12 10:44:30] run16 : poll - elapsed=821s log_stale=155s
[2026-09-12 10:44:50] run16 : poll - elapsed=841s log_stale=175s
[2026-09-12 10:45:10] run16 : poll - elapsed=861s log_stale=11s
[2026-09-12 10:45:30] run16 : poll - elapsed=881s log_stale=31s
[2026-09-12 10:45:50] run16 : poll - elapsed=901s log_stale=51s
[2026-09-12 10:46:10] run16 : poll - elapsed=921s log_stale=71s
[2026-09-12 10:46:30] run16 : poll - elapsed=941s log_stale=91s
[2026-09-12 10:46:50] run16 : poll - elapsed=961s log_stale=111s
[2026-09-12 10:47:10] run16 : poll - elapsed=981s log_stale=131s
[2026-09-12 10:47:30] run16 : poll - elapsed=1001s log_stale=151s
[2026-09-12 10:47:51] run16 : poll - elapsed=1021s log_stale=171s
[2026-09-12 10:48:11] run16 : poll - elapsed=1041s log_stale=5s
[2026-09-12 10:48:31] run16 : poll - elapsed=1061s log_stale=25s
[2026-09-12 10:48:51] run16 : poll - elapsed=1081s log_stale=45s
[2026-09-12 10:49:11] run16 : poll - elapsed=1101s log_stale=65s
[2026-09-12 10:49:31] run16 : poll - elapsed=1121s log_stale=85s
[2026-09-12 10:49:51] run16 : poll - elapsed=1141s log_stale=106s
[2026-09-12 10:50:11] run16 : poll - elapsed=1161s log_stale=126s
[2026-09-12 10:50:31] run16 : poll - elapsed=1181s log_stale=146s
[2026-09-12 10:50:51] run16 : poll - elapsed=1201s log_stale=166s
[2026-09-12 10:51:11] run16 : poll - elapsed=1221s log_stale=186s
[2026-09-12 10:51:31] run16 : poll - elapsed=1241s log_stale=18s
[2026-09-12 10:51:51] run16 : poll - elapsed=1261s log_stale=38s
[2026-09-12 10:52:11] run16 : poll - elapsed=1281s log_stale=58s
[2026-09-12 10:52:31] run16 : poll - elapsed=1301s log_stale=78s
[2026-09-12 10:52:51] run16 : poll - elapsed=1321s log_stale=98s
[2026-09-12 10:53:11] run16 : poll - elapsed=1341s log_stale=118s
[2026-09-12 10:53:31] run16 : poll - elapsed=1361s log_stale=138s
[2026-09-12 10:53:51] run16 : poll - elapsed=1381s log_stale=158s
[2026-09-12 10:54:11] run16 : poll - elapsed=1401s log_stale=178s
[2026-09-12 10:54:31] run16 : poll - elapsed=1421s log_stale=10s
[2026-09-12 10:54:51] run16 : poll - elapsed=1441s log_stale=30s
[2026-09-12 10:55:11] run16 : poll - elapsed=1461s log_stale=50s
[2026-09-12 10:55:31] run16 : poll - elapsed=1481s log_stale=70s
[2026-09-12 10:55:51] run16 : poll - elapsed=1501s log_stale=90s
[2026-09-12 10:56:11] run16 : poll - elapsed=1521s log_stale=110s
[2026-09-12 10:56:31] run16 : poll - elapsed=1541s log_stale=130s
[2026-09-12 10:56:51] run16 : poll - elapsed=1561s log_stale=150s
[2026-09-12 10:57:11] run16 : poll - elapsed=1581s log_stale=170s
[2026-09-12 10:57:31] run16 : poll - elapsed=1601s log_stale=6s
[2026-09-12 10:57:51] run16 : poll - elapsed=1622s log_stale=26s
[2026-09-12 10:58:11] run16 : poll - elapsed=1642s log_stale=46s
[2026-09-12 10:58:31] run16 : poll - elapsed=1662s log_stale=66s
[2026-09-12 10:58:51] run16 : poll - elapsed=1682s log_stale=86s
[2026-09-12 10:59:11] run16 : poll - elapsed=1702s log_stale=106s
[2026-09-12 10:59:31] run16 : poll - elapsed=1722s log_stale=126s
[2026-09-12 10:59:51] run16 : poll - elapsed=1742s log_stale=146s
[2026-09-12 11:00:11] run16 : poll - elapsed=1762s log_stale=166s
[2026-09-12 11:00:31] run16 : poll - elapsed=1782s log_stale=2s
[2026-09-12 11:00:51] run16 : poll - elapsed=1802s log_stale=22s
[2026-09-12 11:01:11] run16 : poll - elapsed=1822s log_stale=42s
[2026-09-12 11:01:31] run16 : poll - elapsed=1842s log_stale=62s
[2026-09-12 11:01:51] run16 : poll - elapsed=1862s log_stale=82s
[2026-09-12 11:02:11] run16 : poll - elapsed=1882s log_stale=102s
[2026-09-12 11:02:31] run16 : poll - elapsed=1902s log_stale=122s
[2026-09-12 11:02:51] run16 : poll - elapsed=1922s log_stale=142s
[2026-09-12 11:03:11] run16 : poll - elapsed=1942s log_stale=162s
[2026-09-12 11:03:32] run16 : poll - elapsed=1962s log_stale=182s
[2026-09-12 11:03:52] run16 : poll - elapsed=1982s log_stale=14s
[2026-09-12 11:04:12] run16 : poll - elapsed=2002s log_stale=34s
[2026-09-12 11:04:32] run16 : poll - elapsed=2022s log_stale=54s
[2026-09-12 11:04:52] run16 : poll - elapsed=2042s log_stale=74s
[2026-09-12 11:05:12] run16 : poll - elapsed=2062s log_stale=94s
[2026-09-12 11:05:32] run16 : poll - elapsed=2082s log_stale=114s
[2026-09-12 11:05:52] run16 : poll - elapsed=2102s log_stale=134s
[2026-09-12 11:06:12] run16 : poll - elapsed=2122s log_stale=154s
[2026-09-12 11:06:32] run16 : poll - elapsed=2142s log_stale=174s
[2026-09-12 11:06:52] run16 : poll - elapsed=2162s log_stale=11s
[2026-09-12 11:07:12] run16 : poll - elapsed=2182s log_stale=31s
[2026-09-12 11:07:32] run16 : poll - elapsed=2202s log_stale=51s
[2026-09-12 11:07:52] run16 : poll - elapsed=2222s log_stale=71s
[2026-09-12 11:08:12] run16 : poll - elapsed=2242s log_stale=91s
[2026-09-12 11:08:32] run16 : poll - elapsed=2262s log_stale=111s
[2026-09-12 11:08:52] run16 : poll - elapsed=2282s log_stale=131s
[2026-09-12 11:09:12] run16 : poll - elapsed=2302s log_stale=151s
[2026-09-12 11:09:32] run16 : poll - elapsed=2322s log_stale=171s
[2026-09-12 11:09:52] run16 : poll - elapsed=2342s log_stale=4s
[2026-09-12 11:10:12] run16 : poll - elapsed=2362s log_stale=24s
[2026-09-12 11:10:32] run16 : poll - elapsed=2382s log_stale=45s
[2026-09-12 11:10:52] run16 : poll - elapsed=2402s log_stale=65s
[2026-09-12 11:11:12] run16 : poll - elapsed=2422s log_stale=85s
[2026-09-12 11:11:32] run16 : poll - elapsed=2442s log_stale=105s
[2026-09-12 11:11:52] run16 : poll - elapsed=2462s log_stale=125s
[2026-09-12 11:12:12] run16 : poll - elapsed=2482s log_stale=145s
[2026-09-12 11:12:32] run16 : poll - elapsed=2503s log_stale=165s
[2026-09-12 11:12:52] run16 : poll - elapsed=2523s log_stale=185s
[2026-09-12 11:13:12] run16 : poll - elapsed=2543s log_stale=17s
[2026-09-12 11:13:32] run16 : poll - elapsed=2563s log_stale=38s
[2026-09-12 11:13:52] run16 : poll - elapsed=2583s log_stale=58s
[2026-09-12 11:14:12] run16 : poll - elapsed=2603s log_stale=78s
[2026-09-12 11:14:32] run16 : poll - elapsed=2623s log_stale=98s
[2026-09-12 11:14:52] run16 : poll - elapsed=2643s log_stale=118s
[2026-09-12 11:15:12] run16 : poll - elapsed=2663s log_stale=138s
[2026-09-12 11:15:32] run16 : poll - elapsed=2683s log_stale=158s
[2026-09-12 11:15:52] run16 : poll - elapsed=2703s log_stale=178s
[2026-09-12 11:16:12] run16 : poll - elapsed=2723s log_stale=13s
[2026-09-12 11:16:32] run16 : poll - elapsed=2743s log_stale=33s
[2026-09-12 11:16:52] run16 : poll - elapsed=2763s log_stale=53s
[2026-09-12 11:17:12] run16 : poll - elapsed=2783s log_stale=73s
[2026-09-12 11:17:32] run16 : poll - elapsed=2803s log_stale=93s
[2026-09-12 11:17:52] run16 : poll - elapsed=2823s log_stale=113s
[2026-09-12 11:18:12] run16 : poll - elapsed=2843s log_stale=133s
[2026-09-12 11:18:32] run16 : poll - elapsed=2863s log_stale=153s
[2026-09-12 11:18:52] run16 : poll - elapsed=2883s log_stale=173s
[2026-09-12 11:19:12] run16 : poll - elapsed=2903s log_stale=8s
[2026-09-12 11:19:32] run16 : poll - elapsed=2923s log_stale=28s
[2026-09-12 11:19:53] run16 : poll - elapsed=2943s log_stale=48s
[2026-09-12 11:20:13] run16 : poll - elapsed=2963s log_stale=68s
[2026-09-12 11:20:33] run16 : poll - elapsed=2983s log_stale=88s
[2026-09-12 11:20:53] run16 : poll - elapsed=3003s log_stale=108s
[2026-09-12 11:21:13] run16 : poll - elapsed=3023s log_stale=128s
[2026-09-12 11:21:33] run16 : poll - elapsed=3043s log_stale=148s
[2026-09-12 11:21:53] run16 : poll - elapsed=3063s log_stale=168s
[2026-09-12 11:22:13] run16 : poll - elapsed=3083s log_stale=4s
[2026-09-12 11:22:33] run16 : poll - elapsed=3103s log_stale=24s
[2026-09-12 11:22:53] run16 : poll - elapsed=3123s log_stale=44s
[2026-09-12 11:23:13] run16 : poll - elapsed=3143s log_stale=64s
[2026-09-12 11:23:33] run16 : poll - elapsed=3163s log_stale=84s
[2026-09-12 11:23:53] run16 : poll - elapsed=3183s log_stale=104s
[2026-09-12 11:24:13] run16 : poll - elapsed=3203s log_stale=124s
[2026-09-12 11:24:33] run16 : poll - elapsed=3223s log_stale=144s
[2026-09-12 11:24:53] run16 : poll - elapsed=3243s log_stale=164s
[2026-09-12 11:25:13] run16 : poll - elapsed=3263s log_stale=0s
[2026-09-12 11:25:33] run16 : poll - elapsed=3283s log_stale=20s
[2026-09-12 11:25:53] run16 : poll - elapsed=3303s log_stale=40s
[2026-09-12 11:26:13] run16 : poll - elapsed=3323s log_stale=60s
[2026-09-12 11:26:33] run16 : poll - elapsed=3343s log_stale=80s
[2026-09-12 11:26:53] run16 : poll - elapsed=3363s log_stale=100s
[2026-09-12 11:27:13] run16 : poll - elapsed=3383s log_stale=120s
[2026-09-12 11:27:33] run16 : poll - elapsed=3403s log_stale=140s
[2026-09-12 11:27:53] run16 : poll - elapsed=3423s log_stale=160s
[2026-09-12 11:28:13] run16 : poll - elapsed=3443s log_stale=180s
[2026-09-12 11:28:33] run16 : poll - elapsed=3463s log_stale=14s
[2026-09-12 11:28:53] run16 : poll - elapsed=3483s log_stale=34s
[2026-09-12 11:29:13] run16 : poll - elapsed=3503s log_stale=54s
[2026-09-12 11:29:33] run16 : poll - elapsed=3523s log_stale=74s
[2026-09-12 11:29:53] run16 : poll - elapsed=3544s log_stale=94s
[2026-09-12 11:30:13] run16 : poll - elapsed=3564s log_stale=114s
[2026-09-12 11:30:33] run16 : poll - elapsed=3584s log_stale=134s
[2026-09-12 11:30:53] run16 : poll - elapsed=3604s log_stale=154s
[2026-09-12 11:31:13] run16 : poll - elapsed=3624s log_stale=174s
[2026-09-12 11:31:33] run16 : poll - elapsed=3644s log_stale=7s
[2026-09-12 11:31:53] run16 : poll - elapsed=3664s log_stale=27s
[2026-09-12 11:32:13] run16 : poll - elapsed=3684s log_stale=47s
[2026-09-12 11:32:33] run16 : poll - elapsed=3704s log_stale=67s
[2026-09-12 11:32:53] run16 : poll - elapsed=3724s log_stale=87s
[2026-09-12 11:33:13] run16 : poll - elapsed=3744s log_stale=107s
[2026-09-12 11:33:33] run16 : poll - elapsed=3764s log_stale=127s
[2026-09-12 11:33:53] run16 : poll - elapsed=3784s log_stale=147s
[2026-09-12 11:34:13] run16 : poll - elapsed=3804s log_stale=167s
[2026-09-12 11:34:33] run16 : poll - elapsed=3824s log_stale=2s
[2026-09-12 11:34:53] run16 : poll - elapsed=3844s log_stale=22s
[2026-09-12 11:35:13] run16 : poll - elapsed=3864s log_stale=42s
[2026-09-12 11:35:33] run16 : poll - elapsed=3884s log_stale=62s
[2026-09-12 11:35:53] run16 : poll - elapsed=3904s log_stale=82s
[2026-09-12 11:36:13] run16 : poll - elapsed=3924s log_stale=102s
[2026-09-12 11:36:33] run16 : poll - elapsed=3944s log_stale=122s
[2026-09-12 11:36:53] run16 : poll - elapsed=3964s log_stale=142s
[2026-09-12 11:37:14] run16 : poll - elapsed=3984s log_stale=162s
[2026-09-12 11:37:34] run16 : poll - elapsed=4004s log_stale=182s
[2026-09-12 11:37:54] run16 : THANH CONG - D:\ResearchLab\02_Projects\02_Projects\MOSFOA paper 2\code\results\MOSFOA2_B_Np8_Maxit20_run16_FINAL.mat da xuat hien.
[2026-09-12 11:37:54] ----- Bat dau run17 (17/20) -----
[2026-09-12 11:37:57] run17 : launching MATLAB (attempt 1)
[2026-09-12 11:38:17] run17 : poll - elapsed=20s log_stale=9s
[2026-09-12 11:38:37] run17 : poll - elapsed=40s log_stale=15s
[2026-09-12 11:38:57] run17 : poll - elapsed=60s log_stale=35s
[2026-09-12 11:39:17] run17 : poll - elapsed=80s log_stale=55s
[2026-09-12 11:39:37] run17 : poll - elapsed=100s log_stale=75s
[2026-09-12 11:39:57] run17 : poll - elapsed=120s log_stale=95s
[2026-09-12 11:40:17] run17 : poll - elapsed=140s log_stale=115s
[2026-09-12 11:40:37] run17 : poll - elapsed=160s log_stale=135s
[2026-09-12 11:40:57] run17 : poll - elapsed=180s log_stale=155s
[2026-09-12 11:41:17] run17 : poll - elapsed=200s log_stale=175s
[2026-09-12 11:41:37] run17 : poll - elapsed=220s log_stale=195s
[2026-09-12 11:41:57] run17 : poll - elapsed=240s log_stale=215s
[2026-09-12 11:42:17] run17 : poll - elapsed=260s log_stale=8s
[2026-09-12 11:42:37] run17 : poll - elapsed=280s log_stale=28s
[2026-09-12 11:42:57] run17 : poll - elapsed=300s log_stale=48s
[2026-09-12 11:43:17] run17 : poll - elapsed=320s log_stale=68s
[2026-09-12 11:43:38] run17 : poll - elapsed=340s log_stale=88s
[2026-09-12 11:43:58] run17 : poll - elapsed=360s log_stale=108s
[2026-09-12 11:44:18] run17 : poll - elapsed=380s log_stale=128s
[2026-09-12 11:44:38] run17 : poll - elapsed=400s log_stale=148s
[2026-09-12 11:44:58] run17 : poll - elapsed=420s log_stale=168s
[2026-09-12 11:45:18] run17 : poll - elapsed=440s log_stale=2s
[2026-09-12 11:45:38] run17 : poll - elapsed=460s log_stale=22s
[2026-09-12 11:45:58] run17 : poll - elapsed=480s log_stale=42s
[2026-09-12 11:46:18] run17 : poll - elapsed=500s log_stale=62s
[2026-09-12 11:46:38] run17 : poll - elapsed=520s log_stale=82s
[2026-09-12 11:46:58] run17 : poll - elapsed=541s log_stale=102s
[2026-09-12 11:47:18] run17 : poll - elapsed=561s log_stale=122s
[2026-09-12 11:47:38] run17 : poll - elapsed=581s log_stale=142s
[2026-09-12 11:47:58] run17 : poll - elapsed=601s log_stale=162s
[2026-09-12 11:48:18] run17 : poll - elapsed=621s log_stale=182s
[2026-09-12 11:48:38] run17 : poll - elapsed=641s log_stale=14s
[2026-09-12 11:48:58] run17 : poll - elapsed=661s log_stale=34s
[2026-09-12 11:49:18] run17 : poll - elapsed=681s log_stale=54s
[2026-09-12 11:49:38] run17 : poll - elapsed=701s log_stale=74s
[2026-09-12 11:49:58] run17 : poll - elapsed=721s log_stale=94s
[2026-09-12 11:50:18] run17 : poll - elapsed=741s log_stale=114s
[2026-09-12 11:50:38] run17 : poll - elapsed=761s log_stale=134s
[2026-09-12 11:50:58] run17 : poll - elapsed=781s log_stale=154s
[2026-09-12 11:51:18] run17 : poll - elapsed=801s log_stale=174s
[2026-09-12 11:51:38] run17 : poll - elapsed=821s log_stale=6s
[2026-09-12 11:51:58] run17 : poll - elapsed=841s log_stale=26s
[2026-09-12 11:52:18] run17 : poll - elapsed=861s log_stale=46s
[2026-09-12 11:52:38] run17 : poll - elapsed=881s log_stale=66s
[2026-09-12 11:52:58] run17 : poll - elapsed=901s log_stale=86s
[2026-09-12 11:53:18] run17 : poll - elapsed=921s log_stale=106s
[2026-09-12 11:53:38] run17 : poll - elapsed=941s log_stale=126s
[2026-09-12 11:53:58] run17 : poll - elapsed=961s log_stale=146s
[2026-09-12 11:54:18] run17 : poll - elapsed=981s log_stale=166s
[2026-09-12 11:54:38] run17 : poll - elapsed=1001s log_stale=2s
[2026-09-12 11:54:58] run17 : poll - elapsed=1021s log_stale=22s
[2026-09-12 11:55:18] run17 : poll - elapsed=1041s log_stale=42s
[2026-09-12 11:55:38] run17 : poll - elapsed=1061s log_stale=62s
[2026-09-12 11:55:58] run17 : poll - elapsed=1081s log_stale=82s
[2026-09-12 11:56:18] run17 : poll - elapsed=1101s log_stale=102s
[2026-09-12 11:56:38] run17 : poll - elapsed=1121s log_stale=122s
[2026-09-12 11:56:58] run17 : poll - elapsed=1141s log_stale=142s
[2026-09-12 11:57:18] run17 : poll - elapsed=1161s log_stale=162s
[2026-09-12 11:57:38] run17 : poll - elapsed=1181s log_stale=182s
[2026-09-12 11:57:58] run17 : poll - elapsed=1201s log_stale=15s
[2026-09-12 11:58:18] run17 : poll - elapsed=1221s log_stale=35s
[2026-09-12 11:58:38] run17 : poll - elapsed=1241s log_stale=55s
[2026-09-12 11:58:58] run17 : poll - elapsed=1261s log_stale=75s
[2026-09-12 11:59:18] run17 : poll - elapsed=1281s log_stale=95s
[2026-09-12 11:59:38] run17 : poll - elapsed=1301s log_stale=115s
[2026-09-12 11:59:58] run17 : poll - elapsed=1321s log_stale=135s
[2026-09-12 12:00:18] run17 : poll - elapsed=1341s log_stale=155s
[2026-09-12 12:00:39] run17 : poll - elapsed=1361s log_stale=175s
[2026-09-12 12:00:59] run17 : poll - elapsed=1381s log_stale=7s
[2026-09-12 12:01:19] run17 : poll - elapsed=1401s log_stale=27s
[2026-09-12 12:01:39] run17 : poll - elapsed=1421s log_stale=47s
[2026-09-12 12:01:59] run17 : poll - elapsed=1441s log_stale=67s
[2026-09-12 12:02:19] run17 : poll - elapsed=1461s log_stale=87s
[2026-09-12 12:02:39] run17 : poll - elapsed=1481s log_stale=107s
[2026-09-12 12:02:59] run17 : poll - elapsed=1501s log_stale=127s
[2026-09-12 12:03:19] run17 : poll - elapsed=1521s log_stale=147s
[2026-09-12 12:03:39] run17 : poll - elapsed=1542s log_stale=168s
[2026-09-12 12:03:59] run17 : poll - elapsed=1562s log_stale=0s
[2026-09-12 12:04:19] run17 : poll - elapsed=1582s log_stale=20s
[2026-09-12 12:04:39] run17 : poll - elapsed=1602s log_stale=40s
[2026-09-12 12:04:59] run17 : poll - elapsed=1622s log_stale=60s
[2026-09-12 12:05:19] run17 : poll - elapsed=1642s log_stale=80s
[2026-09-12 12:05:39] run17 : poll - elapsed=1662s log_stale=100s
[2026-09-12 12:05:59] run17 : poll - elapsed=1682s log_stale=120s
[2026-09-12 12:06:19] run17 : poll - elapsed=1702s log_stale=140s
[2026-09-12 12:06:39] run17 : poll - elapsed=1722s log_stale=160s
[2026-09-12 12:06:59] run17 : poll - elapsed=1742s log_stale=180s
[2026-09-12 12:07:19] run17 : poll - elapsed=1762s log_stale=14s
[2026-09-12 12:07:39] run17 : poll - elapsed=1782s log_stale=34s
[2026-09-12 12:07:59] run17 : poll - elapsed=1802s log_stale=54s
[2026-09-12 12:08:19] run17 : poll - elapsed=1822s log_stale=75s
[2026-09-12 12:08:39] run17 : poll - elapsed=1842s log_stale=95s
[2026-09-12 12:08:59] run17 : poll - elapsed=1862s log_stale=115s
[2026-09-12 12:09:19] run17 : poll - elapsed=1882s log_stale=135s
[2026-09-12 12:09:39] run17 : poll - elapsed=1902s log_stale=155s
[2026-09-12 12:09:59] run17 : poll - elapsed=1922s log_stale=175s
[2026-09-12 12:10:19] run17 : poll - elapsed=1942s log_stale=9s
[2026-09-12 12:10:39] run17 : poll - elapsed=1962s log_stale=29s
[2026-09-12 12:10:59] run17 : poll - elapsed=1982s log_stale=49s
[2026-09-12 12:11:19] run17 : poll - elapsed=2002s log_stale=69s
[2026-09-12 12:11:39] run17 : poll - elapsed=2022s log_stale=89s
[2026-09-12 12:11:59] run17 : poll - elapsed=2042s log_stale=109s
[2026-09-12 12:12:19] run17 : poll - elapsed=2062s log_stale=129s
[2026-09-12 12:12:39] run17 : poll - elapsed=2082s log_stale=149s
[2026-09-12 12:12:59] run17 : poll - elapsed=2102s log_stale=169s
[2026-09-12 12:13:19] run17 : poll - elapsed=2122s log_stale=4s
[2026-09-12 12:13:39] run17 : poll - elapsed=2142s log_stale=24s
[2026-09-12 12:13:59] run17 : poll - elapsed=2162s log_stale=44s
[2026-09-12 12:14:19] run17 : poll - elapsed=2182s log_stale=64s
[2026-09-12 12:14:39] run17 : poll - elapsed=2202s log_stale=84s
[2026-09-12 12:14:59] run17 : poll - elapsed=2222s log_stale=104s
[2026-09-12 12:15:19] run17 : poll - elapsed=2242s log_stale=124s
[2026-09-12 12:15:39] run17 : poll - elapsed=2262s log_stale=144s
[2026-09-12 12:15:59] run17 : poll - elapsed=2282s log_stale=164s
[2026-09-12 12:16:19] run17 : poll - elapsed=2302s log_stale=184s
[2026-09-12 12:16:39] run17 : poll - elapsed=2322s log_stale=17s
[2026-09-12 12:16:59] run17 : poll - elapsed=2342s log_stale=37s
[2026-09-12 12:17:19] run17 : poll - elapsed=2362s log_stale=57s
[2026-09-12 12:17:39] run17 : poll - elapsed=2382s log_stale=77s
[2026-09-12 12:17:59] run17 : poll - elapsed=2402s log_stale=97s
[2026-09-12 12:18:19] run17 : poll - elapsed=2422s log_stale=117s
[2026-09-12 12:18:40] run17 : poll - elapsed=2442s log_stale=137s
[2026-09-12 12:19:00] run17 : poll - elapsed=2462s log_stale=157s
[2026-09-12 12:19:20] run17 : poll - elapsed=2482s log_stale=177s
[2026-09-12 12:19:40] run17 : poll - elapsed=2502s log_stale=12s
[2026-09-12 12:20:00] run17 : poll - elapsed=2522s log_stale=32s
[2026-09-12 12:20:20] run17 : poll - elapsed=2542s log_stale=52s
[2026-09-12 12:20:40] run17 : poll - elapsed=2562s log_stale=72s
[2026-09-12 12:21:00] run17 : poll - elapsed=2582s log_stale=92s
[2026-09-12 12:21:20] run17 : poll - elapsed=2602s log_stale=112s
[2026-09-12 12:21:40] run17 : poll - elapsed=2623s log_stale=132s
[2026-09-12 12:22:00] run17 : poll - elapsed=2643s log_stale=152s
[2026-09-12 12:22:20] run17 : poll - elapsed=2663s log_stale=172s
[2026-09-12 12:22:40] run17 : poll - elapsed=2683s log_stale=4s
[2026-09-12 12:23:00] run17 : poll - elapsed=2703s log_stale=24s
[2026-09-12 12:23:20] run17 : poll - elapsed=2723s log_stale=44s
[2026-09-12 12:23:40] run17 : poll - elapsed=2743s log_stale=64s
[2026-09-12 12:24:00] run17 : poll - elapsed=2763s log_stale=84s
[2026-09-12 12:24:20] run17 : poll - elapsed=2783s log_stale=104s
[2026-09-12 12:24:40] run17 : poll - elapsed=2803s log_stale=124s
[2026-09-12 12:25:00] run17 : poll - elapsed=2823s log_stale=144s
[2026-09-12 12:25:20] run17 : poll - elapsed=2843s log_stale=164s
[2026-09-12 12:25:40] run17 : poll - elapsed=2863s log_stale=0s
[2026-09-12 12:26:00] run17 : poll - elapsed=2883s log_stale=20s
[2026-09-12 12:26:20] run17 : poll - elapsed=2903s log_stale=40s
[2026-09-12 12:26:40] run17 : poll - elapsed=2923s log_stale=60s
[2026-09-12 12:27:00] run17 : poll - elapsed=2943s log_stale=80s
[2026-09-12 12:27:20] run17 : poll - elapsed=2963s log_stale=100s
[2026-09-12 12:27:40] run17 : poll - elapsed=2983s log_stale=120s
[2026-09-12 12:28:00] run17 : poll - elapsed=3003s log_stale=140s
[2026-09-12 12:28:20] run17 : poll - elapsed=3023s log_stale=160s
[2026-09-12 12:28:40] run17 : poll - elapsed=3043s log_stale=180s
[2026-09-12 12:29:00] run17 : poll - elapsed=3063s log_stale=15s
[2026-09-12 12:29:20] run17 : poll - elapsed=3083s log_stale=36s
[2026-09-12 12:29:40] run17 : poll - elapsed=3103s log_stale=56s
[2026-09-12 12:30:00] run17 : poll - elapsed=3123s log_stale=76s
[2026-09-12 12:30:20] run17 : poll - elapsed=3143s log_stale=96s
[2026-09-12 12:30:40] run17 : poll - elapsed=3163s log_stale=116s
[2026-09-12 12:31:00] run17 : poll - elapsed=3183s log_stale=136s
[2026-09-12 12:31:20] run17 : poll - elapsed=3203s log_stale=156s
[2026-09-12 12:31:40] run17 : poll - elapsed=3223s log_stale=176s
[2026-09-12 12:32:00] run17 : poll - elapsed=3243s log_stale=11s
[2026-09-12 12:32:20] run17 : poll - elapsed=3263s log_stale=31s
[2026-09-12 12:32:40] run17 : poll - elapsed=3283s log_stale=51s
[2026-09-12 12:33:00] run17 : poll - elapsed=3303s log_stale=71s
[2026-09-12 12:33:20] run17 : poll - elapsed=3323s log_stale=91s
[2026-09-12 12:33:40] run17 : poll - elapsed=3343s log_stale=111s
[2026-09-12 12:34:00] run17 : poll - elapsed=3363s log_stale=131s
[2026-09-12 12:34:20] run17 : poll - elapsed=3383s log_stale=151s
[2026-09-12 12:34:40] run17 : poll - elapsed=3403s log_stale=171s
[2026-09-12 12:35:00] run17 : poll - elapsed=3423s log_stale=6s
[2026-09-12 12:35:21] run17 : poll - elapsed=3443s log_stale=26s
[2026-09-12 12:35:41] run17 : poll - elapsed=3463s log_stale=46s
[2026-09-12 12:36:01] run17 : poll - elapsed=3483s log_stale=66s
[2026-09-12 12:36:41] run17 : poll - elapsed=3524s log_stale=106s
[2026-09-12 12:37:01] run17 : poll - elapsed=3544s log_stale=126s
[2026-09-12 12:37:21] run17 : poll - elapsed=3564s log_stale=146s
[2026-09-12 12:37:41] run17 : poll - elapsed=3584s log_stale=166s
[2026-09-12 12:38:01] run17 : poll - elapsed=3604s log_stale=186s
[2026-09-12 12:38:21] run17 : poll - elapsed=3624s log_stale=17s
[2026-09-12 12:38:41] run17 : poll - elapsed=3644s log_stale=37s
[2026-09-12 12:39:01] run17 : poll - elapsed=3664s log_stale=57s
[2026-09-12 12:39:21] run17 : poll - elapsed=3684s log_stale=77s
[2026-09-12 12:39:41] run17 : poll - elapsed=3704s log_stale=97s
[2026-09-12 12:40:01] run17 : poll - elapsed=3724s log_stale=117s
[2026-09-12 12:40:21] run17 : poll - elapsed=3744s log_stale=137s
[2026-09-12 12:40:41] run17 : poll - elapsed=3764s log_stale=157s
[2026-09-12 12:41:01] run17 : poll - elapsed=3784s log_stale=178s
[2026-09-12 12:41:21] run17 : poll - elapsed=3804s log_stale=11s
[2026-09-12 12:41:41] run17 : poll - elapsed=3824s log_stale=31s
[2026-09-12 12:42:01] run17 : poll - elapsed=3844s log_stale=51s
[2026-09-12 12:42:21] run17 : poll - elapsed=3864s log_stale=71s
[2026-09-12 12:42:41] run17 : poll - elapsed=3884s log_stale=91s
[2026-09-12 12:43:01] run17 : poll - elapsed=3904s log_stale=111s
[2026-09-12 12:43:21] run17 : poll - elapsed=3924s log_stale=131s
[2026-09-12 12:43:41] run17 : poll - elapsed=3944s log_stale=151s
[2026-09-12 12:44:01] run17 : poll - elapsed=3964s log_stale=171s
[2026-09-12 12:44:21] run17 : THANH CONG - D:\ResearchLab\02_Projects\02_Projects\MOSFOA paper 2\code\results\MOSFOA2_B_Np8_Maxit20_run17_FINAL.mat da xuat hien.
[2026-09-12 12:44:21] ----- Bat dau run18 (18/20) -----
[2026-09-12 12:44:25] run18 : launching MATLAB (attempt 1)
[2026-09-12 12:44:45] run18 : poll - elapsed=20s log_stale=0s
[2026-09-12 12:45:05] run18 : poll - elapsed=40s log_stale=11s
[2026-09-12 12:45:25] run18 : poll - elapsed=60s log_stale=15s
[2026-09-12 12:45:45] run18 : poll - elapsed=80s log_stale=35s
[2026-09-12 12:46:05] run18 : poll - elapsed=100s log_stale=55s
[2026-09-12 12:46:25] run18 : poll - elapsed=120s log_stale=75s
[2026-09-12 12:46:45] run18 : poll - elapsed=140s log_stale=95s
[2026-09-12 12:47:05] run18 : poll - elapsed=160s log_stale=115s
[2026-09-12 12:47:25] run18 : poll - elapsed=180s log_stale=135s
[2026-09-12 12:47:45] run18 : poll - elapsed=200s log_stale=155s
[2026-09-12 12:48:05] run18 : poll - elapsed=220s log_stale=175s
[2026-09-12 12:48:25] run18 : poll - elapsed=240s log_stale=195s
[2026-09-12 12:48:45] run18 : poll - elapsed=260s log_stale=215s
[2026-09-12 12:49:05] run18 : poll - elapsed=280s log_stale=235s
[2026-09-12 12:49:25] run18 : poll - elapsed=300s log_stale=18s
[2026-09-12 12:49:45] run18 : poll - elapsed=320s log_stale=38s
[2026-09-12 12:50:05] run18 : poll - elapsed=340s log_stale=58s
[2026-09-12 12:50:25] run18 : poll - elapsed=360s log_stale=78s
[2026-09-12 12:50:45] run18 : poll - elapsed=380s log_stale=98s
[2026-09-12 12:51:05] run18 : poll - elapsed=400s log_stale=118s
[2026-09-12 12:51:45] run18 : poll - elapsed=440s log_stale=158s
[2026-09-12 12:52:05] run18 : poll - elapsed=460s log_stale=178s
[2026-09-12 12:52:25] run18 : poll - elapsed=480s log_stale=9s
[2026-09-12 12:52:45] run18 : poll - elapsed=500s log_stale=29s
[2026-09-12 12:53:05] run18 : poll - elapsed=520s log_stale=49s
[2026-09-12 12:53:25] run18 : poll - elapsed=540s log_stale=69s
[2026-09-12 12:53:45] run18 : poll - elapsed=561s log_stale=89s
[2026-09-12 12:54:05] run18 : poll - elapsed=581s log_stale=109s
[2026-09-12 12:54:25] run18 : poll - elapsed=601s log_stale=129s
[2026-09-12 12:54:45] run18 : poll - elapsed=621s log_stale=150s
[2026-09-12 12:55:05] run18 : poll - elapsed=641s log_stale=170s
[2026-09-12 12:55:26] run18 : poll - elapsed=661s log_stale=2s
[2026-09-12 12:55:46] run18 : poll - elapsed=681s log_stale=22s
[2026-09-12 12:56:06] run18 : poll - elapsed=701s log_stale=42s
[2026-09-12 12:56:26] run18 : poll - elapsed=721s log_stale=62s
[2026-09-12 12:56:46] run18 : poll - elapsed=741s log_stale=82s
[2026-09-12 12:57:06] run18 : poll - elapsed=761s log_stale=102s
[2026-09-12 12:57:26] run18 : poll - elapsed=781s log_stale=122s
[2026-09-12 12:57:46] run18 : poll - elapsed=801s log_stale=142s
[2026-09-12 12:58:06] run18 : poll - elapsed=821s log_stale=162s
[2026-09-12 12:58:26] run18 : poll - elapsed=841s log_stale=182s
[2026-09-12 12:58:46] run18 : poll - elapsed=861s log_stale=17s
[2026-09-12 12:59:06] run18 : poll - elapsed=881s log_stale=37s
[2026-09-12 12:59:26] run18 : poll - elapsed=901s log_stale=57s
[2026-09-12 12:59:46] run18 : poll - elapsed=921s log_stale=77s
[2026-09-12 13:00:06] run18 : poll - elapsed=941s log_stale=97s
[2026-09-12 13:00:26] run18 : poll - elapsed=961s log_stale=117s
[2026-09-12 13:00:46] run18 : poll - elapsed=981s log_stale=137s
[2026-09-12 13:01:06] run18 : poll - elapsed=1001s log_stale=157s
[2026-09-12 13:01:26] run18 : poll - elapsed=1021s log_stale=177s
[2026-09-12 13:01:46] run18 : poll - elapsed=1041s log_stale=12s
[2026-09-12 13:02:06] run18 : poll - elapsed=1061s log_stale=32s
[2026-09-12 13:02:26] run18 : poll - elapsed=1081s log_stale=52s
[2026-09-12 13:02:46] run18 : poll - elapsed=1101s log_stale=72s
[2026-09-12 13:03:06] run18 : poll - elapsed=1121s log_stale=92s
[2026-09-12 13:03:26] run18 : poll - elapsed=1141s log_stale=112s
[2026-09-12 13:03:46] run18 : poll - elapsed=1161s log_stale=132s
[2026-09-12 13:04:06] run18 : poll - elapsed=1181s log_stale=152s
[2026-09-12 13:04:26] run18 : poll - elapsed=1201s log_stale=172s
[2026-09-12 13:04:46] run18 : poll - elapsed=1221s log_stale=4s
[2026-09-12 13:05:06] run18 : poll - elapsed=1241s log_stale=24s
[2026-09-12 13:05:26] run18 : poll - elapsed=1261s log_stale=44s
[2026-09-12 13:05:46] run18 : poll - elapsed=1281s log_stale=64s
[2026-09-12 13:06:06] run18 : poll - elapsed=1301s log_stale=84s
[2026-09-12 13:06:26] run18 : poll - elapsed=1321s log_stale=104s
[2026-09-12 13:06:46] run18 : poll - elapsed=1341s log_stale=124s
[2026-09-12 13:07:06] run18 : poll - elapsed=1361s log_stale=144s
[2026-09-12 13:07:26] run18 : poll - elapsed=1381s log_stale=164s
[2026-09-12 13:07:46] run18 : poll - elapsed=1401s log_stale=184s
[2026-09-12 13:08:06] run18 : poll - elapsed=1421s log_stale=15s
[2026-09-12 13:08:26] run18 : poll - elapsed=1441s log_stale=35s
[2026-09-12 13:08:46] run18 : poll - elapsed=1461s log_stale=55s
[2026-09-12 13:09:06] run18 : poll - elapsed=1481s log_stale=75s
[2026-09-12 13:09:26] run18 : poll - elapsed=1501s log_stale=95s
[2026-09-12 13:09:46] run18 : poll - elapsed=1521s log_stale=115s
[2026-09-12 13:10:06] run18 : poll - elapsed=1541s log_stale=135s
[2026-09-12 13:10:26] run18 : poll - elapsed=1562s log_stale=155s
[2026-09-12 13:10:46] run18 : poll - elapsed=1582s log_stale=175s
[2026-09-12 13:11:06] run18 : poll - elapsed=1602s log_stale=10s
[2026-09-12 13:11:26] run18 : poll - elapsed=1622s log_stale=30s
[2026-09-12 13:11:46] run18 : poll - elapsed=1642s log_stale=50s
[2026-09-12 13:12:07] run18 : poll - elapsed=1662s log_stale=70s
[2026-09-12 13:12:27] run18 : poll - elapsed=1682s log_stale=90s
[2026-09-12 13:12:47] run18 : poll - elapsed=1702s log_stale=110s
[2026-09-12 13:13:07] run18 : poll - elapsed=1722s log_stale=130s
[2026-09-12 13:13:27] run18 : poll - elapsed=1742s log_stale=150s
[2026-09-12 13:13:47] run18 : poll - elapsed=1762s log_stale=170s
[2026-09-12 13:14:07] run18 : poll - elapsed=1782s log_stale=5s
[2026-09-12 13:14:27] run18 : poll - elapsed=1802s log_stale=25s
[2026-09-12 13:14:47] run18 : poll - elapsed=1822s log_stale=45s
[2026-09-12 13:15:07] run18 : poll - elapsed=1842s log_stale=65s
[2026-09-12 13:15:27] run18 : poll - elapsed=1862s log_stale=85s
[2026-09-12 13:15:47] run18 : poll - elapsed=1882s log_stale=105s
[2026-09-12 13:16:07] run18 : poll - elapsed=1902s log_stale=125s
[2026-09-12 13:16:27] run18 : poll - elapsed=1922s log_stale=145s
[2026-09-12 13:16:47] run18 : poll - elapsed=1942s log_stale=165s
[2026-09-12 13:17:07] run18 : poll - elapsed=1962s log_stale=1s
[2026-09-12 13:17:27] run18 : poll - elapsed=1982s log_stale=21s
[2026-09-12 13:17:47] run18 : poll - elapsed=2002s log_stale=41s
[2026-09-12 13:18:07] run18 : poll - elapsed=2022s log_stale=61s
[2026-09-12 13:18:27] run18 : poll - elapsed=2042s log_stale=81s
[2026-09-12 13:18:47] run18 : poll - elapsed=2062s log_stale=101s
[2026-09-12 13:19:07] run18 : poll - elapsed=2082s log_stale=121s
[2026-09-12 13:19:27] run18 : poll - elapsed=2102s log_stale=141s
[2026-09-12 13:19:47] run18 : poll - elapsed=2122s log_stale=161s
[2026-09-12 13:20:07] run18 : poll - elapsed=2142s log_stale=181s
[2026-09-12 13:20:27] run18 : poll - elapsed=2162s log_stale=18s
[2026-09-12 13:20:47] run18 : poll - elapsed=2182s log_stale=38s
[2026-09-12 13:21:07] run18 : poll - elapsed=2202s log_stale=58s
[2026-09-12 13:21:27] run18 : poll - elapsed=2222s log_stale=78s
[2026-09-12 13:21:47] run18 : poll - elapsed=2242s log_stale=98s
[2026-09-12 13:22:07] run18 : poll - elapsed=2262s log_stale=118s
[2026-09-12 13:22:27] run18 : poll - elapsed=2282s log_stale=138s
[2026-09-12 13:22:47] run18 : poll - elapsed=2302s log_stale=158s
[2026-09-12 13:23:07] run18 : poll - elapsed=2322s log_stale=178s
[2026-09-12 13:23:27] run18 : poll - elapsed=2342s log_stale=10s
[2026-09-12 13:23:47] run18 : poll - elapsed=2362s log_stale=30s
[2026-09-12 13:24:07] run18 : poll - elapsed=2382s log_stale=50s
[2026-09-12 13:24:27] run18 : poll - elapsed=2402s log_stale=70s
[2026-09-12 13:24:47] run18 : poll - elapsed=2422s log_stale=90s
[2026-09-12 13:25:07] run18 : poll - elapsed=2442s log_stale=110s
[2026-09-12 13:25:27] run18 : poll - elapsed=2462s log_stale=130s
[2026-09-12 13:25:47] run18 : poll - elapsed=2482s log_stale=150s
[2026-09-12 13:26:07] run18 : poll - elapsed=2502s log_stale=170s
[2026-09-12 13:26:27] run18 : poll - elapsed=2522s log_stale=2s
[2026-09-12 13:26:47] run18 : poll - elapsed=2542s log_stale=22s
[2026-09-12 13:27:07] run18 : poll - elapsed=2562s log_stale=42s
[2026-09-12 13:27:27] run18 : poll - elapsed=2583s log_stale=62s
[2026-09-12 13:27:47] run18 : poll - elapsed=2603s log_stale=82s
[2026-09-12 13:28:07] run18 : poll - elapsed=2623s log_stale=102s
[2026-09-12 13:28:27] run18 : poll - elapsed=2643s log_stale=122s
[2026-09-12 13:28:47] run18 : poll - elapsed=2663s log_stale=142s
[2026-09-12 13:29:08] run18 : poll - elapsed=2683s log_stale=162s
[2026-09-12 13:29:28] run18 : poll - elapsed=2703s log_stale=182s
[2026-09-12 13:29:48] run18 : poll - elapsed=2723s log_stale=14s
[2026-09-12 13:30:08] run18 : poll - elapsed=2743s log_stale=34s
[2026-09-12 13:30:28] run18 : poll - elapsed=2763s log_stale=54s
[2026-09-12 13:30:48] run18 : poll - elapsed=2783s log_stale=74s
[2026-09-12 13:31:08] run18 : poll - elapsed=2803s log_stale=94s
[2026-09-12 13:31:28] run18 : poll - elapsed=2823s log_stale=114s
[2026-09-12 13:31:48] run18 : poll - elapsed=2843s log_stale=134s
[2026-09-12 13:32:08] run18 : poll - elapsed=2863s log_stale=154s
[2026-09-12 13:32:28] run18 : poll - elapsed=2883s log_stale=175s
[2026-09-12 13:32:48] run18 : poll - elapsed=2903s log_stale=8s
[2026-09-12 13:33:08] run18 : poll - elapsed=2923s log_stale=28s
[2026-09-12 13:33:28] run18 : poll - elapsed=2943s log_stale=48s
[2026-09-12 13:33:48] run18 : poll - elapsed=2963s log_stale=68s
[2026-09-12 13:34:08] run18 : poll - elapsed=2983s log_stale=88s
[2026-09-12 13:34:28] run18 : poll - elapsed=3003s log_stale=108s
[2026-09-12 13:34:48] run18 : poll - elapsed=3023s log_stale=128s
[2026-09-12 13:35:08] run18 : poll - elapsed=3043s log_stale=148s
[2026-09-12 13:35:28] run18 : poll - elapsed=3063s log_stale=168s
[2026-09-12 13:35:48] run18 : poll - elapsed=3083s log_stale=4s
[2026-09-12 13:36:08] run18 : poll - elapsed=3103s log_stale=24s
[2026-09-12 13:36:28] run18 : poll - elapsed=3123s log_stale=44s
[2026-09-12 13:36:48] run18 : poll - elapsed=3143s log_stale=64s
[2026-09-12 13:37:08] run18 : poll - elapsed=3163s log_stale=84s
[2026-09-12 13:37:28] run18 : poll - elapsed=3183s log_stale=104s
[2026-09-12 13:37:48] run18 : poll - elapsed=3203s log_stale=124s
[2026-09-12 13:38:08] run18 : poll - elapsed=3223s log_stale=144s
[2026-09-12 13:38:28] run18 : poll - elapsed=3243s log_stale=164s
[2026-09-12 13:38:48] run18 : poll - elapsed=3263s log_stale=184s
[2026-09-12 13:39:08] run18 : poll - elapsed=3283s log_stale=19s
[2026-09-12 13:39:28] run18 : poll - elapsed=3303s log_stale=39s
[2026-09-12 13:39:48] run18 : poll - elapsed=3323s log_stale=59s
[2026-09-12 13:40:08] run18 : poll - elapsed=3343s log_stale=79s
[2026-09-12 13:40:28] run18 : poll - elapsed=3363s log_stale=99s
[2026-09-12 13:40:48] run18 : poll - elapsed=3383s log_stale=119s
[2026-09-12 13:41:08] run18 : poll - elapsed=3403s log_stale=139s
[2026-09-12 13:41:28] run18 : poll - elapsed=3423s log_stale=159s
[2026-09-12 13:41:48] run18 : poll - elapsed=3443s log_stale=179s
[2026-09-12 13:42:08] run18 : poll - elapsed=3463s log_stale=14s
[2026-09-12 13:42:28] run18 : poll - elapsed=3483s log_stale=34s
[2026-09-12 13:42:48] run18 : poll - elapsed=3503s log_stale=54s
[2026-09-12 13:43:08] run18 : poll - elapsed=3523s log_stale=74s
[2026-09-12 13:43:28] run18 : poll - elapsed=3543s log_stale=94s
[2026-09-12 13:43:48] run18 : poll - elapsed=3563s log_stale=114s
[2026-09-12 13:44:08] run18 : poll - elapsed=3584s log_stale=134s
[2026-09-12 13:44:28] run18 : poll - elapsed=3604s log_stale=154s
[2026-09-12 13:44:48] run18 : poll - elapsed=3624s log_stale=174s
[2026-09-12 13:45:08] run18 : poll - elapsed=3644s log_stale=8s
[2026-09-12 13:45:28] run18 : poll - elapsed=3664s log_stale=28s
[2026-09-12 13:45:48] run18 : poll - elapsed=3684s log_stale=48s
[2026-09-12 13:46:09] run18 : poll - elapsed=3704s log_stale=68s
[2026-09-12 13:46:29] run18 : poll - elapsed=3724s log_stale=88s
[2026-09-12 13:46:49] run18 : poll - elapsed=3744s log_stale=108s
[2026-09-12 13:47:09] run18 : poll - elapsed=3764s log_stale=128s
[2026-09-12 13:47:29] run18 : poll - elapsed=3784s log_stale=148s
[2026-09-12 13:47:49] run18 : poll - elapsed=3804s log_stale=168s
[2026-09-12 13:48:09] run18 : poll - elapsed=3824s log_stale=2s
[2026-09-12 13:48:29] run18 : poll - elapsed=3844s log_stale=22s
[2026-09-12 13:48:49] run18 : poll - elapsed=3864s log_stale=42s
[2026-09-12 13:49:09] run18 : poll - elapsed=3884s log_stale=62s
[2026-09-12 13:49:29] run18 : poll - elapsed=3904s log_stale=82s
[2026-09-12 13:49:49] run18 : poll - elapsed=3924s log_stale=102s
[2026-09-12 13:50:09] run18 : poll - elapsed=3944s log_stale=122s
[2026-09-12 13:50:29] run18 : poll - elapsed=3964s log_stale=142s
[2026-09-12 13:50:49] run18 : poll - elapsed=3984s log_stale=162s
[2026-09-12 13:51:09] run18 : poll - elapsed=4004s log_stale=182s
[2026-09-12 13:51:29] run18 : THANH CONG - D:\ResearchLab\02_Projects\02_Projects\MOSFOA paper 2\code\results\MOSFOA2_B_Np8_Maxit20_run18_FINAL.mat da xuat hien.
[2026-09-12 13:51:29] ----- Bat dau run19 (19/20) -----
[2026-09-12 13:51:32] run19 : launching MATLAB (attempt 1)
[2026-09-12 13:51:52] run19 : poll - elapsed=20s log_stale=9s
[2026-09-12 13:52:12] run19 : poll - elapsed=40s log_stale=15s
[2026-09-12 13:52:32] run19 : poll - elapsed=60s log_stale=35s
[2026-09-12 13:52:53] run19 : poll - elapsed=80s log_stale=55s
[2026-09-12 13:53:13] run19 : poll - elapsed=100s log_stale=75s
[2026-09-12 13:53:33] run19 : poll - elapsed=120s log_stale=95s
[2026-09-12 13:53:53] run19 : poll - elapsed=140s log_stale=115s
[2026-09-12 13:54:13] run19 : poll - elapsed=160s log_stale=135s
[2026-09-12 13:54:33] run19 : poll - elapsed=180s log_stale=155s
[2026-09-12 13:54:53] run19 : poll - elapsed=200s log_stale=175s
[2026-09-12 13:55:13] run19 : poll - elapsed=220s log_stale=195s
[2026-09-12 13:55:33] run19 : poll - elapsed=240s log_stale=215s
[2026-09-12 13:55:53] run19 : poll - elapsed=260s log_stale=6s
[2026-09-12 13:56:13] run19 : poll - elapsed=280s log_stale=26s
[2026-09-12 13:56:33] run19 : poll - elapsed=300s log_stale=46s
[2026-09-12 13:56:53] run19 : poll - elapsed=320s log_stale=66s
[2026-09-12 13:57:13] run19 : poll - elapsed=340s log_stale=86s
[2026-09-12 13:57:33] run19 : poll - elapsed=360s log_stale=106s
[2026-09-12 13:57:53] run19 : poll - elapsed=380s log_stale=126s
[2026-09-12 13:58:13] run19 : poll - elapsed=400s log_stale=146s
[2026-09-12 13:58:33] run19 : poll - elapsed=420s log_stale=166s
[2026-09-12 13:58:53] run19 : poll - elapsed=440s log_stale=186s
[2026-09-12 13:59:13] run19 : poll - elapsed=460s log_stale=20s
[2026-09-12 13:59:33] run19 : poll - elapsed=480s log_stale=40s
[2026-09-12 13:59:53] run19 : poll - elapsed=500s log_stale=60s
[2026-09-12 14:00:13] run19 : poll - elapsed=520s log_stale=80s
[2026-09-12 14:00:33] run19 : poll - elapsed=540s log_stale=100s
[2026-09-12 14:00:53] run19 : poll - elapsed=561s log_stale=120s
[2026-09-12 14:01:13] run19 : poll - elapsed=581s log_stale=140s
[2026-09-12 14:01:33] run19 : poll - elapsed=601s log_stale=160s
[2026-09-12 14:01:53] run19 : poll - elapsed=621s log_stale=180s
[2026-09-12 14:02:13] run19 : poll - elapsed=641s log_stale=11s
[2026-09-12 14:02:33] run19 : poll - elapsed=661s log_stale=31s
[2026-09-12 14:02:53] run19 : poll - elapsed=681s log_stale=51s
[2026-09-12 14:03:13] run19 : poll - elapsed=701s log_stale=71s
[2026-09-12 14:03:33] run19 : poll - elapsed=721s log_stale=91s
[2026-09-12 14:03:53] run19 : poll - elapsed=741s log_stale=111s
[2026-09-12 14:04:13] run19 : poll - elapsed=761s log_stale=131s
[2026-09-12 14:04:33] run19 : poll - elapsed=781s log_stale=151s
[2026-09-12 14:04:53] run19 : poll - elapsed=801s log_stale=172s
[2026-09-12 14:05:13] run19 : poll - elapsed=821s log_stale=4s
[2026-09-12 14:05:33] run19 : poll - elapsed=841s log_stale=24s
[2026-09-12 14:05:53] run19 : poll - elapsed=861s log_stale=44s
[2026-09-12 14:06:13] run19 : poll - elapsed=881s log_stale=64s
[2026-09-12 14:06:33] run19 : poll - elapsed=901s log_stale=84s
[2026-09-12 14:06:53] run19 : poll - elapsed=921s log_stale=104s
[2026-09-12 14:07:13] run19 : poll - elapsed=941s log_stale=124s
[2026-09-12 14:07:33] run19 : poll - elapsed=961s log_stale=144s
[2026-09-12 14:07:53] run19 : poll - elapsed=981s log_stale=164s
[2026-09-12 14:08:13] run19 : poll - elapsed=1001s log_stale=1s
[2026-09-12 14:08:33] run19 : poll - elapsed=1021s log_stale=21s
[2026-09-12 14:08:53] run19 : poll - elapsed=1041s log_stale=41s
[2026-09-12 14:09:13] run19 : poll - elapsed=1061s log_stale=61s
[2026-09-12 14:09:33] run19 : poll - elapsed=1081s log_stale=81s
[2026-09-12 14:09:54] run19 : poll - elapsed=1101s log_stale=101s
[2026-09-12 14:10:14] run19 : poll - elapsed=1121s log_stale=121s
[2026-09-12 14:10:34] run19 : poll - elapsed=1141s log_stale=141s
[2026-09-12 14:10:54] run19 : poll - elapsed=1161s log_stale=161s
[2026-09-12 14:11:14] run19 : poll - elapsed=1181s log_stale=181s
[2026-09-12 14:11:34] run19 : poll - elapsed=1201s log_stale=14s
[2026-09-12 14:11:54] run19 : poll - elapsed=1221s log_stale=34s
[2026-09-12 14:12:14] run19 : poll - elapsed=1241s log_stale=54s
[2026-09-12 14:12:34] run19 : poll - elapsed=1261s log_stale=74s
[2026-09-12 14:12:54] run19 : poll - elapsed=1281s log_stale=94s
[2026-09-12 14:13:14] run19 : poll - elapsed=1301s log_stale=114s
[2026-09-12 14:13:34] run19 : poll - elapsed=1321s log_stale=134s
[2026-09-12 14:13:54] run19 : poll - elapsed=1341s log_stale=154s
[2026-09-12 14:14:14] run19 : poll - elapsed=1361s log_stale=174s
[2026-09-12 14:14:34] run19 : poll - elapsed=1381s log_stale=9s
[2026-09-12 14:14:54] run19 : poll - elapsed=1401s log_stale=29s
[2026-09-12 14:15:14] run19 : poll - elapsed=1421s log_stale=49s
[2026-09-12 14:15:34] run19 : poll - elapsed=1441s log_stale=69s
[2026-09-12 14:15:54] run19 : poll - elapsed=1461s log_stale=89s
[2026-09-12 14:16:14] run19 : poll - elapsed=1481s log_stale=109s
[2026-09-12 14:16:34] run19 : poll - elapsed=1501s log_stale=129s
[2026-09-12 14:16:54] run19 : poll - elapsed=1521s log_stale=149s
[2026-09-12 14:17:14] run19 : poll - elapsed=1541s log_stale=169s
[2026-09-12 14:17:34] run19 : poll - elapsed=1562s log_stale=1s
[2026-09-12 14:17:54] run19 : poll - elapsed=1582s log_stale=21s
[2026-09-12 14:18:14] run19 : poll - elapsed=1602s log_stale=41s
[2026-09-12 14:18:34] run19 : poll - elapsed=1622s log_stale=62s
[2026-09-12 14:18:54] run19 : poll - elapsed=1642s log_stale=82s
[2026-09-12 14:19:14] run19 : poll - elapsed=1662s log_stale=102s
[2026-09-12 14:19:34] run19 : poll - elapsed=1682s log_stale=122s
[2026-09-12 14:19:54] run19 : poll - elapsed=1702s log_stale=142s
[2026-09-12 14:20:14] run19 : poll - elapsed=1722s log_stale=162s
[2026-09-12 14:20:34] run19 : poll - elapsed=1742s log_stale=182s
[2026-09-12 14:20:54] run19 : poll - elapsed=1762s log_stale=16s
[2026-09-12 14:21:14] run19 : poll - elapsed=1782s log_stale=36s
[2026-09-12 14:21:34] run19 : poll - elapsed=1802s log_stale=56s
[2026-09-12 14:21:54] run19 : poll - elapsed=1822s log_stale=76s
[2026-09-12 14:22:14] run19 : poll - elapsed=1842s log_stale=96s
[2026-09-12 14:22:34] run19 : poll - elapsed=1862s log_stale=116s
[2026-09-12 14:22:54] run19 : poll - elapsed=1882s log_stale=136s
[2026-09-12 14:23:14] run19 : poll - elapsed=1902s log_stale=156s
[2026-09-12 14:23:34] run19 : poll - elapsed=1922s log_stale=176s
[2026-09-12 14:23:54] run19 : poll - elapsed=1942s log_stale=11s
[2026-09-12 14:24:14] run19 : poll - elapsed=1962s log_stale=31s
[2026-09-12 14:24:34] run19 : poll - elapsed=1982s log_stale=51s
[2026-09-12 14:24:54] run19 : poll - elapsed=2002s log_stale=71s
[2026-09-12 14:25:14] run19 : poll - elapsed=2022s log_stale=91s
[2026-09-12 14:25:34] run19 : poll - elapsed=2042s log_stale=111s
[2026-09-12 14:25:54] run19 : poll - elapsed=2062s log_stale=131s
[2026-09-12 14:26:14] run19 : poll - elapsed=2082s log_stale=151s
[2026-09-12 14:26:34] run19 : poll - elapsed=2102s log_stale=171s
[2026-09-12 14:26:55] run19 : poll - elapsed=2122s log_stale=6s
[2026-09-12 14:27:15] run19 : poll - elapsed=2142s log_stale=26s
[2026-09-12 14:27:35] run19 : poll - elapsed=2162s log_stale=46s
[2026-09-12 14:27:55] run19 : poll - elapsed=2182s log_stale=66s
[2026-09-12 14:28:15] run19 : poll - elapsed=2202s log_stale=86s
[2026-09-12 14:28:35] run19 : poll - elapsed=2222s log_stale=106s
[2026-09-12 14:28:55] run19 : poll - elapsed=2242s log_stale=126s
[2026-09-12 14:29:15] run19 : poll - elapsed=2262s log_stale=146s
[2026-09-12 14:29:35] run19 : poll - elapsed=2282s log_stale=166s
[2026-09-12 14:29:55] run19 : poll - elapsed=2302s log_stale=186s
[2026-09-12 14:30:15] run19 : poll - elapsed=2322s log_stale=19s
[2026-09-12 14:30:35] run19 : poll - elapsed=2342s log_stale=39s
[2026-09-12 14:30:55] run19 : poll - elapsed=2362s log_stale=59s
[2026-09-12 14:31:15] run19 : poll - elapsed=2382s log_stale=79s
[2026-09-12 14:31:35] run19 : poll - elapsed=2402s log_stale=99s
[2026-09-12 14:31:55] run19 : poll - elapsed=2422s log_stale=119s
[2026-09-12 14:32:15] run19 : poll - elapsed=2442s log_stale=139s
[2026-09-12 14:32:35] run19 : poll - elapsed=2462s log_stale=159s
[2026-09-12 14:32:55] run19 : poll - elapsed=2482s log_stale=179s
[2026-09-12 14:33:15] run19 : poll - elapsed=2502s log_stale=13s
[2026-09-12 14:33:35] run19 : poll - elapsed=2522s log_stale=33s
[2026-09-12 14:33:55] run19 : poll - elapsed=2542s log_stale=53s
[2026-09-12 14:34:15] run19 : poll - elapsed=2562s log_stale=73s
[2026-09-12 14:34:35] run19 : poll - elapsed=2582s log_stale=93s
[2026-09-12 14:34:55] run19 : poll - elapsed=2603s log_stale=113s
[2026-09-12 14:35:15] run19 : poll - elapsed=2623s log_stale=133s
[2026-09-12 14:35:35] run19 : poll - elapsed=2643s log_stale=153s
[2026-09-12 14:35:55] run19 : poll - elapsed=2663s log_stale=173s
[2026-09-12 14:36:15] run19 : poll - elapsed=2683s log_stale=6s
[2026-09-12 14:36:35] run19 : poll - elapsed=2703s log_stale=26s
[2026-09-12 14:36:55] run19 : poll - elapsed=2723s log_stale=46s
[2026-09-12 14:37:15] run19 : poll - elapsed=2743s log_stale=66s
[2026-09-12 14:37:35] run19 : poll - elapsed=2763s log_stale=86s
[2026-09-12 14:37:55] run19 : poll - elapsed=2783s log_stale=106s
[2026-09-12 14:38:15] run19 : poll - elapsed=2803s log_stale=126s
[2026-09-12 14:38:35] run19 : poll - elapsed=2823s log_stale=146s
[2026-09-12 14:38:55] run19 : poll - elapsed=2843s log_stale=166s
[2026-09-12 14:39:15] run19 : poll - elapsed=2863s log_stale=1s
[2026-09-12 14:39:35] run19 : poll - elapsed=2883s log_stale=21s
[2026-09-12 14:39:55] run19 : poll - elapsed=2903s log_stale=41s
[2026-09-12 14:40:15] run19 : poll - elapsed=2923s log_stale=61s
[2026-09-12 14:40:35] run19 : poll - elapsed=2943s log_stale=81s
[2026-09-12 14:40:55] run19 : poll - elapsed=2963s log_stale=101s
[2026-09-12 14:41:15] run19 : poll - elapsed=2983s log_stale=121s
[2026-09-12 14:41:35] run19 : poll - elapsed=3003s log_stale=141s
[2026-09-12 14:41:55] run19 : poll - elapsed=3023s log_stale=161s
[2026-09-12 14:42:15] run19 : poll - elapsed=3043s log_stale=181s
[2026-09-12 14:42:35] run19 : poll - elapsed=3063s log_stale=18s
[2026-09-12 14:42:55] run19 : poll - elapsed=3083s log_stale=38s
[2026-09-12 14:43:15] run19 : poll - elapsed=3103s log_stale=58s
[2026-09-12 14:43:35] run19 : poll - elapsed=3123s log_stale=78s
[2026-09-12 14:43:55] run19 : poll - elapsed=3143s log_stale=98s
[2026-09-12 14:44:16] run19 : poll - elapsed=3163s log_stale=118s
[2026-09-12 14:44:36] run19 : poll - elapsed=3183s log_stale=138s
[2026-09-12 14:44:56] run19 : poll - elapsed=3203s log_stale=158s
[2026-09-12 14:45:16] run19 : poll - elapsed=3223s log_stale=178s
[2026-09-12 14:45:36] run19 : poll - elapsed=3243s log_stale=14s
[2026-09-12 14:45:56] run19 : poll - elapsed=3263s log_stale=34s
[2026-09-12 14:46:16] run19 : poll - elapsed=3283s log_stale=54s
[2026-09-12 14:46:36] run19 : poll - elapsed=3303s log_stale=74s
[2026-09-12 14:46:56] run19 : poll - elapsed=3323s log_stale=94s
[2026-09-12 14:47:16] run19 : poll - elapsed=3343s log_stale=114s
[2026-09-12 14:47:36] run19 : poll - elapsed=3363s log_stale=134s
[2026-09-12 14:47:56] run19 : poll - elapsed=3383s log_stale=154s
[2026-09-12 14:48:16] run19 : poll - elapsed=3403s log_stale=174s
[2026-09-12 14:48:36] run19 : poll - elapsed=3423s log_stale=5s
[2026-09-12 14:48:56] run19 : poll - elapsed=3443s log_stale=25s
[2026-09-12 14:49:16] run19 : poll - elapsed=3463s log_stale=45s
[2026-09-12 14:49:36] run19 : poll - elapsed=3483s log_stale=65s
[2026-09-12 14:49:56] run19 : poll - elapsed=3503s log_stale=85s
[2026-09-12 14:50:16] run19 : poll - elapsed=3523s log_stale=105s
[2026-09-12 14:50:36] run19 : poll - elapsed=3543s log_stale=125s
[2026-09-12 14:50:56] run19 : poll - elapsed=3563s log_stale=146s
[2026-09-12 14:51:16] run19 : poll - elapsed=3583s log_stale=166s
[2026-09-12 14:51:36] run19 : poll - elapsed=3603s log_stale=186s
[2026-09-12 14:51:56] run19 : poll - elapsed=3624s log_stale=18s
[2026-09-12 14:52:16] run19 : poll - elapsed=3644s log_stale=38s
[2026-09-12 14:52:36] run19 : poll - elapsed=3664s log_stale=58s
[2026-09-12 14:52:56] run19 : poll - elapsed=3684s log_stale=78s
[2026-09-12 14:53:16] run19 : poll - elapsed=3704s log_stale=98s
[2026-09-12 14:53:36] run19 : poll - elapsed=3724s log_stale=118s
[2026-09-12 14:53:56] run19 : poll - elapsed=3744s log_stale=138s
[2026-09-12 14:54:16] run19 : poll - elapsed=3764s log_stale=158s
[2026-09-12 14:54:36] run19 : poll - elapsed=3784s log_stale=178s
[2026-09-12 14:54:56] run19 : poll - elapsed=3804s log_stale=11s
[2026-09-12 14:55:16] run19 : poll - elapsed=3824s log_stale=31s
[2026-09-12 14:55:36] run19 : poll - elapsed=3844s log_stale=51s
[2026-09-12 14:55:56] run19 : poll - elapsed=3864s log_stale=71s
[2026-09-12 14:56:16] run19 : poll - elapsed=3884s log_stale=91s
[2026-09-12 14:56:36] run19 : poll - elapsed=3904s log_stale=111s
[2026-09-12 14:56:56] run19 : poll - elapsed=3924s log_stale=131s
[2026-09-12 14:57:16] run19 : poll - elapsed=3944s log_stale=151s
[2026-09-12 14:57:36] run19 : poll - elapsed=3964s log_stale=171s
[2026-09-12 14:57:56] run19 : THANH CONG - D:\ResearchLab\02_Projects\02_Projects\MOSFOA paper 2\code\results\MOSFOA2_B_Np8_Maxit20_run19_FINAL.mat da xuat hien.
[2026-09-12 14:57:56] ----- Bat dau run20 (20/20) -----
[2026-09-12 14:58:00] run20 : launching MATLAB (attempt 1)
[2026-09-12 14:58:20] run20 : poll - elapsed=20s log_stale=9s
[2026-09-12 14:58:40] run20 : poll - elapsed=40s log_stale=15s
[2026-09-12 14:59:00] run20 : poll - elapsed=60s log_stale=35s
[2026-09-12 14:59:20] run20 : poll - elapsed=80s log_stale=55s
[2026-09-12 14:59:40] run20 : poll - elapsed=100s log_stale=75s
[2026-09-12 15:00:00] run20 : poll - elapsed=120s log_stale=95s
[2026-09-12 15:00:20] run20 : poll - elapsed=140s log_stale=115s
[2026-09-12 15:00:40] run20 : poll - elapsed=160s log_stale=135s
[2026-09-12 15:01:00] run20 : poll - elapsed=180s log_stale=155s
[2026-09-12 15:01:20] run20 : poll - elapsed=200s log_stale=175s
[2026-09-12 15:01:40] run20 : poll - elapsed=220s log_stale=195s
[2026-09-12 15:02:00] run20 : poll - elapsed=240s log_stale=215s
[2026-09-12 15:02:20] run20 : poll - elapsed=260s log_stale=9s
[2026-09-12 15:02:40] run20 : poll - elapsed=280s log_stale=29s
[2026-09-12 15:03:00] run20 : poll - elapsed=300s log_stale=49s
[2026-09-12 15:03:20] run20 : poll - elapsed=320s log_stale=69s
[2026-09-12 15:03:40] run20 : poll - elapsed=340s log_stale=89s
[2026-09-12 15:04:00] run20 : poll - elapsed=360s log_stale=109s
[2026-09-12 15:04:20] run20 : poll - elapsed=380s log_stale=129s
[2026-09-12 15:04:40] run20 : poll - elapsed=400s log_stale=149s
[2026-09-12 15:05:00] run20 : poll - elapsed=420s log_stale=169s
[2026-09-12 15:05:20] run20 : poll - elapsed=440s log_stale=2s
[2026-09-12 15:05:40] run20 : poll - elapsed=460s log_stale=22s
[2026-09-12 15:06:00] run20 : poll - elapsed=480s log_stale=42s
[2026-09-12 15:06:20] run20 : poll - elapsed=500s log_stale=62s
[2026-09-12 15:06:40] run20 : poll - elapsed=520s log_stale=82s
[2026-09-12 15:07:00] run20 : poll - elapsed=540s log_stale=102s
[2026-09-12 15:07:20] run20 : poll - elapsed=561s log_stale=122s
[2026-09-12 15:07:40] run20 : poll - elapsed=581s log_stale=142s
[2026-09-12 15:08:00] run20 : poll - elapsed=601s log_stale=162s
[2026-09-12 15:08:20] run20 : poll - elapsed=621s log_stale=182s
[2026-09-12 15:08:40] run20 : poll - elapsed=641s log_stale=13s
[2026-09-12 15:09:01] run20 : poll - elapsed=661s log_stale=33s
[2026-09-12 15:09:21] run20 : poll - elapsed=681s log_stale=53s
[2026-09-12 15:09:41] run20 : poll - elapsed=701s log_stale=73s
[2026-09-12 15:10:01] run20 : poll - elapsed=721s log_stale=94s
[2026-09-12 15:10:21] run20 : poll - elapsed=741s log_stale=114s
[2026-09-12 15:10:41] run20 : poll - elapsed=761s log_stale=134s
[2026-09-12 15:11:01] run20 : poll - elapsed=781s log_stale=154s
[2026-09-12 15:11:21] run20 : poll - elapsed=801s log_stale=174s
[2026-09-12 15:11:41] run20 : poll - elapsed=821s log_stale=6s
[2026-09-12 15:12:01] run20 : poll - elapsed=841s log_stale=26s
[2026-09-12 15:12:21] run20 : poll - elapsed=861s log_stale=46s
[2026-09-12 15:12:41] run20 : poll - elapsed=881s log_stale=66s
[2026-09-12 15:13:01] run20 : poll - elapsed=901s log_stale=86s
[2026-09-12 15:13:21] run20 : poll - elapsed=921s log_stale=106s
[2026-09-12 15:13:41] run20 : poll - elapsed=941s log_stale=126s
[2026-09-12 15:14:01] run20 : poll - elapsed=961s log_stale=146s
[2026-09-12 15:14:21] run20 : poll - elapsed=981s log_stale=166s
[2026-09-12 15:14:41] run20 : poll - elapsed=1001s log_stale=3s
[2026-09-12 15:15:01] run20 : poll - elapsed=1021s log_stale=23s
[2026-09-12 15:15:21] run20 : poll - elapsed=1041s log_stale=43s
[2026-09-12 15:15:41] run20 : poll - elapsed=1061s log_stale=63s
[2026-09-12 15:16:01] run20 : poll - elapsed=1081s log_stale=83s
[2026-09-12 15:16:21] run20 : poll - elapsed=1101s log_stale=103s
[2026-09-12 15:16:41] run20 : poll - elapsed=1121s log_stale=123s
[2026-09-12 15:17:01] run20 : poll - elapsed=1141s log_stale=143s
[2026-09-12 15:17:21] run20 : poll - elapsed=1161s log_stale=163s
[2026-09-12 15:17:41] run20 : poll - elapsed=1181s log_stale=183s
[2026-09-12 15:18:01] run20 : poll - elapsed=1201s log_stale=17s
[2026-09-12 15:18:21] run20 : poll - elapsed=1221s log_stale=37s
[2026-09-12 15:18:41] run20 : poll - elapsed=1241s log_stale=57s
[2026-09-12 15:19:01] run20 : poll - elapsed=1261s log_stale=77s
[2026-09-12 15:19:21] run20 : poll - elapsed=1281s log_stale=97s
[2026-09-12 15:19:41] run20 : poll - elapsed=1301s log_stale=117s
[2026-09-12 15:20:01] run20 : poll - elapsed=1321s log_stale=137s
[2026-09-12 15:20:21] run20 : poll - elapsed=1341s log_stale=157s
[2026-09-12 15:20:41] run20 : poll - elapsed=1361s log_stale=177s
[2026-09-12 15:21:01] run20 : poll - elapsed=1381s log_stale=10s
[2026-09-12 15:21:21] run20 : poll - elapsed=1401s log_stale=30s
[2026-09-12 15:21:41] run20 : poll - elapsed=1421s log_stale=50s
[2026-09-12 15:22:01] run20 : poll - elapsed=1441s log_stale=70s
[2026-09-12 15:22:21] run20 : poll - elapsed=1461s log_stale=90s
[2026-09-12 15:22:41] run20 : poll - elapsed=1481s log_stale=110s
[2026-09-12 15:23:01] run20 : poll - elapsed=1501s log_stale=130s
[2026-09-12 15:23:21] run20 : poll - elapsed=1521s log_stale=150s
[2026-09-12 15:23:41] run20 : poll - elapsed=1541s log_stale=170s
[2026-09-12 15:24:01] run20 : poll - elapsed=1561s log_stale=3s
[2026-09-12 15:24:21] run20 : poll - elapsed=1581s log_stale=23s
[2026-09-12 15:24:41] run20 : poll - elapsed=1601s log_stale=43s
[2026-09-12 15:25:01] run20 : poll - elapsed=1621s log_stale=63s
[2026-09-12 15:25:21] run20 : poll - elapsed=1641s log_stale=83s
[2026-09-12 15:25:41] run20 : poll - elapsed=1662s log_stale=103s
[2026-09-12 15:26:01] run20 : poll - elapsed=1682s log_stale=123s
[2026-09-12 15:26:21] run20 : poll - elapsed=1702s log_stale=143s
[2026-09-12 15:26:41] run20 : poll - elapsed=1722s log_stale=163s
[2026-09-12 15:27:01] run20 : poll - elapsed=1742s log_stale=183s
[2026-09-12 15:27:22] run20 : poll - elapsed=1762s log_stale=18s
[2026-09-12 15:27:42] run20 : poll - elapsed=1782s log_stale=38s
[2026-09-12 15:28:02] run20 : poll - elapsed=1802s log_stale=58s
[2026-09-12 15:28:22] run20 : poll - elapsed=1822s log_stale=78s
[2026-09-12 15:28:42] run20 : poll - elapsed=1842s log_stale=98s
[2026-09-12 15:29:02] run20 : poll - elapsed=1862s log_stale=118s
[2026-09-12 15:29:22] run20 : poll - elapsed=1882s log_stale=138s
[2026-09-12 15:29:42] run20 : poll - elapsed=1902s log_stale=158s
[2026-09-12 15:30:02] run20 : poll - elapsed=1922s log_stale=178s
[2026-09-12 15:30:22] run20 : poll - elapsed=1942s log_stale=14s
[2026-09-12 15:30:42] run20 : poll - elapsed=1962s log_stale=34s
[2026-09-12 15:31:02] run20 : poll - elapsed=1982s log_stale=55s
[2026-09-12 15:31:22] run20 : poll - elapsed=2002s log_stale=75s
[2026-09-12 15:31:42] run20 : poll - elapsed=2022s log_stale=95s
[2026-09-12 15:32:02] run20 : poll - elapsed=2042s log_stale=115s
[2026-09-12 15:32:22] run20 : poll - elapsed=2062s log_stale=135s
[2026-09-12 15:32:42] run20 : poll - elapsed=2082s log_stale=155s
[2026-09-12 15:33:02] run20 : poll - elapsed=2102s log_stale=175s
[2026-09-12 15:33:22] run20 : poll - elapsed=2122s log_stale=9s
[2026-09-12 15:33:42] run20 : poll - elapsed=2142s log_stale=29s
[2026-09-12 15:34:02] run20 : poll - elapsed=2162s log_stale=49s
[2026-09-12 15:34:22] run20 : poll - elapsed=2182s log_stale=69s
[2026-09-12 15:34:42] run20 : poll - elapsed=2202s log_stale=89s
[2026-09-12 15:35:02] run20 : poll - elapsed=2222s log_stale=109s
[2026-09-12 15:35:22] run20 : poll - elapsed=2242s log_stale=129s
[2026-09-12 15:35:42] run20 : poll - elapsed=2262s log_stale=149s
[2026-09-12 15:36:02] run20 : poll - elapsed=2282s log_stale=169s
[2026-09-12 15:36:22] run20 : poll - elapsed=2302s log_stale=4s
[2026-09-12 15:36:42] run20 : poll - elapsed=2322s log_stale=24s
[2026-09-12 15:37:02] run20 : poll - elapsed=2342s log_stale=44s
[2026-09-12 15:37:22] run20 : poll - elapsed=2362s log_stale=65s
[2026-09-12 15:37:42] run20 : poll - elapsed=2382s log_stale=85s
[2026-09-12 15:38:02] run20 : poll - elapsed=2402s log_stale=105s
[2026-09-12 15:38:22] run20 : poll - elapsed=2422s log_stale=125s
[2026-09-12 15:38:42] run20 : poll - elapsed=2442s log_stale=145s
[2026-09-12 15:39:02] run20 : poll - elapsed=2462s log_stale=165s
[2026-09-12 15:39:22] run20 : poll - elapsed=2482s log_stale=185s
[2026-09-12 15:39:42] run20 : poll - elapsed=2502s log_stale=18s
[2026-09-12 15:40:02] run20 : poll - elapsed=2522s log_stale=38s
[2026-09-12 15:40:22] run20 : poll - elapsed=2542s log_stale=58s
[2026-09-12 15:40:42] run20 : poll - elapsed=2562s log_stale=78s
[2026-09-12 15:41:02] run20 : poll - elapsed=2582s log_stale=98s
[2026-09-12 15:41:22] run20 : poll - elapsed=2602s log_stale=118s
[2026-09-12 15:41:42] run20 : poll - elapsed=2622s log_stale=138s
[2026-09-12 15:42:02] run20 : poll - elapsed=2642s log_stale=158s
[2026-09-12 15:42:22] run20 : poll - elapsed=2662s log_stale=178s
[2026-09-12 15:42:42] run20 : poll - elapsed=2682s log_stale=10s
[2026-09-12 15:43:02] run20 : poll - elapsed=2703s log_stale=30s
[2026-09-12 15:43:22] run20 : poll - elapsed=2723s log_stale=50s
[2026-09-12 15:43:42] run20 : poll - elapsed=2743s log_stale=70s
[2026-09-12 15:44:02] run20 : poll - elapsed=2763s log_stale=90s
[2026-09-12 15:44:22] run20 : poll - elapsed=2783s log_stale=110s
[2026-09-12 15:44:43] run20 : poll - elapsed=2803s log_stale=130s
[2026-09-12 15:45:03] run20 : poll - elapsed=2823s log_stale=150s
[2026-09-12 15:45:23] run20 : poll - elapsed=2843s log_stale=170s
[2026-09-12 15:45:43] run20 : poll - elapsed=2863s log_stale=1s
[2026-09-12 15:46:03] run20 : poll - elapsed=2883s log_stale=21s
[2026-09-12 15:46:23] run20 : poll - elapsed=2903s log_stale=41s
[2026-09-12 15:46:43] run20 : poll - elapsed=2923s log_stale=61s
[2026-09-12 15:47:03] run20 : poll - elapsed=2943s log_stale=81s
[2026-09-12 15:47:23] run20 : poll - elapsed=2963s log_stale=101s
[2026-09-12 15:47:43] run20 : poll - elapsed=2983s log_stale=121s
[2026-09-12 15:48:03] run20 : poll - elapsed=3003s log_stale=141s
[2026-09-12 15:48:23] run20 : poll - elapsed=3023s log_stale=161s
[2026-09-12 15:48:43] run20 : poll - elapsed=3043s log_stale=181s
[2026-09-12 15:49:03] run20 : poll - elapsed=3063s log_stale=15s
[2026-09-12 15:49:23] run20 : poll - elapsed=3083s log_stale=35s
[2026-09-12 15:49:43] run20 : poll - elapsed=3103s log_stale=55s
[2026-09-12 15:50:03] run20 : poll - elapsed=3123s log_stale=75s
[2026-09-12 15:50:23] run20 : poll - elapsed=3143s log_stale=95s
[2026-09-12 15:50:43] run20 : poll - elapsed=3163s log_stale=115s
[2026-09-12 15:51:03] run20 : poll - elapsed=3183s log_stale=135s
[2026-09-12 15:51:23] run20 : poll - elapsed=3203s log_stale=155s
[2026-09-12 15:51:43] run20 : poll - elapsed=3223s log_stale=175s
[2026-09-12 15:52:03] run20 : poll - elapsed=3243s log_stale=11s
[2026-09-12 15:52:23] run20 : poll - elapsed=3263s log_stale=31s
[2026-09-12 15:52:43] run20 : poll - elapsed=3283s log_stale=51s
[2026-09-12 15:53:03] run20 : poll - elapsed=3303s log_stale=72s
[2026-09-12 15:53:23] run20 : poll - elapsed=3323s log_stale=92s
[2026-09-12 15:53:43] run20 : poll - elapsed=3343s log_stale=112s
[2026-09-12 15:54:03] run20 : poll - elapsed=3363s log_stale=132s
[2026-09-12 15:54:23] run20 : poll - elapsed=3383s log_stale=152s
[2026-09-12 15:54:43] run20 : poll - elapsed=3403s log_stale=172s
[2026-09-12 15:55:03] run20 : poll - elapsed=3423s log_stale=4s
[2026-09-12 15:55:23] run20 : poll - elapsed=3443s log_stale=24s
[2026-09-12 15:55:43] run20 : poll - elapsed=3463s log_stale=44s
[2026-09-12 15:56:03] run20 : poll - elapsed=3483s log_stale=64s
[2026-09-12 15:56:23] run20 : poll - elapsed=3503s log_stale=84s
[2026-09-12 15:56:43] run20 : poll - elapsed=3523s log_stale=104s
[2026-09-12 15:57:03] run20 : poll - elapsed=3543s log_stale=124s
[2026-09-12 15:57:23] run20 : poll - elapsed=3563s log_stale=144s
[2026-09-12 15:57:43] run20 : poll - elapsed=3583s log_stale=164s
[2026-09-12 15:58:03] run20 : poll - elapsed=3603s log_stale=184s
[2026-09-12 15:58:23] run20 : poll - elapsed=3623s log_stale=17s
[2026-09-12 15:58:43] run20 : poll - elapsed=3643s log_stale=37s
[2026-09-12 15:59:03] run20 : poll - elapsed=3663s log_stale=57s
[2026-09-12 15:59:23] run20 : poll - elapsed=3683s log_stale=77s
[2026-09-12 15:59:43] run20 : poll - elapsed=3703s log_stale=97s
[2026-09-12 16:00:03] run20 : poll - elapsed=3723s log_stale=117s
[2026-09-12 16:00:23] run20 : poll - elapsed=3743s log_stale=137s
[2026-09-12 16:00:43] run20 : poll - elapsed=3763s log_stale=157s
[2026-09-12 16:01:03] run20 : poll - elapsed=3783s log_stale=177s
[2026-09-12 16:01:23] run20 : poll - elapsed=3803s log_stale=9s
[2026-09-12 16:01:43] run20 : poll - elapsed=3824s log_stale=29s
[2026-09-12 16:02:03] run20 : poll - elapsed=3844s log_stale=49s
[2026-09-12 16:02:23] run20 : poll - elapsed=3864s log_stale=70s
[2026-09-12 16:02:43] run20 : poll - elapsed=3884s log_stale=90s
[2026-09-12 16:03:03] run20 : poll - elapsed=3904s log_stale=110s
[2026-09-12 16:03:24] run20 : poll - elapsed=3924s log_stale=130s
[2026-09-12 16:03:44] run20 : poll - elapsed=3944s log_stale=150s
[2026-09-12 16:04:04] run20 : poll - elapsed=3964s log_stale=170s
[2026-09-12 16:04:24] run20 : THANH CONG - D:\ResearchLab\02_Projects\02_Projects\MOSFOA paper 2\code\results\MOSFOA2_B_Np8_Maxit20_run20_FINAL.mat da xuat hien.
[2026-09-12 16:04:24] === HOAN THANH TOAN BO CAMPAIGN cho cong trinh B (20 lan chay) ===
[2026-09-14 07:51:47] === watchdog_campaign start: Proj=B Nrun=20 Npop=8 Max_it=20 Num_work=8 ===
[2026-09-14 07:51:50] run01 : da co ket qua (D:\ResearchLab\02_Projects\02_Projects\MOSFOA paper 2\code\results\MOSFOA2_B_Np8_Maxit20_run01_FINAL.mat) - BO QUA.
[2026-09-14 07:51:50] run02 : da co ket qua (D:\ResearchLab\02_Projects\02_Projects\MOSFOA paper 2\code\results\MOSFOA2_B_Np8_Maxit20_run02_FINAL.mat) - BO QUA.
[2026-09-14 07:51:50] run03 : da co ket qua (D:\ResearchLab\02_Projects\02_Projects\MOSFOA paper 2\code\results\MOSFOA2_B_Np8_Maxit20_run03_FINAL.mat) - BO QUA.
[2026-09-14 07:51:50] run04 : da co ket qua (D:\ResearchLab\02_Projects\02_Projects\MOSFOA paper 2\code\results\MOSFOA2_B_Np8_Maxit20_run04_FINAL.mat) - BO QUA.
[2026-09-14 07:51:50] run05 : da co ket qua (D:\ResearchLab\02_Projects\02_Projects\MOSFOA paper 2\code\results\MOSFOA2_B_Np8_Maxit20_run05_FINAL.mat) - BO QUA.
[2026-09-14 07:51:50] run06 : da co ket qua (D:\ResearchLab\02_Projects\02_Projects\MOSFOA paper 2\code\results\MOSFOA2_B_Np8_Maxit20_run06_FINAL.mat) - BO QUA.
[2026-09-14 07:51:50] run07 : da co ket qua (D:\ResearchLab\02_Projects\02_Projects\MOSFOA paper 2\code\results\MOSFOA2_B_Np8_Maxit20_run07_FINAL.mat) - BO QUA.
[2026-09-14 07:51:50] run08 : da co ket qua (D:\ResearchLab\02_Projects\02_Projects\MOSFOA paper 2\code\results\MOSFOA2_B_Np8_Maxit20_run08_FINAL.mat) - BO QUA.
[2026-09-14 07:51:50] run09 : da co ket qua (D:\ResearchLab\02_Projects\02_Projects\MOSFOA paper 2\code\results\MOSFOA2_B_Np8_Maxit20_run09_FINAL.mat) - BO QUA.
[2026-09-14 07:51:50] run10 : da co ket qua (D:\ResearchLab\02_Projects\02_Projects\MOSFOA paper 2\code\results\MOSFOA2_B_Np8_Maxit20_run10_FINAL.mat) - BO QUA.
[2026-09-14 07:51:50] run11 : da co ket qua (D:\ResearchLab\02_Projects\02_Projects\MOSFOA paper 2\code\results\MOSFOA2_B_Np8_Maxit20_run11_FINAL.mat) - BO QUA.
[2026-09-14 07:51:50] run12 : da co ket qua (D:\ResearchLab\02_Projects\02_Projects\MOSFOA paper 2\code\results\MOSFOA2_B_Np8_Maxit20_run12_FINAL.mat) - BO QUA.
[2026-09-14 07:51:50] run13 : da co ket qua (D:\ResearchLab\02_Projects\02_Projects\MOSFOA paper 2\code\results\MOSFOA2_B_Np8_Maxit20_run13_FINAL.mat) - BO QUA.
[2026-09-14 07:51:50] run14 : da co ket qua (D:\ResearchLab\02_Projects\02_Projects\MOSFOA paper 2\code\results\MOSFOA2_B_Np8_Maxit20_run14_FINAL.mat) - BO QUA.
[2026-09-14 07:51:50] run15 : da co ket qua (D:\ResearchLab\02_Projects\02_Projects\MOSFOA paper 2\code\results\MOSFOA2_B_Np8_Maxit20_run15_FINAL.mat) - BO QUA.
[2026-09-14 07:51:50] run16 : da co ket qua (D:\ResearchLab\02_Projects\02_Projects\MOSFOA paper 2\code\results\MOSFOA2_B_Np8_Maxit20_run16_FINAL.mat) - BO QUA.
[2026-09-14 07:51:50] run17 : da co ket qua (D:\ResearchLab\02_Projects\02_Projects\MOSFOA paper 2\code\results\MOSFOA2_B_Np8_Maxit20_run17_FINAL.mat) - BO QUA.
[2026-09-14 07:51:50] run18 : da co ket qua (D:\ResearchLab\02_Projects\02_Projects\MOSFOA paper 2\code\results\MOSFOA2_B_Np8_Maxit20_run18_FINAL.mat) - BO QUA.
[2026-09-14 07:51:50] run19 : da co ket qua (D:\ResearchLab\02_Projects\02_Projects\MOSFOA paper 2\code\results\MOSFOA2_B_Np8_Maxit20_run19_FINAL.mat) - BO QUA.
[2026-09-14 07:51:50] run20 : da co ket qua (D:\ResearchLab\02_Projects\02_Projects\MOSFOA paper 2\code\results\MOSFOA2_B_Np8_Maxit20_run20_FINAL.mat) - BO QUA.
[2026-09-14 07:51:50] === HOAN THANH TOAN BO CAMPAIGN cho cong trinh B (20 lan chay) ===
[2026-09-15 07:57:04] === watchdog_campaign start: Proj=B Nrun=20 Npop=8 Max_it=20 Num_work=8 ===
[2026-09-15 07:57:07] run01 : da co ket qua (D:\ResearchLab\02_Projects\02_Projects\MOSFOA paper 2\code\results\MOSFOA2_B_Np8_Maxit20_run01_FINAL.mat) - BO QUA.
[2026-09-15 07:57:07] run02 : da co ket qua (D:\ResearchLab\02_Projects\02_Projects\MOSFOA paper 2\code\results\MOSFOA2_B_Np8_Maxit20_run02_FINAL.mat) - BO QUA.
[2026-09-15 07:57:07] run03 : da co ket qua (D:\ResearchLab\02_Projects\02_Projects\MOSFOA paper 2\code\results\MOSFOA2_B_Np8_Maxit20_run03_FINAL.mat) - BO QUA.
[2026-09-15 07:57:07] run04 : da co ket qua (D:\ResearchLab\02_Projects\02_Projects\MOSFOA paper 2\code\results\MOSFOA2_B_Np8_Maxit20_run04_FINAL.mat) - BO QUA.
[2026-09-15 07:57:07] run05 : da co ket qua (D:\ResearchLab\02_Projects\02_Projects\MOSFOA paper 2\code\results\MOSFOA2_B_Np8_Maxit20_run05_FINAL.mat) - BO QUA.
[2026-09-15 07:57:07] run06 : da co ket qua (D:\ResearchLab\02_Projects\02_Projects\MOSFOA paper 2\code\results\MOSFOA2_B_Np8_Maxit20_run06_FINAL.mat) - BO QUA.
[2026-09-15 07:57:07] run07 : da co ket qua (D:\ResearchLab\02_Projects\02_Projects\MOSFOA paper 2\code\results\MOSFOA2_B_Np8_Maxit20_run07_FINAL.mat) - BO QUA.
[2026-09-15 07:57:07] run08 : da co ket qua (D:\ResearchLab\02_Projects\02_Projects\MOSFOA paper 2\code\results\MOSFOA2_B_Np8_Maxit20_run08_FINAL.mat) - BO QUA.
[2026-09-15 07:57:07] run09 : da co ket qua (D:\ResearchLab\02_Projects\02_Projects\MOSFOA paper 2\code\results\MOSFOA2_B_Np8_Maxit20_run09_FINAL.mat) - BO QUA.
[2026-09-15 07:57:07] run10 : da co ket qua (D:\ResearchLab\02_Projects\02_Projects\MOSFOA paper 2\code\results\MOSFOA2_B_Np8_Maxit20_run10_FINAL.mat) - BO QUA.
[2026-09-15 07:57:07] run11 : da co ket qua (D:\ResearchLab\02_Projects\02_Projects\MOSFOA paper 2\code\results\MOSFOA2_B_Np8_Maxit20_run11_FINAL.mat) - BO QUA.
[2026-09-15 07:57:07] run12 : da co ket qua (D:\ResearchLab\02_Projects\02_Projects\MOSFOA paper 2\code\results\MOSFOA2_B_Np8_Maxit20_run12_FINAL.mat) - BO QUA.
[2026-09-15 07:57:07] run13 : da co ket qua (D:\ResearchLab\02_Projects\02_Projects\MOSFOA paper 2\code\results\MOSFOA2_B_Np8_Maxit20_run13_FINAL.mat) - BO QUA.
[2026-09-15 07:57:07] run14 : da co ket qua (D:\ResearchLab\02_Projects\02_Projects\MOSFOA paper 2\code\results\MOSFOA2_B_Np8_Maxit20_run14_FINAL.mat) - BO QUA.
[2026-09-15 07:57:07] run15 : da co ket qua (D:\ResearchLab\02_Projects\02_Projects\MOSFOA paper 2\code\results\MOSFOA2_B_Np8_Maxit20_run15_FINAL.mat) - BO QUA.
[2026-09-15 07:57:07] run16 : da co ket qua (D:\ResearchLab\02_Projects\02_Projects\MOSFOA paper 2\code\results\MOSFOA2_B_Np8_Maxit20_run16_FINAL.mat) - BO QUA.
[2026-09-15 07:57:07] run17 : da co ket qua (D:\ResearchLab\02_Projects\02_Projects\MOSFOA paper 2\code\results\MOSFOA2_B_Np8_Maxit20_run17_FINAL.mat) - BO QUA.
[2026-09-15 07:57:07] run18 : da co ket qua (D:\ResearchLab\02_Projects\02_Projects\MOSFOA paper 2\code\results\MOSFOA2_B_Np8_Maxit20_run18_FINAL.mat) - BO QUA.
[2026-09-15 07:57:07] run19 : da co ket qua (D:\ResearchLab\02_Projects\02_Projects\MOSFOA paper 2\code\results\MOSFOA2_B_Np8_Maxit20_run19_FINAL.mat) - BO QUA.
[2026-09-15 07:57:07] run20 : da co ket qua (D:\ResearchLab\02_Projects\02_Projects\MOSFOA paper 2\code\results\MOSFOA2_B_Np8_Maxit20_run20_FINAL.mat) - BO QUA.
[2026-09-15 07:57:07] === HOAN THANH TOAN BO CAMPAIGN cho cong trinh B (20 lan chay) ===
[2026-09-15 08:08:56] === watchdog_campaign start: Proj=B Nrun=20 Npop=8 Max_it=20 Num_work=8 ===
[2026-09-15 08:08:59] run01 : da co ket qua (D:\ResearchLab\02_Projects\02_Projects\MOSFOA paper 2\code\results\MOSFOA2_B_Np8_Maxit20_run01_FINAL.mat) - BO QUA.
[2026-09-15 08:08:59] run02 : da co ket qua (D:\ResearchLab\02_Projects\02_Projects\MOSFOA paper 2\code\results\MOSFOA2_B_Np8_Maxit20_run02_FINAL.mat) - BO QUA.
[2026-09-15 08:08:59] run03 : da co ket qua (D:\ResearchLab\02_Projects\02_Projects\MOSFOA paper 2\code\results\MOSFOA2_B_Np8_Maxit20_run03_FINAL.mat) - BO QUA.
[2026-09-15 08:08:59] run04 : da co ket qua (D:\ResearchLab\02_Projects\02_Projects\MOSFOA paper 2\code\results\MOSFOA2_B_Np8_Maxit20_run04_FINAL.mat) - BO QUA.
[2026-09-15 08:08:59] run05 : da co ket qua (D:\ResearchLab\02_Projects\02_Projects\MOSFOA paper 2\code\results\MOSFOA2_B_Np8_Maxit20_run05_FINAL.mat) - BO QUA.
[2026-09-15 08:08:59] run06 : da co ket qua (D:\ResearchLab\02_Projects\02_Projects\MOSFOA paper 2\code\results\MOSFOA2_B_Np8_Maxit20_run06_FINAL.mat) - BO QUA.
[2026-09-15 08:08:59] run07 : da co ket qua (D:\ResearchLab\02_Projects\02_Projects\MOSFOA paper 2\code\results\MOSFOA2_B_Np8_Maxit20_run07_FINAL.mat) - BO QUA.
[2026-09-15 08:08:59] run08 : da co ket qua (D:\ResearchLab\02_Projects\02_Projects\MOSFOA paper 2\code\results\MOSFOA2_B_Np8_Maxit20_run08_FINAL.mat) - BO QUA.
[2026-09-15 08:08:59] run09 : da co ket qua (D:\ResearchLab\02_Projects\02_Projects\MOSFOA paper 2\code\results\MOSFOA2_B_Np8_Maxit20_run09_FINAL.mat) - BO QUA.
[2026-09-15 08:08:59] run10 : da co ket qua (D:\ResearchLab\02_Projects\02_Projects\MOSFOA paper 2\code\results\MOSFOA2_B_Np8_Maxit20_run10_FINAL.mat) - BO QUA.
[2026-09-15 08:08:59] run11 : da co ket qua (D:\ResearchLab\02_Projects\02_Projects\MOSFOA paper 2\code\results\MOSFOA2_B_Np8_Maxit20_run11_FINAL.mat) - BO QUA.
[2026-09-15 08:08:59] run12 : da co ket qua (D:\ResearchLab\02_Projects\02_Projects\MOSFOA paper 2\code\results\MOSFOA2_B_Np8_Maxit20_run12_FINAL.mat) - BO QUA.
[2026-09-15 08:08:59] run13 : da co ket qua (D:\ResearchLab\02_Projects\02_Projects\MOSFOA paper 2\code\results\MOSFOA2_B_Np8_Maxit20_run13_FINAL.mat) - BO QUA.
[2026-09-15 08:08:59] run14 : da co ket qua (D:\ResearchLab\02_Projects\02_Projects\MOSFOA paper 2\code\results\MOSFOA2_B_Np8_Maxit20_run14_FINAL.mat) - BO QUA.
[2026-09-15 08:08:59] run15 : da co ket qua (D:\ResearchLab\02_Projects\02_Projects\MOSFOA paper 2\code\results\MOSFOA2_B_Np8_Maxit20_run15_FINAL.mat) - BO QUA.
[2026-09-15 08:08:59] run16 : da co ket qua (D:\ResearchLab\02_Projects\02_Projects\MOSFOA paper 2\code\results\MOSFOA2_B_Np8_Maxit20_run16_FINAL.mat) - BO QUA.
[2026-09-15 08:08:59] run17 : da co ket qua (D:\ResearchLab\02_Projects\02_Projects\MOSFOA paper 2\code\results\MOSFOA2_B_Np8_Maxit20_run17_FINAL.mat) - BO QUA.
[2026-09-15 08:08:59] run18 : da co ket qua (D:\ResearchLab\02_Projects\02_Projects\MOSFOA paper 2\code\results\MOSFOA2_B_Np8_Maxit20_run18_FINAL.mat) - BO QUA.
[2026-09-15 08:08:59] run19 : da co ket qua (D:\ResearchLab\02_Projects\02_Projects\MOSFOA paper 2\code\results\MOSFOA2_B_Np8_Maxit20_run19_FINAL.mat) - BO QUA.
[2026-09-15 08:08:59] run20 : da co ket qua (D:\ResearchLab\02_Projects\02_Projects\MOSFOA paper 2\code\results\MOSFOA2_B_Np8_Maxit20_run20_FINAL.mat) - BO QUA.
[2026-09-15 08:08:59] === HOAN THANH TOAN BO CAMPAIGN cho cong trinh B (20 lan chay) ===
[2026-09-15 09:03:33] === watchdog_campaign start: Proj=B Nrun=20 Npop=8 Max_it=20 Num_work=8 ===
[2026-09-15 09:03:36] run01 : da co ket qua (D:\ResearchLab\02_Projects\02_Projects\MOSFOA paper 2\code\results\MOSFOA2_B_Np8_Maxit20_run01_FINAL.mat) - BO QUA.
[2026-09-15 09:03:36] run02 : da co ket qua (D:\ResearchLab\02_Projects\02_Projects\MOSFOA paper 2\code\results\MOSFOA2_B_Np8_Maxit20_run02_FINAL.mat) - BO QUA.
[2026-09-15 09:03:36] run03 : da co ket qua (D:\ResearchLab\02_Projects\02_Projects\MOSFOA paper 2\code\results\MOSFOA2_B_Np8_Maxit20_run03_FINAL.mat) - BO QUA.
[2026-09-15 09:03:36] run04 : da co ket qua (D:\ResearchLab\02_Projects\02_Projects\MOSFOA paper 2\code\results\MOSFOA2_B_Np8_Maxit20_run04_FINAL.mat) - BO QUA.
[2026-09-15 09:03:36] run05 : da co ket qua (D:\ResearchLab\02_Projects\02_Projects\MOSFOA paper 2\code\results\MOSFOA2_B_Np8_Maxit20_run05_FINAL.mat) - BO QUA.
[2026-09-15 09:03:36] run06 : da co ket qua (D:\ResearchLab\02_Projects\02_Projects\MOSFOA paper 2\code\results\MOSFOA2_B_Np8_Maxit20_run06_FINAL.mat) - BO QUA.
[2026-09-15 09:03:36] run07 : da co ket qua (D:\ResearchLab\02_Projects\02_Projects\MOSFOA paper 2\code\results\MOSFOA2_B_Np8_Maxit20_run07_FINAL.mat) - BO QUA.
[2026-09-15 09:03:36] run08 : da co ket qua (D:\ResearchLab\02_Projects\02_Projects\MOSFOA paper 2\code\results\MOSFOA2_B_Np8_Maxit20_run08_FINAL.mat) - BO QUA.
[2026-09-15 09:03:36] run09 : da co ket qua (D:\ResearchLab\02_Projects\02_Projects\MOSFOA paper 2\code\results\MOSFOA2_B_Np8_Maxit20_run09_FINAL.mat) - BO QUA.
[2026-09-15 09:03:36] run10 : da co ket qua (D:\ResearchLab\02_Projects\02_Projects\MOSFOA paper 2\code\results\MOSFOA2_B_Np8_Maxit20_run10_FINAL.mat) - BO QUA.
[2026-09-15 09:03:36] run11 : da co ket qua (D:\ResearchLab\02_Projects\02_Projects\MOSFOA paper 2\code\results\MOSFOA2_B_Np8_Maxit20_run11_FINAL.mat) - BO QUA.
[2026-09-15 09:03:36] run12 : da co ket qua (D:\ResearchLab\02_Projects\02_Projects\MOSFOA paper 2\code\results\MOSFOA2_B_Np8_Maxit20_run12_FINAL.mat) - BO QUA.
[2026-09-15 09:03:36] run13 : da co ket qua (D:\ResearchLab\02_Projects\02_Projects\MOSFOA paper 2\code\results\MOSFOA2_B_Np8_Maxit20_run13_FINAL.mat) - BO QUA.
[2026-09-15 09:03:36] run14 : da co ket qua (D:\ResearchLab\02_Projects\02_Projects\MOSFOA paper 2\code\results\MOSFOA2_B_Np8_Maxit20_run14_FINAL.mat) - BO QUA.
[2026-09-15 09:03:36] run15 : da co ket qua (D:\ResearchLab\02_Projects\02_Projects\MOSFOA paper 2\code\results\MOSFOA2_B_Np8_Maxit20_run15_FINAL.mat) - BO QUA.
[2026-09-15 09:03:36] run16 : da co ket qua (D:\ResearchLab\02_Projects\02_Projects\MOSFOA paper 2\code\results\MOSFOA2_B_Np8_Maxit20_run16_FINAL.mat) - BO QUA.
[2026-09-15 09:03:36] run17 : da co ket qua (D:\ResearchLab\02_Projects\02_Projects\MOSFOA paper 2\code\results\MOSFOA2_B_Np8_Maxit20_run17_FINAL.mat) - BO QUA.
[2026-09-15 09:03:36] run18 : da co ket qua (D:\ResearchLab\02_Projects\02_Projects\MOSFOA paper 2\code\results\MOSFOA2_B_Np8_Maxit20_run18_FINAL.mat) - BO QUA.
[2026-09-15 09:03:36] run19 : da co ket qua (D:\ResearchLab\02_Projects\02_Projects\MOSFOA paper 2\code\results\MOSFOA2_B_Np8_Maxit20_run19_FINAL.mat) - BO QUA.
[2026-09-15 09:03:36] run20 : da co ket qua (D:\ResearchLab\02_Projects\02_Projects\MOSFOA paper 2\code\results\MOSFOA2_B_Np8_Maxit20_run20_FINAL.mat) - BO QUA.
[2026-09-15 09:03:36] === HOAN THANH TOAN BO CAMPAIGN cho cong trinh B (20 lan chay) ===
[2026-09-15 11:00:08] === watchdog_campaign start: Proj=B Nrun=20 Npop=8 Max_it=20 Num_work=8 ===
[2026-09-15 11:00:11] run01 : da co ket qua (D:\ResearchLab\02_Projects\02_Projects\MOSFOA paper 2\code\results\MOSFOA2_B_Np8_Maxit20_run01_FINAL.mat) - BO QUA.
[2026-09-15 11:00:11] run02 : da co ket qua (D:\ResearchLab\02_Projects\02_Projects\MOSFOA paper 2\code\results\MOSFOA2_B_Np8_Maxit20_run02_FINAL.mat) - BO QUA.
[2026-09-15 11:00:11] run03 : da co ket qua (D:\ResearchLab\02_Projects\02_Projects\MOSFOA paper 2\code\results\MOSFOA2_B_Np8_Maxit20_run03_FINAL.mat) - BO QUA.
[2026-09-15 11:00:11] run04 : da co ket qua (D:\ResearchLab\02_Projects\02_Projects\MOSFOA paper 2\code\results\MOSFOA2_B_Np8_Maxit20_run04_FINAL.mat) - BO QUA.
[2026-09-15 11:00:11] run05 : da co ket qua (D:\ResearchLab\02_Projects\02_Projects\MOSFOA paper 2\code\results\MOSFOA2_B_Np8_Maxit20_run05_FINAL.mat) - BO QUA.
[2026-09-15 11:00:11] run06 : da co ket qua (D:\ResearchLab\02_Projects\02_Projects\MOSFOA paper 2\code\results\MOSFOA2_B_Np8_Maxit20_run06_FINAL.mat) - BO QUA.
[2026-09-15 11:00:11] run07 : da co ket qua (D:\ResearchLab\02_Projects\02_Projects\MOSFOA paper 2\code\results\MOSFOA2_B_Np8_Maxit20_run07_FINAL.mat) - BO QUA.
[2026-09-15 11:00:11] run08 : da co ket qua (D:\ResearchLab\02_Projects\02_Projects\MOSFOA paper 2\code\results\MOSFOA2_B_Np8_Maxit20_run08_FINAL.mat) - BO QUA.
[2026-09-15 11:00:11] run09 : da co ket qua (D:\ResearchLab\02_Projects\02_Projects\MOSFOA paper 2\code\results\MOSFOA2_B_Np8_Maxit20_run09_FINAL.mat) - BO QUA.
[2026-09-15 11:00:11] run10 : da co ket qua (D:\ResearchLab\02_Projects\02_Projects\MOSFOA paper 2\code\results\MOSFOA2_B_Np8_Maxit20_run10_FINAL.mat) - BO QUA.
[2026-09-15 11:00:11] run11 : da co ket qua (D:\ResearchLab\02_Projects\02_Projects\MOSFOA paper 2\code\results\MOSFOA2_B_Np8_Maxit20_run11_FINAL.mat) - BO QUA.
[2026-09-15 11:00:11] run12 : da co ket qua (D:\ResearchLab\02_Projects\02_Projects\MOSFOA paper 2\code\results\MOSFOA2_B_Np8_Maxit20_run12_FINAL.mat) - BO QUA.
[2026-09-15 11:00:11] run13 : da co ket qua (D:\ResearchLab\02_Projects\02_Projects\MOSFOA paper 2\code\results\MOSFOA2_B_Np8_Maxit20_run13_FINAL.mat) - BO QUA.
[2026-09-15 11:00:11] run14 : da co ket qua (D:\ResearchLab\02_Projects\02_Projects\MOSFOA paper 2\code\results\MOSFOA2_B_Np8_Maxit20_run14_FINAL.mat) - BO QUA.
[2026-09-15 11:00:11] run15 : da co ket qua (D:\ResearchLab\02_Projects\02_Projects\MOSFOA paper 2\code\results\MOSFOA2_B_Np8_Maxit20_run15_FINAL.mat) - BO QUA.
[2026-09-15 11:00:11] run16 : da co ket qua (D:\ResearchLab\02_Projects\02_Projects\MOSFOA paper 2\code\results\MOSFOA2_B_Np8_Maxit20_run16_FINAL.mat) - BO QUA.
[2026-09-15 11:00:11] run17 : da co ket qua (D:\ResearchLab\02_Projects\02_Projects\MOSFOA paper 2\code\results\MOSFOA2_B_Np8_Maxit20_run17_FINAL.mat) - BO QUA.
[2026-09-15 11:00:11] run18 : da co ket qua (D:\ResearchLab\02_Projects\02_Projects\MOSFOA paper 2\code\results\MOSFOA2_B_Np8_Maxit20_run18_FINAL.mat) - BO QUA.
[2026-09-15 11:00:11] run19 : da co ket qua (D:\ResearchLab\02_Projects\02_Projects\MOSFOA paper 2\code\results\MOSFOA2_B_Np8_Maxit20_run19_FINAL.mat) - BO QUA.
[2026-09-15 11:00:11] run20 : da co ket qua (D:\ResearchLab\02_Projects\02_Projects\MOSFOA paper 2\code\results\MOSFOA2_B_Np8_Maxit20_run20_FINAL.mat) - BO QUA.
[2026-09-15 11:00:11] === HOAN THANH TOAN BO CAMPAIGN cho cong trinh B (20 lan chay) ===
[2026-09-23 07:52:50] === watchdog_campaign start: Proj=B Nrun=20 Npop=8 Max_it=20 Num_work=8 ===
[2026-09-23 07:52:53] run01 : da co ket qua (D:\ResearchLab\02_Projects\02_Projects\MOSFOA paper 2\code\results\MOSFOA2_B_Np8_Maxit20_run01_FINAL.mat) - BO QUA.
[2026-09-23 07:52:53] run02 : da co ket qua (D:\ResearchLab\02_Projects\02_Projects\MOSFOA paper 2\code\results\MOSFOA2_B_Np8_Maxit20_run02_FINAL.mat) - BO QUA.
[2026-09-23 07:52:53] run03 : da co ket qua (D:\ResearchLab\02_Projects\02_Projects\MOSFOA paper 2\code\results\MOSFOA2_B_Np8_Maxit20_run03_FINAL.mat) - BO QUA.
[2026-09-23 07:52:53] run04 : da co ket qua (D:\ResearchLab\02_Projects\02_Projects\MOSFOA paper 2\code\results\MOSFOA2_B_Np8_Maxit20_run04_FINAL.mat) - BO QUA.
[2026-09-23 07:52:53] run05 : da co ket qua (D:\ResearchLab\02_Projects\02_Projects\MOSFOA paper 2\code\results\MOSFOA2_B_Np8_Maxit20_run05_FINAL.mat) - BO QUA.
[2026-09-23 07:52:53] run06 : da co ket qua (D:\ResearchLab\02_Projects\02_Projects\MOSFOA paper 2\code\results\MOSFOA2_B_Np8_Maxit20_run06_FINAL.mat) - BO QUA.
[2026-09-23 07:52:53] run07 : da co ket qua (D:\ResearchLab\02_Projects\02_Projects\MOSFOA paper 2\code\results\MOSFOA2_B_Np8_Maxit20_run07_FINAL.mat) - BO QUA.
[2026-09-23 07:52:53] run08 : da co ket qua (D:\ResearchLab\02_Projects\02_Projects\MOSFOA paper 2\code\results\MOSFOA2_B_Np8_Maxit20_run08_FINAL.mat) - BO QUA.
[2026-09-23 07:52:53] run09 : da co ket qua (D:\ResearchLab\02_Projects\02_Projects\MOSFOA paper 2\code\results\MOSFOA2_B_Np8_Maxit20_run09_FINAL.mat) - BO QUA.
[2026-09-23 07:52:53] run10 : da co ket qua (D:\ResearchLab\02_Projects\02_Projects\MOSFOA paper 2\code\results\MOSFOA2_B_Np8_Maxit20_run10_FINAL.mat) - BO QUA.
[2026-09-23 07:52:53] run11 : da co ket qua (D:\ResearchLab\02_Projects\02_Projects\MOSFOA paper 2\code\results\MOSFOA2_B_Np8_Maxit20_run11_FINAL.mat) - BO QUA.
[2026-09-23 07:52:53] run12 : da co ket qua (D:\ResearchLab\02_Projects\02_Projects\MOSFOA paper 2\code\results\MOSFOA2_B_Np8_Maxit20_run12_FINAL.mat) - BO QUA.
[2026-09-23 07:52:53] run13 : da co ket qua (D:\ResearchLab\02_Projects\02_Projects\MOSFOA paper 2\code\results\MOSFOA2_B_Np8_Maxit20_run13_FINAL.mat) - BO QUA.
[2026-09-23 07:52:53] run14 : da co ket qua (D:\ResearchLab\02_Projects\02_Projects\MOSFOA paper 2\code\results\MOSFOA2_B_Np8_Maxit20_run14_FINAL.mat) - BO QUA.
[2026-09-23 07:52:53] run15 : da co ket qua (D:\ResearchLab\02_Projects\02_Projects\MOSFOA paper 2\code\results\MOSFOA2_B_Np8_Maxit20_run15_FINAL.mat) - BO QUA.
[2026-09-23 07:52:53] run16 : da co ket qua (D:\ResearchLab\02_Projects\02_Projects\MOSFOA paper 2\code\results\MOSFOA2_B_Np8_Maxit20_run16_FINAL.mat) - BO QUA.
[2026-09-23 07:52:53] run17 : da co ket qua (D:\ResearchLab\02_Projects\02_Projects\MOSFOA paper 2\code\results\MOSFOA2_B_Np8_Maxit20_run17_FINAL.mat) - BO QUA.
[2026-09-23 07:52:53] run18 : da co ket qua (D:\ResearchLab\02_Projects\02_Projects\MOSFOA paper 2\code\results\MOSFOA2_B_Np8_Maxit20_run18_FINAL.mat) - BO QUA.
[2026-09-23 07:52:53] run19 : da co ket qua (D:\ResearchLab\02_Projects\02_Projects\MOSFOA paper 2\code\results\MOSFOA2_B_Np8_Maxit20_run19_FINAL.mat) - BO QUA.
[2026-09-23 07:52:53] run20 : da co ket qua (D:\ResearchLab\02_Projects\02_Projects\MOSFOA paper 2\code\results\MOSFOA2_B_Np8_Maxit20_run20_FINAL.mat) - BO QUA.
[2026-09-23 07:52:53] === HOAN THANH TOAN BO CAMPAIGN cho cong trinh B (20 lan chay) ===
