  0
SECTION
  2
HEADER
  9
$ACADVER
  1
AC1021
  9
$ACADMAINTVER
 70
     1
  9
$DWGCODEPAGE
  3
ANSI_1252
  9
$LASTSAVEDBY
  1
Admin
  9
$INSBASE
 10
1407.533652931185
 20
1036.809241386874
 30
0.0
  9
$EXTMIN
 10
109700.2115328777
 20
54597.26877409962
 30
0.0
  9
$EXTMAX
 10
132561.0866352221
 20
58678.00345242661
 30
0.0
  9
$LIMMIN
 10
-8164.681884004268
 20
77962.47668377925
  9
$LIMMAX
 10
29635.31811599573
 20
95782.47668377926
  9
$ORTHOMODE
 70
     1
  9
$REGENMODE
 70
     1
  9
$FILLMODE
 70
     1
  9
$QTEXTMODE
 70
     0
  9
$MIRRTEXT
 70
     0
  9
$LTSCALE
 40
10.0
  9
$ATTMODE
 70
     1
  9
$TEXTSIZE
 40
0.2
  9
$TRACEWID
 40
0.05
  9
$TEXTSTYLE
  7
STANDARD
  9
$CLAYER
  8
Hatch coc
  9
$CELTYPE
  6
BYLAYER
  9
$CECOLOR
 62
   256
  9
$CELTSCALE
 40
1.0
  9
$DISPSILH
 70
     0
  9
$DIMSCALE
 40
400.0
  9
$DIMASZ
 40
0.15
  9
$DIMEXO
 40
0.2
  9
$DIMDLI
 40
0.6
  9
$DIMRND
 40
0.0
  9
$DIMDLE
 40
0.1
  9
$DIMEXE
 40
0.1
  9
$DIMTP
 40
0.0
  9
$DIMTM
 40
0.0
  9
$DIMTXT
 40
0.2
  9
$DIMCEN
 40
0.1
  9
$DIMTSZ
 40
0.0
  9
$DIMTOL
 70
     0
  9
$DIMLIM
 70
     0
  9
$DIMTIH
 70
     0
  9
$DIMTOH
 70
     0
  9
$DIMSE1
 70
     0
  9
$DIMSE2
 70
     0
  9
$DIMTAD
 70
     1
  9
$DIMZIN
 70
     0
  9
$DIMBLK
  1
Oblique
  9
$DIMASO
 70
     1
  9
$DIMSHO
 70
     1
  9
$DIMPOST
  1

  9
$DIMAPOST
  1

  9
$DIMALT
 70
     0
  9
$DIMALTD
 70
     0
  9
$DIMALTF
 40
25.4
  9
$DIMLFAC
 40
-1.0
  9
$DIMTOFL
 70
     1
  9
$DIMTVP
 40
0.0
  9
$DIMTIX
 70
     1
  9
$DIMSOXD
 70
     0
  9
$DIMSAH
 70
     0
  9
$DIMBLK1
  1

  9
$DIMBLK2
  1

  9
$DIMSTYLE
  2
Dim 500
  9
$DIMCLRD
 70
     2
  9
$DIMCLRE
 70
     2
  9
$DIMCLRT
 70
     4
  9
$DIMTFAC
 40
1.0
  9
$DIMGAP
 40
0.1
  9
$DIMJUST
 70
     0
  9
$DIMSD1
 70
     0
  9
$DIMSD2
 70
     0
  9
$DIMTOLJ
 70
     1
  9
$DIMTZIN
 70
     0
  9
$DIMALTZ
 70
     0
  9
$DIMALTTZ
 70
     0
  9
$DIMUPT
 70
     0
  9
$DIMDEC
 70
     0
  9
$DIMTDEC
 70
     0
  9
$DIMALTU
 70
     2
  9
$DIMALTTD
 70
     0
  9
$DIMTXSTY
  7
Kichthuoc
  9
$DIMAUNIT
 70
     0
  9
$DIMADEC
 70
     0
  9
$DIMALTRND
 40
0.0
  9
$DIMAZIN
 70
     0
  9
$DIMDSEP
 70
    46
  9
$DIMATFIT
 70
     3
  9
$DIMFRAC
 70
     0
  9
$DIMLDRBLK
  1

  9
$DIMLUNIT
 70
     2
  9
$DIMLWD
 70
    -2
  9
$DIMLWE
 70
    -2
  9
$DIMTMOVE
 70
     1
  9
$DIMFXL
 40
0.25
  9
$DIMFXLON
 70
     0
  9
$DIMJOGANG
 40
1.570796326794896
  9
$DIMTFILL
 70
     0
  9
$DIMTFILLCLR
 70
     0
  9
$DIMARCSYM
 70
     0
  9
$DIMLTYPE
  6
BYLAYER
  9
$DIMLTEX1
  6
BYLAYER
  9
$DIMLTEX2
  6
BYLAYER
  9
$LUNITS
 70
     2
  9
$LUPREC
 70
     4
  9
$SKETCHINC
 40
0.1
  9
$FILLETRAD
 40
0.0
  9
$AUNITS
 70
     0
  9
$AUPREC
 70
     0
  9
$MENU
  1
.
  9
$ELEVATION
 40
0.0
  9
$PELEVATION
 40
0.0
  9
$THICKNESS
 40
0.0
  9
$LIMCHECK
 70
     0
  9
$CHAMFERA
 40
200.0
  9
$CHAMFERB
 40
200.0
  9
$CHAMFERC
 40
0.0
  9
$CHAMFERD
 40
0.0
  9
$SKPOLY
 70
     0
  9
$TDCREATE
 40
2450366.168897570
  9
$TDUCREATE
 40
2450365.877230903
  9
$TDUPDATE
 40
2461273.876269433
  9
$TDUUPDATE
 40
2461273.584602766
  9
$TDINDWG
 40
21.4105211690
  9
$TDUSRTIMER
 40
21.4105211690
  9
$USRTIMER
 70
     1
  9
$ANGBASE
 50
0.0
  9
$ANGDIR
 70
     0
  9
$PDMODE
 70
     0
  9
$PDSIZE
 40
0.0
  9
$PLINEWID
 40
0.0
  9
$SPLFRAME
 70
     0
  9
$SPLINETYPE
 70
     6
  9
$SPLINESEGS
 70
     8
  9
$HANDSEED
  5
1B3A4A
  9
$SURFTAB1
 70
     6
  9
$SURFTAB2
 70
     6
  9
$SURFTYPE
 70
     6
  9
$SURFU
 70
     6
  9
$SURFV
 70
     6
  9
$UCSBASE
  2

  9
$UCSNAME
  2

  9
$UCSORG
 10
0.0
 20
0.0
 30
0.0
  9
$UCSXDIR
 10
1.0
 20
0.0
 30
0.0
  9
$UCSYDIR
 10
0.0
 20
1.0
 30
0.0
  9
$UCSORTHOREF
  2

  9
$UCSORTHOVIEW
 70
     0
  9
$UCSORGTOP
 10
0.0
 20
0.0
 30
0.0
  9
$UCSORGBOTTOM
 10
0.0
 20
0.0
 30
0.0
  9
$UCSORGLEFT
 10
0.0
 20
0.0
 30
0.0
  9
$UCSORGRIGHT
 10
0.0
 20
0.0
 30
0.0
  9
$UCSORGFRONT
 10
0.0
 20
0.0
 30
0.0
  9
$UCSORGBACK
 10
0.0
 20
0.0
 30
0.0
  9
$PUCSBASE
  2

  9
$PUCSNAME
  2

  9
$PUCSORG
 10
0.0
 20
0.0
 30
0.0
  9
$PUCSXDIR
 10
1.0
 20
0.0
 30
0.0
  9
$PUCSYDIR
 10
0.0
 20
1.0
 30
0.0
  9
$PUCSORTHOREF
  2

  9
$PUCSORTHOVIEW
 70
     0
  9
$PUCSORGTOP
 10
0.0
 20
0.0
 30
0.0
  9
$PUCSORGBOTTOM
 10
0.0
 20
0.0
 30
0.0
  9
$PUCSORGLEFT
 10
0.0
 20
0.0
 30
0.0
  9
$PUCSORGRIGHT
 10
0.0
 20
0.0
 30
0.0
  9
$PUCSORGFRONT
 10
0.0
 20
0.0
 30
0.0
  9
$PUCSORGBACK
 10
0.0
 20
0.0
 30
0.0
  9
$USERI1
 70
     0
  9
$USERI2
 70
     0
  9
$USERI3
 70
     0
  9
$USERI4
 70
     0
  9
$USERI5
 70
     0
  9
$USERR1
 40
0.0
  9
$USERR2
 40
0.0
  9
$USERR3
 40
0.0
  9
$USERR4
 40
0.0
  9
$USERR5
 40
0.0
  9
$WORLDVIEW
 70
     1
  9
$SHADEDGE
 70
     3
  9
$SHADEDIF
 70
    70
  9
$TILEMODE
 70
     0
  9
$MAXACTVP
 70
    16
  9
$PINSBASE
 10
0.0
 20
0.0
 30
0.0
  9
$PLIMCHECK
 70
     0
  9
$PEXTMIN
 10
906.4316447530218
 20
-5217.285444509063
 30
0.0
  9
$PEXTMAX
 10
16146.4824449069
 20
6022.752022271626
 30
0.0
  9
$PLIMMIN
 10
-305.1316087400264
 20
-5536.768809085746
  9
$PLIMMAX
 10
16494.42771743185
 20
6341.964101070503
  9
$UNITMODE
 70
     0
  9
$VISRETAIN
 70
     0
  9
$PLINEGEN
 70
     0
  9
$PSLTSCALE
 70
     1
  9
$TREEDEPTH
 70
  3020
  9
$CMLSTYLE
  2
STANDARD
  9
$CMLJUST
 70
     0
  9
$CMLSCALE
 40
1.0
  9
$PROXYGRAPHICS
 70
     1
  9
$MEASUREMENT
 70
     0
  9
$CELWEIGHT
370
    -1
  9
$ENDCAPS
280
     0
  9
$JOINSTYLE
280
     0
  9
$LWDISPLAY
290
     0
  9
$INSUNITS
 70
     0
  9
$HYPERLINKBASE
  1

  9
$STYLESHEET
  1
A3 - Black.ctb
  9
$XEDIT
290
     1
  9
$CEPSNTYPE
380
     0
  9
$PSTYLEMODE
290
     1
  9
$FINGERPRINTGUID
  2
{D9C0881D-8411-4892-A3FB-7D95E7306CA7}
  9
$VERSIONGUID
  2
{47FE5E15-8735-431D-8895-2AF565690D63}
  9
$EXTNAMES
290
     1
  9
$PSVPSCALE
 40
0.0
  9
$OLESTARTUP
290
     0
  9
$SORTENTS
280
   127
  9
$INDEXCTL
280
     0
  9
$HIDETEXT
280
     0
  9
$XCLIPFRAME
290
     0
  9
$HALOGAP
280
     0
  9
$OBSCOLOR
 70
   257
  9
$OBSLTYPE
280
     0
  9
$INTERSECTIONDISPLAY
280
     0
  9
$INTERSECTIONCOLOR
 70
   257
  9
$DIMASSOC
280
     1
  9
$PROJECTNAME
  1

  9
$CAMERADISPLAY
290
     0
  9
$LENSLENGTH
 40
50.0
  9
$CAMERAHEIGHT
 40
0.0
  9
$STEPSPERSEC
 40
2.0
  9
$STEPSIZE
 40
6.0
  9
$3DDWFPREC
 40
2.0
  9
$PSOLWIDTH
 40
0.25
  9
$PSOLHEIGHT
 40
4.0
  9
$LOFTANG1
 40
1.570796326794896
  9
$LOFTANG2
 40
1.570796326794896
  9
$LOFTMAG1
 40
0.0
  9
$LOFTMAG2
 40
0.0
  9
$LOFTPARAM
 70
     7
  9
$LOFTNORMALS
280
     1
  9
$LATITUDE
 40
37.795
  9
$LONGITUDE
 40
-122.394
  9
$NORTHDIRECTION
 40
0.0
  9
$TIMEZONE
 70
 -8000
  9
$LIGHTGLYPHDISPLAY
280
     1
  9
$TILEMODELIGHTSYNCH
280
     1
  9
$CMATERIAL
347
175EA1
  9
$SOLIDHIST
280
     1
  9
$SHOWHIST
280
     1
  9
$DWFFRAME
280
     2
  9
$DGNFRAME
280
     0
  9
$REALWORLDSCALE
290
     1
  9
$INTERFERECOLOR
 62
     1
  9
$INTERFEREOBJVS
345
175EAD
  9
$INTERFEREVPVS
346
175EAA
  9
$CSHADOW
280
     0
  9
$SHADOWPLANELOCATION
 40
0.0
  0
ENDSEC
  0
SECTION
  2
CLASSES
  0
CLASS
  1
DICTIONARYVAR
  2
AcDbDictionaryVar
  3
ObjectDBX Classes
 90
        0
 91
        4
280
     0
281
     0
  0
CLASS
  1
ACDBDICTIONARYWDFLT
  2
AcDbDictionaryWithDefault
  3
ObjectDBX Classes
 90
        0
 91
        1
280
     0
281
     0
  0
CLASS
  1
SORTENTSTABLE
  2
AcDbSortentsTable
  3
ObjectDBX Classes
 90
        0
 91
        6
280
     0
281
     0
  0
CLASS
  1
MATERIAL
  2
AcDbMaterial
  3
ObjectDBX Classes
 90
     1024
 91
        3
280
     0
281
     0
  0
CLASS
  1
DIMASSOC
  2
AcDbDimAssoc
  3
"AcDbDimAssoc|Product Desc:     AcDim ARX App For Dimension|Company:          Autodesk, Inc.|WEB Address:      www.autodesk.com"
 90
        0
 91
        0
280
     0
281
     0
  0
CLASS
  1
WIPEOUTVARIABLES
  2
AcDbWipeoutVariables
  3
"WipeOut|Product Desc:     WipeOut Dbx Application|Company:          Autodesk, Inc.|WEB Address:      www.autodesk.com"
 90
        0
 91
        1
280
     0
281
     0
  0
CLASS
  1
WIPEOUT
  2
AcDbWipeout
  3
"WipeOut|Product Desc: Object Enabler for WipeOut entity                        |Company: Autodesk, Inc.                        |WEB Address: www.autodesk.com"
 90
     2175
 91
        2
280
     0
281
     1
  0
CLASS
  1
VISUALSTYLE
  2
AcDbVisualStyle
  3
ObjectDBX Classes
 90
     4095
 91
       16
280
     0
281
     0
  0
CLASS
  1
TABLESTYLE
  2
AcDbTableStyle
  3
ObjectDBX Classes
 90
     4095
 91
        1
280
     0
281
     0
  0
CLASS
  1
EXACXREFPANELOBJECT
  2
ExAcXREFPanelObject
  3
EXAC_ESW
 90
     1025
 91
        0
280
     0
281
     0
  0
CLASS
  1
NPOCOLLECTION
  2
AcDbImpNonPersistentObjectsCollection
  3
ObjectDBX Classes
 90
     1153
 91
        0
280
     0
281
     0
  0
CLASS
  1
EXACTERMXREFMAP
  2
ExAcTermXrefMap
  3
EXAC_SERVICE
 90
     1025
 91
        0
280
     0
281
     0
  0
CLASS
  1
ACAD_EVALUATION_GRAPH
  2
AcDbEvalGraph
  3
ObjectDBX Classes
 90
     1153
 91
        0
280
     0
281
     0
  0
CLASS
  1
ACAECUSTOBJ
  2
AcAeEditorObj
  3
AcAeEditorObj
 90
     1024
 91
        0
280
     0
281
     0
  0
CLASS
  1
ACDB_DYNAMICBLOCKPURGEPREVENTER_VERSION
  2
AcDbDynamicBlockPurgePreventer
  3
ObjectDBX Classes
 90
     1153
 91
        0
280
     0
281
     0
  0
ENDSEC
  0
SECTION
  2
TABLES
  0
TABLE
  2
VPORT
  5
8
102
{ACAD_XDICTIONARY
360
179F5B
102
}
330
0
100
AcDbSymbolTable
 70
     1
  0
VPORT
  5
175E9F
330
8
100
AcDbSymbolTableRecord
100
AcDbViewportTableRecord
  2
*Active
 70
     0
 10
0.0
 20
0.0
 11
1.0
 21
1.0
 12
126483.9402024972
 22
56435.78728727921
 13
0.0
 23
0.0
 14
1.0
 24
1.0
 15
0.0
 25
0.0
 16
0.0
 26
0.0
 36
1.0
 17
0.0
 27
0.0
 37
0.0
 40
7161.023732476912
 41
2.333333333333333
 42
50.0
 43
0.0
 44
0.0
 50
0.0
 51
0.0
 71
     0
 72
 20000
 73
     1
 74
     1
 75
     0
 76
     0
 77
     0
 78
     0
281
     0
 65
     1
110
0.0
120
0.0
130
0.0
111
1.0
121
0.0
131
0.0
112
0.0
122
1.0
132
0.0
 79
     0
146
0.0
348
175EA9
 60
     3
 61
     5
292
     1
282
     1
141
0.0
142
0.0
 63
   250
421
  3355443
  0
ENDTAB
  0
TABLE
  2
LTYPE
  5
5
330
0
100
AcDbSymbolTable
 70
     6
  0
LTYPE
  5
14
330
5
100
AcDbSymbolTableRecord
100
AcDbLinetypeTableRecord
  2
BYBLOCK
 70
     0
  3

 72
    65
 73
     0
 40
0.0
  0
LTYPE
  5
15
330
5
100
AcDbSymbolTableRecord
100
AcDbLinetypeTableRecord
  2
BYLAYER
 70
     0
  3

 72
    65
 73
     0
 40
0.0
  0
LTYPE
  5
16
330
5
100
AcDbSymbolTableRecord
100
AcDbLinetypeTableRecord
  2
CONTINUOUS
 70
     0
  3
Solid line
 72
    65
 73
     0
 40
0.0
  0
LTYPE
  5
1B0A3C
330
5
100
AcDbSymbolTableRecord
100
AcDbLinetypeTableRecord
  2
HIDDEN
 70
     0
  3
__ __ __ __ __ __ __ __ __ __ __ __ __ __ __ __
 72
    65
 73
     2
 40
0.375
 49
0.25
 74
     0
 49
-0.125
 74
     0
  0
LTYPE
  5
1B0A3D
330
5
100
AcDbSymbolTableRecord
100
AcDbLinetypeTableRecord
  2
CENTER
 70
     0
  3
____ _ ____ _ ____ _ ____ _ ____ _ ____ _ ____ 
 72
    65
 73
     4
 40
2.0
 49
1.25
 74
     0
 49
-0.25
 74
     0
 49
0.25
 74
     0
 49
-0.25
 74
     0
  0
LTYPE
  5
1B0A3E
330
5
100
AcDbSymbolTableRecord
100
AcDbLinetypeTableRecord
  2
DASHDOT
 70
     0
  3
Dash dot __ . __ . __ . __ . __ . __ . __ . __
 72
    65
 73
     4
 40
1.0
 49
0.5
 74
     0
 49
-0.25
 74
     0
 49
0.0
 74
     0
 49
-0.25
 74
     0
  0
LTYPE
  5
1B0A3F
330
5
100
AcDbSymbolTableRecord
100
AcDbLinetypeTableRecord
  2
DAT_LINE
 70
     0
  3
DAT \\//\\//\\//\\//\\//\\//\\//
 72
    65
 73
     2
 40
0.4200000000000001
 49
0.2
 74
     4
 75
     2
340
1B0A4F
 46
0.017
 50
0.0
 44
-0.017
 45
0.0
 49
0.22
 74
     0
  0
LTYPE
  5
1B0A40
330
5
100
AcDbSymbolTableRecord
100
AcDbLinetypeTableRecord
  2
CENTER2
 70
     0
  3
___ _ ___ _ ___ _ ___ _ ___ _ ___ _ ___ _ ___ _
 72
    65
 73
     4
 40
1.125
 49
0.75
 74
     0
 49
-0.125
 74
     0
 49
0.125
 74
     0
 49
-0.125
 74
     0
  0
ENDTAB
  0
TABLE
  2
LAYER
  5
2
102
{ACAD_XDICTIONARY
360
3CFC9
102
}
330
0
100
AcDbSymbolTable
 70
    27
  0
LAYER
  5
F
330
2
100
AcDbSymbolTableRecord
100
AcDbLayerTableRecord
  2
0
 70
     0
 62
     6
  6
CONTINUOUS
370
    -3
390
3C383
347
E68AB
  0
LAYER
  5
2B
330
2
100
AcDbSymbolTableRecord
100
AcDbLayerTableRecord
  2
Hatch
 70
     0
 62
     8
  6
CONTINUOUS
370
    -3
390
3C383
347
E68AB
  0
LAYER
  5
42
330
2
100
AcDbSymbolTableRecord
100
AcDbLayerTableRecord
  2
DEFPOINTS
 70
     1
 62
     7
  6
CONTINUOUS
290
     0
370
    -3
390
3C383
347
E68AB
  0
LAYER
  5
18FDB
330
2
100
AcDbSymbolTableRecord
100
AcDbLayerTableRecord
  2
Text
 70
     0
 62
     4
  6
CONTINUOUS
370
    -3
390
3C383
347
E68AB
  0
LAYER
  5
143D04
330
2
100
AcDbSymbolTableRecord
100
AcDbLayerTableRecord
  2
Kich thuoc
 70
     0
 62
     2
  6
CONTINUOUS
370
    -3
390
3C383
347
E68AB
  0
LAYER
  5
18D08B
330
2
100
AcDbSymbolTableRecord
100
AcDbLayerTableRecord
  2
Da
 70
     0
 62
     9
  6
CONTINUOUS
370
    -3
390
3C383
347
E68AB
  0
LAYER
  5
1B0A41
330
2
100
AcDbSymbolTableRecord
100
AcDbLayerTableRecord
  2
Tim
 70
     0
 62
     8
  6
CENTER
370
    -3
390
3C383
347
E68AB
  0
LAYER
  5
1B0A42
330
2
100
AcDbSymbolTableRecord
100
AcDbLayerTableRecord
  2
Khung
 70
     0
 62
     1
  6
CONTINUOUS
370
    -3
390
3C383
347
E68AB
  0
LAYER
  5
1B0A44
330
2
100
AcDbSymbolTableRecord
100
AcDbLayerTableRecord
  2
Net tim
 70
     0
 62
     6
  6
CONTINUOUS
370
    -3
390
3C383
347
E68AB
  0
LAYER
  5
1B0A45
330
2
100
AcDbSymbolTableRecord
100
AcDbLayerTableRecord
  2
Khuat 151
 70
     0
 62
   151
  6
HIDDEN
370
    -3
390
3C383
347
E68AB
  0
LAYER
  5
1B0A46
330
2
100
AcDbSymbolTableRecord
100
AcDbLayerTableRecord
  2
Hatch coc
 70
     0
 62
     7
  6
CONTINUOUS
370
    -3
390
3C383
347
E68AB
  0
LAYER
  5
1B0A47
330
2
100
AcDbSymbolTableRecord
100
AcDbLayerTableRecord
  2
Lop dat
 70
     0
 62
   171
  6
CONTINUOUS
370
    -3
390
3C383
347
E68AB
  0
LAYER
  5
1B0A48
330
2
100
AcDbSymbolTableRecord
100
AcDbLayerTableRecord
  2
Dia chat
 70
     0
 62
     8
  6
CONTINUOUS
370
    -3
390
3C383
347
E68AB
  0
LAYER
  5
1B0A49
102
{ACAD_XDICTIONARY
360
1B0A4A
102
}
330
2
100
AcDbSymbolTableRecord
100
AcDbLayerTableRecord
  2
Dem tau
 70
     0
 62
    45
  6
CONTINUOUS
370
    -3
390
3C383
347
E68AB
1001
RAK
1000
{ACET-LAYISO
1070
     0
1070
    45
1000
CONTINUOUS
1071
       -3
1071
        1
1005
3C383
1000
ACET-LAYISO}
  0
LAYER
  5
1B0A4C
330
2
100
AcDbSymbolTableRecord
100
AcDbLayerTableRecord
  2
BORDER
 70
     0
 62
     6
  6
CONTINUOUS
370
    -3
390
3C383
347
E68AB
1001
RAK
1000
{ACET-LAYISO
1070
     0
1070
     2
1000
CONTINUOUS
1071
       -3
1071
        1
1005
3C383
1000
ACET-LAYISO}
  0
LAYER
  5
1B0A4D
330
2
100
AcDbSymbolTableRecord
100
AcDbLayerTableRecord
  2
CENTER
 70
     0
 62
     9
  6
CENTER2
370
    -3
390
3C383
347
E68AB
1001
RAK
1000
{ACET-LAYISO
1070
     0
1070
     9
1000
CENTER2
1071
       -3
1071
        1
1005
3C383
1000
ACET-LAYISO}
  0
LAYER
  5
1B0A4E
330
2
100
AcDbSymbolTableRecord
100
AcDbLayerTableRecord
  2
bich neo
 70
     0
 62
     6
  6
CONTINUOUS
370
    -3
390
3C383
347
E68AB
1001
AcAecLayerStandard
1000

1000

  0
LAYER
  5
1B1324
330
2
100
AcDbSymbolTableRecord
100
AcDbLayerTableRecord
  2
Net vang
 70
     0
 62
     8
  6
CONTINUOUS
370
    -3
390
3C383
347
E68AB
  0
LAYER
  5
1B36A5
330
2
100
AcDbSymbolTableRecord
100
AcDbLayerTableRecord
  2
KT
 70
     0
 62
     2
  6
CONTINUOUS
370
    -3
390
3C383
347
E68AB
1001
RAK
1000
{ACET-LAYISO
1070
     0
1070
     2
1000
Continuous
1071
       -3
1071
        1
1005
3C383
1000
ACET-LAYISO}
  0
LAYER
  5
1B36A6
330
2
100
AcDbSymbolTableRecord
100
AcDbLayerTableRecord
  2
COBAN
 70
     0
 62
     3
  6
CONTINUOUS
370
    -3
390
3C383
347
E68AB
1001
RAK
1000
{ACET-LAYISO
1070
     0
1070
     3
1000
Continuous
1071
       -3
1071
        1
1005
3C383
1000
ACET-LAYISO}
  0
LAYER
  5
1B3A3A
330
2
100
AcDbSymbolTableRecord
100
AcDbLayerTableRecord
  2
Khung Ten|Hatch
 70
    48
 62
     5
  6
Continuous
370
    -3
390
3C383
347
E68AB
  0
LAYER
  5
1B3A3B
330
2
100
AcDbSymbolTableRecord
100
AcDbLayerTableRecord
  2
Khung Ten|Text
 70
    48
 62
     4
  6
Continuous
370
    -3
390
3C383
347
E68AB
  0
LAYER
  5
1B3A3C
330
2
100
AcDbSymbolTableRecord
100
AcDbLayerTableRecord
  2
Khung Ten|Kich thuoc
 70
    48
 62
     4
  6
Continuous
370
    -3
390
3C383
347
E68AB
  0
LAYER
  5
1B3A3D
330
2
100
AcDbSymbolTableRecord
100
AcDbLayerTableRecord
  2
Khung Ten|Khung
 70
    48
 62
     1
  6
Continuous
370
    -3
390
3C383
347
E68AB
  0
LAYER
  5
1B3A3E
330
2
100
AcDbSymbolTableRecord
100
AcDbLayerTableRecord
  2
Khung Ten|chu ky
 70
    48
 62
     7
  6
Continuous
370
    -3
390
3C383
347
E68AB
1001
AcAecLayerStandard
1000

1000

1001
RAK
1000
{ACET-LAYISO
1070
     0
1070
     7
1000
Continuous
1071
       -3
1071
        1
1005
3C383
1000
ACET-LAYISO}
  0
LAYER
  5
1B3A3F
330
2
100
AcDbSymbolTableRecord
100
AcDbLayerTableRecord
  2
Khung Ten|dao
 70
    48
 62
     3
  6
Continuous
370
    -3
390
3C383
347
E68AB
1001
RAK
1000
{ACET-LAYISO
1070
     0
1070
     3
1000
CONTINUOUS
1070
     1
1071
       -3
1071
        1
1005
3C383
1000
ACET-LAYISO}
  0
LAYER
  5
1B3A40
330
2
100
AcDbSymbolTableRecord
100
AcDbLayerTableRecord
  2
Khung Ten|BELT
 70
    48
 62
     5
  6
Continuous
370
    -3
390
3C383
347
E68AB
1001
RAK
1000
{ACET-LAYISO
1070
     0
1070
     5
1000
CONTINUOUS
1071
       -3
1071
        1
1005
3C383
1000
ACET-LAYISO}
  0
ENDTAB
  0
TABLE
  2
STYLE
  5
3
330
0
100
AcDbSymbolTable
 70
    25
  0
STYLE
  5
10
330
3
100
AcDbSymbolTableRecord
100
AcDbTextStyleTableRecord
  2
STANDARD
 70
     0
 40
0.0
 41
0.7
 50
0.0
 71
     0
 42
0.2
  3
vnsimpleh.shx
  4

  0
STYLE
  5
3D067
330
3
100
AcDbSymbolTableRecord
100
AcDbTextStyleTableRecord
  2
THUONG
 70
     0
 40
0.0
 41
0.8
 50
0.0
 71
     0
 42
2.830295686930444
  3
vnsimple.shx
  4

  0
STYLE
  5
125AE4
330
3
100
AcDbSymbolTableRecord
100
AcDbTextStyleTableRecord
  2
Tieude
 70
     0
 40
0.0
 41
1.0
 50
0.0
 71
     0
 42
2.5
  3
Vhavan.ttf
  4

1001
ACAD
1000
.VnAvantH
1071
       34
  0
STYLE
  5
125AE5
330
3
100
AcDbSymbolTableRecord
100
AcDbTextStyleTableRecord
  2
Kichthuoc
 70
     0
 40
0.0
 41
0.6
 50
0.0
 71
     0
 42
25.0
  3
romans.shx
  4

  0
STYLE
  5
13E449
330
3
100
AcDbSymbolTableRecord
100
AcDbTextStyleTableRecord
  2
CMB-2
 70
     0
 40
2.0
 41
1.5
 50
0.0
 71
     0
 42
4.0
  3
Vhavanb.ttf
  4

1001
ACAD
1000
.VnAvantH
1071
 33554466
  0
STYLE
  5
1443B2
330
3
100
AcDbSymbolTableRecord
100
AcDbTextStyleTableRecord
  2
Ten
 70
     0
 40
0.0
 41
1.0
 50
0.0
 71
     0
 42
4.046947682469863
  3
Vharialn.ttf
  4

1001
ACAD
1000
.VnArial NarrowH
1071
       34
  0
STYLE
  5
1456EB
330
3
100
AcDbSymbolTableRecord
100
AcDbTextStyleTableRecord
  2
VnArialH
 70
     0
 40
0.0
 41
0.7143000000000001
 50
0.0
 71
     0
 42
3.0
  3
vnsimple.shx
  4

  0
STYLE
  5
15CB9D
330
3
100
AcDbSymbolTableRecord
100
AcDbTextStyleTableRecord
  2
Hung
 70
     0
 40
0.0
 41
1.0
 50
0.0
 71
     0
 42
25.0
  3
Vhavan.ttf
  4

1001
ACAD
1000
.VnAvantH
1071
       34
  0
STYLE
  5
1B0A4F
330
3
100
AcDbSymbolTableRecord
100
AcDbTextStyleTableRecord
  2

 70
     1
 40
0.0
 41
1.0
 50
0.0
 71
     0
 42
0.2
  3
g.shx
  4

  0
STYLE
  5
1B0A50
330
3
100
AcDbSymbolTableRecord
100
AcDbTextStyleTableRecord
  2
Chu thuong
 70
     0
 40
0.0
 41
0.75
 50
0.0
 71
     0
 42
50.0
  3
vnsimple.shx
  4

  0
STYLE
  5
1B1325
330
3
100
AcDbSymbolTableRecord
100
AcDbTextStyleTableRecord
  2
Vntimeh
 70
     0
 40
0.0
 41
0.75
 50
0.0
 71
     0
 42
62.37443755936784
  3
vntimeh.shx
  4

  0
STYLE
  5
1B1326
330
3
100
AcDbSymbolTableRecord
100
AcDbTextStyleTableRecord
  2
St
 70
     0
 40
0.0
 41
0.8
 50
0.0
 71
     0
 42
0.25
  3
vnsimple.shx
  4

  0
STYLE
  5
1B1BC1
330
3
100
AcDbSymbolTableRecord
100
AcDbTextStyleTableRecord
  2
DT
 70
     0
 40
0.0
 41
0.75
 50
0.0
 71
     0
 42
0.4
  3
vnsimple.shx
  4

  0
ENDTAB
  0
TABLE
  2
VIEW
  5
6
330
0
100
AcDbSymbolTable
 70
     1
  0
ENDTAB
  0
TABLE
  2
UCS
  5
7
330
0
100
AcDbSymbolTable
 70
     0
  0
ENDTAB
  0
TABLE
  2
APPID
  5
9
330
0
100
AcDbSymbolTable
 70
    24
  0
APPID
  5
11
330
9
100
AcDbSymbolTableRecord
100
AcDbRegAppTableRecord
  2
ACAD
 70
     0
  0
APPID
  5
352D3
330
9
100
AcDbSymbolTableRecord
100
AcDbRegAppTableRecord
  2
CONTENTBLOCKICON
 70
     0
  0
APPID
  5
4B6DA
330
9
100
AcDbSymbolTableRecord
100
AcDbRegAppTableRecord
  2
RAK
 70
     0
  0
APPID
  5
E68AA
330
9
100
AcDbSymbolTableRecord
100
AcDbRegAppTableRecord
  2
ACAD_PSEXT
 70
     0
  0
APPID
  5
15D96B
330
9
100
AcDbSymbolTableRecord
100
AcDbRegAppTableRecord
  2
AcDbBlockRepETag
 70
     0
  0
APPID
  5
16CE86
330
9
100
AcDbSymbolTableRecord
100
AcDbRegAppTableRecord
  2
ACET-TEXTMASK
 70
     0
  0
APPID
  5
175FD1
330
9
100
AcDbSymbolTableRecord
100
AcDbRegAppTableRecord
  2
ADE
 70
     0
  0
APPID
  5
175FD2
330
9
100
AcDbSymbolTableRecord
100
AcDbRegAppTableRecord
  2
AcAecLayerStandard
 70
     0
  0
APPID
  5
175FD3
330
9
100
AcDbSymbolTableRecord
100
AcDbRegAppTableRecord
  2
ACAD_DSTYLE_DIMJOGGED_JOGANGLE_SYMBOL
 70
     0
  0
APPID
  5
175FD4
330
9
100
AcDbSymbolTableRecord
100
AcDbRegAppTableRecord
  2
AcDbDynamicBlockGUID
 70
     0
  0
APPID
  5
175FD5
330
9
100
AcDbSymbolTableRecord
100
AcDbRegAppTableRecord
  2
ACAD_DSTYLE_DIMJAG
 70
     0
  0
APPID
  5
175FD6
330
9
100
AcDbSymbolTableRecord
100
AcDbRegAppTableRecord
  2
ACAD_DSTYLE_DIMTALN
 70
     0
  0
APPID
  5
175FD7
330
9
100
AcDbSymbolTableRecord
100
AcDbRegAppTableRecord
  2
AcadStringInfo
 70
     0
  0
APPID
  5
175FD8
330
9
100
AcDbSymbolTableRecord
100
AcDbRegAppTableRecord
  2
ACAD_NAV_VCDISPLAY
 70
     0
  0
APPID
  5
179F91
330
9
100
AcDbSymbolTableRecord
100
AcDbRegAppTableRecord
  2
ACAD_DSTYLE_DIMEXT_LENGTH
 70
     0
  0
APPID
  5
179F92
330
9
100
AcDbSymbolTableRecord
100
AcDbRegAppTableRecord
  2
ACAD_DSTYLE_DIM_LINETYPE
 70
     0
  0
APPID
  5
179F93
330
9
100
AcDbSymbolTableRecord
100
AcDbRegAppTableRecord
  2
ACAD_DSTYLE_DIM_EXT1_LINETYPE
 70
     0
  0
APPID
  5
179F94
330
9
100
AcDbSymbolTableRecord
100
AcDbRegAppTableRecord
  2
ACAD_DSTYLE_DIM_EXT2_LINETYPE
 70
     0
  0
APPID
  5
189CAF
330
9
100
AcDbSymbolTableRecord
100
AcDbRegAppTableRecord
  2
AcLayerTools
 70
     0
  0
APPID
  5
191485
330
9
100
AcDbSymbolTableRecord
100
AcDbRegAppTableRecord
  2
ACAD_EXEMPT_FROM_CAD_STANDARDS
 70
     0
  0
APPID
  5
1AEA5A
330
9
100
AcDbSymbolTableRecord
100
AcDbRegAppTableRecord
  2
ACAD_MLEADERVER
 70
     0
  0
APPID
  5
1B1329
330
9
100
AcDbSymbolTableRecord
100
AcDbRegAppTableRecord
  2
ACAD_DSTYLE_DIMTEXT_FILL
 70
     0
  0
APPID
  5
1B325F
330
9
100
AcDbSymbolTableRecord
100
AcDbRegAppTableRecord
  2
ACAUTHENVIRON
 70
     0
  0
APPID
  5
1B3263
330
9
100
AcDbSymbolTableRecord
100
AcDbRegAppTableRecord
  2
AcDbDynamicBlockTrueName
 70
     0
  0
ENDTAB
  0
TABLE
  2
DIMSTYLE
  5
A
330
0
100
AcDbSymbolTable
 70
    14
100
AcDbDimStyleTable
 71
     2
340
146AF8
340
1CF
  0
DIMSTYLE
105
1CF
330
A
100
AcDbSymbolTableRecord
100
AcDbDimStyleTableRecord
  2
STANDARD
 70
     0
 40
25.0
 41
0.15
 42
0.2
 43
0.15
 44
0.1
 46
0.15
 73
     0
 74
     0
 77
     1
140
0.25
141
0.5
172
     1
174
     1
176
   256
177
     7
178
     4
271
     0
289
     1
340
10
  0
DIMSTYLE
105
146AF8
102
{ACAD_REACTORS
330
192197
330
1921A6
330
1921B5
330
1921C2
330
1921CF
330
1921DC
330
1921E9
330
1921F6
330
192203
330
192210
330
19221D
330
19222C
330
19223B
330
19224A
330
192257
330
192264
330
192271
330
19227E
330
19228B
330
192298
330
1922A5
330
1922B2
330
1922BF
330
193106
330
1931C9
330
1931D8
330
194CFF
330
194D0C
330
194D19
330
194D26
330
194D33
330
194D40
330
194D4D
330
194D5A
330
194D67
330
194D74
330
194D83
330
194D92
330
194DA1
330
194DAE
330
194DBB
330
194DC8
330
194DD5
330
194DE2
330
194DEF
330
194DFC
330
194E09
330
194E16
330
194E25
330
194E32
330
194E4C
330
194E59
330
194E68
330
194E77
330
194E84
330
194E91
330
1936EA
330
1936ED
330
1936EE
330
1936EF
330
1936F0
330
1936F3
330
1936F4
330
1936F5
330
1936F6
102
}
330
A
100
AcDbSymbolTableRecord
100
AcDbDimStyleTableRecord
  2
Dim 500
 70
     0
 40
400.0
 41
0.15
 42
0.2
 43
0.6
 44
0.1
 46
0.1
 73
     0
 74
     0
 77
     1
140
0.2
141
0.1
144
-1.0
147
0.1
171
     0
172
     1
174
     1
176
     2
177
     2
178
     4
271
     0
272
     0
274
     0
279
     1
340
125AE5
342
18FF8A
  0
DIMSTYLE
105
1B0A51
330
A
100
AcDbSymbolTableRecord
100
AcDbDimStyleTableRecord
  2
Le 500
 70
     0
 40
500.0
 41
0.15
 42
0.2
 43
0.1
 44
0.1
 46
0.1
 73
     0
 74
     0
 77
     1
140
0.2
141
0.0
147
0.1
172
     1
174
     1
176
     2
177
     2
178
   256
271
     0
272
     0
279
     2
340
125AE5
342
1B092A
  0
DIMSTYLE
105
1B0A52
102
{ACAD_REACTORS
330
1B2770
102
}
330
A
100
AcDbSymbolTableRecord
100
AcDbDimStyleTableRecord
  2
Dim 350
 70
     0
 40
350.0
 41
0.15
 42
0.2
 43
0.1
 44
0.1
 46
0.1
 73
     0
 74
     0
 77
     1
140
0.2
141
0.1
144
-1.0
147
0.1
171
     0
172
     1
174
     1
176
     2
177
     2
178
     4
271
     0
272
     0
274
     0
279
     1
340
125AE5
342
18FF8A
  0
DIMSTYLE
105
1B1327
330
A
100
AcDbSymbolTableRecord
100
AcDbDimStyleTableRecord
  2
Le 350
 70
     0
 40
350.0
 41
0.15
 42
0.2
 43
0.1
 44
0.1
 46
0.1
 73
     0
 74
     0
 77
     1
140
0.2
141
0.0
147
0.1
172
     1
174
     1
176
     2
177
     2
178
   256
271
     0
272
     0
279
     2
340
125AE5
342
1B092A
  0
DIMSTYLE
105
1B1328
330
A
100
AcDbSymbolTableRecord
100
AcDbDimStyleTableRecord
  2
Dim A3-200
 70
     0
 40
200.0
 41
1.5
 42
2.0
 43
6.5
 44
1.5
 49
0.25
 50
90.0
 73
     0
 74
     0
 77
     1
 78
     8
 79
     2
140
1.5
141
2.5
143
0.0394
147
1.0
171
     4
172
     1
174
     1
176
     4
177
     4
178
     7
179
     1
271
     1
272
     1
273
     8
274
     4
279
     1
340
1B1325
345
15
346
15
347
15
371
    -1
372
    -1
1001
ACAD_DSTYLE_DIMJOGGED_JOGANGLE_SYMBOL
1070
   384
1040
1.570796326794896
  0
DIMSTYLE
105
1B1BC2
330
A
100
AcDbSymbolTableRecord
100
AcDbDimStyleTableRecord
  2
Le 750
 70
     0
 40
750.0
 42
0.2
 43
0.1
 44
0.1
 46
0.1
 73
     0
 74
     0
 77
     1
140
0.2
141
0.0
147
0.1
172
     1
174
     1
176
     4
177
     4
178
     2
271
     0
272
     0
279
     2
340
125AE5
342
1B092A
  0
DIMSTYLE
105
1B1BC3
330
A
100
AcDbSymbolTableRecord
100
AcDbDimStyleTableRecord
  2
Dim 750
 70
     0
 40
750.0
 41
0.15
 42
0.2
 43
0.1
 44
0.1
 46
0.05
 73
     0
 74
     0
 77
     1
140
0.2
141
0.1
144
-1.0
147
0.1
171
     0
172
     1
174
     1
176
     4
177
     4
178
     2
271
     0
272
     0
274
     0
279
     2
340
125AE5
342
18FF8A
  0
DIMSTYLE
105
1B1BC4
330
A
100
AcDbSymbolTableRecord
100
AcDbDimStyleTableRecord
  2
Le 700
 70
     0
 40
700.0
 41
0.15
 42
0.2
 43
0.1
 44
0.1
 46
0.1
 73
     0
 74
     0
 77
     1
140
0.2
141
0.0
147
0.1
172
     1
174
     1
176
     2
177
     2
178
   256
271
     0
272
     0
279
     2
340
125AE5
342
1B092A
  0
DIMSTYLE
105
1B1BC5
330
A
100
AcDbSymbolTableRecord
100
AcDbDimStyleTableRecord
  2
Le 1000
 70
     0
 40
1000.0
 41
0.2
 42
0.2
 43
0.1
 44
0.1
 46
0.1
 73
     0
 74
     0
 77
     1
140
0.22
141
0.0
147
0.1
172
     1
174
     1
176
     2
177
     2
178
   256
271
     0
272
     0
279
     2
340
125AE5
342
1B092A
  0
ENDTAB
  0
TABLE
  2
BLOCK_RECORD
  5
1
330
0
100
AcDbSymbolTable
 70
    73
  0
BLOCK_RECORD
  5
1A
102
{ACAD_XDICTIONARY
360
128AF0
102
}
330
1
100
AcDbSymbolTableRecord
100
AcDbBlockTableRecord
  2
*MODEL_SPACE
340
3C388
 70
     0
280
     1
281
     0
  0
BLOCK_RECORD
  5
17
102
{ACAD_XDICTIONARY
360
1902B1
102
}
330
1
100
AcDbSymbolTableRecord
100
AcDbBlockTableRecord
  2
*PAPER_SPACE
340
3C389
 70
     0
280
     1
281
     0
  0
BLOCK_RECORD
  5
1385
330
1
100
AcDbSymbolTableRecord
100
AcDbBlockTableRecord
  2
*X0
340
0
102
{BLKREFS
331
1387
102
}
 70
     0
280
     1
281
     0
  0
BLOCK_RECORD
  5
17F61C
330
1
100
AcDbSymbolTableRecord
100
AcDbBlockTableRecord
  2
Khung Ten
340
0
 70
     0
280
     1
281
     0
  0
BLOCK_RECORD
  5
18FF8A
330
1
100
AcDbSymbolTableRecord
100
AcDbBlockTableRecord
  2
_Oblique
340
0
102
{BLKREFS
331
1B2927
331
1B2928
331
1B2B49
331
1B2B4A
331
1B2B52
331
1B2B53
331
1B2B5B
331
1B2B5C
331
1B2B66
331
1B2B67
331
1B2B71
331
1B2B72
331
1B2B7A
331
1B2B7B
331
1B2B83
331
1B2B84
331
1B2B8C
331
1B2B8D
331
1B2B97
331
1B2B98
331
1B2BA0
331
1B2BA1
331
1B2BA9
331
1B2BAA
331
1B2BB2
331
1B2BB3
331
1B2BBB
331
1B2BBC
331
1B2BC4
331
1B2BC5
331
1B2BCD
331
1B2BCE
331
1B2BD6
331
1B2BD7
331
1B2BDF
331
1B2BE0
331
1B2BE8
331
1B2BE9
331
1B2BF3
331
1B2BF4
331
1B2BFE
331
1B2BFF
331
1B2C09
331
1B2C0A
331
1B2C12
331
1B2C13
331
1B2C1B
331
1B2C1C
331
1B2C24
331
1B2C25
331
1B2C2D
331
1B2C2E
331
1B2C36
331
1B2C37
331
1B2C3F
331
1B2C40
331
1B2C48
331
1B2C49
331
1B2C51
331
1B2C52
331
1B2C5A
331
1B2C5B
331
1B2C63
331
1B2C64
331
1B2C6E
331
1B2C6F
331
1B2C82
331
1B2C83
331
1B2C8B
331
1B2C8C
331
1B2C94
331
1B2C95
331
1B2C9D
331
1B2C9E
331
1B2CA6
331
1B2CA7
331
1B2CAF
331
1B2CB0
331
1B2CB8
331
1B2CB9
331
1B2CC1
331
1B2CC2
331
1B2CCA
331
1B2CCB
331
1B2CD3
331
1B2CD4
331
1B2CDF
331
1B2CE0
331
1B2CE9
331
1B2CEA
331
1B2CF5
331
1B2CF6
331
1B2CFD
331
1B2CFE
331
1B2D06
331
1B2D07
331
1B2D0F
331
1B2D10
331
1B2D18
331
1B2D19
331
1B2D21
331
1B2D22
331
1B2D2A
331
1B2D2B
331
1B2D33
331
1B2D34
331
1B2D3C
331
1B2D3D
331
1B2D45
331
1B2D46
331
1B2D50
331
1B2D51
331
1B30EE
331
1B30EF
102
}
 70
     0
280
     1
281
     0
  0
BLOCK_RECORD
  5
192198
330
1
100
AcDbSymbolTableRecord
100
AcDbBlockTableRecord
  2
*D3
340
0
 70
     0
280
     1
281
     0
  0
BLOCK_RECORD
  5
1921A7
330
1
100
AcDbSymbolTableRecord
100
AcDbBlockTableRecord
  2
*D4
340
0
 70
     0
280
     1
281
     0
  0
BLOCK_RECORD
  5
1921B6
330
1
100
AcDbSymbolTableRecord
100
AcDbBlockTableRecord
  2
*D5
340
0
 70
     0
280
     1
281
     0
  0
BLOCK_RECORD
  5
1921C3
330
1
100
AcDbSymbolTableRecord
100
AcDbBlockTableRecord
  2
*D6
340
0
 70
     0
280
     1
281
     0
  0
BLOCK_RECORD
  5
1921D0
330
1
100
AcDbSymbolTableRecord
100
AcDbBlockTableRecord
  2
*D7
340
0
 70
     0
280
     1
281
     0
  0
BLOCK_RECORD
  5
1921DD
330
1
100
AcDbSymbolTableRecord
100
AcDbBlockTableRecord
  2
*D8
340
0
 70
     0
280
     1
281
     0
  0
BLOCK_RECORD
  5
1921EA
330
1
100
AcDbSymbolTableRecord
100
AcDbBlockTableRecord
  2
*D9
340
0
 70
     0
280
     1
281
     0
  0
BLOCK_RECORD
  5
1921F7
330
1
100
AcDbSymbolTableRecord
100
AcDbBlockTableRecord
  2
*D10
340
0
 70
     0
280
     1
281
     0
  0
BLOCK_RECORD
  5
192204
330
1
100
AcDbSymbolTableRecord
100
AcDbBlockTableRecord
  2
*D11
340
0
 70
     0
280
     1
281
     0
  0
BLOCK_RECORD
  5
192211
330
1
100
AcDbSymbolTableRecord
100
AcDbBlockTableRecord
  2
*D12
340
0
 70
     0
280
     1
281
     0
  0
BLOCK_RECORD
  5
19221E
330
1
100
AcDbSymbolTableRecord
100
AcDbBlockTableRecord
  2
*D13
340
0
 70
     0
280
     1
281
     0
  0
BLOCK_RECORD
  5
19222D
330
1
100
AcDbSymbolTableRecord
100
AcDbBlockTableRecord
  2
*D14
340
0
 70
     0
280
     1
281
     0
  0
BLOCK_RECORD
  5
19223C
330
1
100
AcDbSymbolTableRecord
100
AcDbBlockTableRecord
  2
*D15
340
0
 70
     0
280
     1
281
     0
  0
BLOCK_RECORD
  5
19224B
330
1
100
AcDbSymbolTableRecord
100
AcDbBlockTableRecord
  2
*D16
340
0
 70
     0
280
     1
281
     0
  0
BLOCK_RECORD
  5
192258
330
1
100
AcDbSymbolTableRecord
100
AcDbBlockTableRecord
  2
*D17
340
0
 70
     0
280
     1
281
     0
  0
BLOCK_RECORD
  5
192265
330
1
100
AcDbSymbolTableRecord
100
AcDbBlockTableRecord
  2
*D18
340
0
 70
     0
280
     1
281
     0
  0
BLOCK_RECORD
  5
192272
330
1
100
AcDbSymbolTableRecord
100
AcDbBlockTableRecord
  2
*D19
340
0
 70
     0
280
     1
281
     0
  0
BLOCK_RECORD
  5
19227F
330
1
100
AcDbSymbolTableRecord
100
AcDbBlockTableRecord
  2
*D20
340
0
 70
     0
280
     1
281
     0
  0
BLOCK_RECORD
  5
19228C
330
1
100
AcDbSymbolTableRecord
100
AcDbBlockTableRecord
  2
*D21
340
0
 70
     0
280
     1
281
     0
  0
BLOCK_RECORD
  5
192299
330
1
100
AcDbSymbolTableRecord
100
AcDbBlockTableRecord
  2
*D22
340
0
 70
     0
280
     1
281
     0
  0
BLOCK_RECORD
  5
1922A6
330
1
100
AcDbSymbolTableRecord
100
AcDbBlockTableRecord
  2
*D23
340
0
 70
     0
280
     1
281
     0
  0
BLOCK_RECORD
  5
1922B3
330
1
100
AcDbSymbolTableRecord
100
AcDbBlockTableRecord
  2
*D24
340
0
 70
     0
280
     1
281
     0
  0
BLOCK_RECORD
  5
1922C0
330
1
100
AcDbSymbolTableRecord
100
AcDbBlockTableRecord
  2
*D25
340
0
 70
     0
280
     1
281
     0
  0
BLOCK_RECORD
  5
193107
330
1
100
AcDbSymbolTableRecord
100
AcDbBlockTableRecord
  2
*D26
340
0
 70
     0
280
     1
281
     0
  0
BLOCK_RECORD
  5
1931CA
330
1
100
AcDbSymbolTableRecord
100
AcDbBlockTableRecord
  2
*D27
340
0
 70
     0
280
     1
281
     0
  0
BLOCK_RECORD
  5
1931D9
330
1
100
AcDbSymbolTableRecord
100
AcDbBlockTableRecord
  2
*D28
340
0
 70
     0
280
     1
281
     0
  0
BLOCK_RECORD
  5
194D00
330
1
100
AcDbSymbolTableRecord
100
AcDbBlockTableRecord
  2
*D29
340
0
 70
     0
280
     1
281
     0
  0
BLOCK_RECORD
  5
194D0D
330
1
100
AcDbSymbolTableRecord
100
AcDbBlockTableRecord
  2
*D30
340
0
 70
     0
280
     1
281
     0
  0
BLOCK_RECORD
  5
194D1A
330
1
100
AcDbSymbolTableRecord
100
AcDbBlockTableRecord
  2
*D31
340
0
 70
     0
280
     1
281
     0
  0
BLOCK_RECORD
  5
194D27
330
1
100
AcDbSymbolTableRecord
100
AcDbBlockTableRecord
  2
*D32
340
0
 70
     0
280
     1
281
     0
  0
BLOCK_RECORD
  5
194D34
330
1
100
AcDbSymbolTableRecord
100
AcDbBlockTableRecord
  2
*D33
340
0
 70
     0
280
     1
281
     0
  0
BLOCK_RECORD
  5
194D41
330
1
100
AcDbSymbolTableRecord
100
AcDbBlockTableRecord
  2
*D34
340
0
 70
     0
280
     1
281
     0
  0
BLOCK_RECORD
  5
194D4E
330
1
100
AcDbSymbolTableRecord
100
AcDbBlockTableRecord
  2
*D35
340
0
 70
     0
280
     1
281
     0
  0
BLOCK_RECORD
  5
194D5B
330
1
100
AcDbSymbolTableRecord
100
AcDbBlockTableRecord
  2
*D36
340
0
 70
     0
280
     1
281
     0
  0
BLOCK_RECORD
  5
194D68
330
1
100
AcDbSymbolTableRecord
100
AcDbBlockTableRecord
  2
*D37
340
0
 70
     0
280
     1
281
     0
  0
BLOCK_RECORD
  5
194D75
330
1
100
AcDbSymbolTableRecord
100
AcDbBlockTableRecord
  2
*D38
340
0
 70
     0
280
     1
281
     0
  0
BLOCK_RECORD
  5
194D84
330
1
100
AcDbSymbolTableRecord
100
AcDbBlockTableRecord
  2
*D39
340
0
 70
     0
280
     1
281
     0
  0
BLOCK_RECORD
  5
194D93
330
1
100
AcDbSymbolTableRecord
100
AcDbBlockTableRecord
  2
*D40
340
0
 70
     0
280
     1
281
     0
  0
BLOCK_RECORD
  5
194DA2
330
1
100
AcDbSymbolTableRecord
100
AcDbBlockTableRecord
  2
*D41
340
0
 70
     0
280
     1
281
     0
  0
BLOCK_RECORD
  5
194DAF
330
1
100
AcDbSymbolTableRecord
100
AcDbBlockTableRecord
  2
*D42
340
0
 70
     0
280
     1
281
     0
  0
BLOCK_RECORD
  5
194DBC
330
1
100
AcDbSymbolTableRecord
100
AcDbBlockTableRecord
  2
*D43
340
0
 70
     0
280
     1
281
     0
  0
BLOCK_RECORD
  5
194DC9
330
1
100
AcDbSymbolTableRecord
100
AcDbBlockTableRecord
  2
*D44
340
0
 70
     0
280
     1
281
     0
  0
BLOCK_RECORD
  5
194DD6
330
1
100
AcDbSymbolTableRecord
100
AcDbBlockTableRecord
  2
*D45
340
0
 70
     0
280
     1
281
     0
  0
BLOCK_RECORD
  5
194DE3
330
1
100
AcDbSymbolTableRecord
100
AcDbBlockTableRecord
  2
*D46
340
0
 70
     0
280
     1
281
     0
  0
BLOCK_RECORD
  5
194DF0
330
1
100
AcDbSymbolTableRecord
100
AcDbBlockTableRecord
  2
*D47
340
0
 70
     0
280
     1
281
     0
  0
BLOCK_RECORD
  5
194DFD
330
1
100
AcDbSymbolTableRecord
100
AcDbBlockTableRecord
  2
*D48
340
0
 70
     0
280
     1
281
     0
  0
BLOCK_RECORD
  5
194E0A
330
1
100
AcDbSymbolTableRecord
100
AcDbBlockTableRecord
  2
*D49
340
0
 70
     0
280
     1
281
     0
  0
BLOCK_RECORD
  5
194E17
330
1
100
AcDbSymbolTableRecord
100
AcDbBlockTableRecord
  2
*D50
340
0
 70
     0
280
     1
281
     0
  0
BLOCK_RECORD
  5
194E26
330
1
100
AcDbSymbolTableRecord
100
AcDbBlockTableRecord
  2
*D51
340
0
 70
     0
280
     1
281
     0
  0
BLOCK_RECORD
  5
194E33
330
1
100
AcDbSymbolTableRecord
100
AcDbBlockTableRecord
  2
*D52
340
0
 70
     0
280
     1
281
     0
  0
BLOCK_RECORD
  5
194E4D
330
1
100
AcDbSymbolTableRecord
100
AcDbBlockTableRecord
  2
*D53
340
0
 70
     0
280
     1
281
     0
  0
BLOCK_RECORD
  5
194E5A
330
1
100
AcDbSymbolTableRecord
100
AcDbBlockTableRecord
  2
*D54
340
0
 70
     0
280
     1
281
     0
  0
BLOCK_RECORD
  5
194E69
330
1
100
AcDbSymbolTableRecord
100
AcDbBlockTableRecord
  2
*D55
340
0
 70
     0
280
     1
281
     0
  0
BLOCK_RECORD
  5
194E78
330
1
100
AcDbSymbolTableRecord
100
AcDbBlockTableRecord
  2
*D56
340
0
 70
     0
280
     1
281
     0
  0
BLOCK_RECORD
  5
194E85
330
1
100
AcDbSymbolTableRecord
100
AcDbBlockTableRecord
  2
*D57
340
0
 70
     0
280
     1
281
     0
  0
BLOCK_RECORD
  5
194E92
330
1
100
AcDbSymbolTableRecord
100
AcDbBlockTableRecord
  2
*D58
340
0
 70
     0
280
     1
281
     0
  0
BLOCK_RECORD
  5
1B092A
102
{ACAD_XDICTIONARY
360
1B092B
102
}
330
1
100
AcDbSymbolTableRecord
100
AcDbBlockTableRecord
  2
_ArchTick
340
0
 70
     0
280
     1
281
     0
  0
BLOCK_RECORD
  5
1B0930
102
{ACAD_XDICTIONARY
360
1B3260
102
}
330
1
100
AcDbSymbolTableRecord
100
AcDbBlockTableRecord
  2
Lamda 400H-3500L (mdung)
340
0
310
2800000020000000200000000100080000000000000400000000000000000000000000000000000000000000000080000080000000808000800000008000800080800000C0C0C000C0DCC000F0CAA6000020400000206000002080000020A0000020C0000020E00000400000004020000040400000406000004080000040A0
310
000040C0000040E00000600000006020000060400000606000006080000060A0000060C0000060E00000800000008020000080400000806000008080000080A0000080C0000080E00000A0000000A0200000A0400000A0600000A0800000A0A00000A0C00000A0E00000C0000000C0200000C0400000C0600000C0800000C0
310
A00000C0C00000C0E00000E0000000E0200000E0400000E0600000E0800000E0A00000E0C00000E0E00040000000400020004000400040006000400080004000A0004000C0004000E00040200000402020004020400040206000402080004020A0004020C0004020E000404000004040200040404000404060004040800040
310
40A0004040C0004040E00040600000406020004060400040606000406080004060A0004060C0004060E00040800000408020004080400040806000408080004080A0004080C0004080E00040A0000040A0200040A0400040A0600040A0800040A0A00040A0C00040A0E00040C0000040C0200040C0400040C0600040C08000
310
40C0A00040C0C00040C0E00040E0000040E0200040E0400040E0600040E0800040E0A00040E0C00040E0E00080000000800020008000400080006000800080008000A0008000C0008000E00080200000802020008020400080206000802080008020A0008020C0008020E00080400000804020008040400080406000804080
310
008040A0008040C0008040E00080600000806020008060400080606000806080008060A0008060C0008060E00080800000808020008080400080806000808080008080A0008080C0008080E00080A0000080A0200080A0400080A0600080A0800080A0A00080A0C00080A0E00080C0000080C0200080C0400080C0600080C0
310
800080C0A00080C0C00080C0E00080E0000080E0200080E0400080E0600080E0800080E0A00080E0C00080E0E000C0000000C0002000C0004000C0006000C0008000C000A000C000C000C000E000C0200000C0202000C0204000C0206000C0208000C020A000C020C000C020E000C0400000C0402000C0404000C0406000C0
310
408000C040A000C040C000C040E000C0600000C0602000C0604000C0606000C0608000C060A000C060C000C060E000C0800000C0802000C0804000C0806000C0808000C080A000C080C000C080E000C0A00000C0A02000C0A04000C0A06000C0A08000C0A0A000C0A0C000C0A0E000C0C00000C0C02000C0C04000C0C06000
310
C0C08000C0C0A000F0FBFF00A4A0A000808080000000FF0000FF000000FFFF00FF000000FF00FF00FFFF0000FFFFFF00000000000000000000000000000000000000000000000000000000000000000000000000000000000000000000000000A4000000000000000000000000000000000000000000000000000000006565
310
6565656500000000000000000000000000000000000000000000000000A4656565656565A400000000000000000000000000000000000000000000000000656565A465650000000000000000000000000000000000000000000000000000656565A46565000000000000000000000000000000000000000000000000000065
310
6565A465650000000000000000000000000000000000000000000000000000656565A465650000000000000000000000000000000000000000000000000000656565A4656500000000000000000000000000000000000000000000000000A465A465A4A465A400000000000000000000000000000000000000000000000000
310
656565A465650000000000000000000000000000000000000000000000000000656565A465650000000000000000000000000000000000000000000000000000656565A465650000000000000000000000000000000000000000000000000000656565A4656500000000000000000000000000000000000000000000000000
310
00656565A465650000000000000000000000000000000000000000000000000000656565A4656500000000000000000000000000000000000000000000000000A4656565A46565A400000000000000000000000000000000000000000000000000656565A46565000000000000000000000000000000000000000000000000
310
0000656565A465650000000000000000000000000000000000000000000000000000656565A465650000000000000000000000000000000000000000000000000000656565A465650000000000000000000000000000000000000000000000000000656565A465650000000000000000000000000000000000000000000000
310
0000A4656565A46565A400000000000000000000000000000000000000000000000000656565A465650000000000000000000000000000000000000000000000000000656565A465650000000000000000000000000000000000000000000000000000656565A4656500000000000000000000000000000000000000000000
310
00000000656565A465650000000000000000000000000000000000000000000000000000656565A4656500000000000000000000000000000000000000000000000000A4656565656565A400000000000000000000000000000000000000000000000000656565656565000000000000000000000000000000000000000000
310
0000000000000000A40000000000000000000000000000000000000000000000000000000000000000000000000000000000000000000000
102
{BLKREFS
331
1B28B3
331
1B28B4
331
1B26AF
331
1B26B0
331
1B26B1
331
1B26B2
331
1B26B3
331
1B26B4
331
1B26B5
331
1B26B6
331
1B26B7
331
1B26B8
331
1B26B9
331
1B26BA
331
1B26BB
331
1B26BC
331
1B26BD
331
1B26BE
331
1B26BF
331
1B26C0
331
1B26C1
331
1B26C2
331
1B26C3
331
1B26C4
331
1B26C5
331
1B26C6
331
1B26C7
331
1B26C8
331
1B26C9
331
1B26CA
331
1B2705
331
1B2706
331
1B2707
331
1B2708
331
1B2709
331
1B270A
331
1B270B
331
1B270C
331
1B270D
102
}
 70
     0
280
     1
281
     0
1001
AcDbDynamicBlockGUID
1000
{1F0638A9-E6A8-4CC6-A6FA-1F29314D6D56}
1001
AcDbBlockRepETag
1070
     1
1071
       69
  0
BLOCK_RECORD
  5
1B0A23
102
{ACAD_XDICTIONARY
360
1B0A24
102
}
330
1
100
AcDbSymbolTableRecord
100
AcDbBlockTableRecord
  2
Bich ton
340
0
310
2800000020000000200000000100080000000000000400000000000000000000000000000000000000000000000080000080000000808000800000008000800080800000C0C0C000C0DCC000F0CAA6000020400000206000002080000020A0000020C0000020E00000400000004020000040400000406000004080000040A0
310
000040C0000040E00000600000006020000060400000606000006080000060A0000060C0000060E00000800000008020000080400000806000008080000080A0000080C0000080E00000A0000000A0200000A0400000A0600000A0800000A0A00000A0C00000A0E00000C0000000C0200000C0400000C0600000C0800000C0
310
A00000C0C00000C0E00000E0000000E0200000E0400000E0600000E0800000E0A00000E0C00000E0E00040000000400020004000400040006000400080004000A0004000C0004000E00040200000402020004020400040206000402080004020A0004020C0004020E000404000004040200040404000404060004040800040
310
40A0004040C0004040E00040600000406020004060400040606000406080004060A0004060C0004060E00040800000408020004080400040806000408080004080A0004080C0004080E00040A0000040A0200040A0400040A0600040A0800040A0A00040A0C00040A0E00040C0000040C0200040C0400040C0600040C08000
310
40C0A00040C0C00040C0E00040E0000040E0200040E0400040E0600040E0800040E0A00040E0C00040E0E00080000000800020008000400080006000800080008000A0008000C0008000E00080200000802020008020400080206000802080008020A0008020C0008020E00080400000804020008040400080406000804080
310
008040A0008040C0008040E00080600000806020008060400080606000806080008060A0008060C0008060E00080800000808020008080400080806000808080008080A0008080C0008080E00080A0000080A0200080A0400080A0600080A0800080A0A00080A0C00080A0E00080C0000080C0200080C0400080C0600080C0
310
800080C0A00080C0C00080C0E00080E0000080E0200080E0400080E0600080E0800080E0A00080E0C00080E0E000C0000000C0002000C0004000C0006000C0008000C000A000C000C000C000E000C0200000C0202000C0204000C0206000C0208000C020A000C020C000C020E000C0400000C0402000C0404000C0406000C0
310
408000C040A000C040C000C040E000C0600000C0602000C0604000C0606000C0608000C060A000C060C000C060E000C0800000C0802000C0804000C0806000C0808000C080A000C080C000C080E000C0A00000C0A02000C0A04000C0A06000C0A08000C0A0A000C0A0C000C0A0E000C0C00000C0C02000C0C04000C0C06000
310
C0C08000C0C0A000F0FBFF00A4A0A000808080000000FF0000FF000000FFFF00FF000000FF00FF00FFFF0000FFFFFF000000000000000000000000000000000000000000000000000000000000000000000000000000FB000000000000000000070000000000000000FB000000000000000000000000FB0000000000000000
310
00070000000000000000FB000000000000000000000000FB000000000000000000070000000000000000FB000000000000000000000000FB000000000000000000070000000000000000FB000000000000000000000000FB000000000000000000070000000000000000FB000000000000000000000000FB00000000000000
310
0000070000000000000000FB000000000000000000000000FB000000000000000000070000000000000000FB000000000000000000000000FB000000000000000000070000000000000000FB000000000000000000000000FB000000000000000000070000000000000000FB000000000000000000000000FB000000000000
310
000000070000000000000000FB000000000000000000000000FB000000000000000000070000000000000000FB000000000000000000000000FB000000000000000000070000000000000000FB000000000000000000000000FB000000000000000000070000000000000000FB000000000000000000000000FB0000000000
310
00000000070000000000000000FB000000000000000000000000FB000000000000000000070000000000000000FB000000000000000000000000FB000000000000000000070000000000000000FB000000000000000000000000FB000000000000000000070000000000000000FB000000000000000000000000FB00000000
310
0000000000070000000000000000FB000000000000000000000000FB000000000000000000070000000000000000FB000000000000000000000000FB000000000000000000070000000000000000FB000000000000000000000000FB000000000000000000070000000000000000FB00000000000000FBFBFBFBFBFBFBFBFB
310
FBFBFBFBFBFB07FBFBFBFBFBFBFBFBFBFBFBFBFBFB0000FB00000000000000000000000000000700000000000000000000000000FB0000FB00000000000000000000000000000700000000000000000000000000FB0000FB00000000000000000000000000000700000000000000000000000000FB0000FB00000000000000
310
000000000000000700000000000000000000000000FB0000FBFBFB000000000000000000000000070000000000000000000000FBFBFB0000000000FBFBFBFB00000000000000000700000000000000FBFBFBFB000000000000000000000000FBFBFBFBFB000000070000FBFBFBFBFB00000000000000000000000000000000
310
0000000000FBFBFB07FBFB000000000000000000000000000000000000000000000000000000000000000000000000000000000000000000
 70
     0
280
     1
281
     0
  0
BLOCK_RECORD
  5
1B12A0
330
1
100
AcDbSymbolTableRecord
100
AcDbBlockTableRecord
  2
Dem CSS1600
340
0
310
2800000020000000200000000100080000000000000400000000000000000000000000000000000000000000000080000080000000808000800000008000800080800000C0C0C000C0DCC000F0CAA6000020400000206000002080000020A0000020C0000020E00000400000004020000040400000406000004080000040A0
310
000040C0000040E00000600000006020000060400000606000006080000060A0000060C0000060E00000800000008020000080400000806000008080000080A0000080C0000080E00000A0000000A0200000A0400000A0600000A0800000A0A00000A0C00000A0E00000C0000000C0200000C0400000C0600000C0800000C0
310
A00000C0C00000C0E00000E0000000E0200000E0400000E0600000E0800000E0A00000E0C00000E0E00040000000400020004000400040006000400080004000A0004000C0004000E00040200000402020004020400040206000402080004020A0004020C0004020E000404000004040200040404000404060004040800040
310
40A0004040C0004040E00040600000406020004060400040606000406080004060A0004060C0004060E00040800000408020004080400040806000408080004080A0004080C0004080E00040A0000040A0200040A0400040A0600040A0800040A0A00040A0C00040A0E00040C0000040C0200040C0400040C0600040C08000
310
40C0A00040C0C00040C0E00040E0000040E0200040E0400040E0600040E0800040E0A00040E0C00040E0E00080000000800020008000400080006000800080008000A0008000C0008000E00080200000802020008020400080206000802080008020A0008020C0008020E00080400000804020008040400080406000804080
310
008040A0008040C0008040E00080600000806020008060400080606000806080008060A0008060C0008060E00080800000808020008080400080806000808080008080A0008080C0008080E00080A0000080A0200080A0400080A0600080A0800080A0A00080A0C00080A0E00080C0000080C0200080C0400080C0600080C0
310
800080C0A00080C0C00080C0E00080E0000080E0200080E0400080E0600080E0800080E0A00080E0C00080E0E000C0000000C0002000C0004000C0006000C0008000C000A000C000C000C000E000C0200000C0202000C0204000C0206000C0208000C020A000C020C000C020E000C0400000C0402000C0404000C0406000C0
310
408000C040A000C040C000C040E000C0600000C0602000C0604000C0606000C0608000C060A000C060C000C060E000C0800000C0802000C0804000C0806000C0808000C080A000C080C000C080E000C0A00000C0A02000C0A04000C0A06000C0A08000C0A0A000C0A0C000C0A0E000C0C00000C0C02000C0C04000C0C06000
310
C0C08000C0C0A000F0FBFF00A4A0A000808080000000FF0000FF000000FFFF00FF000000FF00FF00FFFF0000FFFFFF000000000000000000000000000000000000000000000000000000000000000000000000000000FAFAFA0000000000000000000000000000000000000000000000000000000000A4FBFA000000000000
310
0000000000000000000000000000000000000000000000FAFBFA0000000000000000000000000000000000000000000000000000000000FAFBFA0000000000000000000000000000000000000000000000000000000000FDFBFA0000000000000000000000000000000000000000000000000000000000FBFBFA0000000000
310
000000000000000000000000000000000000000000000000A4FBFA0000000000000000000000000000000000000000000000000000000000FAFBFA0000000000000000000000000000000000000000000000000000000000FAA4A400000000000000000000000000FAFA0000000000000000000000000000A4FBFA0000FAFA
310
FAFAFAFAFAFAFAFAFAFAFA0000000000000000000000000000FBFBFAFAFAFC00000000000000FCFC00FCFA0000000000000000000000000000A4FBFAFCFCFC00000000000000FCFC00FCFA0000000000000000000000000000FAFBFBFCFCFC00000000000000FCFC00FCFA0000000000000000000000000000FAFBFBFBFCFC
310
00000000000000FCFC00FCFA0000000000000000000000000000FDFBFBFBFBFC00000000000000FCFC00FCFA0000000000000000000000000000A4FBFAFCFBFB00000000000000FCFC00FCFA0000000000000000000000000000FAFBFAFCFCFBFB000000000000FCFC00FCFA000000000000000000000000A4A4A4A4A4A4A4
310
A4FBFBFBA4A4A4A4A4A4A4A4A4A4A4A4A400000000000000000000A4FBFAFCFCFC00FBFB00000000FCFC00FCFA0000000000000000000000000000FBFBFAFCFCFC0000FBFBFB0000FCFC00FCFA0000000000000000000000000000FDFBFAFCFCFC000000FBFBFB00FCFC00FCFA0000000000000000000000000000FAFBFAFC
310
FCFC00000000FBFB00FCFC00FCFA0000000000000000000000000000FAFBFAFCFCFC0000000000FBFBFCFC00FCFA0000000000000000000000000000A4FBFAFCFCFC0000000000FBFBFBFB00FCFA0000000000000000000000000000FBFBFAFAFAFC00000000000000FBFAFAFAFA0000000000000000000000000000A4A4A4
310
0000FAFAFAFAFAFAFAFAFAFBFBFBA40000000000000000000000000000FAFBFA000000000000000000000000FBFBFB0000000000000000000000000000A4FBFA00000000000000000000000000A4A40000000000000000000000000000FAFBFA0000000000000000000000000000000000000000000000000000000000FAFB
310
FA00000000000000000000000000000000000000000000000000000000000000000000000000000000000000000000000000000000000000
102
{BLKREFS
331
1B20D3
102
}
 70
     0
280
     1
281
     0
  0
BLOCK_RECORD
  5
1B1BBA
330
1
100
AcDbSymbolTableRecord
100
AcDbBlockTableRecord
  2
Md bich neo 200T
340
0
310
2800000020000000200000000100080000000000000400000000000000000000000000000000000000000000000080000080000000808000800000008000800080800000C0C0C000C0DCC000F0CAA6000020400000206000002080000020A0000020C0000020E00000400000004020000040400000406000004080000040A0
310
000040C0000040E00000600000006020000060400000606000006080000060A0000060C0000060E00000800000008020000080400000806000008080000080A0000080C0000080E00000A0000000A0200000A0400000A0600000A0800000A0A00000A0C00000A0E00000C0000000C0200000C0400000C0600000C0800000C0
310
A00000C0C00000C0E00000E0000000E0200000E0400000E0600000E0800000E0A00000E0C00000E0E00040000000400020004000400040006000400080004000A0004000C0004000E00040200000402020004020400040206000402080004020A0004020C0004020E000404000004040200040404000404060004040800040
310
40A0004040C0004040E00040600000406020004060400040606000406080004060A0004060C0004060E00040800000408020004080400040806000408080004080A0004080C0004080E00040A0000040A0200040A0400040A0600040A0800040A0A00040A0C00040A0E00040C0000040C0200040C0400040C0600040C08000
310
40C0A00040C0C00040C0E00040E0000040E0200040E0400040E0600040E0800040E0A00040E0C00040E0E00080000000800020008000400080006000800080008000A0008000C0008000E00080200000802020008020400080206000802080008020A0008020C0008020E00080400000804020008040400080406000804080
310
008040A0008040C0008040E00080600000806020008060400080606000806080008060A0008060C0008060E00080800000808020008080400080806000808080008080A0008080C0008080E00080A0000080A0200080A0400080A0600080A0800080A0A00080A0C00080A0E00080C0000080C0200080C0400080C0600080C0
310
800080C0A00080C0C00080C0E00080E0000080E0200080E0400080E0600080E0800080E0A00080E0C00080E0E000C0000000C0002000C0004000C0006000C0008000C000A000C000C000C000E000C0200000C0202000C0204000C0206000C0208000C020A000C020C000C020E000C0400000C0402000C0404000C0406000C0
310
408000C040A000C040C000C040E000C0600000C0602000C0604000C0606000C0608000C060A000C060C000C060E000C0800000C0802000C0804000C0806000C0808000C080A000C080C000C080E000C0A00000C0A02000C0A04000C0A06000C0A08000C0A0A000C0A0C000C0A0E000C0C00000C0C02000C0C04000C0C06000
310
C0C08000C0C0A000F0FBFF00A4A0A000808080000000FF0000FF000000FFFF00FF000000FF00FF00FFFF0000FFFFFF0000000000000000000000000000000000000000000000000000000000000000000000000000000000000000000000000000000000000000000000000000000000000000000000000000000000000000
310
0000000000000000000000000000000000000000000000000000000000000000000000000000000000000000000000000000000000000000000000000000000000000000000000000000000000000000000000FDFDFDFDFDFDFDFDFDFDFDFDFDFDFDFDFDFDFDFDFDFDFDFDFDFDFDFD000000FD000000000000000000000000
310
0000A400000000000000000000000000FD000000FD00000000000000000000000000A4000000000000000000000000FD0000000000FDFDFDFDFDFDFDFDFDFDFDFDFDFDFDFDFDFDFDFDFDFDFDFDFDFD000000000000000000000000FD000000000000A40000000000FD00000000000000000000000000000000000000FD0000
310
000000A400000000FD0000000000000000000000000000000000000000FD0000000000A400000000FD0000000000000000000000000000000000000000FD0000000000A400000000FD0000000000000000000000000000000000000000FD0000000000A400000000FD00000000000000000000000000000000000000FDFD00
310
00000000A400000000FDFD000000000000000000000000000000000000FDFD0000000000A400000000FDFD000000000000000000000000000000000000FDFD0000000000A400000000FDFD00000000000000000000000000000000FDFD00FD0000000000A400000000FD00FDFD00000000000000000000000000FD000000FD
310
0000000000A400000000FD000000FD000000000000000000000000FD00000000FD00000000A4000000FD0000000000FD00000000000000000000FD0000000000FD00000000A4000000FD0000000000FD0000000000000000000000FDFDFDFDFDFDFDFDFDFDFDFDFDFDFDFDFDFDFDFD00000000000000000000000000000000
310
00000000FDFDFDFD000000000000000000000000000000000000000000000000000000000000A400000000000000000000000000000000000000000000000000000000000000A400000000000000000000000000000000000000000000000000000000000000A4000000000000000000000000000000000000000000000000
310
00000000000000A40000000000000000000000000000000000000000000000000000000000000000000000000000000000000000000000000000000000000000000000000000000000000000000000000000000000000000000000000000000000000000000000000000000000000000000000000000000000000000000000
310
0000000000000000000000000000000000000000000000000000000000000000000000000000000000000000000000000000000000000000
102
{BLKREFS
331
1B20E4
102
}
 70
     0
280
     1
281
     0
  0
BLOCK_RECORD
  5
1B20E0
102
{ACAD_XDICTIONARY
360
1B20E1
102
}
330
1
100
AcDbSymbolTableRecord
100
AcDbBlockTableRecord
  2
A$C4AE13D6C
340
0
102
{BLKREFS
331
1B28E6
331
1B28E7
331
1B28E8
331
1B28E9
331
1B28EA
331
1B28EB
331
1B28EC
331
1B28ED
331
1B28EE
331
1B28EF
331
1B28F0
102
}
 70
     0
280
     1
281
     0
  0
BLOCK_RECORD
  5
1B2918
330
1
100
AcDbSymbolTableRecord
100
AcDbBlockTableRecord
  2
*D65
340
0
 70
     0
280
     1
281
     0
  0
ENDTAB
  0
ENDSEC
  0
SECTION
  2
BLOCKS
  0
BLOCK
  5
1B
330
1A
100
AcDbEntity
  8
0
100
AcDbBlockBegin
  2
*MODEL_SPACE
 70
     0
 10
0.0
 20
0.0
 30
0.0
  3
*MODEL_SPACE
  1

  0
ENDBLK
  5
1C
330
1A
100
AcDbEntity
  8
0
100
AcDbBlockEnd
  0
BLOCK
  5
18
330
17
100
AcDbEntity
 67
     1
  8
0
100
AcDbBlockBegin
  2
*PAPER_SPACE
 70
     0
 10
0.0
 20
0.0
 30
0.0
  3
*PAPER_SPACE
  1

  0
ENDBLK
  5
19
330
17
100
AcDbEntity
 67
     1
  8
0
100
AcDbBlockEnd
  0
BLOCK
  5
1386
330
1385
100
AcDbEntity
  8
0
100
AcDbBlockBegin
  2
*X0
 70
     1
 10
0.0
 20
0.0
 30
0.0
  3
*X0
  1

  0
ENDBLK
  5
1388
330
1385
100
AcDbEntity
  8
0
100
AcDbBlockEnd
  0
BLOCK
  5
17F61D
330
17F61C
100
AcDbEntity
  8
0
100
AcDbBlockBegin
  2
Khung Ten
 70
    36
 10
1407.533652931185
 20
1036.809241386874
 30
0.0
  3
Khung Ten
  1
D:\Disk_D\2013\Lach Huyen\III-Ben tau-Ke sau cau\Khung Ten.dwg
  0
ENDBLK
  5
17F61E
330
17F61C
100
AcDbEntity
  8
0
100
AcDbBlockEnd
  0
BLOCK
  5
18FF8C
330
18FF8A
100
AcDbEntity
  8
0
100
AcDbBlockBegin
  2
_Oblique
 70
     0
 10
0.0
 20
0.0
 30
0.0
  3
_Oblique
  1

  0
LINE
  5
18FF8B
330
18FF8A
100
AcDbEntity
  8
0
  6
ByBlock
 62
     0
370
    -2
100
AcDbLine
 10
-0.5
 20
-0.5
 30
0.0
 11
0.5
 21
0.5
 31
0.0
  0
ENDBLK
  5
18FF8D
330
18FF8A
100
AcDbEntity
  8
0
100
AcDbBlockEnd
  0
BLOCK
  5
1921A4
330
192198
100
AcDbEntity
  8
0
100
AcDbBlockBegin
  2
*D3
 70
     1
 10
0.0
 20
0.0
 30
0.0
  3
*D3
  1

  0
LINE
  5
1B2D4B
330
192198
100
AcDbEntity
  8
Kich thuoc
 62
     2
370
    -2
100
AcDbLine
 10
2986.875636767232
 20
-691.380514328006
 30
0.0
 11
2986.875636767232
 21
-1175.923327774269
 31
0.0
  0
LINE
  5
1B2D4C
330
192198
100
AcDbEntity
  8
Kich thuoc
 62
     2
370
    -2
100
AcDbLine
 10
3086.875636767232
 20
-691.380514328006
 30
0.0
 11
3086.875636767232
 21
-1175.923327774269
 31
0.0
  0
LINE
  5
1B2D4D
330
192198
100
AcDbEntity
  8
Kich thuoc
 62
     2
370
    -2
100
AcDbLine
 10
2946.875636767233
 20
-1135.923327774269
 30
0.0
 11
3126.875636767233
 21
-1135.923327774269
 31
0.0
  0
LINE
  5
1B2D4E
330
192198
100
AcDbEntity
  8
Kich thuoc
 62
     2
370
    -2
100
AcDbLine
 10
2680.818135822275
 20
-1135.923327774269
 30
0.0
 11
2986.875636767232
 21
-1135.923327774269
 31
0.0
  0
MTEXT
  5
1B2D4F
330
192198
100
AcDbEntity
  8
Kich thuoc
 62
     4
100
AcDbMText
 10
2779.103850107989
 20
-1055.923327774269
 30
0.0
 40
80.0
 41
0.0
 46
0.0
 71
     5
 72
     1
  1
\A1;100
  7
Kichthuoc
 73
     1
 44
1.0
  0
INSERT
  5
1B2D50
330
192198
100
AcDbEntity
  8
Kich thuoc
 62
     2
370
    -2
100
AcDbBlockReference
  2
_Oblique
 10
2986.875636767232
 20
-1135.923327774269
 30
0.0
 41
60.0
 42
60.0
 43
60.0
 50
180.0
  0
INSERT
  5
1B2D51
330
192198
100
AcDbEntity
  8
Kich thuoc
 62
     2
370
    -2
100
AcDbBlockReference
  2
_Oblique
 10
3086.875636767232
 20
-1135.923327774269
 30
0.0
 41
60.0
 42
60.0
 43
60.0
  0
POINT
  5
1B2D52
330
192198
100
AcDbEntity
  8
DEFPOINTS
 62
     0
100
AcDbPoint
 10
2986.875636767232
 20
-611.380514328006
 30
0.0
  0
POINT
  5
1B2D53
330
192198
100
AcDbEntity
  8
DEFPOINTS
 62
     0
100
AcDbPoint
 10
3086.875636767232
 20
-611.380514328006
 30
0.0
  0
POINT
  5
1B2D54
330
192198
100
AcDbEntity
  8
DEFPOINTS
 62
     0
100
AcDbPoint
 10
3086.875636767232
 20
-1135.923327774269
 30
0.0
  0
ENDBLK
  5
1921A5
330
192198
100
AcDbEntity
  8
0
100
AcDbBlockEnd
  0
BLOCK
  5
1921B3
330
1921A7
100
AcDbEntity
  8
0
100
AcDbBlockBegin
  2
*D4
 70
     1
 10
0.0
 20
0.0
 30
0.0
  3
*D4
  1

  0
LINE
  5
1B2D42
330
1921A7
100
AcDbEntity
  8
Kich thuoc
 62
     2
370
    -2
100
AcDbLine
 10
3086.875636767232
 20
-691.380514328006
 30
0.0
 11
3086.875636767232
 21
-1175.923327774269
 31
0.0
  0
LINE
  5
1B2D43
330
1921A7
100
AcDbEntity
  8
Kich thuoc
 62
     2
370
    -2
100
AcDbLine
 10
3311.875636767101
 20
-691.380514328006
 30
0.0
 11
3311.875636767101
 21
-1175.923327774269
 31
0.0
  0
LINE
  5
1B2D44
330
1921A7
100
AcDbEntity
  8
Kich thuoc
 62
     2
370
    -2
100
AcDbLine
 10
3046.875636767233
 20
-1135.923327774269
 30
0.0
 11
3351.875636767101
 21
-1135.923327774269
 31
0.0
  0
INSERT
  5
1B2D45
330
1921A7
100
AcDbEntity
  8
Kich thuoc
 62
     2
370
    -2
100
AcDbBlockReference
  2
_Oblique
 10
3086.875636767232
 20
-1135.923327774269
 30
0.0
 41
60.0
 42
60.0
 43
60.0
 50
180.0
  0
INSERT
  5
1B2D46
330
1921A7
100
AcDbEntity
  8
Kich thuoc
 62
     2
370
    -2
100
AcDbBlockReference
  2
_Oblique
 10
3311.875636767101
 20
-1135.923327774269
 30
0.0
 41
60.0
 42
60.0
 43
60.0
  0
MTEXT
  5
1B2D47
330
1921A7
100
AcDbEntity
  8
Kich thuoc
 62
     4
100
AcDbMText
 10
3199.375636767167
 20
-1055.923327774269
 30
0.0
 40
80.0
 41
0.0
 46
0.0
 71
     5
 72
     1
  1
\A1;225
  7
Kichthuoc
 73
     1
 44
1.0
  0
POINT
  5
1B2D48
330
1921A7
100
AcDbEntity
  8
DEFPOINTS
 62
     0
100
AcDbPoint
 10
3086.875636767232
 20
-611.380514328006
 30
0.0
  0
POINT
  5
1B2D49
330
1921A7
100
AcDbEntity
  8
DEFPOINTS
 62
     0
100
AcDbPoint
 10
3311.875636767101
 20
-611.380514328006
 30
0.0
  0
POINT
  5
1B2D4A
330
1921A7
100
AcDbEntity
  8
DEFPOINTS
 62
     0
100
AcDbPoint
 10
3311.875636767101
 20
-1135.923327774269
 30
0.0
  0
ENDBLK
  5
1921B4
330
1921A7
100
AcDbEntity
  8
0
100
AcDbBlockEnd
  0
BLOCK
  5
1921C0
330
1921B6
100
AcDbEntity
  8
0
100
AcDbBlockBegin
  2
*D5
 70
     1
 10
0.0
 20
0.0
 30
0.0
  3
*D5
  1

  0
LINE
  5
1B2D39
330
1921B6
100
AcDbEntity
  8
Kich thuoc
 62
     2
370
    -2
100
AcDbLine
 10
3311.875636767101
 20
-691.380514328006
 30
0.0
 11
3311.875636767101
 21
-1175.923327774269
 31
0.0
  0
LINE
  5
1B2D3A
330
1921B6
100
AcDbEntity
  8
Kich thuoc
 62
     2
370
    -2
100
AcDbLine
 10
3911.875636767145
 20
-691.380514328006
 30
0.0
 11
3911.875636767145
 21
-1175.923327774269
 31
0.0
  0
LINE
  5
1B2D3B
330
1921B6
100
AcDbEntity
  8
Kich thuoc
 62
     2
370
    -2
100
AcDbLine
 10
3271.875636767101
 20
-1135.923327774269
 30
0.0
 11
3951.875636767145
 21
-1135.923327774269
 31
0.0
  0
INSERT
  5
1B2D3C
330
1921B6
100
AcDbEntity
  8
Kich thuoc
 62
     2
370
    -2
100
AcDbBlockReference
  2
_Oblique
 10
3311.875636767101
 20
-1135.923327774269
 30
0.0
 41
60.0
 42
60.0
 43
60.0
 50
180.0
  0
INSERT
  5
1B2D3D
330
1921B6
100
AcDbEntity
  8
Kich thuoc
 62
     2
370
    -2
100
AcDbBlockReference
  2
_Oblique
 10
3911.875636767145
 20
-1135.923327774269
 30
0.0
 41
60.0
 42
60.0
 43
60.0
  0
MTEXT
  5
1B2D3E
330
1921B6
100
AcDbEntity
  8
Kich thuoc
 62
     4
100
AcDbMText
 10
3611.875636767123
 20
-1055.923327774269
 30
0.0
 40
80.0
 41
0.0
 46
0.0
 71
     5
 72
     1
  1
\A1;600
  7
Kichthuoc
 73
     1
 44
1.0
  0
POINT
  5
1B2D3F
330
1921B6
100
AcDbEntity
  8
DEFPOINTS
 62
     0
100
AcDbPoint
 10
3311.875636767101
 20
-611.380514328006
 30
0.0
  0
POINT
  5
1B2D40
330
1921B6
100
AcDbEntity
  8
DEFPOINTS
 62
     0
100
AcDbPoint
 10
3911.875636767145
 20
-611.380514328006
 30
0.0
  0
POINT
  5
1B2D41
330
1921B6
100
AcDbEntity
  8
DEFPOINTS
 62
     0
100
AcDbPoint
 10
3911.875636767145
 20
-1135.923327774269
 30
0.0
  0
ENDBLK
  5
1921C1
330
1921B6
100
AcDbEntity
  8
0
100
AcDbBlockEnd
  0
BLOCK
  5
1921CD
330
1921C3
100
AcDbEntity
  8
0
100
AcDbBlockBegin
  2
*D6
 70
     1
 10
0.0
 20
0.0
 30
0.0
  3
*D6
  1

  0
LINE
  5
1B2D30
330
1921C3
100
AcDbEntity
  8
Kich thuoc
 62
     2
370
    -2
100
AcDbLine
 10
3911.875636767145
 20
-691.380514328006
 30
0.0
 11
3911.875636767145
 21
-1175.923327774269
 31
0.0
  0
LINE
  5
1B2D31
330
1921C3
100
AcDbEntity
  8
Kich thuoc
 62
     2
370
    -2
100
AcDbLine
 10
4511.875636767145
 20
-691.380514328006
 30
0.0
 11
4511.875636767145
 21
-1175.923327774269
 31
0.0
  0
LINE
  5
1B2D32
330
1921C3
100
AcDbEntity
  8
Kich thuoc
 62
     2
370
    -2
100
AcDbLine
 10
3871.875636767145
 20
-1135.923327774269
 30
0.0
 11
4551.875636767145
 21
-1135.923327774269
 31
0.0
  0
INSERT
  5
1B2D33
330
1921C3
100
AcDbEntity
  8
Kich thuoc
 62
     2
370
    -2
100
AcDbBlockReference
  2
_Oblique
 10
3911.875636767145
 20
-1135.923327774269
 30
0.0
 41
60.0
 42
60.0
 43
60.0
 50
180.0
  0
INSERT
  5
1B2D34
330
1921C3
100
AcDbEntity
  8
Kich thuoc
 62
     2
370
    -2
100
AcDbBlockReference
  2
_Oblique
 10
4511.875636767145
 20
-1135.923327774269
 30
0.0
 41
60.0
 42
60.0
 43
60.0
  0
MTEXT
  5
1B2D35
330
1921C3
100
AcDbEntity
  8
Kich thuoc
 62
     4
100
AcDbMText
 10
4211.875636767145
 20
-1055.923327774269
 30
0.0
 40
80.0
 41
0.0
 46
0.0
 71
     5
 72
     1
  1
\A1;600
  7
Kichthuoc
 73
     1
 44
1.0
  0
POINT
  5
1B2D36
330
1921C3
100
AcDbEntity
  8
DEFPOINTS
 62
     0
100
AcDbPoint
 10
3911.875636767145
 20
-611.380514328006
 30
0.0
  0
POINT
  5
1B2D37
330
1921C3
100
AcDbEntity
  8
DEFPOINTS
 62
     0
100
AcDbPoint
 10
4511.875636767145
 20
-611.380514328006
 30
0.0
  0
POINT
  5
1B2D38
330
1921C3
100
AcDbEntity
  8
DEFPOINTS
 62
     0
100
AcDbPoint
 10
4511.875636767145
 20
-1135.923327774269
 30
0.0
  0
ENDBLK
  5
1921CE
330
1921C3
100
AcDbEntity
  8
0
100
AcDbBlockEnd
  0
BLOCK
  5
1921DA
330
1921D0
100
AcDbEntity
  8
0
100
AcDbBlockBegin
  2
*D7
 70
     1
 10
0.0
 20
0.0
 30
0.0
  3
*D7
  1

  0
LINE
  5
1B2D27
330
1921D0
100
AcDbEntity
  8
Kich thuoc
 62
     2
370
    -2
100
AcDbLine
 10
4511.875636767145
 20
-691.380514328006
 30
0.0
 11
4511.875636767145
 21
-1175.923327774269
 31
0.0
  0
LINE
  5
1B2D28
330
1921D0
100
AcDbEntity
  8
Kich thuoc
 62
     2
370
    -2
100
AcDbLine
 10
5111.875636767145
 20
-691.380514328006
 30
0.0
 11
5111.875636767145
 21
-1175.923327774269
 31
0.0
  0
LINE
  5
1B2D29
330
1921D0
100
AcDbEntity
  8
Kich thuoc
 62
     2
370
    -2
100
AcDbLine
 10
4471.875636767145
 20
-1135.923327774269
 30
0.0
 11
5151.875636767145
 21
-1135.923327774269
 31
0.0
  0
INSERT
  5
1B2D2A
330
1921D0
100
AcDbEntity
  8
Kich thuoc
 62
     2
370
    -2
100
AcDbBlockReference
  2
_Oblique
 10
4511.875636767145
 20
-1135.923327774269
 30
0.0
 41
60.0
 42
60.0
 43
60.0
 50
180.0
  0
INSERT
  5
1B2D2B
330
1921D0
100
AcDbEntity
  8
Kich thuoc
 62
     2
370
    -2
100
AcDbBlockReference
  2
_Oblique
 10
5111.875636767145
 20
-1135.923327774269
 30
0.0
 41
60.0
 42
60.0
 43
60.0
  0
MTEXT
  5
1B2D2C
330
1921D0
100
AcDbEntity
  8
Kich thuoc
 62
     4
100
AcDbMText
 10
4811.875636767145
 20
-1055.923327774269
 30
0.0
 40
80.0
 41
0.0
 46
0.0
 71
     5
 72
     1
  1
\A1;600
  7
Kichthuoc
 73
     1
 44
1.0
  0
POINT
  5
1B2D2D
330
1921D0
100
AcDbEntity
  8
DEFPOINTS
 62
     0
100
AcDbPoint
 10
4511.875636767145
 20
-611.380514328006
 30
0.0
  0
POINT
  5
1B2D2E
330
1921D0
100
AcDbEntity
  8
DEFPOINTS
 62
     0
100
AcDbPoint
 10
5111.875636767145
 20
-611.380514328006
 30
0.0
  0
POINT
  5
1B2D2F
330
1921D0
100
AcDbEntity
  8
DEFPOINTS
 62
     0
100
AcDbPoint
 10
5111.875636767145
 20
-1135.923327774269
 30
0.0
  0
ENDBLK
  5
1921DB
330
1921D0
100
AcDbEntity
  8
0
100
AcDbBlockEnd
  0
BLOCK
  5
1921E7
330
1921DD
100
AcDbEntity
  8
0
100
AcDbBlockBegin
  2
*D8
 70
     1
 10
0.0
 20
0.0
 30
0.0
  3
*D8
  1

  0
LINE
  5
1B2D1E
330
1921DD
100
AcDbEntity
  8
Kich thuoc
 62
     2
370
    -2
100
AcDbLine
 10
5111.875636767145
 20
-691.380514328006
 30
0.0
 11
5111.875636767145
 21
-1175.923327774269
 31
0.0
  0
LINE
  5
1B2D1F
330
1921DD
100
AcDbEntity
  8
Kich thuoc
 62
     2
370
    -2
100
AcDbLine
 10
5711.875636767233
 20
-691.380514328006
 30
0.0
 11
5711.875636767233
 21
-1175.923327774269
 31
0.0
  0
LINE
  5
1B2D20
330
1921DD
100
AcDbEntity
  8
Kich thuoc
 62
     2
370
    -2
100
AcDbLine
 10
5071.875636767146
 20
-1135.923327774269
 30
0.0
 11
5751.875636767233
 21
-1135.923327774269
 31
0.0
  0
INSERT
  5
1B2D21
330
1921DD
100
AcDbEntity
  8
Kich thuoc
 62
     2
370
    -2
100
AcDbBlockReference
  2
_Oblique
 10
5111.875636767145
 20
-1135.923327774269
 30
0.0
 41
60.0
 42
60.0
 43
60.0
 50
180.0
  0
INSERT
  5
1B2D22
330
1921DD
100
AcDbEntity
  8
Kich thuoc
 62
     2
370
    -2
100
AcDbBlockReference
  2
_Oblique
 10
5711.875636767233
 20
-1135.923327774269
 30
0.0
 41
60.0
 42
60.0
 43
60.0
  0
MTEXT
  5
1B2D23
330
1921DD
100
AcDbEntity
  8
Kich thuoc
 62
     4
100
AcDbMText
 10
5411.875636767188
 20
-1055.923327774269
 30
0.0
 40
80.0
 41
0.0
 46
0.0
 71
     5
 72
     1
  1
\A1;600
  7
Kichthuoc
 73
     1
 44
1.0
  0
POINT
  5
1B2D24
330
1921DD
100
AcDbEntity
  8
DEFPOINTS
 62
     0
100
AcDbPoint
 10
5111.875636767145
 20
-611.380514328006
 30
0.0
  0
POINT
  5
1B2D25
330
1921DD
100
AcDbEntity
  8
DEFPOINTS
 62
     0
100
AcDbPoint
 10
5711.875636767233
 20
-611.380514328006
 30
0.0
  0
POINT
  5
1B2D26
330
1921DD
100
AcDbEntity
  8
DEFPOINTS
 62
     0
100
AcDbPoint
 10
5711.875636767233
 20
-1135.923327774269
 30
0.0
  0
ENDBLK
  5
1921E8
330
1921DD
100
AcDbEntity
  8
0
100
AcDbBlockEnd
  0
BLOCK
  5
1921F4
330
1921EA
100
AcDbEntity
  8
0
100
AcDbBlockBegin
  2
*D9
 70
     1
 10
0.0
 20
0.0
 30
0.0
  3
*D9
  1

  0
LINE
  5
1B2D15
330
1921EA
100
AcDbEntity
  8
Kich thuoc
 62
     2
370
    -2
100
AcDbLine
 10
5711.875636767233
 20
-691.380514328006
 30
0.0
 11
5711.875636767233
 21
-1175.923327774269
 31
0.0
  0
LINE
  5
1B2D16
330
1921EA
100
AcDbEntity
  8
Kich thuoc
 62
     2
370
    -2
100
AcDbLine
 10
6236.875636922952
 20
-691.380514328006
 30
0.0
 11
6236.875636922952
 21
-1175.923327774269
 31
0.0
  0
LINE
  5
1B2D17
330
1921EA
100
AcDbEntity
  8
Kich thuoc
 62
     2
370
    -2
100
AcDbLine
 10
5671.875636767233
 20
-1135.923327774269
 30
0.0
 11
6276.875636922952
 21
-1135.923327774269
 31
0.0
  0
INSERT
  5
1B2D18
330
1921EA
100
AcDbEntity
  8
Kich thuoc
 62
     2
370
    -2
100
AcDbBlockReference
  2
_Oblique
 10
5711.875636767233
 20
-1135.923327774269
 30
0.0
 41
60.0
 42
60.0
 43
60.0
 50
180.0
  0
INSERT
  5
1B2D19
330
1921EA
100
AcDbEntity
  8
Kich thuoc
 62
     2
370
    -2
100
AcDbBlockReference
  2
_Oblique
 10
6236.875636922952
 20
-1135.923327774269
 30
0.0
 41
60.0
 42
60.0
 43
60.0
  0
MTEXT
  5
1B2D1A
330
1921EA
100
AcDbEntity
  8
Kich thuoc
 62
     4
100
AcDbMText
 10
5974.375636845092
 20
-1055.923327774269
 30
0.0
 40
80.0
 41
0.0
 46
0.0
 71
     5
 72
     1
  1
\A1;525
  7
Kichthuoc
 73
     1
 44
1.0
  0
POINT
  5
1B2D1B
330
1921EA
100
AcDbEntity
  8
DEFPOINTS
 62
     0
100
AcDbPoint
 10
5711.875636767233
 20
-611.380514328006
 30
0.0
  0
POINT
  5
1B2D1C
330
1921EA
100
AcDbEntity
  8
DEFPOINTS
 62
     0
100
AcDbPoint
 10
6236.875636922952
 20
-611.380514328006
 30
0.0
  0
POINT
  5
1B2D1D
330
1921EA
100
AcDbEntity
  8
DEFPOINTS
 62
     0
100
AcDbPoint
 10
6236.875636922952
 20
-1135.923327774269
 30
0.0
  0
ENDBLK
  5
1921F5
330
1921EA
100
AcDbEntity
  8
0
100
AcDbBlockEnd
  0
BLOCK
  5
192201
330
1921F7
100
AcDbEntity
  8
0
100
AcDbBlockBegin
  2
*D10
 70
     1
 10
0.0
 20
0.0
 30
0.0
  3
*D10
  1

  0
LINE
  5
1B2D0C
330
1921F7
100
AcDbEntity
  8
Kich thuoc
 62
     2
370
    -2
100
AcDbLine
 10
6236.875636922952
 20
-691.380514328006
 30
0.0
 11
6236.875636922952
 21
-1175.923327774269
 31
0.0
  0
LINE
  5
1B2D0D
330
1921F7
100
AcDbEntity
  8
Kich thuoc
 62
     2
370
    -2
100
AcDbLine
 10
6761.875636923011
 20
-691.380514328006
 30
0.0
 11
6761.875636923011
 21
-1175.923327774269
 31
0.0
  0
LINE
  5
1B2D0E
330
1921F7
100
AcDbEntity
  8
Kich thuoc
 62
     2
370
    -2
100
AcDbLine
 10
6196.875636922952
 20
-1135.923327774269
 30
0.0
 11
6801.875636923011
 21
-1135.923327774269
 31
0.0
  0
INSERT
  5
1B2D0F
330
1921F7
100
AcDbEntity
  8
Kich thuoc
 62
     2
370
    -2
100
AcDbBlockReference
  2
_Oblique
 10
6236.875636922952
 20
-1135.923327774269
 30
0.0
 41
60.0
 42
60.0
 43
60.0
 50
180.0
  0
INSERT
  5
1B2D10
330
1921F7
100
AcDbEntity
  8
Kich thuoc
 62
     2
370
    -2
100
AcDbBlockReference
  2
_Oblique
 10
6761.875636923011
 20
-1135.923327774269
 30
0.0
 41
60.0
 42
60.0
 43
60.0
  0
MTEXT
  5
1B2D11
330
1921F7
100
AcDbEntity
  8
Kich thuoc
 62
     4
100
AcDbMText
 10
6499.375636922981
 20
-1055.923327774269
 30
0.0
 40
80.0
 41
0.0
 46
0.0
 71
     5
 72
     1
  1
\A1;525
  7
Kichthuoc
 73
     1
 44
1.0
  0
POINT
  5
1B2D12
330
1921F7
100
AcDbEntity
  8
DEFPOINTS
 62
     0
100
AcDbPoint
 10
6236.875636922952
 20
-611.380514328006
 30
0.0
  0
POINT
  5
1B2D13
330
1921F7
100
AcDbEntity
  8
DEFPOINTS
 62
     0
100
AcDbPoint
 10
6761.875636923011
 20
-611.380514328006
 30
0.0
  0
POINT
  5
1B2D14
330
1921F7
100
AcDbEntity
  8
DEFPOINTS
 62
     0
100
AcDbPoint
 10
6761.875636923011
 20
-1135.923327774269
 30
0.0
  0
ENDBLK
  5
192202
330
1921F7
100
AcDbEntity
  8
0
100
AcDbBlockEnd
  0
BLOCK
  5
19220E
330
192204
100
AcDbEntity
  8
0
100
AcDbBlockBegin
  2
*D11
 70
     1
 10
0.0
 20
0.0
 30
0.0
  3
*D11
  1

  0
LINE
  5
1B2D03
330
192204
100
AcDbEntity
  8
Kich thuoc
 62
     2
370
    -2
100
AcDbLine
 10
6761.875636923011
 20
-691.380514328006
 30
0.0
 11
6761.875636923011
 21
-1175.923327774269
 31
0.0
  0
LINE
  5
1B2D04
330
192204
100
AcDbEntity
  8
Kich thuoc
 62
     2
370
    -2
100
AcDbLine
 10
7286.875636922953
 20
-691.380514328006
 30
0.0
 11
7286.875636922953
 21
-1175.923327774269
 31
0.0
  0
LINE
  5
1B2D05
330
192204
100
AcDbEntity
  8
Kich thuoc
 62
     2
370
    -2
100
AcDbLine
 10
6721.875636923011
 20
-1135.923327774269
 30
0.0
 11
7326.875636922952
 21
-1135.923327774269
 31
0.0
  0
INSERT
  5
1B2D06
330
192204
100
AcDbEntity
  8
Kich thuoc
 62
     2
370
    -2
100
AcDbBlockReference
  2
_Oblique
 10
6761.875636923011
 20
-1135.923327774269
 30
0.0
 41
60.0
 42
60.0
 43
60.0
 50
180.0
  0
INSERT
  5
1B2D07
330
192204
100
AcDbEntity
  8
Kich thuoc
 62
     2
370
    -2
100
AcDbBlockReference
  2
_Oblique
 10
7286.875636922953
 20
-1135.923327774269
 30
0.0
 41
60.0
 42
60.0
 43
60.0
  0
MTEXT
  5
1B2D08
330
192204
100
AcDbEntity
  8
Kich thuoc
 62
     4
100
AcDbMText
 10
7024.375636922981
 20
-1055.923327774269
 30
0.0
 40
80.0
 41
0.0
 46
0.0
 71
     5
 72
     1
  1
\A1;525
  7
Kichthuoc
 73
     1
 44
1.0
  0
POINT
  5
1B2D09
330
192204
100
AcDbEntity
  8
DEFPOINTS
 62
     0
100
AcDbPoint
 10
6761.875636923011
 20
-611.380514328006
 30
0.0
  0
POINT
  5
1B2D0A
330
192204
100
AcDbEntity
  8
DEFPOINTS
 62
     0
100
AcDbPoint
 10
7286.875636922953
 20
-611.380514328006
 30
0.0
  0
POINT
  5
1B2D0B
330
192204
100
AcDbEntity
  8
DEFPOINTS
 62
     0
100
AcDbPoint
 10
7286.875636922953
 20
-1135.923327774269
 30
0.0
  0
ENDBLK
  5
19220F
330
192204
100
AcDbEntity
  8
0
100
AcDbBlockEnd
  0
BLOCK
  5
19221B
330
192211
100
AcDbEntity
  8
0
100
AcDbBlockBegin
  2
*D12
 70
     1
 10
0.0
 20
0.0
 30
0.0
  3
*D12
  1

  0
LINE
  5
1B2CFA
330
192211
100
AcDbEntity
  8
Kich thuoc
 62
     2
370
    -2
100
AcDbLine
 10
7286.875636922953
 20
-691.380514328006
 30
0.0
 11
7286.875636922953
 21
-1175.923327774269
 31
0.0
  0
LINE
  5
1B2CFB
330
192211
100
AcDbEntity
  8
Kich thuoc
 62
     2
370
    -2
100
AcDbLine
 10
7811.875636754312
 20
-691.380514328006
 30
0.0
 11
7811.875636754312
 21
-1175.923327774269
 31
0.0
  0
LINE
  5
1B2CFC
330
192211
100
AcDbEntity
  8
Kich thuoc
 62
     2
370
    -2
100
AcDbLine
 10
7246.875636922952
 20
-1135.923327774269
 30
0.0
 11
7851.875636754311
 21
-1135.923327774269
 31
0.0
  0
INSERT
  5
1B2CFD
330
192211
100
AcDbEntity
  8
Kich thuoc
 62
     2
370
    -2
100
AcDbBlockReference
  2
_Oblique
 10
7286.875636922953
 20
-1135.923327774269
 30
0.0
 41
60.0
 42
60.0
 43
60.0
 50
180.0
  0
INSERT
  5
1B2CFE
330
192211
100
AcDbEntity
  8
Kich thuoc
 62
     2
370
    -2
100
AcDbBlockReference
  2
_Oblique
 10
7811.875636754312
 20
-1135.923327774269
 30
0.0
 41
60.0
 42
60.0
 43
60.0
  0
MTEXT
  5
1B2CFF
330
192211
100
AcDbEntity
  8
Kich thuoc
 62
     4
100
AcDbMText
 10
7549.375636838631
 20
-1055.923327774269
 30
0.0
 40
80.0
 41
0.0
 46
0.0
 71
     5
 72
     1
  1
\A1;525
  7
Kichthuoc
 73
     1
 44
1.0
  0
POINT
  5
1B2D00
330
192211
100
AcDbEntity
  8
DEFPOINTS
 62
     0
100
AcDbPoint
 10
7286.875636922953
 20
-611.380514328006
 30
0.0
  0
POINT
  5
1B2D01
330
192211
100
AcDbEntity
  8
DEFPOINTS
 62
     0
100
AcDbPoint
 10
7811.875636754312
 20
-611.380514328006
 30
0.0
  0
POINT
  5
1B2D02
330
192211
100
AcDbEntity
  8
DEFPOINTS
 62
     0
100
AcDbPoint
 10
7811.875636754312
 20
-1135.923327774269
 30
0.0
  0
ENDBLK
  5
19221C
330
192211
100
AcDbEntity
  8
0
100
AcDbBlockEnd
  0
BLOCK
  5
19222A
330
19221E
100
AcDbEntity
  8
0
100
AcDbBlockBegin
  2
*D13
 70
     1
 10
0.0
 20
0.0
 30
0.0
  3
*D13
  1

  0
LINE
  5
1B2CEF
330
19221E
100
AcDbEntity
  8
Kich thuoc
 62
     2
370
    -2
100
AcDbLine
 10
7811.875636754312
 20
-691.380514328006
 30
0.0
 11
7811.875636754312
 21
-1175.923327774269
 31
0.0
  0
LINE
  5
1B2CF0
330
19221E
100
AcDbEntity
  8
Kich thuoc
 62
     2
370
    -2
100
AcDbLine
 10
7986.875636767233
 20
-691.380514328006
 30
0.0
 11
7986.875636767233
 21
-1175.923327774269
 31
0.0
  0
LINE
  5
1B2CF1
330
19221E
100
AcDbEntity
  8
Kich thuoc
 62
     2
370
    -2
100
AcDbLine
 10
7771.875636754311
 20
-1135.923327774269
 30
0.0
 11
8026.875636767234
 21
-1135.923327774269
 31
0.0
  0
LINE
  5
1B2CF2
330
19221E
100
AcDbEntity
  8
Kich thuoc
 62
     2
370
    -2
100
AcDbLine
 10
7899.375636760772
 20
-1135.923327774269
 30
0.0
 11
7777.668340417832
 21
-911.2339288640779
 31
0.0
  0
LINE
  5
1B2CF3
330
19221E
100
AcDbEntity
  8
Kich thuoc
 62
     2
370
    -2
100
AcDbLine
 10
7777.668340417832
 20
-911.2339288640779
 30
0.0
 11
7581.096911846405
 21
-911.2339288640779
 31
0.0
  0
MTEXT
  5
1B2CF4
330
19221E
100
AcDbEntity
  8
Kich thuoc
 62
     4
100
AcDbMText
 10
7679.382626132118
 20
-831.2339288640778
 30
0.0
 40
80.0
 41
0.0
 46
0.0
 71
     5
 72
     1
  1
\A1;175
  7
Kichthuoc
 73
     1
 44
1.0
  0
INSERT
  5
1B2CF5
330
19221E
100
AcDbEntity
  8
Kich thuoc
 62
     2
370
    -2
100
AcDbBlockReference
  2
_Oblique
 10
7811.875636754312
 20
-1135.923327774269
 30
0.0
 41
60.0
 42
60.0
 43
60.0
 50
180.0
  0
INSERT
  5
1B2CF6
330
19221E
100
AcDbEntity
  8
Kich thuoc
 62
     2
370
    -2
100
AcDbBlockReference
  2
_Oblique
 10
7986.875636767233
 20
-1135.923327774269
 30
0.0
 41
60.0
 42
60.0
 43
60.0
  0
POINT
  5
1B2CF7
330
19221E
100
AcDbEntity
  8
DEFPOINTS
 62
     0
100
AcDbPoint
 10
7811.875636754312
 20
-611.380514328006
 30
0.0
  0
POINT
  5
1B2CF8
330
19221E
100
AcDbEntity
  8
DEFPOINTS
 62
     0
100
AcDbPoint
 10
7986.875636767233
 20
-611.380514328006
 30
0.0
  0
POINT
  5
1B2CF9
330
19221E
100
AcDbEntity
  8
DEFPOINTS
 62
     0
100
AcDbPoint
 10
7986.875636767233
 20
-1135.923327774269
 30
0.0
  0
ENDBLK
  5
19222B
330
19221E
100
AcDbEntity
  8
0
100
AcDbBlockEnd
  0
BLOCK
  5
192239
330
19222D
100
AcDbEntity
  8
0
100
AcDbBlockBegin
  2
*D14
 70
     1
 10
0.0
 20
0.0
 30
0.0
  3
*D14
  1

  0
LINE
  5
1B2CE4
330
19222D
100
AcDbEntity
  8
Kich thuoc
 62
     2
370
    -2
100
AcDbLine
 10
7986.875636767233
 20
-691.380514328006
 30
0.0
 11
7986.875636767233
 21
-1175.923327774269
 31
0.0
  0
LINE
  5
1B2CE5
330
19222D
100
AcDbEntity
  8
Kich thuoc
 62
     2
370
    -2
100
AcDbLine
 10
7988.875636767116
 20
-691.380514328006
 30
0.0
 11
7988.875636767116
 21
-1175.923327774269
 31
0.0
  0
LINE
  5
1B2CE6
330
19222D
100
AcDbEntity
  8
Kich thuoc
 62
     2
370
    -2
100
AcDbLine
 10
7986.875636767233
 20
-1135.923327774269
 30
0.0
 11
7926.875636767234
 21
-1135.923327774269
 31
0.0
  0
LINE
  5
1B2CE7
330
19222D
100
AcDbEntity
  8
Kich thuoc
 62
     2
370
    -2
100
AcDbLine
 10
7988.875636767116
 20
-1135.923327774269
 30
0.0
 11
8048.875636767117
 21
-1135.923327774269
 31
0.0
  0
LINE
  5
1B2CE8
330
19222D
100
AcDbEntity
  8
Kich thuoc
 62
     2
370
    -2
100
AcDbLine
 10
7986.875636767233
 20
-1135.923327774269
 30
0.0
 11
7988.875636767116
 21
-1135.923327774269
 31
0.0
  0
INSERT
  5
1B2CE9
330
19222D
100
AcDbEntity
  8
Kich thuoc
 62
     2
370
    -2
100
AcDbBlockReference
  2
_Oblique
 10
7986.875636767233
 20
-1135.923327774269
 30
0.0
 41
60.0
 42
60.0
 43
60.0
  0
INSERT
  5
1B2CEA
330
19222D
100
AcDbEntity
  8
Kich thuoc
 62
     2
370
    -2
100
AcDbBlockReference
  2
_Oblique
 10
7988.875636767116
 20
-1135.923327774269
 30
0.0
 41
60.0
 42
60.0
 43
60.0
 50
180.0
  0
MTEXT
  5
1B2CEB
330
19222D
100
AcDbEntity
  8
Kich thuoc
 62
     4
100
AcDbMText
 10
7987.875636767175
 20
-1055.923327774269
 30
0.0
 40
80.0
 41
0.0
 46
0.0
 71
     5
 72
     1
  1
\A1;2
  7
Kichthuoc
 73
     1
 44
1.0
  0
POINT
  5
1B2CEC
330
19222D
100
AcDbEntity
  8
DEFPOINTS
 62
     0
100
AcDbPoint
 10
7986.875636767233
 20
-611.380514328006
 30
0.0
  0
POINT
  5
1B2CED
330
19222D
100
AcDbEntity
  8
DEFPOINTS
 62
     0
100
AcDbPoint
 10
7988.875636767116
 20
-611.380514328006
 30
0.0
  0
POINT
  5
1B2CEE
330
19222D
100
AcDbEntity
  8
DEFPOINTS
 62
     0
100
AcDbPoint
 10
7988.875636767116
 20
-1135.923327774269
 30
0.0
  0
ENDBLK
  5
19223A
330
19222D
100
AcDbEntity
  8
0
100
AcDbBlockEnd
  0
BLOCK
  5
192248
330
19223C
100
AcDbEntity
  8
0
100
AcDbBlockBegin
  2
*D15
 70
     1
 10
0.0
 20
0.0
 30
0.0
  3
*D15
  1

  0
LINE
  5
1B2CD9
330
19223C
100
AcDbEntity
  8
Kich thuoc
 62
     2
370
    -2
100
AcDbLine
 10
7988.875636767116
 20
-691.380514328006
 30
0.0
 11
7988.875636767116
 21
-1175.923327774269
 31
0.0
  0
LINE
  5
1B2CDA
330
19223C
100
AcDbEntity
  8
Kich thuoc
 62
     2
370
    -2
100
AcDbLine
 10
8148.875636767247
 20
-691.380514328006
 30
0.0
 11
8148.875636767247
 21
-1175.923327774269
 31
0.0
  0
LINE
  5
1B2CDB
330
19223C
100
AcDbEntity
  8
Kich thuoc
 62
     2
370
    -2
100
AcDbLine
 10
7948.875636767117
 20
-1135.923327774269
 30
0.0
 11
8188.875636767248
 21
-1135.923327774269
 31
0.0
  0
LINE
  5
1B2CDC
330
19223C
100
AcDbEntity
  8
Kich thuoc
 62
     2
370
    -2
100
AcDbLine
 10
8068.875636767181
 20
-1135.923327774269
 30
0.0
 11
8218.126518869787
 21
-911.2339288640779
 31
0.0
  0
LINE
  5
1B2CDD
330
19223C
100
AcDbEntity
  8
Kich thuoc
 62
     2
370
    -2
100
AcDbLine
 10
8218.126518869787
 20
-911.2339288640779
 30
0.0
 11
8414.697947441217
 21
-911.2339288640779
 31
0.0
  0
MTEXT
  5
1B2CDE
330
19223C
100
AcDbEntity
  8
Kich thuoc
 62
     4
100
AcDbMText
 10
8316.412233155501
 20
-831.2339288640778
 30
0.0
 40
80.0
 41
0.0
 46
0.0
 71
     5
 72
     1
  1
\A1;160
  7
Kichthuoc
 73
     1
 44
1.0
  0
INSERT
  5
1B2CDF
330
19223C
100
AcDbEntity
  8
Kich thuoc
 62
     2
370
    -2
100
AcDbBlockReference
  2
_Oblique
 10
7988.875636767116
 20
-1135.923327774269
 30
0.0
 41
60.0
 42
60.0
 43
60.0
 50
180.0
  0
INSERT
  5
1B2CE0
330
19223C
100
AcDbEntity
  8
Kich thuoc
 62
     2
370
    -2
100
AcDbBlockReference
  2
_Oblique
 10
8148.875636767247
 20
-1135.923327774269
 30
0.0
 41
60.0
 42
60.0
 43
60.0
  0
POINT
  5
1B2CE1
330
19223C
100
AcDbEntity
  8
DEFPOINTS
 62
     0
100
AcDbPoint
 10
7988.875636767116
 20
-611.380514328006
 30
0.0
  0
POINT
  5
1B2CE2
330
19223C
100
AcDbEntity
  8
DEFPOINTS
 62
     0
100
AcDbPoint
 10
8148.875636767247
 20
-611.380514328006
 30
0.0
  0
POINT
  5
1B2CE3
330
19223C
100
AcDbEntity
  8
DEFPOINTS
 62
     0
100
AcDbPoint
 10
8148.875636767247
 20
-1135.923327774269
 30
0.0
  0
ENDBLK
  5
192249
330
19223C
100
AcDbEntity
  8
0
100
AcDbBlockEnd
  0
BLOCK
  5
192255
330
19224B
100
AcDbEntity
  8
0
100
AcDbBlockBegin
  2
*D16
 70
     1
 10
0.0
 20
0.0
 30
0.0
  3
*D16
  1

  0
LINE
  5
1B2CD0
330
19224B
100
AcDbEntity
  8
Kich thuoc
 62
     2
370
    -2
100
AcDbLine
 10
8148.875636767247
 20
-691.380514328006
 30
0.0
 11
8148.875636767247
 21
-1175.923327774269
 31
0.0
  0
LINE
  5
1B2CD1
330
19224B
100
AcDbEntity
  8
Kich thuoc
 62
     2
370
    -2
100
AcDbLine
 10
8668.875636767246
 20
-691.380514328006
 30
0.0
 11
8668.875636767246
 21
-1175.923327774269
 31
0.0
  0
LINE
  5
1B2CD2
330
19224B
100
AcDbEntity
  8
Kich thuoc
 62
     2
370
    -2
100
AcDbLine
 10
8108.875636767248
 20
-1135.923327774269
 30
0.0
 11
8708.875636767247
 21
-1135.923327774269
 31
0.0
  0
INSERT
  5
1B2CD3
330
19224B
100
AcDbEntity
  8
Kich thuoc
 62
     2
370
    -2
100
AcDbBlockReference
  2
_Oblique
 10
8148.875636767247
 20
-1135.923327774269
 30
0.0
 41
60.0
 42
60.0
 43
60.0
 50
180.0
  0
INSERT
  5
1B2CD4
330
19224B
100
AcDbEntity
  8
Kich thuoc
 62
     2
370
    -2
100
AcDbBlockReference
  2
_Oblique
 10
8668.875636767246
 20
-1135.923327774269
 30
0.0
 41
60.0
 42
60.0
 43
60.0
  0
MTEXT
  5
1B2CD5
330
19224B
100
AcDbEntity
  8
Kich thuoc
 62
     4
100
AcDbMText
 10
8408.875636767247
 20
-1055.923327774269
 30
0.0
 40
80.0
 41
0.0
 46
0.0
 71
     5
 72
     1
  1
\A1;520
  7
Kichthuoc
 73
     1
 44
1.0
  0
POINT
  5
1B2CD6
330
19224B
100
AcDbEntity
  8
DEFPOINTS
 62
     0
100
AcDbPoint
 10
8148.875636767247
 20
-611.380514328006
 30
0.0
  0
POINT
  5
1B2CD7
330
19224B
100
AcDbEntity
  8
DEFPOINTS
 62
     0
100
AcDbPoint
 10
8668.875636767246
 20
-611.380514328006
 30
0.0
  0
POINT
  5
1B2CD8
330
19224B
100
AcDbEntity
  8
DEFPOINTS
 62
     0
100
AcDbPoint
 10
8668.875636767246
 20
-1135.923327774269
 30
0.0
  0
ENDBLK
  5
192256
330
19224B
100
AcDbEntity
  8
0
100
AcDbBlockEnd
  0
BLOCK
  5
192262
330
192258
100
AcDbEntity
  8
0
100
AcDbBlockBegin
  2
*D17
 70
     1
 10
0.0
 20
0.0
 30
0.0
  3
*D17
  1

  0
LINE
  5
1B2CC7
330
192258
100
AcDbEntity
  8
Kich thuoc
 62
     2
370
    -2
100
AcDbLine
 10
8668.875636767246
 20
-691.380514328006
 30
0.0
 11
8668.875636767246
 21
-1175.923327774269
 31
0.0
  0
LINE
  5
1B2CC8
330
192258
100
AcDbEntity
  8
Kich thuoc
 62
     2
370
    -2
100
AcDbLine
 10
9188.875636767248
 20
-691.380514328006
 30
0.0
 11
9188.875636767248
 21
-1175.923327774269
 31
0.0
  0
LINE
  5
1B2CC9
330
192258
100
AcDbEntity
  8
Kich thuoc
 62
     2
370
    -2
100
AcDbLine
 10
8628.875636767245
 20
-1135.923327774269
 30
0.0
 11
9228.875636767247
 21
-1135.923327774269
 31
0.0
  0
INSERT
  5
1B2CCA
330
192258
100
AcDbEntity
  8
Kich thuoc
 62
     2
370
    -2
100
AcDbBlockReference
  2
_Oblique
 10
8668.875636767246
 20
-1135.923327774269
 30
0.0
 41
60.0
 42
60.0
 43
60.0
 50
180.0
  0
INSERT
  5
1B2CCB
330
192258
100
AcDbEntity
  8
Kich thuoc
 62
     2
370
    -2
100
AcDbBlockReference
  2
_Oblique
 10
9188.875636767248
 20
-1135.923327774269
 30
0.0
 41
60.0
 42
60.0
 43
60.0
  0
MTEXT
  5
1B2CCC
330
192258
100
AcDbEntity
  8
Kich thuoc
 62
     4
100
AcDbMText
 10
8928.875636767246
 20
-1055.923327774269
 30
0.0
 40
80.0
 41
0.0
 46
0.0
 71
     5
 72
     1
  1
\A1;520
  7
Kichthuoc
 73
     1
 44
1.0
  0
POINT
  5
1B2CCD
330
192258
100
AcDbEntity
  8
DEFPOINTS
 62
     0
100
AcDbPoint
 10
8668.875636767246
 20
-611.380514328006
 30
0.0
  0
POINT
  5
1B2CCE
330
192258
100
AcDbEntity
  8
DEFPOINTS
 62
     0
100
AcDbPoint
 10
9188.875636767248
 20
-611.380514328006
 30
0.0
  0
POINT
  5
1B2CCF
330
192258
100
AcDbEntity
  8
DEFPOINTS
 62
     0
100
AcDbPoint
 10
9188.875636767248
 20
-1135.923327774269
 30
0.0
  0
ENDBLK
  5
192263
330
192258
100
AcDbEntity
  8
0
100
AcDbBlockEnd
  0
BLOCK
  5
19226F
330
192265
100
AcDbEntity
  8
0
100
AcDbBlockBegin
  2
*D18
 70
     1
 10
0.0
 20
0.0
 30
0.0
  3
*D18
  1

  0
LINE
  5
1B2CBE
330
192265
100
AcDbEntity
  8
Kich thuoc
 62
     2
370
    -2
100
AcDbLine
 10
9188.875636767248
 20
-691.380514328006
 30
0.0
 11
9188.875636767248
 21
-1175.923327774269
 31
0.0
  0
LINE
  5
1B2CBF
330
192265
100
AcDbEntity
  8
Kich thuoc
 62
     2
370
    -2
100
AcDbLine
 10
9708.875636767247
 20
-691.380514328006
 30
0.0
 11
9708.875636767247
 21
-1175.923327774269
 31
0.0
  0
LINE
  5
1B2CC0
330
192265
100
AcDbEntity
  8
Kich thuoc
 62
     2
370
    -2
100
AcDbLine
 10
9148.875636767247
 20
-1135.923327774269
 30
0.0
 11
9748.875636767246
 21
-1135.923327774269
 31
0.0
  0
INSERT
  5
1B2CC1
330
192265
100
AcDbEntity
  8
Kich thuoc
 62
     2
370
    -2
100
AcDbBlockReference
  2
_Oblique
 10
9188.875636767248
 20
-1135.923327774269
 30
0.0
 41
60.0
 42
60.0
 43
60.0
 50
180.0
  0
INSERT
  5
1B2CC2
330
192265
100
AcDbEntity
  8
Kich thuoc
 62
     2
370
    -2
100
AcDbBlockReference
  2
_Oblique
 10
9708.875636767247
 20
-1135.923327774269
 30
0.0
 41
60.0
 42
60.0
 43
60.0
  0
MTEXT
  5
1B2CC3
330
192265
100
AcDbEntity
  8
Kich thuoc
 62
     4
100
AcDbMText
 10
9448.875636767246
 20
-1055.923327774269
 30
0.0
 40
80.0
 41
0.0
 46
0.0
 71
     5
 72
     1
  1
\A1;520
  7
Kichthuoc
 73
     1
 44
1.0
  0
POINT
  5
1B2CC4
330
192265
100
AcDbEntity
  8
DEFPOINTS
 62
     0
100
AcDbPoint
 10
9188.875636767248
 20
-611.380514328006
 30
0.0
  0
POINT
  5
1B2CC5
330
192265
100
AcDbEntity
  8
DEFPOINTS
 62
     0
100
AcDbPoint
 10
9708.875636767247
 20
-611.380514328006
 30
0.0
  0
POINT
  5
1B2CC6
330
192265
100
AcDbEntity
  8
DEFPOINTS
 62
     0
100
AcDbPoint
 10
9708.875636767247
 20
-1135.923327774269
 30
0.0
  0
ENDBLK
  5
192270
330
192265
100
AcDbEntity
  8
0
100
AcDbBlockEnd
  0
BLOCK
  5
19227C
330
192272
100
AcDbEntity
  8
0
100
AcDbBlockBegin
  2
*D19
 70
     1
 10
0.0
 20
0.0
 30
0.0
  3
*D19
  1

  0
LINE
  5
1B2CB5
330
192272
100
AcDbEntity
  8
Kich thuoc
 62
     2
370
    -2
100
AcDbLine
 10
9708.875636767247
 20
-691.380514328006
 30
0.0
 11
9708.875636767247
 21
-1175.923327774269
 31
0.0
  0
LINE
  5
1B2CB6
330
192272
100
AcDbEntity
  8
Kich thuoc
 62
     2
370
    -2
100
AcDbLine
 10
10228.87563676724
 20
-691.380514328006
 30
0.0
 11
10228.87563676724
 21
-1175.923327774269
 31
0.0
  0
LINE
  5
1B2CB7
330
192272
100
AcDbEntity
  8
Kich thuoc
 62
     2
370
    -2
100
AcDbLine
 10
9668.875636767246
 20
-1135.923327774269
 30
0.0
 11
10268.87563676724
 21
-1135.923327774269
 31
0.0
  0
INSERT
  5
1B2CB8
330
192272
100
AcDbEntity
  8
Kich thuoc
 62
     2
370
    -2
100
AcDbBlockReference
  2
_Oblique
 10
9708.875636767247
 20
-1135.923327774269
 30
0.0
 41
60.0
 42
60.0
 43
60.0
 50
180.0
  0
INSERT
  5
1B2CB9
330
192272
100
AcDbEntity
  8
Kich thuoc
 62
     2
370
    -2
100
AcDbBlockReference
  2
_Oblique
 10
10228.87563676724
 20
-1135.923327774269
 30
0.0
 41
60.0
 42
60.0
 43
60.0
  0
MTEXT
  5
1B2CBA
330
192272
100
AcDbEntity
  8
Kich thuoc
 62
     4
100
AcDbMText
 10
9968.875636767247
 20
-1055.923327774269
 30
0.0
 40
80.0
 41
0.0
 46
0.0
 71
     5
 72
     1
  1
\A1;520
  7
Kichthuoc
 73
     1
 44
1.0
  0
POINT
  5
1B2CBB
330
192272
100
AcDbEntity
  8
DEFPOINTS
 62
     0
100
AcDbPoint
 10
9708.875636767247
 20
-611.380514328006
 30
0.0
  0
POINT
  5
1B2CBC
330
192272
100
AcDbEntity
  8
DEFPOINTS
 62
     0
100
AcDbPoint
 10
10228.87563676724
 20
-611.380514328006
 30
0.0
  0
POINT
  5
1B2CBD
330
192272
100
AcDbEntity
  8
DEFPOINTS
 62
     0
100
AcDbPoint
 10
10228.87563676724
 20
-1135.923327774269
 30
0.0
  0
ENDBLK
  5
19227D
330
192272
100
AcDbEntity
  8
0
100
AcDbBlockEnd
  0
BLOCK
  5
192289
330
19227F
100
AcDbEntity
  8
0
100
AcDbBlockBegin
  2
*D20
 70
     1
 10
0.0
 20
0.0
 30
0.0
  3
*D20
  1

  0
LINE
  5
1B2CAC
330
19227F
100
AcDbEntity
  8
Kich thuoc
 62
     2
370
    -2
100
AcDbLine
 10
10228.87563676724
 20
-691.380514328006
 30
0.0
 11
10228.87563676724
 21
-1175.923327774269
 31
0.0
  0
LINE
  5
1B2CAD
330
19227F
100
AcDbEntity
  8
Kich thuoc
 62
     2
370
    -2
100
AcDbLine
 10
10748.87563676724
 20
-691.380514328006
 30
0.0
 11
10748.87563676724
 21
-1175.923327774269
 31
0.0
  0
LINE
  5
1B2CAE
330
19227F
100
AcDbEntity
  8
Kich thuoc
 62
     2
370
    -2
100
AcDbLine
 10
10188.87563676724
 20
-1135.923327774269
 30
0.0
 11
10788.87563676725
 21
-1135.923327774269
 31
0.0
  0
INSERT
  5
1B2CAF
330
19227F
100
AcDbEntity
  8
Kich thuoc
 62
     2
370
    -2
100
AcDbBlockReference
  2
_Oblique
 10
10228.87563676724
 20
-1135.923327774269
 30
0.0
 41
60.0
 42
60.0
 43
60.0
 50
180.0
  0
INSERT
  5
1B2CB0
330
19227F
100
AcDbEntity
  8
Kich thuoc
 62
     2
370
    -2
100
AcDbBlockReference
  2
_Oblique
 10
10748.87563676724
 20
-1135.923327774269
 30
0.0
 41
60.0
 42
60.0
 43
60.0
  0
MTEXT
  5
1B2CB1
330
19227F
100
AcDbEntity
  8
Kich thuoc
 62
     4
100
AcDbMText
 10
10488.87563676724
 20
-1055.923327774269
 30
0.0
 40
80.0
 41
0.0
 46
0.0
 71
     5
 72
     1
  1
\A1;520
  7
Kichthuoc
 73
     1
 44
1.0
  0
POINT
  5
1B2CB2
330
19227F
100
AcDbEntity
  8
DEFPOINTS
 62
     0
100
AcDbPoint
 10
10228.87563676724
 20
-611.380514328006
 30
0.0
  0
POINT
  5
1B2CB3
330
19227F
100
AcDbEntity
  8
DEFPOINTS
 62
     0
100
AcDbPoint
 10
10748.87563676724
 20
-611.380514328006
 30
0.0
  0
POINT
  5
1B2CB4
330
19227F
100
AcDbEntity
  8
DEFPOINTS
 62
     0
100
AcDbPoint
 10
10748.87563676724
 20
-1135.923327774269
 30
0.0
  0
ENDBLK
  5
19228A
330
19227F
100
AcDbEntity
  8
0
100
AcDbBlockEnd
  0
BLOCK
  5
192296
330
19228C
100
AcDbEntity
  8
0
100
AcDbBlockBegin
  2
*D21
 70
     1
 10
0.0
 20
0.0
 30
0.0
  3
*D21
  1

  0
LINE
  5
1B2CA3
330
19228C
100
AcDbEntity
  8
Kich thuoc
 62
     2
370
    -2
100
AcDbLine
 10
10748.87563676724
 20
-691.380514328006
 30
0.0
 11
10748.87563676724
 21
-1175.923327774269
 31
0.0
  0
LINE
  5
1B2CA4
330
19228C
100
AcDbEntity
  8
Kich thuoc
 62
     2
370
    -2
100
AcDbLine
 10
11268.87563676725
 20
-691.380514328006
 30
0.0
 11
11268.87563676725
 21
-1175.923327774269
 31
0.0
  0
LINE
  5
1B2CA5
330
19228C
100
AcDbEntity
  8
Kich thuoc
 62
     2
370
    -2
100
AcDbLine
 10
10708.87563676724
 20
-1135.923327774269
 30
0.0
 11
11308.87563676725
 21
-1135.923327774269
 31
0.0
  0
INSERT
  5
1B2CA6
330
19228C
100
AcDbEntity
  8
Kich thuoc
 62
     2
370
    -2
100
AcDbBlockReference
  2
_Oblique
 10
10748.87563676724
 20
-1135.923327774269
 30
0.0
 41
60.0
 42
60.0
 43
60.0
 50
180.0
  0
INSERT
  5
1B2CA7
330
19228C
100
AcDbEntity
  8
Kich thuoc
 62
     2
370
    -2
100
AcDbBlockReference
  2
_Oblique
 10
11268.87563676725
 20
-1135.923327774269
 30
0.0
 41
60.0
 42
60.0
 43
60.0
  0
MTEXT
  5
1B2CA8
330
19228C
100
AcDbEntity
  8
Kich thuoc
 62
     4
100
AcDbMText
 10
11008.87563676725
 20
-1055.923327774269
 30
0.0
 40
80.0
 41
0.0
 46
0.0
 71
     5
 72
     1
  1
\A1;520
  7
Kichthuoc
 73
     1
 44
1.0
  0
POINT
  5
1B2CA9
330
19228C
100
AcDbEntity
  8
DEFPOINTS
 62
     0
100
AcDbPoint
 10
10748.87563676724
 20
-611.380514328006
 30
0.0
  0
POINT
  5
1B2CAA
330
19228C
100
AcDbEntity
  8
DEFPOINTS
 62
     0
100
AcDbPoint
 10
11268.87563676725
 20
-611.380514328006
 30
0.0
  0
POINT
  5
1B2CAB
330
19228C
100
AcDbEntity
  8
DEFPOINTS
 62
     0
100
AcDbPoint
 10
11268.87563676725
 20
-1135.923327774269
 30
0.0
  0
ENDBLK
  5
192297
330
19228C
100
AcDbEntity
  8
0
100
AcDbBlockEnd
  0
BLOCK
  5
1922A3
330
192299
100
AcDbEntity
  8
0
100
AcDbBlockBegin
  2
*D22
 70
     1
 10
0.0
 20
0.0
 30
0.0
  3
*D22
  1

  0
LINE
  5
1B2C9A
330
192299
100
AcDbEntity
  8
Kich thuoc
 62
     2
370
    -2
100
AcDbLine
 10
11268.87563676725
 20
-691.380514328006
 30
0.0
 11
11268.87563676725
 21
-1175.923327774269
 31
0.0
  0
LINE
  5
1B2C9B
330
192299
100
AcDbEntity
  8
Kich thuoc
 62
     2
370
    -2
100
AcDbLine
 10
11788.87563676724
 20
-691.380514328006
 30
0.0
 11
11788.87563676724
 21
-1175.923327774269
 31
0.0
  0
LINE
  5
1B2C9C
330
192299
100
AcDbEntity
  8
Kich thuoc
 62
     2
370
    -2
100
AcDbLine
 10
11228.87563676725
 20
-1135.923327774269
 30
0.0
 11
11828.87563676724
 21
-1135.923327774269
 31
0.0
  0
INSERT
  5
1B2C9D
330
192299
100
AcDbEntity
  8
Kich thuoc
 62
     2
370
    -2
100
AcDbBlockReference
  2
_Oblique
 10
11268.87563676725
 20
-1135.923327774269
 30
0.0
 41
60.0
 42
60.0
 43
60.0
 50
180.0
  0
INSERT
  5
1B2C9E
330
192299
100
AcDbEntity
  8
Kich thuoc
 62
     2
370
    -2
100
AcDbBlockReference
  2
_Oblique
 10
11788.87563676724
 20
-1135.923327774269
 30
0.0
 41
60.0
 42
60.0
 43
60.0
  0
MTEXT
  5
1B2C9F
330
192299
100
AcDbEntity
  8
Kich thuoc
 62
     4
100
AcDbMText
 10
11528.87563676724
 20
-1055.923327774269
 30
0.0
 40
80.0
 41
0.0
 46
0.0
 71
     5
 72
     1
  1
\A1;520
  7
Kichthuoc
 73
     1
 44
1.0
  0
POINT
  5
1B2CA0
330
192299
100
AcDbEntity
  8
DEFPOINTS
 62
     0
100
AcDbPoint
 10
11268.87563676725
 20
-611.380514328006
 30
0.0
  0
POINT
  5
1B2CA1
330
192299
100
AcDbEntity
  8
DEFPOINTS
 62
     0
100
AcDbPoint
 10
11788.87563676724
 20
-611.380514328006
 30
0.0
  0
POINT
  5
1B2CA2
330
192299
100
AcDbEntity
  8
DEFPOINTS
 62
     0
100
AcDbPoint
 10
11788.87563676724
 20
-1135.923327774269
 30
0.0
  0
ENDBLK
  5
1922A4
330
192299
100
AcDbEntity
  8
0
100
AcDbBlockEnd
  0
BLOCK
  5
1922B0
330
1922A6
100
AcDbEntity
  8
0
100
AcDbBlockBegin
  2
*D23
 70
     1
 10
0.0
 20
0.0
 30
0.0
  3
*D23
  1

  0
LINE
  5
1B2C91
330
1922A6
100
AcDbEntity
  8
Kich thuoc
 62
     2
370
    -2
100
AcDbLine
 10
11788.87563676724
 20
-691.380514328006
 30
0.0
 11
11788.87563676724
 21
-1175.923327774269
 31
0.0
  0
LINE
  5
1B2C92
330
1922A6
100
AcDbEntity
  8
Kich thuoc
 62
     2
370
    -2
100
AcDbLine
 10
12308.87563676724
 20
-691.380514328006
 30
0.0
 11
12308.87563676724
 21
-1175.923327774269
 31
0.0
  0
LINE
  5
1B2C93
330
1922A6
100
AcDbEntity
  8
Kich thuoc
 62
     2
370
    -2
100
AcDbLine
 10
11748.87563676724
 20
-1135.923327774269
 30
0.0
 11
12348.87563676724
 21
-1135.923327774269
 31
0.0
  0
INSERT
  5
1B2C94
330
1922A6
100
AcDbEntity
  8
Kich thuoc
 62
     2
370
    -2
100
AcDbBlockReference
  2
_Oblique
 10
11788.87563676724
 20
-1135.923327774269
 30
0.0
 41
60.0
 42
60.0
 43
60.0
 50
180.0
  0
INSERT
  5
1B2C95
330
1922A6
100
AcDbEntity
  8
Kich thuoc
 62
     2
370
    -2
100
AcDbBlockReference
  2
_Oblique
 10
12308.87563676724
 20
-1135.923327774269
 30
0.0
 41
60.0
 42
60.0
 43
60.0
  0
MTEXT
  5
1B2C96
330
1922A6
100
AcDbEntity
  8
Kich thuoc
 62
     4
100
AcDbMText
 10
12048.87563676724
 20
-1055.923327774269
 30
0.0
 40
80.0
 41
0.0
 46
0.0
 71
     5
 72
     1
  1
\A1;520
  7
Kichthuoc
 73
     1
 44
1.0
  0
POINT
  5
1B2C97
330
1922A6
100
AcDbEntity
  8
DEFPOINTS
 62
     0
100
AcDbPoint
 10
11788.87563676724
 20
-611.380514328006
 30
0.0
  0
POINT
  5
1B2C98
330
1922A6
100
AcDbEntity
  8
DEFPOINTS
 62
     0
100
AcDbPoint
 10
12308.87563676724
 20
-611.380514328006
 30
0.0
  0
POINT
  5
1B2C99
330
1922A6
100
AcDbEntity
  8
DEFPOINTS
 62
     0
100
AcDbPoint
 10
12308.87563676724
 20
-1135.923327774269
 30
0.0
  0
ENDBLK
  5
1922B1
330
1922A6
100
AcDbEntity
  8
0
100
AcDbBlockEnd
  0
BLOCK
  5
1922BD
330
1922B3
100
AcDbEntity
  8
0
100
AcDbBlockBegin
  2
*D24
 70
     1
 10
0.0
 20
0.0
 30
0.0
  3
*D24
  1

  0
LINE
  5
1B2C88
330
1922B3
100
AcDbEntity
  8
Kich thuoc
 62
     2
370
    -2
100
AcDbLine
 10
12308.87563676724
 20
-691.380514328006
 30
0.0
 11
12308.87563676724
 21
-1175.923327774269
 31
0.0
  0
LINE
  5
1B2C89
330
1922B3
100
AcDbEntity
  8
Kich thuoc
 62
     2
370
    -2
100
AcDbLine
 10
12828.87563676724
 20
-691.380514328006
 30
0.0
 11
12828.87563676724
 21
-1175.923327774269
 31
0.0
  0
LINE
  5
1B2C8A
330
1922B3
100
AcDbEntity
  8
Kich thuoc
 62
     2
370
    -2
100
AcDbLine
 10
12268.87563676724
 20
-1135.923327774269
 30
0.0
 11
12868.87563676724
 21
-1135.923327774269
 31
0.0
  0
INSERT
  5
1B2C8B
330
1922B3
100
AcDbEntity
  8
Kich thuoc
 62
     2
370
    -2
100
AcDbBlockReference
  2
_Oblique
 10
12308.87563676724
 20
-1135.923327774269
 30
0.0
 41
60.0
 42
60.0
 43
60.0
 50
180.0
  0
INSERT
  5
1B2C8C
330
1922B3
100
AcDbEntity
  8
Kich thuoc
 62
     2
370
    -2
100
AcDbBlockReference
  2
_Oblique
 10
12828.87563676724
 20
-1135.923327774269
 30
0.0
 41
60.0
 42
60.0
 43
60.0
  0
MTEXT
  5
1B2C8D
330
1922B3
100
AcDbEntity
  8
Kich thuoc
 62
     4
100
AcDbMText
 10
12568.87563676724
 20
-1055.923327774269
 30
0.0
 40
80.0
 41
0.0
 46
0.0
 71
     5
 72
     1
  1
\A1;520
  7
Kichthuoc
 73
     1
 44
1.0
  0
POINT
  5
1B2C8E
330
1922B3
100
AcDbEntity
  8
DEFPOINTS
 62
     0
100
AcDbPoint
 10
12308.87563676724
 20
-611.380514328006
 30
0.0
  0
POINT
  5
1B2C8F
330
1922B3
100
AcDbEntity
  8
DEFPOINTS
 62
     0
100
AcDbPoint
 10
12828.87563676724
 20
-611.380514328006
 30
0.0
  0
POINT
  5
1B2C90
330
1922B3
100
AcDbEntity
  8
DEFPOINTS
 62
     0
100
AcDbPoint
 10
12828.87563676724
 20
-1135.923327774269
 30
0.0
  0
ENDBLK
  5
1922BE
330
1922B3
100
AcDbEntity
  8
0
100
AcDbBlockEnd
  0
BLOCK
  5
1922CC
330
1922C0
100
AcDbEntity
  8
0
100
AcDbBlockBegin
  2
*D25
 70
     1
 10
0.0
 20
0.0
 30
0.0
  3
*D25
  1

  0
LINE
  5
1B2C7D
330
1922C0
100
AcDbEntity
  8
Kich thuoc
 62
     2
370
    -2
100
AcDbLine
 10
12828.87563676724
 20
-691.380514328006
 30
0.0
 11
12828.87563676724
 21
-1175.923327774269
 31
0.0
  0
LINE
  5
1B2C7E
330
1922C0
100
AcDbEntity
  8
Kich thuoc
 62
     2
370
    -2
100
AcDbLine
 10
12987.87563676711
 20
-691.380514328006
 30
0.0
 11
12987.87563676711
 21
-1175.923327774269
 31
0.0
  0
LINE
  5
1B2C7F
330
1922C0
100
AcDbEntity
  8
Kich thuoc
 62
     2
370
    -2
100
AcDbLine
 10
12828.87563676724
 20
-1135.923327774269
 30
0.0
 11
12768.87563676724
 21
-1135.923327774269
 31
0.0
  0
LINE
  5
1B2C80
330
1922C0
100
AcDbEntity
  8
Kich thuoc
 62
     2
370
    -2
100
AcDbLine
 10
12987.87563676711
 20
-1135.923327774269
 30
0.0
 11
13047.87563676711
 21
-1135.923327774269
 31
0.0
  0
LINE
  5
1B2C81
330
1922C0
100
AcDbEntity
  8
Kich thuoc
 62
     2
370
    -2
100
AcDbLine
 10
12828.87563676724
 20
-1135.923327774269
 30
0.0
 11
12987.87563676711
 21
-1135.923327774269
 31
0.0
  0
INSERT
  5
1B2C82
330
1922C0
100
AcDbEntity
  8
Kich thuoc
 62
     2
370
    -2
100
AcDbBlockReference
  2
_Oblique
 10
12828.87563676724
 20
-1135.923327774269
 30
0.0
 41
60.0
 42
60.0
 43
60.0
  0
INSERT
  5
1B2C83
330
1922C0
100
AcDbEntity
  8
Kich thuoc
 62
     2
370
    -2
100
AcDbBlockReference
  2
_Oblique
 10
12987.87563676711
 20
-1135.923327774269
 30
0.0
 41
60.0
 42
60.0
 43
60.0
 50
180.0
  0
MTEXT
  5
1B2C84
330
1922C0
100
AcDbEntity
  8
Kich thuoc
 62
     4
100
AcDbMText
 10
12908.37563676718
 20
-1055.923327774269
 30
0.0
 40
80.0
 41
0.0
 46
0.0
 71
     5
 72
     1
  1
\A1;159
  7
Kichthuoc
 73
     1
 44
1.0
  0
POINT
  5
1B2C85
330
1922C0
100
AcDbEntity
  8
DEFPOINTS
 62
     0
100
AcDbPoint
 10
12828.87563676724
 20
-611.380514328006
 30
0.0
  0
POINT
  5
1B2C86
330
1922C0
100
AcDbEntity
  8
DEFPOINTS
 62
     0
100
AcDbPoint
 10
12987.87563676711
 20
-611.380514328006
 30
0.0
  0
POINT
  5
1B2C87
330
1922C0
100
AcDbEntity
  8
DEFPOINTS
 62
     0
100
AcDbPoint
 10
12987.87563676711
 20
-1135.923327774269
 30
0.0
  0
ENDBLK
  5
1922CD
330
1922C0
100
AcDbEntity
  8
0
100
AcDbBlockEnd
  0
BLOCK
  5
193111
330
193107
100
AcDbEntity
  8
0
100
AcDbBlockBegin
  2
*D26
 70
     1
 10
0.0
 20
0.0
 30
0.0
  3
*D26
  1

  0
LINE
  5
1B30EB
330
193107
100
AcDbEntity
  8
Kich thuoc
 62
     2
370
    -2
100
AcDbLine
 10
12987.87563676711
 20
-691.380514328006
 30
0.0
 11
12987.87563676711
 21
-1475.923327774269
 31
0.0
  0
LINE
  5
1B30EC
330
193107
100
AcDbEntity
  8
Kich thuoc
 62
     2
370
    -2
100
AcDbLine
 10
7988.87563676713
 20
-691.380514328006
 30
0.0
 11
7988.87563676713
 21
-1475.923327774269
 31
0.0
  0
LINE
  5
1B30ED
330
193107
100
AcDbEntity
  8
Kich thuoc
 62
     2
370
    -2
100
AcDbLine
 10
13027.87563676711
 20
-1435.923327774269
 30
0.0
 11
7948.87563676713
 21
-1435.923327774269
 31
0.0
  0
INSERT
  5
1B30EE
330
193107
100
AcDbEntity
  8
Kich thuoc
 62
     2
370
    -2
100
AcDbBlockReference
  2
_Oblique
 10
12987.87563676711
 20
-1435.923327774269
 30
0.0
 41
60.0
 42
60.0
 43
60.0
  0
INSERT
  5
1B30EF
330
193107
100
AcDbEntity
  8
Kich thuoc
 62
     2
370
    -2
100
AcDbBlockReference
  2
_Oblique
 10
7988.87563676713
 20
-1435.923327774269
 30
0.0
 41
60.0
 42
60.0
 43
60.0
 50
180.0
  0
MTEXT
  5
1B30F0
330
193107
100
AcDbEntity
  8
Kich thuoc
 62
     4
100
AcDbMText
 10
10488.37563676712
 20
-1331.161423012365
 30
0.0
 40
80.0
 41
0.0
 46
0.0
 71
     5
 72
     1
  1
\A1;{\Fvnsimpleh|c0;\W0.65;ph©n ®o¹n (section) 1:\W0.6;4999}
  7
Kichthuoc
 73
     1
 44
1.0
  0
POINT
  5
1B30F1
330
193107
100
AcDbEntity
  8
DEFPOINTS
 62
     0
100
AcDbPoint
 10
12987.87563676711
 20
-611.380514328006
 30
0.0
  0
POINT
  5
1B30F2
330
193107
100
AcDbEntity
  8
DEFPOINTS
 62
     0
100
AcDbPoint
 10
7988.87563676713
 20
-611.380514328006
 30
0.0
  0
POINT
  5
1B30F3
330
193107
100
AcDbEntity
  8
DEFPOINTS
 62
     0
100
AcDbPoint
 10
7988.87563676713
 20
-1435.923327774269
 30
0.0
  0
ENDBLK
  5
193112
330
193107
100
AcDbEntity
  8
0
100
AcDbBlockEnd
  0
BLOCK
  5
1931D6
330
1931CA
100
AcDbEntity
  8
0
100
AcDbBlockBegin
  2
*D27
 70
     1
 10
0.0
 20
0.0
 30
0.0
  3
*D27
  1

  0
LINE
  5
1B2C69
330
1931CA
100
AcDbEntity
  8
Kich thuoc
 62
     2
370
    -2
100
AcDbLine
 10
7988.87563676713
 20
-691.380514328006
 30
0.0
 11
7988.87563676713
 21
-1475.923327774269
 31
0.0
  0
LINE
  5
1B2C6A
330
1931CA
100
AcDbEntity
  8
Kich thuoc
 62
     2
370
    -2
100
AcDbLine
 10
7986.875636767233
 20
-691.380514328006
 30
0.0
 11
7986.875636767233
 21
-1475.923327774269
 31
0.0
  0
LINE
  5
1B2C6B
330
1931CA
100
AcDbEntity
  8
Kich thuoc
 62
     2
370
    -2
100
AcDbLine
 10
7988.87563676713
 20
-1435.923327774269
 30
0.0
 11
8048.87563676713
 21
-1435.923327774269
 31
0.0
  0
LINE
  5
1B2C6C
330
1931CA
100
AcDbEntity
  8
Kich thuoc
 62
     2
370
    -2
100
AcDbLine
 10
7986.875636767233
 20
-1435.923327774269
 30
0.0
 11
7926.875636767234
 21
-1435.923327774269
 31
0.0
  0
LINE
  5
1B2C6D
330
1931CA
100
AcDbEntity
  8
Kich thuoc
 62
     2
370
    -2
100
AcDbLine
 10
7988.87563676713
 20
-1435.923327774269
 30
0.0
 11
7986.875636767233
 21
-1435.923327774269
 31
0.0
  0
INSERT
  5
1B2C6E
330
1931CA
100
AcDbEntity
  8
Kich thuoc
 62
     2
370
    -2
100
AcDbBlockReference
  2
_Oblique
 10
7988.87563676713
 20
-1435.923327774269
 30
0.0
 41
60.0
 42
60.0
 43
60.0
 50
180.0
  0
INSERT
  5
1B2C6F
330
1931CA
100
AcDbEntity
  8
Kich thuoc
 62
     2
370
    -2
100
AcDbBlockReference
  2
_Oblique
 10
7986.875636767233
 20
-1435.923327774269
 30
0.0
 41
60.0
 42
60.0
 43
60.0
  0
MTEXT
  5
1B2C70
330
1931CA
100
AcDbEntity
  8
Kich thuoc
 62
     4
100
AcDbMText
 10
7987.875636767181
 20
-1355.923327774269
 30
0.0
 40
80.0
 41
0.0
 46
0.0
 71
     5
 72
     1
  1
\A1;2
  7
Kichthuoc
 73
     1
 44
1.0
  0
POINT
  5
1B2C71
330
1931CA
100
AcDbEntity
  8
DEFPOINTS
 62
     0
100
AcDbPoint
 10
7988.87563676713
 20
-611.380514328006
 30
0.0
  0
POINT
  5
1B2C72
330
1931CA
100
AcDbEntity
  8
DEFPOINTS
 62
     0
100
AcDbPoint
 10
7986.875636767233
 20
-611.380514328006
 30
0.0
  0
POINT
  5
1B2C73
330
1931CA
100
AcDbEntity
  8
DEFPOINTS
 62
     0
100
AcDbPoint
 10
7986.875636767233
 20
-1435.923327774269
 30
0.0
  0
ENDBLK
  5
1931D7
330
1931CA
100
AcDbEntity
  8
0
100
AcDbBlockEnd
  0
BLOCK
  5
1931E3
330
1931D9
100
AcDbEntity
  8
0
100
AcDbBlockBegin
  2
*D28
 70
     1
 10
0.0
 20
0.0
 30
0.0
  3
*D28
  1

  0
LINE
  5
1B2C60
330
1931D9
100
AcDbEntity
  8
Kich thuoc
 62
     2
370
    -2
100
AcDbLine
 10
7986.875636767233
 20
-691.380514328006
 30
0.0
 11
7986.875636767233
 21
-1475.923327774269
 31
0.0
  0
LINE
  5
1B2C61
330
1931D9
100
AcDbEntity
  8
Kich thuoc
 62
     2
370
    -2
100
AcDbLine
 10
2986.875636767232
 20
-691.380514328006
 30
0.0
 11
2986.875636767232
 21
-1475.923327774269
 31
0.0
  0
LINE
  5
1B2C62
330
1931D9
100
AcDbEntity
  8
Kich thuoc
 62
     2
370
    -2
100
AcDbLine
 10
8026.875636767234
 20
-1435.923327774269
 30
0.0
 11
2946.875636767233
 21
-1435.923327774269
 31
0.0
  0
INSERT
  5
1B2C63
330
1931D9
100
AcDbEntity
  8
Kich thuoc
 62
     2
370
    -2
100
AcDbBlockReference
  2
_Oblique
 10
7986.875636767233
 20
-1435.923327774269
 30
0.0
 41
60.0
 42
60.0
 43
60.0
  0
INSERT
  5
1B2C64
330
1931D9
100
AcDbEntity
  8
Kich thuoc
 62
     2
370
    -2
100
AcDbBlockReference
  2
_Oblique
 10
2986.875636767232
 20
-1435.923327774269
 30
0.0
 41
60.0
 42
60.0
 43
60.0
 50
180.0
  0
MTEXT
  5
1B2C65
330
1931D9
100
AcDbEntity
  8
Kich thuoc
 62
     4
100
AcDbMText
 10
5486.875636767233
 20
-1355.923327774269
 30
0.0
 40
80.0
 41
0.0
 46
0.0
 71
     5
 72
     1
  1
\A1;5000
  7
Kichthuoc
 73
     1
 44
1.0
  0
POINT
  5
1B2C66
330
1931D9
100
AcDbEntity
  8
DEFPOINTS
 62
     0
100
AcDbPoint
 10
7986.875636767233
 20
-611.380514328006
 30
0.0
  0
POINT
  5
1B2C67
330
1931D9
100
AcDbEntity
  8
DEFPOINTS
 62
     0
100
AcDbPoint
 10
2986.875636767232
 20
-611.380514328006
 30
0.0
  0
POINT
  5
1B2C68
330
1931D9
100
AcDbEntity
  8
DEFPOINTS
 62
     0
100
AcDbPoint
 10
2986.875636767232
 20
-1435.923327774269
 30
0.0
  0
ENDBLK
  5
1931E4
330
1931D9
100
AcDbEntity
  8
0
100
AcDbBlockEnd
  0
BLOCK
  5
194D0A
330
194D00
100
AcDbEntity
  8
0
100
AcDbBlockBegin
  2
*D29
 70
     1
 10
0.0
 20
0.0
 30
0.0
  3
*D29
  1

  0
LINE
  5
1B2C57
330
194D00
100
AcDbEntity
  8
Kich thuoc
 62
     2
370
    -2
100
AcDbLine
 10
2986.875636767225
 20
3315.168298485398
 30
0.0
 11
2986.875636767225
 21
3541.335447867163
 31
0.0
  0
LINE
  5
1B2C58
330
194D00
100
AcDbEntity
  8
Kich thuoc
 62
     2
370
    -2
100
AcDbLine
 10
3311.875636767124
 20
3315.168298485398
 30
0.0
 11
3311.875636767124
 21
3541.335447867163
 31
0.0
  0
LINE
  5
1B2C59
330
194D00
100
AcDbEntity
  8
Kich thuoc
 62
     2
370
    -2
100
AcDbLine
 10
2946.875636767225
 20
3501.335447867163
 30
0.0
 11
3351.875636767124
 21
3501.335447867163
 31
0.0
  0
INSERT
  5
1B2C5A
330
194D00
100
AcDbEntity
  8
Kich thuoc
 62
     2
370
    -2
100
AcDbBlockReference
  2
_Oblique
 10
2986.875636767225
 20
3501.335447867163
 30
0.0
 41
60.0
 42
60.0
 43
60.0
 50
180.0
  0
INSERT
  5
1B2C5B
330
194D00
100
AcDbEntity
  8
Kich thuoc
 62
     2
370
    -2
100
AcDbBlockReference
  2
_Oblique
 10
3311.875636767124
 20
3501.335447867163
 30
0.0
 41
60.0
 42
60.0
 43
60.0
  0
MTEXT
  5
1B2C5C
330
194D00
100
AcDbEntity
  8
Kich thuoc
 62
     4
100
AcDbMText
 10
3149.375636767174
 20
3581.335447867163
 30
0.0
 40
80.0
 41
0.0
 46
0.0
 71
     5
 72
     1
  1
\A1;325
  7
Kichthuoc
 73
     1
 44
1.0
  0
POINT
  5
1B2C5D
330
194D00
100
AcDbEntity
  8
DEFPOINTS
 62
     0
100
AcDbPoint
 10
2986.875636767225
 20
3235.168298485398
 30
0.0
  0
POINT
  5
1B2C5E
330
194D00
100
AcDbEntity
  8
DEFPOINTS
 62
     0
100
AcDbPoint
 10
3311.875636767124
 20
3235.168298485398
 30
0.0
  0
POINT
  5
1B2C5F
330
194D00
100
AcDbEntity
  8
DEFPOINTS
 62
     0
100
AcDbPoint
 10
3311.875636767124
 20
3501.335447867163
 30
0.0
  0
ENDBLK
  5
194D0B
330
194D00
100
AcDbEntity
  8
0
100
AcDbBlockEnd
  0
BLOCK
  5
194D17
330
194D0D
100
AcDbEntity
  8
0
100
AcDbBlockBegin
  2
*D30
 70
     1
 10
0.0
 20
0.0
 30
0.0
  3
*D30
  1

  0
LINE
  5
1B2C4E
330
194D0D
100
AcDbEntity
  8
Kich thuoc
 62
     2
370
    -2
100
AcDbLine
 10
3311.875636767124
 20
3315.168298485398
 30
0.0
 11
3311.875636767124
 21
3541.335447867163
 31
0.0
  0
LINE
  5
1B2C4F
330
194D0D
100
AcDbEntity
  8
Kich thuoc
 62
     2
370
    -2
100
AcDbLine
 10
3911.875636767095
 20
3315.168298485398
 30
0.0
 11
3911.875636767095
 21
3541.335447867163
 31
0.0
  0
LINE
  5
1B2C50
330
194D0D
100
AcDbEntity
  8
Kich thuoc
 62
     2
370
    -2
100
AcDbLine
 10
3271.875636767124
 20
3501.335447867163
 30
0.0
 11
3951.875636767095
 21
3501.335447867163
 31
0.0
  0
INSERT
  5
1B2C51
330
194D0D
100
AcDbEntity
  8
Kich thuoc
 62
     2
370
    -2
100
AcDbBlockReference
  2
_Oblique
 10
3311.875636767124
 20
3501.335447867163
 30
0.0
 41
60.0
 42
60.0
 43
60.0
 50
180.0
  0
INSERT
  5
1B2C52
330
194D0D
100
AcDbEntity
  8
Kich thuoc
 62
     2
370
    -2
100
AcDbBlockReference
  2
_Oblique
 10
3911.875636767095
 20
3501.335447867163
 30
0.0
 41
60.0
 42
60.0
 43
60.0
  0
MTEXT
  5
1B2C53
330
194D0D
100
AcDbEntity
  8
Kich thuoc
 62
     4
100
AcDbMText
 10
3611.875636767109
 20
3581.335447867163
 30
0.0
 40
80.0
 41
0.0
 46
0.0
 71
     5
 72
     1
  1
\A1;600
  7
Kichthuoc
 73
     1
 44
1.0
  0
POINT
  5
1B2C54
330
194D0D
100
AcDbEntity
  8
DEFPOINTS
 62
     0
100
AcDbPoint
 10
3311.875636767124
 20
3235.168298485398
 30
0.0
  0
POINT
  5
1B2C55
330
194D0D
100
AcDbEntity
  8
DEFPOINTS
 62
     0
100
AcDbPoint
 10
3911.875636767095
 20
3235.168298485398
 30
0.0
  0
POINT
  5
1B2C56
330
194D0D
100
AcDbEntity
  8
DEFPOINTS
 62
     0
100
AcDbPoint
 10
3911.875636767095
 20
3501.335447867163
 30
0.0
  0
ENDBLK
  5
194D18
330
194D0D
100
AcDbEntity
  8
0
100
AcDbBlockEnd
  0
BLOCK
  5
194D24
330
194D1A
100
AcDbEntity
  8
0
100
AcDbBlockBegin
  2
*D31
 70
     1
 10
0.0
 20
0.0
 30
0.0
  3
*D31
  1

  0
LINE
  5
1B2C45
330
194D1A
100
AcDbEntity
  8
Kich thuoc
 62
     2
370
    -2
100
AcDbLine
 10
3911.875636767095
 20
3315.168298485398
 30
0.0
 11
3911.875636767095
 21
3541.335447867163
 31
0.0
  0
LINE
  5
1B2C46
330
194D1A
100
AcDbEntity
  8
Kich thuoc
 62
     2
370
    -2
100
AcDbLine
 10
4511.875636767109
 20
3315.168298485398
 30
0.0
 11
4511.875636767109
 21
3541.335447867163
 31
0.0
  0
LINE
  5
1B2C47
330
194D1A
100
AcDbEntity
  8
Kich thuoc
 62
     2
370
    -2
100
AcDbLine
 10
3871.875636767094
 20
3501.335447867163
 30
0.0
 11
4551.875636767109
 21
3501.335447867163
 31
0.0
  0
INSERT
  5
1B2C48
330
194D1A
100
AcDbEntity
  8
Kich thuoc
 62
     2
370
    -2
100
AcDbBlockReference
  2
_Oblique
 10
3911.875636767095
 20
3501.335447867163
 30
0.0
 41
60.0
 42
60.0
 43
60.0
 50
180.0
  0
INSERT
  5
1B2C49
330
194D1A
100
AcDbEntity
  8
Kich thuoc
 62
     2
370
    -2
100
AcDbBlockReference
  2
_Oblique
 10
4511.875636767109
 20
3501.335447867163
 30
0.0
 41
60.0
 42
60.0
 43
60.0
  0
MTEXT
  5
1B2C4A
330
194D1A
100
AcDbEntity
  8
Kich thuoc
 62
     4
100
AcDbMText
 10
4211.875636767101
 20
3581.335447867163
 30
0.0
 40
80.0
 41
0.0
 46
0.0
 71
     5
 72
     1
  1
\A1;600
  7
Kichthuoc
 73
     1
 44
1.0
  0
POINT
  5
1B2C4B
330
194D1A
100
AcDbEntity
  8
DEFPOINTS
 62
     0
100
AcDbPoint
 10
3911.875636767095
 20
3235.168298485398
 30
0.0
  0
POINT
  5
1B2C4C
330
194D1A
100
AcDbEntity
  8
DEFPOINTS
 62
     0
100
AcDbPoint
 10
4511.875636767109
 20
3235.168298485398
 30
0.0
  0
POINT
  5
1B2C4D
330
194D1A
100
AcDbEntity
  8
DEFPOINTS
 62
     0
100
AcDbPoint
 10
4511.875636767109
 20
3501.335447867163
 30
0.0
  0
ENDBLK
  5
194D25
330
194D1A
100
AcDbEntity
  8
0
100
AcDbBlockEnd
  0
BLOCK
  5
194D31
330
194D27
100
AcDbEntity
  8
0
100
AcDbBlockBegin
  2
*D32
 70
     1
 10
0.0
 20
0.0
 30
0.0
  3
*D32
  1

  0
LINE
  5
1B2C3C
330
194D27
100
AcDbEntity
  8
Kich thuoc
 62
     2
370
    -2
100
AcDbLine
 10
4511.875636767109
 20
3315.168298485398
 30
0.0
 11
4511.875636767109
 21
3541.335447867163
 31
0.0
  0
LINE
  5
1B2C3D
330
194D27
100
AcDbEntity
  8
Kich thuoc
 62
     2
370
    -2
100
AcDbLine
 10
5111.875636767138
 20
3315.168298485398
 30
0.0
 11
5111.875636767138
 21
3541.335447867163
 31
0.0
  0
LINE
  5
1B2C3E
330
194D27
100
AcDbEntity
  8
Kich thuoc
 62
     2
370
    -2
100
AcDbLine
 10
4471.875636767108
 20
3501.335447867163
 30
0.0
 11
5151.875636767138
 21
3501.335447867163
 31
0.0
  0
INSERT
  5
1B2C3F
330
194D27
100
AcDbEntity
  8
Kich thuoc
 62
     2
370
    -2
100
AcDbBlockReference
  2
_Oblique
 10
4511.875636767109
 20
3501.335447867163
 30
0.0
 41
60.0
 42
60.0
 43
60.0
 50
180.0
  0
INSERT
  5
1B2C40
330
194D27
100
AcDbEntity
  8
Kich thuoc
 62
     2
370
    -2
100
AcDbBlockReference
  2
_Oblique
 10
5111.875636767138
 20
3501.335447867163
 30
0.0
 41
60.0
 42
60.0
 43
60.0
  0
MTEXT
  5
1B2C41
330
194D27
100
AcDbEntity
  8
Kich thuoc
 62
     4
100
AcDbMText
 10
4811.875636767123
 20
3581.335447867163
 30
0.0
 40
80.0
 41
0.0
 46
0.0
 71
     5
 72
     1
  1
\A1;600
  7
Kichthuoc
 73
     1
 44
1.0
  0
POINT
  5
1B2C42
330
194D27
100
AcDbEntity
  8
DEFPOINTS
 62
     0
100
AcDbPoint
 10
4511.875636767109
 20
3235.168298485398
 30
0.0
  0
POINT
  5
1B2C43
330
194D27
100
AcDbEntity
  8
DEFPOINTS
 62
     0
100
AcDbPoint
 10
5111.875636767138
 20
3235.168298485398
 30
0.0
  0
POINT
  5
1B2C44
330
194D27
100
AcDbEntity
  8
DEFPOINTS
 62
     0
100
AcDbPoint
 10
5111.875636767138
 20
3501.335447867163
 30
0.0
  0
ENDBLK
  5
194D32
330
194D27
100
AcDbEntity
  8
0
100
AcDbBlockEnd
  0
BLOCK
  5
194D3E
330
194D34
100
AcDbEntity
  8
0
100
AcDbBlockBegin
  2
*D33
 70
     1
 10
0.0
 20
0.0
 30
0.0
  3
*D33
  1

  0
LINE
  5
1B2C33
330
194D34
100
AcDbEntity
  8
Kich thuoc
 62
     2
370
    -2
100
AcDbLine
 10
5111.875636767138
 20
3315.168298485398
 30
0.0
 11
5111.875636767138
 21
3541.335447867163
 31
0.0
  0
LINE
  5
1B2C34
330
194D34
100
AcDbEntity
  8
Kich thuoc
 62
     2
370
    -2
100
AcDbLine
 10
5711.875636767152
 20
3315.168298485398
 30
0.0
 11
5711.875636767152
 21
3541.335447867163
 31
0.0
  0
LINE
  5
1B2C35
330
194D34
100
AcDbEntity
  8
Kich thuoc
 62
     2
370
    -2
100
AcDbLine
 10
5071.875636767138
 20
3501.335447867163
 30
0.0
 11
5751.875636767152
 21
3501.335447867163
 31
0.0
  0
INSERT
  5
1B2C36
330
194D34
100
AcDbEntity
  8
Kich thuoc
 62
     2
370
    -2
100
AcDbBlockReference
  2
_Oblique
 10
5111.875636767138
 20
3501.335447867163
 30
0.0
 41
60.0
 42
60.0
 43
60.0
 50
180.0
  0
INSERT
  5
1B2C37
330
194D34
100
AcDbEntity
  8
Kich thuoc
 62
     2
370
    -2
100
AcDbBlockReference
  2
_Oblique
 10
5711.875636767152
 20
3501.335447867163
 30
0.0
 41
60.0
 42
60.0
 43
60.0
  0
MTEXT
  5
1B2C38
330
194D34
100
AcDbEntity
  8
Kich thuoc
 62
     4
100
AcDbMText
 10
5411.875636767145
 20
3581.335447867163
 30
0.0
 40
80.0
 41
0.0
 46
0.0
 71
     5
 72
     1
  1
\A1;600
  7
Kichthuoc
 73
     1
 44
1.0
  0
POINT
  5
1B2C39
330
194D34
100
AcDbEntity
  8
DEFPOINTS
 62
     0
100
AcDbPoint
 10
5111.875636767138
 20
3235.168298485398
 30
0.0
  0
POINT
  5
1B2C3A
330
194D34
100
AcDbEntity
  8
DEFPOINTS
 62
     0
100
AcDbPoint
 10
5711.875636767152
 20
3235.168298485398
 30
0.0
  0
POINT
  5
1B2C3B
330
194D34
100
AcDbEntity
  8
DEFPOINTS
 62
     0
100
AcDbPoint
 10
5711.875636767152
 20
3501.335447867163
 30
0.0
  0
ENDBLK
  5
194D3F
330
194D34
100
AcDbEntity
  8
0
100
AcDbBlockEnd
  0
BLOCK
  5
194D4B
330
194D41
100
AcDbEntity
  8
0
100
AcDbBlockBegin
  2
*D34
 70
     1
 10
0.0
 20
0.0
 30
0.0
  3
*D34
  1

  0
LINE
  5
1B2C2A
330
194D41
100
AcDbEntity
  8
Kich thuoc
 62
     2
370
    -2
100
AcDbLine
 10
5711.875636767152
 20
3315.168298485398
 30
0.0
 11
5711.875636767152
 21
3541.335447867163
 31
0.0
  0
LINE
  5
1B2C2B
330
194D41
100
AcDbEntity
  8
Kich thuoc
 62
     2
370
    -2
100
AcDbLine
 10
6236.875636935693
 20
3315.168298485398
 30
0.0
 11
6236.875636935693
 21
3541.335447867163
 31
0.0
  0
LINE
  5
1B2C2C
330
194D41
100
AcDbEntity
  8
Kich thuoc
 62
     2
370
    -2
100
AcDbLine
 10
5671.875636767152
 20
3501.335447867163
 30
0.0
 11
6276.875636935693
 21
3501.335447867163
 31
0.0
  0
INSERT
  5
1B2C2D
330
194D41
100
AcDbEntity
  8
Kich thuoc
 62
     2
370
    -2
100
AcDbBlockReference
  2
_Oblique
 10
5711.875636767152
 20
3501.335447867163
 30
0.0
 41
60.0
 42
60.0
 43
60.0
 50
180.0
  0
INSERT
  5
1B2C2E
330
194D41
100
AcDbEntity
  8
Kich thuoc
 62
     2
370
    -2
100
AcDbBlockReference
  2
_Oblique
 10
6236.875636935693
 20
3501.335447867163
 30
0.0
 41
60.0
 42
60.0
 43
60.0
  0
MTEXT
  5
1B2C2F
330
194D41
100
AcDbEntity
  8
Kich thuoc
 62
     4
100
AcDbMText
 10
5974.375636851423
 20
3581.335447867163
 30
0.0
 40
80.0
 41
0.0
 46
0.0
 71
     5
 72
     1
  1
\A1;525
  7
Kichthuoc
 73
     1
 44
1.0
  0
POINT
  5
1B2C30
330
194D41
100
AcDbEntity
  8
DEFPOINTS
 62
     0
100
AcDbPoint
 10
5711.875636767152
 20
3235.168298485398
 30
0.0
  0
POINT
  5
1B2C31
330
194D41
100
AcDbEntity
  8
DEFPOINTS
 62
     0
100
AcDbPoint
 10
6236.875636935693
 20
3235.168298485398
 30
0.0
  0
POINT
  5
1B2C32
330
194D41
100
AcDbEntity
  8
DEFPOINTS
 62
     0
100
AcDbPoint
 10
6236.875636935693
 20
3501.335447867163
 30
0.0
  0
ENDBLK
  5
194D4C
330
194D41
100
AcDbEntity
  8
0
100
AcDbBlockEnd
  0
BLOCK
  5
194D58
330
194D4E
100
AcDbEntity
  8
0
100
AcDbBlockBegin
  2
*D35
 70
     1
 10
0.0
 20
0.0
 30
0.0
  3
*D35
  1

  0
LINE
  5
1B2C21
330
194D4E
100
AcDbEntity
  8
Kich thuoc
 62
     2
370
    -2
100
AcDbLine
 10
6236.875636935693
 20
3315.168298485398
 30
0.0
 11
6236.875636935693
 21
3541.335447867163
 31
0.0
  0
LINE
  5
1B2C22
330
194D4E
100
AcDbEntity
  8
Kich thuoc
 62
     2
370
    -2
100
AcDbLine
 10
6761.875636935766
 20
3315.168298485398
 30
0.0
 11
6761.875636935766
 21
3541.335447867163
 31
0.0
  0
LINE
  5
1B2C23
330
194D4E
100
AcDbEntity
  8
Kich thuoc
 62
     2
370
    -2
100
AcDbLine
 10
6196.875636935692
 20
3501.335447867163
 30
0.0
 11
6801.875636935765
 21
3501.335447867163
 31
0.0
  0
INSERT
  5
1B2C24
330
194D4E
100
AcDbEntity
  8
Kich thuoc
 62
     2
370
    -2
100
AcDbBlockReference
  2
_Oblique
 10
6236.875636935693
 20
3501.335447867163
 30
0.0
 41
60.0
 42
60.0
 43
60.0
 50
180.0
  0
INSERT
  5
1B2C25
330
194D4E
100
AcDbEntity
  8
Kich thuoc
 62
     2
370
    -2
100
AcDbBlockReference
  2
_Oblique
 10
6761.875636935766
 20
3501.335447867163
 30
0.0
 41
60.0
 42
60.0
 43
60.0
  0
MTEXT
  5
1B2C26
330
194D4E
100
AcDbEntity
  8
Kich thuoc
 62
     4
100
AcDbMText
 10
6499.375636935728
 20
3581.335447867163
 30
0.0
 40
80.0
 41
0.0
 46
0.0
 71
     5
 72
     1
  1
\A1;525
  7
Kichthuoc
 73
     1
 44
1.0
  0
POINT
  5
1B2C27
330
194D4E
100
AcDbEntity
  8
DEFPOINTS
 62
     0
100
AcDbPoint
 10
6236.875636935693
 20
3235.168298485398
 30
0.0
  0
POINT
  5
1B2C28
330
194D4E
100
AcDbEntity
  8
DEFPOINTS
 62
     0
100
AcDbPoint
 10
6761.875636935766
 20
3235.168298485398
 30
0.0
  0
POINT
  5
1B2C29
330
194D4E
100
AcDbEntity
  8
DEFPOINTS
 62
     0
100
AcDbPoint
 10
6761.875636935766
 20
3501.335447867163
 30
0.0
  0
ENDBLK
  5
194D59
330
194D4E
100
AcDbEntity
  8
0
100
AcDbBlockEnd
  0
BLOCK
  5
194D65
330
194D5B
100
AcDbEntity
  8
0
100
AcDbBlockBegin
  2
*D36
 70
     1
 10
0.0
 20
0.0
 30
0.0
  3
*D36
  1

  0
LINE
  5
1B2C18
330
194D5B
100
AcDbEntity
  8
Kich thuoc
 62
     2
370
    -2
100
AcDbLine
 10
6761.875636935766
 20
3315.168298485398
 30
0.0
 11
6761.875636935766
 21
3541.335447867163
 31
0.0
  0
LINE
  5
1B2C19
330
194D5B
100
AcDbEntity
  8
Kich thuoc
 62
     2
370
    -2
100
AcDbLine
 10
7286.875636935693
 20
3315.168298485398
 30
0.0
 11
7286.875636935693
 21
3541.335447867163
 31
0.0
  0
LINE
  5
1B2C1A
330
194D5B
100
AcDbEntity
  8
Kich thuoc
 62
     2
370
    -2
100
AcDbLine
 10
6721.875636935765
 20
3501.335447867163
 30
0.0
 11
7326.875636935692
 21
3501.335447867163
 31
0.0
  0
INSERT
  5
1B2C1B
330
194D5B
100
AcDbEntity
  8
Kich thuoc
 62
     2
370
    -2
100
AcDbBlockReference
  2
_Oblique
 10
6761.875636935766
 20
3501.335447867163
 30
0.0
 41
60.0
 42
60.0
 43
60.0
 50
180.0
  0
INSERT
  5
1B2C1C
330
194D5B
100
AcDbEntity
  8
Kich thuoc
 62
     2
370
    -2
100
AcDbBlockReference
  2
_Oblique
 10
7286.875636935693
 20
3501.335447867163
 30
0.0
 41
60.0
 42
60.0
 43
60.0
  0
MTEXT
  5
1B2C1D
330
194D5B
100
AcDbEntity
  8
Kich thuoc
 62
     4
100
AcDbMText
 10
7024.375636935729
 20
3581.335447867163
 30
0.0
 40
80.0
 41
0.0
 46
0.0
 71
     5
 72
     1
  1
\A1;525
  7
Kichthuoc
 73
     1
 44
1.0
  0
POINT
  5
1B2C1E
330
194D5B
100
AcDbEntity
  8
DEFPOINTS
 62
     0
100
AcDbPoint
 10
6761.875636935766
 20
3235.168298485398
 30
0.0
  0
POINT
  5
1B2C1F
330
194D5B
100
AcDbEntity
  8
DEFPOINTS
 62
     0
100
AcDbPoint
 10
7286.875636935693
 20
3235.168298485398
 30
0.0
  0
POINT
  5
1B2C20
330
194D5B
100
AcDbEntity
  8
DEFPOINTS
 62
     0
100
AcDbPoint
 10
7286.875636935693
 20
3501.335447867163
 30
0.0
  0
ENDBLK
  5
194D66
330
194D5B
100
AcDbEntity
  8
0
100
AcDbBlockEnd
  0
BLOCK
  5
194D72
330
194D68
100
AcDbEntity
  8
0
100
AcDbBlockBegin
  2
*D37
 70
     1
 10
0.0
 20
0.0
 30
0.0
  3
*D37
  1

  0
LINE
  5
1B2C0F
330
194D68
100
AcDbEntity
  8
Kich thuoc
 62
     2
370
    -2
100
AcDbLine
 10
7286.875636935693
 20
3315.168298485398
 30
0.0
 11
7286.875636935693
 21
3541.335447867163
 31
0.0
  0
LINE
  5
1B2C10
330
194D68
100
AcDbEntity
  8
Kich thuoc
 62
     2
370
    -2
100
AcDbLine
 10
7811.875636767036
 20
3315.168298485398
 30
0.0
 11
7811.875636767036
 21
3541.335447867163
 31
0.0
  0
LINE
  5
1B2C11
330
194D68
100
AcDbEntity
  8
Kich thuoc
 62
     2
370
    -2
100
AcDbLine
 10
7246.875636935692
 20
3501.335447867163
 30
0.0
 11
7851.875636767037
 21
3501.335447867163
 31
0.0
  0
INSERT
  5
1B2C12
330
194D68
100
AcDbEntity
  8
Kich thuoc
 62
     2
370
    -2
100
AcDbBlockReference
  2
_Oblique
 10
7286.875636935693
 20
3501.335447867163
 30
0.0
 41
60.0
 42
60.0
 43
60.0
 50
180.0
  0
INSERT
  5
1B2C13
330
194D68
100
AcDbEntity
  8
Kich thuoc
 62
     2
370
    -2
100
AcDbBlockReference
  2
_Oblique
 10
7811.875636767036
 20
3501.335447867163
 30
0.0
 41
60.0
 42
60.0
 43
60.0
  0
MTEXT
  5
1B2C14
330
194D68
100
AcDbEntity
  8
Kich thuoc
 62
     4
100
AcDbMText
 10
7549.375636851364
 20
3581.335447867163
 30
0.0
 40
80.0
 41
0.0
 46
0.0
 71
     5
 72
     1
  1
\A1;525
  7
Kichthuoc
 73
     1
 44
1.0
  0
POINT
  5
1B2C15
330
194D68
100
AcDbEntity
  8
DEFPOINTS
 62
     0
100
AcDbPoint
 10
7286.875636935693
 20
3235.168298485398
 30
0.0
  0
POINT
  5
1B2C16
330
194D68
100
AcDbEntity
  8
DEFPOINTS
 62
     0
100
AcDbPoint
 10
7811.875636767036
 20
3235.168298485398
 30
0.0
  0
POINT
  5
1B2C17
330
194D68
100
AcDbEntity
  8
DEFPOINTS
 62
     0
100
AcDbPoint
 10
7811.875636767036
 20
3501.335447867163
 30
0.0
  0
ENDBLK
  5
194D73
330
194D68
100
AcDbEntity
  8
0
100
AcDbBlockEnd
  0
BLOCK
  5
194D81
330
194D75
100
AcDbEntity
  8
0
100
AcDbBlockBegin
  2
*D38
 70
     1
 10
0.0
 20
0.0
 30
0.0
  3
*D38
  1

  0
LINE
  5
1B2C04
330
194D75
100
AcDbEntity
  8
Kich thuoc
 62
     2
370
    -2
100
AcDbLine
 10
7811.875636767036
 20
3315.168298485398
 30
0.0
 11
7811.875636767036
 21
3541.335447867163
 31
0.0
  0
LINE
  5
1B2C05
330
194D75
100
AcDbEntity
  8
Kich thuoc
 62
     2
370
    -2
100
AcDbLine
 10
7986.875636767123
 20
3315.168298485398
 30
0.0
 11
7986.875636767123
 21
3541.335447867163
 31
0.0
  0
LINE
  5
1B2C06
330
194D75
100
AcDbEntity
  8
Kich thuoc
 62
     2
370
    -2
100
AcDbLine
 10
7811.875636767036
 20
3501.335447867163
 30
0.0
 11
7751.875636767036
 21
3501.335447867163
 31
0.0
  0
LINE
  5
1B2C07
330
194D75
100
AcDbEntity
  8
Kich thuoc
 62
     2
370
    -2
100
AcDbLine
 10
7986.875636767123
 20
3501.335447867163
 30
0.0
 11
8046.875636767124
 21
3501.335447867163
 31
0.0
  0
LINE
  5
1B2C08
330
194D75
100
AcDbEntity
  8
Kich thuoc
 62
     2
370
    -2
100
AcDbLine
 10
7811.875636767036
 20
3501.335447867163
 30
0.0
 11
7986.875636767123
 21
3501.335447867163
 31
0.0
  0
INSERT
  5
1B2C09
330
194D75
100
AcDbEntity
  8
Kich thuoc
 62
     2
370
    -2
100
AcDbBlockReference
  2
_Oblique
 10
7811.875636767036
 20
3501.335447867163
 30
0.0
 41
60.0
 42
60.0
 43
60.0
  0
INSERT
  5
1B2C0A
330
194D75
100
AcDbEntity
  8
Kich thuoc
 62
     2
370
    -2
100
AcDbBlockReference
  2
_Oblique
 10
7986.875636767123
 20
3501.335447867163
 30
0.0
 41
60.0
 42
60.0
 43
60.0
 50
180.0
  0
MTEXT
  5
1B2C0B
330
194D75
100
AcDbEntity
  8
Kich thuoc
 62
     4
100
AcDbMText
 10
7899.375636767079
 20
3581.335447867163
 30
0.0
 40
80.0
 41
0.0
 46
0.0
 71
     5
 72
     1
  1
\A1;175
  7
Kichthuoc
 73
     1
 44
1.0
  0
POINT
  5
1B2C0C
330
194D75
100
AcDbEntity
  8
DEFPOINTS
 62
     0
100
AcDbPoint
 10
7811.875636767036
 20
3235.168298485398
 30
0.0
  0
POINT
  5
1B2C0D
330
194D75
100
AcDbEntity
  8
DEFPOINTS
 62
     0
100
AcDbPoint
 10
7986.875636767123
 20
3235.168298485398
 30
0.0
  0
POINT
  5
1B2C0E
330
194D75
100
AcDbEntity
  8
DEFPOINTS
 62
     0
100
AcDbPoint
 10
7986.875636767123
 20
3501.335447867163
 30
0.0
  0
ENDBLK
  5
194D82
330
194D75
100
AcDbEntity
  8
0
100
AcDbBlockEnd
  0
BLOCK
  5
194D90
330
194D84
100
AcDbEntity
  8
0
100
AcDbBlockBegin
  2
*D39
 70
     1
 10
0.0
 20
0.0
 30
0.0
  3
*D39
  1

  0
LINE
  5
1B2BF9
330
194D84
100
AcDbEntity
  8
Kich thuoc
 62
     2
370
    -2
100
AcDbLine
 10
7986.875636767123
 20
3315.168298485398
 30
0.0
 11
7986.875636767123
 21
3541.335447867163
 31
0.0
  0
LINE
  5
1B2BFA
330
194D84
100
AcDbEntity
  8
Kich thuoc
 62
     2
370
    -2
100
AcDbLine
 10
7988.875636767109
 20
3315.168298485398
 30
0.0
 11
7988.875636767109
 21
3541.335447867163
 31
0.0
  0
LINE
  5
1B2BFB
330
194D84
100
AcDbEntity
  8
Kich thuoc
 62
     2
370
    -2
100
AcDbLine
 10
7986.875636767123
 20
3501.335447867163
 30
0.0
 11
7926.875636767123
 21
3501.335447867163
 31
0.0
  0
LINE
  5
1B2BFC
330
194D84
100
AcDbEntity
  8
Kich thuoc
 62
     2
370
    -2
100
AcDbLine
 10
7988.875636767109
 20
3501.335447867163
 30
0.0
 11
8048.875636767109
 21
3501.335447867163
 31
0.0
  0
LINE
  5
1B2BFD
330
194D84
100
AcDbEntity
  8
Kich thuoc
 62
     2
370
    -2
100
AcDbLine
 10
7986.875636767123
 20
3501.335447867163
 30
0.0
 11
7988.875636767109
 21
3501.335447867163
 31
0.0
  0
INSERT
  5
1B2BFE
330
194D84
100
AcDbEntity
  8
Kich thuoc
 62
     2
370
    -2
100
AcDbBlockReference
  2
_Oblique
 10
7986.875636767123
 20
3501.335447867163
 30
0.0
 41
60.0
 42
60.0
 43
60.0
  0
INSERT
  5
1B2BFF
330
194D84
100
AcDbEntity
  8
Kich thuoc
 62
     2
370
    -2
100
AcDbBlockReference
  2
_Oblique
 10
7988.875636767109
 20
3501.335447867163
 30
0.0
 41
60.0
 42
60.0
 43
60.0
 50
180.0
  0
MTEXT
  5
1B2C00
330
194D84
100
AcDbEntity
  8
Kich thuoc
 62
     4
100
AcDbMText
 10
7987.875636767116
 20
3581.335447867163
 30
0.0
 40
80.0
 41
0.0
 46
0.0
 71
     5
 72
     1
  1
\A1;2
  7
Kichthuoc
 73
     1
 44
1.0
  0
POINT
  5
1B2C01
330
194D84
100
AcDbEntity
  8
DEFPOINTS
 62
     0
100
AcDbPoint
 10
7986.875636767123
 20
3235.168298485398
 30
0.0
  0
POINT
  5
1B2C02
330
194D84
100
AcDbEntity
  8
DEFPOINTS
 62
     0
100
AcDbPoint
 10
7988.875636767109
 20
3235.168298485398
 30
0.0
  0
POINT
  5
1B2C03
330
194D84
100
AcDbEntity
  8
DEFPOINTS
 62
     0
100
AcDbPoint
 10
7988.875636767109
 20
3501.335447867163
 30
0.0
  0
ENDBLK
  5
194D91
330
194D84
100
AcDbEntity
  8
0
100
AcDbBlockEnd
  0
BLOCK
  5
194D9F
330
194D93
100
AcDbEntity
  8
0
100
AcDbBlockBegin
  2
*D40
 70
     1
 10
0.0
 20
0.0
 30
0.0
  3
*D40
  1

  0
LINE
  5
1B2BEE
330
194D93
100
AcDbEntity
  8
Kich thuoc
 62
     2
370
    -2
100
AcDbLine
 10
7988.875636767109
 20
3315.168298485398
 30
0.0
 11
7988.875636767109
 21
3541.335447867163
 31
0.0
  0
LINE
  5
1B2BEF
330
194D93
100
AcDbEntity
  8
Kich thuoc
 62
     2
370
    -2
100
AcDbLine
 10
8148.875636767007
 20
3315.168298485398
 30
0.0
 11
8148.875636767007
 21
3541.335447867163
 31
0.0
  0
LINE
  5
1B2BF0
330
194D93
100
AcDbEntity
  8
Kich thuoc
 62
     2
370
    -2
100
AcDbLine
 10
7988.875636767109
 20
3501.335447867163
 30
0.0
 11
7928.875636767108
 21
3501.335447867163
 31
0.0
  0
LINE
  5
1B2BF1
330
194D93
100
AcDbEntity
  8
Kich thuoc
 62
     2
370
    -2
100
AcDbLine
 10
8148.875636767007
 20
3501.335447867163
 30
0.0
 11
8208.875636767007
 21
3501.335447867163
 31
0.0
  0
LINE
  5
1B2BF2
330
194D93
100
AcDbEntity
  8
Kich thuoc
 62
     2
370
    -2
100
AcDbLine
 10
7988.875636767109
 20
3501.335447867163
 30
0.0
 11
8148.875636767007
 21
3501.335447867163
 31
0.0
  0
INSERT
  5
1B2BF3
330
194D93
100
AcDbEntity
  8
Kich thuoc
 62
     2
370
    -2
100
AcDbBlockReference
  2
_Oblique
 10
7988.875636767109
 20
3501.335447867163
 30
0.0
 41
60.0
 42
60.0
 43
60.0
  0
INSERT
  5
1B2BF4
330
194D93
100
AcDbEntity
  8
Kich thuoc
 62
     2
370
    -2
100
AcDbBlockReference
  2
_Oblique
 10
8148.875636767007
 20
3501.335447867163
 30
0.0
 41
60.0
 42
60.0
 43
60.0
 50
180.0
  0
MTEXT
  5
1B2BF5
330
194D93
100
AcDbEntity
  8
Kich thuoc
 62
     4
100
AcDbMText
 10
8068.875636767058
 20
3581.335447867163
 30
0.0
 40
80.0
 41
0.0
 46
0.0
 71
     5
 72
     1
  1
\A1;160
  7
Kichthuoc
 73
     1
 44
1.0
  0
POINT
  5
1B2BF6
330
194D93
100
AcDbEntity
  8
DEFPOINTS
 62
     0
100
AcDbPoint
 10
7988.875636767109
 20
3235.168298485398
 30
0.0
  0
POINT
  5
1B2BF7
330
194D93
100
AcDbEntity
  8
DEFPOINTS
 62
     0
100
AcDbPoint
 10
8148.875636767007
 20
3235.168298485398
 30
0.0
  0
POINT
  5
1B2BF8
330
194D93
100
AcDbEntity
  8
DEFPOINTS
 62
     0
100
AcDbPoint
 10
8148.875636767007
 20
3501.335447867163
 30
0.0
  0
ENDBLK
  5
194DA0
330
194D93
100
AcDbEntity
  8
0
100
AcDbBlockEnd
  0
BLOCK
  5
194DAC
330
194DA2
100
AcDbEntity
  8
0
100
AcDbBlockBegin
  2
*D41
 70
     1
 10
0.0
 20
0.0
 30
0.0
  3
*D41
  1

  0
LINE
  5
1B2BE5
330
194DA2
100
AcDbEntity
  8
Kich thuoc
 62
     2
370
    -2
100
AcDbLine
 10
8148.875636767007
 20
3315.168298485398
 30
0.0
 11
8148.875636767007
 21
3541.335447867163
 31
0.0
  0
LINE
  5
1B2BE6
330
194DA2
100
AcDbEntity
  8
Kich thuoc
 62
     2
370
    -2
100
AcDbLine
 10
8668.875636767007
 20
3315.168298485398
 30
0.0
 11
8668.875636767007
 21
3541.335447867163
 31
0.0
  0
LINE
  5
1B2BE7
330
194DA2
100
AcDbEntity
  8
Kich thuoc
 62
     2
370
    -2
100
AcDbLine
 10
8108.875636767008
 20
3501.335447867163
 30
0.0
 11
8708.875636767007
 21
3501.335447867163
 31
0.0
  0
INSERT
  5
1B2BE8
330
194DA2
100
AcDbEntity
  8
Kich thuoc
 62
     2
370
    -2
100
AcDbBlockReference
  2
_Oblique
 10
8148.875636767007
 20
3501.335447867163
 30
0.0
 41
60.0
 42
60.0
 43
60.0
 50
180.0
  0
INSERT
  5
1B2BE9
330
194DA2
100
AcDbEntity
  8
Kich thuoc
 62
     2
370
    -2
100
AcDbBlockReference
  2
_Oblique
 10
8668.875636767007
 20
3501.335447867163
 30
0.0
 41
60.0
 42
60.0
 43
60.0
  0
MTEXT
  5
1B2BEA
330
194DA2
100
AcDbEntity
  8
Kich thuoc
 62
     4
100
AcDbMText
 10
8408.875636767007
 20
3581.335447867163
 30
0.0
 40
80.0
 41
0.0
 46
0.0
 71
     5
 72
     1
  1
\A1;520
  7
Kichthuoc
 73
     1
 44
1.0
  0
POINT
  5
1B2BEB
330
194DA2
100
AcDbEntity
  8
DEFPOINTS
 62
     0
100
AcDbPoint
 10
8148.875636767007
 20
3235.168298485398
 30
0.0
  0
POINT
  5
1B2BEC
330
194DA2
100
AcDbEntity
  8
DEFPOINTS
 62
     0
100
AcDbPoint
 10
8668.875636767007
 20
3235.168298485398
 30
0.0
  0
POINT
  5
1B2BED
330
194DA2
100
AcDbEntity
  8
DEFPOINTS
 62
     0
100
AcDbPoint
 10
8668.875636767007
 20
3501.335447867163
 30
0.0
  0
ENDBLK
  5
194DAD
330
194DA2
100
AcDbEntity
  8
0
100
AcDbBlockEnd
  0
BLOCK
  5
194DB9
330
194DAF
100
AcDbEntity
  8
0
100
AcDbBlockBegin
  2
*D42
 70
     1
 10
0.0
 20
0.0
 30
0.0
  3
*D42
  1

  0
LINE
  5
1B2BDC
330
194DAF
100
AcDbEntity
  8
Kich thuoc
 62
     2
370
    -2
100
AcDbLine
 10
8668.875636767007
 20
3315.168298485398
 30
0.0
 11
8668.875636767007
 21
3541.335447867163
 31
0.0
  0
LINE
  5
1B2BDD
330
194DAF
100
AcDbEntity
  8
Kich thuoc
 62
     2
370
    -2
100
AcDbLine
 10
9188.875636767006
 20
3315.168298485398
 30
0.0
 11
9188.875636767006
 21
3541.335447867163
 31
0.0
  0
LINE
  5
1B2BDE
330
194DAF
100
AcDbEntity
  8
Kich thuoc
 62
     2
370
    -2
100
AcDbLine
 10
8628.875636767007
 20
3501.335447867163
 30
0.0
 11
9228.875636767007
 21
3501.335447867163
 31
0.0
  0
INSERT
  5
1B2BDF
330
194DAF
100
AcDbEntity
  8
Kich thuoc
 62
     2
370
    -2
100
AcDbBlockReference
  2
_Oblique
 10
8668.875636767007
 20
3501.335447867163
 30
0.0
 41
60.0
 42
60.0
 43
60.0
 50
180.0
  0
INSERT
  5
1B2BE0
330
194DAF
100
AcDbEntity
  8
Kich thuoc
 62
     2
370
    -2
100
AcDbBlockReference
  2
_Oblique
 10
9188.875636767006
 20
3501.335447867163
 30
0.0
 41
60.0
 42
60.0
 43
60.0
  0
MTEXT
  5
1B2BE1
330
194DAF
100
AcDbEntity
  8
Kich thuoc
 62
     4
100
AcDbMText
 10
8928.875636767008
 20
3581.335447867163
 30
0.0
 40
80.0
 41
0.0
 46
0.0
 71
     5
 72
     1
  1
\A1;520
  7
Kichthuoc
 73
     1
 44
1.0
  0
POINT
  5
1B2BE2
330
194DAF
100
AcDbEntity
  8
DEFPOINTS
 62
     0
100
AcDbPoint
 10
8668.875636767007
 20
3235.168298485398
 30
0.0
  0
POINT
  5
1B2BE3
330
194DAF
100
AcDbEntity
  8
DEFPOINTS
 62
     0
100
AcDbPoint
 10
9188.875636767006
 20
3235.168298485398
 30
0.0
  0
POINT
  5
1B2BE4
330
194DAF
100
AcDbEntity
  8
DEFPOINTS
 62
     0
100
AcDbPoint
 10
9188.875636767006
 20
3501.335447867163
 30
0.0
  0
ENDBLK
  5
194DBA
330
194DAF
100
AcDbEntity
  8
0
100
AcDbBlockEnd
  0
BLOCK
  5
194DC6
330
194DBC
100
AcDbEntity
  8
0
100
AcDbBlockBegin
  2
*D43
 70
     1
 10
0.0
 20
0.0
 30
0.0
  3
*D43
  1

  0
LINE
  5
1B2BD3
330
194DBC
100
AcDbEntity
  8
Kich thuoc
 62
     2
370
    -2
100
AcDbLine
 10
9188.875636767006
 20
3315.168298485398
 30
0.0
 11
9188.875636767006
 21
3541.335447867163
 31
0.0
  0
LINE
  5
1B2BD4
330
194DBC
100
AcDbEntity
  8
Kich thuoc
 62
     2
370
    -2
100
AcDbLine
 10
9708.875636767007
 20
3315.168298485398
 30
0.0
 11
9708.875636767007
 21
3541.335447867163
 31
0.0
  0
LINE
  5
1B2BD5
330
194DBC
100
AcDbEntity
  8
Kich thuoc
 62
     2
370
    -2
100
AcDbLine
 10
9148.875636767007
 20
3501.335447867163
 30
0.0
 11
9748.875636767007
 21
3501.335447867163
 31
0.0
  0
INSERT
  5
1B2BD6
330
194DBC
100
AcDbEntity
  8
Kich thuoc
 62
     2
370
    -2
100
AcDbBlockReference
  2
_Oblique
 10
9188.875636767006
 20
3501.335447867163
 30
0.0
 41
60.0
 42
60.0
 43
60.0
 50
180.0
  0
INSERT
  5
1B2BD7
330
194DBC
100
AcDbEntity
  8
Kich thuoc
 62
     2
370
    -2
100
AcDbBlockReference
  2
_Oblique
 10
9708.875636767007
 20
3501.335447867163
 30
0.0
 41
60.0
 42
60.0
 43
60.0
  0
MTEXT
  5
1B2BD8
330
194DBC
100
AcDbEntity
  8
Kich thuoc
 62
     4
100
AcDbMText
 10
9448.875636767006
 20
3581.335447867163
 30
0.0
 40
80.0
 41
0.0
 46
0.0
 71
     5
 72
     1
  1
\A1;520
  7
Kichthuoc
 73
     1
 44
1.0
  0
POINT
  5
1B2BD9
330
194DBC
100
AcDbEntity
  8
DEFPOINTS
 62
     0
100
AcDbPoint
 10
9188.875636767006
 20
3235.168298485398
 30
0.0
  0
POINT
  5
1B2BDA
330
194DBC
100
AcDbEntity
  8
DEFPOINTS
 62
     0
100
AcDbPoint
 10
9708.875636767007
 20
3235.168298485398
 30
0.0
  0
POINT
  5
1B2BDB
330
194DBC
100
AcDbEntity
  8
DEFPOINTS
 62
     0
100
AcDbPoint
 10
9708.875636767007
 20
3501.335447867163
 30
0.0
  0
ENDBLK
  5
194DC7
330
194DBC
100
AcDbEntity
  8
0
100
AcDbBlockEnd
  0
BLOCK
  5
194DD3
330
194DC9
100
AcDbEntity
  8
0
100
AcDbBlockBegin
  2
*D44
 70
     1
 10
0.0
 20
0.0
 30
0.0
  3
*D44
  1

  0
LINE
  5
1B2BCA
330
194DC9
100
AcDbEntity
  8
Kich thuoc
 62
     2
370
    -2
100
AcDbLine
 10
9708.875636767007
 20
3315.168298485398
 30
0.0
 11
9708.875636767007
 21
3541.335447867163
 31
0.0
  0
LINE
  5
1B2BCB
330
194DC9
100
AcDbEntity
  8
Kich thuoc
 62
     2
370
    -2
100
AcDbLine
 10
10243.87563676702
 20
3315.168298485398
 30
0.0
 11
10243.87563676702
 21
3541.335447867163
 31
0.0
  0
LINE
  5
1B2BCC
330
194DC9
100
AcDbEntity
  8
Kich thuoc
 62
     2
370
    -2
100
AcDbLine
 10
9668.875636767007
 20
3501.335447867163
 30
0.0
 11
10283.87563676702
 21
3501.335447867163
 31
0.0
  0
INSERT
  5
1B2BCD
330
194DC9
100
AcDbEntity
  8
Kich thuoc
 62
     2
370
    -2
100
AcDbBlockReference
  2
_Oblique
 10
9708.875636767007
 20
3501.335447867163
 30
0.0
 41
60.0
 42
60.0
 43
60.0
 50
180.0
  0
INSERT
  5
1B2BCE
330
194DC9
100
AcDbEntity
  8
Kich thuoc
 62
     2
370
    -2
100
AcDbBlockReference
  2
_Oblique
 10
10243.87563676702
 20
3501.335447867163
 30
0.0
 41
60.0
 42
60.0
 43
60.0
  0
MTEXT
  5
1B2BCF
330
194DC9
100
AcDbEntity
  8
Kich thuoc
 62
     4
100
AcDbMText
 10
9976.375636767015
 20
3581.335447867163
 30
0.0
 40
80.0
 41
0.0
 46
0.0
 71
     5
 72
     1
  1
\A1;535
  7
Kichthuoc
 73
     1
 44
1.0
  0
POINT
  5
1B2BD0
330
194DC9
100
AcDbEntity
  8
DEFPOINTS
 62
     0
100
AcDbPoint
 10
9708.875636767007
 20
3235.168298485398
 30
0.0
  0
POINT
  5
1B2BD1
330
194DC9
100
AcDbEntity
  8
DEFPOINTS
 62
     0
100
AcDbPoint
 10
10243.87563676702
 20
3235.168298485398
 30
0.0
  0
POINT
  5
1B2BD2
330
194DC9
100
AcDbEntity
  8
DEFPOINTS
 62
     0
100
AcDbPoint
 10
10243.87563676702
 20
3501.335447867163
 30
0.0
  0
ENDBLK
  5
194DD4
330
194DC9
100
AcDbEntity
  8
0
100
AcDbBlockEnd
  0
BLOCK
  5
194DE0
330
194DD6
100
AcDbEntity
  8
0
100
AcDbBlockBegin
  2
*D45
 70
     1
 10
0.0
 20
0.0
 30
0.0
  3
*D45
  1

  0
LINE
  5
1B2BC1
330
194DD6
100
AcDbEntity
  8
Kich thuoc
 62
     2
370
    -2
100
AcDbLine
 10
10243.87563676701
 20
3315.168298485398
 30
0.0
 11
10243.87563676701
 21
3541.335447867163
 31
0.0
  0
LINE
  5
1B2BC2
330
194DD6
100
AcDbEntity
  8
Kich thuoc
 62
     2
370
    -2
100
AcDbLine
 10
10733.875636767
 20
3315.168298485398
 30
0.0
 11
10733.875636767
 21
3541.335447867163
 31
0.0
  0
LINE
  5
1B2BC3
330
194DD6
100
AcDbEntity
  8
Kich thuoc
 62
     2
370
    -2
100
AcDbLine
 10
10203.87563676701
 20
3501.335447867163
 30
0.0
 11
10773.875636767
 21
3501.335447867163
 31
0.0
  0
INSERT
  5
1B2BC4
330
194DD6
100
AcDbEntity
  8
Kich thuoc
 62
     2
370
    -2
100
AcDbBlockReference
  2
_Oblique
 10
10243.87563676701
 20
3501.335447867163
 30
0.0
 41
60.0
 42
60.0
 43
60.0
 50
180.0
  0
INSERT
  5
1B2BC5
330
194DD6
100
AcDbEntity
  8
Kich thuoc
 62
     2
370
    -2
100
AcDbBlockReference
  2
_Oblique
 10
10733.875636767
 20
3501.335447867163
 30
0.0
 41
60.0
 42
60.0
 43
60.0
  0
MTEXT
  5
1B2BC6
330
194DD6
100
AcDbEntity
  8
Kich thuoc
 62
     4
100
AcDbMText
 10
10488.875636767
 20
3581.335447867163
 30
0.0
 40
80.0
 41
0.0
 46
0.0
 71
     5
 72
     1
  1
\A1;490
  7
Kichthuoc
 73
     1
 44
1.0
  0
POINT
  5
1B2BC7
330
194DD6
100
AcDbEntity
  8
DEFPOINTS
 62
     0
100
AcDbPoint
 10
10243.87563676701
 20
3235.168298485398
 30
0.0
  0
POINT
  5
1B2BC8
330
194DD6
100
AcDbEntity
  8
DEFPOINTS
 62
     0
100
AcDbPoint
 10
10733.875636767
 20
3235.168298485398
 30
0.0
  0
POINT
  5
1B2BC9
330
194DD6
100
AcDbEntity
  8
DEFPOINTS
 62
     0
100
AcDbPoint
 10
10733.875636767
 20
3501.335447867163
 30
0.0
  0
ENDBLK
  5
194DE1
330
194DD6
100
AcDbEntity
  8
0
100
AcDbBlockEnd
  0
BLOCK
  5
194DED
330
194DE3
100
AcDbEntity
  8
0
100
AcDbBlockBegin
  2
*D46
 70
     1
 10
0.0
 20
0.0
 30
0.0
  3
*D46
  1

  0
LINE
  5
1B2BB8
330
194DE3
100
AcDbEntity
  8
Kich thuoc
 62
     2
370
    -2
100
AcDbLine
 10
10733.875636767
 20
3315.168298485398
 30
0.0
 11
10733.875636767
 21
3541.335447867163
 31
0.0
  0
LINE
  5
1B2BB9
330
194DE3
100
AcDbEntity
  8
Kich thuoc
 62
     2
370
    -2
100
AcDbLine
 10
11268.875636767
 20
3315.168298485398
 30
0.0
 11
11268.875636767
 21
3541.335447867163
 31
0.0
  0
LINE
  5
1B2BBA
330
194DE3
100
AcDbEntity
  8
Kich thuoc
 62
     2
370
    -2
100
AcDbLine
 10
10693.875636767
 20
3501.335447867163
 30
0.0
 11
11308.875636767
 21
3501.335447867163
 31
0.0
  0
INSERT
  5
1B2BBB
330
194DE3
100
AcDbEntity
  8
Kich thuoc
 62
     2
370
    -2
100
AcDbBlockReference
  2
_Oblique
 10
10733.875636767
 20
3501.335447867163
 30
0.0
 41
60.0
 42
60.0
 43
60.0
 50
180.0
  0
INSERT
  5
1B2BBC
330
194DE3
100
AcDbEntity
  8
Kich thuoc
 62
     2
370
    -2
100
AcDbBlockReference
  2
_Oblique
 10
11268.875636767
 20
3501.335447867163
 30
0.0
 41
60.0
 42
60.0
 43
60.0
  0
MTEXT
  5
1B2BBD
330
194DE3
100
AcDbEntity
  8
Kich thuoc
 62
     4
100
AcDbMText
 10
11001.37563676701
 20
3581.335447867163
 30
0.0
 40
80.0
 41
0.0
 46
0.0
 71
     5
 72
     1
  1
\A1;535
  7
Kichthuoc
 73
     1
 44
1.0
  0
POINT
  5
1B2BBE
330
194DE3
100
AcDbEntity
  8
DEFPOINTS
 62
     0
100
AcDbPoint
 10
10733.875636767
 20
3235.168298485398
 30
0.0
  0
POINT
  5
1B2BBF
330
194DE3
100
AcDbEntity
  8
DEFPOINTS
 62
     0
100
AcDbPoint
 10
11268.875636767
 20
3235.168298485398
 30
0.0
  0
POINT
  5
1B2BC0
330
194DE3
100
AcDbEntity
  8
DEFPOINTS
 62
     0
100
AcDbPoint
 10
11268.875636767
 20
3501.335447867163
 30
0.0
  0
ENDBLK
  5
194DEE
330
194DE3
100
AcDbEntity
  8
0
100
AcDbBlockEnd
  0
BLOCK
  5
194DFA
330
194DF0
100
AcDbEntity
  8
0
100
AcDbBlockBegin
  2
*D47
 70
     1
 10
0.0
 20
0.0
 30
0.0
  3
*D47
  1

  0
LINE
  5
1B2BAF
330
194DF0
100
AcDbEntity
  8
Kich thuoc
 62
     2
370
    -2
100
AcDbLine
 10
11268.875636767
 20
3315.168298485398
 30
0.0
 11
11268.875636767
 21
3541.335447867163
 31
0.0
  0
LINE
  5
1B2BB0
330
194DF0
100
AcDbEntity
  8
Kich thuoc
 62
     2
370
    -2
100
AcDbLine
 10
11788.875636767
 20
3315.168298485398
 30
0.0
 11
11788.875636767
 21
3541.335447867163
 31
0.0
  0
LINE
  5
1B2BB1
330
194DF0
100
AcDbEntity
  8
Kich thuoc
 62
     2
370
    -2
100
AcDbLine
 10
11228.875636767
 20
3501.335447867163
 30
0.0
 11
11828.875636767
 21
3501.335447867163
 31
0.0
  0
INSERT
  5
1B2BB2
330
194DF0
100
AcDbEntity
  8
Kich thuoc
 62
     2
370
    -2
100
AcDbBlockReference
  2
_Oblique
 10
11268.875636767
 20
3501.335447867163
 30
0.0
 41
60.0
 42
60.0
 43
60.0
 50
180.0
  0
INSERT
  5
1B2BB3
330
194DF0
100
AcDbEntity
  8
Kich thuoc
 62
     2
370
    -2
100
AcDbBlockReference
  2
_Oblique
 10
11788.875636767
 20
3501.335447867163
 30
0.0
 41
60.0
 42
60.0
 43
60.0
  0
MTEXT
  5
1B2BB4
330
194DF0
100
AcDbEntity
  8
Kich thuoc
 62
     4
100
AcDbMText
 10
11528.875636767
 20
3581.335447867163
 30
0.0
 40
80.0
 41
0.0
 46
0.0
 71
     5
 72
     1
  1
\A1;520
  7
Kichthuoc
 73
     1
 44
1.0
  0
POINT
  5
1B2BB5
330
194DF0
100
AcDbEntity
  8
DEFPOINTS
 62
     0
100
AcDbPoint
 10
11268.875636767
 20
3235.168298485398
 30
0.0
  0
POINT
  5
1B2BB6
330
194DF0
100
AcDbEntity
  8
DEFPOINTS
 62
     0
100
AcDbPoint
 10
11788.875636767
 20
3235.168298485398
 30
0.0
  0
POINT
  5
1B2BB7
330
194DF0
100
AcDbEntity
  8
DEFPOINTS
 62
     0
100
AcDbPoint
 10
11788.875636767
 20
3501.335447867163
 30
0.0
  0
ENDBLK
  5
194DFB
330
194DF0
100
AcDbEntity
  8
0
100
AcDbBlockEnd
  0
BLOCK
  5
194E07
330
194DFD
100
AcDbEntity
  8
0
100
AcDbBlockBegin
  2
*D48
 70
     1
 10
0.0
 20
0.0
 30
0.0
  3
*D48
  1

  0
LINE
  5
1B2BA6
330
194DFD
100
AcDbEntity
  8
Kich thuoc
 62
     2
370
    -2
100
AcDbLine
 10
11788.875636767
 20
3315.168298485398
 30
0.0
 11
11788.875636767
 21
3541.335447867163
 31
0.0
  0
LINE
  5
1B2BA7
330
194DFD
100
AcDbEntity
  8
Kich thuoc
 62
     2
370
    -2
100
AcDbLine
 10
12308.875636767
 20
3315.168298485398
 30
0.0
 11
12308.875636767
 21
3541.335447867163
 31
0.0
  0
LINE
  5
1B2BA8
330
194DFD
100
AcDbEntity
  8
Kich thuoc
 62
     2
370
    -2
100
AcDbLine
 10
11748.875636767
 20
3501.335447867163
 30
0.0
 11
12348.875636767
 21
3501.335447867163
 31
0.0
  0
INSERT
  5
1B2BA9
330
194DFD
100
AcDbEntity
  8
Kich thuoc
 62
     2
370
    -2
100
AcDbBlockReference
  2
_Oblique
 10
11788.875636767
 20
3501.335447867163
 30
0.0
 41
60.0
 42
60.0
 43
60.0
 50
180.0
  0
INSERT
  5
1B2BAA
330
194DFD
100
AcDbEntity
  8
Kich thuoc
 62
     2
370
    -2
100
AcDbBlockReference
  2
_Oblique
 10
12308.875636767
 20
3501.335447867163
 30
0.0
 41
60.0
 42
60.0
 43
60.0
  0
MTEXT
  5
1B2BAB
330
194DFD
100
AcDbEntity
  8
Kich thuoc
 62
     4
100
AcDbMText
 10
12048.875636767
 20
3581.335447867163
 30
0.0
 40
80.0
 41
0.0
 46
0.0
 71
     5
 72
     1
  1
\A1;520
  7
Kichthuoc
 73
     1
 44
1.0
  0
POINT
  5
1B2BAC
330
194DFD
100
AcDbEntity
  8
DEFPOINTS
 62
     0
100
AcDbPoint
 10
11788.875636767
 20
3235.168298485398
 30
0.0
  0
POINT
  5
1B2BAD
330
194DFD
100
AcDbEntity
  8
DEFPOINTS
 62
     0
100
AcDbPoint
 10
12308.875636767
 20
3235.168298485398
 30
0.0
  0
POINT
  5
1B2BAE
330
194DFD
100
AcDbEntity
  8
DEFPOINTS
 62
     0
100
AcDbPoint
 10
12308.875636767
 20
3501.335447867163
 30
0.0
  0
ENDBLK
  5
194E08
330
194DFD
100
AcDbEntity
  8
0
100
AcDbBlockEnd
  0
BLOCK
  5
194E14
330
194E0A
100
AcDbEntity
  8
0
100
AcDbBlockBegin
  2
*D49
 70
     1
 10
0.0
 20
0.0
 30
0.0
  3
*D49
  1

  0
LINE
  5
1B2B9D
330
194E0A
100
AcDbEntity
  8
Kich thuoc
 62
     2
370
    -2
100
AcDbLine
 10
12308.875636767
 20
3315.168298485398
 30
0.0
 11
12308.875636767
 21
3541.335447867163
 31
0.0
  0
LINE
  5
1B2B9E
330
194E0A
100
AcDbEntity
  8
Kich thuoc
 62
     2
370
    -2
100
AcDbLine
 10
12828.875636767
 20
3315.168298485398
 30
0.0
 11
12828.875636767
 21
3541.335447867163
 31
0.0
  0
LINE
  5
1B2B9F
330
194E0A
100
AcDbEntity
  8
Kich thuoc
 62
     2
370
    -2
100
AcDbLine
 10
12268.875636767
 20
3501.335447867163
 30
0.0
 11
12868.875636767
 21
3501.335447867163
 31
0.0
  0
INSERT
  5
1B2BA0
330
194E0A
100
AcDbEntity
  8
Kich thuoc
 62
     2
370
    -2
100
AcDbBlockReference
  2
_Oblique
 10
12308.875636767
 20
3501.335447867163
 30
0.0
 41
60.0
 42
60.0
 43
60.0
 50
180.0
  0
INSERT
  5
1B2BA1
330
194E0A
100
AcDbEntity
  8
Kich thuoc
 62
     2
370
    -2
100
AcDbBlockReference
  2
_Oblique
 10
12828.875636767
 20
3501.335447867163
 30
0.0
 41
60.0
 42
60.0
 43
60.0
  0
MTEXT
  5
1B2BA2
330
194E0A
100
AcDbEntity
  8
Kich thuoc
 62
     4
100
AcDbMText
 10
12568.875636767
 20
3581.335447867163
 30
0.0
 40
80.0
 41
0.0
 46
0.0
 71
     5
 72
     1
  1
\A1;520
  7
Kichthuoc
 73
     1
 44
1.0
  0
POINT
  5
1B2BA3
330
194E0A
100
AcDbEntity
  8
DEFPOINTS
 62
     0
100
AcDbPoint
 10
12308.875636767
 20
3235.168298485398
 30
0.0
  0
POINT
  5
1B2BA4
330
194E0A
100
AcDbEntity
  8
DEFPOINTS
 62
     0
100
AcDbPoint
 10
12828.875636767
 20
3235.168298485398
 30
0.0
  0
POINT
  5
1B2BA5
330
194E0A
100
AcDbEntity
  8
DEFPOINTS
 62
     0
100
AcDbPoint
 10
12828.875636767
 20
3501.335447867163
 30
0.0
  0
ENDBLK
  5
194E15
330
194E0A
100
AcDbEntity
  8
0
100
AcDbBlockEnd
  0
BLOCK
  5
194E23
330
194E17
100
AcDbEntity
  8
0
100
AcDbBlockBegin
  2
*D50
 70
     1
 10
0.0
 20
0.0
 30
0.0
  3
*D50
  1

  0
LINE
  5
1B2B92
330
194E17
100
AcDbEntity
  8
Kich thuoc
 62
     2
370
    -2
100
AcDbLine
 10
12828.875636767
 20
3315.168298485398
 30
0.0
 11
12828.875636767
 21
3541.335447867163
 31
0.0
  0
LINE
  5
1B2B93
330
194E17
100
AcDbEntity
  8
Kich thuoc
 62
     2
370
    -2
100
AcDbLine
 10
12987.87563676711
 20
3315.168298485398
 30
0.0
 11
12987.87563676711
 21
3541.335447867163
 31
0.0
  0
LINE
  5
1B2B94
330
194E17
100
AcDbEntity
  8
Kich thuoc
 62
     2
370
    -2
100
AcDbLine
 10
12828.875636767
 20
3501.335447867163
 30
0.0
 11
12768.875636767
 21
3501.335447867163
 31
0.0
  0
LINE
  5
1B2B95
330
194E17
100
AcDbEntity
  8
Kich thuoc
 62
     2
370
    -2
100
AcDbLine
 10
12987.87563676711
 20
3501.335447867163
 30
0.0
 11
13047.87563676711
 21
3501.335447867163
 31
0.0
  0
LINE
  5
1B2B96
330
194E17
100
AcDbEntity
  8
Kich thuoc
 62
     2
370
    -2
100
AcDbLine
 10
12828.875636767
 20
3501.335447867163
 30
0.0
 11
12987.87563676711
 21
3501.335447867163
 31
0.0
  0
INSERT
  5
1B2B97
330
194E17
100
AcDbEntity
  8
Kich thuoc
 62
     2
370
    -2
100
AcDbBlockReference
  2
_Oblique
 10
12828.875636767
 20
3501.335447867163
 30
0.0
 41
60.0
 42
60.0
 43
60.0
  0
INSERT
  5
1B2B98
330
194E17
100
AcDbEntity
  8
Kich thuoc
 62
     2
370
    -2
100
AcDbBlockReference
  2
_Oblique
 10
12987.87563676711
 20
3501.335447867163
 30
0.0
 41
60.0
 42
60.0
 43
60.0
 50
180.0
  0
MTEXT
  5
1B2B99
330
194E17
100
AcDbEntity
  8
Kich thuoc
 62
     4
100
AcDbMText
 10
12908.37563676705
 20
3581.335447867163
 30
0.0
 40
80.0
 41
0.0
 46
0.0
 71
     5
 72
     1
  1
\A1;159
  7
Kichthuoc
 73
     1
 44
1.0
  0
POINT
  5
1B2B9A
330
194E17
100
AcDbEntity
  8
DEFPOINTS
 62
     0
100
AcDbPoint
 10
12828.875636767
 20
3235.168298485398
 30
0.0
  0
POINT
  5
1B2B9B
330
194E17
100
AcDbEntity
  8
DEFPOINTS
 62
     0
100
AcDbPoint
 10
12987.87563676711
 20
3235.168298485398
 30
0.0
  0
POINT
  5
1B2B9C
330
194E17
100
AcDbEntity
  8
DEFPOINTS
 62
     0
100
AcDbPoint
 10
12987.87563676711
 20
3501.335447867163
 30
0.0
  0
ENDBLK
  5
194E24
330
194E17
100
AcDbEntity
  8
0
100
AcDbBlockEnd
  0
BLOCK
  5
194E30
330
194E26
100
AcDbEntity
  8
0
100
AcDbBlockBegin
  2
*D51
 70
     1
 10
0.0
 20
0.0
 30
0.0
  3
*D51
  1

  0
LINE
  5
1B2B89
330
194E26
100
AcDbEntity
  8
Kich thuoc
 62
     2
370
    -2
100
AcDbLine
 10
3311.875636767124
 20
3315.168298485398
 30
0.0
 11
3311.875636767124
 21
3781.335447867163
 31
0.0
  0
LINE
  5
1B2B8A
330
194E26
100
AcDbEntity
  8
Kich thuoc
 62
     2
370
    -2
100
AcDbLine
 10
4511.875636767109
 20
3315.168298485398
 30
0.0
 11
4511.875636767109
 21
3781.335447867163
 31
0.0
  0
LINE
  5
1B2B8B
330
194E26
100
AcDbEntity
  8
Kich thuoc
 62
     2
370
    -2
100
AcDbLine
 10
3271.875636767124
 20
3741.335447867163
 30
0.0
 11
4551.875636767109
 21
3741.335447867163
 31
0.0
  0
INSERT
  5
1B2B8C
330
194E26
100
AcDbEntity
  8
Kich thuoc
 62
     2
370
    -2
100
AcDbBlockReference
  2
_Oblique
 10
3311.875636767124
 20
3741.335447867163
 30
0.0
 41
60.0
 42
60.0
 43
60.0
 50
180.0
  0
INSERT
  5
1B2B8D
330
194E26
100
AcDbEntity
  8
Kich thuoc
 62
     2
370
    -2
100
AcDbBlockReference
  2
_Oblique
 10
4511.875636767109
 20
3741.335447867163
 30
0.0
 41
60.0
 42
60.0
 43
60.0
  0
MTEXT
  5
1B2B8E
330
194E26
100
AcDbEntity
  8
Kich thuoc
 62
     4
100
AcDbMText
 10
3911.875636767116
 20
3821.335447867163
 30
0.0
 40
80.0
 41
0.0
 46
0.0
 71
     5
 72
     1
  1
\A1;1200
  7
Kichthuoc
 73
     1
 44
1.0
  0
POINT
  5
1B2B8F
330
194E26
100
AcDbEntity
  8
DEFPOINTS
 62
     0
100
AcDbPoint
 10
3311.875636767124
 20
3235.168298485398
 30
0.0
  0
POINT
  5
1B2B90
330
194E26
100
AcDbEntity
  8
DEFPOINTS
 62
     0
100
AcDbPoint
 10
4511.875636767109
 20
3235.168298485398
 30
0.0
  0
POINT
  5
1B2B91
330
194E26
100
AcDbEntity
  8
DEFPOINTS
 62
     0
100
AcDbPoint
 10
4511.875636767109
 20
3741.335447867163
 30
0.0
  0
ENDBLK
  5
194E31
330
194E26
100
AcDbEntity
  8
0
100
AcDbBlockEnd
  0
BLOCK
  5
194E3D
330
194E33
100
AcDbEntity
  8
0
100
AcDbBlockBegin
  2
*D52
 70
     1
 10
0.0
 20
0.0
 30
0.0
  3
*D52
  1

  0
LINE
  5
1B2B80
330
194E33
100
AcDbEntity
  8
Kich thuoc
 62
     2
370
    -2
100
AcDbLine
 10
4511.875636767109
 20
3315.168298485398
 30
0.0
 11
4511.875636767109
 21
3781.335447867163
 31
0.0
  0
LINE
  5
1B2B81
330
194E33
100
AcDbEntity
  8
Kich thuoc
 62
     2
370
    -2
100
AcDbLine
 10
6236.875636935693
 20
3315.168298485398
 30
0.0
 11
6236.875636935693
 21
3781.335447867163
 31
0.0
  0
LINE
  5
1B2B82
330
194E33
100
AcDbEntity
  8
Kich thuoc
 62
     2
370
    -2
100
AcDbLine
 10
4471.875636767108
 20
3741.335447867163
 30
0.0
 11
6276.875636935693
 21
3741.335447867163
 31
0.0
  0
INSERT
  5
1B2B83
330
194E33
100
AcDbEntity
  8
Kich thuoc
 62
     2
370
    -2
100
AcDbBlockReference
  2
_Oblique
 10
4511.875636767109
 20
3741.335447867163
 30
0.0
 41
60.0
 42
60.0
 43
60.0
 50
180.0
  0
INSERT
  5
1B2B84
330
194E33
100
AcDbEntity
  8
Kich thuoc
 62
     2
370
    -2
100
AcDbBlockReference
  2
_Oblique
 10
6236.875636935693
 20
3741.335447867163
 30
0.0
 41
60.0
 42
60.0
 43
60.0
  0
MTEXT
  5
1B2B85
330
194E33
100
AcDbEntity
  8
Kich thuoc
 62
     4
100
AcDbMText
 10
5374.3756368514
 20
3821.335447867163
 30
0.0
 40
80.0
 41
0.0
 46
0.0
 71
     5
 72
     1
  1
\A1;1725
  7
Kichthuoc
 73
     1
 44
1.0
  0
POINT
  5
1B2B86
330
194E33
100
AcDbEntity
  8
DEFPOINTS
 62
     0
100
AcDbPoint
 10
4511.875636767109
 20
3235.168298485398
 30
0.0
  0
POINT
  5
1B2B87
330
194E33
100
AcDbEntity
  8
DEFPOINTS
 62
     0
100
AcDbPoint
 10
6236.875636935693
 20
3235.168298485398
 30
0.0
  0
POINT
  5
1B2B88
330
194E33
100
AcDbEntity
  8
DEFPOINTS
 62
     0
100
AcDbPoint
 10
6236.875636935693
 20
3741.335447867163
 30
0.0
  0
ENDBLK
  5
194E3E
330
194E33
100
AcDbEntity
  8
0
100
AcDbBlockEnd
  0
BLOCK
  5
194E57
330
194E4D
100
AcDbEntity
  8
0
100
AcDbBlockBegin
  2
*D53
 70
     1
 10
0.0
 20
0.0
 30
0.0
  3
*D53
  1

  0
LINE
  5
1B2B77
330
194E4D
100
AcDbEntity
  8
Kich thuoc
 62
     2
370
    -2
100
AcDbLine
 10
6236.875636935693
 20
3315.168298485398
 30
0.0
 11
6236.875636935693
 21
3781.335447867163
 31
0.0
  0
LINE
  5
1B2B78
330
194E4D
100
AcDbEntity
  8
Kich thuoc
 62
     2
370
    -2
100
AcDbLine
 10
7986.875636767123
 20
3315.168298485398
 30
0.0
 11
7986.875636767123
 21
3781.335447867163
 31
0.0
  0
LINE
  5
1B2B79
330
194E4D
100
AcDbEntity
  8
Kich thuoc
 62
     2
370
    -2
100
AcDbLine
 10
6196.875636935692
 20
3741.335447867163
 30
0.0
 11
8026.875636767123
 21
3741.335447867163
 31
0.0
  0
INSERT
  5
1B2B7A
330
194E4D
100
AcDbEntity
  8
Kich thuoc
 62
     2
370
    -2
100
AcDbBlockReference
  2
_Oblique
 10
6236.875636935693
 20
3741.335447867163
 30
0.0
 41
60.0
 42
60.0
 43
60.0
 50
180.0
  0
INSERT
  5
1B2B7B
330
194E4D
100
AcDbEntity
  8
Kich thuoc
 62
     2
370
    -2
100
AcDbBlockReference
  2
_Oblique
 10
7986.875636767123
 20
3741.335447867163
 30
0.0
 41
60.0
 42
60.0
 43
60.0
  0
MTEXT
  5
1B2B7C
330
194E4D
100
AcDbEntity
  8
Kich thuoc
 62
     4
100
AcDbMText
 10
7111.875636851408
 20
3821.335447867163
 30
0.0
 40
80.0
 41
0.0
 46
0.0
 71
     5
 72
     1
  1
\A1;1750
  7
Kichthuoc
 73
     1
 44
1.0
  0
POINT
  5
1B2B7D
330
194E4D
100
AcDbEntity
  8
DEFPOINTS
 62
     0
100
AcDbPoint
 10
6236.875636935693
 20
3235.168298485398
 30
0.0
  0
POINT
  5
1B2B7E
330
194E4D
100
AcDbEntity
  8
DEFPOINTS
 62
     0
100
AcDbPoint
 10
7986.875636767123
 20
3235.168298485398
 30
0.0
  0
POINT
  5
1B2B7F
330
194E4D
100
AcDbEntity
  8
DEFPOINTS
 62
     0
100
AcDbPoint
 10
7986.875636767123
 20
3741.335447867163
 30
0.0
  0
ENDBLK
  5
194E58
330
194E4D
100
AcDbEntity
  8
0
100
AcDbBlockEnd
  0
BLOCK
  5
194E66
330
194E5A
100
AcDbEntity
  8
0
100
AcDbBlockBegin
  2
*D54
 70
     1
 10
0.0
 20
0.0
 30
0.0
  3
*D54
  1

  0
LINE
  5
1B2B6C
330
194E5A
100
AcDbEntity
  8
Kich thuoc
 62
     2
370
    -2
100
AcDbLine
 10
7986.875636767123
 20
3315.168298485398
 30
0.0
 11
7986.875636767123
 21
3781.335447867163
 31
0.0
  0
LINE
  5
1B2B6D
330
194E5A
100
AcDbEntity
  8
Kich thuoc
 62
     2
370
    -2
100
AcDbLine
 10
7988.875636767109
 20
3315.168298485398
 30
0.0
 11
7988.875636767109
 21
3781.335447867163
 31
0.0
  0
LINE
  5
1B2B6E
330
194E5A
100
AcDbEntity
  8
Kich thuoc
 62
     2
370
    -2
100
AcDbLine
 10
7986.875636767123
 20
3741.335447867163
 30
0.0
 11
7926.875636767123
 21
3741.335447867163
 31
0.0
  0
LINE
  5
1B2B6F
330
194E5A
100
AcDbEntity
  8
Kich thuoc
 62
     2
370
    -2
100
AcDbLine
 10
7988.875636767109
 20
3741.335447867163
 30
0.0
 11
8048.875636767109
 21
3741.335447867163
 31
0.0
  0
LINE
  5
1B2B70
330
194E5A
100
AcDbEntity
  8
Kich thuoc
 62
     2
370
    -2
100
AcDbLine
 10
7986.875636767123
 20
3741.335447867163
 30
0.0
 11
7988.875636767109
 21
3741.335447867163
 31
0.0
  0
INSERT
  5
1B2B71
330
194E5A
100
AcDbEntity
  8
Kich thuoc
 62
     2
370
    -2
100
AcDbBlockReference
  2
_Oblique
 10
7986.875636767123
 20
3741.335447867163
 30
0.0
 41
60.0
 42
60.0
 43
60.0
  0
INSERT
  5
1B2B72
330
194E5A
100
AcDbEntity
  8
Kich thuoc
 62
     2
370
    -2
100
AcDbBlockReference
  2
_Oblique
 10
7988.875636767109
 20
3741.335447867163
 30
0.0
 41
60.0
 42
60.0
 43
60.0
 50
180.0
  0
MTEXT
  5
1B2B73
330
194E5A
100
AcDbEntity
  8
Kich thuoc
 62
     4
100
AcDbMText
 10
7987.875636767116
 20
3821.335447867163
 30
0.0
 40
80.0
 41
0.0
 46
0.0
 71
     5
 72
     1
  1
\A1;2
  7
Kichthuoc
 73
     1
 44
1.0
  0
POINT
  5
1B2B74
330
194E5A
100
AcDbEntity
  8
DEFPOINTS
 62
     0
100
AcDbPoint
 10
7986.875636767123
 20
3235.168298485398
 30
0.0
  0
POINT
  5
1B2B75
330
194E5A
100
AcDbEntity
  8
DEFPOINTS
 62
     0
100
AcDbPoint
 10
7988.875636767109
 20
3235.168298485398
 30
0.0
  0
POINT
  5
1B2B76
330
194E5A
100
AcDbEntity
  8
DEFPOINTS
 62
     0
100
AcDbPoint
 10
7988.875636767109
 20
3741.335447867163
 30
0.0
  0
ENDBLK
  5
194E67
330
194E5A
100
AcDbEntity
  8
0
100
AcDbBlockEnd
  0
BLOCK
  5
194E75
330
194E69
100
AcDbEntity
  8
0
100
AcDbBlockBegin
  2
*D55
 70
     1
 10
0.0
 20
0.0
 30
0.0
  3
*D55
  1

  0
LINE
  5
1B2B61
330
194E69
100
AcDbEntity
  8
Kich thuoc
 62
     2
370
    -2
100
AcDbLine
 10
7988.875636767109
 20
3315.168298485398
 30
0.0
 11
7988.875636767109
 21
3781.335447867163
 31
0.0
  0
LINE
  5
1B2B62
330
194E69
100
AcDbEntity
  8
Kich thuoc
 62
     2
370
    -2
100
AcDbLine
 10
8148.875636767007
 20
3315.168298485398
 30
0.0
 11
8148.875636767007
 21
3781.335447867163
 31
0.0
  0
LINE
  5
1B2B63
330
194E69
100
AcDbEntity
  8
Kich thuoc
 62
     2
370
    -2
100
AcDbLine
 10
7988.875636767109
 20
3741.335447867163
 30
0.0
 11
7928.875636767108
 21
3741.335447867163
 31
0.0
  0
LINE
  5
1B2B64
330
194E69
100
AcDbEntity
  8
Kich thuoc
 62
     2
370
    -2
100
AcDbLine
 10
8148.875636767007
 20
3741.335447867163
 30
0.0
 11
8208.875636767007
 21
3741.335447867163
 31
0.0
  0
LINE
  5
1B2B65
330
194E69
100
AcDbEntity
  8
Kich thuoc
 62
     2
370
    -2
100
AcDbLine
 10
7988.875636767109
 20
3741.335447867163
 30
0.0
 11
8148.875636767007
 21
3741.335447867163
 31
0.0
  0
INSERT
  5
1B2B66
330
194E69
100
AcDbEntity
  8
Kich thuoc
 62
     2
370
    -2
100
AcDbBlockReference
  2
_Oblique
 10
7988.875636767109
 20
3741.335447867163
 30
0.0
 41
60.0
 42
60.0
 43
60.0
  0
INSERT
  5
1B2B67
330
194E69
100
AcDbEntity
  8
Kich thuoc
 62
     2
370
    -2
100
AcDbBlockReference
  2
_Oblique
 10
8148.875636767007
 20
3741.335447867163
 30
0.0
 41
60.0
 42
60.0
 43
60.0
 50
180.0
  0
MTEXT
  5
1B2B68
330
194E69
100
AcDbEntity
  8
Kich thuoc
 62
     4
100
AcDbMText
 10
8068.875636767058
 20
3821.335447867163
 30
0.0
 40
80.0
 41
0.0
 46
0.0
 71
     5
 72
     1
  1
\A1;160
  7
Kichthuoc
 73
     1
 44
1.0
  0
POINT
  5
1B2B69
330
194E69
100
AcDbEntity
  8
DEFPOINTS
 62
     0
100
AcDbPoint
 10
7988.875636767109
 20
3235.168298485398
 30
0.0
  0
POINT
  5
1B2B6A
330
194E69
100
AcDbEntity
  8
DEFPOINTS
 62
     0
100
AcDbPoint
 10
8148.875636767007
 20
3235.168298485398
 30
0.0
  0
POINT
  5
1B2B6B
330
194E69
100
AcDbEntity
  8
DEFPOINTS
 62
     0
100
AcDbPoint
 10
8148.875636767007
 20
3741.335447867163
 30
0.0
  0
ENDBLK
  5
194E76
330
194E69
100
AcDbEntity
  8
0
100
AcDbBlockEnd
  0
BLOCK
  5
194E82
330
194E78
100
AcDbEntity
  8
0
100
AcDbBlockBegin
  2
*D56
 70
     1
 10
0.0
 20
0.0
 30
0.0
  3
*D56
  1

  0
LINE
  5
1B2B58
330
194E78
100
AcDbEntity
  8
Kich thuoc
 62
     2
370
    -2
100
AcDbLine
 10
8148.875636767007
 20
3315.168298485398
 30
0.0
 11
8148.875636767007
 21
3781.335447867163
 31
0.0
  0
LINE
  5
1B2B59
330
194E78
100
AcDbEntity
  8
Kich thuoc
 62
     2
370
    -2
100
AcDbLine
 10
10243.87563676701
 20
3315.168298485398
 30
0.0
 11
10243.87563676701
 21
3781.335447867163
 31
0.0
  0
LINE
  5
1B2B5A
330
194E78
100
AcDbEntity
  8
Kich thuoc
 62
     2
370
    -2
100
AcDbLine
 10
8108.875636767008
 20
3741.335447867163
 30
0.0
 11
10283.87563676701
 21
3741.335447867163
 31
0.0
  0
INSERT
  5
1B2B5B
330
194E78
100
AcDbEntity
  8
Kich thuoc
 62
     2
370
    -2
100
AcDbBlockReference
  2
_Oblique
 10
8148.875636767007
 20
3741.335447867163
 30
0.0
 41
60.0
 42
60.0
 43
60.0
 50
180.0
  0
INSERT
  5
1B2B5C
330
194E78
100
AcDbEntity
  8
Kich thuoc
 62
     2
370
    -2
100
AcDbBlockReference
  2
_Oblique
 10
10243.87563676701
 20
3741.335447867163
 30
0.0
 41
60.0
 42
60.0
 43
60.0
  0
MTEXT
  5
1B2B5D
330
194E78
100
AcDbEntity
  8
Kich thuoc
 62
     4
100
AcDbMText
 10
9196.375636767006
 20
3821.335447867163
 30
0.0
 40
80.0
 41
0.0
 46
0.0
 71
     5
 72
     1
  1
\A1;2095
  7
Kichthuoc
 73
     1
 44
1.0
  0
POINT
  5
1B2B5E
330
194E78
100
AcDbEntity
  8
DEFPOINTS
 62
     0
100
AcDbPoint
 10
8148.875636767007
 20
3235.168298485398
 30
0.0
  0
POINT
  5
1B2B5F
330
194E78
100
AcDbEntity
  8
DEFPOINTS
 62
     0
100
AcDbPoint
 10
10243.87563676701
 20
3235.168298485398
 30
0.0
  0
POINT
  5
1B2B60
330
194E78
100
AcDbEntity
  8
DEFPOINTS
 62
     0
100
AcDbPoint
 10
10243.87563676701
 20
3741.335447867163
 30
0.0
  0
ENDBLK
  5
194E83
330
194E78
100
AcDbEntity
  8
0
100
AcDbBlockEnd
  0
BLOCK
  5
194E8F
330
194E85
100
AcDbEntity
  8
0
100
AcDbBlockBegin
  2
*D57
 70
     1
 10
0.0
 20
0.0
 30
0.0
  3
*D57
  1

  0
LINE
  5
1B2B4F
330
194E85
100
AcDbEntity
  8
Kich thuoc
 62
     2
370
    -2
100
AcDbLine
 10
10243.87563676701
 20
3315.168298485398
 30
0.0
 11
10243.87563676701
 21
3781.335447867163
 31
0.0
  0
LINE
  5
1B2B50
330
194E85
100
AcDbEntity
  8
Kich thuoc
 62
     2
370
    -2
100
AcDbLine
 10
12308.875636767
 20
3315.168298485398
 30
0.0
 11
12308.875636767
 21
3781.335447867163
 31
0.0
  0
LINE
  5
1B2B51
330
194E85
100
AcDbEntity
  8
Kich thuoc
 62
     2
370
    -2
100
AcDbLine
 10
10203.87563676701
 20
3741.335447867163
 30
0.0
 11
12348.875636767
 21
3741.335447867163
 31
0.0
  0
INSERT
  5
1B2B52
330
194E85
100
AcDbEntity
  8
Kich thuoc
 62
     2
370
    -2
100
AcDbBlockReference
  2
_Oblique
 10
10243.87563676701
 20
3741.335447867163
 30
0.0
 41
60.0
 42
60.0
 43
60.0
 50
180.0
  0
INSERT
  5
1B2B53
330
194E85
100
AcDbEntity
  8
Kich thuoc
 62
     2
370
    -2
100
AcDbBlockReference
  2
_Oblique
 10
12308.875636767
 20
3741.335447867163
 30
0.0
 41
60.0
 42
60.0
 43
60.0
  0
MTEXT
  5
1B2B54
330
194E85
100
AcDbEntity
  8
Kich thuoc
 62
     4
100
AcDbMText
 10
11276.375636767
 20
3821.335447867163
 30
0.0
 40
80.0
 41
0.0
 46
0.0
 71
     5
 72
     1
  1
\A1;2065
  7
Kichthuoc
 73
     1
 44
1.0
  0
POINT
  5
1B2B55
330
194E85
100
AcDbEntity
  8
DEFPOINTS
 62
     0
100
AcDbPoint
 10
10243.87563676701
 20
3235.168298485398
 30
0.0
  0
POINT
  5
1B2B56
330
194E85
100
AcDbEntity
  8
DEFPOINTS
 62
     0
100
AcDbPoint
 10
12308.875636767
 20
3235.168298485398
 30
0.0
  0
POINT
  5
1B2B57
330
194E85
100
AcDbEntity
  8
DEFPOINTS
 62
     0
100
AcDbPoint
 10
12308.875636767
 20
3741.335447867163
 30
0.0
  0
ENDBLK
  5
194E90
330
194E85
100
AcDbEntity
  8
0
100
AcDbBlockEnd
  0
BLOCK
  5
194E9C
330
194E92
100
AcDbEntity
  8
0
100
AcDbBlockBegin
  2
*D58
 70
     1
 10
0.0
 20
0.0
 30
0.0
  3
*D58
  1

  0
LINE
  5
1B2B46
330
194E92
100
AcDbEntity
  8
Kich thuoc
 62
     2
370
    -2
100
AcDbLine
 10
12308.875636767
 20
3315.168298485398
 30
0.0
 11
12308.875636767
 21
3781.335447867163
 31
0.0
  0
LINE
  5
1B2B47
330
194E92
100
AcDbEntity
  8
Kich thuoc
 62
     2
370
    -2
100
AcDbLine
 10
12987.87563676711
 20
3315.168298485398
 30
0.0
 11
12987.87563676711
 21
3781.335447867163
 31
0.0
  0
LINE
  5
1B2B48
330
194E92
100
AcDbEntity
  8
Kich thuoc
 62
     2
370
    -2
100
AcDbLine
 10
12268.875636767
 20
3741.335447867163
 30
0.0
 11
13027.87563676711
 21
3741.335447867163
 31
0.0
  0
INSERT
  5
1B2B49
330
194E92
100
AcDbEntity
  8
Kich thuoc
 62
     2
370
    -2
100
AcDbBlockReference
  2
_Oblique
 10
12308.875636767
 20
3741.335447867163
 30
0.0
 41
60.0
 42
60.0
 43
60.0
 50
180.0
  0
INSERT
  5
1B2B4A
330
194E92
100
AcDbEntity
  8
Kich thuoc
 62
     2
370
    -2
100
AcDbBlockReference
  2
_Oblique
 10
12987.87563676711
 20
3741.335447867163
 30
0.0
 41
60.0
 42
60.0
 43
60.0
  0
MTEXT
  5
1B2B4B
330
194E92
100
AcDbEntity
  8
Kich thuoc
 62
     4
100
AcDbMText
 10
12648.37563676705
 20
3821.335447867163
 30
0.0
 40
80.0
 41
0.0
 46
0.0
 71
     5
 72
     1
  1
\A1;679
  7
Kichthuoc
 73
     1
 44
1.0
  0
POINT
  5
1B2B4C
330
194E92
100
AcDbEntity
  8
DEFPOINTS
 62
     0
100
AcDbPoint
 10
12308.875636767
 20
3235.168298485398
 30
0.0
  0
POINT
  5
1B2B4D
330
194E92
100
AcDbEntity
  8
DEFPOINTS
 62
     0
100
AcDbPoint
 10
12987.87563676711
 20
3235.168298485398
 30
0.0
  0
POINT
  5
1B2B4E
330
194E92
100
AcDbEntity
  8
DEFPOINTS
 62
     0
100
AcDbPoint
 10
12987.87563676711
 20
3741.335447867163
 30
0.0
  0
ENDBLK
  5
194E9D
330
194E92
100
AcDbEntity
  8
0
100
AcDbBlockEnd
  0
BLOCK
  5
1B092D
330
1B092A
100
AcDbEntity
  8
0
100
AcDbBlockBegin
  2
_ArchTick
 70
     0
 10
0.0
 20
0.0
 30
0.0
  3
_ArchTick
  1

  0
LWPOLYLINE
  5
1B092E
330
1B092A
100
AcDbEntity
  8
0
  6
ByBlock
 62
     0
100
AcDbPolyline
 90
        2
 70
     0
 43
0.15
 10
-0.5
 20
-0.5
 10
0.5
 20
0.5
  0
ENDBLK
  5
1B092F
330
1B092A
100
AcDbEntity
  8
0
100
AcDbBlockEnd
  0
BLOCK
  5
1B0931
330
1B0930
100
AcDbEntity
  8
0
100
AcDbBlockBegin
  2
Lamda 400H-3500L (mdung)
 70
     0
 10
0.0
 20
0.0
 30
0.0
  3
Lamda 400H-3500L (mdung)
  1

  0
LINE
  5
1B321A
330
1B0930
100
AcDbEntity
  8
Dem tau
100
AcDbLine
 10
80.0
 20
-15.00000000001455
 30
0.0
 11
53.0
 21
-15.00000000001455
 31
0.0
  0
LINE
  5
1B321B
330
1B0930
100
AcDbEntity
  8
Dem tau
100
AcDbLine
 10
53.0
 20
-15.00000000001455
 30
0.0
 11
80.0
 21
-15.00000000001455
 31
0.0
  0
ARC
  5
1B321C
330
1B0930
100
AcDbEntity
  8
Dem tau
100
AcDbCircle
 10
57.05066820874344
 20
-6.136041480538551
 30
0.0
 40
4.05295203791722
100
AcDbArc
 50
178.0764472398484
 51
248.0888056632679
  0
LINE
  5
1B321D
330
1B0930
100
AcDbEntity
  8
Dem tau
100
AcDbLine
 10
80.0
 20
404.9999999999854
 30
0.0
 11
53.0
 21
404.9999999999854
 31
0.0
  0
ARC
  5
1B321E
330
1B0930
100
AcDbEntity
  8
Dem tau
100
AcDbCircle
 10
57.05066820874344
 20
396.1360414805095
 30
0.0
 40
4.05295203791722
100
AcDbArc
 50
111.9111943367322
 51
181.9235527601515
  0
LINE
  5
1B321F
330
1B0930
100
AcDbEntity
  8
Dem tau
100
AcDbLine
 10
64.0
 20
404.9999999999854
 30
0.0
 11
64.0
 21
-15.00000000001455
 31
0.0
  0
LINE
  5
1B3220
330
1B0930
100
AcDbEntity
  8
Dem tau
100
AcDbLine
 10
80.0
 20
-15.00000000001455
 30
0.0
 11
80.0
 21
404.9999999999854
 31
0.0
  0
LINE
  5
1B3221
330
1B0930
100
AcDbEntity
  8
Dem tau
100
AcDbLine
 10
64.0
 20
-15.00000000001455
 30
0.0
 11
55.53823192953132
 21
-9.896221891525783
 31
0.0
  0
LINE
  5
1B3222
330
1B0930
100
AcDbEntity
  8
Dem tau
100
AcDbLine
 10
64.0
 20
404.9999999999854
 30
0.0
 11
55.53823192953132
 21
399.8962218914967
 31
0.0
  0
LINE
  5
1B3223
330
1B0930
100
AcDbEntity
  8
Tim
 48
20.0
100
AcDbLine
 10
40.0
 20
414.468556476364
 30
0.0
 11
40.0
 21
-25.53144352363597
 31
0.0
  0
LINE
  5
1B3224
330
1B0930
100
AcDbEntity
  8
Dem tau
100
AcDbLine
 10
53.0
 20
395.9999999999855
 30
0.0
 11
53.0
 21
-5.99999999954889
 31
0.0
  0
LINE
  5
1B3225
330
1B0930
100
AcDbEntity
  8
Dem tau
100
AcDbLine
 10
27.0
 20
395.9999999999855
 30
0.0
 11
27.0
 21
-5.99999999954889
 31
0.0
  0
LINE
  5
1B3226
330
1B0930
100
AcDbEntity
  8
Dem tau
100
AcDbLine
 10
16.0
 20
404.9999999999854
 30
0.0
 11
16.0
 21
-15.00000000001455
 31
0.0
  0
LINE
  5
1B3227
330
1B0930
100
AcDbEntity
  8
Dem tau
100
AcDbLine
 10
0.0
 20
404.9999999999854
 30
0.0
 11
0.0
 21
-15.00000000001455
 31
0.0
  0
LINE
  5
1B3228
330
1B0930
100
AcDbEntity
  8
Dem tau
100
AcDbLine
 10
53.0
 20
-5.000000000014551
 30
0.0
 11
27.0
 21
-5.000000000014551
 31
0.0
  0
LINE
  5
1B3229
330
1B0930
100
AcDbEntity
  8
Dem tau
100
AcDbLine
 10
27.0
 20
-14.99999999954889
 30
0.0
 11
37.71925270627253
 21
-9.505490680618095
 31
0.0
  0
ARC
  5
1B322A
330
1B0930
100
AcDbEntity
  8
Dem tau
100
AcDbCircle
 10
40.0
 20
-13.9550065848598
 30
0.0
 40
5.0
100
AcDbArc
 50
62.86108315371098
 51
117.138916846289
  0
LINE
  5
1B322B
330
1B0930
100
AcDbEntity
  8
Dem tau
100
AcDbLine
 10
53.0
 20
-14.99999999954889
 30
0.0
 11
42.28074729372747
 21
-9.505490680618095
 31
0.0
  0
LINE
  5
1B322C
330
1B0930
100
AcDbEntity
  8
Dem tau
100
AcDbLine
 10
0.0
 20
-15.00000000001455
 30
0.0
 11
27.0
 21
-15.00000000001455
 31
0.0
  0
LINE
  5
1B322D
330
1B0930
100
AcDbEntity
  8
Dem tau
100
AcDbLine
 10
27.0
 20
-15.00000000001455
 30
0.0
 11
0.0
 21
-15.00000000001455
 31
0.0
  0
ARC
  5
1B322E
330
1B0930
100
AcDbEntity
  8
Dem tau
100
AcDbCircle
 10
22.94933179125655
 20
-6.136041480538551
 30
0.0
 40
4.05295203791722
100
AcDbArc
 50
291.9111943367322
 51
1.923552760151564
  0
LINE
  5
1B322F
330
1B0930
100
AcDbEntity
  8
Dem tau
100
AcDbLine
 10
16.0
 20
-15.00000000001455
 30
0.0
 11
24.46176807046868
 21
-9.896221891525783
 31
0.0
  0
LINE
  5
1B3230
330
1B0930
100
AcDbEntity
  8
Dem tau
100
AcDbLine
 10
27.0
 20
404.9999999999854
 30
0.0
 11
0.0
 21
404.9999999999854
 31
0.0
  0
LINE
  5
1B3231
330
1B0930
100
AcDbEntity
  8
Dem tau
100
AcDbLine
 10
53.0
 20
394.9999999999855
 30
0.0
 11
27.0
 21
394.9999999999855
 31
0.0
  0
ARC
  5
1B3232
330
1B0930
100
AcDbEntity
  8
Dem tau
100
AcDbCircle
 10
22.94933179125655
 20
396.1360414805095
 30
0.0
 40
4.05295203791722
100
AcDbArc
 50
358.0764472398484
 51
68.08880566326783
  0
ARC
  5
1B3233
330
1B0930
100
AcDbEntity
  8
Dem tau
100
AcDbCircle
 10
40.0
 20
403.9550065852963
 30
0.0
 40
5.0
100
AcDbArc
 50
242.861083153711
 51
297.138916846289
  0
LINE
  5
1B3234
330
1B0930
100
AcDbEntity
  8
Dem tau
100
AcDbLine
 10
53.0
 20
404.9999999999854
 30
0.0
 11
42.28074729372747
 21
399.5054906810547
 31
0.0
  0
LINE
  5
1B3235
330
1B0930
100
AcDbEntity
  8
Dem tau
100
AcDbLine
 10
27.0
 20
404.9999999999854
 30
0.0
 11
37.71925270627253
 21
399.5054906810547
 31
0.0
  0
LINE
  5
1B3236
330
1B0930
100
AcDbEntity
  8
Dem tau
100
AcDbLine
 10
16.0
 20
404.9999999999854
 30
0.0
 11
24.46176807046868
 21
399.8962218914967
 31
0.0
  0
ELLIPSE
  5
1B3237
330
1B0930
100
AcDbEntity
  8
Dem tau
100
AcDbEllipse
 10
8.0
 20
-0.0000000000145519
 30
0.0
 11
-0.0000000000521178
 21
4.199999999982537
 31
0.0
210
0.0
220
0.0
230
-1.0
 40
0.5000000000242532
 41
0.0000000000248177
 42
6.283185307204403
  0
LINE
  5
1B3238
330
1B0930
100
AcDbEntity
  8
Tim
 48
5.0
100
AcDbLine
 10
14.22649877029471
 20
-0.0000000000145519
 30
0.0
 11
-3.325870429631322
 21
-0.0000000000145519
 31
0.0
  0
LINE
  5
1B3239
330
1B0930
100
AcDbEntity
  8
Tim
 48
5.0
100
AcDbLine
 10
8.0
 20
-8.416159609114401
 30
0.0
 11
8.0
 21
9.302341371119837
 31
0.0
  0
LWPOLYLINE
  5
1B323A
330
1B0930
100
AcDbEntity
  8
Dem tau
100
AcDbPolyline
 90
        4
 70
     1
 43
0.0
 10
12.0
 20
-6.000000000014551
 10
12.0
 20
5.999999999985448
 10
0.0
 20
5.999999999985448
 10
0.0
 20
-6.000000000014551
  0
LWPOLYLINE
  5
1B323B
330
1B0930
100
AcDbEntity
  8
Dem tau
100
AcDbPolyline
 90
        4
 70
     1
 43
0.0
 10
68.0
 20
-6.000000000014551
 10
68.0
 20
5.999999999985448
 10
80.0
 20
5.999999999985448
 10
80.0
 20
-6.000000000014551
  0
LINE
  5
1B323C
330
1B0930
100
AcDbEntity
  8
Tim
 48
5.0
100
AcDbLine
 10
72.0
 20
-8.416159609114401
 30
0.0
 11
72.0
 21
9.302341371119837
 31
0.0
  0
LINE
  5
1B323D
330
1B0930
100
AcDbEntity
  8
Tim
 48
5.0
100
AcDbLine
 10
65.77350122970528
 20
-0.0000000000145519
 30
0.0
 11
83.32587042963131
 21
-0.0000000000145519
 31
0.0
  0
ELLIPSE
  5
1B323E
330
1B0930
100
AcDbEntity
  8
Dem tau
100
AcDbEllipse
 10
72.0
 20
-0.0000000000145519
 30
0.0
 11
0.0000000000521178
 21
4.199999999982537
 31
0.0
210
0.0
220
0.0
230
1.0
 40
0.5000000000242532
 41
0.0000000000248177
 42
6.283185307204403
  0
ELLIPSE
  5
1B323F
330
1B0930
100
AcDbEntity
  8
Dem tau
100
AcDbEllipse
 10
8.0
 20
97.20342519995757
 30
0.0
 11
-0.0000000000521178
 21
4.199999999982537
 31
0.0
210
0.0
220
0.0
230
-1.0
 40
0.5000000000242532
 41
0.0000000000248177
 42
6.283185307204403
  0
LINE
  5
1B3240
330
1B0930
100
AcDbEntity
  8
Tim
 48
5.0
100
AcDbLine
 10
14.22649877029471
 20
97.20342519995757
 30
0.0
 11
-3.325870429631322
 21
97.20342519995757
 31
0.0
  0
LINE
  5
1B3241
330
1B0930
100
AcDbEntity
  8
Tim
 48
5.0
100
AcDbLine
 10
8.0
 20
88.78726559085771
 30
0.0
 11
8.0
 21
106.5057665710919
 31
0.0
  0
LWPOLYLINE
  5
1B3242
330
1B0930
100
AcDbEntity
  8
Dem tau
100
AcDbPolyline
 90
        4
 70
     1
 43
0.0
 10
12.0
 20
91.20342519995757
 10
12.0
 20
103.2034251999575
 10
0.0
 20
103.2034251999575
 10
0.0
 20
91.20342519995757
  0
LWPOLYLINE
  5
1B3243
330
1B0930
100
AcDbEntity
  8
Dem tau
100
AcDbPolyline
 90
        4
 70
     1
 43
0.0
 10
68.0
 20
91.20342519995757
 10
68.0
 20
103.2034251999575
 10
80.0
 20
103.2034251999575
 10
80.0
 20
91.20342519995757
  0
LINE
  5
1B3244
330
1B0930
100
AcDbEntity
  8
Tim
 48
5.0
100
AcDbLine
 10
72.0
 20
88.78726559085771
 30
0.0
 11
72.0
 21
106.5057665710919
 31
0.0
  0
LINE
  5
1B3245
330
1B0930
100
AcDbEntity
  8
Tim
 48
5.0
100
AcDbLine
 10
65.77350122970528
 20
97.20342519995757
 30
0.0
 11
83.32587042963131
 21
97.20342519995757
 31
0.0
  0
ELLIPSE
  5
1B3246
330
1B0930
100
AcDbEntity
  8
Dem tau
100
AcDbEllipse
 10
72.0
 20
97.20342519995757
 30
0.0
 11
0.0000000000521178
 21
4.199999999982537
 31
0.0
210
0.0
220
0.0
230
1.0
 40
0.5000000000242532
 41
0.0000000000248177
 42
6.283185307204403
  0
ELLIPSE
  5
1B3247
330
1B0930
100
AcDbEntity
  8
Dem tau
100
AcDbEllipse
 10
8.0
 20
194.9999999999854
 30
0.0
 11
-0.0000000000521178
 21
4.199999999982537
 31
0.0
210
0.0
220
0.0
230
-1.0
 40
0.5000000000242532
 41
0.0000000000248177
 42
6.283185307204403
  0
LINE
  5
1B3248
330
1B0930
100
AcDbEntity
  8
Tim
 48
5.0
100
AcDbLine
 10
14.22649877029471
 20
194.9999999999854
 30
0.0
 11
-3.325870429631322
 21
194.9999999999854
 31
0.0
  0
LINE
  5
1B3249
330
1B0930
100
AcDbEntity
  8
Tim
 48
5.0
100
AcDbLine
 10
8.0
 20
186.5838403908856
 30
0.0
 11
8.0
 21
204.3023413711198
 31
0.0
  0
LWPOLYLINE
  5
1B324A
330
1B0930
100
AcDbEntity
  8
Dem tau
100
AcDbPolyline
 90
        4
 70
     1
 43
0.0
 10
12.0
 20
188.9999999999854
 10
12.0
 20
200.9999999999855
 10
0.0
 20
200.9999999999855
 10
0.0
 20
188.9999999999854
  0
LWPOLYLINE
  5
1B324B
330
1B0930
100
AcDbEntity
  8
Dem tau
100
AcDbPolyline
 90
        4
 70
     1
 43
0.0
 10
68.0
 20
188.9999999999854
 10
68.0
 20
200.9999999999855
 10
80.0
 20
200.9999999999855
 10
80.0
 20
188.9999999999854
  0
LINE
  5
1B324C
330
1B0930
100
AcDbEntity
  8
Tim
 48
5.0
100
AcDbLine
 10
72.0
 20
186.5838403908856
 30
0.0
 11
72.0
 21
204.3023413711198
 31
0.0
  0
LINE
  5
1B324D
330
1B0930
100
AcDbEntity
  8
Tim
 48
5.0
100
AcDbLine
 10
65.77350122970528
 20
194.9999999999854
 30
0.0
 11
83.32587042963131
 21
194.9999999999854
 31
0.0
  0
ELLIPSE
  5
1B324E
330
1B0930
100
AcDbEntity
  8
Dem tau
100
AcDbEllipse
 10
72.0
 20
194.9999999999854
 30
0.0
 11
0.0000000000521178
 21
4.199999999982537
 31
0.0
210
0.0
220
0.0
230
1.0
 40
0.5000000000242532
 41
0.0000000000248177
 42
6.283185307204403
  0
ELLIPSE
  5
1B324F
330
1B0930
100
AcDbEntity
  8
Dem tau
100
AcDbEllipse
 10
8.0
 20
389.9999999999855
 30
0.0
 11
-0.0000000000521178
 21
4.199999999982537
 31
0.0
210
0.0
220
0.0
230
-1.0
 40
0.5000000000242532
 41
0.0000000000248177
 42
6.283185307204403
  0
LINE
  5
1B3250
330
1B0930
100
AcDbEntity
  8
Tim
 48
5.0
100
AcDbLine
 10
14.22649877029471
 20
389.9999999999855
 30
0.0
 11
-3.325870429631322
 21
389.9999999999855
 31
0.0
  0
LINE
  5
1B3251
330
1B0930
100
AcDbEntity
  8
Tim
 48
5.0
100
AcDbLine
 10
8.0
 20
381.5838403908856
 30
0.0
 11
8.0
 21
399.3023413711199
 31
0.0
  0
LWPOLYLINE
  5
1B3252
330
1B0930
100
AcDbEntity
  8
Dem tau
100
AcDbPolyline
 90
        4
 70
     1
 43
0.0
 10
12.0
 20
383.9999999999855
 10
12.0
 20
395.9999999999855
 10
0.0
 20
395.9999999999855
 10
0.0
 20
383.9999999999855
  0
LWPOLYLINE
  5
1B3253
330
1B0930
100
AcDbEntity
  8
Dem tau
100
AcDbPolyline
 90
        4
 70
     1
 43
0.0
 10
68.0
 20
383.9999999999855
 10
68.0
 20
395.9999999999855
 10
80.0
 20
395.9999999999855
 10
80.0
 20
383.9999999999855
  0
LINE
  5
1B3254
330
1B0930
100
AcDbEntity
  8
Tim
 48
5.0
100
AcDbLine
 10
72.0
 20
381.5838403908856
 30
0.0
 11
72.0
 21
399.3023413711199
 31
0.0
  0
LINE
  5
1B3255
330
1B0930
100
AcDbEntity
  8
Tim
 48
5.0
100
AcDbLine
 10
65.77350122970528
 20
389.9999999999855
 30
0.0
 11
83.32587042963131
 21
389.9999999999855
 31
0.0
  0
ELLIPSE
  5
1B3256
330
1B0930
100
AcDbEntity
  8
Dem tau
100
AcDbEllipse
 10
72.0
 20
389.9999999999855
 30
0.0
 11
0.0000000000521178
 21
4.199999999982537
 31
0.0
210
0.0
220
0.0
230
1.0
 40
0.5000000000242532
 41
0.0000000000248177
 42
6.283185307204403
  0
ELLIPSE
  5
1B3257
330
1B0930
100
AcDbEntity
  8
Dem tau
100
AcDbEllipse
 10
8.0
 20
294.5254892715602
 30
0.0
 11
-0.0000000000521178
 21
4.199999999982537
 31
0.0
210
0.0
220
0.0
230
-1.0
 40
0.5000000000242532
 41
0.0000000000248177
 42
6.283185307204403
  0
LINE
  5
1B3258
330
1B0930
100
AcDbEntity
  8
Tim
 48
5.0
100
AcDbLine
 10
14.22649877029471
 20
294.5254892715602
 30
0.0
 11
-3.325870429631322
 21
294.5254892715602
 31
0.0
  0
LINE
  5
1B3259
330
1B0930
100
AcDbEntity
  8
Tim
 48
5.0
100
AcDbLine
 10
8.0
 20
286.1093296624604
 30
0.0
 11
8.0
 21
303.8278306426946
 31
0.0
  0
LWPOLYLINE
  5
1B325A
330
1B0930
100
AcDbEntity
  8
Dem tau
100
AcDbPolyline
 90
        4
 70
     1
 43
0.0
 10
12.0
 20
288.5254892715602
 10
12.0
 20
300.5254892715602
 10
0.0
 20
300.5254892715602
 10
0.0
 20
288.5254892715602
  0
LWPOLYLINE
  5
1B325B
330
1B0930
100
AcDbEntity
  8
Dem tau
100
AcDbPolyline
 90
        4
 70
     1
 43
0.0
 10
68.0
 20
288.5254892715602
 10
68.0
 20
300.5254892715602
 10
80.0
 20
300.5254892715602
 10
80.0
 20
288.5254892715602
  0
LINE
  5
1B325C
330
1B0930
100
AcDbEntity
  8
Tim
 48
5.0
100
AcDbLine
 10
72.0
 20
286.1093296624604
 30
0.0
 11
72.0
 21
303.8278306426946
 31
0.0
  0
LINE
  5
1B325D
330
1B0930
100
AcDbEntity
  8
Tim
 48
5.0
100
AcDbLine
 10
65.77350122970528
 20
294.5254892715602
 30
0.0
 11
83.32587042963131
 21
294.5254892715602
 31
0.0
  0
ELLIPSE
  5
1B325E
330
1B0930
100
AcDbEntity
  8
Dem tau
100
AcDbEllipse
 10
72.0
 20
294.5254892715602
 30
0.0
 11
0.0000000000521178
 21
4.199999999982537
 31
0.0
210
0.0
220
0.0
230
1.0
 40
0.5000000000242532
 41
0.0000000000248177
 42
6.283185307204403
  0
ENDBLK
  5
1B0977
330
1B0930
100
AcDbEntity
  8
0
100
AcDbBlockEnd
  0
BLOCK
  5
1B0A26
330
1B0A23
100
AcDbEntity
  8
0
100
AcDbBlockBegin
  2
Bich ton
 70
     0
 10
0.0
 20
0.0
 30
0.0
  3
Bich ton
  1

  0
LINE
  5
1B0A27
330
1B0A23
100
AcDbEntity
  8
CENTER
100
AcDbLine
 10
0.0
 20
0.0
 30
0.0
 11
0.0
 21
38.0
 31
0.0
  0
LINE
  5
1B0A28
330
1B0A23
100
AcDbEntity
  8
BORDER
100
AcDbLine
 10
-10.0
 20
0.0
 30
0.0
 11
-10.0
 21
30.0
 31
0.0
  0
LINE
  5
1B0A29
330
1B0A23
100
AcDbEntity
  8
BORDER
100
AcDbLine
 10
10.0
 20
0.0
 30
0.0
 11
10.0
 21
30.0
 31
0.0
  0
LINE
  5
1B0A2A
330
1B0A23
100
AcDbEntity
  8
BORDER
100
AcDbLine
 10
15.0
 20
30.0
 30
0.0
 11
-15.00000000001455
 21
30.0
 31
0.0
  0
LINE
  5
1B0A2B
330
1B0A23
100
AcDbEntity
  8
BORDER
100
AcDbLine
 10
-15.0
 20
30.0
 30
0.0
 11
-15.0
 21
35.0
 31
0.0
  0
LINE
  5
1B0A2C
330
1B0A23
100
AcDbEntity
  8
BORDER
100
AcDbLine
 10
15.0
 20
30.0
 30
0.0
 11
15.0
 21
35.0
 31
0.0
  0
LINE
  5
1B0A2D
330
1B0A23
100
AcDbEntity
  8
BORDER
100
AcDbLine
 10
15.0
 20
35.0
 30
0.0
 11
0.0
 21
38.0
 31
0.0
  0
LINE
  5
1B0A2E
330
1B0A23
100
AcDbEntity
  8
BORDER
100
AcDbLine
 10
-15.0
 20
35.0
 30
0.0
 11
-0.0000000000145519
 21
38.0
 31
0.0
  0
ENDBLK
  5
1B0A2F
330
1B0A23
100
AcDbEntity
  8
0
100
AcDbBlockEnd
  0
BLOCK
  5
1B12A1
330
1B12A0
100
AcDbEntity
  8
0
100
AcDbBlockBegin
  2
Dem CSS1600
 70
     0
 10
0.0
 20
0.0
 30
0.0
  3
Dem CSS1600
  1

  0
LWPOLYLINE
  5
1B12A2
330
1B12A0
100
AcDbEntity
  8
Net vang
100
AcDbPolyline
 90
        4
 70
     1
 43
0.0
 10
-69.06845755735776
 20
39.08829171808611
 42
0.9999999999999998
 10
-70.4735342692511
 20
40.51158347794262
 10
-79.72493070831842
 20
31.3785848505795
 42
0.9999999999999998
 10
-78.31985399642508
 20
29.95529309073754
  0
LWPOLYLINE
  5
1B12A3
330
1B12A0
100
AcDbEntity
  8
Net vang
100
AcDbPolyline
 90
        4
 70
     1
 43
0.0
 10
-76.93299233247308
 20
25.70363285912026
 10
-80.49122173211799
 20
22.19094107938872
 42
-0.9999999999999998
 10
-87.51660529161744
 20
29.30739987865673
 10
-83.95837589197981
 20
32.82009165840282
 42
-0.9999999999999998
  0
LWPOLYLINE
  5
1B12A4
330
1B12A0
100
AcDbEntity
  8
0
100
AcDbPolyline
 90
        4
 70
     1
 43
0.0
 10
0.0
 20
-98.50000000000001
 10
0.0
 20
98.50000000000001
 10
-3.5
 20
98.50000000000001
 10
-3.5
 20
-98.50000000000001
  0
LINE
  5
1B12A5
330
1B12A0
100
AcDbEntity
  8
Hatch
100
AcDbLine
 10
-8.798540502433752
 20
81.13125690365269
 30
0.0
 11
-8.798540502433752
 21
-81.01733814977341
 31
0.0
  0
LINE
  5
1B12A6
330
1B12A0
100
AcDbEntity
  8
Hatch
100
AcDbLine
 10
-28.79854050243375
 20
81.13125690365269
 30
0.0
 11
-28.79854050243375
 21
-81.01733814977341
 31
0.0
  0
LINE
  5
1B12A7
330
1B12A0
100
AcDbEntity
  8
Tim
 48
1.5
100
AcDbLine
 10
-177.9655701892661
 20
33.24048913043225
 30
0.0
 11
-177.9655701892661
 21
26.75951086953864
 31
0.0
  0
LWPOLYLINE
  5
1B12A8
330
1B12A0
100
AcDbEntity
  8
0
100
AcDbPolyline
 90
        4
 70
     1
 43
0.0
 10
-160.0
 20
-98.50000000000001
 10
-160.0
 20
98.50000000000001
 10
-156.5
 20
98.50000000000001
 10
-156.5
 20
-98.50000000000001
  0
LINE
  5
1B12A9
330
1B12A0
100
AcDbEntity
  8
Hatch
100
AcDbLine
 10
-121.2014594975662
 20
82.49999999998545
 30
0.0
 11
-121.2014594975662
 21
-82.50000000001454
 31
0.0
  0
LWPOLYLINE
  5
1B12AA
330
1B12A0
100
AcDbEntity
  8
0
100
AcDbPolyline
 90
        2
 70
     0
 43
0.0
 10
-156.5
 20
82.5
 10
-156.5
 20
-82.5
  0
LINE
  5
1B12AB
330
1B12A0
100
AcDbEntity
  8
Net vang
100
AcDbLine
 10
-170.3999999999978
 20
116.1512080156826
 30
0.0
 11
-170.3999999999978
 21
-175.0000000000145
 31
0.0
  0
LINE
  5
1B12AC
330
1B12A0
100
AcDbEntity
  8
Net vang
100
AcDbLine
 10
-173.3999999999978
 20
114.9999999999854
 30
0.0
 11
-173.3999999999978
 21
-175.0000000000145
 31
0.0
  0
LINE
  5
1B12AD
330
1B12A0
100
AcDbEntity
  8
0
100
AcDbLine
 10
-180.3999999999978
 20
114.9999999999854
 30
0.0
 11
-180.3999999999978
 21
-175.0000000000145
 31
0.0
  0
LINE
  5
1B12AE
330
1B12A0
100
AcDbEntity
  8
0
100
AcDbLine
 10
-160.0
 20
-175.0000000000145
 30
0.0
 11
-160.0
 21
124.9999999999854
 31
0.0
  0
LINE
  5
1B12AF
330
1B12A0
100
AcDbEntity
  8
Hatch
100
AcDbLine
 10
-38.79854050243375
 20
82.49999999998545
 30
0.0
 11
-38.79854050243375
 21
-82.50000000001454
 31
0.0
  0
LINE
  5
1B12B0
330
1B12A0
100
AcDbEntity
  8
Hatch
100
AcDbLine
 10
-131.2014594975662
 20
77.49999999998545
 30
0.0
 11
-131.2014594975662
 21
-77.50000000001455
 31
0.0
  0
LINE
  5
1B12B1
330
1B12A0
100
AcDbEntity
  8
Hatch
100
AcDbLine
 10
-151.2014594975662
 20
77.49999999998545
 30
0.0
 11
-151.2014594975662
 21
-77.50000000001455
 31
0.0
  0
LINE
  5
1B12B2
330
1B12A0
100
AcDbEntity
  8
Tim
 48
2.0
100
AcDbLine
 10
-194.4341158968746
 20
-0.0000000000145519
 30
0.0
 11
39.99999999999636
 21
-0.0000000000145519
 31
0.0
  0
LWPOLYLINE
  5
1B12B3
330
1B12A0
100
AcDbEntity
  8
Net vang
100
AcDbPolyline
 90
        4
 70
     1
 43
0.0
 10
-118.8836691523574
 20
-10.08939319846104
 42
0.9999999999999998
 10
-120.2887458642472
 20
-8.666101438604528
 10
-130.9634340631746
 20
-19.2041767778428
 42
0.9999999999999998
 10
-129.5583573512704
 20
-20.62746853772842
  0
LWPOLYLINE
  5
1B12B4
330
1B12A0
100
AcDbEntity
  8
Net vang
100
AcDbPolyline
 90
        4
 70
     1
 43
0.0
 10
-111.0919945690548
 20
-8.018208226523711
 10
-114.6502239686997
 20
-11.5309000062698
 42
-0.9999999999999998
 10
-121.6756075281992
 20
-4.414441206987248
 10
-118.1173781285615
 20
-0.9017494272557087
 42
-0.9999999999999998
  0
LINE
  5
1B12B5
330
1B12A0
100
AcDbEntity
  8
0
100
AcDbLine
 10
-131.2014594975662
 20
-77.50000000001455
 30
0.0
 11
-121.2014594975662
 21
-82.50000000001454
 31
0.0
  0
LWPOLYLINE
  5
1B12B6
330
1B12A0
100
AcDbEntity
  8
Net vang
100
AcDbPolyline
 90
        4
 70
     0
 43
0.0
 10
-170.3999999999978
 20
-50.66260150224843
 10
-165.3999999999942
 20
-50.66260150224843
 42
-0.9999999999999998
 10
-165.3999999999942
 20
-60.66260150226298
 10
-170.3999999999942
 20
-60.66260150226298
  0
LWPOLYLINE
  5
1B12B7
330
1B12A0
100
AcDbEntity
  8
Net vang
100
AcDbPolyline
 90
        4
 70
     1
 43
0.0
 10
-168.3999999999905
 20
-52.66260150224844
 10
-165.3999999999942
 20
-52.66260150224844
 42
-1.0
 10
-165.3999999999978
 20
-58.66260150226299
 10
-168.3999999999941
 20
-58.66260150226299
  0
LWPOLYLINE
  5
1B12B8
330
1B12A0
100
AcDbEntity
  8
Net vang
100
AcDbPolyline
 90
        4
 70
     1
 43
0.0
 10
-153.0426713889246
 20
-43.81123428413411
 42
0.9999999999999998
 10
-154.447748100818
 20
-42.3879425242776
 10
-165.1224362997454
 20
-52.92601786351588
 42
0.9999999999999998
 10
-163.7173595878412
 20
-54.3493096234015
  0
LWPOLYLINE
  5
1B12B9
330
1B12A0
100
AcDbEntity
  8
Net vang
100
AcDbPolyline
 90
        4
 70
     1
 43
0.0
 10
-145.2509968056256
 20
-41.74004931219679
 10
-148.8092262052705
 20
-45.25274109192833
 42
-0.9999999999999998
 10
-155.83460976477
 20
-38.13628229266033
 10
-152.2763803651323
 20
-34.62359051291424
 42
-0.9999999999999998
  0
LWPOLYLINE
  5
1B12BA
330
1B12A0
100
AcDbEntity
  8
Net vang
100
AcDbPolyline
 90
        4
 70
     1
 43
0.0
 10
-146.6560735175298
 20
-40.31675755235482
 10
-150.2143029171748
 20
-43.82944933207181
 42
-1.0
 10
-154.4295330528766
 20
-39.55957405250229
 10
-150.8713036532354
 20
-36.04688227277075
 42
-1.0
  0
LWPOLYLINE
  5
1B12BB
330
1B12A0
100
AcDbEntity
  8
Net vang
100
AcDbPolyline
 90
        4
 70
     1
 43
0.0
 10
-135.9631702706429
 20
-26.95031374129758
 42
0.9999999999999998
 10
-137.3682469825326
 20
-25.52702198144107
 10
-148.0429351814564
 20
-36.06509732067934
 42
0.9999999999999998
 10
-146.6378584695558
 20
-37.48838908056496
  0
LWPOLYLINE
  5
1B12BC
330
1B12A0
100
AcDbEntity
  8
Net vang
100
AcDbPolyline
 90
        4
 70
     1
 43
0.0
 10
-129.5765723992444
 20
-23.45583700951829
 10
-133.1348017988894
 20
-26.96852878924983
 42
-1.0
 10
-137.3500319345948
 20
-22.69865350966575
 10
-133.7918025349499
 20
-19.18596172991965
 42
-1.0
  0
LWPOLYLINE
  5
1B12BD
330
1B12A0
100
AcDbEntity
  8
Net vang
100
AcDbPolyline
 90
        4
 70
     1
 43
0.0
 10
-128.1714956873438
 20
-24.87912876936025
 10
-131.7297250869851
 20
-28.39182054910634
 42
-0.9999999999999998
 10
-138.7551086464846
 20
-21.27536174982379
 10
-135.1968792468469
 20
-17.76266997009225
 42
-0.9999999999999998
  0
ELLIPSE
  5
1B12BE
330
1B12A0
100
AcDbEntity
  8
Net tim
100
AcDbEllipse
 10
-177.9655701892698
 20
20.0
 30
0.0
 11
0.0000000000000003
 21
2.160326086965323
 31
0.0
210
0.0
220
0.0
230
1.0
 40
0.4755945087151688
 41
0.0
 42
6.283185307179586
  0
LINE
  5
1B12BF
330
1B12A0
100
AcDbEntity
  8
Tim
 48
1.5
100
AcDbLine
 10
-177.9655701892661
 20
16.75951086953864
 30
0.0
 11
-177.9655701892661
 21
23.24048913043225
 31
0.0
  0
LINE
  5
1B12C0
330
1B12A0
100
AcDbEntity
  8
Tim
 48
1.5
100
AcDbLine
 10
-176.3351354066508
 20
19.99999999998545
 30
0.0
 11
-179.5960049718815
 21
19.99999999998545
 31
0.0
  0
LINE
  5
1B12C1
330
1B12A0
100
AcDbEntity
  8
Tim
 48
1.5
100
AcDbLine
 10
-176.3351354066508
 20
29.99999999998545
 30
0.0
 11
-179.5960049718815
 21
29.99999999998545
 31
0.0
  0
ELLIPSE
  5
1B12C2
330
1B12A0
100
AcDbEntity
  8
Net tim
100
AcDbEllipse
 10
-177.9655701892698
 20
29.99999999998545
 30
0.0
 11
0.0000000000000003
 21
-2.160326086965323
 31
0.0
210
0.0
220
0.0
230
-1.0
 40
0.4755945087151688
 41
0.0
 42
6.283185307179586
  0
LINE
  5
1B12C3
330
1B12A0
100
AcDbEntity
  8
Net vang
100
AcDbLine
 10
-180.3999999999978
 20
24.99999999998545
 30
0.0
 11
-170.3999999999978
 21
24.99999999998545
 31
0.0
  0
LINE
  5
1B12C4
330
1B12A0
100
AcDbEntity
  8
0
100
AcDbLine
 10
-180.3999999999978
 20
-175.0000000000145
 30
0.0
 11
-160.0
 21
-175.0000000000145
 31
0.0
  0
ELLIPSE
  5
1B12C5
330
1B12A0
100
AcDbEntity
  8
Net tim
100
AcDbEllipse
 10
-177.9655701892661
 20
-170.0
 30
0.0
 11
0.0000000000000003
 21
2.160326086965323
 31
0.0
210
0.0
220
0.0
230
1.0
 40
0.4755945087151688
 41
0.0
 42
6.283185307179586
  0
LINE
  5
1B12C6
330
1B12A0
100
AcDbEntity
  8
Tim
 48
1.5
100
AcDbLine
 10
-177.9655701892661
 20
-173.2404891304613
 30
0.0
 11
-177.9655701892661
 21
-166.7595108695677
 31
0.0
  0
LINE
  5
1B12C7
330
1B12A0
100
AcDbEntity
  8
Tim
 48
1.5
100
AcDbLine
 10
-176.3351354066508
 20
-170.0000000000145
 30
0.0
 11
-179.5960049718815
 21
-170.0000000000145
 31
0.0
  0
LINE
  5
1B12C8
330
1B12A0
100
AcDbEntity
  8
Tim
 48
1.5
100
AcDbLine
 10
-177.9655701892661
 20
-133.2404891304613
 30
0.0
 11
-177.9655701892661
 21
-126.7595108695677
 31
0.0
  0
ELLIPSE
  5
1B12C9
330
1B12A0
100
AcDbEntity
  8
Net tim
100
AcDbEllipse
 10
-177.9655701892698
 20
-130.0
 30
0.0
 11
0.0000000000000003
 21
2.160326086965323
 31
0.0
210
0.0
220
0.0
230
1.0
 40
0.4755945087151688
 41
0.0
 42
6.283185307179586
  0
LINE
  5
1B12CA
330
1B12A0
100
AcDbEntity
  8
Tim
 48
1.5
100
AcDbLine
 10
-176.3351354066508
 20
-130.0000000000145
 30
0.0
 11
-179.5960049718815
 21
-130.0000000000145
 31
0.0
  0
LINE
  5
1B12CB
330
1B12A0
100
AcDbEntity
  8
Tim
 48
1.5
100
AcDbLine
 10
-176.3351354066508
 20
-120.0000000000145
 30
0.0
 11
-179.5960049718815
 21
-120.0000000000145
 31
0.0
  0
ELLIPSE
  5
1B12CC
330
1B12A0
100
AcDbEntity
  8
Net tim
100
AcDbEllipse
 10
-177.9655701892698
 20
-120.0000000000145
 30
0.0
 11
0.0000000000000003
 21
-2.160326086965323
 31
0.0
210
0.0
220
0.0
230
-1.0
 40
0.4755945087151688
 41
0.0
 42
6.283185307179586
  0
LINE
  5
1B12CD
330
1B12A0
100
AcDbEntity
  8
Tim
 48
1.5
100
AcDbLine
 10
-177.9655701892661
 20
-116.7595108695677
 30
0.0
 11
-177.9655701892661
 21
-123.2404891304613
 31
0.0
  0
LINE
  5
1B12CE
330
1B12A0
100
AcDbEntity
  8
Net vang
100
AcDbLine
 10
-180.3999999999978
 20
-125.0000000000145
 30
0.0
 11
-170.3999999999978
 21
-125.0000000000145
 31
0.0
  0
ELLIPSE
  5
1B12CF
330
1B12A0
100
AcDbEntity
  8
Net tim
100
AcDbEllipse
 10
-177.9655701892698
 20
-70.00000000001455
 30
0.0
 11
0.0000000000000003
 21
-2.160326086965323
 31
0.0
210
0.0
220
0.0
230
-1.0
 40
0.4755945087151688
 41
0.0
 42
6.283185307179586
  0
LINE
  5
1B12D0
330
1B12A0
100
AcDbEntity
  8
Tim
 48
1.5
100
AcDbLine
 10
-177.9655701892661
 20
-66.75951086956775
 30
0.0
 11
-177.9655701892661
 21
-73.24048913046135
 31
0.0
  0
LINE
  5
1B12D1
330
1B12A0
100
AcDbEntity
  8
Tim
 48
1.5
100
AcDbLine
 10
-176.3351354066508
 20
-70.00000000001455
 30
0.0
 11
-179.5960049718815
 21
-70.00000000001455
 31
0.0
  0
LINE
  5
1B12D2
330
1B12A0
100
AcDbEntity
  8
Tim
 48
1.5
100
AcDbLine
 10
-177.9655701892661
 20
-83.24048913046135
 30
0.0
 11
-177.9655701892661
 21
-76.75951086956775
 31
0.0
  0
ELLIPSE
  5
1B12D3
330
1B12A0
100
AcDbEntity
  8
Net tim
100
AcDbEllipse
 10
-177.9655701892698
 20
-80.0
 30
0.0
 11
0.0000000000000003
 21
2.160326086965323
 31
0.0
210
0.0
220
0.0
230
1.0
 40
0.4755945087151688
 41
0.0
 42
6.283185307179586
  0
LINE
  5
1B12D4
330
1B12A0
100
AcDbEntity
  8
Tim
 48
1.5
100
AcDbLine
 10
-176.3351354066508
 20
-80.00000000001454
 30
0.0
 11
-179.5960049718815
 21
-80.00000000001454
 31
0.0
  0
LINE
  5
1B12D5
330
1B12A0
100
AcDbEntity
  8
Net vang
100
AcDbLine
 10
-180.3999999999978
 20
-75.00000000001455
 30
0.0
 11
-170.3999999999978
 21
-75.00000000001455
 31
0.0
  0
LINE
  5
1B12D6
330
1B12A0
100
AcDbEntity
  8
0
100
AcDbLine
 10
-151.2014594975662
 20
-77.50000000001455
 30
0.0
 11
-131.2014594975662
 21
-77.50000000001455
 31
0.0
  0
LINE
  5
1B12D7
330
1B12A0
100
AcDbEntity
  8
Tim
 48
4.0
100
AcDbLine
 10
-151.8231109023763
 20
-90.00000000001454
 30
0.0
 11
-164.6768890976236
 21
-90.00000000001454
 31
0.0
  0
LINE
  5
1B12D8
330
1B12A0
100
AcDbEntity
  8
0
100
AcDbLine
 10
-156.5
 20
-82.50000000001454
 30
0.0
 11
-151.2014594975662
 21
-77.50000000001455
 31
0.0
  0
LINE
  5
1B12D9
330
1B12A0
100
AcDbEntity
  8
Tim
 48
1.5
100
AcDbLine
 10
-176.3351354066508
 20
-30.00000000001455
 30
0.0
 11
-179.5960049718815
 21
-30.00000000001455
 31
0.0
  0
LINE
  5
1B12DA
330
1B12A0
100
AcDbEntity
  8
Tim
 48
1.5
100
AcDbLine
 10
-177.9655701892661
 20
-33.24048913046136
 30
0.0
 11
-177.9655701892661
 21
-26.75951086956775
 31
0.0
  0
ELLIPSE
  5
1B12DB
330
1B12A0
100
AcDbEntity
  8
Net tim
100
AcDbEllipse
 10
-177.9655701892698
 20
-30.0
 30
0.0
 11
0.0000000000000003
 21
2.160326086965323
 31
0.0
210
0.0
220
0.0
230
1.0
 40
0.4755945087151688
 41
0.0
 42
6.283185307179586
  0
LINE
  5
1B12DC
330
1B12A0
100
AcDbEntity
  8
Tim
 48
1.5
100
AcDbLine
 10
-176.3351354066508
 20
-20.00000000001455
 30
0.0
 11
-179.5960049718815
 21
-20.00000000001455
 31
0.0
  0
LINE
  5
1B12DD
330
1B12A0
100
AcDbEntity
  8
Net vang
100
AcDbLine
 10
-180.3999999999978
 20
-25.00000000001455
 30
0.0
 11
-170.3999999999978
 21
-25.00000000001455
 31
0.0
  0
ELLIPSE
  5
1B12DE
330
1B12A0
100
AcDbEntity
  8
Net tim
100
AcDbEllipse
 10
-177.9655701892698
 20
-20.00000000001455
 30
0.0
 11
0.0000000000000003
 21
-2.160326086965323
 31
0.0
210
0.0
220
0.0
230
-1.0
 40
0.4755945087151688
 41
0.0
 42
6.283185307179586
  0
LINE
  5
1B12DF
330
1B12A0
100
AcDbEntity
  8
Tim
 48
1.5
100
AcDbLine
 10
-177.9655701892661
 20
-16.75951086956775
 30
0.0
 11
-177.9655701892661
 21
-23.24048913046135
 31
0.0
  0
LWPOLYLINE
  5
1B12E0
330
1B12A0
100
AcDbEntity
  8
Net vang
100
AcDbPolyline
 90
        4
 70
     1
 43
0.0
 10
-112.497071280959
 20
-6.5949164666672
 10
-116.055300680604
 20
-10.10760824641329
 42
-1.0
 10
-120.2705308163094
 20
-5.837732966829207
 10
-116.7123014166682
 20
-2.325041187097667
 42
-1.0
  0
LWPOLYLINE
  5
1B12E1
330
1B12A0
100
AcDbEntity
  8
Net vang
100
AcDbPolyline
 90
        4
 70
     1
 43
0.0
 10
-101.8041680340684
 20
6.771527344375499
 42
0.9999999999999998
 10
-103.2092447459545
 20
8.194819104217458
 10
-113.8839329448819
 20
-2.343256235035369
 42
0.9999999999999998
 10
-112.4788562329777
 20
-3.766547994906431
  0
LWPOLYLINE
  5
1B12E2
330
1B12A0
100
AcDbEntity
  8
Net vang
100
AcDbPolyline
 90
        4
 70
     1
 43
0.0
 10
-95.41757016267002
 20
10.26600407615478
 10
-98.97579956231494
 20
6.753312296408694
 42
-1.0
 10
-103.1910296980168
 20
11.02318757597823
 10
-99.63280029837187
 20
14.53587935572432
 42
-1.0
  0
LWPOLYLINE
  5
1B12E3
330
1B12A0
100
AcDbEntity
  8
Net vang
100
AcDbPolyline
 90
        4
 70
     1
 43
0.0
 10
-94.01249345076212
 20
8.842712316298275
 10
-97.57072285040704
 20
5.330020536552183
 42
-0.9999999999999998
 10
-104.5961064099065
 20
12.44647933583474
 10
-101.0378770102688
 20
15.95917111558083
 42
-0.9999999999999998
  0
LWPOLYLINE
  5
1B12E4
330
1B12A0
100
AcDbEntity
  8
Net vang
100
AcDbPolyline
 90
        4
 70
     1
 43
0.0
 10
-84.7246669157721
 20
23.63244788719748
 42
0.9999999999999998
 10
-86.12974362766545
 20
25.05573964703945
 10
-96.80443182658928
 20
14.51766430778661
 42
0.9999999999999998
 10
-95.39935511468867
 20
13.09437254791555
  0
LWPOLYLINE
  5
1B12E5
330
1B12A0
100
AcDbEntity
  8
Net vang
100
AcDbPolyline
 90
        4
 70
     1
 43
0.0
 10
-78.3380690443737
 20
27.12692461896222
 10
-81.89629844401862
 20
23.61423283923068
 42
-1.0
 10
-86.11152857972411
 20
27.88410811880022
 10
-82.5532991800792
 20
31.39679989854631
 42
-1.0
  0
LINE
  5
1B12E6
330
1B12A0
100
AcDbEntity
  8
0
100
AcDbLine
 10
-8.798540502433752
 20
-81.01733814977341
 30
0.0
 11
-28.79854050243375
 21
-81.01733814977341
 31
0.0
  0
LINE
  5
1B12E7
330
1B12A0
100
AcDbEntity
  8
0
100
AcDbLine
 10
-3.5
 20
-82.58852692275832
 30
0.0
 11
-8.798540502433752
 21
-81.01733814977341
 31
0.0
  0
LWPOLYLINE
  5
1B12E8
330
1B12A0
100
AcDbEntity
  8
0
100
AcDbPolyline
 90
        2
 70
     0
 43
0.0
 10
-121.2014594975662
 20
-82.5
 10
-38.79854050243739
 20
-82.5
  0
LINE
  5
1B12E9
330
1B12A0
100
AcDbEntity
  8
0
100
AcDbLine
 10
-28.79854050243375
 20
-81.01733814977341
 30
0.0
 11
-38.79854050243375
 21
-82.50000000001454
 31
0.0
  0
LINE
  5
1B12EA
330
1B12A0
100
AcDbEntity
  8
0
100
AcDbLine
 10
-131.2014594975662
 20
77.49999999998545
 30
0.0
 11
-121.2014594975662
 21
82.49999999998545
 31
0.0
  0
LINE
  5
1B12EB
330
1B12A0
100
AcDbEntity
  8
0
100
AcDbLine
 10
-160.0
 20
124.9999999999854
 30
0.0
 11
-175.3999999999978
 21
124.9999999999854
 31
0.0
  0
LINE
  5
1B12EC
330
1B12A0
100
AcDbEntity
  8
Net vang
100
AcDbLine
 10
-170.3999999999978
 20
116.1512080156826
 30
0.0
 11
-160.0
 21
116.1512080156826
 31
0.0
  0
ELLIPSE
  5
1B12ED
330
1B12A0
100
AcDbEntity
  8
Net tim
100
AcDbEllipse
 10
-177.9655701892698
 20
79.99999999998545
 30
0.0
 11
0.0000000000000003
 21
-2.160326086965323
 31
0.0
210
0.0
220
0.0
230
-1.0
 40
0.4755945087151688
 41
0.0
 42
6.283185307179586
  0
LINE
  5
1B12EE
330
1B12A0
100
AcDbEntity
  8
Tim
 48
1.5
100
AcDbLine
 10
-177.9655701892661
 20
83.24048913043226
 30
0.0
 11
-177.9655701892661
 21
76.75951086953864
 31
0.0
  0
LINE
  5
1B12EF
330
1B12A0
100
AcDbEntity
  8
Tim
 48
1.5
100
AcDbLine
 10
-176.3351354066508
 20
79.99999999998545
 30
0.0
 11
-179.5960049718815
 21
79.99999999998545
 31
0.0
  0
LINE
  5
1B12F0
330
1B12A0
100
AcDbEntity
  8
Tim
 48
1.5
100
AcDbLine
 10
-176.3351354066508
 20
69.99999999998545
 30
0.0
 11
-179.5960049718815
 21
69.99999999998545
 31
0.0
  0
ELLIPSE
  5
1B12F1
330
1B12A0
100
AcDbEntity
  8
Net tim
100
AcDbEllipse
 10
-177.9655701892698
 20
70.0
 30
0.0
 11
0.0000000000000003
 21
2.160326086965323
 31
0.0
210
0.0
220
0.0
230
1.0
 40
0.4755945087151688
 41
0.0
 42
6.283185307179586
  0
LINE
  5
1B12F2
330
1B12A0
100
AcDbEntity
  8
Tim
 48
1.5
100
AcDbLine
 10
-177.9655701892661
 20
66.75951086953864
 30
0.0
 11
-177.9655701892661
 21
73.24048913043225
 31
0.0
  0
LINE
  5
1B12F3
330
1B12A0
100
AcDbEntity
  8
Net vang
100
AcDbLine
 10
-180.3999999999978
 20
74.99999999998545
 30
0.0
 11
-170.3999999999978
 21
74.99999999998545
 31
0.0
  0
LINE
  5
1B12F4
330
1B12A0
100
AcDbEntity
  8
Net vang
100
AcDbLine
 10
-170.3999999999978
 20
116.1512080156826
 30
0.0
 11
-174.3023318737941
 21
120.4871323198895
 31
0.0
  0
LINE
  5
1B12F5
330
1B12A0
100
AcDbEntity
  8
Tim
 48
1.5
100
AcDbLine
 10
-176.3351354066508
 20
114.9999999999854
 30
0.0
 11
-179.5960049718815
 21
114.9999999999854
 31
0.0
  0
ELLIPSE
  5
1B12F6
330
1B12A0
100
AcDbEntity
  8
Net tim
100
AcDbEllipse
 10
-177.9655701892698
 20
115.0
 30
0.0
 11
0.0000000000000003
 21
-2.160326086965323
 31
0.0
210
0.0
220
0.0
230
-1.0
 40
0.4755945087151688
 41
0.0
 42
6.283185307179586
  0
LINE
  5
1B12F7
330
1B12A0
100
AcDbEntity
  8
Tim
 48
1.5
100
AcDbLine
 10
-177.9655701892661
 20
118.2404891304322
 30
0.0
 11
-177.9655701892661
 21
111.7595108695386
 31
0.0
  0
LINE
  5
1B12F8
330
1B12A0
100
AcDbEntity
  8
Net vang
100
AcDbLine
 10
-173.3999999999978
 20
114.9999999999854
 30
0.0
 11
-177.8999999999978
 21
119.9999999999854
 31
0.0
  0
LINE
  5
1B12F9
330
1B12A0
100
AcDbEntity
  8
Net vang
100
AcDbLine
 10
-172.0458980337498
 20
124.9999999999854
 30
0.0
 11
-174.3023318737941
 21
120.4871323198895
 31
0.0
  0
LINE
  5
1B12FA
330
1B12A0
100
AcDbEntity
  8
0
100
AcDbLine
 10
-175.3999999999978
 20
124.9999999999854
 30
0.0
 11
-180.3999999999978
 21
114.9999999999854
 31
0.0
  0
LINE
  5
1B12FB
330
1B12A0
100
AcDbEntity
  8
0
100
AcDbLine
 10
-131.2014594975662
 20
77.49999999998545
 30
0.0
 11
-151.2014594975662
 21
77.49999999998545
 31
0.0
  0
LINE
  5
1B12FC
330
1B12A0
100
AcDbEntity
  8
0
100
AcDbLine
 10
-151.2014594975662
 20
77.49999999998545
 30
0.0
 11
-156.5
 21
82.49999999998545
 31
0.0
  0
LINE
  5
1B12FD
330
1B12A0
100
AcDbEntity
  8
Tim
 48
4.0
100
AcDbLine
 10
-151.8231109023763
 20
89.99999999998545
 30
0.0
 11
-164.6768890976236
 21
89.99999999998545
 31
0.0
  0
LINE
  5
1B12FE
330
1B12A0
100
AcDbEntity
  8
0
100
AcDbLine
 10
-160.0
 20
124.9999999999854
 30
0.0
 11
-160.0
 21
116.1512080156826
 31
0.0
  0
LWPOLYLINE
  5
1B12FF
330
1B12A0
100
AcDbEntity
  8
Net vang
100
AcDbPolyline
 90
        4
 70
     1
 43
0.0
 10
-62.68185968595571
 20
42.58276844986539
 10
-66.24008908559699
 20
39.07007667013386
 42
-1.0
 10
-70.45531922129521
 20
43.33995194968884
 10
-66.89708982166121
 20
46.85264372944948
 42
-1.0
  0
LWPOLYLINE
  5
1B1300
330
1B12A0
100
AcDbEntity
  8
Net vang
100
AcDbPolyline
 90
        4
 70
     1
 43
0.0
 10
-61.27678297405146
 20
41.15947669000888
 10
-64.83501237368909
 20
37.6467849102919
 42
-0.9999999999999998
 10
-71.86039593319583
 20
44.7632437095599
 10
-68.30216653355819
 20
48.27593548929144
 42
-0.9999999999999998
  0
LWPOLYLINE
  5
1B1301
330
1B12A0
100
AcDbEntity
  8
Net vang
100
AcDbPolyline
 90
        4
 70
     1
 43
0.0
 10
-53.41224819893978
 20
54.54413554898929
 42
0.9999999999999998
 10
-54.81732491083675
 20
55.9674273088458
 10
-64.06872134990772
 20
46.83442868151177
 42
0.9999999999999998
 10
-62.6636446380071
 20
45.41113692165526
  0
LWPOLYLINE
  5
1B1302
330
1B12A0
100
AcDbEntity
  8
Net vang
100
AcDbPolyline
 90
        4
 70
     1
 43
0.0
 10
-45.62057361563711
 20
56.61532052094116
 10
-49.17880301527475
 20
53.10262874119508
 42
-0.9999999999999998
 10
-56.20418657478149
 20
60.21908754046307
 10
-52.64595717514385
 20
63.73177932022372
 42
-0.9999999999999998
  0
LWPOLYLINE
  5
1B1303
330
1B12A0
100
AcDbEntity
  8
Net vang
100
AcDbPolyline
 90
        4
 70
     1
 43
0.0
 10
-47.02565032754137
 20
58.03861228079767
 10
-50.58387972718264
 20
54.52592050103703
 42
-1.0
 10
-54.79910986288451
 20
58.79579578059201
 10
-51.24088046324686
 20
62.30848756038176
 42
-1.0
  0
LWPOLYLINE
  5
1B1304
330
1B12A0
100
AcDbEntity
  8
Net vang
100
AcDbPolyline
 90
        4
 70
     1
 43
0.0
 10
-37.75603884051816
 20
69.99997937989246
 42
0.9999999999999998
 10
-39.16111555242242
 20
71.42327113976353
 10
-48.4125119914861
 20
62.29027251241496
 42
0.9999999999999998
 10
-47.00743527958912
 20
60.86698075254389
  0
LWPOLYLINE
  5
1B1305
330
1B12A0
100
AcDbEntity
  8
Net vang
100
AcDbPolyline
 90
        4
 70
     1
 43
0.0
 10
-29.96436425722277
 20
72.07116435182979
 10
-33.52259365686041
 20
68.5584725720837
 42
-0.9999999999999998
 10
-40.54797721635987
 20
75.67493137136626
 10
-36.98974781671495
 20
79.18762315111234
 42
-0.9999999999999998
  0
LWPOLYLINE
  5
1B1306
330
1B12A0
100
AcDbEntity
  8
Net vang
100
AcDbPolyline
 90
        4
 70
     1
 43
0.0
 10
-31.36944096911975
 20
73.49445611170086
 10
-34.92767036876467
 20
69.98176433195476
 42
-1.0
 10
-39.14290050446289
 20
74.25163961150975
 10
-35.58467110482525
 20
77.76433139125583
 42
-1.0
  0
LWPOLYLINE
  5
1B1307
330
1B12A0
100
AcDbEntity
  8
Net vang
100
AcDbPolyline
 90
        4
 70
     1
 43
0.0
 10
-22.09982948209654
 20
85.45582321081019
 42
0.9999999999999998
 10
-23.50490619399352
 20
86.8791149706667
 10
-32.75630263306448
 20
77.74611634333268
 42
0.9999999999999998
 10
-31.35122592116386
 20
76.32282458347617
  0
LWPOLYLINE
  5
1B1308
330
1B12A0
100
AcDbEntity
  8
Net vang
100
AcDbPolyline
 90
        4
 70
     1
 43
0.0
 10
-15.71323161069813
 20
88.95029994261859
 10
-19.27146101033577
 20
85.4376081628725
 42
-1.0
 10
-23.48669114604127
 20
89.70748344242748
 10
-19.92846174639635
 20
93.22017522215901
 42
-1.0
  0
LWPOLYLINE
  5
1B1309
330
1B12A0
100
AcDbEntity
  8
Net vang
100
AcDbPolyline
 90
        4
 70
     1
 43
0.0
 10
-14.30815489879751
 20
87.52700818276208
 10
-17.86638429843151
 20
84.01431640301598
 42
-0.9999999999999998
 10
-24.89176785793825
 20
91.13077520228399
 10
-21.33353845829697
 20
94.64346698203007
 42
-0.9999999999999998
  0
LWPOLYLINE
  5
1B130A
330
1B12A0
100
AcDbEntity
  8
Net vang
100
AcDbPolyline
 90
        4
 70
     1
 43
0.0
 10
-4.664505423865193
 20
102.6680129316082
 42
0.9999999999999998
 10
-6.069582135762175
 20
104.0913046914502
 10
-17.10009327464286
 20
93.20196017422132
 42
0.9999999999999998
 10
-15.69501656274951
 20
91.77866841437936
  0
LINE
  5
1B130B
330
1B12A0
100
AcDbEntity
  8
0
100
AcDbLine
 10
-28.79854050243375
 20
81.13125690365269
 30
0.0
 11
-8.798540502433752
 21
81.13125690365269
 31
0.0
  0
LINE
  5
1B130C
330
1B12A0
100
AcDbEntity
  8
0
100
AcDbLine
 10
-8.798540502433752
 20
81.13125690365269
 30
0.0
 11
-3.5
 21
83.82511050673201
 31
0.0
  0
LINE
  5
1B130D
330
1B12A0
100
AcDbEntity
  8
Tim
100
AcDbLine
 10
-3.798540502433752
 20
98.67332825504128
 30
0.0
 11
-3.798540502433752
 21
112.6597652419732
 31
0.0
  0
SPLINE
  5
1B130E
330
1B12A0
100
AcDbEntity
  8
Net vang
100
AcDbSpline
210
0.0
220
0.0
230
1.0
 70
     8
 71
     3
 72
    64
 73
    60
 74
     0
 42
0.0000000001
 43
0.0000000001
 40
1.570796328422513
 40
1.570796328422513
 40
1.570796328422513
 40
1.570796328422513
 40
1.693364171272747
 40
1.693364171272747
 40
1.864631601745422
 40
1.864631601745422
 40
2.035899032218098
 40
2.035899032218098
 40
2.207166462690773
 40
2.207166462690773
 40
2.378433893163449
 40
2.378433893163449
 40
2.549701323636124
 40
2.549701323636124
 40
2.7209687541088
 40
2.7209687541088
 40
2.825107412084527
 40
2.825107412084527
 40
2.901901745216411
 40
2.901901745216411
 40
2.955263375345719
 40
2.955263375345719
 40
3.001966026498475
 40
3.001966026498475
 40
3.04866867765123
 40
3.04866867765123
 40
3.090389326665948
 40
3.090389326665948
 40
3.132109975680665
 40
3.132109975680665
 40
3.215551273710099
 40
3.215551273710099
 40
3.268046256825253
 40
3.268046256825253
 40
3.313449994555049
 40
3.313449994555049
 40
3.358853732284845
 40
3.358853732284845
 40
3.427341185245442
 40
3.427341185245442
 40
3.49582863820604
 40
3.49582863820604
 40
3.625523729393183
 40
3.625523729393183
 40
3.735142431414282
 40
3.735142431414282
 40
3.844761133435381
 40
3.844761133435381
 40
4.008382549294593
 40
4.008382549294593
 40
4.172003965153805
 40
4.172003965153805
 40
4.335625381013016
 40
4.335625381013016
 40
4.499246796872228
 40
4.499246796872228
 40
4.66286821273144
 40
4.66286821273144
 40
4.712388913875594
 40
4.712388913875594
 40
4.712388913875594
 40
4.712388913875594
 10
0.0000102542144305
 20
108.6984740536572
 30
0.0
 10
-0.3362523356736347
 20
108.6984729042888
 30
0.0
 10
-0.6727546931979305
 20
108.6866382797598
 30
0.0
 10
-1.472213222801656
 20
108.6303274096135
 30
0.0
 10
-1.932028519819141
 20
108.5747317279456
 30
0.0
 10
-2.823280768236145
 20
108.4205296542059
 30
0.0
 10
-3.254907183563773
 20
108.3219155478
 30
0.0
 10
-4.074016916336404
 20
108.0869254326389
 30
0.0
 10
-4.461601799634081
 20
107.950477921564
 30
0.0
 10
-5.178016672056401
 20
107.6478494742769
 30
0.0
 10
-5.50681142439862
 20
107.4816319378005
 30
0.0
 10
-6.095420814097451
 20
107.1297928554413
 30
0.0
 10
-6.353556038000533
 20
106.9451710385328
 30
0.0
 10
-6.794343572404613
 20
106.5703122621344
 30
0.0
 10
-6.975261433162813
 20
106.3815199858654
 30
0.0
 10
-7.205614891852746
 20
106.0870896306005
 30
0.0
 10
-7.278845295437349
 20
105.9778954454377
 30
0.0
 10
-7.383904075304599
 20
105.7944882190786
 30
0.0
 10
-7.421571325670811
 20
105.718635898942
 30
0.0
 10
-7.475253535263618
 20
105.5930497890949
 30
0.0
 10
-7.494287100398651
 20
105.5425691728451
 30
0.0
 10
-7.524733343841944
 20
105.4502317624574
 30
0.0
 10
-7.536913988162268
 20
105.4077450637851
 30
0.0
 10
-7.557658172190713
 20
105.3233398287702
 30
0.0
 10
-7.56614724251267
 20
105.2816505952505
 30
0.0
 10
-7.578767932434857
 20
105.2042691392416
 30
0.0
 10
-7.583254957775352
 20
105.1686313546815
 30
0.0
 10
-7.589712132736167
 20
105.0964850688469
 30
0.0
 10
-7.591629725910024
 20
105.060280055739
 30
0.0
 10
-7.593430556196835
 20
104.9521369896829
 30
0.0
 10
-7.58951462438199
 20
104.8818983724777
 30
0.0
 10
-7.574099229128478
 20
104.7630219064886
 30
0.0
 10
-7.565934497524722
 20
104.7164228969777
 30
0.0
 10
-7.546553798882086
 20
104.629217085996
 30
0.0
 10
-7.535919796893722
 20
104.5886591773887
 30
0.0
 10
-7.51059403027466
 20
104.5052564643265
 30
0.0
 10
-7.495974074718105
 20
104.4627334822435
 30
0.0
 10
-7.454215263274818
 20
104.3545605220861
 30
0.0
 10
-7.424629112691036
 20
104.2884239072882
 30
0.0
 10
-7.354643182792642
 20
104.1522324882971
 30
0.0
 10
-7.314335483890317
 20
104.0824315303034
 30
0.0
 10
-7.181515615549869
 20
103.8770960744295
 30
0.0
 10
-7.073985789185826
 20
103.7377960271697
 30
0.0
 10
-6.834371874403586
 20
103.4771556684427
 30
0.0
 10
-6.709118022652546
 20
103.3568238499283
 30
0.0
 10
-6.425908240133139
 20
103.1168274136143
 30
0.0
 10
-6.269043606625928
 20
102.998086550826
 30
0.0
 10
-5.84035061439863
 20
102.7089710871805
 30
0.0
 10
-5.549532643912243
 20
102.5418612654466
 30
0.0
 10
-4.910811627414659
 20
102.2317526970291
 30
0.0
 10
-4.562474315760482
 20
102.0885251724394
 30
0.0
 10
-3.819705645899375
 20
101.8337489083496
 30
0.0
 10
-3.425164482570835
 20
101.7221627771796
 30
0.0
 10
-2.603338986435119
 20
101.536248603501
 30
0.0
 10
-2.175996703164855
 20
101.4619113269436
 30
0.0
 10
-1.30222358246101
 20
101.3537846068648
 30
0.0
 10
-0.856169309852703
 20
101.3200444094545
 30
0.0
 10
-0.2718939328406122
 20
101.3034979203221
 30
0.0
 10
-0.1359326057863655
 20
101.3015732988133
 30
0.0
 10
0.0000235806510318
 20
101.3015722301788
 30
0.0
  0
SPLINE
  5
1B130F
330
1B12A0
100
AcDbEntity
  8
Net vang
100
AcDbSpline
210
0.0
220
0.0
230
1.0
 70
     8
 71
     3
 72
    44
 73
    40
 74
     0
 42
0.0000000001
 43
0.0000000001
 40
1.570796328422513
 40
1.570796328422513
 40
1.570796328422513
 40
1.570796328422513
 40
1.838599892182371
 40
1.838599892182371
 40
2.10867014325866
 40
2.10867014325866
 40
2.378740394334948
 40
2.378740394334948
 40
2.552985834379982
 40
2.552985834379982
 40
2.698933274359389
 40
2.698933274359389
 40
2.844880714338797
 40
2.844880714338797
 40
2.955374739796249
 40
2.955374739796249
 40
3.065868765253701
 40
3.065868765253701
 40
3.176362790711154
 40
3.176362790711154
 40
3.286856816168606
 40
3.286856816168606
 40
3.397350841626058
 40
3.397350841626058
 40
3.50784486708351
 40
3.50784486708351
 40
3.618338892540962
 40
3.618338892540962
 40
3.728832917998415
 40
3.728832917998415
 40
3.943993981445169
 40
3.943993981445169
 40
4.159155044891923
 40
4.159155044891923
 40
4.374316108338677
 40
4.374316108338677
 40
4.58947717178543
 40
4.58947717178543
 40
4.712388913875594
 40
4.712388913875594
 40
4.712388913875594
 40
4.712388913875594
 10
0.0
 20
111.6984740536427
 30
0.0
 10
-0.8882194927282398
 20
111.698471017633
 30
0.0
 10
-1.776365545192675
 20
111.6302947321091
 30
0.0
 10
-3.507871302081184
 20
111.3586552216584
 30
0.0
 10
-4.350669924435351
 20
111.1541720869281
 30
0.0
 10
-5.934085689172206
 20
110.6141272858076
 30
0.0
 10
-6.674805818420281
 20
110.2788089963724
 30
0.0
 10
-7.773464384499675
 20
109.6216877992556
 30
0.0
 10
-8.174084839927672
 20
109.337234822713
 30
0.0
 10
-8.842976457443
 20
108.7643443853158
 30
0.0
 10
-9.122215691153542
 20
108.4839822991198
 30
0.0
 10
-9.619416337525763
 20
107.8843076186313
 30
0.0
 10
-9.837388292500691
 20
107.564829884679
 30
0.0
 10
-10.15455854832544
 20
106.971717315042
 30
0.0
 10
-10.26966161498785
 20
106.7058151536621
 30
0.0
 10
-10.45016357289205
 20
106.1580525459139
 30
0.0
 10
-10.51547449372447
 20
105.8762005108874
 30
0.0
 10
-10.59127087646993
 20
105.3050148036127
 30
0.0
 10
-10.60169512080028
 20
105.0157733800879
 30
0.0
 10
-10.5667044453512
 20
104.4406462889456
 30
0.0
 10
-10.5213200714752
 20
104.1548721678409
 30
0.0
 10
-10.37844102220333
 20
103.5964879654493
 30
0.0
 10
-10.28103477520926
 20
103.3239182800025
 30
0.0
 10
-10.04057423126505
 20
102.7981545655493
 30
0.0
 10
-9.897586670216696
 20
102.5449278531596
 30
0.0
 10
-9.57255304449427
 20
102.0604315856471
 30
0.0
 10
-9.390525744951446
 20
101.8291109898418
 30
0.0
 10
-8.992806470250798
 20
101.3888458831498
 30
0.0
 10
-8.777105080422188
 20
101.1798663474328
 30
0.0
 10
-8.09788074680182
 20
100.5964010506432
 30
0.0
 10
-7.593266792075155
 20
100.2525063317734
 30
0.0
 10
-6.495954049998545
 20
99.64611668007274
 30
0.0
 10
-5.903039870438078
 20
99.38364547042874
 30
0.0
 10
-4.650888617081363
 20
98.94153431415908
 30
0.0
 10
-3.991613840342324
 20
98.76197529942146
 30
0.0
 10
-2.630962796007224
 20
98.48847888399905
 30
0.0
 10
-1.929615874239971
 20
98.39459135450306
 30
0.0
 10
-0.815318792265316
 20
98.3158899796108
 30
0.0
 10
-0.4076592620331212
 20
98.30157543455426
 30
0.0
 10
0.0
 20
98.30157223026617
 30
0.0
  0
LINE
  5
1B1310
330
1B12A0
100
AcDbEntity
  8
Net vang
100
AcDbLine
 10
-6.599999999998544
 20
92.39999999997962
 30
0.0
 11
-4.099999999998544
 21
92.39999999997962
 31
0.0
  0
LINE
  5
1B1311
330
1B12A0
100
AcDbEntity
  8
Net vang
100
AcDbLine
 10
-6.600000000002182
 20
85.6698729810596
 30
0.0
 11
-4.099999999998544
 21
85.6698729810596
 31
0.0
  0
LINE
  5
1B1312
330
1B12A0
100
AcDbEntity
  8
Net vang
100
AcDbLine
 10
-6.599999999998544
 20
87.59999999999127
 30
0.0
 11
-4.099999999998544
 21
87.59999999999127
 31
0.0
  0
LINE
  5
1B1313
330
1B12A0
100
AcDbEntity
  8
Net vang
100
AcDbLine
 10
-6.599999999998544
 20
94.33012701891129
 30
0.0
 11
-4.099999999998544
 21
94.33012701891129
 31
0.0
  0
LINE
  5
1B1314
330
1B12A0
100
AcDbEntity
  8
Tim
100
AcDbLine
 10
-13.10916391654973
 20
89.99999999998545
 30
0.0
 11
6.189881797046837
 21
89.99999999998545
 31
0.0
  0
LINE
  5
1B1315
330
1B12A0
100
AcDbEntity
  8
Tim
100
AcDbLine
 10
-12.85377819524728
 20
104.9999999999854
 30
0.0
 11
0.0
 21
104.9999999999854
 31
0.0
  0
LINE
  5
1B1316
330
1B12A0
100
AcDbEntity
  8
Net vang
100
AcDbLine
 10
-7.099999999998544
 20
93.36506350945274
 30
0.0
 11
-7.099999999998544
 21
86.63493649051815
 31
0.0
  0
ARC
  5
1B1317
330
1B12A0
100
AcDbEntity
  8
Net vang
100
AcDbCircle
 10
-5.918652422704326
 20
93.36506350945274
 30
0.0
 40
1.181347577293639
100
AcDbArc
 50
125.2225964510511
 51
234.7774035489488
  0
ARC
  5
1B1318
330
1B12A0
100
AcDbEntity
  8
Net vang
100
AcDbCircle
 10
-5.918652422704326
 20
86.63493649051815
 30
0.0
 40
1.181347577293639
100
AcDbArc
 50
125.2225964510511
 51
234.7774035489488
  0
ARC
  5
1B1319
330
1B12A0
100
AcDbEntity
  8
Net vang
100
AcDbCircle
 10
-1.090000000003783
 20
89.99999999998545
 30
0.0
 40
6.009999999996031
100
AcDbArc
 50
156.463422135795
 51
203.536577864205
  0
LINE
  5
1B131A
330
1B12A0
100
AcDbEntity
  8
Net vang
100
AcDbLine
 10
-4.099999999998544
 20
87.24999999998544
 30
0.0
 11
-3.5
 21
87.24999999998544
 31
0.0
  0
LINE
  5
1B131B
330
1B12A0
100
AcDbEntity
  8
Net vang
100
AcDbLine
 10
-4.099999999998544
 20
92.74999999998545
 30
0.0
 11
-3.5
 21
92.74999999998545
 31
0.0
  0
LINE
  5
1B131C
330
1B12A0
100
AcDbEntity
  8
Net vang
100
AcDbLine
 10
-4.099999999998544
 20
87.59999999999127
 30
0.0
 11
-3.5
 21
87.59999999999127
 31
0.0
  0
LINE
  5
1B131D
330
1B12A0
100
AcDbEntity
  8
Net vang
100
AcDbLine
 10
-4.099999999998544
 20
92.39999999997962
 30
0.0
 11
-3.5
 21
92.39999999997962
 31
0.0
  0
LINE
  5
1B131E
330
1B12A0
100
AcDbEntity
  8
Net vang
100
AcDbLine
 10
-4.099999999998544
 20
84.24999999998545
 30
0.0
 11
-3.5
 21
84.24999999998545
 31
0.0
  0
LINE
  5
1B131F
330
1B12A0
100
AcDbEntity
  8
Net vang
100
AcDbLine
 10
-4.099999999998544
 20
95.74999999998544
 30
0.0
 11
-3.5
 21
95.74999999998544
 31
0.0
  0
LINE
  5
1B1320
330
1B12A0
100
AcDbEntity
  8
Net vang
100
AcDbLine
 10
-4.099999999998544
 20
95.74999999998544
 30
0.0
 11
-4.099999999998544
 21
84.24999999998545
 31
0.0
  0
LWPOLYLINE
  5
1B1321
330
1B12A0
100
AcDbEntity
  8
0
100
AcDbPolyline
 90
        2
 70
     0
 43
0.0
 10
-38.79854050243739
 20
82.5
 10
-121.2014594975662
 20
82.5
  0
LINE
  5
1B1322
330
1B12A0
100
AcDbEntity
  8
0
100
AcDbLine
 10
-28.79854050243375
 20
81.13125690365269
 30
0.0
 11
-38.79854050243375
 21
82.49999999998545
 31
0.0
  0
ENDBLK
  5
1B1323
330
1B12A0
100
AcDbEntity
  8
0
100
AcDbBlockEnd
  0
BLOCK
  5
1B1BBB
330
1B1BBA
100
AcDbEntity
  8
0
100
AcDbBlockBegin
  2
Md bich neo 200T
 70
     0
 10
0.0
 20
0.0
 30
0.0
  3
Md bich neo 200T
  1

  0
LINE
  5
1B1BBC
330
1B1BBA
100
AcDbEntity
  8
Tim
 48
25.0
100
AcDbLine
 10
0.0
 20
0.0
 30
0.0
 11
0.0
 21
81.79736648638209
 31
0.0
  0
LWPOLYLINE
  5
1B1BBD
330
1B1BBA
100
AcDbEntity
  8
Net tim
100
AcDbPolyline
 90
        6
 70
     1
 43
0.0
 10
-52.0
 20
0.0
 10
-55.0
 20
5.5
 42
-0.4142135623730951
 10
-49.5
 20
11.0
 10
49.5
 20
11.0
 42
-0.4142135623730951
 10
55.0
 20
5.5
 10
52.0
 20
0.0
  0
LWPOLYLINE
  5
1B1BBE
330
1B1BBA
100
AcDbEntity
  8
Net tim
100
AcDbPolyline
 90
        6
 70
     0
 43
0.0
 10
29.5
 20
11.0
 42
-0.4142135623730951
 10
21.5
 20
19.0
 10
21.5
 20
45.0
 42
1.0
 10
-21.5
 20
45.0
 10
-21.5
 20
19.0
 42
-0.4142135623730951
 10
-29.5
 20
11.0
  0
LWPOLYLINE
  5
1B1BBF
330
1B1BBA
100
AcDbEntity
  8
Net tim
100
AcDbPolyline
 90
       10
 70
     0
 43
0.0
 10
-21.5
 20
24.5518167232076
 42
0.0858780087261149
 10
-24.40697674418334
 20
41.35202983576164
 42
0.3170572453373405
 10
-31.0
 20
46.0
 10
-32.0
 20
46.0
 42
-0.8692142895036047
 10
-34.20636820676737
 20
61.6897294709197
 42
-0.1406249999999736
 10
34.20636820688378
 20
61.6897294709197
 42
-0.8692142895036047
 10
32.0
 20
46.0
 10
31.0
 20
46.0
 42
0.3170572453373407
 10
24.40697674418334
 20
41.35202983576164
 42
0.0858780087261148
 10
21.5
 20
24.5518167232076
  0
ENDBLK
  5
1B1BC0
330
1B1BBA
100
AcDbEntity
  8
0
100
AcDbBlockEnd
  0
BLOCK
  5
1B20E3
330
1B20E0
100
AcDbEntity
  8
0
100
AcDbBlockBegin
  2
A$C4AE13D6C
 70
     0
 10
0.0
 20
0.0
 30
0.0
  3
A$C4AE13D6C
  1

  0
INSERT
  5
1B20E4
330
1B20E0
100
AcDbEntity
  8
Net tim
100
AcDbBlockReference
  2
Md bich neo 200T
 10
0.0
 20
-2.75
 30
0.0
 41
0.5
 42
0.5
 43
0.5
  0
ENDBLK
  5
1B20E5
330
1B20E0
100
AcDbEntity
  8
0
100
AcDbBlockEnd
  0
BLOCK
  5
1B2922
330
1B2918
100
AcDbEntity
  8
0
100
AcDbBlockBegin
  2
*D65
 70
     1
 10
0.0
 20
0.0
 30
0.0
  3
*D65
  1

  0
LINE
  5
1B2924
330
1B2918
100
AcDbEntity
  8
Kich thuoc
 62
     2
370
    -2
100
AcDbLine
 10
110980.0652845433
 20
55009.58015982667
 30
0.0
 11
110856.1371807107
 21
55030.23484379771
 31
0.0
  0
LINE
  5
1B2925
330
1B2918
100
AcDbEntity
  8
Kich thuoc
 62
     2
370
    -2
100
AcDbLine
 10
111029.384980735
 20
55305.49833697627
 30
0.0
 11
110905.4568768998
 21
55326.15302094773
 31
0.0
  0
LINE
  5
1B2926
330
1B2918
100
AcDbEntity
  8
Kich thuoc
 62
     2
370
    -2
100
AcDbLine
 10
110884.9070034894
 20
54989.95709190814
 30
0.0
 11
110945.7346287894
 21
55354.9228437265
 31
0.0
  0
INSERT
  5
1B2927
330
1B2918
100
AcDbEntity
  8
Kich thuoc
 62
     2
370
    -2
100
AcDbBlockReference
  2
_Oblique
 10
110890.6609680449
 20
55024.48087924231
 30
0.0
 41
52.5
 42
52.5
 43
52.5
 50
260.5376777924541
  0
INSERT
  5
1B2928
330
1B2918
100
AcDbEntity
  8
Kich thuoc
 62
     2
370
    -2
100
AcDbBlockReference
  2
_Oblique
 10
110939.980664234
 20
55320.39905639233
 30
0.0
 41
52.5
 42
52.5
 43
52.5
 50
80.53767779245417
  0
MTEXT
  5
1B2929
330
1B2918
100
AcDbEntity
  8
Kich thuoc
 62
     4
100
AcDbMText
 10
110846.2732414711
 20
55183.94789692812
 30
0.0
 40
70.0
 41
0.0
 46
0.0
 71
     5
 72
     1
  1
\A1;300
  7
Kichthuoc
 11
0.1643989872970976
 21
0.9863939238335202
 31
0.0
 73
     1
 44
1.0
  0
POINT
  5
1B292A
330
1B2918
100
AcDbEntity
  8
DEFPOINTS
 62
     0
100
AcDbPoint
 10
111049.1128592117
 20
54998.07223071587
 30
0.0
  0
POINT
  5
1B292B
330
1B2918
100
AcDbEntity
  8
DEFPOINTS
 62
     0
100
AcDbPoint
 10
111098.4325554033
 20
55293.99040786547
 30
0.0
  0
POINT
  5
1B292C
330
1B2918
100
AcDbEntity
  8
DEFPOINTS
 62
     0
100
AcDbPoint
 10
110939.980664234
 20
55320.39905639233
 30
0.0
  0
ENDBLK
  5
1B2923
330
1B2918
100
AcDbEntity
  8
0
100
AcDbBlockEnd
  0
ENDSEC
  0
SECTION
  2
ENTITIES
  0
INSERT
  5
1387
330
1A
100
AcDbEntity
  8
Hatch
100
AcDbBlockReference
  2
*X0
 10
-375.8110555793537
 20
-1082.444692149962
 30
0.0
1001
ACAD
1000
HATCH
1002
{
1070
    19
1000
AR-CONC
1040
50.0
1040
0.0
1002
}
  0
TEXT
  5
3E5E8
330
1A
100
AcDbEntity
  8
Text
100
AcDbText
 10
888.6336734187425
 20
-1174.621239000757
 30
0.0
 40
6.599999999999999
  1

 41
0.8
  7
THUONG
100
AcDbText
  0
TEXT
  5
4C81F
330
1A
100
AcDbEntity
  8
Text
100
AcDbText
 10
2448.629381499716
 20
-188.0736500074126
 30
0.0
 40
8.8
  1

 41
0.7
 72
     2
 11
2448.629381499716
 21
-188.0736500074126
 31
0.0
100
AcDbText
  0
TEXT
  5
1286E3
330
1A
100
AcDbEntity
  8
Text
100
AcDbText
 10
-46382.01223066569
 20
91890.31882267816
 30
0.0
 40
50.0
  1

 41
0.65
100
AcDbText
  0
TEXT
  5
1286FE
330
1A
100
AcDbEntity
  8
Text
100
AcDbText
 10
-38067.9493062407
 20
99264.81922908106
 30
0.0
 40
50.0
  1

 41
0.65
100
AcDbText
  0
TEXT
  5
128701
330
1A
100
AcDbEntity
  8
Text
100
AcDbText
 10
-37897.14472519729
 20
99625.48923778701
 30
0.0
 40
50.0
  1

 41
0.65
100
AcDbText
  0
TEXT
  5
128703
330
1A
100
AcDbEntity
  8
Text
100
AcDbText
 10
-37813.12570100001
 20
99500.48923778703
 30
0.0
 40
50.0
  1

 41
0.65
100
AcDbText
  0
TEXT
  5
128705
330
1A
100
AcDbEntity
  8
Text
100
AcDbText
 10
-38067.94930624061
 20
99389.81922908103
 30
0.0
 40
50.0
  1

 41
0.65
100
AcDbText
  0
TEXT
  5
128708
330
1A
100
AcDbEntity
  8
Text
100
AcDbText
 10
-38067.94930624061
 20
99346.1129887137
 30
0.0
 40
50.0
  1

 41
0.65
100
AcDbText
  0
TEXT
  5
128720
330
1A
100
AcDbEntity
  8
Text
100
AcDbText
 10
-44241.4198558182
 20
91953.66948389541
 30
0.0
 40
55.0
  1

 41
0.7
100
AcDbText
  0
TEXT
  5
1287A5
330
1A
100
AcDbEntity
  8
Text
100
AcDbText
 10
-46483.31760804378
 20
96704.47454121458
 30
0.0
 40
54.99999999999996
  1

 41
0.7
 72
     4
 11
-46483.31760804378
 21
96704.47454121458
 31
0.0
100
AcDbText
  0
TEXT
  5
1287A6
330
1A
100
AcDbEntity
  8
Text
100
AcDbText
 10
-46483.31760804378
 20
96584.10631950591
 30
0.0
 40
54.99999999999996
  1

 41
0.7
 72
     4
 11
-46483.31760804378
 21
96584.10631950591
 31
0.0
100
AcDbText
  0
TEXT
  5
1287CB
330
1A
100
AcDbEntity
  8
Text
100
AcDbText
 10
-42081.43691744012
 20
99676.44789365166
 30
0.0
 40
55.0
  1

 41
0.7
 72
     4
 11
-42081.43691744012
 21
99676.44789365166
 31
0.0
100
AcDbText
  0
TEXT
  5
1287CD
330
1A
100
AcDbEntity
  8
Text
100
AcDbText
 10
-44889.89734675092
 20
98517.16851378137
 30
0.0
 40
54.99999999999996
  1

 41
0.7
 72
     4
 11
-44889.89734675092
 21
98517.16851378137
 31
0.0
100
AcDbText
  0
TEXT
  5
1287CE
330
1A
100
AcDbEntity
  8
Text
100
AcDbText
 10
-44889.89734675092
 20
98637.53673549002
 30
0.0
 40
54.99999999999996
  1

 41
0.7
 72
     4
 11
-44889.89734675092
 21
98637.53673549002
 31
0.0
100
AcDbText
  0
TEXT
  5
1287E4
330
1A
100
AcDbEntity
  8
Text
100
AcDbText
 10
-44836.92400430186
 20
98962.24249485193
 30
0.0
 40
55.0
  1

 41
0.7
 72
     4
 11
-44836.92400430186
 21
98962.24249485193
 31
0.0
100
AcDbText
  0
TEXT
  5
1287E5
330
1A
100
AcDbEntity
  8
Text
100
AcDbText
 10
-44836.92400430186
 20
98841.87427314326
 30
0.0
 40
55.0
  1

 41
0.7
 72
     4
 11
-44836.92400430186
 21
98841.87427314326
 31
0.0
100
AcDbText
  0
TEXT
  5
1287E9
330
1A
100
AcDbEntity
  8
Text
100
AcDbText
 10
-43366.5529448572
 20
99491.08517337629
 30
0.0
 40
50.0
  1

 41
0.65
100
AcDbText
  0
TEXT
  5
1287EA
330
1A
100
AcDbEntity
  8
Text
100
AcDbText
 10
-43366.5529448572
 20
99616.0851733763
 30
0.0
 40
50.0
  1

 41
0.65
100
AcDbText
  0
TEXT
  5
1287F4
330
1A
100
AcDbEntity
  8
Text
100
AcDbText
 10
-43366.5529448572
 20
99741.08517337629
 30
0.0
 40
50.0
  1

 41
0.65
100
AcDbText
  0
TEXT
  5
1287FB
330
1A
100
AcDbEntity
  8
Text
100
AcDbText
 10
-43576.63579070806
 20
97783.97483871207
 30
0.0
 40
55.0
  1

 41
0.7
 72
     4
 11
-43576.63579070806
 21
97783.97483871207
 31
0.0
100
AcDbText
  0
TEXT
  5
128896
330
1A
100
AcDbEntity
  8
Text
100
AcDbText
 10
-34851.800580578
 20
95718.60806972447
 30
0.0
 40
54.99999999999996
  1

 41
0.7
 72
     4
 11
-34851.800580578
 21
95718.60806972447
 31
0.0
100
AcDbText
  0
TEXT
  5
1288B0
330
1A
100
AcDbEntity
  8
Text
100
AcDbText
 10
-44995.1897645322
 20
96939.78300669471
 30
0.0
 40
54.99999999999996
  1

 41
0.7
100
AcDbText
  0
TEXT
  5
12891F
330
1A
100
AcDbEntity
  8
Text
100
AcDbText
 10
-36752.6803859469
 20
98850.54985289793
 30
0.0
 40
55.0
  1

 41
0.7
 72
     4
 11
-36752.6803859469
 21
98850.54985289793
 31
0.0
100
AcDbText
  0
TEXT
  5
128AD5
330
1A
100
AcDbEntity
  8
Text
100
AcDbText
 10
-40733.02979110662
 20
98150.95051169699
 30
0.0
 40
50.0
  1

 41
0.65
 72
     1
 11
-40733.02979110662
 21
98150.95051169699
 31
0.0
100
AcDbText
  0
TEXT
  5
128AD6
330
1A
100
AcDbEntity
  8
Text
100
AcDbText
 10
-40733.02979110662
 20
98048.35007004342
 30
0.0
 40
50.0
  1

 41
0.65
 72
     1
 11
-40733.02979110662
 21
98048.35007004342
 31
0.0
100
AcDbText
  0
TEXT
  5
130C43
330
1A
100
AcDbEntity
  8
Text
100
AcDbText
 10
-30558.26362881444
 20
99383.7680452402
 30
0.0
 40
55.0
  1

 41
0.7
 72
     4
 11
-30558.26362881444
 21
99383.7680452402
 31
0.0
100
AcDbText
  0
TEXT
  5
130C44
330
1A
100
AcDbEntity
  8
Text
100
AcDbText
 10
-30558.26362881444
 20
99504.13626694885
 30
0.0
 40
55.0
  1

 41
0.7
 72
     4
 11
-30558.26362881444
 21
99504.13626694885
 31
0.0
100
AcDbText
  0
TEXT
  5
130C91
330
1A
100
AcDbEntity
  8
Text
100
AcDbText
 10
-31233.46915611934
 20
98900.5500024124
 30
0.0
 40
55.0
  1

 41
0.7
 72
     4
 11
-31233.46915611934
 21
98900.5500024124
 31
0.0
100
AcDbText
  0
TEXT
  5
130C95
330
1A
100
AcDbEntity
  8
Text
100
AcDbText
 10
-32020.78263750702
 20
98924.53495349258
 30
0.0
 40
55.0
  1

 41
0.7
100
AcDbText
  0
TEXT
  5
130CB1
330
1A
100
AcDbEntity
  8
Text
100
AcDbText
 10
-29994.00020436612
 20
99241.60754465731
 30
0.0
 40
50.0
  1

 41
0.65
100
AcDbText
  0
TEXT
  5
130CB4
330
1A
100
AcDbEntity
  8
Text
100
AcDbText
 10
-29994.00020436612
 20
99366.6075446573
 30
0.0
 40
50.0
  1

 41
0.65
100
AcDbText
  0
TEXT
  5
1323B2
330
1A
100
AcDbEntity
  8
Text
100
AcDbText
 10
-43263.31540783163
 20
92982.22989925505
 30
0.0
 40
50.0
  1

 41
0.65
100
AcDbText
  0
TEXT
  5
135DA3
330
1A
100
AcDbEntity
  8
Text
 62
     3
100
AcDbText
 10
-12177.51012303242
 20
94280.57430257599
 30
0.0
 40
800.0
  1

 41
0.9
  7
Tieude
 72
     1
 11
-12177.51012303242
 21
94280.57430257599
 31
0.0
100
AcDbText
  0
TEXT
  5
13640B
330
1A
100
AcDbEntity
  8
Text
100
AcDbText
 10
2425.241650077427
 20
87585.99243056282
 30
0.0
 40
50.0
  1

 41
0.8
  7
Tieude
 72
     4
 11
2425.241650077427
 21
87585.99243056282
 31
0.0
100
AcDbText
  0
TEXT
  5
136415
330
1A
100
AcDbEntity
  8
Text
 62
     3
100
AcDbText
 10
1041.131253005384
 20
96614.51792945902
 30
0.0
 40
800.0
  1

 41
0.9
  7
Tieude
 72
     1
 11
1041.131253005384
 21
96614.51792945902
 31
0.0
100
AcDbText
  0
TEXT
  5
136A5D
330
1A
100
AcDbEntity
  8
Text
 62
     3
100
AcDbText
 10
10220.45623211639
 20
96408.94797394629
 30
0.0
 40
800.0
  1

 41
0.9
  7
Tieude
 72
     1
 11
10220.45623211639
 21
96408.94797394629
 31
0.0
100
AcDbText
  0
TEXT
  5
1370B1
330
1A
100
AcDbEntity
  8
Text
 62
     3
100
AcDbText
 10
17467.32258790553
 20
91654.54980639202
 30
0.0
 40
800.0
  1

 41
0.9
  7
Tieude
 72
     1
 11
17467.32258790553
 21
91654.54980639202
 31
0.0
100
AcDbText
  0
TEXT
  5
1376F9
330
1A
100
AcDbEntity
  8
Text
 62
     3
100
AcDbText
 10
27949.1514386058
 20
91654.54980639202
 30
0.0
 40
800.0
  1

 41
0.9
  7
Tieude
 72
     1
 11
27949.1514386058
 21
91654.54980639202
 31
0.0
100
AcDbText
  0
TEXT
  5
137D96
330
1A
100
AcDbEntity
  8
Text
 62
     3
100
AcDbText
 10
35202.93778184561
 20
91654.54980639202
 30
0.0
 40
800.0
  1

 41
0.9
  7
Tieude
 72
     1
 11
35202.93778184561
 21
91654.54980639202
 31
0.0
100
AcDbText
  0
TEXT
  5
13AC6D
330
1A
100
AcDbEntity
  8
Text
100
AcDbText
 10
-35023.55282276329
 20
90110.77661247343
 30
0.0
 40
54.99999999999996
  1

 41
0.7
 72
     4
 11
-35023.55282276329
 21
90110.77661247343
 31
0.0
100
AcDbText
  0
TEXT
  5
13AC6E
330
1A
100
AcDbEntity
  8
Text
100
AcDbText
 10
-35023.55282276329
 20
89990.40839076478
 30
0.0
 40
54.99999999999996
  1

 41
0.7
 72
     4
 11
-35023.55282276329
 21
89990.40839076478
 31
0.0
100
AcDbText
  0
TEXT
  5
13E392
330
1A
100
AcDbEntity
  8
Text
100
AcDbText
 10
-43879.33387296188
 20
90525.49428100288
 30
0.0
 40
50.0
  1

 41
0.65
100
AcDbText
  0
TEXT
  5
13E393
330
1A
100
AcDbEntity
  8
Text
100
AcDbText
 10
-43879.33387296188
 20
90855.49428100287
 30
0.0
 40
50.0
  1

 41
0.65
100
AcDbText
  0
TEXT
  5
13E394
330
1A
100
AcDbEntity
  8
Text
100
AcDbText
 10
-43879.33387296188
 20
91185.49428100287
 30
0.0
 40
50.0
  1

 41
0.65
100
AcDbText
  0
TEXT
  5
13E395
330
1A
100
AcDbEntity
  8
Text
100
AcDbText
 10
-43879.33387296188
 20
91515.49428100286
 30
0.0
 40
50.0
  1

 41
0.65
100
AcDbText
  0
TEXT
  5
13E39B
330
1A
100
AcDbEntity
  8
Text
100
AcDbText
 10
-43879.33387296188
 20
89865.49428100287
 30
0.0
 40
50.0
  1

 41
0.65
100
AcDbText
  0
TEXT
  5
13E39C
330
1A
100
AcDbEntity
  8
Text
100
AcDbText
 10
-43879.33387296188
 20
87849.87712244271
 30
0.0
 40
50.0
  1

 41
0.65
100
AcDbText
  0
TEXT
  5
13E39D
330
1A
100
AcDbEntity
  8
Text
100
AcDbText
 10
-43879.33387296188
 20
88179.87712244272
 30
0.0
 40
50.0
  1

 41
0.65
100
AcDbText
  0
TEXT
  5
13E39E
330
1A
100
AcDbEntity
  8
Text
100
AcDbText
 10
-43879.33387296188
 20
88509.87712244272
 30
0.0
 40
50.0
  1

 41
0.65
100
AcDbText
  0
TEXT
  5
13E39F
330
1A
100
AcDbEntity
  8
Text
100
AcDbText
 10
-43879.33387296188
 20
88545.49428100288
 30
0.0
 40
50.0
  1

 41
0.65
100
AcDbText
  0
TEXT
  5
13E3A0
330
1A
100
AcDbEntity
  8
Text
100
AcDbText
 10
-43879.33387296188
 20
89535.49428100288
 30
0.0
 40
50.0
  1

 41
0.65
100
AcDbText
  0
TEXT
  5
13E3A1
330
1A
100
AcDbEntity
  8
Text
100
AcDbText
 10
-43879.33387296188
 20
90195.49428100287
 30
0.0
 40
50.0
  1

 41
0.65
100
AcDbText
  0
TEXT
  5
13E3A2
330
1A
100
AcDbEntity
  8
Text
100
AcDbText
 10
-43879.33387296188
 20
89205.49428100287
 30
0.0
 40
50.0
  1

 41
0.65
100
AcDbText
  0
TEXT
  5
13E3A3
330
1A
100
AcDbEntity
  8
Text
100
AcDbText
 10
-43879.33387296188
 20
88875.49428100287
 30
0.0
 40
50.0
  1

 41
0.65
100
AcDbText
  0
TEXT
  5
142DAF
330
1A
100
AcDbEntity
  8
Text
100
AcDbText
 10
-27515.99588398826
 20
89005.37333787255
 30
0.0
 40
75.0
  1

 41
0.8050643212620112
  7
CMB-2
 72
     5
 11
-26240.99588398826
 21
89005.37333787255
 31
0.0
100
AcDbText
  0
TEXT
  5
142DB0
330
1A
100
AcDbEntity
  8
Text
 62
     3
100
AcDbText
 10
-42727.43662893382
 20
93364.15685228818
 30
0.0
 40
75.0
  1

 41
0.85
  7
Tieude
 72
     1
 11
-42727.43662893382
 21
93364.15685228818
 31
0.0
100
AcDbText
  0
TEXT
  5
1431B8
330
1A
100
AcDbEntity
  8
Text
100
AcDbText
 10
-22210.473512749
 20
90012.39168269133
 30
0.0
 40
50.0
  1

 41
0.65
100
AcDbText
  0
TEXT
  5
145D26
330
1A
100
AcDbEntity
  8
Text
100
AcDbText
 10
-14404.43595607829
 20
90609.62543083073
 30
0.0
 40
55.0
  1

 41
0.7142857142857144
  7
VnArialH
100
AcDbText
  0
TEXT
  5
145D66
330
1A
100
AcDbEntity
  8
Text
100
AcDbText
 10
-6597.904290672592
 20
91687.9556907496
 30
0.0
 40
55.0
  1

 41
0.65
  7
VnArialH
100
AcDbText
  0
TEXT
  5
145D67
330
1A
100
AcDbEntity
  8
Text
100
AcDbText
 10
-6600.00689498943
 20
91567.9556907496
 30
0.0
 40
55.0
  1

 41
0.7142857142857144
  7
VnArialH
100
AcDbText
  0
TEXT
  5
145D6A
330
1A
100
AcDbEntity
  8
Text
100
AcDbText
 10
-11592.82206893182
 20
90154.24057230861
 30
0.0
 40
55.0
  1

 41
0.7142857142857144
  7
VnArialH
100
AcDbText
  0
TEXT
  5
150BD5
330
1A
100
AcDbEntity
  8
Text
100
AcDbText
 10
15106.26846195863
 20
72096.95778816652
 30
0.0
 40
60.0
  1

 41
0.85
  7
Ten
 72
     1
 11
15106.26846195863
 21
72096.95778816652
 31
0.0
100
AcDbText
  0
TEXT
  5
15DD87
330
1A
100
AcDbEntity
  8
Text
100
AcDbText
 10
1438.012238817268
 20
93361.34954053143
 30
0.0
 40
54.0
  1

 41
0.65
 72
     1
 11
1438.012238817268
 21
93361.34954053143
 31
0.0
100
AcDbText
  0
TEXT
  5
15E3E9
330
1A
100
AcDbEntity
  8
Text
100
AcDbText
 10
14038.01223881727
 20
93361.34954053143
 30
0.0
 40
54.0
  1

 41
0.65
 72
     1
 11
14038.01223881727
 21
93361.34954053143
 31
0.0
100
AcDbText
  0
TEXT
  5
15E783
330
1A
100
AcDbEntity
  8
Text
100
AcDbText
 10
26638.01223881727
 20
93361.34954053143
 30
0.0
 40
54.0
  1

 41
0.65
 72
     1
 11
26638.01223881727
 21
93361.34954053143
 31
0.0
100
AcDbText
  0
TEXT
  5
15EB1D
330
1A
100
AcDbEntity
  8
Text
100
AcDbText
 10
26638.01223881727
 20
84451.34954053143
 30
0.0
 40
54.0
  1

 41
0.65
 72
     1
 11
26638.01223881727
 21
84451.34954053143
 31
0.0
100
AcDbText
  0
TEXT
  5
15EEB7
330
1A
100
AcDbEntity
  8
Text
100
AcDbText
 10
14038.01223881727
 20
84451.34954053143
 30
0.0
 40
54.0
  1

 41
0.65
 72
     1
 11
14038.01223881727
 21
84451.34954053143
 31
0.0
100
AcDbText
  0
TEXT
  5
15F251
330
1A
100
AcDbEntity
  8
Text
100
AcDbText
 10
1438.012238817268
 20
84451.34954053143
 30
0.0
 40
54.0
  1

 41
0.65
 72
     1
 11
1438.012238817268
 21
84451.34954053143
 31
0.0
100
AcDbText
  0
TEXT
  5
16ABDF
330
1A
100
AcDbEntity
  8
Text
100
AcDbText
 10
1438.012238817267
 20
102271.3495405314
 30
0.0
 40
54.0
  1

 41
0.65
 72
     1
 11
1438.012238817267
 21
102271.3495405314
 31
0.0
100
AcDbText
  0
TEXT
  5
16B47E
330
1A
100
AcDbEntity
  8
Text
100
AcDbText
 10
15809.24476401744
 20
102271.3495405314
 30
0.0
 40
54.0
  1

 41
0.65
 72
     1
 11
15809.24476401744
 21
102271.3495405314
 31
0.0
100
AcDbText
  0
TEXT
  5
16BA9A
330
1A
100
AcDbEntity
  8
Text
100
AcDbText
 10
44046.68294270963
 20
93361.34954053143
 30
0.0
 40
54.0
  1

 41
0.65
 72
     1
 11
44046.68294270963
 21
93361.34954053143
 31
0.0
100
AcDbText
  0
LWPOLYLINE
  5
1917CE
330
1A
100
AcDbEntity
  8
DEFPOINTS
100
AcDbPolyline
 90
        4
 70
     1
 43
0.0
 10
119561.0433017705
 20
59682.88081307948
 10
132561.0866352221
 20
59682.88081307948
 10
132561.0866352221
 20
53682.88081307952
 10
119561.0433017705
 20
53682.88081307952
  0
LWPOLYLINE
  5
1917CF
330
1A
100
AcDbEntity
  8
DEFPOINTS
100
AcDbPolyline
 90
        4
 70
     1
 43
0.0
 10
109220.9815008294
 20
59682.88081307948
 10
122221.024834281
 20
59682.88081307948
 10
122221.024834281
 20
53682.88081307952
 10
109220.9815008294
 20
53682.88081307952
  0
INSERT
  5
1B20D3
330
1A
100
AcDbEntity
  8
0
100
AcDbBlockReference
  2
Dem CSS1600
 10
111281.4254261768
 20
58203.22331864333
 30
0.0
  0
HATCH
  5
1B2502
330
1A
100
AcDbEntity
  8
Text
100
AcDbHatch
 10
0.0
 20
0.0
 30
0.0
210
0.0
220
0.0
230
1.0
  2
ANSI36
 70
     0
 71
     0
 91
        1
 92
        7
 72
     0
 73
     1
 93
        5
 10
132561.0866352221
 20
57283.2233185888
 10
131371.4254261767
 20
57283.2233185888
 10
131371.4254261767
 20
57204.22331864334
 10
131611.4254261767
 20
57204.22331864334
 10
132561.0866352221
 20
57204.22331864334
 97
        0
 75
     0
 76
     1
 52
90.0
 41
600.0
 77
     0
 78
     1
 53
135.0
 43
0.0
 44
-0.000000000007276
 45
-145.8407736197254
 46
39.77475644174331
 79
     4
 49
187.5
 49
-37.5
 49
0.0
 49
-37.5
 47
2.891907121131961
 98
        1
 10
132297.564600635
 20
57225.86139053934
1001
ACAD
1010
0.0
1020
0.0
1030
0.0
  0
HATCH
  5
1B2503
330
1A
100
AcDbEntity
  8
Dia chat
100
AcDbHatch
 10
0.0
 20
0.0
 30
0.0
210
0.0
220
0.0
230
1.0
  2
ANSI33
 70
     0
 71
     0
 91
        1
 92
        7
 72
     0
 73
     1
 93
        5
 10
132561.0866352221
 20
57204.22331864334
 10
131611.4254261767
 20
57204.22331864334
 10
131371.4254261767
 20
57204.22331864334
 10
131371.4254261767
 20
56554.22331864333
 10
132561.0866352221
 20
56554.22331864333
 97
        0
 75
     0
 76
     1
 52
90.0
 41
800.0
 77
     0
 78
     2
 53
135.0
 43
0.0
 44
-0.000000000007276
 45
-141.4213562373095
 46
-141.4213562373095
 79
     0
 53
135.0
 43
0.0
 44
141.4213559999916
 45
-141.4213562373095
 46
-141.4213562373095
 79
     2
 49
100.0
 49
-50.0
 47
2.891907121131984
 98
        1
 10
132225.1978955203
 20
56913.5353868792
1001
ACAD
1010
0.0
1020
0.0
1030
0.0
  0
HATCH
  5
1B2504
330
1A
100
AcDbEntity
  8
Hatch
100
AcDbHatch
 10
0.0
 20
0.0
 30
0.0
210
0.0
220
0.0
230
1.0
  2
ANSI31
 70
     0
 71
     0
 91
        1
 92
        7
 72
     0
 73
     1
 93
        4
 10
132561.0866352221
 20
56554.22331864333
 10
131371.4254261767
 20
56554.22331864333
 10
131371.4254261767
 20
55674.22331864333
 10
132561.086635222
 20
55674.22331864332
 97
        0
 75
     0
 76
     1
 52
0.0
 41
800.0
 77
     0
 78
     1
 53
45.0
 43
0.0
 44
-0.000000000007276
 45
-70.71067811865474
 46
70.71067811865475
 79
     0
 47
2.891907121131984
 98
        1
 10
132265.6443105028
 20
56174.37332261767
1001
ACAD
1010
0.0
1020
0.0
1030
0.0
  0
HATCH
  5
1B2505
330
1A
100
AcDbEntity
  8
Hatch
100
AcDbHatch
 10
0.0
 20
0.0
 30
0.0
210
0.0
220
0.0
230
1.0
  2
ANSI36
 70
     0
 71
     0
 91
        1
 92
        7
 72
     0
 73
     1
 93
        4
 10
132561.0866352221
 20
55674.22331864332
 10
131371.4254261767
 20
55674.22331864334
 10
131371.4254261767
 20
55564.22331864332
 10
132561.0866352221
 20
55564.22331864334
 97
        0
 75
     0
 76
     1
 52
90.0
 41
800.0
 77
     0
 78
     1
 53
135.0
 43
0.0
 44
-0.000000000007276
 45
-194.4543648263005
 46
53.03300858899109
 79
     4
 49
250.0
 49
-50.0
 49
0.0
 49
-50.0
 47
2.891907121131961
 98
        1
 10
132068.7820886536
 20
55615.13180173293
1001
ACAD
1010
0.0
1020
0.0
1030
0.0
  0
HATCH
  5
1B2506
330
1A
100
AcDbEntity
  8
Dia chat
100
AcDbHatch
 10
0.0
 20
0.0
 30
0.0
210
0.0
220
0.0
230
1.0
  2
ANSI34
 70
     0
 71
     0
 91
        1
 92
        7
 72
     0
 73
     1
 93
        4
 10
132561.0866352221
 20
55564.22331864334
 10
131371.4254261767
 20
55564.22331864334
 10
131371.4254261767
 20
55454.22331864334
 10
132561.086635222
 20
55454.22331864333
 97
        0
 75
     0
 76
     1
 52
90.0
 41
800.0
 77
     0
 78
     4
 53
135.0
 43
0.0
 44
-0.000000000007276
 45
-424.2640687119285
 46
-424.2640687119284
 79
     0
 53
135.0
 43
0.0
 44
141.4213559999916
 45
-424.2640687119285
 46
-424.2640687119284
 79
     0
 53
135.0
 43
0.0
 44
282.8427127999894
 45
-424.2640687119285
 46
-424.2640687119284
 79
     0
 53
135.0
 43
0.0
 44
424.2640687999956
 45
-424.2640687119285
 46
-424.2640687119284
 79
     0
 47
2.891907121131961
 98
        1
 10
132392.9850808128
 20
55516.80694163394
1001
ACAD
1010
0.0
1020
0.0
1030
0.0
  0
HATCH
  5
1B2507
330
1A
100
AcDbEntity
  8
Dia chat
100
AcDbHatch
 10
0.0
 20
0.0
 30
0.0
210
0.0
220
0.0
230
1.0
  2
ANSI31
 70
     0
 71
     0
 91
        4
 92
        7
 72
     0
 73
     1
 93
       14
 10
128645.0191761766
 20
57112.03581864334
 10
129039.0621449267
 20
57178.87175614335
 10
129398.5547409411
 20
57204.22331864334
 10
131111.4254261758
 20
57204.22331864334
 10
131351.4254261767
 20
57204.22331864334
 10
131351.4254261767
 20
57283.2233185888
 10
121321.4254261765
 20
57283.2233185888
 10
121321.4254261765
 20
56614.22331864333
 10
123561.4254261758
 20
56614.22331864335
 10
124372.0699574262
 20
56639.57488114332
 10
125293.456676176
 20
56706.41081864331
 10
126253.515269927
 20
56800.90300614335
 10
127180.1754261761
 20
56909.22331864331
 10
128001.366832426
 20
57017.54363114324
 97
        0
 92
       22
 72
     1
 73
     1
 93
        2
 10
126416.4254261766
 20
57003.1751884959
 42
-1.0
 10
126256.4254261766
 20
57003.1751884959
 42
-1.0
 97
        0
 92
      136
 93
        4
 72
     1
 10
126299.0920928433
 20
56943.17518849589
 11
126373.75875951
 21
56943.17518849589
 72
     1
 10
126373.75875951
 20
56943.17518849589
 11
126373.75875951
 21
57063.17518849589
 72
     1
 10
126373.75875951
 20
57063.17518849589
 11
126299.0920928433
 21
57063.17518849589
 72
     1
 10
126299.0920928433
 20
57063.17518849589
 11
126299.0920928433
 21
56943.17518849589
 97
        0
 92
        9
 93
        4
 72
     1
 10
121473.0750670056
 20
57227.34032046096
 11
121530.0327750547
 21
57227.34032046096
 72
     1
 10
121530.0327750547
 20
57227.34032046096
 11
121530.0327750547
 21
57302.647278169
 72
     1
 10
121530.0327750547
 20
57302.647278169
 11
121473.0750670056
 21
57302.647278169
 72
     1
 10
121473.0750670056
 20
57302.647278169
 11
121473.0750670056
 21
57227.34032046096
 97
        0
 75
     0
 76
     1
 52
90.0
 41
800.0
 77
     0
 78
     1
 53
135.0
 43
0.0
 44
-0.000000000007276
 45
-70.71067811865475
 46
-70.71067811865474
 79
     0
 47
8.658486197567121
 98
        2
 10
126752.7224662712
 20
57065.65787410601
 10
126752.7224662712
 20
57065.65787410601
1001
ACAD
1010
0.0
1020
0.0
1030
0.0
  0
TEXT
  5
1B2508
330
1A
100
AcDbEntity
  8
Text
100
AcDbText
 10
121485.6262266236
 20
57239.89148007897
 30
0.0
 40
50.0
  1
2
  7
Ten
 72
     4
 11
121501.5539210302
 21
57264.99379931499
 31
0.0
100
AcDbText
  0
LINE
  5
1B2509
330
1A
100
AcDbEntity
  8
0
100
AcDbLine
 10
116283.4254261767
 20
58333.22331864332
 30
0.0
 11
131283.4254261767
 21
58333.22331864331
 31
0.0
1001
AcDbBlockRepETag
1070
     1
1071
      910
1005
0
  0
LINE
  5
1B250A
330
1A
100
AcDbEntity
  8
0
100
AcDbLine
 10
116283.4254261767
 20
58203.22331864334
 30
0.0
 11
116283.4254261767
 21
58333.22331864332
 31
0.0
  0
LINE
  5
1B250B
330
1A
100
AcDbEntity
  8
0
100
AcDbLine
 10
131283.4254261767
 20
58203.22331864336
 30
0.0
 11
131283.4254261767
 21
58333.22331864332
 31
0.0
  0
LINE
  5
1B250C
330
1A
100
AcDbEntity
  8
0
100
AcDbLine
 10
121284.4254261767
 20
58203.22331864335
 30
0.0
 11
121284.4254261767
 21
58353.22331864333
 31
0.0
  0
LINE
  5
1B250D
330
1A
100
AcDbEntity
  8
0
100
AcDbLine
 10
121282.4254261767
 20
58203.22331864335
 30
0.0
 11
121282.4254261767
 21
58353.22331864333
 31
0.0
  0
LINE
  5
1B250E
330
1A
100
AcDbEntity
  8
0
100
AcDbLine
 10
116283.4254261766
 20
58203.22331864333
 30
0.0
 11
116383.4254261767
 21
58203.22331864333
 31
0.0
1001
AcDbBlockRepETag
1070
     1
1071
      910
1005
0
  0
LINE
  5
1B250F
330
1A
100
AcDbEntity
  8
0
100
AcDbLine
 10
126284.4254261767
 20
58203.22331864335
 30
0.0
 11
126284.4254261767
 21
58353.22331864333
 31
0.0
  0
LINE
  5
1B2510
330
1A
100
AcDbEntity
  8
0
100
AcDbLine
 10
126282.4254261767
 20
58203.22331864335
 30
0.0
 11
126282.4254261767
 21
58353.22331864333
 31
0.0
  0
LINE
  5
1B2511
330
1A
100
AcDbEntity
  8
Hatch coc
100
AcDbLine
 10
116468.4254261767
 20
57220.09094000166
 30
0.0
 11
116468.4254261767
 21
57878.22331864332
 31
0.0
  0
LINE
  5
1B2512
330
1A
100
AcDbEntity
  8
Hatch coc
100
AcDbLine
 10
116458.4254261765
 20
57218.08925373297
 30
0.0
 11
116458.4254261766
 21
57878.22331864332
 31
0.0
  0
LINE
  5
1B2513
330
1A
100
AcDbEntity
  8
Hatch coc
100
AcDbLine
 10
116428.4254261767
 20
57212.08419492703
 30
0.0
 11
116428.4254261767
 21
57878.22331864332
 31
0.0
  0
LINE
  5
1B2514
330
1A
100
AcDbEntity
  8
Hatch coc
100
AcDbLine
 10
116418.4254261767
 20
57210.08250865836
 30
0.0
 11
116418.4254261767
 21
57878.22331864332
 31
0.0
  0
LINE
  5
1B2515
330
1A
100
AcDbEntity
  8
0
100
AcDbLine
 10
116473.4254261767
 20
57878.22331864335
 30
0.0
 11
116473.4254261769
 21
57221.09178313604
 31
0.0
  0
LINE
  5
1B2516
330
1A
100
AcDbEntity
  8
0
100
AcDbLine
 10
116413.4254261767
 20
57878.22331864335
 30
0.0
 11
116413.4254261768
 21
57209.08166552406
 31
0.0
  0
LINE
  5
1B2517
330
1A
100
AcDbEntity
  8
0
  6
HIDDEN
 48
25.0
100
AcDbLine
 10
116413.425426176
 20
57283.2233185888
 30
0.0
 11
116413.4254261769
 21
55403.22331864332
 31
0.0
  0
LINE
  5
1B2518
330
1A
100
AcDbEntity
  8
Tim
 48
10.0
100
AcDbLine
 10
116443.4254261767
 20
57883.22331864332
 30
0.0
 11
116443.4254261768
 21
55373.22331864334
 31
0.0
  0
LINE
  5
1B2519
330
1A
100
AcDbEntity
  8
0
  6
HIDDEN
 48
25.0
100
AcDbLine
 10
116473.4254261767
 20
57283.2233185888
 30
0.0
 11
116473.4254261768
 21
55403.22331864332
 31
0.0
  0
LINE
  5
1B251A
330
1A
100
AcDbEntity
  8
0
  6
HIDDEN
 48
25.0
100
AcDbLine
 10
116444.1754261767
 20
55393.5233186433
 30
0.0
 11
116444.1754261767
 21
55403.22331864332
 31
0.0
  0
LINE
  5
1B251B
330
1A
100
AcDbEntity
  8
0
  6
HIDDEN
 48
25.0
100
AcDbLine
 10
116442.6754261767
 20
55393.5233186433
 30
0.0
 11
116442.6754261767
 21
55403.22331864332
 31
0.0
  0
LINE
  5
1B251C
330
1A
100
AcDbEntity
  8
0
  6
HIDDEN
 48
25.0
100
AcDbLine
 10
116444.1754261767
 20
55393.5233186433
 30
0.0
 11
116442.6754261767
 21
55393.5233186433
 31
0.0
  0
LWPOLYLINE
  5
1B251D
330
1A
100
AcDbEntity
  8
0
  6
HIDDEN
 48
25.0
100
AcDbPolyline
 90
        4
 70
     0
 43
0.0
 10
116413.4254261767
 20
55403.22331864332
 10
116473.4254261767
 20
55403.22331864332
 10
116443.4254261767
 20
55393.22331864331
 10
116413.4254261767
 20
55403.22331864332
  0
LINE
  5
1B251E
330
1A
100
AcDbEntity
  8
Kich thuoc
100
AcDbLine
 10
115995.4095769315
 20
57456.38349174899
 30
0.0
 11
115995.4095769315
 21
57283.2233185888
 31
0.0
  0
LINE
  5
1B251F
330
1A
100
AcDbEntity
  8
Kich thuoc
100
AcDbLine
 10
115995.4095769315
 20
57283.2233185888
 30
0.0
 11
115926.1455076675
 21
57343.82937919487
 31
0.0
  0
LINE
  5
1B2520
330
1A
100
AcDbEntity
  8
Kich thuoc
100
AcDbLine
 10
115995.4095769315
 20
57283.2233185888
 30
0.0
 11
116064.6736461956
 21
57343.82937919487
 31
0.0
  0
HATCH
  5
1B2521
330
1A
100
AcDbEntity
  8
Kich thuoc
100
AcDbHatch
 10
0.0
 20
0.0
 30
0.0
210
0.0
220
0.0
230
1.0
  2
SOLID
 70
     1
 71
     0
 91
        5
 92
        7
 72
     0
 73
     1
 93
        3
 10
115995.4095769315
 20
57343.82937919481
 10
116064.6736461956
 20
57343.82937919481
 10
115995.4095769315
 20
57283.22331858911
 97
        0
 92
        7
 72
     1
 73
     1
 93
        3
 10
115995.4095769315
 20
57378.46141382685
 42
0.0
 10
116008.3965899185
 20
57378.46141382685
 42
-0.4142135623736633
 10
115995.4095769315
 20
57365.47440083984
 42
0.0
 97
        0
 92
        7
 72
     1
 73
     1
 93
        3
 10
115995.4095769315
 20
57391.44842681383
 42
-0.4142135623730951
 10
116008.3965899185
 20
57378.46141382685
 42
0.0
 10
115995.4095769315
 20
57378.46141382685
 42
0.0
 97
        0
 92
        7
 72
     1
 73
     1
 93
        3
 10
115995.4095769315
 20
57391.44842681383
 42
0.0
 10
115995.4095769315
 20
57378.46141382685
 42
0.0
 10
115982.4225639445
 20
57378.46141382685
 42
-0.4142135623730951
 97
        0
 92
        7
 72
     1
 73
     1
 93
        3
 10
115982.4225639445
 20
57378.46141382685
 42
0.0
 10
115995.4095769315
 20
57378.46141382685
 42
0.0
 10
115995.4095769315
 20
57365.47440083984
 42
-0.4142135623730951
 97
        0
 75
     0
 76
     1
 47
0.5405059834732687
 98
        5
 10
116013.4660605213
 20
57335.40454237497
 10
116002.2232161967
 20
57368.16246740162
 10
116001.2861703972
 20
57384.07344539321
 10
115991.9172045129
 20
57384.07344539321
 10
115989.1064934319
 20
57371.90621963864
450
        0
451
        0
460
0.0
461
0.0
452
        1
462
1.0
453
        2
463
0.0
 63
     5
421
      255
463
1.0
 63
     7
421
 16777215
470
LINEAR
  0
LINE
  5
1B2522
330
1A
100
AcDbEntity
  8
Kich thuoc
100
AcDbLine
 10
116238.9122639737
 20
57283.2233185888
 30
0.0
 11
115926.6498242406
 21
57283.2233185888
 31
0.0
  0
TEXT
  5
1B2523
330
1A
100
AcDbEntity
  8
Text
100
AcDbText
 10
115675.8201861745
 20
57418.96654291264
 30
0.0
 40
80.0
  1
-5.00
 41
0.7
100
AcDbText
  0
LINE
  5
1B2524
330
1A
100
AcDbEntity
  8
Kich thuoc
100
AcDbLine
 10
116047.3576288796
 20
57378.4614138269
 30
0.0
 11
115629.2562360387
 21
57378.46141382692
 31
0.0
  0
LINE
  5
1B2525
330
1A
100
AcDbEntity
  8
Kich thuoc
100
AcDbLine
 10
116064.6736461956
 20
57343.82937919487
 30
0.0
 11
115926.1455076675
 21
57343.82937919487
 31
0.0
  0
LINE
  5
1B2526
330
1A
100
AcDbEntity
  8
Dia chat
  6
DAT_LINE
 62
     8
 48
100.0
100
AcDbLine
 10
116783.8213979407
 20
57283.2233185888
 30
0.0
 11
132561.0866352221
 21
57283.2233185888
 31
0.0
  0
LINE
  5
1B2527
330
1A
100
AcDbEntity
  8
Hatch coc
100
AcDbLine
 10
116988.4254261767
 20
57283.2233185888
 30
0.0
 11
116988.4254261767
 21
57878.22331864332
 31
0.0
  0
LINE
  5
1B2528
330
1A
100
AcDbEntity
  8
Hatch coc
100
AcDbLine
 10
116978.4254261765
 20
57283.2233185888
 30
0.0
 11
116978.4254261766
 21
57878.22331864332
 31
0.0
  0
LINE
  5
1B2529
330
1A
100
AcDbEntity
  8
Hatch coc
100
AcDbLine
 10
116948.4254261767
 20
57283.2233185888
 30
0.0
 11
116948.4254261767
 21
57878.22331864332
 31
0.0
  0
LINE
  5
1B252A
330
1A
100
AcDbEntity
  8
Hatch coc
100
AcDbLine
 10
116938.4254261767
 20
57283.2233185888
 30
0.0
 11
116938.4254261767
 21
57878.22331864332
 31
0.0
  0
LINE
  5
1B252B
330
1A
100
AcDbEntity
  8
0
100
AcDbLine
 10
116993.4254261767
 20
57878.22331864335
 30
0.0
 11
116993.4254261769
 21
57283.2233185888
 31
0.0
  0
LINE
  5
1B252C
330
1A
100
AcDbEntity
  8
0
100
AcDbLine
 10
116933.4254261767
 20
57878.22331864335
 30
0.0
 11
116933.4254261768
 21
57283.2233185888
 31
0.0
  0
LINE
  5
1B252D
330
1A
100
AcDbEntity
  8
0
  6
HIDDEN
 48
25.0
100
AcDbLine
 10
116933.425426176
 20
57283.2233185888
 30
0.0
 11
116933.4254261769
 21
55403.22331864332
 31
0.0
  0
LINE
  5
1B252E
330
1A
100
AcDbEntity
  8
Tim
 48
10.0
100
AcDbLine
 10
116963.4254261767
 20
57883.22331864332
 30
0.0
 11
116963.4254261768
 21
55373.22331864334
 31
0.0
  0
LINE
  5
1B252F
330
1A
100
AcDbEntity
  8
0
  6
HIDDEN
 48
25.0
100
AcDbLine
 10
116993.4254261767
 20
57283.2233185888
 30
0.0
 11
116993.4254261768
 21
55403.22331864332
 31
0.0
  0
LINE
  5
1B2530
330
1A
100
AcDbEntity
  8
0
  6
HIDDEN
 48
25.0
100
AcDbLine
 10
116964.1754261767
 20
55393.5233186433
 30
0.0
 11
116964.1754261767
 21
55403.22331864332
 31
0.0
  0
LINE
  5
1B2531
330
1A
100
AcDbEntity
  8
0
  6
HIDDEN
 48
25.0
100
AcDbLine
 10
116962.6754261767
 20
55393.5233186433
 30
0.0
 11
116962.6754261767
 21
55403.22331864332
 31
0.0
  0
LINE
  5
1B2532
330
1A
100
AcDbEntity
  8
0
  6
HIDDEN
 48
25.0
100
AcDbLine
 10
116964.1754261767
 20
55393.5233186433
 30
0.0
 11
116962.6754261767
 21
55393.5233186433
 31
0.0
  0
LWPOLYLINE
  5
1B2533
330
1A
100
AcDbEntity
  8
0
  6
HIDDEN
 48
25.0
100
AcDbPolyline
 90
        4
 70
     0
 43
0.0
 10
116933.4254261767
 20
55403.22331864332
 10
116993.4254261767
 20
55403.22331864332
 10
116963.4254261767
 20
55393.22331864331
 10
116933.4254261767
 20
55403.22331864332
  0
LINE
  5
1B2534
330
1A
100
AcDbEntity
  8
Hatch coc
100
AcDbLine
 10
117508.4254261767
 20
57283.2233185888
 30
0.0
 11
117508.4254261767
 21
57878.22331864332
 31
0.0
  0
LINE
  5
1B2535
330
1A
100
AcDbEntity
  8
Hatch coc
100
AcDbLine
 10
117498.4254261765
 20
57283.2233185888
 30
0.0
 11
117498.4254261767
 21
57878.22331864332
 31
0.0
  0
LINE
  5
1B2536
330
1A
100
AcDbEntity
  8
Hatch coc
100
AcDbLine
 10
117468.4254261767
 20
57283.2233185888
 30
0.0
 11
117468.4254261767
 21
57878.22331864332
 31
0.0
  0
LINE
  5
1B2537
330
1A
100
AcDbEntity
  8
Hatch coc
100
AcDbLine
 10
117458.4254261767
 20
57283.2233185888
 30
0.0
 11
117458.4254261767
 21
57878.22331864332
 31
0.0
  0
LINE
  5
1B2538
330
1A
100
AcDbEntity
  8
0
100
AcDbLine
 10
117513.4254261767
 20
57878.22331864335
 30
0.0
 11
117513.4254261769
 21
57283.2233185888
 31
0.0
  0
LINE
  5
1B2539
330
1A
100
AcDbEntity
  8
0
100
AcDbLine
 10
117453.4254261767
 20
57878.22331864335
 30
0.0
 11
117453.4254261768
 21
57283.2233185888
 31
0.0
  0
LINE
  5
1B253A
330
1A
100
AcDbEntity
  8
0
  6
HIDDEN
 48
25.0
100
AcDbLine
 10
117453.425426176
 20
57283.2233185888
 30
0.0
 11
117453.4254261769
 21
55403.22331864332
 31
0.0
  0
LINE
  5
1B253B
330
1A
100
AcDbEntity
  8
Tim
 48
10.0
100
AcDbLine
 10
117483.4254261767
 20
57883.22331864332
 30
0.0
 11
117483.4254261768
 21
55373.22331864334
 31
0.0
  0
LINE
  5
1B253C
330
1A
100
AcDbEntity
  8
0
  6
HIDDEN
 48
25.0
100
AcDbLine
 10
117513.4254261767
 20
57283.2233185888
 30
0.0
 11
117513.4254261768
 21
55403.22331864332
 31
0.0
  0
LINE
  5
1B253D
330
1A
100
AcDbEntity
  8
0
  6
HIDDEN
 48
25.0
100
AcDbLine
 10
117484.1754261767
 20
55393.5233186433
 30
0.0
 11
117484.1754261767
 21
55403.22331864332
 31
0.0
  0
LINE
  5
1B253E
330
1A
100
AcDbEntity
  8
0
  6
HIDDEN
 48
25.0
100
AcDbLine
 10
117482.6754261767
 20
55393.5233186433
 30
0.0
 11
117482.6754261767
 21
55403.22331864332
 31
0.0
  0
LINE
  5
1B253F
330
1A
100
AcDbEntity
  8
0
  6
HIDDEN
 48
25.0
100
AcDbLine
 10
117484.1754261767
 20
55393.5233186433
 30
0.0
 11
117482.6754261767
 21
55393.5233186433
 31
0.0
  0
LWPOLYLINE
  5
1B2540
330
1A
100
AcDbEntity
  8
0
  6
HIDDEN
 48
25.0
100
AcDbPolyline
 90
        4
 70
     0
 43
0.0
 10
117453.4254261767
 20
55403.22331864332
 10
117513.4254261767
 20
55403.22331864332
 10
117483.4254261767
 20
55393.22331864331
 10
117453.4254261767
 20
55403.22331864332
  0
LINE
  5
1B2541
330
1A
100
AcDbEntity
  8
Hatch coc
100
AcDbLine
 10
118028.4254261767
 20
57283.2233185888
 30
0.0
 11
118028.4254261767
 21
57878.22331864332
 31
0.0
  0
LINE
  5
1B2542
330
1A
100
AcDbEntity
  8
Hatch coc
100
AcDbLine
 10
118018.4254261765
 20
57283.2233185888
 30
0.0
 11
118018.4254261766
 21
57878.22331864332
 31
0.0
  0
LINE
  5
1B2543
330
1A
100
AcDbEntity
  8
Hatch coc
100
AcDbLine
 10
117988.4254261767
 20
57283.2233185888
 30
0.0
 11
117988.4254261767
 21
57878.22331864332
 31
0.0
  0
LINE
  5
1B2544
330
1A
100
AcDbEntity
  8
Hatch coc
100
AcDbLine
 10
117978.4254261767
 20
57283.2233185888
 30
0.0
 11
117978.4254261767
 21
57878.22331864332
 31
0.0
  0
LINE
  5
1B2545
330
1A
100
AcDbEntity
  8
0
100
AcDbLine
 10
118033.4254261767
 20
57878.22331864335
 30
0.0
 11
118033.4254261769
 21
57283.2233185888
 31
0.0
  0
LINE
  5
1B2546
330
1A
100
AcDbEntity
  8
0
100
AcDbLine
 10
117973.4254261767
 20
57878.22331864335
 30
0.0
 11
117973.4254261768
 21
57283.2233185888
 31
0.0
  0
LINE
  5
1B2547
330
1A
100
AcDbEntity
  8
0
  6
HIDDEN
 48
25.0
100
AcDbLine
 10
117973.425426176
 20
57283.2233185888
 30
0.0
 11
117973.4254261769
 21
55403.22331864332
 31
0.0
  0
LINE
  5
1B2548
330
1A
100
AcDbEntity
  8
Tim
 48
10.0
100
AcDbLine
 10
118003.4254261767
 20
57883.22331864332
 30
0.0
 11
118003.4254261768
 21
55373.22331864334
 31
0.0
  0
LINE
  5
1B2549
330
1A
100
AcDbEntity
  8
0
  6
HIDDEN
 48
25.0
100
AcDbLine
 10
118033.4254261767
 20
57283.2233185888
 30
0.0
 11
118033.4254261768
 21
55403.22331864332
 31
0.0
  0
LINE
  5
1B254A
330
1A
100
AcDbEntity
  8
0
  6
HIDDEN
 48
25.0
100
AcDbLine
 10
118004.1754261767
 20
55393.5233186433
 30
0.0
 11
118004.1754261767
 21
55403.22331864332
 31
0.0
  0
LINE
  5
1B254B
330
1A
100
AcDbEntity
  8
0
  6
HIDDEN
 48
25.0
100
AcDbLine
 10
118002.6754261767
 20
55393.5233186433
 30
0.0
 11
118002.6754261767
 21
55403.22331864332
 31
0.0
  0
LINE
  5
1B254C
330
1A
100
AcDbEntity
  8
0
  6
HIDDEN
 48
25.0
100
AcDbLine
 10
118004.1754261767
 20
55393.5233186433
 30
0.0
 11
118002.6754261767
 21
55393.5233186433
 31
0.0
  0
LWPOLYLINE
  5
1B254D
330
1A
100
AcDbEntity
  8
0
  6
HIDDEN
 48
25.0
100
AcDbPolyline
 90
        4
 70
     0
 43
0.0
 10
117973.4254261767
 20
55403.22331864332
 10
118033.4254261767
 20
55403.22331864332
 10
118003.4254261767
 20
55393.22331864331
 10
117973.4254261767
 20
55403.22331864332
  0
LINE
  5
1B254E
330
1A
100
AcDbEntity
  8
Hatch coc
100
AcDbLine
 10
118548.4254261767
 20
57283.2233185888
 30
0.0
 11
118548.4254261767
 21
57878.22331864332
 31
0.0
  0
LINE
  5
1B254F
330
1A
100
AcDbEntity
  8
Hatch coc
100
AcDbLine
 10
118538.4254261765
 20
57283.2233185888
 30
0.0
 11
118538.4254261767
 21
57878.22331864332
 31
0.0
  0
LINE
  5
1B2550
330
1A
100
AcDbEntity
  8
Hatch coc
100
AcDbLine
 10
118508.4254261767
 20
57283.2233185888
 30
0.0
 11
118508.4254261767
 21
57878.22331864332
 31
0.0
  0
LINE
  5
1B2551
330
1A
100
AcDbEntity
  8
Hatch coc
100
AcDbLine
 10
118498.4254261767
 20
57283.2233185888
 30
0.0
 11
118498.4254261767
 21
57878.22331864332
 31
0.0
  0
LINE
  5
1B2552
330
1A
100
AcDbEntity
  8
0
100
AcDbLine
 10
118553.4254261767
 20
57878.22331864335
 30
0.0
 11
118553.4254261769
 21
57283.2233185888
 31
0.0
  0
LINE
  5
1B2553
330
1A
100
AcDbEntity
  8
0
100
AcDbLine
 10
118493.4254261767
 20
57878.22331864335
 30
0.0
 11
118493.4254261769
 21
57283.2233185888
 31
0.0
  0
LINE
  5
1B2554
330
1A
100
AcDbEntity
  8
0
  6
HIDDEN
 48
25.0
100
AcDbLine
 10
118493.4254261761
 20
57283.2233185888
 30
0.0
 11
118493.4254261769
 21
55403.22331864332
 31
0.0
  0
LINE
  5
1B2555
330
1A
100
AcDbEntity
  8
Tim
 48
10.0
100
AcDbLine
 10
118523.4254261767
 20
57883.22331864332
 30
0.0
 11
118523.4254261768
 21
55373.22331864334
 31
0.0
  0
LINE
  5
1B2556
330
1A
100
AcDbEntity
  8
0
  6
HIDDEN
 48
25.0
100
AcDbLine
 10
118553.4254261767
 20
57283.2233185888
 30
0.0
 11
118553.4254261768
 21
55403.22331864332
 31
0.0
  0
LINE
  5
1B2557
330
1A
100
AcDbEntity
  8
0
  6
HIDDEN
 48
25.0
100
AcDbLine
 10
118524.1754261767
 20
55393.5233186433
 30
0.0
 11
118524.1754261767
 21
55403.22331864332
 31
0.0
  0
LINE
  5
1B2558
330
1A
100
AcDbEntity
  8
0
  6
HIDDEN
 48
25.0
100
AcDbLine
 10
118522.6754261767
 20
55393.5233186433
 30
0.0
 11
118522.6754261767
 21
55403.22331864332
 31
0.0
  0
LINE
  5
1B2559
330
1A
100
AcDbEntity
  8
0
  6
HIDDEN
 48
25.0
100
AcDbLine
 10
118524.1754261767
 20
55393.5233186433
 30
0.0
 11
118522.6754261767
 21
55393.5233186433
 31
0.0
  0
LWPOLYLINE
  5
1B255A
330
1A
100
AcDbEntity
  8
0
  6
HIDDEN
 48
25.0
100
AcDbPolyline
 90
        4
 70
     0
 43
0.0
 10
118493.4254261767
 20
55403.22331864332
 10
118553.4254261767
 20
55403.22331864332
 10
118523.4254261767
 20
55393.22331864331
 10
118493.4254261767
 20
55403.22331864332
  0
LINE
  5
1B255B
330
1A
100
AcDbEntity
  8
Hatch coc
100
AcDbLine
 10
119068.4254261767
 20
57283.2233185888
 30
0.0
 11
119068.4254261767
 21
57878.22331864332
 31
0.0
  0
LINE
  5
1B255C
330
1A
100
AcDbEntity
  8
Hatch coc
100
AcDbLine
 10
119058.4254261765
 20
57283.2233185888
 30
0.0
 11
119058.4254261766
 21
57878.22331864332
 31
0.0
  0
LINE
  5
1B255D
330
1A
100
AcDbEntity
  8
Hatch coc
100
AcDbLine
 10
119028.4254261767
 20
57283.2233185888
 30
0.0
 11
119028.4254261767
 21
57878.22331864332
 31
0.0
  0
LINE
  5
1B255E
330
1A
100
AcDbEntity
  8
Hatch coc
100
AcDbLine
 10
119018.4254261767
 20
57283.2233185888
 30
0.0
 11
119018.4254261767
 21
57878.22331864332
 31
0.0
  0
LINE
  5
1B255F
330
1A
100
AcDbEntity
  8
0
100
AcDbLine
 10
119073.4254261767
 20
57878.22331864335
 30
0.0
 11
119073.4254261769
 21
57283.2233185888
 31
0.0
  0
LINE
  5
1B2560
330
1A
100
AcDbEntity
  8
0
100
AcDbLine
 10
119013.4254261767
 20
57878.22331864335
 30
0.0
 11
119013.4254261768
 21
57283.2233185888
 31
0.0
  0
LINE
  5
1B2561
330
1A
100
AcDbEntity
  8
0
  6
HIDDEN
 48
25.0
100
AcDbLine
 10
119013.425426176
 20
57283.2233185888
 30
0.0
 11
119013.4254261769
 21
55403.22331864332
 31
0.0
  0
LINE
  5
1B2562
330
1A
100
AcDbEntity
  8
Tim
 48
10.0
100
AcDbLine
 10
119043.4254261767
 20
57883.22331864332
 30
0.0
 11
119043.4254261768
 21
55373.22331864334
 31
0.0
  0
LINE
  5
1B2563
330
1A
100
AcDbEntity
  8
0
  6
HIDDEN
 48
25.0
100
AcDbLine
 10
119073.4254261767
 20
57283.2233185888
 30
0.0
 11
119073.4254261768
 21
55403.22331864332
 31
0.0
  0
LINE
  5
1B2564
330
1A
100
AcDbEntity
  8
0
  6
HIDDEN
 48
25.0
100
AcDbLine
 10
119044.1754261767
 20
55393.5233186433
 30
0.0
 11
119044.1754261767
 21
55403.22331864332
 31
0.0
  0
LINE
  5
1B2565
330
1A
100
AcDbEntity
  8
0
  6
HIDDEN
 48
25.0
100
AcDbLine
 10
119042.6754261767
 20
55393.5233186433
 30
0.0
 11
119042.6754261767
 21
55403.22331864332
 31
0.0
  0
LINE
  5
1B2566
330
1A
100
AcDbEntity
  8
0
  6
HIDDEN
 48
25.0
100
AcDbLine
 10
119044.1754261767
 20
55393.5233186433
 30
0.0
 11
119042.6754261767
 21
55393.5233186433
 31
0.0
  0
LWPOLYLINE
  5
1B2567
330
1A
100
AcDbEntity
  8
0
  6
HIDDEN
 48
25.0
100
AcDbPolyline
 90
        4
 70
     0
 43
0.0
 10
119013.4254261767
 20
55403.22331864332
 10
119073.4254261767
 20
55403.22331864332
 10
119043.4254261767
 20
55393.22331864331
 10
119013.4254261767
 20
55403.22331864332
  0
LINE
  5
1B2568
330
1A
100
AcDbEntity
  8
Hatch coc
100
AcDbLine
 10
119588.4254261767
 20
57283.2233185888
 30
0.0
 11
119588.4254261767
 21
57878.22331864332
 31
0.0
  0
LINE
  5
1B2569
330
1A
100
AcDbEntity
  8
Hatch coc
100
AcDbLine
 10
119578.4254261765
 20
57283.2233185888
 30
0.0
 11
119578.4254261766
 21
57878.22331864332
 31
0.0
  0
LINE
  5
1B256A
330
1A
100
AcDbEntity
  8
Hatch coc
100
AcDbLine
 10
119548.4254261767
 20
57283.2233185888
 30
0.0
 11
119548.4254261767
 21
57878.22331864332
 31
0.0
  0
LINE
  5
1B256B
330
1A
100
AcDbEntity
  8
Hatch coc
100
AcDbLine
 10
119538.4254261767
 20
57283.2233185888
 30
0.0
 11
119538.4254261767
 21
57878.22331864332
 31
0.0
  0
LINE
  5
1B256C
330
1A
100
AcDbEntity
  8
0
100
AcDbLine
 10
119593.4254261767
 20
57878.22331864335
 30
0.0
 11
119593.4254261769
 21
57283.2233185888
 31
0.0
  0
LINE
  5
1B256D
330
1A
100
AcDbEntity
  8
0
100
AcDbLine
 10
119533.4254261767
 20
57878.22331864335
 30
0.0
 11
119533.4254261768
 21
57283.2233185888
 31
0.0
  0
LINE
  5
1B256E
330
1A
100
AcDbEntity
  8
0
  6
HIDDEN
 48
25.0
100
AcDbLine
 10
119533.425426176
 20
57283.2233185888
 30
0.0
 11
119533.4254261769
 21
55403.22331864332
 31
0.0
  0
LINE
  5
1B256F
330
1A
100
AcDbEntity
  8
Tim
 48
10.0
100
AcDbLine
 10
119563.4254261767
 20
57883.22331864332
 30
0.0
 11
119563.4254261768
 21
55373.22331864334
 31
0.0
  0
LINE
  5
1B2570
330
1A
100
AcDbEntity
  8
0
  6
HIDDEN
 48
25.0
100
AcDbLine
 10
119593.4254261767
 20
57283.2233185888
 30
0.0
 11
119593.4254261768
 21
55403.22331864332
 31
0.0
  0
LINE
  5
1B2571
330
1A
100
AcDbEntity
  8
0
  6
HIDDEN
 48
25.0
100
AcDbLine
 10
119564.1754261767
 20
55393.5233186433
 30
0.0
 11
119564.1754261767
 21
55403.22331864332
 31
0.0
  0
LINE
  5
1B2572
330
1A
100
AcDbEntity
  8
0
  6
HIDDEN
 48
25.0
100
AcDbLine
 10
119562.6754261767
 20
55393.5233186433
 30
0.0
 11
119562.6754261767
 21
55403.22331864332
 31
0.0
  0
LINE
  5
1B2573
330
1A
100
AcDbEntity
  8
0
  6
HIDDEN
 48
25.0
100
AcDbLine
 10
119564.1754261767
 20
55393.5233186433
 30
0.0
 11
119562.6754261767
 21
55393.5233186433
 31
0.0
  0
LWPOLYLINE
  5
1B2574
330
1A
100
AcDbEntity
  8
0
  6
HIDDEN
 48
25.0
100
AcDbPolyline
 90
        4
 70
     0
 43
0.0
 10
119533.4254261767
 20
55403.22331864332
 10
119593.4254261767
 20
55403.22331864332
 10
119563.4254261767
 20
55393.22331864331
 10
119533.4254261767
 20
55403.22331864332
  0
LINE
  5
1B2575
330
1A
100
AcDbEntity
  8
Hatch coc
100
AcDbLine
 10
120108.4254261767
 20
57283.2233185888
 30
0.0
 11
120108.4254261767
 21
57878.22331864332
 31
0.0
  0
LINE
  5
1B2576
330
1A
100
AcDbEntity
  8
Hatch coc
100
AcDbLine
 10
120098.4254261765
 20
57283.2233185888
 30
0.0
 11
120098.4254261767
 21
57878.22331864332
 31
0.0
  0
LINE
  5
1B2577
330
1A
100
AcDbEntity
  8
Hatch coc
100
AcDbLine
 10
120068.4254261767
 20
57283.2233185888
 30
0.0
 11
120068.4254261767
 21
57878.22331864332
 31
0.0
  0
LINE
  5
1B2578
330
1A
100
AcDbEntity
  8
Hatch coc
100
AcDbLine
 10
120058.4254261767
 20
57283.2233185888
 30
0.0
 11
120058.4254261767
 21
57878.22331864332
 31
0.0
  0
LINE
  5
1B2579
330
1A
100
AcDbEntity
  8
0
100
AcDbLine
 10
120113.4254261767
 20
57878.22331864335
 30
0.0
 11
120113.4254261769
 21
57283.2233185888
 31
0.0
  0
LINE
  5
1B257A
330
1A
100
AcDbEntity
  8
0
100
AcDbLine
 10
120053.4254261767
 20
57878.22331864335
 30
0.0
 11
120053.4254261768
 21
57283.2233185888
 31
0.0
  0
LINE
  5
1B257B
330
1A
100
AcDbEntity
  8
0
  6
HIDDEN
 48
25.0
100
AcDbLine
 10
120053.425426176
 20
57283.2233185888
 30
0.0
 11
120053.4254261769
 21
55403.22331864332
 31
0.0
  0
LINE
  5
1B257C
330
1A
100
AcDbEntity
  8
Tim
 48
10.0
100
AcDbLine
 10
120083.4254261767
 20
57883.22331864332
 30
0.0
 11
120083.4254261768
 21
55373.22331864334
 31
0.0
  0
LINE
  5
1B257D
330
1A
100
AcDbEntity
  8
0
  6
HIDDEN
 48
25.0
100
AcDbLine
 10
120113.4254261767
 20
57283.2233185888
 30
0.0
 11
120113.4254261768
 21
55403.22331864332
 31
0.0
  0
LINE
  5
1B257E
330
1A
100
AcDbEntity
  8
0
  6
HIDDEN
 48
25.0
100
AcDbLine
 10
120084.1754261767
 20
55393.5233186433
 30
0.0
 11
120084.1754261767
 21
55403.22331864332
 31
0.0
  0
LINE
  5
1B257F
330
1A
100
AcDbEntity
  8
0
  6
HIDDEN
 48
25.0
100
AcDbLine
 10
120082.6754261767
 20
55393.5233186433
 30
0.0
 11
120082.6754261767
 21
55403.22331864332
 31
0.0
  0
LINE
  5
1B2580
330
1A
100
AcDbEntity
  8
0
  6
HIDDEN
 48
25.0
100
AcDbLine
 10
120084.1754261767
 20
55393.5233186433
 30
0.0
 11
120082.6754261767
 21
55393.5233186433
 31
0.0
  0
LWPOLYLINE
  5
1B2581
330
1A
100
AcDbEntity
  8
0
  6
HIDDEN
 48
25.0
100
AcDbPolyline
 90
        4
 70
     0
 43
0.0
 10
120053.4254261767
 20
55403.22331864332
 10
120113.4254261767
 20
55403.22331864332
 10
120083.4254261767
 20
55393.22331864331
 10
120053.4254261767
 20
55403.22331864332
  0
LINE
  5
1B2582
330
1A
100
AcDbEntity
  8
Hatch coc
100
AcDbLine
 10
120628.4254261767
 20
57283.2233185888
 30
0.0
 11
120628.4254261767
 21
57878.22331864332
 31
0.0
  0
LINE
  5
1B2583
330
1A
100
AcDbEntity
  8
Hatch coc
100
AcDbLine
 10
120618.4254261765
 20
57283.2233185888
 30
0.0
 11
120618.4254261766
 21
57878.22331864332
 31
0.0
  0
LINE
  5
1B2584
330
1A
100
AcDbEntity
  8
Hatch coc
100
AcDbLine
 10
120588.4254261767
 20
57283.2233185888
 30
0.0
 11
120588.4254261767
 21
57878.22331864332
 31
0.0
  0
LINE
  5
1B2585
330
1A
100
AcDbEntity
  8
Hatch coc
100
AcDbLine
 10
120578.4254261767
 20
57283.2233185888
 30
0.0
 11
120578.4254261767
 21
57878.22331864332
 31
0.0
  0
LINE
  5
1B2586
330
1A
100
AcDbEntity
  8
0
100
AcDbLine
 10
120633.4254261767
 20
57878.22331864335
 30
0.0
 11
120633.4254261769
 21
57283.2233185888
 31
0.0
  0
LINE
  5
1B2587
330
1A
100
AcDbEntity
  8
0
100
AcDbLine
 10
120573.4254261767
 20
57878.22331864335
 30
0.0
 11
120573.4254261768
 21
57283.2233185888
 31
0.0
  0
LINE
  5
1B2588
330
1A
100
AcDbEntity
  8
0
  6
HIDDEN
 48
25.0
100
AcDbLine
 10
120573.425426176
 20
57283.2233185888
 30
0.0
 11
120573.4254261769
 21
55403.22331864332
 31
0.0
  0
LINE
  5
1B2589
330
1A
100
AcDbEntity
  8
Tim
 48
10.0
100
AcDbLine
 10
120603.4254261767
 20
57883.22331864332
 30
0.0
 11
120603.4254261768
 21
55373.22331864334
 31
0.0
  0
LINE
  5
1B258A
330
1A
100
AcDbEntity
  8
0
  6
HIDDEN
 48
25.0
100
AcDbLine
 10
120633.4254261767
 20
57283.2233185888
 30
0.0
 11
120633.4254261768
 21
55403.22331864332
 31
0.0
  0
LINE
  5
1B258B
330
1A
100
AcDbEntity
  8
0
  6
HIDDEN
 48
25.0
100
AcDbLine
 10
120604.1754261767
 20
55393.5233186433
 30
0.0
 11
120604.1754261767
 21
55403.22331864332
 31
0.0
  0
LINE
  5
1B258C
330
1A
100
AcDbEntity
  8
0
  6
HIDDEN
 48
25.0
100
AcDbLine
 10
120602.6754261767
 20
55393.5233186433
 30
0.0
 11
120602.6754261767
 21
55403.22331864332
 31
0.0
  0
LINE
  5
1B258D
330
1A
100
AcDbEntity
  8
0
  6
HIDDEN
 48
25.0
100
AcDbLine
 10
120604.1754261767
 20
55393.5233186433
 30
0.0
 11
120602.6754261767
 21
55393.5233186433
 31
0.0
  0
LWPOLYLINE
  5
1B258E
330
1A
100
AcDbEntity
  8
0
  6
HIDDEN
 48
25.0
100
AcDbPolyline
 90
        4
 70
     0
 43
0.0
 10
120573.4254261767
 20
55403.22331864332
 10
120633.4254261767
 20
55403.22331864332
 10
120603.4254261767
 20
55393.22331864331
 10
120573.4254261767
 20
55403.22331864332
  0
LINE
  5
1B258F
330
1A
100
AcDbEntity
  8
Hatch coc
100
AcDbLine
 10
121148.4254261767
 20
57283.2233185888
 30
0.0
 11
121148.4254261767
 21
57878.22331864332
 31
0.0
  0
LINE
  5
1B2590
330
1A
100
AcDbEntity
  8
Hatch coc
100
AcDbLine
 10
121138.4254261765
 20
57283.2233185888
 30
0.0
 11
121138.4254261766
 21
57878.22331864332
 31
0.0
  0
LINE
  5
1B2591
330
1A
100
AcDbEntity
  8
Hatch coc
100
AcDbLine
 10
121108.4254261767
 20
57283.2233185888
 30
0.0
 11
121108.4254261767
 21
57878.22331864332
 31
0.0
  0
LINE
  5
1B2592
330
1A
100
AcDbEntity
  8
Hatch coc
100
AcDbLine
 10
121098.4254261767
 20
57283.2233185888
 30
0.0
 11
121098.4254261767
 21
57878.22331864332
 31
0.0
  0
LINE
  5
1B2593
330
1A
100
AcDbEntity
  8
0
100
AcDbLine
 10
121153.4254261767
 20
57878.22331864335
 30
0.0
 11
121153.4254261769
 21
57283.2233185888
 31
0.0
  0
LINE
  5
1B2594
330
1A
100
AcDbEntity
  8
0
100
AcDbLine
 10
121093.4254261767
 20
57878.22331864335
 30
0.0
 11
121093.4254261768
 21
57283.2233185888
 31
0.0
  0
LINE
  5
1B2595
330
1A
100
AcDbEntity
  8
0
  6
HIDDEN
 48
25.0
100
AcDbLine
 10
121093.425426176
 20
57283.2233185888
 30
0.0
 11
121093.4254261769
 21
55403.22331864332
 31
0.0
  0
LINE
  5
1B2596
330
1A
100
AcDbEntity
  8
Tim
 48
10.0
100
AcDbLine
 10
121123.4254261767
 20
57883.22331864332
 30
0.0
 11
121123.4254261768
 21
55373.22331864334
 31
0.0
  0
LINE
  5
1B2597
330
1A
100
AcDbEntity
  8
0
  6
HIDDEN
 48
25.0
100
AcDbLine
 10
121153.4254261767
 20
57283.2233185888
 30
0.0
 11
121153.4254261768
 21
55403.22331864332
 31
0.0
  0
LINE
  5
1B2598
330
1A
100
AcDbEntity
  8
0
  6
HIDDEN
 48
25.0
100
AcDbLine
 10
121124.1754261767
 20
55393.5233186433
 30
0.0
 11
121124.1754261767
 21
55403.22331864332
 31
0.0
  0
LINE
  5
1B2599
330
1A
100
AcDbEntity
  8
0
  6
HIDDEN
 48
25.0
100
AcDbLine
 10
121122.6754261767
 20
55393.5233186433
 30
0.0
 11
121122.6754261767
 21
55403.22331864332
 31
0.0
  0
LINE
  5
1B259A
330
1A
100
AcDbEntity
  8
0
  6
HIDDEN
 48
25.0
100
AcDbLine
 10
121124.1754261767
 20
55393.5233186433
 30
0.0
 11
121122.6754261767
 21
55393.5233186433
 31
0.0
  0
LWPOLYLINE
  5
1B259B
330
1A
100
AcDbEntity
  8
0
  6
HIDDEN
 48
25.0
100
AcDbPolyline
 90
        4
 70
     0
 43
0.0
 10
121093.4254261767
 20
55403.22331864332
 10
121153.4254261767
 20
55403.22331864332
 10
121123.4254261767
 20
55393.22331864331
 10
121093.4254261767
 20
55403.22331864332
  0
LINE
  5
1B259C
330
1A
100
AcDbEntity
  8
Hatch coc
100
AcDbLine
 10
126098.4254261766
 20
57283.2233185888
 30
0.0
 11
126098.4254261767
 21
57878.22331864332
 31
0.0
  0
LINE
  5
1B259D
330
1A
100
AcDbEntity
  8
Hatch coc
100
AcDbLine
 10
126108.4254261768
 20
57283.2233185888
 30
0.0
 11
126108.4254261767
 21
57878.22331864332
 31
0.0
  0
LINE
  5
1B259E
330
1A
100
AcDbEntity
  8
Hatch coc
100
AcDbLine
 10
126138.4254261766
 20
57283.2233185888
 30
0.0
 11
126138.4254261767
 21
57878.22331864332
 31
0.0
  0
LINE
  5
1B259F
330
1A
100
AcDbEntity
  8
Hatch coc
100
AcDbLine
 10
126148.4254261766
 20
57283.2233185888
 30
0.0
 11
126148.4254261767
 21
57878.22331864332
 31
0.0
  0
LINE
  5
1B25A0
330
1A
100
AcDbEntity
  8
0
100
AcDbLine
 10
126093.4254261766
 20
57878.22331864334
 30
0.0
 11
126093.4254261764
 21
57283.2233185888
 31
0.0
  0
LINE
  5
1B25A1
330
1A
100
AcDbEntity
  8
0
100
AcDbLine
 10
126153.4254261766
 20
57878.22331864334
 30
0.0
 11
126153.4254261765
 21
57283.2233185888
 31
0.0
  0
LINE
  5
1B25A2
330
1A
100
AcDbEntity
  8
0
  6
HIDDEN
 48
25.0
100
AcDbLine
 10
126153.4254261773
 20
57283.2233185888
 30
0.0
 11
126153.4254261764
 21
55403.22331864327
 31
0.0
  0
LINE
  5
1B25A3
330
1A
100
AcDbEntity
  8
Tim
 48
10.0
100
AcDbLine
 10
126123.4254261766
 20
57883.22331864332
 30
0.0
 11
126123.4254261765
 21
55373.22331864331
 31
0.0
  0
LINE
  5
1B25A4
330
1A
100
AcDbEntity
  8
0
  6
HIDDEN
 48
25.0
100
AcDbLine
 10
126093.4254261766
 20
57283.2233185888
 30
0.0
 11
126093.4254261765
 21
55403.22331864327
 31
0.0
  0
LINE
  5
1B25A5
330
1A
100
AcDbEntity
  8
0
  6
HIDDEN
 48
25.0
100
AcDbLine
 10
126122.6754261767
 20
55393.52331864327
 30
0.0
 11
126122.6754261767
 21
55403.22331864327
 31
0.0
  0
LINE
  5
1B25A6
330
1A
100
AcDbEntity
  8
0
  6
HIDDEN
 48
25.0
100
AcDbLine
 10
126124.1754261767
 20
55393.52331864327
 30
0.0
 11
126124.1754261767
 21
55403.22331864327
 31
0.0
  0
LINE
  5
1B25A7
330
1A
100
AcDbEntity
  8
0
  6
HIDDEN
 48
25.0
100
AcDbLine
 10
126122.6754261767
 20
55393.52331864327
 30
0.0
 11
126124.1754261767
 21
55393.52331864327
 31
0.0
  0
LWPOLYLINE
  5
1B25A8
330
1A
100
AcDbEntity
  8
0
  6
HIDDEN
 48
25.0
100
AcDbPolyline
 90
        4
 70
     0
 43
0.0
 10
126153.4254261766
 20
55403.22331864327
 10
126093.4254261766
 20
55403.22331864327
 10
126123.4254261766
 20
55393.22331864328
 10
126153.4254261766
 20
55403.22331864327
  0
LINE
  5
1B25A9
330
1A
100
AcDbEntity
  8
Hatch coc
100
AcDbLine
 10
125578.4254261766
 20
57283.2233185888
 30
0.0
 11
125578.4254261766
 21
57878.22331864332
 31
0.0
  0
LINE
  5
1B25AA
330
1A
100
AcDbEntity
  8
Hatch coc
100
AcDbLine
 10
125588.4254261768
 20
57283.2233185888
 30
0.0
 11
125588.4254261767
 21
57878.22331864332
 31
0.0
  0
LINE
  5
1B25AB
330
1A
100
AcDbEntity
  8
Hatch coc
100
AcDbLine
 10
125618.4254261766
 20
57283.2233185888
 30
0.0
 11
125618.4254261766
 21
57878.22331864332
 31
0.0
  0
LINE
  5
1B25AC
330
1A
100
AcDbEntity
  8
Hatch coc
100
AcDbLine
 10
125628.4254261766
 20
57283.2233185888
 30
0.0
 11
125628.4254261766
 21
57878.22331864332
 31
0.0
  0
LINE
  5
1B25AD
330
1A
100
AcDbEntity
  8
0
100
AcDbLine
 10
125573.4254261766
 20
57878.22331864334
 30
0.0
 11
125573.4254261765
 21
57283.2233185888
 31
0.0
  0
LINE
  5
1B25AE
330
1A
100
AcDbEntity
  8
0
100
AcDbLine
 10
125633.4254261766
 20
57878.22331864334
 30
0.0
 11
125633.4254261765
 21
57283.2233185888
 31
0.0
  0
LINE
  5
1B25AF
330
1A
100
AcDbEntity
  8
0
  6
HIDDEN
 48
25.0
100
AcDbLine
 10
125633.4254261773
 20
57283.2233185888
 30
0.0
 11
125633.4254261764
 21
55403.22331864332
 31
0.0
  0
LINE
  5
1B25B0
330
1A
100
AcDbEntity
  8
Tim
 48
10.0
100
AcDbLine
 10
125603.4254261767
 20
57883.22331864332
 30
0.0
 11
125603.4254261765
 21
55373.22331864334
 31
0.0
  0
LINE
  5
1B25B1
330
1A
100
AcDbEntity
  8
0
  6
HIDDEN
 48
25.0
100
AcDbLine
 10
125573.4254261766
 20
57283.2233185888
 30
0.0
 11
125573.4254261765
 21
55403.22331864332
 31
0.0
  0
LINE
  5
1B25B2
330
1A
100
AcDbEntity
  8
0
  6
HIDDEN
 48
25.0
100
AcDbLine
 10
125602.6754261766
 20
55393.5233186433
 30
0.0
 11
125602.6754261766
 21
55403.22331864332
 31
0.0
  0
LINE
  5
1B25B3
330
1A
100
AcDbEntity
  8
0
  6
HIDDEN
 48
25.0
100
AcDbLine
 10
125604.1754261767
 20
55393.5233186433
 30
0.0
 11
125604.1754261767
 21
55403.22331864332
 31
0.0
  0
LINE
  5
1B25B4
330
1A
100
AcDbEntity
  8
0
  6
HIDDEN
 48
25.0
100
AcDbLine
 10
125602.6754261766
 20
55393.5233186433
 30
0.0
 11
125604.1754261767
 21
55393.5233186433
 31
0.0
  0
LWPOLYLINE
  5
1B25B5
330
1A
100
AcDbEntity
  8
0
  6
HIDDEN
 48
25.0
100
AcDbPolyline
 90
        4
 70
     0
 43
0.0
 10
125633.4254261767
 20
55403.22331864332
 10
125573.4254261766
 20
55403.22331864332
 10
125603.4254261767
 20
55393.22331864331
 10
125633.4254261767
 20
55403.22331864332
  0
LINE
  5
1B25B6
330
1A
100
AcDbEntity
  8
Hatch coc
100
AcDbLine
 10
125058.4254261766
 20
57283.2233185888
 30
0.0
 11
125058.4254261767
 21
57878.22331864332
 31
0.0
  0
LINE
  5
1B25B7
330
1A
100
AcDbEntity
  8
Hatch coc
100
AcDbLine
 10
125068.4254261768
 20
57283.2233185888
 30
0.0
 11
125068.4254261767
 21
57878.22331864332
 31
0.0
  0
LINE
  5
1B25B8
330
1A
100
AcDbEntity
  8
Hatch coc
100
AcDbLine
 10
125098.4254261766
 20
57283.2233185888
 30
0.0
 11
125098.4254261767
 21
57878.22331864332
 31
0.0
  0
LINE
  5
1B25B9
330
1A
100
AcDbEntity
  8
Hatch coc
100
AcDbLine
 10
125108.4254261766
 20
57283.2233185888
 30
0.0
 11
125108.4254261767
 21
57878.22331864332
 31
0.0
  0
LINE
  5
1B25BA
330
1A
100
AcDbEntity
  8
0
100
AcDbLine
 10
125053.4254261766
 20
57878.22331864334
 30
0.0
 11
125053.4254261764
 21
57283.2233185888
 31
0.0
  0
LINE
  5
1B25BB
330
1A
100
AcDbEntity
  8
0
100
AcDbLine
 10
125113.4254261766
 20
57878.22331864334
 30
0.0
 11
125113.4254261765
 21
57283.2233185888
 31
0.0
  0
LINE
  5
1B25BC
330
1A
100
AcDbEntity
  8
0
  6
HIDDEN
 48
25.0
100
AcDbLine
 10
125113.4254261773
 20
57283.2233185888
 30
0.0
 11
125113.4254261764
 21
55403.22331864332
 31
0.0
  0
LINE
  5
1B25BD
330
1A
100
AcDbEntity
  8
Tim
 48
10.0
100
AcDbLine
 10
125083.4254261766
 20
57883.22331864332
 30
0.0
 11
125083.4254261765
 21
55373.22331864334
 31
0.0
  0
LINE
  5
1B25BE
330
1A
100
AcDbEntity
  8
0
  6
HIDDEN
 48
25.0
100
AcDbLine
 10
125053.4254261767
 20
57283.2233185888
 30
0.0
 11
125053.4254261765
 21
55403.22331864332
 31
0.0
  0
LINE
  5
1B25BF
330
1A
100
AcDbEntity
  8
0
  6
HIDDEN
 48
25.0
100
AcDbLine
 10
125082.6754261767
 20
55393.5233186433
 30
0.0
 11
125082.6754261767
 21
55403.22331864332
 31
0.0
  0
LINE
  5
1B25C0
330
1A
100
AcDbEntity
  8
0
  6
HIDDEN
 48
25.0
100
AcDbLine
 10
125084.1754261766
 20
55393.5233186433
 30
0.0
 11
125084.1754261766
 21
55403.22331864332
 31
0.0
  0
LINE
  5
1B25C1
330
1A
100
AcDbEntity
  8
0
  6
HIDDEN
 48
25.0
100
AcDbLine
 10
125082.6754261767
 20
55393.5233186433
 30
0.0
 11
125084.1754261766
 21
55393.5233186433
 31
0.0
  0
LWPOLYLINE
  5
1B25C2
330
1A
100
AcDbEntity
  8
0
  6
HIDDEN
 48
25.0
100
AcDbPolyline
 90
        4
 70
     0
 43
0.0
 10
125113.4254261766
 20
55403.22331864332
 10
125053.4254261767
 20
55403.22331864332
 10
125083.4254261766
 20
55393.22331864331
 10
125113.4254261766
 20
55403.22331864332
  0
LINE
  5
1B25C3
330
1A
100
AcDbEntity
  8
Hatch coc
100
AcDbLine
 10
124538.4254261767
 20
57283.2233185888
 30
0.0
 11
124538.4254261767
 21
57878.22331864332
 31
0.0
  0
LINE
  5
1B25C4
330
1A
100
AcDbEntity
  8
Hatch coc
100
AcDbLine
 10
124548.4254261768
 20
57283.2233185888
 30
0.0
 11
124548.4254261767
 21
57878.22331864332
 31
0.0
  0
LINE
  5
1B25C5
330
1A
100
AcDbEntity
  8
Hatch coc
100
AcDbLine
 10
124578.4254261766
 20
57283.2233185888
 30
0.0
 11
124578.4254261766
 21
57878.22331864332
 31
0.0
  0
LINE
  5
1B25C6
330
1A
100
AcDbEntity
  8
Hatch coc
100
AcDbLine
 10
124588.4254261766
 20
57283.2233185888
 30
0.0
 11
124588.4254261766
 21
57878.22331864332
 31
0.0
  0
LINE
  5
1B25C7
330
1A
100
AcDbEntity
  8
0
100
AcDbLine
 10
124533.4254261766
 20
57878.22331864334
 30
0.0
 11
124533.4254261764
 21
57283.2233185888
 31
0.0
  0
LINE
  5
1B25C8
330
1A
100
AcDbEntity
  8
0
100
AcDbLine
 10
124593.4254261766
 20
57878.22331864334
 30
0.0
 11
124593.4254261765
 21
57283.2233185888
 31
0.0
  0
LINE
  5
1B25C9
330
1A
100
AcDbEntity
  8
0
  6
HIDDEN
 48
25.0
100
AcDbLine
 10
124593.4254261773
 20
57283.2233185888
 30
0.0
 11
124593.4254261764
 21
55403.22331864332
 31
0.0
  0
LINE
  5
1B25CA
330
1A
100
AcDbEntity
  8
Tim
 48
10.0
100
AcDbLine
 10
124563.4254261767
 20
57883.22331864332
 30
0.0
 11
124563.4254261765
 21
55373.22331864334
 31
0.0
  0
LINE
  5
1B25CB
330
1A
100
AcDbEntity
  8
0
  6
HIDDEN
 48
25.0
100
AcDbLine
 10
124533.4254261767
 20
57283.2233185888
 30
0.0
 11
124533.4254261765
 21
55403.22331864332
 31
0.0
  0
LINE
  5
1B25CC
330
1A
100
AcDbEntity
  8
0
  6
HIDDEN
 48
25.0
100
AcDbLine
 10
124562.6754261766
 20
55393.5233186433
 30
0.0
 11
124562.6754261766
 21
55403.22331864332
 31
0.0
  0
LINE
  5
1B25CD
330
1A
100
AcDbEntity
  8
0
  6
HIDDEN
 48
25.0
100
AcDbLine
 10
124564.1754261767
 20
55393.5233186433
 30
0.0
 11
124564.1754261767
 21
55403.22331864332
 31
0.0
  0
LINE
  5
1B25CE
330
1A
100
AcDbEntity
  8
0
  6
HIDDEN
 48
25.0
100
AcDbLine
 10
124562.6754261766
 20
55393.5233186433
 30
0.0
 11
124564.1754261767
 21
55393.5233186433
 31
0.0
  0
LWPOLYLINE
  5
1B25CF
330
1A
100
AcDbEntity
  8
0
  6
HIDDEN
 48
25.0
100
AcDbPolyline
 90
        4
 70
     0
 43
0.0
 10
124593.4254261767
 20
55403.22331864332
 10
124533.4254261767
 20
55403.22331864332
 10
124563.4254261767
 20
55393.22331864331
 10
124593.4254261767
 20
55403.22331864332
  0
LINE
  5
1B25D0
330
1A
100
AcDbEntity
  8
Hatch coc
100
AcDbLine
 10
122978.4254261766
 20
57283.2233185888
 30
0.0
 11
122978.4254261766
 21
57878.22331864332
 31
0.0
  0
LINE
  5
1B25D1
330
1A
100
AcDbEntity
  8
Hatch coc
100
AcDbLine
 10
122988.4254261768
 20
57283.2233185888
 30
0.0
 11
122988.4254261767
 21
57878.22331864332
 31
0.0
  0
LINE
  5
1B25D2
330
1A
100
AcDbEntity
  8
Hatch coc
100
AcDbLine
 10
123018.4254261766
 20
57283.2233185888
 30
0.0
 11
123018.4254261766
 21
57878.22331864332
 31
0.0
  0
LINE
  5
1B25D3
330
1A
100
AcDbEntity
  8
Hatch coc
100
AcDbLine
 10
123028.4254261766
 20
57283.2233185888
 30
0.0
 11
123028.4254261766
 21
57878.22331864332
 31
0.0
  0
LINE
  5
1B25D4
330
1A
100
AcDbEntity
  8
0
100
AcDbLine
 10
122973.4254261766
 20
57878.22331864335
 30
0.0
 11
122973.4254261765
 21
57283.2233185888
 31
0.0
  0
LINE
  5
1B25D5
330
1A
100
AcDbEntity
  8
0
100
AcDbLine
 10
123033.4254261766
 20
57878.22331864335
 30
0.0
 11
123033.4254261765
 21
57283.2233185888
 31
0.0
  0
LINE
  5
1B25D6
330
1A
100
AcDbEntity
  8
0
  6
HIDDEN
 48
25.0
100
AcDbLine
 10
123033.4254261773
 20
57283.2233185888
 30
0.0
 11
123033.4254261764
 21
55403.22331864332
 31
0.0
  0
LINE
  5
1B25D7
330
1A
100
AcDbEntity
  8
Tim
 48
10.0
100
AcDbLine
 10
123003.4254261767
 20
57883.22331864332
 30
0.0
 11
123003.4254261765
 21
55373.22331864334
 31
0.0
  0
LINE
  5
1B25D8
330
1A
100
AcDbEntity
  8
0
  6
HIDDEN
 48
25.0
100
AcDbLine
 10
122973.4254261767
 20
57283.2233185888
 30
0.0
 11
122973.4254261765
 21
55403.22331864332
 31
0.0
  0
LINE
  5
1B25D9
330
1A
100
AcDbEntity
  8
0
  6
HIDDEN
 48
25.0
100
AcDbLine
 10
123002.6754261766
 20
55393.5233186433
 30
0.0
 11
123002.6754261766
 21
55403.22331864332
 31
0.0
  0
LINE
  5
1B25DA
330
1A
100
AcDbEntity
  8
0
  6
HIDDEN
 48
25.0
100
AcDbLine
 10
123004.1754261766
 20
55393.5233186433
 30
0.0
 11
123004.1754261766
 21
55403.22331864332
 31
0.0
  0
LINE
  5
1B25DB
330
1A
100
AcDbEntity
  8
0
  6
HIDDEN
 48
25.0
100
AcDbLine
 10
123002.6754261766
 20
55393.5233186433
 30
0.0
 11
123004.1754261766
 21
55393.5233186433
 31
0.0
  0
LWPOLYLINE
  5
1B25DC
330
1A
100
AcDbEntity
  8
0
  6
HIDDEN
 48
25.0
100
AcDbPolyline
 90
        4
 70
     0
 43
0.0
 10
123033.4254261767
 20
55403.22331864332
 10
122973.4254261767
 20
55403.22331864332
 10
123003.4254261767
 20
55393.22331864331
 10
123033.4254261767
 20
55403.22331864332
  0
LINE
  5
1B25DD
330
1A
100
AcDbEntity
  8
Hatch coc
100
AcDbLine
 10
122458.4254261766
 20
57283.2233185888
 30
0.0
 11
122458.4254261766
 21
57878.22331864332
 31
0.0
  0
LINE
  5
1B25DE
330
1A
100
AcDbEntity
  8
Hatch coc
100
AcDbLine
 10
122468.4254261768
 20
57283.2233185888
 30
0.0
 11
122468.4254261767
 21
57878.22331864332
 31
0.0
  0
LINE
  5
1B25DF
330
1A
100
AcDbEntity
  8
Hatch coc
100
AcDbLine
 10
122498.4254261766
 20
57283.2233185888
 30
0.0
 11
122498.4254261767
 21
57878.22331864332
 31
0.0
  0
LINE
  5
1B25E0
330
1A
100
AcDbEntity
  8
Hatch coc
100
AcDbLine
 10
122508.4254261766
 20
57283.2233185888
 30
0.0
 11
122508.4254261767
 21
57878.22331864332
 31
0.0
  0
LINE
  5
1B25E1
330
1A
100
AcDbEntity
  8
0
100
AcDbLine
 10
122453.4254261766
 20
57878.22331864335
 30
0.0
 11
122453.4254261764
 21
57283.2233185888
 31
0.0
  0
LINE
  5
1B25E2
330
1A
100
AcDbEntity
  8
0
100
AcDbLine
 10
122513.4254261766
 20
57878.22331864335
 30
0.0
 11
122513.4254261765
 21
57283.2233185888
 31
0.0
  0
LINE
  5
1B25E3
330
1A
100
AcDbEntity
  8
0
  6
HIDDEN
 48
25.0
100
AcDbLine
 10
122513.4254261773
 20
57283.2233185888
 30
0.0
 11
122513.4254261764
 21
55403.22331864332
 31
0.0
  0
LINE
  5
1B25E4
330
1A
100
AcDbEntity
  8
Tim
 48
10.0
100
AcDbLine
 10
122483.4254261766
 20
57883.22331864332
 30
0.0
 11
122483.4254261765
 21
55373.22331864334
 31
0.0
  0
LINE
  5
1B25E5
330
1A
100
AcDbEntity
  8
0
  6
HIDDEN
 48
25.0
100
AcDbLine
 10
122453.4254261766
 20
57283.2233185888
 30
0.0
 11
122453.4254261765
 21
55403.22331864332
 31
0.0
  0
LINE
  5
1B25E6
330
1A
100
AcDbEntity
  8
0
  6
HIDDEN
 48
25.0
100
AcDbLine
 10
122482.6754261767
 20
55393.5233186433
 30
0.0
 11
122482.6754261767
 21
55403.22331864332
 31
0.0
  0
LINE
  5
1B25E7
330
1A
100
AcDbEntity
  8
0
  6
HIDDEN
 48
25.0
100
AcDbLine
 10
122484.1754261766
 20
55393.5233186433
 30
0.0
 11
122484.1754261766
 21
55403.22331864332
 31
0.0
  0
LINE
  5
1B25E8
330
1A
100
AcDbEntity
  8
0
  6
HIDDEN
 48
25.0
100
AcDbLine
 10
122482.6754261767
 20
55393.5233186433
 30
0.0
 11
122484.1754261766
 21
55393.5233186433
 31
0.0
  0
LWPOLYLINE
  5
1B25E9
330
1A
100
AcDbEntity
  8
0
  6
HIDDEN
 48
25.0
100
AcDbPolyline
 90
        4
 70
     0
 43
0.0
 10
122513.4254261767
 20
55403.22331864332
 10
122453.4254261766
 20
55403.22331864332
 10
122483.4254261766
 20
55393.22331864331
 10
122513.4254261767
 20
55403.22331864332
  0
LINE
  5
1B25EA
330
1A
100
AcDbEntity
  8
Hatch coc
100
AcDbLine
 10
121938.4254261766
 20
57283.2233185888
 30
0.0
 11
121938.4254261766
 21
57878.22331864332
 31
0.0
  0
LINE
  5
1B25EB
330
1A
100
AcDbEntity
  8
Hatch coc
100
AcDbLine
 10
121948.4254261768
 20
57283.2233185888
 30
0.0
 11
121948.4254261767
 21
57878.22331864332
 31
0.0
  0
LINE
  5
1B25EC
330
1A
100
AcDbEntity
  8
Hatch coc
100
AcDbLine
 10
121978.4254261766
 20
57283.2233185888
 30
0.0
 11
121978.4254261766
 21
57878.22331864332
 31
0.0
  0
LINE
  5
1B25ED
330
1A
100
AcDbEntity
  8
Hatch coc
100
AcDbLine
 10
121988.4254261766
 20
57283.2233185888
 30
0.0
 11
121988.4254261766
 21
57878.22331864332
 31
0.0
  0
LINE
  5
1B25EE
330
1A
100
AcDbEntity
  8
0
100
AcDbLine
 10
121933.4254261766
 20
57878.22331864335
 30
0.0
 11
121933.4254261764
 21
57283.2233185888
 31
0.0
  0
LINE
  5
1B25EF
330
1A
100
AcDbEntity
  8
0
100
AcDbLine
 10
121993.4254261766
 20
57878.22331864335
 30
0.0
 11
121993.4254261765
 21
57283.2233185888
 31
0.0
  0
LINE
  5
1B25F0
330
1A
100
AcDbEntity
  8
0
  6
HIDDEN
 48
25.0
100
AcDbLine
 10
121993.4254261773
 20
57283.2233185888
 30
0.0
 11
121993.4254261764
 21
55403.22331864332
 31
0.0
  0
LINE
  5
1B25F1
330
1A
100
AcDbEntity
  8
Tim
 48
10.0
100
AcDbLine
 10
121963.4254261766
 20
57883.22331864332
 30
0.0
 11
121963.4254261765
 21
55373.22331864334
 31
0.0
  0
LINE
  5
1B25F2
330
1A
100
AcDbEntity
  8
0
  6
HIDDEN
 48
25.0
100
AcDbLine
 10
121933.4254261767
 20
57283.2233185888
 30
0.0
 11
121933.4254261765
 21
55403.22331864332
 31
0.0
  0
LINE
  5
1B25F3
330
1A
100
AcDbEntity
  8
0
  6
HIDDEN
 48
25.0
100
AcDbLine
 10
121962.6754261766
 20
55393.5233186433
 30
0.0
 11
121962.6754261766
 21
55403.22331864332
 31
0.0
  0
LINE
  5
1B25F4
330
1A
100
AcDbEntity
  8
0
  6
HIDDEN
 48
25.0
100
AcDbLine
 10
121964.1754261767
 20
55393.5233186433
 30
0.0
 11
121964.1754261767
 21
55403.22331864332
 31
0.0
  0
LINE
  5
1B25F5
330
1A
100
AcDbEntity
  8
0
  6
HIDDEN
 48
25.0
100
AcDbLine
 10
121962.6754261766
 20
55393.5233186433
 30
0.0
 11
121964.1754261767
 21
55393.5233186433
 31
0.0
  0
LWPOLYLINE
  5
1B25F6
330
1A
100
AcDbEntity
  8
0
  6
HIDDEN
 48
25.0
100
AcDbPolyline
 90
        4
 70
     0
 43
0.0
 10
121993.4254261766
 20
55403.22331864332
 10
121933.4254261767
 20
55403.22331864332
 10
121963.4254261766
 20
55393.22331864331
 10
121993.4254261766
 20
55403.22331864332
  0
LINE
  5
1B25F7
330
1A
100
AcDbEntity
  8
Hatch coc
100
AcDbLine
 10
121418.4254261766
 20
57283.2233185888
 30
0.0
 11
121418.4254261766
 21
57878.22331864332
 31
0.0
  0
LINE
  5
1B25F8
330
1A
100
AcDbEntity
  8
Hatch coc
100
AcDbLine
 10
121428.4254261768
 20
57283.2233185888
 30
0.0
 11
121428.4254261767
 21
57878.22331864332
 31
0.0
  0
LINE
  5
1B25F9
330
1A
100
AcDbEntity
  8
Hatch coc
100
AcDbLine
 10
121458.4254261766
 20
57283.2233185888
 30
0.0
 11
121458.4254261766
 21
57878.22331864332
 31
0.0
  0
LINE
  5
1B25FA
330
1A
100
AcDbEntity
  8
Hatch coc
100
AcDbLine
 10
121468.4254261766
 20
57283.2233185888
 30
0.0
 11
121468.4254261767
 21
57878.22331864332
 31
0.0
  0
LINE
  5
1B25FB
330
1A
100
AcDbEntity
  8
0
100
AcDbLine
 10
121413.4254261766
 20
57878.22331864335
 30
0.0
 11
121413.4254261765
 21
57283.2233185888
 31
0.0
  0
LINE
  5
1B25FC
330
1A
100
AcDbEntity
  8
0
100
AcDbLine
 10
121473.4254261766
 20
57878.22331864335
 30
0.0
 11
121473.4254261765
 21
57283.2233185888
 31
0.0
  0
LINE
  5
1B25FD
330
1A
100
AcDbEntity
  8
0
  6
HIDDEN
 48
25.0
100
AcDbLine
 10
121473.4254261773
 20
57283.2233185888
 30
0.0
 11
121473.4254261764
 21
55403.22331864332
 31
0.0
  0
LINE
  5
1B25FE
330
1A
100
AcDbEntity
  8
Tim
 48
10.0
100
AcDbLine
 10
121443.4254261766
 20
57883.2233186432
 30
0.0
 11
121443.4254261765
 21
55373.22331864334
 31
0.0
  0
LINE
  5
1B25FF
330
1A
100
AcDbEntity
  8
0
  6
HIDDEN
 48
25.0
100
AcDbLine
 10
121413.4254261767
 20
57283.2233185888
 30
0.0
 11
121413.4254261765
 21
55403.22331864332
 31
0.0
  0
LINE
  5
1B2600
330
1A
100
AcDbEntity
  8
0
  6
HIDDEN
 48
25.0
100
AcDbLine
 10
121442.6754261767
 20
55393.5233186433
 30
0.0
 11
121442.6754261767
 21
55403.22331864332
 31
0.0
  0
LINE
  5
1B2601
330
1A
100
AcDbEntity
  8
0
  6
HIDDEN
 48
25.0
100
AcDbLine
 10
121444.1754261766
 20
55393.5233186433
 30
0.0
 11
121444.1754261766
 21
55403.22331864332
 31
0.0
  0
LINE
  5
1B2602
330
1A
100
AcDbEntity
  8
0
  6
HIDDEN
 48
25.0
100
AcDbLine
 10
121442.6754261767
 20
55393.5233186433
 30
0.0
 11
121444.1754261766
 21
55393.5233186433
 31
0.0
  0
LWPOLYLINE
  5
1B2603
330
1A
100
AcDbEntity
  8
0
  6
HIDDEN
 48
25.0
100
AcDbPolyline
 90
        4
 70
     0
 43
0.0
 10
121473.4254261766
 20
55403.22331864332
 10
121413.4254261767
 20
55403.22331864332
 10
121443.4254261766
 20
55393.22331864331
 10
121473.4254261766
 20
55403.22331864332
  0
LINE
  5
1B2604
330
1A
100
AcDbEntity
  8
Hatch coc
100
AcDbLine
 10
126468.4254261767
 20
57283.2233185888
 30
0.0
 11
126468.4254261767
 21
57878.22331864332
 31
0.0
  0
LINE
  5
1B2605
330
1A
100
AcDbEntity
  8
Hatch coc
100
AcDbLine
 10
126458.4254261765
 20
57283.2233185888
 30
0.0
 11
126458.4254261766
 21
57878.22331864332
 31
0.0
  0
LINE
  5
1B2606
330
1A
100
AcDbEntity
  8
Hatch coc
100
AcDbLine
 10
126428.4254261767
 20
57283.2233185888
 30
0.0
 11
126428.4254261767
 21
57878.22331864332
 31
0.0
  0
LINE
  5
1B2607
330
1A
100
AcDbEntity
  8
Hatch coc
100
AcDbLine
 10
126418.4254261767
 20
57283.2233185888
 30
0.0
 11
126418.4254261767
 21
57878.22331864332
 31
0.0
  0
LINE
  5
1B2608
330
1A
100
AcDbEntity
  8
0
100
AcDbLine
 10
126473.4254261767
 20
57878.22331864334
 30
0.0
 11
126473.4254261769
 21
57283.2233185888
 31
0.0
  0
LINE
  5
1B2609
330
1A
100
AcDbEntity
  8
0
100
AcDbLine
 10
126413.4254261767
 20
57878.22331864334
 30
0.0
 11
126413.4254261768
 21
57283.2233185888
 31
0.0
  0
LINE
  5
1B260A
330
1A
100
AcDbEntity
  8
0
  6
HIDDEN
 48
25.0
100
AcDbLine
 10
126413.425426176
 20
57283.2233185888
 30
0.0
 11
126413.4254261769
 21
55403.22331864327
 31
0.0
  0
LINE
  5
1B260B
330
1A
100
AcDbEntity
  8
Tim
 48
10.0
100
AcDbLine
 10
126443.4254261767
 20
57883.22331864332
 30
0.0
 11
126443.4254261768
 21
55373.22331864331
 31
0.0
  0
LINE
  5
1B260C
330
1A
100
AcDbEntity
  8
0
  6
HIDDEN
 48
25.0
100
AcDbLine
 10
126473.4254261767
 20
57283.2233185888
 30
0.0
 11
126473.4254261768
 21
55403.22331864327
 31
0.0
  0
LINE
  5
1B260D
330
1A
100
AcDbEntity
  8
0
  6
HIDDEN
 48
25.0
100
AcDbLine
 10
126444.1754261767
 20
55393.52331864327
 30
0.0
 11
126444.1754261767
 21
55403.22331864327
 31
0.0
  0
LINE
  5
1B260E
330
1A
100
AcDbEntity
  8
0
  6
HIDDEN
 48
25.0
100
AcDbLine
 10
126442.6754261767
 20
55393.52331864327
 30
0.0
 11
126442.6754261767
 21
55403.22331864327
 31
0.0
  0
LINE
  5
1B260F
330
1A
100
AcDbEntity
  8
0
  6
HIDDEN
 48
25.0
100
AcDbLine
 10
126444.1754261767
 20
55393.52331864327
 30
0.0
 11
126442.6754261767
 21
55393.52331864327
 31
0.0
  0
LWPOLYLINE
  5
1B2610
330
1A
100
AcDbEntity
  8
0
  6
HIDDEN
 48
25.0
100
AcDbPolyline
 90
        4
 70
     0
 43
0.0
 10
126413.4254261767
 20
55403.22331864327
 10
126473.4254261767
 20
55403.22331864327
 10
126443.4254261767
 20
55393.22331864328
 10
126413.4254261767
 20
55403.22331864327
  0
LINE
  5
1B2611
330
1A
100
AcDbEntity
  8
Hatch coc
100
AcDbLine
 10
126988.4254261767
 20
57283.2233185888
 30
0.0
 11
126988.4254261767
 21
57878.22331864332
 31
0.0
  0
LINE
  5
1B2612
330
1A
100
AcDbEntity
  8
Hatch coc
100
AcDbLine
 10
126978.4254261765
 20
57283.2233185888
 30
0.0
 11
126978.4254261766
 21
57878.22331864332
 31
0.0
  0
LINE
  5
1B2613
330
1A
100
AcDbEntity
  8
Hatch coc
100
AcDbLine
 10
126948.4254261767
 20
57283.2233185888
 30
0.0
 11
126948.4254261767
 21
57878.22331864332
 31
0.0
  0
LINE
  5
1B2614
330
1A
100
AcDbEntity
  8
Hatch coc
100
AcDbLine
 10
126938.4254261767
 20
57283.2233185888
 30
0.0
 11
126938.4254261767
 21
57878.22331864332
 31
0.0
  0
LINE
  5
1B2615
330
1A
100
AcDbEntity
  8
0
100
AcDbLine
 10
126993.4254261767
 20
57878.22331864334
 30
0.0
 11
126993.4254261769
 21
57283.2233185888
 31
0.0
  0
LINE
  5
1B2616
330
1A
100
AcDbEntity
  8
0
100
AcDbLine
 10
126933.4254261767
 20
57878.22331864334
 30
0.0
 11
126933.4254261768
 21
57283.2233185888
 31
0.0
  0
LINE
  5
1B2617
330
1A
100
AcDbEntity
  8
0
  6
HIDDEN
 48
25.0
100
AcDbLine
 10
126933.425426176
 20
57283.2233185888
 30
0.0
 11
126933.4254261769
 21
55403.22331864332
 31
0.0
  0
LINE
  5
1B2618
330
1A
100
AcDbEntity
  8
Tim
 48
10.0
100
AcDbLine
 10
126963.4254261767
 20
57883.22331864332
 30
0.0
 11
126963.4254261768
 21
55373.22331864334
 31
0.0
  0
LINE
  5
1B2619
330
1A
100
AcDbEntity
  8
0
  6
HIDDEN
 48
25.0
100
AcDbLine
 10
126993.4254261767
 20
57283.2233185888
 30
0.0
 11
126993.4254261768
 21
55403.22331864332
 31
0.0
  0
LINE
  5
1B261A
330
1A
100
AcDbEntity
  8
0
  6
HIDDEN
 48
25.0
100
AcDbLine
 10
126964.1754261767
 20
55393.5233186433
 30
0.0
 11
126964.1754261767
 21
55403.22331864332
 31
0.0
  0
LINE
  5
1B261B
330
1A
100
AcDbEntity
  8
0
  6
HIDDEN
 48
25.0
100
AcDbLine
 10
126962.6754261767
 20
55393.5233186433
 30
0.0
 11
126962.6754261767
 21
55403.22331864332
 31
0.0
  0
LINE
  5
1B261C
330
1A
100
AcDbEntity
  8
0
  6
HIDDEN
 48
25.0
100
AcDbLine
 10
126964.1754261767
 20
55393.5233186433
 30
0.0
 11
126962.6754261767
 21
55393.5233186433
 31
0.0
  0
LWPOLYLINE
  5
1B261D
330
1A
100
AcDbEntity
  8
0
  6
HIDDEN
 48
25.0
100
AcDbPolyline
 90
        4
 70
     0
 43
0.0
 10
126933.4254261767
 20
55403.22331864332
 10
126993.4254261767
 20
55403.22331864332
 10
126963.4254261767
 20
55393.22331864331
 10
126933.4254261767
 20
55403.22331864332
  0
LINE
  5
1B261E
330
1A
100
AcDbEntity
  8
Hatch coc
100
AcDbLine
 10
127508.4254261767
 20
57283.2233185888
 30
0.0
 11
127508.4254261767
 21
57878.22331864332
 31
0.0
  0
LINE
  5
1B261F
330
1A
100
AcDbEntity
  8
Hatch coc
100
AcDbLine
 10
127498.4254261765
 20
57283.2233185888
 30
0.0
 11
127498.4254261767
 21
57878.22331864332
 31
0.0
  0
LINE
  5
1B2620
330
1A
100
AcDbEntity
  8
Hatch coc
100
AcDbLine
 10
127468.4254261767
 20
57283.2233185888
 30
0.0
 11
127468.4254261767
 21
57878.22331864332
 31
0.0
  0
LINE
  5
1B2621
330
1A
100
AcDbEntity
  8
Hatch coc
100
AcDbLine
 10
127458.4254261767
 20
57283.2233185888
 30
0.0
 11
127458.4254261767
 21
57878.22331864332
 31
0.0
  0
LINE
  5
1B2622
330
1A
100
AcDbEntity
  8
0
100
AcDbLine
 10
127513.4254261767
 20
57878.22331864334
 30
0.0
 11
127513.4254261769
 21
57283.2233185888
 31
0.0
  0
LINE
  5
1B2623
330
1A
100
AcDbEntity
  8
0
100
AcDbLine
 10
127453.4254261767
 20
57878.22331864334
 30
0.0
 11
127453.4254261768
 21
57283.2233185888
 31
0.0
  0
LINE
  5
1B2624
330
1A
100
AcDbEntity
  8
0
  6
HIDDEN
 48
25.0
100
AcDbLine
 10
127453.425426176
 20
57283.2233185888
 30
0.0
 11
127453.4254261769
 21
55403.22331864332
 31
0.0
  0
LINE
  5
1B2625
330
1A
100
AcDbEntity
  8
Tim
 48
10.0
100
AcDbLine
 10
127483.4254261767
 20
57883.22331864332
 30
0.0
 11
127483.4254261768
 21
55373.22331864334
 31
0.0
  0
LINE
  5
1B2626
330
1A
100
AcDbEntity
  8
0
  6
HIDDEN
 48
25.0
100
AcDbLine
 10
127513.4254261767
 20
57283.2233185888
 30
0.0
 11
127513.4254261768
 21
55403.22331864332
 31
0.0
  0
LINE
  5
1B2627
330
1A
100
AcDbEntity
  8
0
  6
HIDDEN
 48
25.0
100
AcDbLine
 10
127484.1754261767
 20
55393.5233186433
 30
0.0
 11
127484.1754261767
 21
55403.22331864332
 31
0.0
  0
LINE
  5
1B2628
330
1A
100
AcDbEntity
  8
0
  6
HIDDEN
 48
25.0
100
AcDbLine
 10
127482.6754261767
 20
55393.5233186433
 30
0.0
 11
127482.6754261767
 21
55403.22331864332
 31
0.0
  0
LINE
  5
1B2629
330
1A
100
AcDbEntity
  8
0
  6
HIDDEN
 48
25.0
100
AcDbLine
 10
127484.1754261767
 20
55393.5233186433
 30
0.0
 11
127482.6754261767
 21
55393.5233186433
 31
0.0
  0
LWPOLYLINE
  5
1B262A
330
1A
100
AcDbEntity
  8
0
  6
HIDDEN
 48
25.0
100
AcDbPolyline
 90
        4
 70
     0
 43
0.0
 10
127453.4254261767
 20
55403.22331864332
 10
127513.4254261767
 20
55403.22331864332
 10
127483.4254261767
 20
55393.22331864331
 10
127453.4254261767
 20
55403.22331864332
  0
LINE
  5
1B262B
330
1A
100
AcDbEntity
  8
Hatch coc
100
AcDbLine
 10
128028.4254261767
 20
57283.2233185888
 30
0.0
 11
128028.4254261767
 21
57878.22331864332
 31
0.0
  0
LINE
  5
1B262C
330
1A
100
AcDbEntity
  8
Hatch coc
100
AcDbLine
 10
128018.4254261765
 20
57283.2233185888
 30
0.0
 11
128018.4254261766
 21
57878.22331864332
 31
0.0
  0
LINE
  5
1B262D
330
1A
100
AcDbEntity
  8
Hatch coc
100
AcDbLine
 10
127988.4254261767
 20
57283.2233185888
 30
0.0
 11
127988.4254261767
 21
57878.22331864332
 31
0.0
  0
LINE
  5
1B262E
330
1A
100
AcDbEntity
  8
Hatch coc
100
AcDbLine
 10
127978.4254261767
 20
57283.2233185888
 30
0.0
 11
127978.4254261767
 21
57878.22331864332
 31
0.0
  0
LINE
  5
1B262F
330
1A
100
AcDbEntity
  8
0
100
AcDbLine
 10
128033.4254261767
 20
57878.22331864334
 30
0.0
 11
128033.4254261769
 21
57283.2233185888
 31
0.0
  0
LINE
  5
1B2630
330
1A
100
AcDbEntity
  8
0
100
AcDbLine
 10
127973.4254261767
 20
57878.22331864334
 30
0.0
 11
127973.4254261768
 21
57283.2233185888
 31
0.0
  0
LINE
  5
1B2631
330
1A
100
AcDbEntity
  8
0
  6
HIDDEN
 48
25.0
100
AcDbLine
 10
127973.425426176
 20
57283.2233185888
 30
0.0
 11
127973.4254261769
 21
55403.22331864332
 31
0.0
  0
LINE
  5
1B2632
330
1A
100
AcDbEntity
  8
Tim
 48
10.0
100
AcDbLine
 10
128003.4254261767
 20
57883.22331864332
 30
0.0
 11
128003.4254261768
 21
55373.22331864334
 31
0.0
  0
LINE
  5
1B2633
330
1A
100
AcDbEntity
  8
0
  6
HIDDEN
 48
25.0
100
AcDbLine
 10
128033.4254261767
 20
57283.2233185888
 30
0.0
 11
128033.4254261768
 21
55403.22331864332
 31
0.0
  0
LINE
  5
1B2634
330
1A
100
AcDbEntity
  8
0
  6
HIDDEN
 48
25.0
100
AcDbLine
 10
128004.1754261767
 20
55393.5233186433
 30
0.0
 11
128004.1754261767
 21
55403.22331864332
 31
0.0
  0
LINE
  5
1B2635
330
1A
100
AcDbEntity
  8
0
  6
HIDDEN
 48
25.0
100
AcDbLine
 10
128002.6754261767
 20
55393.5233186433
 30
0.0
 11
128002.6754261767
 21
55403.22331864332
 31
0.0
  0
LINE
  5
1B2636
330
1A
100
AcDbEntity
  8
0
  6
HIDDEN
 48
25.0
100
AcDbLine
 10
128004.1754261767
 20
55393.5233186433
 30
0.0
 11
128002.6754261767
 21
55393.5233186433
 31
0.0
  0
LWPOLYLINE
  5
1B2637
330
1A
100
AcDbEntity
  8
0
  6
HIDDEN
 48
25.0
100
AcDbPolyline
 90
        4
 70
     0
 43
0.0
 10
127973.4254261767
 20
55403.22331864332
 10
128033.4254261767
 20
55403.22331864332
 10
128003.4254261767
 20
55393.22331864331
 10
127973.4254261767
 20
55403.22331864332
  0
LINE
  5
1B2638
330
1A
100
AcDbEntity
  8
Hatch coc
100
AcDbLine
 10
128548.4254261767
 20
57283.2233185888
 30
0.0
 11
128548.4254261767
 21
57878.22331864332
 31
0.0
  0
LINE
  5
1B2639
330
1A
100
AcDbEntity
  8
Hatch coc
100
AcDbLine
 10
128538.4254261765
 20
57283.2233185888
 30
0.0
 11
128538.4254261767
 21
57878.22331864332
 31
0.0
  0
LINE
  5
1B263A
330
1A
100
AcDbEntity
  8
Hatch coc
100
AcDbLine
 10
128508.4254261767
 20
57283.2233185888
 30
0.0
 11
128508.4254261767
 21
57878.22331864332
 31
0.0
  0
LINE
  5
1B263B
330
1A
100
AcDbEntity
  8
Hatch coc
100
AcDbLine
 10
128498.4254261767
 20
57283.2233185888
 30
0.0
 11
128498.4254261767
 21
57878.22331864332
 31
0.0
  0
LINE
  5
1B263C
330
1A
100
AcDbEntity
  8
0
100
AcDbLine
 10
128553.4254261767
 20
57878.22331864334
 30
0.0
 11
128553.4254261769
 21
57283.2233185888
 31
0.0
  0
LINE
  5
1B263D
330
1A
100
AcDbEntity
  8
0
100
AcDbLine
 10
128493.4254261767
 20
57878.22331864334
 30
0.0
 11
128493.4254261768
 21
57283.2233185888
 31
0.0
  0
LINE
  5
1B263E
330
1A
100
AcDbEntity
  8
0
  6
HIDDEN
 48
25.0
100
AcDbLine
 10
128493.425426176
 20
57283.2233185888
 30
0.0
 11
128493.4254261769
 21
55403.22331864332
 31
0.0
  0
LINE
  5
1B263F
330
1A
100
AcDbEntity
  8
Tim
 48
10.0
100
AcDbLine
 10
128523.4254261767
 20
57883.22331864332
 30
0.0
 11
128523.4254261768
 21
55373.22331864334
 31
0.0
  0
LINE
  5
1B2640
330
1A
100
AcDbEntity
  8
0
  6
HIDDEN
 48
25.0
100
AcDbLine
 10
128553.4254261767
 20
57283.2233185888
 30
0.0
 11
128553.4254261768
 21
55403.22331864332
 31
0.0
  0
LINE
  5
1B2641
330
1A
100
AcDbEntity
  8
0
  6
HIDDEN
 48
25.0
100
AcDbLine
 10
128524.1754261767
 20
55393.5233186433
 30
0.0
 11
128524.1754261767
 21
55403.22331864332
 31
0.0
  0
LINE
  5
1B2642
330
1A
100
AcDbEntity
  8
0
  6
HIDDEN
 48
25.0
100
AcDbLine
 10
128522.6754261767
 20
55393.5233186433
 30
0.0
 11
128522.6754261767
 21
55403.22331864332
 31
0.0
  0
LINE
  5
1B2643
330
1A
100
AcDbEntity
  8
0
  6
HIDDEN
 48
25.0
100
AcDbLine
 10
128524.1754261767
 20
55393.5233186433
 30
0.0
 11
128522.6754261767
 21
55393.5233186433
 31
0.0
  0
LWPOLYLINE
  5
1B2644
330
1A
100
AcDbEntity
  8
0
  6
HIDDEN
 48
25.0
100
AcDbPolyline
 90
        4
 70
     0
 43
0.0
 10
128493.4254261767
 20
55403.22331864332
 10
128553.4254261767
 20
55403.22331864332
 10
128523.4254261767
 20
55393.22331864331
 10
128493.4254261767
 20
55403.22331864332
  0
LINE
  5
1B2645
330
1A
100
AcDbEntity
  8
Hatch coc
100
AcDbLine
 10
129068.4254261767
 20
57283.2233185888
 30
0.0
 11
129068.4254261767
 21
57878.22331864332
 31
0.0
  0
LINE
  5
1B2646
330
1A
100
AcDbEntity
  8
Hatch coc
100
AcDbLine
 10
129058.4254261765
 20
57283.2233185888
 30
0.0
 11
129058.4254261766
 21
57878.22331864332
 31
0.0
  0
LINE
  5
1B2647
330
1A
100
AcDbEntity
  8
Hatch coc
100
AcDbLine
 10
129028.4254261767
 20
57283.2233185888
 30
0.0
 11
129028.4254261767
 21
57878.22331864332
 31
0.0
  0
LINE
  5
1B2648
330
1A
100
AcDbEntity
  8
Hatch coc
100
AcDbLine
 10
129018.4254261767
 20
57283.2233185888
 30
0.0
 11
129018.4254261767
 21
57878.22331864332
 31
0.0
  0
LINE
  5
1B2649
330
1A
100
AcDbEntity
  8
0
100
AcDbLine
 10
129073.4254261767
 20
57878.22331864334
 30
0.0
 11
129073.4254261769
 21
57283.2233185888
 31
0.0
  0
LINE
  5
1B264A
330
1A
100
AcDbEntity
  8
0
100
AcDbLine
 10
129013.4254261767
 20
57878.22331864334
 30
0.0
 11
129013.4254261768
 21
57283.2233185888
 31
0.0
  0
LINE
  5
1B264B
330
1A
100
AcDbEntity
  8
0
  6
HIDDEN
 48
25.0
100
AcDbLine
 10
129013.425426176
 20
57283.2233185888
 30
0.0
 11
129013.4254261769
 21
55403.22331864332
 31
0.0
  0
LINE
  5
1B264C
330
1A
100
AcDbEntity
  8
Tim
 48
10.0
100
AcDbLine
 10
129043.4254261767
 20
57883.22331864332
 30
0.0
 11
129043.4254261768
 21
55373.22331864334
 31
0.0
  0
LINE
  5
1B264D
330
1A
100
AcDbEntity
  8
0
  6
HIDDEN
 48
25.0
100
AcDbLine
 10
129073.4254261767
 20
57283.2233185888
 30
0.0
 11
129073.4254261768
 21
55403.22331864332
 31
0.0
  0
LINE
  5
1B264E
330
1A
100
AcDbEntity
  8
0
  6
HIDDEN
 48
25.0
100
AcDbLine
 10
129044.1754261767
 20
55393.5233186433
 30
0.0
 11
129044.1754261767
 21
55403.22331864332
 31
0.0
  0
LINE
  5
1B264F
330
1A
100
AcDbEntity
  8
0
  6
HIDDEN
 48
25.0
100
AcDbLine
 10
129042.6754261767
 20
55393.5233186433
 30
0.0
 11
129042.6754261767
 21
55403.22331864332
 31
0.0
  0
LINE
  5
1B2650
330
1A
100
AcDbEntity
  8
0
  6
HIDDEN
 48
25.0
100
AcDbLine
 10
129044.1754261767
 20
55393.5233186433
 30
0.0
 11
129042.6754261767
 21
55393.5233186433
 31
0.0
  0
LWPOLYLINE
  5
1B2651
330
1A
100
AcDbEntity
  8
0
  6
HIDDEN
 48
25.0
100
AcDbPolyline
 90
        4
 70
     0
 43
0.0
 10
129013.4254261767
 20
55403.22331864332
 10
129073.4254261767
 20
55403.22331864332
 10
129043.4254261767
 20
55393.22331864331
 10
129013.4254261767
 20
55403.22331864332
  0
LINE
  5
1B2652
330
1A
100
AcDbEntity
  8
Hatch coc
100
AcDbLine
 10
129588.4254261767
 20
57283.2233185888
 30
0.0
 11
129588.4254261767
 21
57878.22331864332
 31
0.0
  0
LINE
  5
1B2653
330
1A
100
AcDbEntity
  8
Hatch coc
100
AcDbLine
 10
129578.4254261765
 20
57283.2233185888
 30
0.0
 11
129578.4254261767
 21
57878.22331864332
 31
0.0
  0
LINE
  5
1B2654
330
1A
100
AcDbEntity
  8
Hatch coc
100
AcDbLine
 10
129548.4254261767
 20
57283.2233185888
 30
0.0
 11
129548.4254261767
 21
57878.22331864332
 31
0.0
  0
LINE
  5
1B2655
330
1A
100
AcDbEntity
  8
Hatch coc
100
AcDbLine
 10
129538.4254261767
 20
57283.2233185888
 30
0.0
 11
129538.4254261767
 21
57878.22331864332
 31
0.0
  0
LINE
  5
1B2656
330
1A
100
AcDbEntity
  8
0
100
AcDbLine
 10
129593.4254261767
 20
57878.22331864334
 30
0.0
 11
129593.4254261769
 21
57283.2233185888
 31
0.0
  0
LINE
  5
1B2657
330
1A
100
AcDbEntity
  8
0
100
AcDbLine
 10
129533.4254261767
 20
57878.22331864334
 30
0.0
 11
129533.4254261768
 21
57283.2233185888
 31
0.0
  0
LINE
  5
1B2658
330
1A
100
AcDbEntity
  8
0
  6
HIDDEN
 48
25.0
100
AcDbLine
 10
129533.425426176
 20
57283.2233185888
 30
0.0
 11
129533.4254261769
 21
55403.22331864332
 31
0.0
  0
LINE
  5
1B2659
330
1A
100
AcDbEntity
  8
Tim
 48
10.0
100
AcDbLine
 10
129563.4254261767
 20
57883.22331864332
 30
0.0
 11
129563.4254261768
 21
55373.22331864334
 31
0.0
  0
LINE
  5
1B265A
330
1A
100
AcDbEntity
  8
0
  6
HIDDEN
 48
25.0
100
AcDbLine
 10
129593.4254261767
 20
57283.2233185888
 30
0.0
 11
129593.4254261768
 21
55403.22331864332
 31
0.0
  0
LINE
  5
1B265B
330
1A
100
AcDbEntity
  8
0
  6
HIDDEN
 48
25.0
100
AcDbLine
 10
129564.1754261767
 20
55393.5233186433
 30
0.0
 11
129564.1754261767
 21
55403.22331864332
 31
0.0
  0
LINE
  5
1B265C
330
1A
100
AcDbEntity
  8
0
  6
HIDDEN
 48
25.0
100
AcDbLine
 10
129562.6754261767
 20
55393.5233186433
 30
0.0
 11
129562.6754261767
 21
55403.22331864332
 31
0.0
  0
LINE
  5
1B265D
330
1A
100
AcDbEntity
  8
0
  6
HIDDEN
 48
25.0
100
AcDbLine
 10
129564.1754261767
 20
55393.5233186433
 30
0.0
 11
129562.6754261767
 21
55393.5233186433
 31
0.0
  0
LWPOLYLINE
  5
1B265E
330
1A
100
AcDbEntity
  8
0
  6
HIDDEN
 48
25.0
100
AcDbPolyline
 90
        4
 70
     0
 43
0.0
 10
129533.4254261767
 20
55403.22331864332
 10
129593.4254261767
 20
55403.22331864332
 10
129563.4254261767
 20
55393.22331864331
 10
129533.4254261767
 20
55403.22331864332
  0
LINE
  5
1B265F
330
1A
100
AcDbEntity
  8
Hatch coc
100
AcDbLine
 10
130108.4254261767
 20
57283.2233185888
 30
0.0
 11
130108.4254261767
 21
57878.22331864332
 31
0.0
  0
LINE
  5
1B2660
330
1A
100
AcDbEntity
  8
Hatch coc
100
AcDbLine
 10
130098.4254261765
 20
57283.2233185888
 30
0.0
 11
130098.4254261767
 21
57878.22331864332
 31
0.0
  0
LINE
  5
1B2661
330
1A
100
AcDbEntity
  8
Hatch coc
100
AcDbLine
 10
130068.4254261767
 20
57283.2233185888
 30
0.0
 11
130068.4254261767
 21
57878.22331864332
 31
0.0
  0
LINE
  5
1B2662
330
1A
100
AcDbEntity
  8
Hatch coc
100
AcDbLine
 10
130058.4254261767
 20
57283.2233185888
 30
0.0
 11
130058.4254261767
 21
57878.22331864332
 31
0.0
  0
LINE
  5
1B2663
330
1A
100
AcDbEntity
  8
0
100
AcDbLine
 10
130113.4254261767
 20
57878.22331864334
 30
0.0
 11
130113.4254261769
 21
57283.2233185888
 31
0.0
  0
LINE
  5
1B2664
330
1A
100
AcDbEntity
  8
0
100
AcDbLine
 10
130053.4254261767
 20
57878.22331864334
 30
0.0
 11
130053.4254261769
 21
57283.2233185888
 31
0.0
  0
LINE
  5
1B2665
330
1A
100
AcDbEntity
  8
0
  6
HIDDEN
 48
25.0
100
AcDbLine
 10
130053.425426176
 20
57283.2233185888
 30
0.0
 11
130053.4254261769
 21
55403.22331864332
 31
0.0
  0
LINE
  5
1B2666
330
1A
100
AcDbEntity
  8
Tim
 48
10.0
100
AcDbLine
 10
130083.4254261767
 20
57883.22331864332
 30
0.0
 11
130083.4254261768
 21
55373.22331864334
 31
0.0
  0
LINE
  5
1B2667
330
1A
100
AcDbEntity
  8
0
  6
HIDDEN
 48
25.0
100
AcDbLine
 10
130113.4254261767
 20
57283.2233185888
 30
0.0
 11
130113.4254261768
 21
55403.22331864332
 31
0.0
  0
LINE
  5
1B2668
330
1A
100
AcDbEntity
  8
0
  6
HIDDEN
 48
25.0
100
AcDbLine
 10
130084.1754261767
 20
55393.5233186433
 30
0.0
 11
130084.1754261767
 21
55403.22331864332
 31
0.0
  0
LINE
  5
1B2669
330
1A
100
AcDbEntity
  8
0
  6
HIDDEN
 48
25.0
100
AcDbLine
 10
130082.6754261767
 20
55393.5233186433
 30
0.0
 11
130082.6754261767
 21
55403.22331864332
 31
0.0
  0
LINE
  5
1B266A
330
1A
100
AcDbEntity
  8
0
  6
HIDDEN
 48
25.0
100
AcDbLine
 10
130084.1754261767
 20
55393.5233186433
 30
0.0
 11
130082.6754261767
 21
55393.5233186433
 31
0.0
  0
LWPOLYLINE
  5
1B266B
330
1A
100
AcDbEntity
  8
0
  6
HIDDEN
 48
25.0
100
AcDbPolyline
 90
        4
 70
     0
 43
0.0
 10
130053.4254261767
 20
55403.22331864332
 10
130113.4254261767
 20
55403.22331864332
 10
130083.4254261767
 20
55393.22331864331
 10
130053.4254261767
 20
55403.22331864332
  0
LINE
  5
1B266C
330
1A
100
AcDbEntity
  8
Hatch coc
100
AcDbLine
 10
130628.4254261767
 20
57283.2233185888
 30
0.0
 11
130628.4254261767
 21
57878.22331864332
 31
0.0
  0
LINE
  5
1B266D
330
1A
100
AcDbEntity
  8
Hatch coc
100
AcDbLine
 10
130618.4254261765
 20
57283.2233185888
 30
0.0
 11
130618.4254261766
 21
57878.22331864332
 31
0.0
  0
LINE
  5
1B266E
330
1A
100
AcDbEntity
  8
Hatch coc
100
AcDbLine
 10
130588.4254261767
 20
57283.2233185888
 30
0.0
 11
130588.4254261767
 21
57878.22331864332
 31
0.0
  0
LINE
  5
1B266F
330
1A
100
AcDbEntity
  8
Hatch coc
100
AcDbLine
 10
130578.4254261767
 20
57283.2233185888
 30
0.0
 11
130578.4254261767
 21
57878.22331864332
 31
0.0
  0
LINE
  5
1B2670
330
1A
100
AcDbEntity
  8
0
100
AcDbLine
 10
130633.4254261767
 20
57878.22331864334
 30
0.0
 11
130633.4254261769
 21
57283.2233185888
 31
0.0
  0
LINE
  5
1B2671
330
1A
100
AcDbEntity
  8
0
100
AcDbLine
 10
130573.4254261767
 20
57878.22331864334
 30
0.0
 11
130573.4254261768
 21
57283.2233185888
 31
0.0
  0
LINE
  5
1B2672
330
1A
100
AcDbEntity
  8
0
  6
HIDDEN
 48
25.0
100
AcDbLine
 10
130573.425426176
 20
57283.2233185888
 30
0.0
 11
130573.4254261769
 21
55403.22331864332
 31
0.0
  0
LINE
  5
1B2673
330
1A
100
AcDbEntity
  8
Tim
 48
10.0
100
AcDbLine
 10
130603.4254261767
 20
57883.22331864332
 30
0.0
 11
130603.4254261768
 21
55373.22331864334
 31
0.0
  0
LINE
  5
1B2674
330
1A
100
AcDbEntity
  8
0
  6
HIDDEN
 48
25.0
100
AcDbLine
 10
130633.4254261767
 20
57283.2233185888
 30
0.0
 11
130633.4254261768
 21
55403.22331864332
 31
0.0
  0
LINE
  5
1B2675
330
1A
100
AcDbEntity
  8
0
  6
HIDDEN
 48
25.0
100
AcDbLine
 10
130604.1754261767
 20
55393.5233186433
 30
0.0
 11
130604.1754261767
 21
55403.22331864332
 31
0.0
  0
LINE
  5
1B2676
330
1A
100
AcDbEntity
  8
0
  6
HIDDEN
 48
25.0
100
AcDbLine
 10
130602.6754261767
 20
55393.5233186433
 30
0.0
 11
130602.6754261767
 21
55403.22331864332
 31
0.0
  0
LINE
  5
1B2677
330
1A
100
AcDbEntity
  8
0
  6
HIDDEN
 48
25.0
100
AcDbLine
 10
130604.1754261767
 20
55393.5233186433
 30
0.0
 11
130602.6754261767
 21
55393.5233186433
 31
0.0
  0
LWPOLYLINE
  5
1B2678
330
1A
100
AcDbEntity
  8
0
  6
HIDDEN
 48
25.0
100
AcDbPolyline
 90
        4
 70
     0
 43
0.0
 10
130573.4254261767
 20
55403.22331864332
 10
130633.4254261767
 20
55403.22331864332
 10
130603.4254261767
 20
55393.22331864331
 10
130573.4254261767
 20
55403.22331864332
  0
LINE
  5
1B2679
330
1A
100
AcDbEntity
  8
Hatch coc
100
AcDbLine
 10
131148.4254261767
 20
57283.2233185888
 30
0.0
 11
131148.4254261767
 21
57878.22331864332
 31
0.0
  0
LINE
  5
1B267A
330
1A
100
AcDbEntity
  8
Hatch coc
100
AcDbLine
 10
131138.4254261765
 20
57283.2233185888
 30
0.0
 11
131138.4254261766
 21
57878.22331864332
 31
0.0
  0
LINE
  5
1B267B
330
1A
100
AcDbEntity
  8
Hatch coc
100
AcDbLine
 10
131108.4254261767
 20
57283.2233185888
 30
0.0
 11
131108.4254261767
 21
57878.22331864332
 31
0.0
  0
LINE
  5
1B267C
330
1A
100
AcDbEntity
  8
Hatch coc
100
AcDbLine
 10
131098.4254261767
 20
57283.2233185888
 30
0.0
 11
131098.4254261767
 21
57878.22331864332
 31
0.0
  0
LINE
  5
1B267D
330
1A
100
AcDbEntity
  8
0
100
AcDbLine
 10
131153.4254261767
 20
57878.22331864334
 30
0.0
 11
131153.4254261769
 21
57283.2233185888
 31
0.0
  0
LINE
  5
1B267E
330
1A
100
AcDbEntity
  8
0
100
AcDbLine
 10
131093.4254261767
 20
57878.22331864334
 30
0.0
 11
131093.4254261769
 21
57283.2233185888
 31
0.0
  0
LINE
  5
1B267F
330
1A
100
AcDbEntity
  8
0
  6
HIDDEN
 48
25.0
100
AcDbLine
 10
131093.425426176
 20
57283.2233185888
 30
0.0
 11
131093.4254261769
 21
55403.22331864332
 31
0.0
  0
LINE
  5
1B2680
330
1A
100
AcDbEntity
  8
Tim
 48
10.0
100
AcDbLine
 10
131123.4254261767
 20
57883.22331864332
 30
0.0
 11
131123.4254261768
 21
55373.22331864334
 31
0.0
  0
LINE
  5
1B2681
330
1A
100
AcDbEntity
  8
0
  6
HIDDEN
 48
25.0
100
AcDbLine
 10
131153.4254261767
 20
57283.2233185888
 30
0.0
 11
131153.4254261768
 21
55403.22331864332
 31
0.0
  0
LINE
  5
1B2682
330
1A
100
AcDbEntity
  8
0
  6
HIDDEN
 48
25.0
100
AcDbLine
 10
131124.1754261767
 20
55393.5233186433
 30
0.0
 11
131124.1754261767
 21
55403.22331864332
 31
0.0
  0
LINE
  5
1B2683
330
1A
100
AcDbEntity
  8
0
  6
HIDDEN
 48
25.0
100
AcDbLine
 10
131122.6754261767
 20
55393.5233186433
 30
0.0
 11
131122.6754261767
 21
55403.22331864332
 31
0.0
  0
LINE
  5
1B2684
330
1A
100
AcDbEntity
  8
0
  6
HIDDEN
 48
25.0
100
AcDbLine
 10
131124.1754261767
 20
55393.5233186433
 30
0.0
 11
131122.6754261767
 21
55393.5233186433
 31
0.0
  0
LWPOLYLINE
  5
1B2685
330
1A
100
AcDbEntity
  8
0
  6
HIDDEN
 48
25.0
100
AcDbPolyline
 90
        4
 70
     0
 43
0.0
 10
131093.4254261767
 20
55403.22331864332
 10
131153.4254261767
 20
55403.22331864332
 10
131123.4254261767
 20
55393.22331864331
 10
131093.4254261767
 20
55403.22331864332
  0
LWPOLYLINE
  5
1B2686
330
1A
100
AcDbEntity
  8
Lop dat
  6
DASHDOT
 48
20.0
100
AcDbPolyline
 90
        8
 70
     0
 43
0.0
 10
116283.4254261766
 20
57642.2233185888
 10
121273.4254261767
 20
57642.2233185888
 10
121293.4254261767
 20
57642.2233185888
 10
126273.4254261768
 20
57642.22331858875
 10
126293.4254261768
 20
57642.22331858875
 10
131273.4254261768
 20
57642.2233185888
 10
131293.4254261768
 20
57642.2233185888
 10
132561.0866352221
 20
57642.2233185888
  0
LINE
  5
1B2687
330
1A
100
AcDbEntity
  8
Kich thuoc
100
AcDbLine
 10
131385.4651014747
 20
57456.38349174898
 30
0.0
 11
131385.4651014747
 21
57283.22331858878
 31
0.0
  0
LINE
  5
1B2688
330
1A
100
AcDbEntity
  8
Kich thuoc
100
AcDbLine
 10
131385.4651014747
 20
57283.22331858878
 30
0.0
 11
131454.7291707387
 21
57343.82937919486
 31
0.0
  0
LINE
  5
1B2689
330
1A
100
AcDbEntity
  8
Kich thuoc
100
AcDbLine
 10
131385.4651014747
 20
57283.22331858878
 30
0.0
 11
131316.2010322105
 21
57343.82937919486
 31
0.0
  0
HATCH
  5
1B268A
330
1A
100
AcDbEntity
  8
Kich thuoc
100
AcDbHatch
 10
0.0
 20
0.0
 30
0.0
210
0.0
220
0.0
230
1.0
  2
SOLID
 70
     1
 71
     0
 91
        5
 92
        7
 72
     0
 73
     1
 93
        3
 10
131385.4651014747
 20
57343.8293791948
 10
131316.2010322105
 20
57343.8293791948
 10
131385.4651014747
 20
57283.2233185891
 97
        0
 92
        7
 72
     1
 73
     1
 93
        3
 10
131385.4651014747
 20
57378.46141382683
 42
0.0
 10
131372.4780884876
 20
57378.46141382683
 42
0.4142135623736633
 10
131385.4651014747
 20
57365.47440083983
 42
0.0
 97
        0
 92
        7
 72
     1
 73
     1
 93
        3
 10
131385.4651014747
 20
57391.44842681382
 42
0.4142135623730951
 10
131372.4780884876
 20
57378.46141382683
 42
0.0
 10
131385.4651014747
 20
57378.46141382683
 42
0.0
 97
        0
 92
        7
 72
     1
 73
     1
 93
        3
 10
131385.4651014747
 20
57391.44842681382
 42
0.0
 10
131385.4651014747
 20
57378.46141382683
 42
0.0
 10
131398.4521144617
 20
57378.46141382683
 42
0.4142135623730951
 97
        0
 92
        7
 72
     1
 73
     1
 93
        3
 10
131398.4521144617
 20
57378.46141382683
 42
0.0
 10
131385.4651014747
 20
57378.46141382683
 42
0.0
 10
131385.4651014747
 20
57365.47440083983
 42
0.4142135623730951
 97
        0
 75
     0
 76
     1
 47
0.5405059834732687
 98
        5
 10
131367.4086178848
 20
57335.40454237496
 10
131378.6514622095
 20
57368.1624674016
 10
131379.588508009
 20
57384.07344539319
 10
131388.9574738933
 20
57384.07344539319
 10
131391.7681849742
 20
57371.90621963863
450
        0
451
        0
460
0.0
461
0.0
452
        1
462
1.0
453
        2
463
0.0
 63
     5
421
      255
463
1.0
 63
     7
421
 16777215
470
LINEAR
  0
LINE
  5
1B268B
330
1A
100
AcDbEntity
  8
Kich thuoc
100
AcDbLine
 10
131515.5744513635
 20
57283.22331858878
 30
0.0
 11
131255.3557515859
 21
57283.22331858878
 31
0.0
  0
TEXT
  5
1B268C
330
1A
100
AcDbEntity
  8
Text
100
AcDbText
 10
131447.9116350888
 20
57418.96654291262
 30
0.0
 40
80.0
  1
-5.00
 41
0.7
100
AcDbText
  0
LINE
  5
1B268D
330
1A
100
AcDbEntity
  8
Kich thuoc
100
AcDbLine
 10
131333.5170495266
 20
57378.46141382688
 30
0.0
 11
131751.6184423675
 21
57378.46141382691
 31
0.0
  0
LINE
  5
1B268E
330
1A
100
AcDbEntity
  8
Kich thuoc
100
AcDbLine
 10
131316.2010322105
 20
57343.82937919486
 30
0.0
 11
131454.7291707387
 21
57343.82937919486
 31
0.0
  0
TEXT
  5
1B268F
330
1A
100
AcDbEntity
  8
Text
100
AcDbText
 10
130794.7820473063
 20
58479.82600091487
 30
0.0
 40
80.0
  1
+5.50
 41
0.7
100
AcDbText
  0
LINE
  5
1B2690
330
1A
100
AcDbEntity
  8
Kich thuoc
100
AcDbLine
 10
130671.2358948992
 20
58436.08046150229
 30
0.0
 11
131122.7853991674
 21
58436.08046150229
 31
0.0
  0
LINE
  5
1B2691
330
1A
100
AcDbEntity
  8
Kich thuoc
100
AcDbLine
 10
130652.5345961979
 20
58398.67786409969
 30
0.0
 11
130802.1449858082
 21
58398.67786409969
 31
0.0
  0
LINE
  5
1B2692
330
1A
100
AcDbEntity
  8
Kich thuoc
100
AcDbLine
 10
130586.8216931231
 20
58333.22331864514
 30
0.0
 11
130867.8578888829
 21
58333.22331864514
 31
0.0
  0
LINE
  5
1B2693
330
1A
100
AcDbEntity
  8
Kich thuoc
100
AcDbLine
 10
130727.339791003
 20
58520.23630565809
 30
0.0
 11
130727.339791003
 21
58333.22331864514
 31
0.0
  0
LINE
  5
1B2694
330
1A
100
AcDbEntity
  8
Kich thuoc
100
AcDbLine
 10
130727.339791003
 20
58333.22331864514
 30
0.0
 11
130802.1449858082
 21
58398.67786409969
 31
0.0
  0
LINE
  5
1B2695
330
1A
100
AcDbEntity
  8
Kich thuoc
100
AcDbLine
 10
130727.339791003
 20
58333.22331864514
 30
0.0
 11
130652.5345961979
 21
58398.67786409969
 31
0.0
  0
HATCH
  5
1B2696
330
1A
100
AcDbEntity
  8
Kich thuoc
100
AcDbHatch
 10
0.0
 20
0.0
 30
0.0
210
0.0
220
0.0
230
1.0
  2
SOLID
 70
     1
 71
     0
 91
        5
 92
        7
 72
     0
 73
     1
 93
        3
 10
130727.339791003
 20
58398.67786409958
 10
130652.5345961979
 20
58398.67786409958
 10
130727.339791003
 20
58333.22331864543
 97
        0
 92
        7
 72
     1
 73
     1
 93
        3
 10
130727.339791003
 20
58436.08046150222
 42
0.0
 10
130713.313816977
 20
58436.08046150222
 42
0.4142135623736633
 10
130727.339791003
 20
58422.05448747619
 42
0.0
 97
        0
 92
        7
 72
     1
 73
     1
 93
        3
 10
130727.339791003
 20
58450.10643552816
 42
0.4142135623730951
 10
130713.313816977
 20
58436.08046150217
 42
0.0
 10
130727.339791003
 20
58436.08046150217
 42
0.0
 97
        0
 92
        7
 72
     1
 73
     1
 93
        3
 10
130727.339791003
 20
58450.10643552816
 42
0.0
 10
130727.339791003
 20
58436.08046150217
 42
0.0
 10
130741.365765029
 20
58436.08046150217
 42
0.4142135623730951
 97
        0
 92
        7
 72
     1
 73
     1
 93
        3
 10
130741.365765029
 20
58436.08046150217
 42
0.0
 10
130727.339791003
 20
58436.08046150217
 42
0.0
 10
130727.339791003
 20
58422.05448747619
 42
0.4142135623730951
 97
        0
 75
     0
 76
     1
 47
0.5405059834732687
 98
        5
 10
130707.8387887261
 20
58389.57904033417
 10
130719.9810605967
 20
58424.95759936293
 10
130720.9930700602
 20
58442.14145559385
 10
130731.1115532152
 20
58442.14145559385
 10
130734.1471211826
 20
58429.00085177895
450
        0
451
        0
460
0.0
461
0.0
452
        1
462
1.0
453
        2
463
0.0
 63
     5
421
      255
463
1.0
 63
     7
421
 16777215
470
LINEAR
  0
LINE
  5
1B2697
330
1A
100
AcDbEntity
  8
Khuat 151
 62
     7
 48
15.0
100
AcDbLine
 10
132561.0866352221
 20
57817.93919140863
 30
0.0
 11
131108.4254261767
 21
57817.93919140864
 31
0.0
  0
LINE
  5
1B2698
330
1A
100
AcDbEntity
  8
Khuat 151
 62
     7
 48
20.0
100
AcDbLine
 10
132561.0866352221
 20
57801.37093693546
 30
0.0
 11
131108.4254261767
 21
57801.37093693574
 31
0.0
  0
LINE
  5
1B2699
330
1A
100
AcDbEntity
  8
Khuat 151
 62
     7
 48
30.0
100
AcDbLine
 10
132561.0866352221
 20
57781.60145162695
 30
0.0
 11
131108.4254261767
 21
57781.60145162715
 31
0.0
  0
LINE
  5
1B269A
330
1A
100
AcDbEntity
  8
Net tim
  6
Continuous
100
AcDbLine
 10
132561.0866352221
 20
57826.22331864509
 30
0.0
 11
131108.4254261767
 21
57826.22331864504
 31
0.0
  0
LINE
  5
1B269B
330
1A
100
AcDbEntity
  8
0
100
AcDbLine
 10
132561.0866352221
 20
58138.22331864509
 30
0.0
 11
131283.4254261767
 21
58138.22331864503
 31
0.0
  0
LINE
  5
1B269C
330
1A
100
AcDbEntity
  8
Khuat 151
 62
     7
 48
15.0
100
AcDbLine
 10
132561.0866352221
 20
58129.93919140863
 30
0.0
 11
131283.4254261767
 21
58129.93919140862
 31
0.0
  0
LINE
  5
1B269D
330
1A
100
AcDbEntity
  8
Khuat 151
 62
     7
 48
20.0
100
AcDbLine
 10
132561.0866352221
 20
58113.37093693551
 30
0.0
 11
131283.4254261767
 21
58113.37093693565
 31
0.0
  0
LINE
  5
1B269E
330
1A
100
AcDbEntity
  8
Khuat 151
 62
     7
 48
30.0
100
AcDbLine
 10
132561.0866352221
 20
58093.60145162699
 30
0.0
 11
131283.4254261767
 21
58093.60145162705
 31
0.0
  0
LINE
  5
1B269F
330
1A
100
AcDbEntity
  8
Kich thuoc
100
AcDbLine
 10
132332.487501048
 20
58223.93760435937
 30
0.0
 11
131459.7011166113
 21
58223.93760435937
 31
0.0
  0
LINE
  5
1B26A0
330
1A
100
AcDbEntity
  8
Kich thuoc
100
AcDbLine
 10
132332.487501048
 20
57911.93760435937
 30
0.0
 11
131436.8439737541
 21
57911.93760435937
 31
0.0
  0
TEXT
  5
1B26A1
330
1A
100
AcDbEntity
  8
Text
100
AcDbText
 10
131463.3891116312
 20
57948.39222053654
 30
0.0
 40
80.0
  1
mnttk(lwl)+0.43
 41
0.7
100
AcDbText
  0
TEXT
  5
1B26A2
330
1A
100
AcDbEntity
  8
Text
100
AcDbText
 10
131463.3891116312
 20
58260.39222053651
 30
0.0
 40
80.0
  1
mnctk(hwl)+3.55
 41
0.7
100
AcDbText
  0
HATCH
  5
1B26A3
330
1A
100
AcDbEntity
  8
Kich thuoc
100
AcDbHatch
 10
0.0
 20
0.0
 30
0.0
210
0.0
220
0.0
230
1.0
  2
SOLID
 70
     1
 71
     0
 91
        5
 92
        7
 72
     0
 73
     1
 93
        3
 10
132285.7342542947
 20
57880.76877319047
 10
132348.0719166322
 20
57880.76877319047
 10
132285.7342542947
 20
57826.22331864531
 97
        0
 92
        7
 72
     1
 73
     1
 93
        3
 10
132285.7342542947
 20
57911.93760435934
 42
0.0
 10
132297.422565983
 20
57911.93760435934
 42
-0.4142135623736633
 10
132285.7342542947
 20
57900.249292671
 42
0.0
 97
        0
 92
        7
 72
     1
 73
     1
 93
        3
 10
132285.7342542947
 20
57923.62591604763
 42
-0.4142135623730951
 10
132297.422565983
 20
57911.93760435932
 42
0.0
 10
132285.7342542947
 20
57911.93760435932
 42
0.0
 97
        0
 92
        7
 72
     1
 73
     1
 93
        3
 10
132285.7342542947
 20
57923.62591604763
 42
0.0
 10
132285.7342542947
 20
57911.93760435932
 42
0.0
 10
132274.0459426064
 20
57911.93760435932
 42
-0.4142135623730951
 97
        0
 92
        7
 72
     1
 73
     1
 93
        3
 10
132274.0459426064
 20
57911.93760435932
 42
0.0
 10
132285.7342542947
 20
57911.93760435932
 42
0.0
 10
132285.7342542947
 20
57900.249292671
 42
-0.4142135623730951
 97
        0
 75
     0
 76
     1
 47
0.5405059834732687
 98
        5
 10
132301.9850895254
 20
57873.18642005259
 10
132291.8665296334
 20
57902.66855257656
 10
132291.0231884139
 20
57916.98843276899
 10
132282.591119118
 20
57916.98843276899
 10
132280.0614791451
 20
57906.03792958988
450
        0
451
        0
460
0.0
461
0.0
452
        1
462
1.0
453
        2
463
0.0
 63
     5
421
      255
463
1.0
 63
     7
421
 16777215
470
LINEAR
  0
LINE
  5
1B26A4
330
1A
100
AcDbEntity
  8
Kich thuoc
100
AcDbLine
 10
132285.7342542947
 20
57826.22331864508
 30
0.0
 11
132348.0719166324
 21
57880.76877319054
 31
0.0
  0
CIRCLE
  5
1B26A5
330
1A
100
AcDbEntity
  8
Kich thuoc
100
AcDbCircle
 10
132285.7342542947
 20
57911.93760435937
 30
0.0
 40
11.68831168831168
  0
LINE
  5
1B26A6
330
1A
100
AcDbEntity
  8
Kich thuoc
100
AcDbLine
 10
132285.7342542947
 20
57982.06747448924
 30
0.0
 11
132285.7342542947
 21
57826.22331864508
 31
0.0
  0
LINE
  5
1B26A7
330
1A
100
AcDbEntity
  8
Kich thuoc
100
AcDbLine
 10
132348.0719166324
 20
57880.76877319054
 30
0.0
 11
132223.3965919571
 21
57880.76877319054
 31
0.0
  0
LINE
  5
1B26A8
330
1A
100
AcDbEntity
  8
Kich thuoc
100
AcDbLine
 10
132285.7342542947
 20
57826.22331864508
 30
0.0
 11
132223.3965919571
 21
57880.76877319054
 31
0.0
  0
LINE
  5
1B26A9
330
1A
100
AcDbEntity
  8
Kich thuoc
100
AcDbLine
 10
132285.7342542947
 20
58294.06747448923
 30
0.0
 11
132285.7342542947
 21
58138.22331864508
 31
0.0
  0
HATCH
  5
1B26AA
330
1A
100
AcDbEntity
  8
Kich thuoc
100
AcDbHatch
 10
0.0
 20
0.0
 30
0.0
210
0.0
220
0.0
230
1.0
  2
SOLID
 70
     1
 71
     0
 91
        5
 92
        7
 72
     0
 73
     1
 93
        3
 10
132285.7342542947
 20
58192.76877319047
 10
132348.0719166322
 20
58192.76877319047
 10
132285.7342542947
 20
58138.22331864535
 97
        0
 92
        7
 72
     1
 73
     1
 93
        3
 10
132285.7342542947
 20
58223.93760435934
 42
0.0
 10
132297.422565983
 20
58223.93760435934
 42
-0.4142135623736633
 10
132285.7342542947
 20
58212.24929267102
 42
0.0
 97
        0
 92
        7
 72
     1
 73
     1
 93
        3
 10
132285.7342542947
 20
58235.62591604762
 42
-0.4142135623730951
 10
132297.422565983
 20
58223.93760435929
 42
0.0
 10
132285.7342542947
 20
58223.93760435929
 42
0.0
 97
        0
 92
        7
 72
     1
 73
     1
 93
        3
 10
132285.7342542947
 20
58235.62591604762
 42
0.0
 10
132285.7342542947
 20
58223.93760435929
 42
0.0
 10
132274.0459426064
 20
58223.93760435929
 42
-0.4142135623730951
 97
        0
 92
        7
 72
     1
 73
     1
 93
        3
 10
132274.0459426064
 20
58223.93760435929
 42
0.0
 10
132285.7342542947
 20
58223.93760435929
 42
0.0
 10
132285.7342542947
 20
58212.24929267102
 42
-0.4142135623730951
 97
        0
 75
     0
 76
     1
 47
0.5405059834732687
 98
        5
 10
132301.9850895254
 20
58185.18642005259
 10
132291.8665296334
 20
58214.6685525766
 10
132291.0231884139
 20
58228.98843276902
 10
132282.591119118
 20
58228.98843276902
 10
132280.0614791451
 20
58218.0379295899
450
        0
451
        0
460
0.0
461
0.0
452
        1
462
1.0
453
        2
463
0.0
 63
     5
421
      255
463
1.0
 63
     7
421
 16777215
470
LINEAR
  0
LINE
  5
1B26AB
330
1A
100
AcDbEntity
  8
Kich thuoc
100
AcDbLine
 10
132285.7342542947
 20
58138.22331864508
 30
0.0
 11
132348.0719166324
 21
58192.76877319054
 31
0.0
  0
CIRCLE
  5
1B26AC
330
1A
100
AcDbEntity
  8
Kich thuoc
100
AcDbCircle
 10
132285.7342542947
 20
58223.93760435937
 30
0.0
 40
11.68831168831168
  0
LINE
  5
1B26AD
330
1A
100
AcDbEntity
  8
Kich thuoc
100
AcDbLine
 10
132285.7342542947
 20
58138.22331864508
 30
0.0
 11
132223.3965919571
 21
58192.76877319054
 31
0.0
  0
LINE
  5
1B26AE
330
1A
100
AcDbEntity
  8
Kich thuoc
100
AcDbLine
 10
132348.0719166324
 20
58192.76877319054
 30
0.0
 11
132223.3965919571
 21
58192.76877319054
 31
0.0
  0
INSERT
  5
1B26AF
330
1A
100
AcDbEntity
  8
Dem tau
100
AcDbBlockReference
  2
Lamda 400H-3500L (mdung)
 10
116403.4254261766
 20
57913.22331864334
 30
0.0
  0
INSERT
  5
1B26B0
330
1A
100
AcDbEntity
  8
Dem tau
100
AcDbBlockReference
  2
Lamda 400H-3500L (mdung)
 10
116923.4254261765
 20
57913.22331864334
 30
0.0
  0
INSERT
  5
1B26B1
330
1A
100
AcDbEntity
  8
Dem tau
100
AcDbBlockReference
  2
Lamda 400H-3500L (mdung)
 10
117443.4254261766
 20
57913.22331864334
 30
0.0
  0
INSERT
  5
1B26B2
330
1A
100
AcDbEntity
  8
Dem tau
100
AcDbBlockReference
  2
Lamda 400H-3500L (mdung)
 10
117963.4254261766
 20
57913.22331864334
 30
0.0
  0
INSERT
  5
1B26B3
330
1A
100
AcDbEntity
  8
Dem tau
100
AcDbBlockReference
  2
Lamda 400H-3500L (mdung)
 10
118498.4254261766
 20
57913.22331864334
 30
0.0
  0
INSERT
  5
1B26B4
330
1A
100
AcDbEntity
  8
Dem tau
100
AcDbBlockReference
  2
Lamda 400H-3500L (mdung)
 10
118988.4254261766
 20
57913.22331864334
 30
0.0
  0
INSERT
  5
1B26B5
330
1A
100
AcDbEntity
  8
Dem tau
100
AcDbBlockReference
  2
Lamda 400H-3500L (mdung)
 10
119523.4254261765
 20
57913.22331864334
 30
0.0
  0
INSERT
  5
1B26B6
330
1A
100
AcDbEntity
  8
Dem tau
100
AcDbBlockReference
  2
Lamda 400H-3500L (mdung)
 10
120043.4254261766
 20
57913.22331864334
 30
0.0
  0
INSERT
  5
1B26B7
330
1A
100
AcDbEntity
  8
Dem tau
100
AcDbBlockReference
  2
Lamda 400H-3500L (mdung)
 10
120563.4254261766
 20
57913.22331864334
 30
0.0
  0
INSERT
  5
1B26B8
330
1A
100
AcDbEntity
  8
Dem tau
100
AcDbBlockReference
  2
Lamda 400H-3500L (mdung)
 10
121083.4254261766
 20
57913.22331864334
 30
0.0
  0
INSERT
  5
1B26B9
330
1A
100
AcDbEntity
  8
Dem tau
100
AcDbBlockReference
  2
Lamda 400H-3500L (mdung)
 10
121483.4254261768
 20
57913.22331864334
 30
0.0
 41
-1.0
  0
INSERT
  5
1B26BA
330
1A
100
AcDbEntity
  8
Dem tau
100
AcDbBlockReference
  2
Lamda 400H-3500L (mdung)
 10
122003.4254261768
 20
57913.22331864334
 30
0.0
 41
-1.0
  0
INSERT
  5
1B26BB
330
1A
100
AcDbEntity
  8
Dem tau
100
AcDbBlockReference
  2
Lamda 400H-3500L (mdung)
 10
122523.4254261768
 20
57913.22331864334
 30
0.0
 41
-1.0
  0
INSERT
  5
1B26BC
330
1A
100
AcDbEntity
  8
Dem tau
100
AcDbBlockReference
  2
Lamda 400H-3500L (mdung)
 10
123043.4254261768
 20
57913.22331864334
 30
0.0
 41
-1.0
  0
INSERT
  5
1B26BD
330
1A
100
AcDbEntity
  8
Dem tau
100
AcDbBlockReference
  2
Lamda 400H-3500L (mdung)
 10
124603.4254261768
 20
57913.22331864334
 30
0.0
 41
-1.0
  0
INSERT
  5
1B26BE
330
1A
100
AcDbEntity
  8
Dem tau
100
AcDbBlockReference
  2
Lamda 400H-3500L (mdung)
 10
125123.4254261768
 20
57913.22331864334
 30
0.0
 41
-1.0
  0
INSERT
  5
1B26BF
330
1A
100
AcDbEntity
  8
Dem tau
100
AcDbBlockReference
  2
Lamda 400H-3500L (mdung)
 10
125643.4254261768
 20
57913.22331864334
 30
0.0
 41
-1.0
  0
INSERT
  5
1B26C0
330
1A
100
AcDbEntity
  8
Dem tau
100
AcDbBlockReference
  2
Lamda 400H-3500L (mdung)
 10
126163.4254261768
 20
57913.22331864334
 30
0.0
 41
-1.0
  0
INSERT
  5
1B26C1
330
1A
100
AcDbEntity
  8
Dem tau
100
AcDbBlockReference
  2
Lamda 400H-3500L (mdung)
 10
126403.4254261766
 20
57913.22331864334
 30
0.0
  0
INSERT
  5
1B26C2
330
1A
100
AcDbEntity
  8
Dem tau
100
AcDbBlockReference
  2
Lamda 400H-3500L (mdung)
 10
126923.4254261766
 20
57913.22331864334
 30
0.0
  0
INSERT
  5
1B26C3
330
1A
100
AcDbEntity
  8
Dem tau
100
AcDbBlockReference
  2
Lamda 400H-3500L (mdung)
 10
127443.4254261766
 20
57913.22331864334
 30
0.0
  0
INSERT
  5
1B26C4
330
1A
100
AcDbEntity
  8
Dem tau
100
AcDbBlockReference
  2
Lamda 400H-3500L (mdung)
 10
127963.4254261766
 20
57913.22331864334
 30
0.0
  0
INSERT
  5
1B26C5
330
1A
100
AcDbEntity
  8
Dem tau
100
AcDbBlockReference
  2
Lamda 400H-3500L (mdung)
 10
128483.4254261766
 20
57913.22331864334
 30
0.0
  0
INSERT
  5
1B26C6
330
1A
100
AcDbEntity
  8
Dem tau
100
AcDbBlockReference
  2
Lamda 400H-3500L (mdung)
 10
129003.4254261765
 20
57913.22331864334
 30
0.0
  0
INSERT
  5
1B26C7
330
1A
100
AcDbEntity
  8
Dem tau
100
AcDbBlockReference
  2
Lamda 400H-3500L (mdung)
 10
129523.4254261766
 20
57913.22331864334
 30
0.0
  0
INSERT
  5
1B26C8
330
1A
100
AcDbEntity
  8
Dem tau
100
AcDbBlockReference
  2
Lamda 400H-3500L (mdung)
 10
130043.4254261766
 20
57913.22331864334
 30
0.0
  0
INSERT
  5
1B26C9
330
1A
100
AcDbEntity
  8
Dem tau
100
AcDbBlockReference
  2
Lamda 400H-3500L (mdung)
 10
130563.4254261766
 20
57913.22331864334
 30
0.0
  0
INSERT
  5
1B26CA
330
1A
100
AcDbEntity
  8
Dem tau
100
AcDbBlockReference
  2
Lamda 400H-3500L (mdung)
 10
131083.4254261766
 20
57913.22331864334
 30
0.0
  0
LWPOLYLINE
  5
1B26CB
330
1A
100
AcDbEntity
  8
Khuat 151
 48
50.0
100
AcDbPolyline
 90
        2
 70
     0
 43
0.0
 10
109755.1610812685
 20
56183.22331864514
 10
110433.4505184007
 20
56183.22331864515
  0
LINE
  5
1B26CC
330
1A
100
AcDbEntity
  8
Kich thuoc
100
AcDbLine
 10
109908.1983636834
 20
56010.06314548495
 30
0.0
 11
109908.1983636834
 21
56183.22331864514
 31
0.0
  0
LINE
  5
1B26CD
330
1A
100
AcDbEntity
  8
Kich thuoc
100
AcDbLine
 10
109908.1983636834
 20
56183.22331864514
 30
0.0
 11
109977.4624329474
 21
56122.61725803906
 31
0.0
  0
LINE
  5
1B26CE
330
1A
100
AcDbEntity
  8
Kich thuoc
100
AcDbLine
 10
109908.1983636834
 20
56183.22331864514
 30
0.0
 11
109838.9342944193
 21
56122.61725803906
 31
0.0
  0
HATCH
  5
1B26CF
330
1A
100
AcDbEntity
  8
Kich thuoc
100
AcDbHatch
 10
0.0
 20
0.0
 30
0.0
210
0.0
220
0.0
230
1.0
  2
SOLID
 70
     1
 71
     0
 91
        5
 92
        7
 72
     0
 73
     1
 93
        3
 10
109908.1983636834
 20
56122.61725803911
 10
109838.9342944193
 20
56122.61725803911
 10
109908.1983636834
 20
56183.2233186448
 97
        0
 92
        7
 72
     1
 73
     1
 93
        3
 10
109908.1983636834
 20
56087.98522340705
 42
0.0
 10
109895.2113506963
 20
56087.98522340705
 42
-0.4142135623736633
 10
109908.1983636834
 20
56100.97223639407
 42
0.0
 97
        0
 92
        7
 72
     1
 73
     1
 93
        3
 10
109908.1983636834
 20
56074.99821042008
 42
-0.4142135623730951
 10
109895.2113506963
 20
56087.98522340705
 42
0.0
 10
109908.1983636834
 20
56087.98522340705
 42
0.0
 97
        0
 92
        7
 72
     1
 73
     1
 93
        3
 10
109908.1983636834
 20
56074.99821042008
 42
0.0
 10
109908.1983636834
 20
56087.98522340705
 42
0.0
 10
109921.1853766703
 20
56087.98522340705
 42
-0.4142135623730951
 97
        0
 92
        7
 72
     1
 73
     1
 93
        3
 10
109921.1853766703
 20
56087.98522340705
 42
0.0
 10
109908.1983636834
 20
56087.98522340705
 42
0.0
 10
109908.1983636834
 20
56100.97223639407
 42
-0.4142135623730951
 97
        0
 75
     0
 76
     1
 47
0.5405059834732687
 98
        5
 10
109890.1418800935
 20
56131.04209485894
 10
109901.3847244182
 20
56098.28416983229
 10
109902.3217702177
 20
56082.37319184071
 10
109911.690736102
 20
56082.37319184071
 10
109914.5014471829
 20
56094.54041759527
450
        0
451
        0
460
0.0
461
0.0
452
        1
462
1.0
453
        2
463
0.0
 63
     5
421
      255
463
1.0
 63
     7
421
 16777215
470
LINEAR
  0
LINE
  5
1B26D0
330
1A
100
AcDbEntity
  8
Kich thuoc
100
AcDbLine
 10
109778.0890137945
 20
56183.22331864514
 30
0.0
 11
110038.3077135721
 21
56183.22331864514
 31
0.0
  0
LWPOLYLINE
  5
1B26D1
330
1A
100
AcDbEntity
  8
0
100
AcDbPolyline
 90
        2
 70
     0
 43
0.0
 10
112956.4254261767
 20
58333.22331864335
 10
112656.4254261766
 20
58333.22331864335
  0
LWPOLYLINE
  5
1B26D2
330
1A
100
AcDbEntity
  8
0
100
AcDbPolyline
 90
        2
 70
     0
 43
0.0
 10
111756.4254261767
 20
58333.22331864334
 10
111583.9254261768
 20
58333.22331864334
  0
LINE
  5
1B26D3
330
1A
100
AcDbEntity
  8
Lop dat
  6
DASHDOT
 48
20.0
100
AcDbLine
 10
109755.1610812685
 20
57669.22331864514
 30
0.0
 11
116283.4254261766
 21
57642.2233185888
 31
0.0
  0
TEXT
  5
1B26D4
330
1A
100
AcDbEntity
  8
Text
100
AcDbText
 10
110882.1866851054
 20
58455.3922205366
 30
0.0
 40
80.0
  1
+5.50
 41
0.7
100
AcDbText
  0
LINE
  5
1B26D5
330
1A
100
AcDbEntity
  8
Kich thuoc
100
AcDbLine
 10
110779.2315580995
 20
58418.93760435941
 30
0.0
 11
111155.5228116563
 21
58418.93760435945
 31
0.0
  0
LEADER
  5
1B26D6
330
1A
100
AcDbEntity
  8
Kich thuoc
100
AcDbLeader
  3
Le 500
 76
     3
 10
109931.5653147647
 20
57669.22331864514
 30
0.0
 10
109979.3052058184
 20
57437.33307732532
 30
0.0
 10
110861.3679378322
 20
57437.33307732532
 30
0.0
211
-1.0
221
0.0
231
0.0
1001
ACAD
1000
DSTYLE
1002
{
1070
    77
1070
     0
1070
   176
1070
   256
1002
}
  0
HATCH
  5
1B26D7
330
1A
100
AcDbEntity
  8
Hatch
100
AcDbHatch
 10
0.0
 20
0.0
 30
0.0
210
0.0
220
0.0
230
1.0
  2
ANSI31
 70
     0
 71
     0
 91
        3
 92
        7
 72
     0
 73
     1
 93
       16
 10
111271.4254261768
 20
56063.22331864514
 10
110793.4505184008
 20
56063.22331864513
 10
110578.1566856411
 20
56134.98792956503
 10
110573.3561105274
 20
56134.03004721874
 10
110559.2343650387
 20
56133.97430379854
 10
110548.8641966625
 20
56136.5423073081
 10
110538.0638115854
 20
56143.31747176901
 10
110533.9112801375
 20
56149.73639806621
 10
110433.4505184007
 20
56183.22331864512
 10
109908.1983636834
 20
56183.2233186451
 10
109977.4624329474
 20
56122.61725803906
 10
109838.9342944193
 20
56122.61725803906
 10
109908.1983636833
 20
56183.22331864513
 10
109755.1610812685
 20
56183.22331864511
 10
109755.1610812685
 20
55553.22331864333
 10
111271.4254261768
 20
55553.22331864334
 97
        0
 92
       24
 93
        4
 72
     1
 10
110794.2169036085
 20
55575.50568504354
 11
111074.407379799
 21
55575.50568504354
 72
     1
 10
111074.407379799
 20
55575.50568504354
 11
111074.407379799
 21
55695.50568504354
 72
     1
 10
111074.407379799
 20
55695.50568504354
 11
110794.2169036085
 21
55695.50568504354
 72
     1
 10
110794.2169036085
 20
55695.50568504354
 11
110794.2169036085
 21
55575.50568504354
 97
        0
 92
       24
 93
        4
 72
     1
 10
109911.7248057491
 20
55947.48009432129
 11
110234.3914724158
 21
55947.48009432129
 72
     1
 10
110234.3914724158
 20
55947.48009432129
 11
110234.3914724158
 21
56067.4800943213
 72
     1
 10
110234.3914724158
 20
56067.4800943213
 11
109911.7248057491
 21
56067.4800943213
 72
     1
 10
109911.7248057491
 20
56067.4800943213
 11
109911.7248057491
 21
55947.48009432129
 97
        0
 75
     0
 76
     1
 52
0.0
 41
800.0
 77
     0
 78
     1
 53
45.0
 43
0.0
 44
-0.000000000007276
 45
-70.71067811865474
 46
70.71067811865475
 79
     0
 47
5.845574900677466
 98
        1
 10
110746.1904649103
 20
55819.28925567198
1001
ACAD
1010
0.0
1020
0.0
1030
0.0
  0
TEXT
  5
1B26D8
330
1A
100
AcDbEntity
  8
Text
100
AcDbText
 10
109931.7248057491
 20
55967.4800943213
 30
0.0
 40
80.0
  1
-16.00
 41
0.7
100
AcDbText
  0
LINE
  5
1B26D9
330
1A
100
AcDbEntity
  8
Kich thuoc
100
AcDbLine
 10
109856.2503117353
 20
56087.98522340704
 30
0.0
 11
110194.5655000425
 21
56087.98522340702
 31
0.0
  0
LINE
  5
1B26DA
330
1A
100
AcDbEntity
  8
Kich thuoc
100
AcDbLine
 10
109838.9342944193
 20
56122.61725803906
 30
0.0
 11
109977.4624329474
 21
56122.61725803906
 31
0.0
  0
TEXT
  5
1B26DB
330
1A
100
AcDbEntity
  8
Text
100
AcDbText
 10
110098.0546983048
 20
57492.11987898203
 30
0.0
 40
80.0
  1
mÆt ®Êt tù nhiªn
 41
0.65
 72
     2
 11
110852.0546983048
 21
57492.11987898203
 31
0.0
100
AcDbText
  0
LINE
  5
1B26DC
330
1A
100
AcDbEntity
  8
Kich thuoc
100
AcDbLine
 10
110763.6471425151
 20
58387.7687731906
 30
0.0
 11
110888.3224671904
 21
58387.7687731906
 31
0.0
  0
LINE
  5
1B26DD
330
1A
100
AcDbEntity
  8
Kich thuoc
100
AcDbLine
 10
110708.8863899527
 20
58333.22331864514
 30
0.0
 11
110943.0832197526
 21
58333.22331864514
 31
0.0
  0
LINE
  5
1B26DE
330
1A
100
AcDbEntity
  8
Kich thuoc
100
AcDbLine
 10
110825.9848048527
 20
58489.06747448929
 30
0.0
 11
110825.9848048527
 21
58333.22331864514
 31
0.0
  0
LINE
  5
1B26DF
330
1A
100
AcDbEntity
  8
Kich thuoc
100
AcDbLine
 10
110825.9848048527
 20
58333.22331864514
 30
0.0
 11
110888.3224671904
 21
58387.7687731906
 31
0.0
  0
LINE
  5
1B26E0
330
1A
100
AcDbEntity
  8
Kich thuoc
100
AcDbLine
 10
110825.9848048527
 20
58333.22331864514
 30
0.0
 11
110763.6471425151
 21
58387.7687731906
 31
0.0
  0
HATCH
  5
1B26E1
330
1A
100
AcDbEntity
  8
Kich thuoc
100
AcDbHatch
 10
0.0
 20
0.0
 30
0.0
210
0.0
220
0.0
230
1.0
  2
SOLID
 70
     1
 71
     0
 91
        5
 92
        7
 72
     0
 73
     1
 93
        3
 10
110825.9848048527
 20
58387.76877319055
 10
110763.6471425151
 20
58387.76877319055
 10
110825.9848048527
 20
58333.2233186454
 97
        0
 92
        7
 72
     1
 73
     1
 93
        3
 10
110825.9848048527
 20
58418.9376043594
 42
0.0
 10
110814.2964931644
 20
58418.9376043594
 42
0.4142135623736633
 10
110825.9848048527
 20
58407.24929267106
 42
0.0
 97
        0
 92
        7
 72
     1
 73
     1
 93
        3
 10
110825.9848048527
 20
58430.6259160477
 42
0.4142135623730951
 10
110814.2964931644
 20
58418.93760435938
 42
0.0
 10
110825.9848048527
 20
58418.93760435938
 42
0.0
 97
        0
 92
        7
 72
     1
 73
     1
 93
        3
 10
110825.9848048527
 20
58430.6259160477
 42
0.0
 10
110825.9848048527
 20
58418.93760435938
 42
0.0
 10
110837.673116541
 20
58418.93760435938
 42
0.4142135623730951
 97
        0
 92
        7
 72
     1
 73
     1
 93
        3
 10
110837.673116541
 20
58418.93760435938
 42
0.0
 10
110825.9848048527
 20
58418.93760435938
 42
0.0
 10
110825.9848048527
 20
58407.24929267106
 42
0.4142135623730951
 97
        0
 75
     0
 76
     1
 47
0.5405059834732687
 98
        5
 10
110809.7339696219
 20
58380.1864200527
 10
110819.8525295141
 20
58409.66855257666
 10
110820.6958707337
 20
58423.98843276908
 10
110829.1279400295
 20
58423.98843276908
 10
110831.6575800023
 20
58413.03792958999
450
        0
451
        0
460
0.0
461
0.0
452
        1
462
1.0
453
        2
463
0.0
 63
     5
421
      255
463
1.0
 63
     7
421
 16777215
470
LINEAR
  0
LWPOLYLINE
  5
1B26E2
330
1A
100
AcDbEntity
  8
0
100
AcDbPolyline
 90
        4
 70
     0
 43
0.0
 10
111640.6553535884
 20
57878.22331864336
 10
111619.5773451612
 20
57751.75526808057
 10
111491.346135063
 20
57773.12713643025
 10
111525.5288320985
 20
57978.2233186433
  0
LINE
  5
1B26E3
330
1A
100
AcDbEntity
  8
0
100
AcDbLine
 10
111526.4254261768
 20
58203.22331864334
 30
0.0
 11
111321.4254261768
 21
58203.22331864336
 31
0.0
  0
LWPOLYLINE
  5
1B26E4
330
1A
100
AcDbEntity
  8
0
100
AcDbPolyline
 90
        6
 70
     0
 43
0.0
 10
111291.4254261768
 20
58333.22331864334
 10
111291.4254261768
 20
58350.22331864333
 10
111294.4254261768
 20
58353.22331864335
 10
111313.4254261767
 20
58353.22331864333
 10
111316.4254261768
 20
58350.22331864332
 10
111316.4254261768
 20
58333.22331864334
  0
ARC
  5
1B26E5
330
1A
100
AcDbEntity
  8
Net tim
100
AcDbCircle
 10
111405.9254261768
 20
58332.72331864334
 30
0.0
 40
5.5
100
AcDbArc
 50
0.0
 51
85.73439108285462
  0
LINE
  5
1B26E6
330
1A
100
AcDbEntity
  8
Net tim
100
AcDbLine
 10
111411.4254261768
 20
58332.72331864334
 30
0.0
 11
111408.4254261768
 21
58327.22331864333
 31
0.0
  0
LINE
  5
1B26E7
330
1A
100
AcDbEntity
  8
Net tim
100
AcDbLine
 10
111391.9254261768
 20
58338.22331864333
 30
0.0
 11
111406.334517086
 21
58338.20808341751
 31
0.0
  0
LINE
  5
1B26E8
330
1A
100
AcDbEntity
  8
0
100
AcDbLine
 10
111281.4254261768
 20
58328.22331864333
 30
0.0
 11
111281.4254261768
 21
58068.22331864336
 31
0.0
  0
LINE
  5
1B26E9
330
1A
100
AcDbEntity
  8
0
100
AcDbLine
 10
111321.4254261768
 20
58203.22331864336
 30
0.0
 11
111321.4254261768
 21
58068.22331864336
 31
0.0
  0
ARC
  5
1B26EA
330
1A
100
AcDbEntity
  8
Net tim
100
AcDbCircle
 10
111366.4252419009
 20
58370.32331864333
 30
0.0
 40
23.4
100
AcDbArc
 50
90.0
 51
173.8113840369781
  0
LINE
  5
1B26EB
330
1A
100
AcDbEntity
  8
Net tim
100
AcDbLine
 10
111321.4254261768
 20
58332.72331864334
 30
0.0
 11
111324.4254261768
 21
58327.22331864333
 31
0.0
  0
LINE
  5
1B26EC
330
1A
100
AcDbEntity
  8
Net tim
100
AcDbLine
 10
111343.1616076794
 20
58372.84588139023
 30
0.0
 11
111340.1813089294
 21
58345.36090402901
 31
0.0
  0
ARC
  5
1B26ED
330
1A
100
AcDbEntity
  8
Net tim
100
AcDbCircle
 10
111332.2279297084
 20
58346.22331864333
 30
0.0
 40
8.0
100
AcDbArc
 50
270.0
 51
353.8113840369781
  0
ARC
  5
1B26EE
330
1A
100
AcDbEntity
  8
Net tim
100
AcDbCircle
 10
111326.9254261768
 20
58332.72331864334
 30
0.0
 40
5.5
100
AcDbArc
 50
90.0
 51
180.0
  0
LINE
  5
1B26EF
330
1A
100
AcDbEntity
  8
Net tim
100
AcDbLine
 10
111326.9254261768
 20
58338.22331864333
 30
0.0
 11
111332.2279297084
 21
58338.22331864333
 31
0.0
  0
LINE
  5
1B26F0
330
1A
100
AcDbEntity
  8
Net tim
100
AcDbLine
 10
111324.4254261768
 20
58327.22331864333
 30
0.0
 11
111408.4254261767
 21
58327.22331864333
 31
0.0
  0
LWPOLYLINE
  5
1B26F1
330
1A
100
AcDbEntity
  8
Net tim
100
AcDbPolyline
 90
        7
 70
     0
 43
0.0
 10
111366.4016256445
 20
58393.72331864334
 42
-0.1173203946324014
 10
111400.8526362262
 20
58385.5268900719
 42
-0.7899968617846742
 10
111397.9254261768
 20
58373.22331864333
 10
111391.4254261768
 20
58373.22331864333
 42
0.3152794535420967
 10
111386.727083387
 20
58369.93374988427
 42
0.1446998704861012
 10
111385.1029210309
 20
58343.65697783279
 42
0.3495576298856591
 10
111391.9254261768
 20
58338.22331864333
  0
LINE
  5
1B26F2
330
1A
100
AcDbEntity
  8
0
100
AcDbLine
 10
111686.4254261768
 20
58203.22331864334
 30
0.0
 11
111686.4254261768
 21
57878.22331864336
 31
0.0
  0
LINE
  5
1B26F3
330
1A
100
AcDbEntity
  8
0
100
AcDbLine
 10
111526.4254261768
 20
57878.22331864336
 30
0.0
 11
111526.4254261768
 21
58203.22331864334
 31
0.0
  0
LINE
  5
1B26F4
330
1A
100
AcDbEntity
  8
0
100
AcDbLine
 10
112266.4254261768
 20
58203.22331864336
 30
0.0
 11
112266.4254261768
 21
57878.22331864334
 31
0.0
  0
LINE
  5
1B26F5
330
1A
100
AcDbEntity
  8
0
100
AcDbLine
 10
112746.4254261768
 20
58203.22331864333
 30
0.0
 11
112746.4254261768
 21
57878.22331864333
 31
0.0
  0
LINE
  5
1B26F6
330
1A
100
AcDbEntity
  8
0
100
AcDbLine
 10
114681.4254263452
 20
58333.22331864331
 30
0.0
 11
114381.4254263452
 21
58333.22331864333
 31
0.0
  0
HATCH
  5
1B26F7
330
1A
100
AcDbEntity
  8
Dia chat
100
AcDbHatch
 10
0.0
 20
0.0
 30
0.0
210
0.0
220
0.0
230
1.0
  2
ANSI33
 70
     0
 71
     0
 91
        4
 92
       22
 72
     1
 73
     1
 93
        2
 10
114665.3901396655
 20
56394.51112455035
 42
-1.0
 10
114825.3901396655
 20
56394.51112455035
 42
-1.0
 97
        0
 92
      136
 93
        4
 72
     1
 10
114708.0568063322
 20
56334.51112455036
 11
114782.7234729988
 21
56334.51112455036
 72
     1
 10
114782.7234729988
 20
56334.51112455036
 11
114782.7234729988
 21
56454.51112455035
 72
     1
 10
114782.7234729988
 20
56454.51112455035
 11
114708.0568063322
 21
56454.51112455035
 72
     1
 10
114708.0568063322
 20
56454.51112455035
 11
114708.0568063322
 21
56334.51112455036
 97
        0
 92
       24
 93
        4
 72
     1
 10
112808.4511673425
 20
56343.64919341084
 11
112996.7422143073
 21
56406.41287573463
 72
     1
 10
112996.7422143073
 20
56406.41287573463
 11
112958.7948823841
 21
56520.25487150028
 72
     1
 10
112958.7948823841
 20
56520.25487150028
 11
112770.5038354193
 21
56457.4911891765
 72
     1
 10
112770.5038354193
 20
56457.4911891765
 11
112808.4511673425
 21
56343.64919341084
 97
        0
 92
        1
 93
       20
 72
     1
 10
113036.9804884169
 20
56533.22331864332
 11
112202.0996883657
 21
56366.10637530013
 72
     1
 10
112202.0996883657
 20
56366.10637530013
 11
111923.4505183953
 21
56273.22331864332
 72
     1
 10
111923.4505183953
 20
56273.22331864332
 11
113531.4254261786
 21
56273.22331864333
 72
     1
 10
113531.4254261786
 20
56273.22331864333
 11
114196.3028898929
 21
56288.83560689787
 72
     1
 10
114196.3028898929
 20
56288.83560689787
 11
114739.1059889772
 21
56299.01737529388
 72
     1
 10
114739.1059889772
 20
56299.01737529388
 11
115224.6394109268
 21
56302.84284258151
 72
     1
 10
115224.6394109268
 20
56302.84284258151
 11
115717.7078432422
 21
56299.38622751073
 72
     1
 10
115717.7078432422
 20
56299.38622751073
 11
116283.1159734258
 21
56287.72174883151
 72
     1
 10
116283.1159734258
 20
56287.72174883151
 11
116985.6684889756
 21
56266.92362529388
 72
     1
 10
116985.6684889756
 20
56266.92362529388
 11
117890.1700773924
 21
56236.06607564807
 72
     1
 10
117890.1700773924
 20
56236.06607564807
 11
119061.4254261753
 21
56194.22331864335
 72
     1
 10
119061.4254261753
 20
56194.22331864335
 11
118347.9172493379
 21
56232.17693422275
 72
     1
 10
118347.9172493379
 20
56232.17693422275
 11
117673.7074914454
 21
56278.40117261268
 72
     1
 10
117673.7074914454
 20
56278.40117261268
 11
117022.3266825811
 21
56329.39234875339
 72
     1
 10
117022.3266825811
 20
56329.39234875339
 11
116377.3053528067
 21
56381.64677758568
 72
     1
 10
116377.3053528067
 20
56381.64677758568
 11
115722.1740322053
 21
56431.66077405005
 72
     1
 10
115722.1740322053
 20
56431.66077405005
 11
115040.46325085
 21
56475.93065308748
 72
     1
 10
115040.46325085
 20
56475.93065308748
 11
114315.7035388159
 21
56510.95272963831
 72
     1
 10
114315.7035388159
 20
56510.95272963831
 11
113531.4254261789
 21
56533.22331864331
 72
     1
 10
113531.4254261789
 20
56533.22331864331
 11
113036.9804884169
 21
56533.22331864332
 97
        0
 75
     0
 76
     1
 52
90.0
 41
800.0
 77
     0
 78
     2
 53
135.0
 43
0.0
 44
-0.000000000007276
 45
-141.4213562373095
 46
-141.4213562373095
 79
     0
 53
135.0
 43
0.0
 44
141.4213559999916
 45
-141.4213562373095
 46
-141.4213562373095
 79
     2
 49
100.0
 49
-50.0
 47
6.089404099562198
 98
        2
 10
114945.934000349
 20
56380.16566167856
 10
114945.934000349
 20
56380.16566167856
1001
ACAD
1010
0.0
1020
0.0
1030
0.0
  0
TEXT
  5
1B26F8
330
1A
100
AcDbEntity
  8
Text
100
AcDbText
 10
113017.4028531608
 20
56561.85344785749
 30
0.0
 40
80.0
  1
m=5
 50
18.43494882352183
 41
0.65
100
AcDbText
  0
LINE
  5
1B26F9
330
1A
100
AcDbEntity
  8
0
100
AcDbLine
 10
116166.4254261767
 20
58203.22331864352
 30
0.0
 11
116166.4254261767
 21
57878.22331864334
 31
0.0
  0
LINE
  5
1B26FA
330
1A
100
AcDbEntity
  8
Dia chat
  6
DAT_LINE
 62
     8
 48
100.0
100
AcDbLine
 10
109755.1610812685
 20
56183.22331864511
 30
0.0
 11
110433.4505184007
 21
56183.22331864515
 31
0.0
  0
TEXT
  5
1B26FB
330
1A
100
AcDbEntity
  8
Text
100
AcDbText
 10
110146.3404125904
 20
57286.91899567493
 30
0.0
 40
80.0
  1
natural ground
 41
0.65
 72
     2
 11
110852.0546983046
 21
57286.91899567493
 31
0.0
100
AcDbText
  0
LINE
  5
1B26FC
330
1A
100
AcDbEntity
  8
0
100
AcDbLine
 10
116166.4254261767
 20
57878.22331864334
 30
0.0
 11
116046.4254261767
 21
57878.22331864334
 31
0.0
  0
LINE
  5
1B26FD
330
1A
100
AcDbEntity
  8
0
100
AcDbLine
 10
115641.4254263454
 20
57878.22331864334
 30
0.0
 11
115521.4254263453
 21
57878.22331864333
 31
0.0
  0
LINE
  5
1B26FE
330
1A
100
AcDbEntity
  8
0
100
AcDbLine
 10
115116.4254263455
 20
57878.22331864333
 30
0.0
 11
114996.4254263455
 21
57878.22331864333
 31
0.0
  0
LINE
  5
1B26FF
330
1A
100
AcDbEntity
  8
0
100
AcDbLine
 10
114591.4254263454
 20
57878.22331864333
 30
0.0
 11
114471.4254263453
 21
57878.22331864334
 31
0.0
  0
LINE
  5
1B2700
330
1A
100
AcDbEntity
  8
0
100
AcDbLine
 10
114086.4254261768
 20
57878.22331864333
 30
0.0
 11
113926.4254261768
 21
57878.22331864335
 31
0.0
  0
LINE
  5
1B2701
330
1A
100
AcDbEntity
  8
0
100
AcDbLine
 10
113466.4254261768
 20
57878.22331864333
 30
0.0
 11
113346.4254261768
 21
57878.22331864335
 31
0.0
  0
LINE
  5
1B2702
330
1A
100
AcDbEntity
  8
0
100
AcDbLine
 10
112866.4254261768
 20
57878.22331864336
 30
0.0
 11
112746.4254261768
 21
57878.22331864336
 31
0.0
  0
LINE
  5
1B2703
330
1A
100
AcDbEntity
  8
0
100
AcDbLine
 10
112266.4254261768
 20
57878.22331864335
 30
0.0
 11
112146.4254261768
 21
57878.22331864335
 31
0.0
  0
LINE
  5
1B2704
330
1A
100
AcDbEntity
  8
0
100
AcDbLine
 10
111686.4254261768
 20
57878.22331864336
 30
0.0
 11
111526.4254261768
 21
57878.22331864336
 31
0.0
  0
INSERT
  5
1B2705
330
1A
100
AcDbEntity
  8
Dem tau
100
AcDbBlockReference
  2
Lamda 400H-3500L (mdung)
 10
116066.4254261766
 20
57913.22331864334
 30
0.0
  0
INSERT
  5
1B2706
330
1A
100
AcDbEntity
  8
Dem tau
100
AcDbBlockReference
  2
Lamda 400H-3500L (mdung)
 10
115541.4254263452
 20
57913.22331864334
 30
0.0
  0
INSERT
  5
1B2707
330
1A
100
AcDbEntity
  8
Dem tau
100
AcDbBlockReference
  2
Lamda 400H-3500L (mdung)
 10
115016.4254263453
 20
57913.22331864334
 30
0.0
  0
INSERT
  5
1B2708
330
1A
100
AcDbEntity
  8
Dem tau
100
AcDbBlockReference
  2
Lamda 400H-3500L (mdung)
 10
114491.4254263452
 20
57913.22331864333
 30
0.0
  0
INSERT
  5
1B2709
330
1A
100
AcDbEntity
  8
Dem tau
100
AcDbBlockReference
  2
Lamda 400H-3500L (mdung)
 10
113966.4254261767
 20
57913.22331864334
 30
0.0
  0
INSERT
  5
1B270A
330
1A
100
AcDbEntity
  8
Dem tau
100
AcDbBlockReference
  2
Lamda 400H-3500L (mdung)
 10
113366.4254261767
 20
57913.22331864334
 30
0.0
  0
INSERT
  5
1B270B
330
1A
100
AcDbEntity
  8
Dem tau
100
AcDbBlockReference
  2
Lamda 400H-3500L (mdung)
 10
112766.4254261767
 20
57913.22331864334
 30
0.0
  0
INSERT
  5
1B270C
330
1A
100
AcDbEntity
  8
Dem tau
100
AcDbBlockReference
  2
Lamda 400H-3500L (mdung)
 10
112166.4254261766
 20
57913.22331864334
 30
0.0
  0
INSERT
  5
1B270D
330
1A
100
AcDbEntity
  8
Dem tau
100
AcDbBlockReference
  2
Lamda 400H-3500L (mdung)
 10
111566.4254261767
 20
57913.22331864334
 30
0.0
  0
LINE
  5
1B270E
330
1A
100
AcDbEntity
  8
Khuat 151
 62
     7
 48
15.0
100
AcDbLine
 10
111366.4254261768
 20
57817.93919140863
 30
0.0
 11
109750.4843591898
 21
57817.93919140864
 31
0.0
  0
LINE
  5
1B270F
330
1A
100
AcDbEntity
  8
Khuat 151
 62
     7
 48
20.0
100
AcDbLine
 10
111366.4254261768
 20
57801.37093693538
 30
0.0
 11
109753.2457349353
 21
57801.37093693569
 31
0.0
  0
LINE
  5
1B2710
330
1A
100
AcDbEntity
  8
Khuat 151
 62
     7
 48
30.0
100
AcDbLine
 10
111366.4254261768
 20
57781.60145162687
 30
0.0
 11
109756.5406491535
 21
57781.60145162711
 31
0.0
  0
LINE
  5
1B2711
330
1A
100
AcDbEntity
  8
Net tim
  6
Continuous
100
AcDbLine
 10
111366.4254261768
 20
57826.2233186451
 30
0.0
 11
109749.1036713171
 21
57826.22331864506
 31
0.0
  0
LINE
  5
1B2712
330
1A
100
AcDbEntity
  8
Net tim
  6
Continuous
100
AcDbLine
 10
111105.9254261768
 20
58138.22331864509
 30
0.0
 11
109755.1610812685
 21
58138.22331864503
 31
0.0
  0
LINE
  5
1B2713
330
1A
100
AcDbEntity
  8
Khuat 151
 62
     7
 48
15.0
100
AcDbLine
 10
111105.9254261768
 20
58129.93919140862
 30
0.0
 11
109755.1610812685
 21
58129.93919140864
 31
0.0
  0
LINE
  5
1B2714
330
1A
100
AcDbEntity
  8
Khuat 151
 62
     7
 48
20.0
100
AcDbLine
 10
111105.9254261768
 20
58113.3709369355
 30
0.0
 11
109755.1610812685
 21
58113.37093693563
 31
0.0
  0
LINE
  5
1B2715
330
1A
100
AcDbEntity
  8
Khuat 151
 62
     7
 48
30.0
100
AcDbLine
 10
111105.9254261768
 20
58093.60145162699
 30
0.0
 11
109755.1610812685
 21
58093.60145162704
 31
0.0
  0
LINE
  5
1B2716
330
1A
100
AcDbEntity
  8
Kich thuoc
100
AcDbLine
 10
110665.1221073001
 20
58223.93760435937
 30
0.0
 11
109787.3654754026
 21
58223.93760435937
 31
0.0
  0
LINE
  5
1B2717
330
1A
100
AcDbEntity
  8
Kich thuoc
100
AcDbLine
 10
110665.1221073001
 20
57911.93760435937
 30
0.0
 11
109764.5083325454
 21
57911.93760435937
 31
0.0
  0
TEXT
  5
1B2718
330
1A
100
AcDbEntity
  8
Text
100
AcDbText
 10
109796.0237178833
 20
57948.39222053654
 30
0.0
 40
80.0
  1
mnttk(lwl)+0.43
 41
0.7
100
AcDbText
  0
TEXT
  5
1B2719
330
1A
100
AcDbEntity
  8
Text
100
AcDbText
 10
109796.0237178833
 20
58260.39222053651
 30
0.0
 40
80.0
  1
mnctk(hwl)+3.55
 41
0.7
100
AcDbText
  0
HATCH
  5
1B271A
330
1A
100
AcDbEntity
  8
Kich thuoc
100
AcDbHatch
 10
0.0
 20
0.0
 30
0.0
210
0.0
220
0.0
230
1.0
  2
SOLID
 70
     1
 71
     0
 91
        5
 92
        7
 72
     0
 73
     1
 93
        3
 10
110618.3688605468
 20
57880.76877319047
 10
110680.7065228843
 20
57880.76877319047
 10
110618.3688605468
 20
57826.22331864531
 97
        0
 92
        7
 72
     1
 73
     1
 93
        3
 10
110618.3688605468
 20
57911.93760435934
 42
0.0
 10
110630.0571722351
 20
57911.93760435934
 42
-0.4142135623736633
 10
110618.3688605468
 20
57900.249292671
 42
0.0
 97
        0
 92
        7
 72
     1
 73
     1
 93
        3
 10
110618.3688605468
 20
57923.62591604763
 42
-0.4142135623730951
 10
110630.0571722351
 20
57911.93760435932
 42
0.0
 10
110618.3688605468
 20
57911.93760435932
 42
0.0
 97
        0
 92
        7
 72
     1
 73
     1
 93
        3
 10
110618.3688605468
 20
57923.62591604763
 42
0.0
 10
110618.3688605468
 20
57911.93760435932
 42
0.0
 10
110606.6805488585
 20
57911.93760435932
 42
-0.4142135623730951
 97
        0
 92
        7
 72
     1
 73
     1
 93
        3
 10
110606.6805488585
 20
57911.93760435932
 42
0.0
 10
110618.3688605468
 20
57911.93760435932
 42
0.0
 10
110618.3688605468
 20
57900.249292671
 42
-0.4142135623730951
 97
        0
 75
     0
 76
     1
 47
0.5405059834732687
 98
        5
 10
110634.6196957774
 20
57873.18642005259
 10
110624.5011358855
 20
57902.66855257656
 10
110623.6577946659
 20
57916.98843276899
 10
110615.2257253701
 20
57916.98843276899
 10
110612.6960853972
 20
57906.03792958988
450
        0
451
        0
460
0.0
461
0.0
452
        1
462
1.0
453
        2
463
0.0
 63
     5
421
      255
463
1.0
 63
     7
421
 16777215
470
LINEAR
  0
LINE
  5
1B271B
330
1A
100
AcDbEntity
  8
Kich thuoc
100
AcDbLine
 10
110618.3688605468
 20
57826.22331864508
 30
0.0
 11
110680.7065228845
 21
57880.76877319054
 31
0.0
  0
CIRCLE
  5
1B271C
330
1A
100
AcDbEntity
  8
Kich thuoc
100
AcDbCircle
 10
110618.3688605468
 20
57911.93760435937
 30
0.0
 40
11.68831168831168
  0
LINE
  5
1B271D
330
1A
100
AcDbEntity
  8
Kich thuoc
100
AcDbLine
 10
110618.3688605468
 20
57982.06747448924
 30
0.0
 11
110618.3688605468
 21
57826.22331864508
 31
0.0
  0
LINE
  5
1B271E
330
1A
100
AcDbEntity
  8
Kich thuoc
100
AcDbLine
 10
110680.7065228845
 20
57880.76877319054
 30
0.0
 11
110556.0311982092
 21
57880.76877319054
 31
0.0
  0
LINE
  5
1B271F
330
1A
100
AcDbEntity
  8
Kich thuoc
100
AcDbLine
 10
110618.3688605468
 20
57826.22331864508
 30
0.0
 11
110556.0311982092
 21
57880.76877319054
 31
0.0
  0
LINE
  5
1B2720
330
1A
100
AcDbEntity
  8
Kich thuoc
100
AcDbLine
 10
110618.3688605468
 20
58294.06747448923
 30
0.0
 11
110618.3688605468
 21
58138.22331864508
 31
0.0
  0
HATCH
  5
1B2721
330
1A
100
AcDbEntity
  8
Kich thuoc
100
AcDbHatch
 10
0.0
 20
0.0
 30
0.0
210
0.0
220
0.0
230
1.0
  2
SOLID
 70
     1
 71
     0
 91
        5
 92
        7
 72
     0
 73
     1
 93
        3
 10
110618.3688605468
 20
58192.76877319047
 10
110680.7065228843
 20
58192.76877319047
 10
110618.3688605468
 20
58138.22331864535
 97
        0
 92
        7
 72
     1
 73
     1
 93
        3
 10
110618.3688605468
 20
58223.93760435934
 42
0.0
 10
110630.0571722351
 20
58223.93760435934
 42
-0.4142135623736633
 10
110618.3688605468
 20
58212.24929267102
 42
0.0
 97
        0
 92
        7
 72
     1
 73
     1
 93
        3
 10
110618.3688605468
 20
58235.62591604762
 42
-0.4142135623730951
 10
110630.0571722351
 20
58223.93760435929
 42
0.0
 10
110618.3688605468
 20
58223.93760435929
 42
0.0
 97
        0
 92
        7
 72
     1
 73
     1
 93
        3
 10
110618.3688605468
 20
58235.62591604762
 42
0.0
 10
110618.3688605468
 20
58223.93760435929
 42
0.0
 10
110606.6805488585
 20
58223.93760435929
 42
-0.4142135623730951
 97
        0
 92
        7
 72
     1
 73
     1
 93
        3
 10
110606.6805488585
 20
58223.93760435929
 42
0.0
 10
110618.3688605468
 20
58223.93760435929
 42
0.0
 10
110618.3688605468
 20
58212.24929267102
 42
-0.4142135623730951
 97
        0
 75
     0
 76
     1
 47
0.5405059834732687
 98
        5
 10
110634.6196957774
 20
58185.18642005259
 10
110624.5011358855
 20
58214.6685525766
 10
110623.6577946659
 20
58228.98843276902
 10
110615.2257253701
 20
58228.98843276902
 10
110612.6960853972
 20
58218.0379295899
450
        0
451
        0
460
0.0
461
0.0
452
        1
462
1.0
453
        2
463
0.0
 63
     5
421
      255
463
1.0
 63
     7
421
 16777215
470
LINEAR
  0
LINE
  5
1B2722
330
1A
100
AcDbEntity
  8
Kich thuoc
100
AcDbLine
 10
110618.3688605468
 20
58138.22331864508
 30
0.0
 11
110680.7065228845
 21
58192.76877319054
 31
0.0
  0
CIRCLE
  5
1B2723
330
1A
100
AcDbEntity
  8
Kich thuoc
100
AcDbCircle
 10
110618.3688605468
 20
58223.93760435937
 30
0.0
 40
11.68831168831168
  0
LINE
  5
1B2724
330
1A
100
AcDbEntity
  8
Kich thuoc
100
AcDbLine
 10
110618.3688605468
 20
58138.22331864508
 30
0.0
 11
110556.0311982092
 21
58192.76877319054
 31
0.0
  0
LINE
  5
1B2725
330
1A
100
AcDbEntity
  8
Kich thuoc
100
AcDbLine
 10
110680.7065228845
 20
58192.76877319054
 30
0.0
 11
110556.0311982092
 21
58192.76877319054
 31
0.0
  0
LEADER
  5
1B2726
330
1A
100
AcDbEntity
  8
Kich thuoc
100
AcDbLeader
  3
Le 500
 76
     3
 10
116989.9254261766
 20
58283.22331864334
 30
0.0
 10
117160.9906030208
 20
58540.50125305199
 30
0.0
 10
118136.3348284753
 20
58540.50125305197
 30
0.0
211
-1.0
221
0.0
231
0.0
1001
ACAD
1000
DSTYLE
1002
{
1070
    77
1070
     0
1070
   176
1070
   256
1002
}
  0
LINE
  5
1B2727
330
1A
100
AcDbEntity
  8
0
100
AcDbLine
 10
111756.4254261767
 20
58333.22331864334
 30
0.0
 11
111756.4254261767
 21
58353.22331864333
 31
0.0
  0
LINE
  5
1B2728
330
1A
100
AcDbEntity
  8
0
100
AcDbLine
 10
112656.4254261766
 20
58353.22331864346
 30
0.0
 11
111756.4254261767
 21
58353.22331864333
 31
0.0
  0
LINE
  5
1B2729
330
1A
100
AcDbEntity
  8
0
100
AcDbLine
 10
112956.4254261767
 20
58333.22331864335
 30
0.0
 11
112956.4254261767
 21
58353.22331864334
 31
0.0
  0
LINE
  5
1B272A
330
1A
100
AcDbEntity
  8
0
100
AcDbLine
 10
112656.4254261766
 20
58333.22331864335
 30
0.0
 11
112656.4254261766
 21
58353.22331864334
 31
0.0
  0
LINE
  5
1B272B
330
1A
100
AcDbEntity
  8
0
100
AcDbLine
 10
112956.4254261767
 20
58353.22331864346
 30
0.0
 11
114381.4254263452
 21
58353.22331864333
 31
0.0
  0
LWPOLYLINE
  5
1B272C
330
1A
100
AcDbEntity
  8
0
100
AcDbPolyline
 90
        2
 70
     0
 43
0.0
 10
116281.4254261767
 20
58333.22331864363
 10
111560.6754262407
 20
58333.22331864334
  0
LINE
  5
1B272D
330
1A
100
AcDbEntity
  8
0
100
AcDbLine
 10
112146.4254261768
 20
57878.22331864334
 30
0.0
 11
112146.4254261768
 21
58203.22331864337
 31
0.0
  0
LINE
  5
1B272E
330
1A
100
AcDbEntity
  8
0
100
AcDbLine
 10
112146.4254261768
 20
58203.22331864337
 30
0.0
 11
111686.4254261768
 21
58203.22331864334
 31
0.0
  0
LINE
  5
1B272F
330
1A
100
AcDbEntity
  8
0
100
AcDbLine
 10
116281.4254261767
 20
58353.22331864337
 30
0.0
 11
116281.4254261767
 21
58203.22331864352
 31
0.0
  0
LINE
  5
1B2730
330
1A
100
AcDbEntity
  8
0
100
AcDbLine
 10
116281.4254261768
 20
58203.22331864352
 30
0.0
 11
116166.4254261767
 21
58203.22331864352
 31
0.0
  0
LWPOLYLINE
  5
1B2731
330
1A
100
AcDbEntity
  8
0
100
AcDbPolyline
 90
        4
 70
     0
 43
0.0
 10
116046.4254261767
 20
57878.22331864334
 10
116046.4254261768
 20
58203.22331864351
 10
115641.4254263455
 20
58203.22331864349
 10
115641.4254263454
 20
57878.22331864333
  0
LWPOLYLINE
  5
1B2732
330
1A
100
AcDbEntity
  8
0
100
AcDbPolyline
 90
        4
 70
     0
 43
0.0
 10
115521.4254263453
 20
57878.22331864333
 10
115521.4254263455
 20
58203.22331864347
 10
115116.4254263456
 20
58203.22331864345
 10
115116.4254263455
 20
57878.22331864333
  0
LWPOLYLINE
  5
1B2733
330
1A
100
AcDbEntity
  8
0
100
AcDbPolyline
 90
        4
 70
     0
 43
0.0
 10
114996.4254263455
 20
57878.22331864333
 10
114996.4254263454
 20
58203.22331864345
 10
114591.4254263453
 20
58203.22331864343
 10
114591.4254263454
 20
57878.22331864333
  0
LWPOLYLINE
  5
1B2734
330
1A
100
AcDbEntity
  8
0
100
AcDbPolyline
 90
        4
 70
     0
 43
0.0
 10
114471.4254263453
 20
57878.22331864334
 10
114471.4254263453
 20
58203.22331864342
 10
114086.4254261767
 20
58203.22331864339
 10
114086.4254261768
 20
57878.22331864334
  0
LWPOLYLINE
  5
1B2735
330
1A
100
AcDbEntity
  8
0
100
AcDbPolyline
 90
        4
 70
     0
 43
0.0
 10
113926.4254261768
 20
57878.22331864335
 10
113926.4254261768
 20
58203.22331864338
 10
113466.4254261768
 20
58203.22331864336
 10
113466.4254261768
 20
57878.22331864333
  0
LWPOLYLINE
  5
1B2736
330
1A
100
AcDbEntity
  8
0
100
AcDbPolyline
 90
        4
 70
     0
 43
0.0
 10
113346.4254261768
 20
57878.22331864334
 10
113346.4254261769
 20
58203.22331864336
 10
112866.4254261769
 20
58203.22331864333
 10
112866.4254261768
 20
57878.22331864333
  0
LINE
  5
1B2737
330
1A
100
AcDbEntity
  8
0
100
AcDbLine
 10
114681.4254263452
 20
58333.22331864333
 30
0.0
 11
114681.4254263452
 21
58353.22331864333
 31
0.0
  0
LINE
  5
1B2738
330
1A
100
AcDbEntity
  8
0
100
AcDbLine
 10
114381.4254263452
 20
58333.22331864333
 30
0.0
 11
114381.4254263452
 21
58353.22331864333
 31
0.0
  0
LINE
  5
1B2739
330
1A
100
AcDbEntity
  8
0
100
AcDbLine
 10
116281.4254261767
 20
58353.22331864336
 30
0.0
 11
114681.4254263452
 21
58353.22331864333
 31
0.0
  0
LWPOLYLINE
  5
1B273A
330
1A
100
AcDbEntity
  8
0
100
AcDbPolyline
 90
        2
 70
     0
 43
0.0
 10
116593.4254261766
 20
58333.22331864333
 10
116338.4254261766
 20
58333.22331864333
  0
LWPOLYLINE
  5
1B273B
330
1A
100
AcDbEntity
  8
0
100
AcDbPolyline
 90
        9
 70
     0
 43
0.0
 10
120143.4254261767
 20
58203.22331864335
 10
120143.4254261767
 20
57878.22331864335
 10
120023.4254261767
 20
57878.22331864335
 10
120023.4254261767
 20
58203.22331864335
 10
119623.4254261767
 20
58203.22331864336
 10
119623.4254261767
 20
57878.22331864335
 10
119503.4254261767
 20
57878.22331864335
 10
119503.4254261767
 20
58203.22331864335
 10
119088.4254261767
 20
58203.22331864335
  0
LWPOLYLINE
  5
1B273C
330
1A
100
AcDbEntity
  8
0
100
AcDbPolyline
 90
       17
 70
     0
 43
0.0
 10
118478.4254261766
 20
58203.22331864334
 10
118063.4254261767
 20
58203.22331864333
 10
118063.4254261767
 20
57878.22331864335
 10
117943.4254261767
 20
57878.22331864335
 10
117943.4254261767
 20
58203.22331864333
 10
117543.4254261767
 20
58203.22331864332
 10
117543.4254261767
 20
57878.22331864335
 10
117423.4254261767
 20
57878.22331864335
 10
117423.4254261767
 20
58203.22331864333
 10
117023.4254261767
 20
58203.22331864332
 10
117023.4254261767
 20
57878.22331864335
 10
116903.4254261767
 20
57878.22331864335
 10
116903.4254261767
 20
58203.22331864333
 10
116503.4254261767
 20
58203.22331864333
 10
116503.4254261767
 20
57878.22331864335
 10
116383.4254261767
 20
57878.22331864335
 10
116383.4254261767
 20
58203.22331864333
  0
LINE
  5
1B273D
330
1A
100
AcDbEntity
  8
0
100
AcDbLine
 10
116593.4254261766
 20
58333.22331864333
 30
0.0
 11
116593.4254261766
 21
58353.22331864333
 31
0.0
  0
LWPOLYLINE
  5
1B273E
330
1A
100
AcDbEntity
  8
0
100
AcDbPolyline
 90
        2
 70
     0
 43
0.0
 10
118688.4254261766
 20
58333.22331864334
 10
118388.4254261766
 20
58333.22331864334
  0
LINE
  5
1B273F
330
1A
100
AcDbEntity
  8
0
100
AcDbLine
 10
118688.4254261766
 20
58333.22331864334
 30
0.0
 11
118688.4254261766
 21
58353.22331864333
 31
0.0
  0
LINE
  5
1B2740
330
1A
100
AcDbEntity
  8
0
100
AcDbLine
 10
118388.4254261766
 20
58333.22331864334
 30
0.0
 11
118388.4254261766
 21
58353.22331864333
 31
0.0
  0
LWPOLYLINE
  5
1B2741
330
1A
100
AcDbEntity
  8
0
100
AcDbPolyline
 90
        2
 70
     0
 43
0.0
 10
120753.4254261766
 20
58333.22331864334
 10
120453.4254261766
 20
58333.22331864334
  0
LINE
  5
1B2742
330
1A
100
AcDbEntity
  8
0
100
AcDbLine
 10
120753.4254261766
 20
58333.22331864334
 30
0.0
 11
120753.4254261766
 21
58353.22331864333
 31
0.0
  0
LINE
  5
1B2743
330
1A
100
AcDbEntity
  8
0
100
AcDbLine
 10
120453.4254261766
 20
58333.22331864334
 30
0.0
 11
120453.4254261766
 21
58353.22331864333
 31
0.0
  0
LWPOLYLINE
  5
1B2744
330
1A
100
AcDbEntity
  8
0
100
AcDbPolyline
 90
        2
 70
     0
 43
0.0
 10
122633.4254261768
 20
58333.22331864334
 10
122333.4254261768
 20
58333.22331864334
  0
LINE
  5
1B2745
330
1A
100
AcDbEntity
  8
0
100
AcDbLine
 10
122633.4254261768
 20
58333.22331864334
 30
0.0
 11
122633.4254261768
 21
58353.22331864333
 31
0.0
  0
LINE
  5
1B2746
330
1A
100
AcDbEntity
  8
0
100
AcDbLine
 10
122333.4254261768
 20
58333.22331864334
 30
0.0
 11
122333.4254261768
 21
58353.22331864333
 31
0.0
  0
LWPOLYLINE
  5
1B2747
330
1A
100
AcDbEntity
  8
0
100
AcDbPolyline
 90
        2
 70
     0
 43
0.0
 10
124713.4254261768
 20
58333.22331864334
 10
124413.4254261768
 20
58333.22331864334
  0
LINE
  5
1B2748
330
1A
100
AcDbEntity
  8
0
100
AcDbLine
 10
124713.4254261768
 20
58333.22331864334
 30
0.0
 11
124713.4254261768
 21
58353.22331864333
 31
0.0
  0
LINE
  5
1B2749
330
1A
100
AcDbEntity
  8
0
100
AcDbLine
 10
124413.4254261768
 20
58333.22331864334
 30
0.0
 11
124413.4254261768
 21
58353.22331864333
 31
0.0
  0
LWPOLYLINE
  5
1B274A
330
1A
100
AcDbEntity
  8
0
100
AcDbPolyline
 90
        2
 70
     0
 43
0.0
 10
127113.4254261766
 20
58333.22331864334
 10
126813.4254261765
 20
58333.22331864334
  0
LINE
  5
1B274B
330
1A
100
AcDbEntity
  8
0
100
AcDbLine
 10
127113.4254261766
 20
58333.22331864334
 30
0.0
 11
127113.4254261766
 21
58353.22331864333
 31
0.0
  0
LINE
  5
1B274C
330
1A
100
AcDbEntity
  8
0
100
AcDbLine
 10
126813.4254261765
 20
58333.22331864334
 30
0.0
 11
126813.4254261765
 21
58353.22331864333
 31
0.0
  0
LWPOLYLINE
  5
1B274D
330
1A
100
AcDbEntity
  8
0
100
AcDbPolyline
 90
        2
 70
     0
 43
0.0
 10
129193.4254261766
 20
58333.22331864334
 10
128893.4254261765
 20
58333.22331864334
  0
LINE
  5
1B274E
330
1A
100
AcDbEntity
  8
0
100
AcDbLine
 10
129193.4254261766
 20
58333.22331864334
 30
0.0
 11
129193.4254261766
 21
58353.22331864333
 31
0.0
  0
LINE
  5
1B274F
330
1A
100
AcDbEntity
  8
0
100
AcDbLine
 10
128893.4254261765
 20
58333.22331864334
 30
0.0
 11
128893.4254261765
 21
58353.22331864333
 31
0.0
  0
LWPOLYLINE
  5
1B2750
330
1A
100
AcDbEntity
  8
0
100
AcDbPolyline
 90
        2
 70
     0
 43
0.0
 10
131228.4254261766
 20
58333.22331864334
 10
130973.4254261766
 20
58333.22331864334
  0
LINE
  5
1B2751
330
1A
100
AcDbEntity
  8
0
100
AcDbLine
 10
130973.4254261766
 20
58333.22331864334
 30
0.0
 11
130973.4254261766
 21
58353.22331864333
 31
0.0
  0
LINE
  5
1B2752
330
1A
100
AcDbEntity
  8
0
100
AcDbLine
 10
129193.4254261766
 20
58353.22331864333
 30
0.0
 11
130973.4254261766
 21
58353.22331864333
 31
0.0
  0
LINE
  5
1B2753
330
1A
100
AcDbEntity
  8
0
100
AcDbLine
 10
128893.4254261766
 20
58353.22331864333
 30
0.0
 11
127113.4254261766
 21
58353.22331864333
 31
0.0
  0
LINE
  5
1B2754
330
1A
100
AcDbEntity
  8
0
100
AcDbLine
 10
126813.4254261765
 20
58353.22331864333
 30
0.0
 11
124713.4254261768
 21
58353.22331864333
 31
0.0
  0
LINE
  5
1B2755
330
1A
100
AcDbEntity
  8
0
100
AcDbLine
 10
124413.4254261768
 20
58353.22331864333
 30
0.0
 11
122633.4254261768
 21
58353.22331864333
 31
0.0
  0
LINE
  5
1B2756
330
1A
100
AcDbEntity
  8
0
100
AcDbLine
 10
122333.4254261768
 20
58353.22331864333
 30
0.0
 11
120753.4254261766
 21
58353.22331864333
 31
0.0
  0
LINE
  5
1B2757
330
1A
100
AcDbEntity
  8
0
100
AcDbLine
 10
120453.4254261766
 20
58353.22331864333
 30
0.0
 11
118688.4254261766
 21
58353.22331864333
 31
0.0
  0
LINE
  5
1B2758
330
1A
100
AcDbEntity
  8
0
100
AcDbLine
 10
118388.4254261766
 20
58353.22331864333
 30
0.0
 11
116593.4254261766
 21
58353.22331864333
 31
0.0
  0
LEADER
  5
1B2759
330
1A
100
AcDbEntity
  8
Kich thuoc
100
AcDbLeader
  3
Le 500
 76
     3
 10
111613.9254261767
 20
58369.72331864332
 30
0.0
 10
111752.2231100082
 20
58540.50125305199
 30
0.0
 10
112394.0097183899
 20
58540.50125305197
 30
0.0
211
-1.0
221
0.0
231
0.0
1001
ACAD
1000
DSTYLE
1002
{
1070
    77
1070
     0
1070
   176
1070
   256
1002
}
  0
TEXT
  5
1B275A
330
1A
100
AcDbEntity
  8
Text
100
AcDbText
 10
111823.5577924091
 20
58582.76535718851
 30
0.0
 40
80.0
  1
bÝch neo 30t
 41
0.65
 72
     2
 11
112385.6530305044
 21
58582.76535718851
 31
0.0
100
AcDbText
  0
LEADER
  5
1B275B
330
1A
100
AcDbEntity
  8
Kich thuoc
100
AcDbLeader
  3
Le 500
 76
     3
 10
129055.4047727637
 20
58369.72331864332
 30
0.0
 10
129146.1113160258
 20
58540.50125305199
 30
0.0
 10
129774.1627188864
 20
58540.50125305197
 30
0.0
211
-1.0
221
0.0
231
0.0
1001
ACAD
1000
DSTYLE
1002
{
1070
    77
1070
     0
1070
   176
1070
   256
1002
}
  0
TEXT
  5
1B275C
330
1A
100
AcDbEntity
  8
Text
100
AcDbText
 10
129202.5462854845
 20
58582.76535718851
 30
0.0
 40
80.0
  1
bÝch neo 30t
 41
0.65
 72
     2
 11
129764.6415235798
 21
58582.76535718851
 31
0.0
100
AcDbText
  0
LEADER
  5
1B275D
330
1A
100
AcDbEntity
  8
Kich thuoc
100
AcDbLeader
  3
Le 500
 76
     3
 10
125226.1647673635
 20
58353.22331864341
 30
0.0
 10
125311.8579364914
 20
58540.50125305199
 30
0.0
 10
125832.8360154747
 20
58540.50125305197
 30
0.0
211
-1.0
221
0.0
231
0.0
1001
ACAD
1000
DSTYLE
1002
{
1070
    77
1070
     0
1070
   176
1070
   256
1002
}
  0
TEXT
  5
1B275E
330
1A
100
AcDbEntity
  8
Text
100
AcDbText
 10
125323.9803740699
 20
58582.76535718851
 30
0.0
 40
80.0
  1
gê ch¾n xe
 41
0.65
 72
     2
 11
125821.6946597842
 21
58582.76535718851
 31
0.0
100
AcDbText
  0
LEADER
  5
1B275F
330
1A
100
AcDbEntity
  8
Kich thuoc
100
AcDbLeader
  3
Le 500
 76
     3
 10
126996.4085932139
 20
58283.22331864334
 30
0.0
 10
127154.2165053979
 20
58540.50125305199
 30
0.0
 10
128130.864712078
 20
58540.50125305197
 30
0.0
211
-1.0
221
0.0
231
0.0
1001
ACAD
1000
DSTYLE
1002
{
1070
    77
1070
     0
1070
   176
1070
   256
1002
}
  0
LWPOLYLINE
  5
1B2760
330
1A
100
AcDbEntity
  8
0
  6
HIDDEN
 48
25.0
100
AcDbPolyline
 90
        4
 70
     0
 43
0.0
 10
112766.4254261743
 20
56696.26492982589
 10
112766.4254261635
 20
55338.22331864345
 10
112846.4254261643
 20
55338.22331864325
 10
112846.4254261741
 20
56728.26492982579
  0
LWPOLYLINE
  5
1B2761
330
1A
100
AcDbEntity
  8
0
  6
HIDDEN
 48
25.0
100
AcDbPolyline
 90
        4
 70
     0
 43
0.0
 10
112166.4254261727
 20
56496.26492982526
 10
112166.4254261634
 20
55338.22331864345
 10
112246.4254261643
 20
55338.22331864325
 10
112246.4254261727
 20
56528.26492982524
  0
LINE
  5
1B2762
330
1A
100
AcDbEntity
  8
Tim
 48
10.0
100
AcDbLine
 10
112806.4254261767
 20
55323.22331864327
 30
0.0
 11
112806.4254261768
 21
57883.22331864333
 31
0.0
  0
LINE
  5
1B2763
330
1A
100
AcDbEntity
  8
Tim
 48
10.0
100
AcDbLine
 10
112206.4254261767
 20
55323.22331864327
 30
0.0
 11
112206.4254261768
 21
57883.22331864332
 31
0.0
  0
LINE
  5
1B2764
330
1A
100
AcDbEntity
  8
Tim
 48
10.0
100
AcDbLine
 10
115581.4254263453
 20
55323.22331864327
 30
0.0
 11
115581.4254263454
 21
57883.22331864332
 31
0.0
  0
LINE
  5
1B2765
330
1A
100
AcDbEntity
  8
Tim
 48
10.0
100
AcDbLine
 10
115056.4254263454
 20
55323.22331864327
 30
0.0
 11
115056.4254263454
 21
57883.22331864331
 31
0.0
  0
LWPOLYLINE
  5
1B2766
330
1A
100
AcDbEntity
  8
0
  6
HIDDEN
 48
25.0
100
AcDbPolyline
 90
        4
 70
     0
 43
0.0
 10
115016.4254263476
 20
57283.2233185888
 10
115016.4254263321
 20
55338.22331864345
 10
115096.425426333
 20
55338.22331864325
 10
115096.4254263466
 20
57283.2233185888
  0
LWPOLYLINE
  5
1B2767
330
1A
100
AcDbEntity
  8
0
  6
HIDDEN
 48
25.0
100
AcDbPolyline
 90
        4
 70
     0
 43
0.0
 10
115541.4254263477
 20
57283.2233185888
 10
115541.4254263321
 20
55338.22331864345
 10
115621.4254263329
 20
55338.22331864325
 10
115621.4254263467
 20
57283.2233185888
  0
LWPOLYLINE
  5
1B2768
330
1A
100
AcDbEntity
  8
0
  6
HIDDEN
 48
25.0
100
AcDbPolyline
 90
        4
 70
     0
 43
0.0
 10
116066.4254261789
 20
57283.2233185888
 10
116066.4254261633
 20
55338.22331864427
 10
116146.4254261644
 20
55338.22331864427
 10
116146.4254261781
 20
57283.2233185888
  0
LINE
  5
1B2769
330
1A
100
AcDbEntity
  8
Tim
 48
10.0
100
AcDbLine
 10
116106.4254261637
 20
55338.22331864304
 30
0.0
 11
116106.4254261755
 21
57883.22331864333
 31
0.0
  0
LINE
  5
1B276A
330
1A
100
AcDbEntity
  8
0
100
AcDbLine
 10
111506.1420439205
 20
57770.66115162068
 30
0.0
 11
111241.569071758
 21
56183.22331864514
 31
0.0
  0
LINE
  5
1B276B
330
1A
100
AcDbEntity
  8
Hatch coc
100
AcDbLine
 10
111261.8449468588
 20
56183.22331864514
 30
0.0
 11
111525.8699223972
 21
57767.37317187456
 31
0.0
  0
LINE
  5
1B276C
330
1A
100
AcDbEntity
  8
Hatch coc
100
AcDbLine
 10
111325.4476560149
 20
56199.87382176215
 30
0.0
 11
111584.3097475661
 21
57753.04637107044
 31
0.0
  0
LINE
  5
1B276D
330
1A
100
AcDbEntity
  8
Khuat 151
 48
10.0
100
AcDbLine
 10
111603.0190791598
 20
57753.37953007511
 30
0.0
 11
111190.5617478891
 21
55278.63554245118
 31
0.0
  0
LINE
  5
1B276E
330
1A
100
AcDbEntity
  8
Tim
 48
10.0
100
AcDbLine
 10
111606.4254261767
 20
58068.22331864333
 30
0.0
 11
111093.5005857842
 21
54990.67427628709
 31
0.0
  0
LINE
  5
1B276F
330
1A
100
AcDbEntity
  8
Khuat 151
 48
10.0
100
AcDbLine
 10
111507.7202741987
 20
57770.39811324098
 30
0.0
 11
111095.0788160622
 21
55294.54936442234
 31
0.0
  0
DIMENSION
  5
1B2770
330
1A
100
AcDbEntity
  8
Kich thuoc
100
AcDbDimension
  2
*D65
 10
110939.980664234
 20
55320.39905639233
 30
0.0
 11
110846.2732414711
 21
55183.94789692812
 31
0.0
 70
    32
 71
     5
 42
299.9999999999563
 73
     0
 74
     0
 75
     0
  3
Dim 350
100
AcDbAlignedDimension
 13
111049.1128592117
 23
54998.07223071588
 33
0.0
 14
111098.4325554033
 24
55293.99040786547
 34
0.0
 50
260.5376777924541
100
AcDbRotatedDimension
  0
HATCH
  5
1B2771
330
1A
100
AcDbEntity
  8
Hatch
100
AcDbHatch
 10
0.0
 20
0.0
 30
0.0
210
0.0
220
0.0
230
1.0
  2
ANSI32
 70
     0
 71
     0
 91
        2
 92
        7
 72
     0
 73
     1
 93
        4
 10
111142.8202819757
 20
55286.59245343671
 10
111098.4325554033
 20
55293.99040786546
 10
111049.1128592117
 20
54998.07223071581
 10
111093.5005857841
 20
54990.67427628706
 97
        0
 92
        7
 72
     0
 73
     1
 93
        4
 10
111187.2080085482
 20
55279.19449900799
 10
111142.8202819757
 20
55286.59245343671
 10
111093.5005857841
 20
54990.67427628705
 10
111137.8883123566
 20
54983.27632185834
 97
        0
 75
     0
 76
     1
 52
-9.462322208023584
 41
100.0
 77
     0
 78
     2
 53
35.53767779197642
 43
108591.6357942957
 44
-34022.94129786492
 45
-21.7964322644672
 46
30.51500517025179
 79
     0
 53
35.53767779197642
 43
108609.072940078
 44
-34025.84748882865
 45
-21.7964322644672
 46
30.51500517025179
 79
     0
 47
1.210458733873006
 98
        2
 10
111114.387153353
 20
55180.82220939742
 10
111150.6420816396
 20
55191.95996419341
  0
LWPOLYLINE
  5
1B2772
330
1A
100
AcDbEntity
  8
0
  6
HIDDEN
 48
25.0
100
AcDbPolyline
 90
        4
 70
     0
 43
0.0
 10
111187.2080085482
 20
55279.19449900799
 10
111137.8883123566
 20
54983.27632185836
 10
111049.1128592117
 20
54998.07223071584
 10
111098.4325554033
 20
55293.99040786548
  0
LWPOLYLINE
  5
1B2773
330
1A
100
AcDbEntity
  8
0
  6
HIDDEN
 48
25.0
100
AcDbPolyline
 90
        4
 70
     0
 43
0.0
 10
112166.4254261634
 20
55338.22331864341
 10
112246.4254261643
 20
55338.22331864325
 10
112206.4254261767
 20
55323.22331864329
 10
112166.4254261634
 20
55338.22331864341
  0
LWPOLYLINE
  5
1B2774
330
1A
100
AcDbEntity
  8
0
  6
HIDDEN
 48
25.0
100
AcDbPolyline
 90
        4
 70
     0
 43
0.0
 10
112766.4254261635
 20
55338.22331864341
 10
112846.4254261643
 20
55338.22331864325
 10
112806.4254261767
 20
55323.22331864329
 10
112766.4254261635
 20
55338.22331864341
  0
LWPOLYLINE
  5
1B2775
330
1A
100
AcDbEntity
  8
0
  6
HIDDEN
 48
25.0
100
AcDbPolyline
 90
        4
 70
     0
 43
0.0
 10
115016.4254263321
 20
55338.22331864341
 10
115096.425426333
 20
55338.22331864325
 10
115056.4254263454
 20
55323.22331864329
 10
115016.4254263321
 20
55338.22331864341
  0
LWPOLYLINE
  5
1B2776
330
1A
100
AcDbEntity
  8
0
  6
HIDDEN
 48
25.0
100
AcDbPolyline
 90
        4
 70
     0
 43
0.0
 10
115541.4254263321
 20
55338.22331864341
 10
115621.4254263329
 20
55338.22331864325
 10
115581.4254263453
 20
55323.22331864329
 10
115541.4254263321
 20
55338.22331864341
  0
LWPOLYLINE
  5
1B2777
330
1A
100
AcDbEntity
  8
0
  6
HIDDEN
 48
25.0
100
AcDbPolyline
 90
        4
 70
     0
 43
0.0
 10
116066.4254261634
 20
55338.22331864422
 10
116146.4254261642
 20
55338.22331864406
 10
116106.4254261767
 20
55323.22331864411
 10
116066.4254261634
 20
55338.22331864422
  0
LINE
  5
1B2778
330
1A
100
AcDbEntity
  8
0
100
AcDbLine
 10
112766.4254261767
 20
56479.06668334302
 30
0.0
 11
112766.4254261768
 21
57878.22331864335
 31
0.0
  0
LINE
  5
1B2779
330
1A
100
AcDbEntity
  8
Hatch coc
100
AcDbLine
 10
112783.6940622086
 20
56482.52332250537
 30
0.0
 11
112783.6940622086
 21
57878.22331864333
 31
0.0
  0
LINE
  5
1B277A
330
1A
100
AcDbEntity
  8
Hatch coc
100
AcDbLine
 10
112772.5394451619
 20
56480.29051812792
 30
0.0
 11
112772.5394451619
 21
57878.22331864333
 31
0.0
  0
LINE
  5
1B277B
330
1A
100
AcDbEntity
  8
0
100
AcDbLine
 10
112846.4254261767
 20
56495.08017349232
 30
0.0
 11
112846.4254261768
 21
57878.22331864335
 31
0.0
  0
LINE
  5
1B277C
330
1A
100
AcDbEntity
  8
Hatch coc
100
AcDbLine
 10
112840.3114071916
 20
56493.85633870743
 30
0.0
 11
112840.3114071916
 21
57878.22331864333
 31
0.0
  0
LINE
  5
1B277D
330
1A
100
AcDbEntity
  8
Hatch coc
100
AcDbLine
 10
112829.1567901449
 20
56491.62353432997
 30
0.0
 11
112829.1567901449
 21
57878.22331864333
 31
0.0
  0
LINE
  5
1B277E
330
1A
100
AcDbEntity
  8
0
100
AcDbLine
 10
112246.4254261767
 20
56374.9789973726
 30
0.0
 11
112246.4254261768
 21
57878.22331864335
 31
0.0
  0
LINE
  5
1B277F
330
1A
100
AcDbEntity
  8
Hatch coc
100
AcDbLine
 10
112240.3114071916
 20
56373.75516258771
 30
0.0
 11
112240.3114071916
 21
57878.22331864333
 31
0.0
  0
LINE
  5
1B2780
330
1A
100
AcDbEntity
  8
Hatch coc
100
AcDbLine
 10
112229.1567901449
 20
56371.52235821026
 30
0.0
 11
112229.1567901449
 21
57878.22331864333
 31
0.0
  0
LINE
  5
1B2781
330
1A
100
AcDbEntity
  8
0
100
AcDbLine
 10
112166.4254261768
 20
56358.9655072233
 30
0.0
 11
112166.4254261768
 21
57878.22331864335
 31
0.0
  0
LINE
  5
1B2782
330
1A
100
AcDbEntity
  8
Hatch coc
100
AcDbLine
 10
112183.6940622086
 20
56362.42214638565
 30
0.0
 11
112183.6940622086
 21
57878.22331864332
 31
0.0
  0
LINE
  5
1B2783
330
1A
100
AcDbEntity
  8
Hatch coc
100
AcDbLine
 10
112172.5394451619
 20
56360.1893420082
 30
0.0
 11
112172.5394451619
 21
57878.22331864333
 31
0.0
  0
LINE
  5
1B2784
330
1A
100
AcDbEntity
  8
0
100
AcDbLine
 10
111604.7814363037
 20
57754.22125289013
 30
0.0
 11
111347.1718079087
 21
56208.56348251965
 31
0.0
  0
LINE
  5
1B2785
330
1A
100
AcDbEntity
  8
Hatch coc
100
AcDbLine
 10
115022.5394453306
 20
56930.66992861061
 30
0.0
 11
115022.5394453306
 21
57878.22331864332
 31
0.0
  0
LINE
  5
1B2786
330
1A
100
AcDbEntity
  8
Hatch coc
100
AcDbLine
 10
115033.6940623773
 20
56932.90273298807
 30
0.0
 11
115033.6940623773
 21
57878.22331864331
 31
0.0
  0
LINE
  5
1B2787
330
1A
100
AcDbEntity
  8
0
100
AcDbLine
 10
115016.4254263454
 20
56929.44609382572
 30
0.0
 11
115016.4254263455
 21
57878.22331864333
 31
0.0
  0
LINE
  5
1B2788
330
1A
100
AcDbEntity
  8
Hatch coc
100
AcDbLine
 10
115079.1567903136
 20
56942.00294481268
 30
0.0
 11
115079.1567903136
 21
57878.22331864331
 31
0.0
  0
LINE
  5
1B2789
330
1A
100
AcDbEntity
  8
Hatch coc
100
AcDbLine
 10
115090.3114073603
 20
56944.23574919014
 30
0.0
 11
115090.3114073603
 21
57878.22331864331
 31
0.0
  0
LINE
  5
1B278A
330
1A
100
AcDbEntity
  8
0
100
AcDbLine
 10
115096.4254263454
 20
56945.45958397502
 30
0.0
 11
115096.4254263454
 21
57878.22331864333
 31
0.0
  0
LINE
  5
1B278B
330
1A
100
AcDbEntity
  8
Hatch coc
100
AcDbLine
 10
115604.1567903135
 20
57047.09147391742
 30
0.0
 11
115604.1567903135
 21
57878.22331864332
 31
0.0
  0
LINE
  5
1B278C
330
1A
100
AcDbEntity
  8
Hatch coc
100
AcDbLine
 10
115615.3114073602
 20
57049.32427829488
 30
0.0
 11
115615.3114073602
 21
57878.2233186433
 31
0.0
  0
LINE
  5
1B278D
330
1A
100
AcDbEntity
  8
0
100
AcDbLine
 10
115621.4254263454
 20
57050.54811307976
 30
0.0
 11
115621.4254263454
 21
57878.22331864333
 31
0.0
  0
LINE
  5
1B278E
330
1A
100
AcDbEntity
  8
Hatch coc
100
AcDbLine
 10
115547.5394453305
 20
57035.75845771537
 30
0.0
 11
115547.5394453305
 21
57878.22331864331
 31
0.0
  0
LINE
  5
1B278F
330
1A
100
AcDbEntity
  8
Hatch coc
100
AcDbLine
 10
115558.6940623772
 20
57037.99126209282
 30
0.0
 11
115558.6940623772
 21
57878.22331864331
 31
0.0
  0
LINE
  5
1B2790
330
1A
100
AcDbEntity
  8
0
100
AcDbLine
 10
115541.4254263454
 20
57034.53462293047
 30
0.0
 11
115541.4254263454
 21
57878.22331864333
 31
0.0
  0
LINE
  5
1B2791
330
1A
100
AcDbEntity
  8
Hatch coc
100
AcDbLine
 10
116129.1567901448
 20
57152.1800029884
 30
0.0
 11
116129.1567901448
 21
57878.22331864331
 31
0.0
  0
LINE
  5
1B2792
330
1A
100
AcDbEntity
  8
Hatch coc
100
AcDbLine
 10
116072.5394451616
 20
57140.84698678631
 30
0.0
 11
116072.5394451616
 21
57878.22331864331
 31
0.0
  0
LINE
  5
1B2793
330
1A
100
AcDbEntity
  8
Hatch coc
100
AcDbLine
 10
116083.6940622085
 20
57143.07979116379
 30
0.0
 11
116083.6940622085
 21
57878.22331864332
 31
0.0
  0
LINE
  5
1B2794
330
1A
100
AcDbEntity
  8
0
100
AcDbLine
 10
116066.4254261767
 20
57139.62315200146
 30
0.0
 11
116066.4254261767
 21
57878.22331864333
 31
0.0
  0
LINE
  5
1B2795
330
1A
100
AcDbEntity
  8
Hatch coc
100
AcDbLine
 10
116140.3114071915
 20
57154.41280736585
 30
0.0
 11
116140.3114071915
 21
57878.22331864332
 31
0.0
  0
LINE
  5
1B2796
330
1A
100
AcDbEntity
  8
0
100
AcDbLine
 10
116146.4254261785
 20
57155.63664215112
 30
0.0
 11
116146.4254261772
 21
57878.22331864334
 31
0.0
  0
LWPOLYLINE
  5
1B2797
330
1A
100
AcDbEntity
  8
0
  6
HIDDEN
 48
25.0
100
AcDbPolyline
 90
        4
 70
     0
 43
0.0
 10
113366.4254261735
 20
56599.1678594621
 10
113366.4254261635
 20
55338.22331864345
 10
113446.4254261643
 20
55338.22331864325
 10
113446.4254261733
 20
56615.18134961134
  0
LINE
  5
1B2798
330
1A
100
AcDbEntity
  8
Tim
 48
10.0
100
AcDbLine
 10
113406.4254261767
 20
55323.22331864327
 30
0.0
 11
113406.4254261768
 21
57883.22331864331
 31
0.0
  0
LWPOLYLINE
  5
1B2799
330
1A
100
AcDbEntity
  8
0
  6
HIDDEN
 48
25.0
100
AcDbPolyline
 90
        4
 70
     0
 43
0.0
 10
113366.4254261635
 20
55338.22331864341
 10
113446.4254261643
 20
55338.22331864325
 10
113406.4254261767
 20
55323.22331864329
 10
113366.4254261635
 20
55338.22331864341
  0
LINE
  5
1B279A
330
1A
100
AcDbEntity
  8
0
100
AcDbLine
 10
113366.4254261767
 20
56599.16785946275
 30
0.0
 11
113366.4254261767
 21
57878.22331864333
 31
0.0
  0
LINE
  5
1B279B
330
1A
100
AcDbEntity
  8
Hatch coc
100
AcDbLine
 10
113383.6940622086
 20
56602.6244986251
 30
0.0
 11
113383.6940622086
 21
57878.22331864333
 31
0.0
  0
LINE
  5
1B279C
330
1A
100
AcDbEntity
  8
Hatch coc
100
AcDbLine
 10
113372.5394451619
 20
56600.39169424763
 30
0.0
 11
113372.5394451619
 21
57878.22331864333
 31
0.0
  0
LINE
  5
1B279D
330
1A
100
AcDbEntity
  8
0
100
AcDbLine
 10
113446.4254261768
 20
56615.18134961204
 30
0.0
 11
113446.4254261768
 21
57878.22331864333
 31
0.0
  0
LINE
  5
1B279E
330
1A
100
AcDbEntity
  8
Hatch coc
100
AcDbLine
 10
113440.3114071916
 20
56613.95751482715
 30
0.0
 11
113440.3114071916
 21
57878.22331864331
 31
0.0
  0
LINE
  5
1B279F
330
1A
100
AcDbEntity
  8
Hatch coc
100
AcDbLine
 10
113429.1567901449
 20
56611.72471044969
 30
0.0
 11
113429.1567901449
 21
57878.22331864332
 31
0.0
  0
LWPOLYLINE
  5
1B27A0
330
1A
100
AcDbEntity
  8
0
  6
HIDDEN
 48
25.0
100
AcDbPolyline
 90
        4
 70
     0
 43
0.0
 10
114491.4254263474
 20
57252.42466135344
 10
114491.4254263321
 20
55338.22331864345
 10
114571.4254263329
 20
55338.22331864325
 10
114571.4254263466
 20
57279.09132801983
  0
LINE
  5
1B27A1
330
1A
100
AcDbEntity
  8
Tim
 48
10.0
100
AcDbLine
 10
114531.4254263453
 20
55323.22331864327
 30
0.0
 11
114531.4254263454
 21
57883.2233186433
 31
0.0
  0
LWPOLYLINE
  5
1B27A2
330
1A
100
AcDbEntity
  8
0
  6
HIDDEN
 48
25.0
100
AcDbPolyline
 90
        4
 70
     0
 43
0.0
 10
114491.4254263321
 20
55338.22331864341
 10
114571.4254263329
 20
55338.22331864325
 10
114531.4254263453
 20
55323.22331864329
 10
114491.4254263321
 20
55338.22331864341
  0
LINE
  5
1B27A3
330
1A
100
AcDbEntity
  8
0
100
AcDbLine
 10
114491.4254263454
 20
56824.35756472096
 30
0.0
 11
114491.4254263454
 21
57878.22331864334
 31
0.0
  0
LINE
  5
1B27A4
330
1A
100
AcDbEntity
  8
Hatch coc
100
AcDbLine
 10
114508.6940623772
 20
56827.81420388331
 30
0.0
 11
114508.6940623772
 21
57878.22331864332
 31
0.0
  0
LINE
  5
1B27A5
330
1A
100
AcDbEntity
  8
Hatch coc
100
AcDbLine
 10
114497.5394453305
 20
56825.58139950585
 30
0.0
 11
114497.5394453305
 21
57878.2233186433
 31
0.0
  0
LINE
  5
1B27A6
330
1A
100
AcDbEntity
  8
0
100
AcDbLine
 10
114571.4254263453
 20
56840.37105487026
 30
0.0
 11
114571.4254263454
 21
57878.22331864333
 31
0.0
  0
LINE
  5
1B27A7
330
1A
100
AcDbEntity
  8
Hatch coc
100
AcDbLine
 10
114565.3114073602
 20
56839.14722008537
 30
0.0
 11
114565.3114073603
 21
57878.22331864332
 31
0.0
  0
LINE
  5
1B27A8
330
1A
100
AcDbEntity
  8
Hatch coc
100
AcDbLine
 10
114554.1567903135
 20
56836.91441570791
 30
0.0
 11
114554.1567903135
 21
57878.22331864331
 31
0.0
  0
LINE
  5
1B27A9
330
1A
100
AcDbEntity
  8
Hatch
100
AcDbLine
 10
111098.4325554033
 20
55293.99040786547
 30
0.0
 11
111049.1128592117
 21
54998.07223071588
 31
0.0
  0
LINE
  5
1B27AA
330
1A
100
AcDbEntity
  8
Hatch
100
AcDbLine
 10
111187.2080085482
 20
55279.19449900799
 30
0.0
 11
111098.4325554033
 21
55293.99040786547
 31
0.0
  0
LINE
  5
1B27AB
330
1A
100
AcDbEntity
  8
Hatch
100
AcDbLine
 10
111137.8883123566
 20
54983.27632185839
 30
0.0
 11
111049.1128592117
 21
54998.07223071588
 31
0.0
  0
LINE
  5
1B27AC
330
1A
100
AcDbEntity
  8
Hatch
100
AcDbLine
 10
111137.8883123566
 20
54983.27632185839
 30
0.0
 11
111187.2080085482
 21
55279.19449900799
 31
0.0
  0
LWPOLYLINE
  5
1B27AD
330
1A
100
AcDbEntity
  8
0
  6
HIDDEN
 48
25.0
100
AcDbPolyline
 90
        4
 70
     0
 43
0.0
 10
111366.4254261714
 20
56202.42466129481
 10
111366.4254261635
 20
55268.22331864347
 10
111446.4254261644
 20
55268.22331864327
 10
111446.4254261715
 20
56229.09132796152
  0
LINE
  5
1B27AE
330
1A
100
AcDbEntity
  8
Tim
 48
10.0
100
AcDbLine
 10
111406.4254261768
 20
55253.2233186433
 30
0.0
 11
111406.4254261768
 21
56414.08519212792
 31
0.0
  0
LINE
  5
1B27AF
330
1A
100
AcDbEntity
  8
Tim
 48
10.0
100
AcDbLine
 10
111406.4254261768
 20
57022.36144515796
 30
0.0
 11
111406.4254261768
 21
58048.22331864335
 31
0.0
  0
LWPOLYLINE
  5
1B27B0
330
1A
100
AcDbEntity
  8
0
  6
HIDDEN
 48
25.0
100
AcDbPolyline
 90
        4
 70
     0
 43
0.0
 10
111366.4254261635
 20
55268.22331864343
 10
111446.4254261644
 20
55268.22331864327
 10
111406.4254261768
 20
55253.22331864331
 10
111366.4254261635
 20
55268.22331864343
  0
LINE
  5
1B27B1
330
1A
100
AcDbEntity
  8
0
100
AcDbLine
 10
111446.4254261768
 20
56214.84409587965
 30
0.0
 11
111446.4254261768
 21
56654.08519212821
 31
0.0
  0
LINE
  5
1B27B2
330
1A
100
AcDbEntity
  8
0
100
AcDbLine
 10
111446.4254261767
 20
57262.36144515818
 30
0.0
 11
111446.4254261768
 21
58048.22331864334
 31
0.0
  0
LINE
  5
1B27B3
330
1A
100
AcDbEntity
  8
Hatch coc
100
AcDbLine
 10
111440.3114071916
 20
56213.62026109474
 30
0.0
 11
111440.3114071916
 21
56617.40107821715
 31
0.0
  0
LINE
  5
1B27B4
330
1A
100
AcDbEntity
  8
Hatch coc
100
AcDbLine
 10
111440.3114071916
 20
57225.67733124712
 30
0.0
 11
111440.3114071916
 21
58048.22331864334
 31
0.0
  0
LINE
  5
1B27B5
330
1A
100
AcDbEntity
  8
Hatch coc
100
AcDbLine
 10
111429.1567901449
 20
56211.38745671729
 30
0.0
 11
111429.1567901449
 21
56550.47337593719
 31
0.0
  0
LINE
  5
1B27B6
330
1A
100
AcDbEntity
  8
Hatch coc
100
AcDbLine
 10
111429.156790145
 20
57158.74962896713
 30
0.0
 11
111429.156790145
 21
58048.22331864335
 31
0.0
  0
LINE
  5
1B27B7
330
1A
100
AcDbEntity
  8
0
100
AcDbLine
 10
111366.4254261768
 20
56782.36144515794
 30
0.0
 11
111366.4254261768
 21
58048.22331864335
 31
0.0
  0
LINE
  5
1B27B8
330
1A
100
AcDbEntity
  8
Hatch coc
100
AcDbLine
 10
111383.6940622086
 20
56885.97326134908
 30
0.0
 11
111383.6940622086
 21
58048.22331864335
 31
0.0
  0
LINE
  5
1B27B9
330
1A
100
AcDbEntity
  8
Hatch coc
100
AcDbLine
 10
111372.5394451619
 20
56819.04555906887
 30
0.0
 11
111372.5394451619
 21
58048.22331864335
 31
0.0
  0
LINE
  5
1B27BA
330
1A
100
AcDbEntity
  8
Tim
 48
10.0
100
AcDbLine
 10
111606.4254261768
 20
58068.22331864332
 30
0.0
 11
111606.4254261766
 21
55151.22331858878
 31
0.0
  0
LWPOLYLINE
  5
1B27BB
330
1A
100
AcDbEntity
  8
0
100
AcDbPolyline
 90
        4
 70
     0
 43
0.0
 10
111583.9254261768
 20
58333.22331864334
 10
111583.9254261768
 20
58333.22331864334
 10
111286.4254261768
 20
58333.22331864335
 10
111281.4254261768
 20
58328.22331864333
  0
LEADER
  5
1B27BC
330
1A
100
AcDbEntity
  8
Kich thuoc
100
AcDbLeader
  3
Le 500
 76
     3
 10
115501.4242439164
 20
58353.22331864341
 30
0.0
 10
115587.1174130443
 20
58540.50125305199
 30
0.0
 10
116108.0954920276
 20
58540.50125305197
 30
0.0
211
-1.0
221
0.0
231
0.0
1001
ACAD
1000
DSTYLE
1002
{
1070
    77
1070
     0
1070
   176
1070
   256
1002
}
  0
TEXT
  5
1B27BD
330
1A
100
AcDbEntity
  8
Text
100
AcDbText
 10
115599.2398506227
 20
58582.76535718851
 30
0.0
 40
80.0
  1
gê ch¾n xe
 41
0.65
 72
     2
 11
116096.954136337
 21
58582.76535718851
 31
0.0
100
AcDbText
  0
LEADER
  5
1B27BE
330
1A
100
AcDbEntity
  8
Kich thuoc
100
AcDbLeader
  3
Le 500
 76
     3
 10
113450.4823007341
 20
58283.22331864334
 30
0.0
 10
113563.1234936065
 20
58540.50125305199
 30
0.0
 10
114511.1704654126
 20
58540.50125305197
 30
0.0
211
-1.0
221
0.0
231
0.0
1001
ACAD
1000
DSTYLE
1002
{
1070
    77
1070
     0
1070
   176
1070
   256
1002
}
  0
TEXT
  5
1B27BF
330
1A
100
AcDbEntity
  8
Text
 48
2.0
100
AcDbText
 10
113989.3235470885
 20
58662.76535718851
 30
0.0
 40
80.0
  1
V
 50
180.0
 41
0.75
  7
Chu thuong
 11
113989.3235470885
 21
58582.76535718851
 31
0.0
100
AcDbText
 73
     3
  0
TEXT
  5
1B27C0
330
1A
100
AcDbEntity
  8
Text
100
AcDbText
 10
113562.4374983323
 20
58582.76535718851
 30
0.0
 40
80.0
  1
®Öm tµu  400h-4000l
 41
0.65
 72
     2
 11
114508.3422602371
 21
58582.76535718851
 31
0.0
100
AcDbText
  0
LWPOLYLINE
  5
1B27C1
330
1A
100
AcDbEntity
  8
0
100
AcDbPolyline
 90
        3
 70
     0
 43
0.0
 10
118478.4254261767
 20
57983.22331864332
 10
118478.4254261767
 20
57878.22331864335
 10
118598.4254261767
 20
57878.22331864335
  0
LWPOLYLINE
  5
1B27C2
330
1A
100
AcDbEntity
  8
0
100
AcDbPolyline
 90
        3
 70
     0
 43
0.0
 10
118968.4254261767
 20
57878.22331864335
 10
119088.4254261767
 20
57878.22331864335
 10
119088.4254261767
 20
58203.22331864335
  0
LINE
  5
1B27C3
330
1A
100
AcDbEntity
  8
0
100
AcDbLine
 10
118968.4254261767
 20
57878.22331864335
 30
0.0
 11
118968.4254261766
 21
57983.22331864333
 31
0.0
  0
LWPOLYLINE
  5
1B27C4
330
1A
100
AcDbEntity
  8
0
100
AcDbPolyline
 90
        4
 70
     0
 43
0.0
 10
120543.4254261767
 20
58203.22331864335
 10
120543.4254261767
 20
57878.22331864335
 10
120663.4254261767
 20
57878.22331864335
 10
120663.4254261767
 20
58203.22331864335
  0
LWPOLYLINE
  5
1B27C5
330
1A
100
AcDbEntity
  8
0
100
AcDbPolyline
 90
        4
 70
     0
 43
0.0
 10
121063.4254261767
 20
58203.22331864335
 10
121063.4254261767
 20
57878.22331864335
 10
121183.4254261767
 20
57878.22331864335
 10
121183.4254261767
 20
58203.22331864335
  0
LWPOLYLINE
  5
1B27C6
330
1A
100
AcDbEntity
  8
0
100
AcDbPolyline
 90
        4
 70
     0
 43
0.0
 10
121383.4254261769
 20
58203.22331864335
 10
121383.4254261769
 20
57878.22331864335
 10
121503.4254261769
 20
57878.22331864335
 10
121503.4254261769
 20
58203.22331864335
  0
LWPOLYLINE
  5
1B27C7
330
1A
100
AcDbEntity
  8
0
100
AcDbPolyline
 90
        4
 70
     0
 43
0.0
 10
121903.4254261769
 20
58203.22331864335
 10
121903.4254261769
 20
57878.22331864335
 10
122023.4254261769
 20
57878.22331864335
 10
122023.4254261769
 20
58203.22331864335
  0
LWPOLYLINE
  5
1B27C8
330
1A
100
AcDbEntity
  8
0
100
AcDbPolyline
 90
        4
 70
     0
 43
0.0
 10
122423.4254261769
 20
58203.22331864335
 10
122423.4254261769
 20
57878.22331864335
 10
122543.4254261769
 20
57878.22331864335
 10
122543.4254261769
 20
58203.22331864335
  0
LWPOLYLINE
  5
1B27C9
330
1A
100
AcDbEntity
  8
0
100
AcDbPolyline
 90
        4
 70
     0
 43
0.0
 10
122943.4254261769
 20
58203.22331864335
 10
122943.4254261769
 20
57878.22331864335
 10
123063.4254261769
 20
57878.22331864335
 10
123063.4254261769
 20
58203.22331864335
  0
LWPOLYLINE
  5
1B27CA
330
1A
100
AcDbEntity
  8
0
100
AcDbPolyline
 90
        4
 70
     0
 43
0.0
 10
124503.4254261769
 20
58203.22331864335
 10
124503.4254261769
 20
57878.22331864334
 10
124623.4254261769
 20
57878.22331864334
 10
124623.4254261769
 20
58203.22331864335
  0
LWPOLYLINE
  5
1B27CB
330
1A
100
AcDbEntity
  8
0
100
AcDbPolyline
 90
        4
 70
     0
 43
0.0
 10
125023.4254261769
 20
58203.22331864335
 10
125023.4254261769
 20
57878.22331864334
 10
125143.4254261769
 20
57878.22331864334
 10
125143.4254261769
 20
58203.22331864335
  0
LWPOLYLINE
  5
1B27CC
330
1A
100
AcDbEntity
  8
0
100
AcDbPolyline
 90
        4
 70
     0
 43
0.0
 10
125543.4254261769
 20
58203.22331864336
 10
125543.4254261769
 20
57878.22331864334
 10
125663.4254261769
 20
57878.22331864334
 10
125663.4254261769
 20
58203.22331864336
  0
LWPOLYLINE
  5
1B27CD
330
1A
100
AcDbEntity
  8
0
100
AcDbPolyline
 90
        4
 70
     0
 43
0.0
 10
126063.4254261769
 20
58203.22331864336
 10
126063.4254261769
 20
57878.22331864334
 10
126183.4254261769
 20
57878.22331864334
 10
126183.4254261769
 20
58203.22331864336
  0
LWPOLYLINE
  5
1B27CE
330
1A
100
AcDbEntity
  8
0
100
AcDbPolyline
 90
        4
 70
     0
 43
0.0
 10
126383.4254261767
 20
58203.22331864336
 10
126383.4254261767
 20
57878.22331864334
 10
126503.4254261767
 20
57878.22331864334
 10
126503.4254261767
 20
58203.22331864336
  0
LWPOLYLINE
  5
1B27CF
330
1A
100
AcDbEntity
  8
0
100
AcDbPolyline
 90
        4
 70
     0
 43
0.0
 10
126903.4254261767
 20
58203.22331864336
 10
126903.4254261767
 20
57878.22331864334
 10
127023.4254261767
 20
57878.22331864334
 10
127023.4254261767
 20
58203.22331864336
  0
LWPOLYLINE
  5
1B27D0
330
1A
100
AcDbEntity
  8
0
100
AcDbPolyline
 90
        4
 70
     0
 43
0.0
 10
127423.4254261767
 20
58203.22331864335
 10
127423.4254261767
 20
57878.22331864334
 10
127543.4254261767
 20
57878.22331864334
 10
127543.4254261767
 20
58203.22331864335
  0
LWPOLYLINE
  5
1B27D1
330
1A
100
AcDbEntity
  8
0
100
AcDbPolyline
 90
        4
 70
     0
 43
0.0
 10
127943.4254261767
 20
58203.22331864336
 10
127943.4254261767
 20
57878.22331864334
 10
128063.4254261767
 20
57878.22331864334
 10
128063.4254261767
 20
58203.22331864336
  0
LWPOLYLINE
  5
1B27D2
330
1A
100
AcDbEntity
  8
0
100
AcDbPolyline
 90
        4
 70
     0
 43
0.0
 10
128463.4254261767
 20
58203.22331864336
 10
128463.4254261767
 20
57878.22331864334
 10
128583.4254261767
 20
57878.22331864334
 10
128583.4254261767
 20
58203.22331864336
  0
LWPOLYLINE
  5
1B27D3
330
1A
100
AcDbEntity
  8
0
100
AcDbPolyline
 90
        4
 70
     0
 43
0.0
 10
128983.4254261767
 20
58203.22331864336
 10
128983.4254261767
 20
57878.22331864334
 10
129103.4254261767
 20
57878.22331864334
 10
129103.4254261767
 20
58203.22331864336
  0
LWPOLYLINE
  5
1B27D4
330
1A
100
AcDbEntity
  8
0
100
AcDbPolyline
 90
        4
 70
     0
 43
0.0
 10
129503.4254261767
 20
58203.22331864336
 10
129503.4254261767
 20
57878.22331864334
 10
129623.4254261767
 20
57878.22331864334
 10
129623.4254261767
 20
58203.22331864336
  0
LWPOLYLINE
  5
1B27D5
330
1A
100
AcDbEntity
  8
0
100
AcDbPolyline
 90
        4
 70
     0
 43
0.0
 10
130023.4254261767
 20
58203.22331864336
 10
130023.4254261767
 20
57878.22331864334
 10
130143.4254261767
 20
57878.22331864334
 10
130143.4254261767
 20
58203.22331864336
  0
LWPOLYLINE
  5
1B27D6
330
1A
100
AcDbEntity
  8
0
100
AcDbPolyline
 90
        4
 70
     0
 43
0.0
 10
130543.4254261767
 20
58203.22331864336
 10
130543.4254261767
 20
57878.22331864334
 10
130663.4254261767
 20
57878.22331864334
 10
130663.4254261767
 20
58203.22331864336
  0
LWPOLYLINE
  5
1B27D7
330
1A
100
AcDbEntity
  8
0
100
AcDbPolyline
 90
        4
 70
     0
 43
0.0
 10
131063.4254261767
 20
58203.22331864336
 10
131063.4254261767
 20
57878.22331864334
 10
131183.4254261767
 20
57878.22331864334
 10
131183.4254261767
 20
58203.22331864336
  0
LEADER
  5
1B27D8
330
1A
100
AcDbEntity
  8
Kich thuoc
100
AcDbLeader
  3
Dim 500
 76
     2
 10
111329.5885205645
 20
56711.34001148422
 30
0.0
 10
110045.1533049349
 20
56711.34001152402
 30
0.0
  0
LEADER
  5
1B27D9
330
1A
100
AcDbEntity
  8
Kich thuoc
100
AcDbLeader
  3
Dim 500
 76
     2
 10
111556.4254784679
 20
56711.34000277846
 30
0.0
 10
110197.7241528991
 20
56711.34001151584
 30
0.0
  0
TEXT
  5
1B27DA
330
1A
100
AcDbEntity
  8
Text
100
AcDbText
 10
110052.0438557082
 20
56755.16945280826
 30
0.0
 40
80.0
  1
cäc èng thÐp (steel pile)
 41
0.65
100
AcDbText
  0
TEXT
  5
1B27DB
330
1A
100
AcDbEntity
  8
Text
100
AcDbText
 10
110052.0438557081
 20
56591.00874616257
 30
0.0
 40
80.0
  1
d1016, t=16mm, l=29m
 41
0.65
100
AcDbText
  0
LEADER
  5
1B27DC
330
1A
100
AcDbEntity
  8
Kich thuoc
100
AcDbLeader
  3
Dim 500
 76
     2
 10
113366.4254261767
 20
57073.761995079
 30
0.0
 10
111932.5001157611
 20
57073.76199509591
 30
0.0
  0
LEADER
  5
1B27DD
330
1A
100
AcDbEntity
  8
Kich thuoc
100
AcDbLeader
  3
Dim 500
 76
     2
 10
114491.4254263454
 20
57073.76199509391
 30
0.0
 10
112382.5001157635
 20
57073.761995097
 30
0.0
  0
TEXT
  5
1B27DE
330
1A
100
AcDbEntity
  8
Text
100
AcDbText
 10
110052.0438557083
 20
57117.5914364215
 30
0.0
 40
80.0
  1
cäc èng btct d­l (phc pile)
 41
0.65
100
AcDbText
  0
LEADER
  5
1B27DF
330
1A
100
AcDbEntity
  8
Kich thuoc
100
AcDbLeader
  3
Dim 500
 76
     2
 10
112766.4254261766
 20
57073.76199508154
 30
0.0
 10
111221.3401769075
 20
57073.76199509593
 30
0.0
  0
LEADER
  5
1B27E0
330
1A
100
AcDbEntity
  8
Kich thuoc
100
AcDbLeader
  3
Dim 500
 76
     2
 10
112166.4254261766
 20
57073.76199508154
 30
0.0
 10
110036.5661262293
 20
57073.76199509475
 30
0.0
  0
TEXT
  5
1B27E1
330
1A
100
AcDbEntity
  8
Text
100
AcDbText
 10
110052.0438557081
 20
56953.4307297758
 30
0.0
 40
80.0
  1
d(80-54), l=28m
 41
0.65
100
AcDbText
  0
LEADER
  5
1B27E2
330
1A
100
AcDbEntity
  8
Kich thuoc
100
AcDbLeader
  3
Dim 500
 76
     2
 10
115541.4254263485
 20
57073.76199508752
 30
0.0
 10
113982.5001157635
 20
57073.761995097
 30
0.0
  0
LEADER
  5
1B27E3
330
1A
100
AcDbEntity
  8
Kich thuoc
100
AcDbLeader
  3
Dim 500
 76
     2
 10
116066.4254261797
 20
57073.76199508324
 30
0.0
 10
114501.4552190116
 20
57073.761995097
 30
0.0
  0
LEADER
  5
1B27E4
330
1A
100
AcDbEntity
  8
Kich thuoc
100
AcDbLeader
  3
Dim 500
 76
     2
 10
115016.4254263484
 20
57073.76199505757
 30
0.0
 10
113432.5001157635
 20
57073.76199507195
 30
0.0
  0
LEADER
  5
1B27E5
330
1A
100
AcDbEntity
  8
Hatch
100
AcDbLeader
  3
Dim 500
 76
     2
 10
111341.4254261767
 20
57073.76199508749
 30
0.0
 10
110036.5661262293
 20
57073.76199509475
 30
0.0
  0
LEADER
  5
1B27E6
330
1A
100
AcDbEntity
  8
Kich thuoc
100
AcDbLeader
  3
Le 500
 76
     3
 10
123017.1769353002
 20
58283.22331864334
 30
0.0
 10
123154.9848474842
 20
58540.50125305199
 30
0.0
 10
124157.1187528298
 20
58540.50125305197
 30
0.0
211
-1.0
221
0.0
231
0.0
1001
ACAD
1000
DSTYLE
1002
{
1070
    77
1070
     0
1070
   176
1070
   256
1002
}
  0
LEADER
  5
1B27E7
330
1A
100
AcDbEntity
  8
Kich thuoc
100
AcDbLeader
  3
Le 500
 76
     3
 10
118536.4472296361
 20
58369.72331864332
 30
0.0
 10
118761.4740431925
 20
58540.50125305199
 30
0.0
 10
119359.7907340167
 20
58540.50125305197
 30
0.0
211
-1.0
221
0.0
231
0.0
1001
ACAD
1000
DSTYLE
1002
{
1070
    77
1070
     0
1070
   176
1070
   256
1002
}
  0
TEXT
  5
1B27E8
330
1A
100
AcDbEntity
  8
Text
100
AcDbText
 10
118791.3533943396
 20
58582.76535718851
 30
0.0
 40
80.0
  1
bÝch neo 30t
 41
0.65
 72
     2
 11
119353.4486324348
 21
58582.76535718851
 31
0.0
100
AcDbText
  0
TEXT
  5
1B27E9
330
1A
100
AcDbEntity
  8
Text
100
AcDbText
 10
110814.2169036085
 20
55595.50568504354
 30
0.0
 40
80.0
  1
-21.91
 41
0.65
 72
     2
 11
111054.4073797989
 21
55595.50568504354
 31
0.0
100
AcDbText
  0
HATCH
  5
1B27EA
330
1A
100
AcDbEntity
  8
Dia chat
100
AcDbHatch
 10
0.0
 20
0.0
 30
0.0
210
0.0
220
0.0
230
1.0
  2
ANSI34
 70
     0
 71
     0
 91
        2
 92
        7
 72
     0
 73
     1
 93
        4
 10
111271.4254261768
 20
55553.22331864333
 10
109755.1610812685
 20
55553.22331864333
 10
109755.1610812685
 20
55353.22331864334
 10
111271.4254261768
 20
55353.22331864333
 97
        0
 92
       24
 93
        4
 72
     1
 10
110784.3121417037
 20
55375.50568504354
 11
111074.407379799
 21
55375.50568504354
 72
     1
 10
111074.407379799
 20
55375.50568504354
 11
111074.407379799
 21
55495.50568504354
 72
     1
 10
111074.407379799
 20
55495.50568504354
 11
110784.3121417037
 21
55495.50568504354
 72
     1
 10
110784.3121417037
 20
55495.50568504354
 11
110784.3121417037
 21
55375.50568504354
 97
        0
 75
     0
 76
     1
 52
90.0
 41
600.0
 77
     0
 78
     4
 53
135.0
 43
0.0
 44
-0.000000000007276
 45
-318.1980515339464
 46
-318.1980515339463
 79
     0
 53
135.0
 43
0.0
 44
106.0660169999901
 45
-318.1980515339464
 46
-318.1980515339463
 79
     0
 53
135.0
 43
0.0
 44
212.1320345999921
 45
-318.1980515339464
 46
-318.1980515339463
 79
     0
 53
135.0
 43
0.0
 44
318.1980515999894
 45
-318.1980515339464
 46
-318.1980515339463
 79
     0
 47
5.845574900677466
 98
        1
 10
110910.0228777592
 20
55456.86362091902
1001
ACAD
1010
0.0
1020
0.0
1030
0.0
  0
TEXT
  5
1B27EB
330
1A
100
AcDbEntity
  8
Text
100
AcDbText
 10
110804.3121417037
 20
55395.50568504354
 30
0.0
 40
80.0
  1
-23.91
 41
0.65
 72
     2
 11
111054.4073797989
 21
55395.50568504354
 31
0.0
100
AcDbText
  0
HATCH
  5
1B27EC
330
1A
100
AcDbEntity
  8
Dia chat
100
AcDbHatch
 10
0.0
 20
0.0
 30
0.0
210
0.0
220
0.0
230
1.0
  2
ANSI31
 70
     0
 71
     0
 91
        4
 92
       22
 72
     1
 73
     1
 93
        2
 10
116216.4254261766
 20
56993.62144737982
 42
-1.0
 10
116376.4254261766
 20
56993.62144737982
 42
-1.0
 97
        0
 92
      136
 93
        4
 72
     1
 10
116259.0920928433
 20
56933.62144737982
 11
116333.75875951
 21
56933.62144737982
 72
     1
 10
116333.75875951
 20
56933.62144737982
 11
116333.75875951
 21
57053.62144737981
 72
     1
 10
116333.75875951
 20
57053.62144737981
 11
116259.0920928433
 21
57053.62144737981
 72
     1
 10
116259.0920928433
 20
57053.62144737981
 11
116259.0920928433
 21
56933.62144737982
 97
        0
 92
       24
 93
        4
 72
     1
 10
120723.0520113342
 20
56637.0191835858
 11
121015.6234399057
 21
56637.0191835858
 72
     1
 10
121015.6234399057
 20
56637.0191835858
 11
121015.6234399057
 21
56757.01918358581
 72
     1
 10
121015.6234399057
 20
56757.01918358581
 11
120723.0520113342
 21
56757.01918358581
 72
     1
 10
120723.0520113342
 20
56757.01918358581
 11
120723.0520113342
 21
56637.0191835858
 97
        0
 92
        1
 93
       11
 72
     1
 10
116783.8213979406
 20
57283.22331858879
 11
114471.0308497217
 21
56820.27521032269
 72
     1
 10
114471.0308497217
 20
56820.27521032269
 11
115258.9254261765
 21
56799.00456864335
 72
     1
 10
115258.9254261765
 20
56799.00456864335
 11
116216.3082386763
 21
56763.93034989339
 72
     1
 10
116216.3082386763
 20
56763.93034989339
 11
117140.1754261754
 21
56723.72331864334
 72
     1
 10
117140.1754261754
 20
56723.72331864334
 11
117958.5738636759
 21
56683.51628739332
 72
     1
 10
117958.5738636759
 20
56683.51628739332
 11
118599.5504261764
 21
56648.44206864334
 72
     1
 10
118599.5504261764
 20
56648.44206864334
 11
118991.1519886765
 21
56623.63347489334
 72
     1
 10
118991.1519886765
 20
56623.63347489334
 11
119061.4254261765
 21
56614.22331864333
 72
     1
 10
119061.4254261765
 20
56614.22331864333
 11
121301.4254261765
 21
56614.22331864348
 72
     1
 10
121301.4254261765
 20
56614.22331864348
 11
121301.4254261765
 21
57283.22331858879
 72
     1
 10
121301.4254261765
 20
57283.22331858879
 11
116783.8213979406
 21
57283.22331858879
 97
        0
 75
     0
 76
     1
 52
90.0
 41
800.0
 77
     0
 78
     1
 53
135.0
 43
0.0
 44
-0.000000000007276
 45
-70.71067811865475
 46
-70.71067811865474
 79
     0
 47
6.847034652020121
 98
        2
 10
120119.297654181
 20
56965.11213583428
 10
120119.297654181
 20
56965.11213583428
1001
ACAD
1010
0.0
1020
0.0
1030
0.0
  0
TEXT
  5
1B27ED
330
1A
100
AcDbEntity
  8
Text
100
AcDbText
 10
120743.0520113343
 20
56657.0191835858
 30
0.0
 40
80.0
  1
-11.30
 41
0.65
 72
     2
 11
120995.6234399057
 21
56657.0191835858
 31
0.0
100
AcDbText
  0
TEXT
  5
1B27EE
330
1A
100
AcDbEntity
  8
Text
100
AcDbText
 10
116279.0920928433
 20
56953.62144737981
 30
0.0
 40
80.0
  1
2
 41
0.65
 72
     1
 11
116296.4254261767
 21
56993.62144737982
 31
0.0
100
AcDbText
 73
     2
  0
HATCH
  5
1B27EF
330
1A
100
AcDbEntity
  8
Dia chat
100
AcDbHatch
 10
0.0
 20
0.0
 30
0.0
210
0.0
220
0.0
230
1.0
  2
ANSI31
 70
     0
 71
     0
 91
        4
 92
        7
 72
     0
 73
     1
 93
       19
 10
121301.4254261765
 20
56614.22331864347
 10
119061.4254261763
 20
56614.22331864334
 10
118087.4092712663
 20
56619.36995212919
 10
117323.7928213343
 20
56622.05169926195
 10
116705.7713888733
 20
56621.31934129162
 10
116168.5402863868
 20
56616.22365946816
 10
115647.2948263723
 20
56605.81543504162
 10
115077.230321334
 20
56589.14544926193
 10
114393.5420837699
 20
56565.26448337919
 10
113531.4254261777
 20
56533.22331864334
 10
114315.7035388159
 20
56510.9527296383
 10
115040.4632508511
 20
56475.93065308739
 10
115722.1740322053
 20
56431.66077405004
 10
116377.3053528063
 20
56381.6467775855
 10
117022.3266825819
 20
56329.39234875317
 10
117673.7074914449
 20
56278.40117261264
 10
118347.9172493379
 20
56232.17693422272
 10
119061.4254261755
 20
56194.22331864334
 10
121301.4254261765
 20
56194.22331864333
 97
        0
 92
       22
 72
     1
 73
     1
 93
        2
 10
119347.9172140353
 20
56382.84352044562
 42
-1.0
 10
119187.9172140353
 20
56382.84352044562
 42
-1.0
 97
        0
 92
      136
 93
        4
 72
     1
 10
119230.583880702
 20
56322.84352044562
 11
119305.2505473687
 21
56322.84352044562
 72
     1
 10
119305.2505473687
 20
56322.84352044562
 11
119305.2505473687
 21
56442.84352044563
 72
     1
 10
119305.2505473687
 20
56442.84352044563
 11
119230.583880702
 21
56442.84352044563
 72
     1
 10
119230.583880702
 20
56442.84352044563
 11
119230.583880702
 21
56322.84352044562
 97
        0
 92
       24
 93
        4
 72
     1
 10
120713.1472494295
 20
56217.01918358581
 11
121015.6234399057
 21
56217.01918358581
 72
     1
 10
121015.6234399057
 20
56217.01918358581
 11
121015.6234399057
 21
56337.0191835858
 72
     1
 10
121015.6234399057
 20
56337.0191835858
 11
120713.1472494295
 21
56337.0191835858
 72
     1
 10
120713.1472494295
 20
56337.0191835858
 11
120713.1472494295
 21
56217.01918358581
 97
        0
 75
     0
 76
     1
 52
0.0
 41
800.0
 77
     0
 78
     1
 53
45.0
 43
0.0
 44
-0.000000000007276
 45
-70.71067811865474
 46
70.71067811865475
 79
     0
 47
6.847034652020121
 98
        2
 10
120242.6619103696
 20
56554.29005799948
 10
120242.6619103696
 20
56554.29005799948
1001
ACAD
1010
0.0
1020
0.0
1030
0.0
  0
TEXT
  5
1B27F0
330
1A
100
AcDbEntity
  8
Text
100
AcDbText
 10
120733.1472494295
 20
56237.0191835858
 30
0.0
 40
80.0
  1
-15.50
 41
0.65
 72
     2
 11
120995.6234399057
 21
56237.0191835858
 31
0.0
100
AcDbText
  0
HATCH
  5
1B27F1
330
1A
100
AcDbEntity
  8
Hatch
100
AcDbHatch
 10
0.0
 20
0.0
 30
0.0
210
0.0
220
0.0
230
1.0
  2
ANSI31
 70
     0
 71
     0
 91
        4
 92
        7
 72
     0
 73
     1
 93
       23
 10
121301.4254261765
 20
56194.22331864334
 10
119061.4254261756
 20
56194.22331864334
 10
117890.1700773922
 20
56236.06607564792
 10
116985.6684889749
 20
56266.92362529386
 10
116283.1159734261
 20
56287.72174883149
 10
115717.7078432421
 20
56299.38622751073
 10
115224.6394109263
 20
56302.84284258151
 10
114739.105988977
 20
56299.01737529387
 10
114196.3028898937
 20
56288.83560689783
 10
113531.4254261784
 20
56273.22331864332
 10
111923.4505183953
 20
56273.22331864332
 10
111291.4254261768
 20
56062.54828790381
 10
111291.4254261768
 20
55553.22331864333
 10
113531.4254261782
 20
55553.22331864333
 10
114339.9801136776
 20
55560.14128739334
 10
115258.9254261772
 20
55578.37956864331
 10
116216.3082386785
 20
55604.16472489336
 10
117140.1754261762
 20
55633.72331864337
 10
117958.5738636772
 20
55663.2819123933
 10
118599.5504261749
 20
55689.06706864331
 10
118991.1519886767
 20
55707.30534989334
 10
119061.4254261765
 20
55714.22331864333
 10
121301.4254261765
 20
55714.22331864318
 97
        0
 92
       22
 72
     1
 73
     1
 93
        2
 10
114665.3901396655
 20
55922.07952317321
 42
-1.0
 10
114825.3901396655
 20
55922.07952317321
 42
-1.0
 97
        0
 92
      136
 93
        4
 72
     1
 10
114709.2949015702
 20
55862.0795231732
 11
114781.4853777607
 21
55862.0795231732
 72
     1
 10
114781.4853777607
 20
55862.0795231732
 11
114781.4853777607
 21
55982.0795231732
 72
     1
 10
114781.4853777607
 20
55982.0795231732
 11
114709.2949015702
 21
55982.0795231732
 72
     1
 10
114709.2949015702
 20
55982.0795231732
 11
114709.2949015702
 21
55862.0795231732
 97
        0
 92
       24
 93
        4
 72
     1
 10
120703.2424875247
 20
55737.0191835858
 11
121015.6234399057
 21
55737.0191835858
 72
     1
 10
121015.6234399057
 20
55737.0191835858
 11
121015.6234399057
 21
55857.0191835858
 72
     1
 10
121015.6234399057
 20
55857.0191835858
 11
120703.2424875247
 21
55857.0191835858
 72
     1
 10
120703.2424875247
 20
55857.0191835858
 11
120703.2424875247
 21
55737.0191835858
 97
        0
 75
     0
 76
     1
 52
0.0
 41
800.0
 77
     0
 78
     1
 53
45.0
 43
0.0
 44
-0.000000000007276
 45
-70.71067811865474
 46
70.71067811865475
 79
     0
 47
8.656811933709807
 98
        2
 10
117543.0957353575
 20
55837.60355334598
 10
117543.0957353575
 20
55837.60355334598
1001
ACAD
1010
0.0
1020
0.0
1030
0.0
  0
TEXT
  5
1B27F2
330
1A
100
AcDbEntity
  8
Text
100
AcDbText
 10
120723.2424875247
 20
55757.0191835858
 30
0.0
 40
80.0
  1
-20.30
 41
0.65
 72
     2
 11
120995.6234399057
 21
55757.0191835858
 31
0.0
100
AcDbText
  0
TEXT
  5
1B27F3
330
1A
100
AcDbEntity
  8
Text
100
AcDbText
 10
114729.2949015702
 20
55882.0795231732
 30
0.0
 40
80.0
  1
9
 41
0.65
 72
     1
 11
114745.3901396655
 21
55922.07952317321
 31
0.0
100
AcDbText
 73
     2
  0
HATCH
  5
1B27F4
330
1A
100
AcDbEntity
  8
Dia chat
100
AcDbHatch
 10
0.0
 20
0.0
 30
0.0
210
0.0
220
0.0
230
1.0
  2
ANSI34
 70
     0
 71
     0
 91
        4
 92
        7
 72
     0
 73
     1
 93
       22
 10
121301.4254261765
 20
55714.22331864319
 10
119061.4254261766
 20
55714.22331864334
 10
118991.1519886766
 20
55707.30534989335
 10
118599.5504261762
 20
55689.06706864329
 10
117958.5738636786
 20
55663.28191239341
 10
117140.1754261769
 20
55633.7233186433
 10
116216.3082386786
 20
55604.16472489341
 10
115258.9254261773
 20
55578.37956864337
 10
114339.980113678
 20
55560.14128739332
 10
113531.4254261778
 20
55553.22331864333
 10
111291.4254261768
 20
55553.22331864333
 10
111291.4254261768
 20
55353.22331864334
 10
113531.4254261766
 20
55353.22331864334
 10
114339.9801136785
 20
55350.68816239335
 10
115258.9254261795
 20
55344.00456864335
 10
116216.3082386767
 20
55334.5553498934
 10
117140.1754261755
 20
55323.7233186434
 10
117958.5738636745
 20
55312.89128739332
 10
118599.5504261765
 20
55303.44206864339
 10
118991.1519886762
 20
55296.75847489333
 10
119061.4254261763
 20
55294.22331864333
 10
121301.4254261765
 20
55294.22331864333
 97
        0
 92
       22
 72
     1
 73
     1
 93
        2
 10
114665.3901396655
 20
55454.64154857634
 42
-1.0
 10
114825.3901396655
 20
55454.64154857634
 42
-1.0
 97
        0
 92
       24
 93
        4
 72
     1
 10
114688.2472825226
 20
55394.64154857633
 11
114802.5329968083
 21
55394.64154857633
 72
     1
 10
114802.5329968083
 20
55394.64154857633
 11
114802.5329968083
 21
55514.64154857633
 72
     1
 10
114802.5329968083
 20
55514.64154857633
 11
114688.2472825226
 21
55514.64154857633
 72
     1
 10
114688.2472825226
 20
55514.64154857633
 11
114688.2472825226
 21
55394.64154857633
 97
        0
 92
       24
 93
        4
 72
     1
 10
120703.2424875247
 20
55317.01918358581
 11
121015.6234399057
 21
55317.01918358581
 72
     1
 10
121015.6234399057
 20
55317.01918358581
 11
121015.6234399057
 21
55437.0191835858
 72
     1
 10
121015.6234399057
 20
55437.0191835858
 11
120703.2424875247
 21
55437.0191835858
 72
     1
 10
120703.2424875247
 20
55437.0191835858
 11
120703.2424875247
 21
55317.01918358581
 97
        0
 75
     0
 76
     1
 52
90.0
 41
600.0
 77
     0
 78
     4
 53
135.0
 43
0.0
 44
-0.000000000007276
 45
-318.1980515339464
 46
-318.1980515339463
 79
     0
 53
135.0
 43
0.0
 44
106.0660169999901
 45
-318.1980515339464
 46
-318.1980515339463
 79
     0
 53
135.0
 43
0.0
 44
212.1320345999921
 45
-318.1980515339464
 46
-318.1980515339463
 79
     0
 53
135.0
 43
0.0
 44
318.1980515999894
 45
-318.1980515339464
 46
-318.1980515339463
 79
     0
 47
8.656811933709807
 98
        2
 10
119692.03533734
 20
55378.79248151662
 10
119692.03533734
 20
55378.79248151662
1001
ACAD
1010
0.0
1020
0.0
1030
0.0
  0
TEXT
  5
1B27F5
330
1A
100
AcDbEntity
  8
Text
100
AcDbText
 10
120723.2424875247
 20
55337.0191835858
 30
0.0
 40
80.0
  1
-24.50
 41
0.65
 72
     2
 11
120995.6234399057
 21
55337.0191835858
 31
0.0
100
AcDbText
  0
TEXT
  5
1B27F6
330
1A
100
AcDbEntity
  8
Text
100
AcDbText
 10
114708.2472825226
 20
55414.64154857633
 30
0.0
 40
80.0
  1
10
 41
0.65
 72
     1
 11
114745.3901396655
 21
55454.64154857634
 31
0.0
100
AcDbText
 73
     2
  0
HATCH
  5
1B27F7
330
1A
100
AcDbEntity
  8
Hatch
100
AcDbHatch
 10
0.0
 20
0.0
 30
0.0
210
0.0
220
0.0
230
1.0
  2
CORK
 70
     0
 71
     0
 91
        5
 92
        7
 72
     0
 73
     1
 93
       21
 10
121301.4254261765
 20
55294.22331864333
 10
119061.4254261767
 20
55294.22331864333
 10
118991.1519886765
 20
55296.75847489334
 10
118599.5504261763
 20
55303.44206864334
 10
117561.3768677043
 20
55283.81408922883
 10
116757.6040413347
 20
55267.33606124304
 10
116128.8398572379
 20
55251.66167120945
 10
115615.6922255585
 20
55234.44460565134
 10
115158.7690564567
 20
55213.33855109226
 10
114698.6782600878
 20
55185.99719405558
 10
114519.2655015808
 20
55173.66574213534
 10
114548.9420842856
 20
54995.60624590668
 10
114489.7584488556
 20
54985.74230666839
 10
114459.1267883126
 20
55169.53226992645
 10
114176.0277466093
 20
55150.07422106482
 10
113537.5849878411
 20
55072.69781272086
 10
113523.092403499
 20
54985.74230666815
 10
113463.908768069
 20
54995.60624590645
 10
113475.5033599075
 20
55065.17379693764
 10
111726.0338040345
 20
54853.14590738693
 10
121301.4254261765
 20
54853.14590738692
 97
        0
 92
       22
 72
     1
 73
     1
 93
        2
 10
119187.9172140353
 20
55094.27553931577
 42
-1.0
 10
119347.9172140353
 20
55094.27553931577
 42
-1.0
 97
        0
 92
       25
 93
        4
 72
     1
 10
114345.6029891603
 20
55186.22446209227
 11
114369.112044345
 21
55045.17013098428
 72
     1
 10
114369.112044345
 20
55045.17013098428
 11
114265.5406823426
 21
55027.90823731721
 72
     1
 10
114265.5406823426
 20
55027.90823731721
 11
114242.031627158
 21
55168.9625684252
 72
     1
 10
114242.031627158
 20
55168.9625684252
 11
114345.6029891603
 21
55186.22446209227
 97
        0
 92
       24
 93
        4
 72
     1
 10
119210.7743568925
 20
55034.27553931577
 11
119325.0600711782
 21
55034.27553931577
 72
     1
 10
119325.0600711782
 20
55034.27553931577
 11
119325.0600711782
 21
55154.27553931577
 72
     1
 10
119325.0600711782
 20
55154.27553931577
 11
119210.7743568925
 21
55154.27553931577
 72
     1
 10
119210.7743568925
 20
55154.27553931577
 11
119210.7743568925
 21
55034.27553931577
 97
        0
 92
       24
 93
        4
 72
     1
 10
120703.2424875247
 20
55117.0191835858
 11
121015.6234399057
 21
55117.0191835858
 72
     1
 10
121015.6234399057
 20
55117.0191835858
 11
121015.6234399057
 21
55237.01918358581
 72
     1
 10
121015.6234399057
 20
55237.01918358581
 11
120703.2424875247
 21
55237.01918358581
 72
     1
 10
120703.2424875247
 20
55237.01918358581
 11
120703.2424875247
 21
55117.0191835858
 97
        0
 75
     0
 76
     1
 52
0.0
 41
800.0
 77
     0
 78
     4
 53
0.0
 43
0.0
 44
-0.000000000007276
 45
0.0
 46
100.0
 79
     0
 53
135.0
 43
50.0
 44
-50.00000000000728
 45
-199.9999996643937
 46
-199.9999996643937
 79
     2
 49
141.4213568
 49
-141.4213568
 53
135.0
 43
75.0
 44
-50.00000000000728
 45
-199.9999996643937
 46
-199.9999996643937
 79
     2
 49
141.4213568
 49
-141.4213568
 53
135.0
 43
100.0
 44
-50.00000000000728
 45
-199.9999996643937
 46
-199.9999996643937
 79
     2
 49
141.4213568
 49
-141.4213568
 47
10.55516668840185
 98
        2
 10
119830.375817362
 20
55097.66833056184
 10
119830.375817362
 20
55097.66833056184
1001
ACAD
1010
0.0
1020
0.0
1030
0.0
  0
TEXT
  5
1B27F8
330
1A
100
AcDbEntity
  8
Text
100
AcDbText
 10
120723.2424875247
 20
55137.0191835858
 30
0.0
 40
80.0
  1
-26.50
 41
0.65
 72
     2
 11
120995.6234399057
 21
55137.0191835858
 31
0.0
100
AcDbText
  0
HATCH
  5
1B27F9
330
1A
100
AcDbEntity
  8
Dia chat
100
AcDbHatch
 10
0.0
 20
0.0
 30
0.0
210
0.0
220
0.0
230
1.0
  2
ANSI33
 70
     0
 71
     0
 91
        5
 92
        7
 72
     0
 73
     1
 93
       20
 10
131351.4254261767
 20
57204.22331864334
 10
131111.4254261758
 20
57204.22331864334
 10
129398.5547409412
 20
57204.22331864333
 10
129039.0621449266
 20
57178.87175614334
 10
128645.0191761766
 20
57112.0358186433
 10
128001.366832427
 20
57017.54363114341
 10
127180.1754261762
 20
56909.22331864333
 10
126253.5152699266
 20
56800.9030061433
 10
125293.4566761764
 20
56706.41081864336
 10
124372.0699574261
 20
56639.57488114334
 10
123561.4254261764
 20
56614.22331864335
 10
124654.2075569191
 20
56625.74563708481
 10
125577.7441032382
 20
56625.13989287286
 10
126359.653267244
 20
56615.75264327112
 10
127027.5532510361
 20
56600.9304455432
 10
127609.0622567182
 20
56584.01985695286
 10
128131.7984864004
 20
56568.36743476371
 10
128623.3801421841
 20
56557.31973623927
 10
129111.4254261763
 20
56554.22331864333
 10
131351.4254261767
 20
56554.22331864333
 97
        0
 92
       22
 72
     1
 73
     1
 93
        2
 10
129205.2706195977
 20
56809.16884061465
 42
-1.0
 10
129365.2706195977
 20
56809.16884061465
 42
-1.0
 97
        0
 92
      136
 93
        4
 72
     1
 10
129247.9372862644
 20
56749.16884061466
 11
129322.603952931
 21
56749.16884061466
 72
     1
 10
129322.603952931
 20
56749.16884061466
 11
129322.603952931
 21
56869.16884061465
 72
     1
 10
129322.603952931
 20
56869.16884061465
 11
129247.9372862644
 21
56869.16884061465
 72
     1
 10
129247.9372862644
 20
56869.16884061465
 11
129247.9372862644
 21
56749.16884061466
 97
        0
 92
       24
 93
        4
 72
     1
 10
130716.2768261961
 20
56564.37416018497
 11
131008.8482547676
 21
56564.37416018497
 72
     1
 10
131008.8482547676
 20
56564.37416018497
 11
131008.8482547676
 21
56684.37416018496
 72
     1
 10
131008.8482547676
 20
56684.37416018496
 11
130716.2768261961
 21
56684.37416018496
 72
     1
 10
130716.2768261961
 20
56684.37416018496
 11
130716.2768261961
 21
56564.37416018497
 97
        0
 92
       24
 93
        4
 72
     1
 10
130745.9911119104
 20
57074.33962166314
 11
131008.8482547676
 21
57074.33962166314
 72
     1
 10
131008.8482547676
 20
57074.33962166314
 11
131008.8482547676
 21
57194.33962166315
 72
     1
 10
131008.8482547676
 20
57194.33962166315
 11
130745.9911119104
 21
57194.33962166315
 72
     1
 10
130745.9911119104
 20
57194.33962166315
 11
130745.9911119104
 21
57074.33962166314
 97
        0
 75
     0
 76
     1
 52
90.0
 41
800.0
 77
     0
 78
     2
 53
135.0
 43
0.0
 44
-0.000000000007276
 45
-141.4213562373095
 46
-141.4213562373095
 79
     0
 53
135.0
 43
0.0
 44
141.4213559999916
 45
-141.4213562373095
 46
-141.4213562373095
 79
     2
 49
100.0
 49
-50.0
 47
8.658486197567121
 98
        2
 10
129517.4173566942
 20
56805.90324486982
 10
129517.4173566942
 20
56805.90324486982
1001
ACAD
1010
0.0
1020
0.0
1030
0.0
  0
TEXT
  5
1B27FA
330
1A
100
AcDbEntity
  8
Text
100
AcDbText
 10
130765.9911119104
 20
57094.33962166314
 30
0.0
 40
80.0
  1
-5.40
 41
0.65
 72
     2
 11
130988.8482547676
 21
57094.33962166314
 31
0.0
100
AcDbText
  0
TEXT
  5
1B27FB
330
1A
100
AcDbEntity
  8
Text
100
AcDbText
 10
126319.0920928433
 20
56963.17518849589
 30
0.0
 40
80.0
  1
2
 41
0.65
 72
     1
 11
126336.4254261766
 21
57003.1751884959
 31
0.0
100
AcDbText
 73
     2
  0
TEXT
  5
1B27FC
330
1A
100
AcDbEntity
  8
Text
100
AcDbText
 10
130736.2768261961
 20
56584.37416018497
 30
0.0
 40
80.0
  1
-11.90
 41
0.65
 72
     2
 11
130988.8482547676
 21
56584.37416018497
 31
0.0
100
AcDbText
  0
HATCH
  5
1B27FD
330
1A
100
AcDbEntity
  8
Hatch
100
AcDbHatch
 10
0.0
 20
0.0
 30
0.0
210
0.0
220
0.0
230
1.0
  2
ANSI31
 70
     0
 71
     0
 91
        4
 92
        7
 72
     1
 73
     1
 93
       24
 10
131351.4254261767
 20
56554.22331864333
 42
0.0
 10
129111.4254261768
 20
56554.22331864333
 42
0.0
 10
128165.3533357479
 20
56527.20165808553
 42
0.0
 10
127340.3729257359
 20
56489.77421383094
 42
0.0
 10
126611.9843688497
 20
56444.57554352183
 42
0.0
 10
125955.687837802
 20
56394.24020480062
 42
0.0
 10
125346.9835053012
 20
56341.40275530977
 42
0.0
 10
124761.3715440569
 20
56288.69775269188
 42
0.0
 10
124174.3521267764
 20
56238.75975458867
 42
0.0
 10
123561.4254261758
 20
56194.22331864334
 42
0.0
 10
121321.4254261765
 20
56194.22331864334
 42
0.0
 10
121321.4254261765
 20
55714.22331864334
 42
0.0
 10
123561.4254261742
 20
55714.22331864334
 42
0.0
 10
124372.0699574207
 20
55712.50456864334
 42
0.0
 10
125293.456676177
 20
55707.97331864331
 42
0.0
 10
126253.5152699283
 20
55701.56706864333
 42
0.0
 10
127180.1754261875
 20
55694.22331864329
 42
0.0
 10
128001.3668324212
 20
55686.87956864341
 42
0.0
 10
128645.019176176
 20
55680.47331864333
 42
0.0
 10
129039.0621449265
 20
55675.94206864333
 42
0.0
 10
129111.4254261766
 20
55674.22331864333
 42
0.0
 10
129221.2537355764
 20
55674.22331864333
 42
-0.5002199149547991
 10
129349.287503619
 20
55674.22331864333
 42
0.0
 10
131351.4254261767
 20
55674.22331864333
 42
0.0
 97
        0
 92
       22
 72
     1
 73
     1
 93
        2
 10
129365.2706195977
 20
56002.83180823582
 42
-1.0
 10
129205.2706195977
 20
56002.83180823582
 42
-1.0
 97
        0
 92
      136
 93
        4
 72
     1
 10
129249.1753815024
 20
55942.83180823581
 11
129321.3658576929
 21
55942.83180823581
 72
     1
 10
129321.3658576929
 20
55942.83180823581
 11
129321.3658576929
 21
56062.83180823582
 72
     1
 10
129321.3658576929
 20
56062.83180823582
 11
129249.1753815024
 21
56062.83180823582
 72
     1
 10
129249.1753815024
 20
56062.83180823582
 11
129249.1753815024
 21
55942.83180823581
 97
        0
 92
        9
 93
        4
 72
     1
 10
130696.4673023866
 20
55672.64846481947
 11
131008.8482547676
 21
55672.64846481947
 72
     1
 10
131008.8482547676
 20
55672.64846481947
 11
131008.8482547676
 21
55792.64846481946
 72
     1
 10
131008.8482547676
 20
55792.64846481946
 11
130696.4673023866
 21
55792.64846481946
 72
     1
 10
130696.4673023866
 20
55792.64846481946
 11
130696.4673023866
 21
55672.64846481947
 97
        0
 75
     0
 76
     1
 52
0.0
 41
800.0
 77
     0
 78
     1
 53
45.0
 43
0.0
 44
-0.000000000007276
 45
-70.71067811865474
 46
70.71067811865475
 79
     0
 47
8.658486197567121
 98
        2
 10
129413.416321444
 20
56121.88287760638
 10
129413.416321444
 20
56121.88287760638
1001
ACAD
1010
0.0
1020
0.0
1030
0.0
  0
TEXT
  5
1B27FE
330
1A
100
AcDbEntity
  8
Text
100
AcDbText
 10
130716.4673023866
 20
55692.64846481947
 30
0.0
 40
80.0
  1
-20.70
 41
0.65
 72
     2
 11
130988.8482547676
 21
55692.64846481947
 31
0.0
100
AcDbText
  0
TEXT
  5
1B27FF
330
1A
100
AcDbEntity
  8
Text
100
AcDbText
 10
129269.1753815024
 20
55962.83180823581
 30
0.0
 40
80.0
  1
9
 41
0.65
 72
     1
 11
129285.2706195977
 21
56002.83180823582
 31
0.0
100
AcDbText
 73
     2
  0
HATCH
  5
1B2800
330
1A
100
AcDbEntity
  8
Hatch
100
AcDbHatch
 10
0.0
 20
0.0
 30
0.0
210
0.0
220
0.0
230
1.0
  2
ANSI36
 70
     0
 71
     0
 91
        3
 92
        7
 72
     1
 73
     1
 93
        5
 10
131351.4254261767
 20
55674.22331864333
 42
0.0
 10
129349.287503619
 20
55674.22331864333
 42
-0.1621873869171768
 10
129365.2706195977
 20
55626.24583892413
 42
-0.225499859919922
 10
129335.7998881261
 20
55564.22331864333
 42
0.0
 10
131351.4254261767
 20
55564.22331864332
 42
0.0
 97
        0
 92
        7
 72
     1
 73
     1
 93
       20
 10
129205.2706195977
 20
55626.24583892413
 42
-0.1621873869171768
 10
129221.2537355764
 20
55674.22331864333
 42
0.0
 10
129111.4254261767
 20
55674.22331864332
 42
0.0
 10
129039.062144926
 20
55675.94206864334
 42
0.0
 10
128645.0191761778
 20
55680.47331864323
 42
0.0
 10
128001.3668324124
 20
55686.87956864348
 42
0.0
 10
127180.1754261731
 20
55694.22331864326
 42
0.0
 10
126253.5152699133
 20
55701.56706864343
 42
0.0
 10
125293.4566761814
 20
55707.97331864328
 42
0.0
 10
124372.0699574262
 20
55712.50456864333
 42
0.0
 10
123561.4254261752
 20
55714.22331864333
 42
0.0
 10
124397.7541732041
 20
55693.90741683058
 42
0.0
 10
125147.4647649489
 20
55671.3242561114
 42
0.0
 10
125833.4978866219
 20
55647.8311661977
 42
0.0
 10
126478.7942234239
 20
55624.78547680195
 42
0.0
 10
127106.294460573
 20
55603.54451763667
 42
0.0
 10
127738.9392832757
 20
55585.46561841356
 42
0.0
 10
128399.6693767421
 20
55571.90610884497
 42
0.0
 10
129111.4254261762
 20
55564.22331864333
 42
0.0
 10
129234.7413510692
 20
55564.22331864333
 42
-0.225499859919922
 97
        0
 92
        9
 93
        4
 72
     1
 10
130706.3720642914
 20
55562.64846481947
 11
131008.8482547676
 21
55562.64846481947
 72
     1
 10
131008.8482547676
 20
55562.64846481947
 11
131008.8482547676
 21
55682.64846481946
 72
     1
 10
131008.8482547676
 20
55682.64846481946
 11
130706.3720642914
 21
55682.64846481946
 72
     1
 10
130706.3720642914
 20
55682.64846481946
 11
130706.3720642914
 21
55562.64846481947
 97
        0
 75
     0
 76
     1
 52
90.0
 41
800.0
 77
     0
 78
     1
 53
135.0
 43
0.0
 44
-0.000000000007276
 45
-194.4543648263005
 46
53.03300858899109
 79
     4
 49
250.0
 49
-50.0
 49
0.0
 49
-50.0
 47
8.658486197567121
 98
        2
 10
130566.0947245797
 20
55654.3245924927
 10
128867.4107289129
 20
55611.03216418488
1001
ACAD
1010
0.0
1020
0.0
1030
0.0
  0
TEXT
  5
1B2801
330
1A
100
AcDbEntity
  8
Text
100
AcDbText
 10
130726.3720642914
 20
55582.64846481947
 30
0.0
 40
80.0
  1
-21.80
 41
0.65
 72
     2
 11
130988.8482547676
 21
55582.64846481947
 31
0.0
100
AcDbText
  0
HATCH
  5
1B2802
330
1A
100
AcDbEntity
  8
Dia chat
100
AcDbHatch
 10
0.0
 20
0.0
 30
0.0
210
0.0
220
0.0
230
1.0
  2
ANSI34
 70
     0
 71
     0
 91
        3
 92
        7
 72
     1
 73
     1
 93
        6
 10
131351.4254261767
 20
55564.22331864333
 42
0.0
 10
129335.7998881261
 20
55564.22331864333
 42
-0.0114490767510572
 10
129332.9076288009
 20
55561.97519746032
 42
-0.2375622666647344
 10
129365.2706195977
 20
55497.70455599652
 42
-0.1446512981213418
 10
129352.422551798
 20
55454.22331864333
 42
0.0
 10
131351.4254261767
 20
55454.22331864333
 42
0.0
 97
        0
 92
        7
 72
     1
 73
     1
 93
       24
 10
129205.2706195977
 20
55497.70455599652
 42
-0.2375622666647344
 10
129237.6336103944
 20
55561.97519746032
 42
-0.0114490767510572
 10
129234.7413510692
 20
55564.22331864333
 42
0.0
 10
129111.4254261761
 20
55564.22331864333
 42
0.0
 10
128399.6693767427
 20
55571.90610884497
 42
0.0
 10
127738.9392832773
 20
55585.4656184135
 42
0.0
 10
127106.2944605749
 20
55603.54451763664
 42
0.0
 10
126478.7942234263
 20
55624.78547680236
 42
0.0
 10
125833.4978866197
 20
55647.83116619775
 42
0.0
 10
125147.4647649467
 20
55671.32425611137
 42
0.0
 10
124397.7541732021
 20
55693.9074168307
 42
0.0
 10
123561.4254261754
 20
55714.22331864334
 42
0.0
 10
121321.4254261765
 20
55714.22331864334
 42
0.0
 10
121321.4254261765
 20
55294.22331864333
 42
0.0
 10
123561.4254261752
 20
55294.22331864334
 42
0.0
 10
124372.0699574267
 20
55301.09831864334
 42
0.0
 10
125293.4566761764
 20
55319.22331864335
 42
0.0
 10
126253.5152699257
 20
55344.84831864332
 42
0.0
 10
127180.1754261737
 20
55374.22331864325
 42
0.0
 10
128001.3668324281
 20
55403.59831864337
 42
0.0
 10
128645.0191761769
 20
55429.22331864337
 42
0.0
 10
129039.0621449264
 20
55447.34831864332
 42
0.0
 10
129111.4254261767
 20
55454.22331864333
 42
0.0
 10
129218.1186873974
 20
55454.22331864333
 42
-0.1446512981213418
 97
        0
 92
        9
 93
        4
 72
     1
 10
130696.4673023866
 20
55452.64846481947
 11
131008.8482547676
 21
55452.64846481947
 72
     1
 10
131008.8482547676
 20
55452.64846481947
 11
131008.8482547676
 21
55572.64846481946
 72
     1
 10
131008.8482547676
 20
55572.64846481946
 11
130696.4673023866
 21
55572.64846481946
 72
     1
 10
130696.4673023866
 20
55572.64846481946
 11
130696.4673023866
 21
55452.64846481947
 97
        0
 75
     0
 76
     1
 52
90.0
 41
800.0
 77
     0
 78
     4
 53
135.0
 43
0.0
 44
-0.000000000007276
 45
-424.2640687119285
 46
-424.2640687119284
 79
     0
 53
135.0
 43
0.0
 44
141.4213559999916
 45
-424.2640687119285
 46
-424.2640687119284
 79
     0
 53
135.0
 43
0.0
 44
282.8427127999894
 45
-424.2640687119285
 46
-424.2640687119284
 79
     0
 53
135.0
 43
0.0
 44
424.2640687999956
 45
-424.2640687119285
 46
-424.2640687119284
 79
     0
 47
8.658486197567121
 98
        2
 10
129439.4166117501
 20
55515.7888219077
 10
128893.411019219
 20
55489.81336492301
1001
ACAD
1010
0.0
1020
0.0
1030
0.0
  0
TEXT
  5
1B2803
330
1A
100
AcDbEntity
  8
Text
100
AcDbText
 10
130716.4673023866
 20
55472.64846481946
 30
0.0
 40
80.0
  1
-22.90
 41
0.65
 72
     2
 11
130988.8482547676
 21
55472.64846481946
 31
0.0
100
AcDbText
  0
TEXT
  5
1B2804
330
1A
100
AcDbEntity
  8
Text
100
AcDbText
 10
129248.1277624548
 20
55457.70455599653
 30
0.0
 40
80.0
  1
10
 41
0.65
 72
     1
 11
129285.2706195977
 21
55497.70455599652
 31
0.0
100
AcDbText
 73
     2
  0
TEXT
  5
1B2805
330
1A
100
AcDbEntity
  8
Text
100
AcDbText
 10
129267.9372862644
 20
56769.16884061466
 30
0.0
 40
80.0
  1
7
 41
0.65
 72
     1
 11
129285.2706195977
 21
56809.16884061465
 31
0.0
100
AcDbText
 73
     2
  0
TEXT
  5
1B2806
330
1A
100
AcDbEntity
  8
Text
100
AcDbText
 10
119250.583880702
 20
56342.84352044562
 30
0.0
 40
80.0
  1
8
 41
0.65
 72
     1
 11
119267.9172140353
 21
56382.84352044562
 31
0.0
100
AcDbText
 73
     2
  0
TEXT
  5
1B2807
330
1A
100
AcDbEntity
  8
Text
100
AcDbText
 10
129248.1277624548
 20
55586.24583892413
 30
0.0
 40
80.0
  1
15
 41
0.65
 72
     1
 11
129285.2706195977
 21
55626.24583892413
 31
0.0
100
AcDbText
 73
     2
  0
HATCH
  5
1B2808
330
1A
100
AcDbEntity
  8
Hatch
100
AcDbHatch
 10
0.0
 20
0.0
 30
0.0
210
0.0
220
0.0
230
1.0
  2
CORK
 70
     0
 71
     0
 91
        9
 92
       22
 72
     1
 73
     1
 93
        2
 10
112996.0201697294
 20
55236.87896522743
 42
-1.0
 10
113156.0201697294
 20
55236.87896522743
 42
-1.0
 97
        0
 92
       22
 72
     0
 73
     1
 93
        4
 10
111187.2080085482
 20
55279.19449900798
 10
111137.8883123566
 20
54983.27632185839
 10
111049.1128592117
 20
54998.07223071589
 10
111098.4325554033
 20
55293.99040786547
 97
        0
 92
       24
 93
        4
 72
     1
 10
110782.733032878
 20
55122.05167820718
 11
110806.2420880616
 21
55263.10600931537
 72
     1
 10
110806.2420880616
 20
55263.10600931537
 11
110909.8134500641
 21
55245.84411564917
 72
     1
 10
110909.8134500641
 20
55245.84411564917
 11
110886.3043948805
 21
55104.78978454098
 72
     1
 10
110886.3043948805
 20
55104.78978454098
 11
110782.733032878
 21
55122.05167820718
 97
        0
 92
       24
 93
        4
 72
     1
 10
111939.6769632328
 20
55185.28404247451
 11
111963.1860184175
 21
55044.22971136651
 72
     1
 10
111963.1860184175
 20
55044.22971136651
 11
111859.6146564151
 21
55026.96781769945
 72
     1
 10
111859.6146564151
 20
55026.96781769945
 11
111836.1056012304
 21
55168.02214880744
 72
     1
 10
111836.1056012304
 20
55168.02214880744
 11
111939.6769632328
 21
55185.28404247451
 97
        0
 92
       24
 93
        4
 72
     1
 10
113184.605851298
 20
55121.7395418038
 11
113208.1149064814
 21
55262.793872912
 72
     1
 10
113208.1149064814
 20
55262.793872912
 11
113311.686268484
 21
55245.5319792458
 72
     1
 10
113311.686268484
 20
55245.5319792458
 11
113288.1772133005
 21
55104.4776481376
 72
     1
 10
113288.1772133005
 20
55104.4776481376
 11
113184.605851298
 21
55121.7395418038
 97
        0
 92
       24
 93
        4
 72
     1
 10
114345.6029891603
 20
55186.22446209227
 11
114369.112044345
 21
55045.17013098428
 72
     1
 10
114369.112044345
 20
55045.17013098428
 11
114265.5406823426
 21
55027.90823731721
 72
     1
 10
114265.5406823426
 20
55027.90823731721
 11
114242.031627158
 21
55168.9625684252
 72
     1
 10
114242.031627158
 20
55168.9625684252
 11
114345.6029891603
 21
55186.22446209227
 97
        0
 92
      136
 93
        4
 72
     1
 10
113030.0201697294
 20
55176.87896522743
 11
113122.0201697294
 21
55176.87896522743
 72
     1
 10
113122.0201697294
 20
55176.87896522743
 11
113122.0201697294
 21
55296.87896522744
 72
     1
 10
113122.0201697294
 20
55296.87896522744
 11
113030.0201697294
 21
55296.87896522744
 72
     1
 10
113030.0201697294
 20
55296.87896522744
 11
113030.0201697294
 21
55176.87896522743
 97
        0
 92
        1
 93
       21
 72
     1
 10
111291.4254261768
 20
55353.22331864334
 11
111291.4254261768
 21
54853.14590738693
 72
     1
 10
111291.4254261768
 20
54853.14590738693
 11
111726.0338040345
 21
54853.14590738692
 72
     1
 10
111726.0338040345
 20
54853.14590738692
 11
113475.5033599075
 21
55065.17379693764
 72
     1
 10
113475.5033599075
 20
55065.17379693764
 11
113513.2284642606
 21
55291.52442305606
 72
     1
 10
113513.2284642606
 20
55291.52442305606
 11
113572.4120996906
 21
55281.66048381772
 72
     1
 10
113572.4120996906
 20
55281.66048381772
 11
113537.5849878411
 21
55072.69781272085
 72
     1
 10
113537.5849878411
 20
55072.69781272085
 11
114176.0277466095
 21
55150.07422106483
 72
     1
 10
114176.0277466095
 20
55150.07422106483
 11
114698.678260088
 21
55185.99719405558
 72
     1
 10
114698.678260088
 20
55185.99719405558
 11
115158.7690564577
 21
55213.33855109231
 72
     1
 10
115158.7690564577
 20
55213.33855109231
 11
115615.6922255579
 21
55234.44460565136
 72
     1
 10
115615.6922255579
 20
55234.44460565136
 11
116128.839857239
 21
55251.66167120952
 72
     1
 10
116128.839857239
 20
55251.66167120952
 11
116757.6040413371
 21
55267.33606124306
 72
     1
 10
116757.6040413371
 20
55267.33606124306
 11
117561.3768677039
 21
55283.81408922887
 72
     1
 10
117561.3768677039
 20
55283.81408922887
 11
118599.5504261761
 21
55303.44206864333
 72
     1
 10
118599.5504261761
 20
55303.44206864333
 11
117958.5738636754
 21
55312.89128739339
 72
     1
 10
117958.5738636754
 20
55312.89128739339
 11
117140.1754261774
 21
55323.72331864335
 72
     1
 10
117140.1754261774
 20
55323.72331864335
 11
116216.3082386752
 21
55334.55534989337
 72
     1
 10
116216.3082386752
 20
55334.55534989337
 11
115258.9254261756
 21
55344.00456864334
 72
     1
 10
115258.9254261756
 20
55344.00456864334
 11
114339.9801136791
 21
55350.68816239332
 72
     1
 10
114339.9801136791
 20
55350.68816239332
 11
113531.4254261771
 21
55353.22331864334
 72
     1
 10
113531.4254261771
 20
55353.22331864334
 11
111291.4254261768
 21
55353.22331864334
 97
        0
 92
        1
 93
        4
 72
     1
 10
111271.4254261768
 20
54853.14590738693
 11
111271.4254261768
 21
55353.22331864334
 72
     1
 10
111271.4254261768
 20
55353.22331864334
 11
109755.1610812685
 21
55353.22331864333
 72
     1
 10
109755.1610812685
 20
55353.22331864333
 11
109755.1610812685
 21
54853.14590738693
 72
     1
 10
109755.1610812685
 20
54853.14590738693
 11
111271.4254261768
 21
54853.14590738693
 97
        0
 75
     0
 76
     1
 52
45.0
 41
800.0
 77
     0
 78
     4
 53
45.0
 43
0.0
 44
-0.000000000007276
 45
-70.71067811865474
 46
70.71067811865475
 79
     0
 53
180.0
 43
70.71067811865941
 44
-0.000000000007276
 45
-0.0000000000000568
 46
-282.842712
 79
     2
 49
141.4213568
 49
-141.4213568
 53
180.0
 43
88.388347648317
 44
17.67766952965757
 45
-0.0000000000000568
 46
-282.842712
 79
     2
 49
141.4213568
 49
-141.4213568
 53
180.0
 43
106.0660171779891
 44
35.35533905932243
 45
-0.0000000000000568
 46
-282.842712
 79
     2
 49
141.4213568
 49
-141.4213568
 47
10.55330631506589
 98
        3
 10
112623.7822412185
 20
55096.04897932562
 10
112623.7822412185
 20
55096.04897932562
 10
112623.7822412185
 20
55096.04897932562
1001
ACAD
1010
0.0
1020
0.0
1030
0.0
  0
TEXT
  5
1B2809
330
1A
100
AcDbEntity
  8
Text
100
AcDbText
 10
113050.0201697294
 20
55196.87896522743
 30
0.0
 40
80.0
  1
11
 41
0.65
 72
     1
 11
113076.0201697294
 21
55236.87896522743
 31
0.0
100
AcDbText
 73
     2
  0
TEXT
  5
1B280A
330
1A
100
AcDbEntity
  8
Text
100
AcDbText
 10
119230.7743568925
 20
55054.27553931577
 30
0.0
 40
80.0
  1
12
 41
0.65
 72
     1
 11
119267.9172140353
 21
55094.27553931577
 31
0.0
100
AcDbText
 73
     2
  0
TEXT
  5
1B280B
330
1A
100
AcDbEntity
  8
Text
100
AcDbText
 10
111226.9492357001
 20
54604.01595419592
 30
0.0
 40
80.0
  1
tk1
 41
0.65
 72
     1
 11
111281.4254261763
 21
54644.01595419593
 31
0.0
100
AcDbText
 73
     2
  0
LWPOLYLINE
  5
1B280C
330
1A
100
AcDbEntity
  8
BORDER
100
AcDbPolyline
 90
        2
 70
     0
 43
0.0
 10
113531.4254261768
 20
56533.2233186433
 10
113036.9804884168
 20
56533.2233186433
  0
LWPOLYLINE
  5
1B280D
330
1A
100
AcDbEntity
  8
BORDER
100
AcDbPolyline
 90
        2
 70
     0
 43
0.0
 10
109755.1610812685
 20
55553.22331864333
 10
111271.4254261768
 20
55553.22331864333
  0
LWPOLYLINE
  5
1B280E
330
1A
100
AcDbEntity
  8
BORDER
100
AcDbPolyline
 90
        2
 70
     0
 43
0.0
 10
109755.1610812685
 20
55353.22331864334
 10
111271.4254261768
 20
55353.22331864334
  0
LWPOLYLINE
  5
1B280F
330
1A
100
AcDbEntity
  8
BORDER
100
AcDbPolyline
 90
        2
 70
     0
 43
0.0
 10
123561.4254261756
 20
55714.22331864334
 10
121321.4254261765
 20
55714.22331864334
  0
LWPOLYLINE
  5
1B2810
330
1A
100
AcDbEntity
  8
BORDER
100
AcDbPolyline
 90
        2
 70
     0
 43
0.0
 10
119061.4254261756
 20
56194.22331864334
 10
121301.4254261765
 20
56194.22331864334
  0
HATCH
  5
1B2811
330
1A
100
AcDbEntity
  8
Dia chat
100
AcDbHatch
 10
0.0
 20
0.0
 30
0.0
210
0.0
220
0.0
230
1.0
  2
ANSI31
 70
     0
 71
     0
 91
        2
 92
        7
 72
     0
 73
     1
 93
       19
 10
127340.3729257356
 20
56489.77421383094
 10
128165.3533357474
 20
56527.20165808554
 10
129111.4254261765
 20
56554.22331864333
 10
128623.3801421842
 20
56557.31973623926
 10
128131.7984864005
 20
56568.36743476366
 10
127609.0622567182
 20
56584.01985695286
 10
127027.5532510328
 20
56600.93044554327
 10
126359.6532672451
 20
56615.75264327108
 10
125577.7441032401
 20
56625.13989287284
 10
124654.2075569188
 20
56625.74563708483
 10
123561.4254261753
 20
56614.22331864334
 10
121321.4254261765
 20
56614.22331864335
 10
121321.4254261765
 20
56194.22331864334
 10
123561.4254261756
 20
56194.22331864334
 10
124174.3521267759
 20
56238.75975458866
 10
124761.3715440548
 20
56288.69775269163
 10
125346.9835053008
 20
56341.40275530976
 10
125955.6878378029
 20
56394.24020480076
 10
126611.9843688495
 20
56444.57554352177
 97
        0
 92
       16
 93
        1
 72
     2
 10
123314.6375083769
 20
56382.84352044562
 40
80.0
 50
0.0
 51
360.0
 73
     1
 97
        0
 75
     0
 76
     1
 52
0.0
 41
800.0
 77
     0
 78
     1
 53
45.0
 43
0.0
 44
-0.000000000007276
 45
-70.71067811865474
 46
70.71067811865475
 79
     0
 47
3.793050100708024
 98
        2
 10
0.0
 20
-0.000000000007276
 10
123996.6943392835
 20
56450.90533274576
1001
ACAD
1010
0.0
1020
0.0
1030
0.0
  0
LWPOLYLINE
  5
1B2812
330
1A
100
AcDbEntity
  8
BORDER
100
AcDbPolyline
 90
        2
 70
     0
 43
0.0
 10
123561.4254261756
 20
56614.22331864334
 10
121321.4254261765
 20
56614.22331864334
  0
LWPOLYLINE
  5
1B2813
330
1A
100
AcDbEntity
  8
BORDER
100
AcDbPolyline
 90
        2
 70
     0
 43
0.0
 10
119061.4254261765
 20
56614.22331864334
 10
121301.4254261765
 20
56614.22331864348
  0
LWPOLYLINE
  5
1B2814
330
1A
100
AcDbEntity
  8
BORDER
100
AcDbPolyline
 90
        2
 70
     0
 43
0.0
 10
132561.0866352221
 20
56554.22331864333
 10
131371.4254261767
 20
56554.22331864333
  0
LWPOLYLINE
  5
1B2815
330
1A
100
AcDbEntity
  8
BORDER
100
AcDbPolyline
 90
        2
 70
     0
 43
0.0
 10
129111.4254261767
 20
56554.22331864333
 10
131351.4254261767
 20
56554.22331864333
  0
LWPOLYLINE
  5
1B2816
330
1A
100
AcDbEntity
  8
BORDER
100
AcDbPolyline
 90
        2
 70
     0
 43
0.0
 10
132561.0866352221
 20
55674.22331864333
 10
131371.4254261767
 20
55674.22331864333
  0
LWPOLYLINE
  5
1B2817
330
1A
100
AcDbEntity
  8
BORDER
100
AcDbPolyline
 90
        2
 70
     0
 43
0.0
 10
132561.0866352221
 20
55564.22331864333
 10
131371.4254261767
 20
55564.22331864333
  0
HATCH
  5
1B2818
330
1A
100
AcDbEntity
  8
Hatch
100
AcDbHatch
 10
0.0
 20
0.0
 30
0.0
210
0.0
220
0.0
230
1.0
  2
CORK
 70
     0
 71
     0
 91
        1
 92
        7
 72
     0
 73
     1
 93
       16
 10
123863.7182215463
 20
55108.45102579191
 10
124173.3527744043
 20
55130.67929370275
 10
124522.7581889182
 20
55160.39986597342
 10
124944.3635692693
 20
55197.10448620143
 10
125470.5980196244
 20
55240.284897985
 10
126133.8906441524
 20
55289.43284492123
 10
126966.6705470307
 20
55344.04007060826
 10
128001.3668324264
 20
55403.59831864334
 10
127180.1754261752
 20
55374.22331864331
 10
126253.5152699275
 20
55344.84831864331
 10
125293.456676176
 20
55319.22331864332
 10
124372.0699574263
 20
55301.09831864332
 10
123561.4254261765
 20
55294.22331864334
 10
121321.4254261765
 20
55294.22331864334
 10
121321.4254261765
 20
54853.14590738692
 10
121910.165277526
 20
54853.14590738691
 97
        0
 75
     0
 76
     1
 52
0.0
 41
800.0
 77
     0
 78
     4
 53
0.0
 43
0.0
 44
-0.000000000007276
 45
0.0
 46
100.0
 79
     0
 53
135.0
 43
50.0
 44
-50.00000000000728
 45
-199.9999996643937
 46
-199.9999996643937
 79
     2
 49
141.4213568
 49
-141.4213568
 53
135.0
 43
75.0
 44
-50.00000000000728
 45
-199.9999996643937
 46
-199.9999996643937
 79
     2
 49
141.4213568
 49
-141.4213568
 53
135.0
 43
100.0
 44
-50.00000000000728
 45
-199.9999996643937
 46
-199.9999996643937
 79
     2
 49
141.4213568
 49
-141.4213568
 47
5.872546205269665
 98
        1
 10
122656.6544862786
 20
55061.36102699917
1001
ACAD
1010
0.0
1020
0.0
1030
0.0
  0
LINE
  5
1B2819
330
1A
100
AcDbEntity
  8
BORDER
100
AcDbLine
 10
128001.3668324265
 20
55403.59831864334
 30
0.0
 11
126966.6705470301
 21
55344.0400706082
 31
0.0
  0
LINE
  5
1B281A
330
1A
100
AcDbEntity
  8
BORDER
100
AcDbLine
 10
126966.6705470301
 20
55344.0400706082
 30
0.0
 11
126133.8906441531
 21
55289.43284492132
 31
0.0
  0
LINE
  5
1B281B
330
1A
100
AcDbEntity
  8
BORDER
100
AcDbLine
 10
126133.8906441531
 20
55289.43284492132
 30
0.0
 11
125470.5980196238
 21
55240.28489798499
 31
0.0
  0
LINE
  5
1B281C
330
1A
100
AcDbEntity
  8
BORDER
100
AcDbLine
 10
125470.5980196238
 20
55240.28489798499
 30
0.0
 11
124944.3635692707
 21
55197.10448620156
 31
0.0
  0
LINE
  5
1B281D
330
1A
100
AcDbEntity
  8
BORDER
100
AcDbLine
 10
124944.3635692707
 20
55197.10448620156
 30
0.0
 11
124522.7581889214
 21
55160.39986597334
 31
0.0
  0
LINE
  5
1B281E
330
1A
100
AcDbEntity
  8
BORDER
100
AcDbLine
 10
124522.7581889214
 20
55160.39986597334
 30
0.0
 11
124173.3527744038
 21
55130.67929370269
 31
0.0
  0
LINE
  5
1B281F
330
1A
100
AcDbEntity
  8
BORDER
100
AcDbLine
 10
124173.3527744038
 20
55130.67929370269
 30
0.0
 11
123863.7182215463
 21
55108.45102579191
 31
0.0
  0
LINE
  5
1B2820
330
1A
100
AcDbEntity
  8
BORDER
100
AcDbLine
 10
123863.7182215463
 20
55108.45102579191
 30
0.0
 11
121910.165277526
 21
54853.14590738692
 31
0.0
  0
LINE
  5
1B2821
330
1A
100
AcDbEntity
  8
BORDER
100
AcDbLine
 10
118599.5504261766
 20
55303.44206864334
 30
0.0
 11
117561.3768677032
 21
55283.81408922888
 31
0.0
  0
LINE
  5
1B2822
330
1A
100
AcDbEntity
  8
BORDER
100
AcDbLine
 10
117561.3768677032
 20
55283.81408922888
 30
0.0
 11
116757.604041338
 21
55267.33606124312
 31
0.0
  0
LINE
  5
1B2823
330
1A
100
AcDbEntity
  8
BORDER
100
AcDbLine
 10
116757.604041338
 20
55267.33606124312
 30
0.0
 11
116128.839857238
 21
55251.66167120946
 31
0.0
  0
LINE
  5
1B2824
330
1A
100
AcDbEntity
  8
BORDER
100
AcDbLine
 10
116128.839857238
 20
55251.66167120946
 30
0.0
 11
115615.6922255584
 21
55234.44460565137
 31
0.0
  0
LINE
  5
1B2825
330
1A
100
AcDbEntity
  8
BORDER
100
AcDbLine
 10
115615.6922255584
 20
55234.44460565137
 30
0.0
 11
115158.7690564567
 21
55213.33855109228
 31
0.0
  0
LINE
  5
1B2826
330
1A
100
AcDbEntity
  8
BORDER
100
AcDbLine
 10
115158.7690564567
 20
55213.33855109228
 30
0.0
 11
114698.6782600881
 21
55185.99719405561
 31
0.0
  0
LINE
  5
1B2827
330
1A
100
AcDbEntity
  8
BORDER
100
AcDbLine
 10
114698.6782600881
 20
55185.99719405561
 30
0.0
 11
114176.0277466093
 21
55150.07422106482
 31
0.0
  0
LINE
  5
1B2828
330
1A
100
AcDbEntity
  8
BORDER
100
AcDbLine
 10
114176.0277466093
 20
55150.07422106482
 30
0.0
 11
111726.0338040345
 21
54853.14590738692
 31
0.0
  0
LWPOLYLINE
  5
1B2829
330
1A
100
AcDbEntity
  8
BORDER
100
AcDbPolyline
 90
        2
 70
     0
 43
0.0
 10
132561.0866352221
 20
57204.22331864334
 10
131611.4254261767
 20
57204.22331864334
  0
LWPOLYLINE
  5
1B282A
330
1A
100
AcDbEntity
  8
BORDER
100
AcDbPolyline
 90
       10
 70
     0
 43
0.0
 10
129111.4254261767
 20
55454.22331864333
 10
129039.0621449266
 20
55447.34831864333
 10
128645.0191761766
 20
55429.22331864334
 10
128001.3668324265
 20
55403.59831864334
 10
127180.1754261766
 20
55374.22331864333
 10
126253.5152699267
 20
55344.84831864333
 10
125293.4566761762
 20
55319.22331864334
 10
124372.0699574262
 20
55301.09831864334
 10
123561.4254261756
 20
55294.22331864334
 10
121321.4254261765
 20
55294.22331864334
  0
LWPOLYLINE
  5
1B282B
330
1A
100
AcDbEntity
  8
BORDER
100
AcDbPolyline
 90
       19
 70
     0
 43
0.0
 10
131351.4254261767
 20
55674.22331864333
 10
129111.4254261767
 20
55674.22331864333
 10
129039.0621449266
 20
55675.94206864334
 10
128645.0191761766
 20
55680.47331864334
 10
128001.3668324265
 20
55686.87956864334
 10
127180.1754261766
 20
55694.22331864333
 10
126253.5152699267
 20
55701.56706864334
 10
125293.4566761762
 20
55707.97331864334
 10
124372.0699574262
 20
55712.50456864333
 10
123561.4254261756
 20
55714.22331864334
 10
124397.7541732031
 20
55693.90741683064
 10
125147.4647649476
 20
55671.32425611139
 10
125833.4978866184
 20
55647.83116619782
 10
126478.7942234245
 20
55624.78547680216
 10
127106.2944605744
 20
55603.54451763664
 10
127738.9392832772
 20
55585.46561841351
 10
128399.6693767414
 20
55571.90610884499
 10
129111.4254261767
 20
55564.22331864333
 10
131351.4254261767
 20
55564.22331864333
  0
LWPOLYLINE
  5
1B282C
330
1A
100
AcDbEntity
  8
BORDER
100
AcDbPolyline
 90
       27
 70
     0
 43
0.0
 10
131111.4254261758
 20
57204.22331864334
 10
129398.5547409413
 20
57204.22331864334
 10
129039.0621449266
 20
57178.87175614333
 10
128645.0191761766
 20
57112.03581864333
 10
128001.3668324265
 20
57017.54363114334
 10
127180.1754261766
 20
56909.22331864333
 10
126253.5152699267
 20
56800.90300614334
 10
125293.4566761762
 20
56706.41081864333
 10
124372.0699574262
 20
56639.57488114333
 10
123561.4254261756
 20
56614.22331864334
 10
124654.2075569193
 20
56625.74563708481
 10
125577.7441032403
 20
56625.13989287285
 10
126359.6532672438
 20
56615.75264327111
 10
127027.5532510347
 20
56600.93044554322
 10
127609.0622567182
 20
56584.01985695286
 10
128131.7984863997
 20
56568.36743476366
 10
128623.3801421842
 20
56557.31973623926
 10
129111.4254261767
 20
56554.22331864333
 10
128165.3533357477
 20
56527.20165808555
 10
127340.3729257354
 20
56489.77421383092
 10
126611.98436885
 20
56444.5755435218
 10
125955.6878378013
 20
56394.24020480061
 10
125346.9835052994
 20
56341.40275530977
 10
124761.3715440545
 20
56288.69775269168
 10
124174.3521267764
 20
56238.75975458873
 10
123561.4254261756
 20
56194.22331864334
 10
121321.4254261765
 20
56194.22331864334
  0
LWPOLYLINE
  5
1B282D
330
1A
100
AcDbEntity
  8
BORDER
100
AcDbPolyline
 90
       11
 70
     0
 43
0.0
 10
121301.4254261765
 20
55294.22331864333
 10
119061.4254261765
 20
55294.22331864333
 10
118991.1519886766
 20
55296.75847489333
 10
118599.5504261766
 20
55303.44206864334
 10
117958.5738636767
 20
55312.89128739333
 10
117140.1754261767
 20
55323.72331864333
 10
116216.3082386771
 20
55334.55534989333
 10
115258.9254261772
 20
55344.00456864333
 10
114339.9801136776
 20
55350.68816239333
 10
113531.4254261777
 20
55353.22331864334
 10
111291.4254261768
 20
55353.22331864334
  0
LWPOLYLINE
  5
1B282E
330
1A
100
AcDbEntity
  8
BORDER
100
AcDbPolyline
 90
       11
 70
     0
 43
0.0
 10
121301.4254261765
 20
55714.2233186432
 10
119061.4254261765
 20
55714.22331864334
 10
118991.1519886766
 20
55707.30534989333
 10
118599.5504261766
 20
55689.06706864334
 10
117958.5738636767
 20
55663.28191239334
 10
117140.1754261767
 20
55633.72331864333
 10
116216.3082386771
 20
55604.16472489333
 10
115258.9254261772
 20
55578.37956864333
 10
114339.9801136776
 20
55560.14128739334
 10
113531.4254261777
 20
55553.22331864333
 10
111291.4254261768
 20
55553.22331864333
  0
LWPOLYLINE
  5
1B282F
330
1A
100
AcDbEntity
  8
BORDER
100
AcDbPolyline
 90
       33
 70
     0
 43
0.0
 10
111738.0756396876
 20
56273.22331864333
 10
113531.4254261786
 20
56273.22331864333
 10
114196.3028898942
 20
56288.83560689781
 10
114739.1059889766
 20
56299.01737529388
 10
115224.6394109263
 20
56302.84284258151
 10
115717.7078432425
 20
56299.38622751073
 10
116283.1159734257
 20
56287.72174883152
 10
116985.6684889753
 20
56266.92362529388
 10
117890.1700773919
 20
56236.06607564783
 10
119061.4254261756
 20
56194.22331864334
 10
118347.9172493377
 20
56232.17693422278
 10
117673.7074914469
 20
56278.40117261253
 10
117022.3266825785
 20
56329.39234875323
 10
116377.3053528063
 20
56381.64677758553
 10
115722.1740322054
 20
56431.66077405005
 10
115040.4632508505
 20
56475.93065308742
 10
114315.703538816
 20
56510.9527296383
 10
113531.4254261777
 20
56533.22331864333
 10
114393.542083769
 20
56565.2644833792
 10
115077.2303213341
 20
56589.14544926195
 10
115647.2948263728
 20
56605.81543504162
 10
116168.5402863856
 20
56616.22365946816
 10
116705.7713888727
 20
56621.31934129162
 10
117323.7928213332
 20
56622.05169926195
 10
118087.4092712681
 20
56619.36995212919
 10
119061.4254261765
 20
56614.22331864334
 10
118991.1519886766
 20
56623.63347489334
 10
118599.5504261766
 20
56648.44206864334
 10
117958.5738636767
 20
56683.51628739333
 10
117140.1754261767
 20
56723.72331864333
 10
116216.3082386771
 20
56763.93034989334
 10
115258.9254261772
 20
56799.00456864333
 10
114471.0308497218
 20
56820.2752103227
  0
CIRCLE
  5
1B2830
330
1A
100
AcDbEntity
  8
Kich thuoc
100
AcDbCircle
 10
113076.0201697294
 20
55236.87896522743
 30
0.0
 40
80.0
  0
CIRCLE
  5
1B2831
330
1A
100
AcDbEntity
  8
Kich thuoc
100
AcDbCircle
 10
114745.3901396655
 20
55454.64154857634
 30
0.0
 40
80.0
  0
CIRCLE
  5
1B2832
330
1A
100
AcDbEntity
  8
Kich thuoc
100
AcDbCircle
 10
114745.3901396655
 20
55922.07952317321
 30
0.0
 40
80.0
  0
CIRCLE
  5
1B2833
330
1A
100
AcDbEntity
  8
Kich thuoc
100
AcDbCircle
 10
119267.9172140353
 20
55094.27553931577
 30
0.0
 40
80.0
  0
CIRCLE
  5
1B2834
330
1A
100
AcDbEntity
  8
Kich thuoc
100
AcDbCircle
 10
116296.4254261767
 20
56993.62144737982
 30
0.0
 40
80.0
  0
CIRCLE
  5
1B2835
330
1A
100
AcDbEntity
  8
Kich thuoc
100
AcDbCircle
 10
119267.9172140353
 20
56382.84352044562
 30
0.0
 40
80.0
  0
CIRCLE
  5
1B2836
330
1A
100
AcDbEntity
  8
Kich thuoc
100
AcDbCircle
 10
129285.2706195977
 20
55497.70455599652
 30
0.0
 40
80.0
  0
CIRCLE
  5
1B2837
330
1A
100
AcDbEntity
  8
Kich thuoc
100
AcDbCircle
 10
129285.2706195977
 20
56002.83180823582
 30
0.0
 40
80.0
  0
CIRCLE
  5
1B2838
330
1A
100
AcDbEntity
  8
Kich thuoc
100
AcDbCircle
 10
126336.4254261766
 20
57003.1751884959
 30
0.0
 40
80.0
  0
CIRCLE
  5
1B2839
330
1A
100
AcDbEntity
  8
Kich thuoc
100
AcDbCircle
 10
129285.2706195977
 20
55626.24583892413
 30
0.0
 40
80.0
  0
CIRCLE
  5
1B283A
330
1A
100
AcDbEntity
  8
Kich thuoc
100
AcDbCircle
 10
129285.2706195977
 20
56809.16884061465
 30
0.0
 40
80.0
  0
LINE
  5
1B283B
330
1A
100
AcDbEntity
  8
Dia chat
100
AcDbLine
 10
111291.4254261768
 20
56063.22331864514
 30
0.0
 11
111291.4254261768
 21
54853.14590738692
 31
0.0
  0
LINE
  5
1B283C
330
1A
100
AcDbEntity
  8
Dia chat
100
AcDbLine
 10
111271.4254261768
 20
56063.22331864514
 30
0.0
 11
111271.4254261768
 21
54853.14590738693
 31
0.0
  0
LINE
  5
1B283D
330
1A
100
AcDbEntity
  8
Dia chat
100
AcDbLine
 10
121321.4254261765
 20
57283.2233185888
 30
0.0
 11
121321.4254261765
 21
54853.14590738693
 31
0.0
  0
LINE
  5
1B283E
330
1A
100
AcDbEntity
  8
Dia chat
100
AcDbLine
 10
121301.4254261765
 20
57283.2233185888
 30
0.0
 11
121301.4254261765
 21
54853.14590738693
 31
0.0
  0
LINE
  5
1B283F
330
1A
100
AcDbEntity
  8
Text
100
AcDbLine
 10
121301.4254261765
 20
57283.2233185888
 30
0.0
 11
121321.4254261765
 21
57283.2233185888
 31
0.0
  0
HATCH
  5
1B2840
330
1A
100
AcDbEntity
  8
Hatch
100
AcDbHatch
 10
0.0
 20
0.0
 30
0.0
210
0.0
220
0.0
230
1.0
  2
CORK
 70
     0
 71
     0
 91
        1
 92
        7
 72
     0
 73
     1
 93
        4
 10
132561.0866352221
 20
55454.22331864334
 10
131371.4254261767
 20
55454.22331864333
 10
131371.4254261767
 20
54853.14590738693
 10
132561.0866352221
 20
54853.14590738692
 97
        0
 75
     0
 76
     1
 52
45.0
 41
800.0
 77
     0
 78
     4
 53
45.0
 43
0.0
 44
-0.000000000007276
 45
-70.71067811865474
 46
70.71067811865475
 79
     0
 53
180.0
 43
70.71067811865941
 44
-0.000000000007276
 45
-0.0000000000000568
 46
-282.842712
 79
     2
 49
141.4213568
 49
-141.4213568
 53
180.0
 43
88.388347648317
 44
17.67766952965757
 45
-0.0000000000000568
 46
-282.842712
 79
     2
 49
141.4213568
 49
-141.4213568
 53
180.0
 43
106.0660171779891
 44
35.35533905932243
 45
-0.0000000000000568
 46
-282.842712
 79
     2
 49
141.4213568
 49
-141.4213568
 47
2.044017180559503
 98
        1
 10
132333.8501585746
 20
55178.50122251224
1001
ACAD
1010
0.0
1020
0.0
1030
0.0
  0
LINE
  5
1B2841
330
1A
100
AcDbEntity
  8
Dia chat
100
AcDbLine
 10
131371.4254261767
 20
57283.22331858878
 30
0.0
 11
131371.4254261767
 21
54853.14590738693
 31
0.0
  0
LINE
  5
1B2842
330
1A
100
AcDbEntity
  8
Dia chat
100
AcDbLine
 10
131351.4254261767
 20
57283.22331858878
 30
0.0
 11
131351.4254261767
 21
54853.14590738692
 31
0.0
  0
LINE
  5
1B2843
330
1A
100
AcDbEntity
  8
Text
100
AcDbLine
 10
131351.4254261767
 20
57283.22331858878
 30
0.0
 11
131371.4254261767
 21
57283.22331858878
 31
0.0
  0
HATCH
  5
1B2844
330
1A
100
AcDbEntity
  8
Dia chat
100
AcDbHatch
 10
0.0
 20
0.0
 30
0.0
210
0.0
220
0.0
230
1.0
  2
ANSI36
 70
     0
 71
     0
 91
        3
 92
       22
 72
     1
 73
     1
 93
        2
 10
114665.3901396655
 20
56701.74636412657
 42
-1.0
 10
114825.3901396655
 20
56701.74636412657
 42
-1.0
 97
        0
 92
      136
 93
        4
 72
     1
 10
114708.0568063322
 20
56641.74636412657
 11
114782.7234729988
 21
56641.74636412657
 72
     1
 10
114782.7234729988
 20
56641.74636412657
 11
114782.7234729988
 21
56761.74636412657
 72
     1
 10
114782.7234729988
 20
56761.74636412657
 11
114708.0568063322
 21
56761.74636412657
 72
     1
 10
114708.0568063322
 20
56761.74636412657
 11
114708.0568063322
 21
56641.74636412657
 97
        0
 92
        1
 93
       17
 72
     1
 10
114471.0308497218
 20
56820.27521032271
 11
113036.9804884167
 21
56533.22331864329
 72
     1
 10
113036.9804884167
 20
56533.22331864329
 11
113531.4254261772
 21
56533.2233186433
 72
     1
 10
113531.4254261772
 20
56533.2233186433
 11
114393.5420837669
 21
56565.26448337911
 72
     1
 10
114393.5420837669
 20
56565.26448337911
 11
115077.2303213332
 21
56589.14544926195
 72
     1
 10
115077.2303213332
 20
56589.14544926195
 11
115647.2948263727
 21
56605.8154350416
 72
     1
 10
115647.2948263727
 20
56605.8154350416
 11
116168.5402863857
 21
56616.22365946816
 72
     1
 10
116168.5402863857
 20
56616.22365946816
 11
116705.7713888723
 21
56621.31934129161
 72
     1
 10
116705.7713888723
 20
56621.31934129161
 11
117323.7928213338
 21
56622.05169926195
 72
     1
 10
117323.7928213338
 20
56622.05169926195
 11
118087.4092712717
 21
56619.36995212915
 72
     1
 10
118087.4092712717
 20
56619.36995212915
 11
119061.4254261765
 21
56614.22331864335
 72
     1
 10
119061.4254261765
 20
56614.22331864335
 11
118991.1519886766
 21
56623.63347489335
 72
     1
 10
118991.1519886766
 20
56623.63347489335
 11
118599.5504261771
 21
56648.44206864324
 72
     1
 10
118599.5504261771
 20
56648.44206864324
 11
117958.5738636754
 21
56683.51628739341
 72
     1
 10
117958.5738636754
 20
56683.51628739341
 11
117140.1754261766
 21
56723.7233186433
 72
     1
 10
117140.1754261766
 20
56723.7233186433
 11
116216.3082386761
 21
56763.9303498934
 72
     1
 10
116216.3082386761
 20
56763.9303498934
 11
115258.9254261773
 21
56799.00456864336
 72
     1
 10
115258.9254261773
 20
56799.00456864336
 11
114471.0308497218
 21
56820.27521032271
 97
        0
 75
     0
 76
     1
 52
0.0
 41
800.0
 77
     0
 78
     1
 53
45.0
 43
0.0
 44
-0.000000000007276
 45
53.03300858899107
 46
194.4543648263005
 79
     4
 49
250.0
 49
-50.0
 49
0.0
 49
-50.0
 47
6.089081960819019
 98
        2
 10
115842.8084678188
 20
56693.70205840128
 10
115842.8084678188
 20
56693.70205840128
1001
ACAD
1010
0.0
1020
0.0
1030
0.0
  0
TEXT
  5
1B2845
330
1A
100
AcDbEntity
  8
Text
100
AcDbText
 10
114728.0568063322
 20
56661.74636412657
 30
0.0
 40
80.0
  1
5
 41
0.65
 72
     1
 11
114745.3901396655
 21
56701.74636412657
 31
0.0
100
AcDbText
 73
     2
  0
CIRCLE
  5
1B2846
330
1A
100
AcDbEntity
  8
Kich thuoc
100
AcDbCircle
 10
114745.3901396655
 20
56701.74636412657
 30
0.0
 40
80.0
  0
TEXT
  5
1B2847
330
1A
100
AcDbEntity
  8
Text
100
AcDbText
 10
114728.0568063322
 20
56354.51112455036
 30
0.0
 40
80.0
  1
7
 41
0.65
 72
     1
 11
114745.3901396655
 21
56394.51112455035
 31
0.0
100
AcDbText
 73
     2
  0
CIRCLE
  5
1B2848
330
1A
100
AcDbEntity
  8
Kich thuoc
100
AcDbCircle
 10
114745.3901396655
 20
56394.51112455035
 30
0.0
 40
80.0
  0
LINE
  5
1B2849
330
1A
100
AcDbEntity
  8
BORDER
100
AcDbLine
 10
129111.4254261767
 20
55454.22331864333
 30
0.0
 11
131351.4254261767
 21
55454.22331864333
 31
0.0
  0
LINE
  5
1B284A
330
1A
100
AcDbEntity
  8
BORDER
100
AcDbLine
 10
131371.4254261767
 20
55454.22331864333
 30
0.0
 11
132561.0866352221
 21
55454.22331864333
 31
0.0
  0
HATCH
  5
1B284B
330
1A
100
AcDbEntity
  8
Hatch
100
AcDbHatch
 10
0.0
 20
0.0
 30
0.0
210
0.0
220
0.0
230
1.0
  2
CORK
 70
     0
 71
     0
 91
        3
 92
        7
 72
     1
 73
     1
 93
       16
 10
131351.4254261767
 20
55454.22331864332
 42
0.0
 10
129352.422551798
 20
55454.22331864333
 42
-0.5438229616070595
 10
129218.1186873974
 20
55454.22331864333
 42
0.0
 10
129111.4254261766
 20
55454.22331864333
 42
0.0
 10
129039.0621449266
 20
55447.34831864333
 42
0.0
 10
128645.0191761767
 20
55429.22331864337
 42
0.0
 10
128001.3668324268
 20
55403.59831864332
 42
0.0
 10
126966.6705470299
 20
55344.04007060828
 42
0.0
 10
126133.8906441522
 20
55289.43284492124
 42
0.0
 10
125470.5980196241
 20
55240.28489798495
 42
0.0
 10
124944.3635692693
 20
55197.10448620145
 42
0.0
 10
124522.7581889256
 20
55160.39986597376
 42
0.0
 10
124173.3527744048
 20
55130.67929370272
 42
0.0
 10
123863.7182215463
 20
55108.45102579192
 42
0.0
 10
121910.165277526
 20
54853.14590738692
 42
0.0
 10
131351.4254261767
 20
54853.14590738693
 42
0.0
 97
        0
 92
       22
 72
     1
 73
     1
 93
        2
 10
129205.2706195977
 20
55126.98949705099
 42
-1.0
 10
129365.2706195977
 20
55126.98949705099
 42
-1.0
 97
        0
 92
      136
 93
        4
 72
     1
 10
129239.2706195977
 20
55066.989497051
 11
129331.2706195977
 21
55066.989497051
 72
     1
 10
129331.2706195977
 20
55066.989497051
 11
129331.2706195977
 21
55186.98949705099
 72
     1
 10
129331.2706195977
 20
55186.98949705099
 11
129239.2706195977
 21
55186.98949705099
 72
     1
 10
129239.2706195977
 20
55186.98949705099
 11
129239.2706195977
 21
55066.989497051
 97
        0
 75
     0
 76
     1
 52
45.0
 41
800.0
 77
     0
 78
     4
 53
45.0
 43
0.0
 44
-0.000000000007276
 45
-70.71067811865474
 46
70.71067811865475
 79
     0
 53
180.0
 43
70.71067811865941
 44
-0.000000000007276
 45
-0.0000000000000568
 46
-282.842712
 79
     2
 49
141.4213568
 49
-141.4213568
 53
180.0
 43
88.388347648317
 44
17.67766952965757
 45
-0.0000000000000568
 46
-282.842712
 79
     2
 49
141.4213568
 49
-141.4213568
 53
180.0
 43
106.0660171779891
 44
35.35533905932243
 45
-0.0000000000000568
 46
-282.842712
 79
     2
 49
141.4213568
 49
-141.4213568
 47
2.905813450998507
 98
        2
 10
129536.3995518977
 20
55013.99439597272
 10
129536.3995518977
 20
55013.99439597272
1001
ACAD
1010
0.0
1020
0.0
1030
0.0
  0
TEXT
  5
1B284C
330
1A
100
AcDbEntity
  8
Text
100
AcDbText
 10
129259.2706195977
 20
55086.989497051
 30
0.0
 40
80.0
  1
11
 41
0.65
 72
     1
 11
129285.2706195977
 21
55126.98949705099
 31
0.0
100
AcDbText
 73
     2
  0
CIRCLE
  5
1B284D
330
1A
100
AcDbEntity
  8
Kich thuoc
100
AcDbCircle
 10
129285.2706195977
 20
55126.98949705099
 30
0.0
 40
80.0
  0
HATCH
  5
1B284E
330
1A
100
AcDbEntity
  8
Text
 62
   253
100
AcDbHatch
 10
0.0
 20
0.0
 30
0.0
210
0.0
220
0.0
230
1.0
  2
SOLID
 70
     1
 71
     0
 91
        1
 92
        7
 72
     1
 73
     1
 93
        3
 10
111321.4254261763
 20
54766.51763901329
 42
0.4142135623730951
 10
111281.4254261763
 20
54806.51763901329
 42
0.0
 10
111281.4254261763
 20
54726.51763901329
 42
0.4142135623730951
 97
        0
 75
     0
 76
     1
 47
2.382111186235447
 98
        1
 10
111291.7288518105
 20
54750.6637186345
450
        0
451
        0
460
0.0
461
0.0
452
        1
462
1.0
453
        2
463
0.0
 63
     5
421
      255
463
1.0
 63
     7
421
 16777215
470
LINEAR
1001
ACAD
1010
0.0
1020
0.0
1030
0.0
  0
CIRCLE
  5
1B284F
330
1A
100
AcDbEntity
  8
Kich thuoc
100
AcDbCircle
 10
111281.4254261763
 20
54766.51763901329
 30
0.0
 40
40.0
  0
LINE
  5
1B2850
330
1A
100
AcDbEntity
  8
Text
100
AcDbLine
 10
111281.4254261763
 20
54806.51763901329
 30
0.0
 11
111281.4254261763
 21
54726.51763901329
 31
0.0
  0
TEXT
  5
1B2851
330
1A
100
AcDbEntity
  8
Text
100
AcDbText
 10
121245.806378557
 20
54606.34070110161
 30
0.0
 40
80.0
  1
tk5
 41
0.65
 72
     1
 11
121311.4254261761
 21
54646.34070110162
 31
0.0
100
AcDbText
 73
     2
  0
HATCH
  5
1B2852
330
1A
100
AcDbEntity
  8
Text
 62
   253
100
AcDbHatch
 10
0.0
 20
0.0
 30
0.0
210
0.0
220
0.0
230
1.0
  2
SOLID
 70
     1
 71
     0
 91
        1
 92
        7
 72
     1
 73
     1
 93
        3
 10
121351.4254261761
 20
54768.84238591898
 42
0.4142135623730951
 10
121311.4254261761
 20
54808.84238591897
 42
0.0
 10
121311.4254261761
 20
54728.84238591897
 42
0.4142135623730951
 97
        0
 75
     0
 76
     1
 47
2.382111186235447
 98
        1
 10
121321.7288518102
 20
54752.98846554019
450
        0
451
        0
460
0.0
461
0.0
452
        1
462
1.0
453
        2
463
0.0
 63
     5
421
      255
463
1.0
 63
     7
421
 16777215
470
LINEAR
1001
ACAD
1010
0.0
1020
0.0
1030
0.0
  0
CIRCLE
  5
1B2853
330
1A
100
AcDbEntity
  8
Kich thuoc
100
AcDbCircle
 10
121311.4254261761
 20
54768.84238591898
 30
0.0
 40
40.0
  0
LINE
  5
1B2854
330
1A
100
AcDbEntity
  8
Text
100
AcDbLine
 10
121311.4254261761
 20
54808.84238591897
 30
0.0
 11
121311.4254261761
 21
54728.84238591897
 31
0.0
  0
TEXT
  5
1B2855
330
1A
100
AcDbEntity
  8
Text
100
AcDbText
 10
131297.0444737953
 20
54597.26877409963
 30
0.0
 40
80.0
  1
vt3
 41
0.65
 72
     1
 11
131361.4254261762
 21
54637.26877409963
 31
0.0
100
AcDbText
 73
     2
  0
HATCH
  5
1B2856
330
1A
100
AcDbEntity
  8
Text
 62
   253
100
AcDbHatch
 10
0.0
 20
0.0
 30
0.0
210
0.0
220
0.0
230
1.0
  2
SOLID
 70
     1
 71
     0
 91
        1
 92
        7
 72
     1
 73
     1
 93
        3
 10
131401.4254261762
 20
54759.77045891699
 42
0.4142135623730951
 10
131361.4254261762
 20
54799.770458917
 42
0.0
 10
131361.4254261762
 20
54719.770458917
 42
0.4142135623730951
 97
        0
 75
     0
 76
     1
 47
2.382111186235447
 98
        1
 10
131371.7288518104
 20
54743.9165385382
450
        0
451
        0
460
0.0
461
0.0
452
        1
462
1.0
453
        2
463
0.0
 63
     5
421
      255
463
1.0
 63
     7
421
 16777215
470
LINEAR
1001
ACAD
1010
0.0
1020
0.0
1030
0.0
  0
CIRCLE
  5
1B2857
330
1A
100
AcDbEntity
  8
Kich thuoc
100
AcDbCircle
 10
131361.4254261762
 20
54759.77045891699
 30
0.0
 40
40.0
  0
LINE
  5
1B2858
330
1A
100
AcDbEntity
  8
Text
100
AcDbLine
 10
131361.4254261762
 20
54799.770458917
 30
0.0
 11
131361.4254261762
 21
54719.770458917
 31
0.0
  0
LINE
  5
1B2859
330
1A
100
AcDbEntity
  8
0
 62
     0
100
AcDbLine
 10
109755.1610812675
 20
56660.72331864386
 30
0.0
 11
109700.2115328777
 21
56640.72331864386
 31
0.0
  0
LINE
  5
1B285A
330
1A
100
AcDbEntity
  8
0
 62
     0
100
AcDbLine
 10
109700.2115328777
 20
56640.72331864386
 30
0.0
 11
109810.1106296554
 21
56600.72331864386
 31
0.0
  0
LINE
  5
1B285B
330
1A
100
AcDbEntity
  8
0
 62
     0
100
AcDbLine
 10
109810.1106296554
 20
56600.72331864386
 30
0.0
 11
109755.1610812675
 21
56580.72331864386
 31
0.0
  0
LWPOLYLINE
  5
1B285C
330
1A
100
AcDbEntity
  8
0
  6
Continuous
 62
     0
100
AcDbPolyline
 90
        2
 70
     0
 43
0.0
 10
109755.1610812685
 20
58158.22331864504
 10
109755.1610812685
 20
56660.72331864419
  0
LWPOLYLINE
  5
1B285D
330
1A
100
AcDbEntity
  8
0
  6
Continuous
 62
     0
100
AcDbPolyline
 90
        2
 70
     0
 43
0.0
 10
109755.1610812685
 20
56580.72331864419
 10
109755.1610812685
 20
54841.97377527995
  0
LINE
  5
1B285E
330
1A
100
AcDbEntity
  8
BORDER
100
AcDbLine
 10
131111.4254261758
 20
57204.22331864334
 30
0.0
 11
131351.4254261767
 21
57204.22331864334
 31
0.0
  0
LINE
  5
1B285F
330
1A
100
AcDbEntity
  8
BORDER
100
AcDbLine
 10
131371.4254261767
 20
57204.22331864334
 30
0.0
 11
131611.4254261767
 21
57204.22331864334
 31
0.0
  0
LINE
  5
1B2860
330
1A
100
AcDbEntity
  8
0
  6
HIDDEN
 48
25.0
100
AcDbLine
 10
113523.092403499
 20
54985.74230666812
 30
0.0
 11
113463.908768069
 21
54995.60624590642
 31
0.0
  0
LINE
  5
1B2861
330
1A
100
AcDbEntity
  8
Hatch
100
AcDbLine
 10
113523.092403499
 20
54985.74230666814
 30
0.0
 11
113463.908768069
 21
54995.60624590645
 31
0.0
  0
LINE
  5
1B2862
330
1A
100
AcDbEntity
  8
BORDER
100
AcDbLine
 10
132561.0866352221
 20
54853.14590738692
 30
0.0
 11
109755.1610812685
 21
54853.14590738692
 31
0.0
  0
LINE
  5
1B2863
330
1A
100
AcDbEntity
  8
Text
100
AcDbLine
 10
111093.5005857842
 20
55294.81240280202
 30
0.0
 11
111192.1399781674
 21
55278.37250407149
 31
0.0
  0
LINE
  5
1B2864
330
1A
100
AcDbEntity
  8
0
  6
HIDDEN
 48
25.0
100
AcDbLine
 10
111241.569071758
 20
56183.22331864514
 30
0.0
 11
111093.5005857842
 21
55294.812402802
 31
0.0
  0
LINE
  5
1B2865
330
1A
100
AcDbEntity
  8
0
  6
HIDDEN
 48
25.0
100
AcDbLine
 10
111347.1718079087
 20
56208.56348251965
 30
0.0
 11
111192.1399781674
 21
55278.37250407148
 31
0.0
  0
TEXT
  5
1B2866
330
1A
100
AcDbEntity
  8
Text
100
AcDbText
 10
113804.8729133566
 20
57418.22792120634
 30
0.0
 40
54.0
  1
6:1
 50
82.8749836507359
 41
0.65
100
AcDbText
1001
AcDbBlockRepETag
1070
     1
1071
       21
1005
1B2866
  0
LINE
  5
1B2867
330
1A
100
AcDbEntity
  8
Tim
 48
10.0
100
AcDbLine
 10
114006.4254261689
 20
58068.22331864332
 30
0.0
 11
114006.4254263243
 21
54708.56275891495
 31
0.0
  0
LWPOLYLINE
  5
1B2868
330
1A
100
AcDbEntity
  8
0
100
AcDbPolyline
 90
        4
 70
     0
 43
0.0
 10
114040.6553535922
 20
57878.22331864334
 10
114019.5773451835
 20
57751.75526819163
 10
113891.3461350854
 20
57773.12713654132
 10
113926.4254261991
 20
57983.60288322388
  0
LINE
  5
1B2869
330
1A
100
AcDbEntity
  8
0
100
AcDbLine
 10
113906.1420439428
 20
57770.66115173174
 30
0.0
 11
113722.7817202411
 21
56670.49920952072
 31
0.0
  0
LINE
  5
1B286A
330
1A
100
AcDbEntity
  8
Hatch coc
100
AcDbLine
 10
113743.7573732866
 20
56674.69787718846
 30
0.0
 11
113925.8699224195
 21
57767.37317198562
 31
0.0
  0
LINE
  5
1B286B
330
1A
100
AcDbEntity
  8
Hatch coc
100
AcDbLine
 10
113806.6843324236
 20
56687.29388019178
 30
0.0
 11
113984.3097475884
 21
57753.0463711815
 31
0.0
  0
LINE
  5
1B286C
330
1A
100
AcDbEntity
  8
Khuat 151
 48
10.0
100
AcDbLine
 10
114003.0190791821
 20
57753.37953018618
 30
0.0
 11
113590.5617479115
 21
55278.63554256223
 31
0.0
  0
LINE
  5
1B286D
330
1A
100
AcDbEntity
  8
Tim
 48
10.0
100
AcDbLine
 10
114006.4254261991
 20
58068.2233187544
 30
0.0
 11
113542.8202819981
 21
55286.59245354779
 31
0.0
  0
LINE
  5
1B286E
330
1A
100
AcDbEntity
  8
Khuat 151
 48
10.0
100
AcDbLine
 10
113907.720274221
 20
57770.39811335205
 30
0.0
 11
113495.0788160846
 21
55294.5493645334
 31
0.0
  0
LINE
  5
1B286F
330
1A
100
AcDbEntity
  8
0
100
AcDbLine
 10
114004.7814363261
 20
57754.2212530012
 30
0.0
 11
113827.6599854691
 21
56691.49254785954
 31
0.0
  0
LINE
  5
1B2870
330
1A
100
AcDbEntity
  8
Hatch
100
AcDbLine
 10
113587.2080085705
 20
55279.19449911904
 30
0.0
 11
113498.4325554256
 21
55293.99040797653
 31
0.0
  0
LEADER
  5
1B2871
330
1A
100
AcDbEntity
  8
Kich thuoc
100
AcDbLeader
  3
Dim 500
 76
     2
 10
113729.5885205868
 20
56711.34001159527
 30
0.0
 10
111556.4254784679
 20
56711.34000277846
 30
0.0
  0
LEADER
  5
1B2872
330
1A
100
AcDbEntity
  8
Kich thuoc
100
AcDbLeader
  3
Dim 500
 76
     2
 10
113956.4254784679
 20
56711.34000288954
 30
0.0
 10
112597.7241529214
 20
56711.34001162689
 30
0.0
  0
LINE
  5
1B2873
330
1A
100
AcDbEntity
  8
Text
100
AcDbLine
 10
113493.5005858066
 20
55294.81240291309
 30
0.0
 11
113592.1399781897
 21
55278.37250418255
 31
0.0
  0
LINE
  5
1B2874
330
1A
100
AcDbEntity
  8
0
  6
HIDDEN
 48
25.0
100
AcDbLine
 10
113780.2601113817
 20
57015.36955636488
 30
0.0
 11
113493.5005858066
 21
55294.81240291306
 31
0.0
  0
LINE
  5
1B2875
330
1A
100
AcDbEntity
  8
0
  6
HIDDEN
 48
25.0
100
AcDbLine
 10
113887.6029795634
 20
57051.15051242545
 30
0.0
 11
113592.1399781897
 21
55278.37250418254
 31
0.0
  0
TEXT
  5
1B2876
330
1A
100
AcDbEntity
  8
Text
100
AcDbText
 10
115703.9202423784
 20
58406.41486981694
 30
0.0
 40
80.0
  1
kerb
 41
0.65
 72
     2
 11
115889.6345280927
 21
58406.41486981694
 31
0.0
100
AcDbText
  0
TEXT
  5
1B2877
330
1A
100
AcDbEntity
  8
Text
100
AcDbText
 10
113621.8660697609
 20
58408.72163258918
 30
0.0
 40
80.0
  1
fender  400h-4000l
 41
0.65
 72
     2
 11
114508.3422602371
 21
58408.72163258918
 31
0.0
100
AcDbText
  0
TEXT
  5
1B2878
330
1A
100
AcDbEntity
  8
Text
 48
2.0
100
AcDbText
 10
113989.3235470885
 20
58492.52952301908
 30
0.0
 40
80.0
  1
V
 50
180.0
 41
0.75
  7
Chu thuong
 11
113989.3235470885
 21
58412.52952301908
 31
0.0
100
AcDbText
 73
     3
  0
TEXT
  5
1B2879
330
1A
100
AcDbEntity
  8
Text
 48
2.0
100
AcDbText
 10
117615.353575366
 20
58662.76535718851
 30
0.0
 40
80.0
  1
V
 50
180.0
 41
0.75
  7
Chu thuong
 11
117615.353575366
 21
58582.76535718851
 31
0.0
100
AcDbText
 73
     3
  0
TEXT
  5
1B287A
330
1A
100
AcDbEntity
  8
Text
100
AcDbText
 10
117186.7581701537
 20
58582.76535718851
 30
0.0
 40
80.0
  1
®Öm tµu  400h-4000l
 41
0.65
 72
     2
 11
118132.6629320584
 21
58582.76535718851
 31
0.0
100
AcDbText
  0
TEXT
  5
1B287B
330
1A
100
AcDbEntity
  8
Text
100
AcDbText
 10
117219.7331791752
 20
58408.72163258918
 30
0.0
 40
80.0
  1
fender  400h-4000l
 41
0.65
 72
     2
 11
118106.2093696514
 21
58408.72163258918
 31
0.0
100
AcDbText
  0
TEXT
  5
1B287C
330
1A
100
AcDbEntity
  8
Text
 48
2.0
100
AcDbText
 10
117588.900012959
 20
58492.52952301908
 30
0.0
 40
80.0
  1
V
 50
180.0
 41
0.75
  7
Chu thuong
 11
117588.900012959
 21
58412.52952301908
 31
0.0
100
AcDbText
 73
     3
  0
TEXT
  5
1B287D
330
1A
100
AcDbEntity
  8
Text
 48
2.0
100
AcDbText
 10
123629.4873003706
 20
58662.76535718851
 30
0.0
 40
80.0
  1
V
 50
180.0
 41
0.75
  7
Chu thuong
 11
123629.4873003706
 21
58582.76535718851
 31
0.0
100
AcDbText
 73
     3
  0
TEXT
  5
1B287E
330
1A
100
AcDbEntity
  8
Text
100
AcDbText
 10
123199.7717789517
 20
58582.76535718851
 30
0.0
 40
80.0
  1
®Öm tµu  400h-4000l
 41
0.65
 72
     2
 11
124145.6765408565
 21
58582.76535718851
 31
0.0
100
AcDbText
  0
TEXT
  5
1B287F
330
1A
100
AcDbEntity
  8
Text
100
AcDbText
 10
123213.7274236387
 20
58408.72163258918
 30
0.0
 40
80.0
  1
fender  400h-4000l
 41
0.65
 72
     2
 11
124100.2036141148
 21
58408.72163258918
 31
0.0
100
AcDbText
  0
TEXT
  5
1B2880
330
1A
100
AcDbEntity
  8
Text
 48
2.0
100
AcDbText
 10
123584.014373629
 20
58492.52952301908
 30
0.0
 40
80.0
  1
V
 50
180.0
 41
0.75
  7
Chu thuong
 11
123584.014373629
 21
58412.52952301908
 31
0.0
100
AcDbText
 73
     3
  0
TEXT
  5
1B2881
330
1A
100
AcDbEntity
  8
Text
 48
2.0
100
AcDbText
 10
127554.9827694637
 20
58662.76535718851
 30
0.0
 40
80.0
  1
V
 50
180.0
 41
0.75
  7
Chu thuong
 11
127554.9827694637
 21
58582.76535718851
 31
0.0
100
AcDbText
 73
     3
  0
TEXT
  5
1B2882
330
1A
100
AcDbEntity
  8
Text
100
AcDbText
 10
127169.6551097523
 20
58582.76535718851
 30
0.0
 40
80.0
  1
®Öm tµu  400h-4000l
 41
0.65
 72
     2
 11
128115.559871657
 21
58582.76535718851
 31
0.0
100
AcDbText
  0
TEXT
  5
1B2883
330
1A
100
AcDbEntity
  8
Text
100
AcDbText
 10
127212.9590815524
 20
58408.72163258918
 30
0.0
 40
80.0
  1
fender  400h-4000l
 41
0.65
 72
     2
 11
128099.4352720286
 21
58408.72163258918
 31
0.0
100
AcDbText
  0
TEXT
  5
1B2884
330
1A
100
AcDbEntity
  8
Text
 48
2.0
100
AcDbText
 10
127554.9827694637
 20
58492.52952301908
 30
0.0
 40
80.0
  1
V
 50
180.0
 41
0.75
  7
Chu thuong
 11
127554.9827694637
 21
58412.52952301908
 31
0.0
100
AcDbText
 73
     3
  0
TEXT
  5
1B2885
330
1A
100
AcDbEntity
  8
Text
100
AcDbText
 10
125452.0030709353
 20
58406.41486981694
 30
0.0
 40
80.0
  1
kerb
 41
0.65
 72
     2
 11
125637.7173566496
 21
58406.41486981694
 31
0.0
100
AcDbText
  0
LINE
  5
1B2886
330
1A
100
AcDbEntity
  8
Dia chat
100
AcDbLine
 10
111291.4254261767
 20
56872.22331864515
 30
0.0
 11
111271.4254261766
 21
56872.22331864515
 31
0.0
  0
LWPOLYLINE
  5
1B2887
330
1A
100
AcDbEntity
  8
Dia chat
  6
DAT_LINE
 62
     8
 48
100.0
100
AcDbPolyline
 90
        3
 70
     0
 43
0.0
 10
109755.1610812685
 20
56183.22331864511
 10
111288.4547305214
 20
56183.22331864521
 10
116783.8213979407
 20
57283.2233185888
  0
TEXT
  5
1B2888
330
1A
100
AcDbEntity
  8
Text
100
AcDbText
 10
123297.3041750436
 20
56284.16775779879
 30
0.0
 40
80.0
  1
8
 41
0.65
 72
     1
 11
123314.6375083769
 21
56324.16775779879
 31
0.0
100
AcDbText
 73
     2
  0
CIRCLE
  5
1B2889
330
1A
100
AcDbEntity
  8
Kich thuoc
100
AcDbCircle
 10
123309.6375083769
 20
56324.16775779879
 30
0.0
 40
80.0
  0
LINE
  5
1B288A
330
1A
100
AcDbEntity
  8
0
100
AcDbLine
 10
118478.4254261767
 20
57983.22331864332
 30
0.0
 11
118478.4254261766
 21
58203.22331864334
 31
0.0
  0
LINE
  5
1B288B
330
1A
100
AcDbEntity
  8
0
100
AcDbLine
 10
118598.4254261767
 20
57878.22331864335
 30
0.0
 11
118598.4254261767
 21
57983.22331864333
 31
0.0
  0
LINE
  5
1B288C
330
1A
100
AcDbEntity
  8
Hatch coc
100
AcDbLine
 10
118808.4254261767
 20
57283.2233185888
 30
0.0
 11
118808.4254261767
 21
57978.22331864334
 31
0.0
  0
LINE
  5
1B288D
330
1A
100
AcDbEntity
  8
Hatch coc
100
AcDbLine
 10
118798.4254261765
 20
57283.2233185888
 30
0.0
 11
118798.4254261767
 21
57978.22331864334
 31
0.0
  0
LINE
  5
1B288E
330
1A
100
AcDbEntity
  8
Hatch coc
100
AcDbLine
 10
118768.4254261767
 20
57283.2233185888
 30
0.0
 11
118768.4254261767
 21
57978.22331864334
 31
0.0
  0
LINE
  5
1B288F
330
1A
100
AcDbEntity
  8
Hatch coc
100
AcDbLine
 10
118758.4254261767
 20
57283.2233185888
 30
0.0
 11
118758.4254261767
 21
57978.22331864334
 31
0.0
  0
LINE
  5
1B2890
330
1A
100
AcDbEntity
  8
0
100
AcDbLine
 10
118813.4254261767
 20
57983.22331864333
 30
0.0
 11
118813.4254261769
 21
57283.2233185888
 31
0.0
  0
LINE
  5
1B2891
330
1A
100
AcDbEntity
  8
0
100
AcDbLine
 10
118753.4254261767
 20
57983.22331864333
 30
0.0
 11
118753.4254261768
 21
57283.2233185888
 31
0.0
  0
LINE
  5
1B2892
330
1A
100
AcDbEntity
  8
0
  6
HIDDEN
 48
25.0
100
AcDbLine
 10
118753.425426176
 20
57283.2233185888
 30
0.0
 11
118753.4254261769
 21
55403.22331864332
 31
0.0
  0
LINE
  5
1B2893
330
1A
100
AcDbEntity
  8
Tim
 48
10.0
100
AcDbLine
 10
118783.4254261767
 20
57983.22331864333
 30
0.0
 11
118783.4254261768
 21
55373.22331864334
 31
0.0
  0
LINE
  5
1B2894
330
1A
100
AcDbEntity
  8
0
  6
HIDDEN
 48
25.0
100
AcDbLine
 10
118813.4254261767
 20
57283.2233185888
 30
0.0
 11
118813.4254261768
 21
55403.22331864332
 31
0.0
  0
LINE
  5
1B2895
330
1A
100
AcDbEntity
  8
0
  6
HIDDEN
 48
25.0
100
AcDbLine
 10
118784.1754261767
 20
55393.5233186433
 30
0.0
 11
118784.1754261767
 21
55403.22331864332
 31
0.0
  0
LINE
  5
1B2896
330
1A
100
AcDbEntity
  8
0
  6
HIDDEN
 48
25.0
100
AcDbLine
 10
118782.6754261767
 20
55393.5233186433
 30
0.0
 11
118782.6754261767
 21
55403.22331864332
 31
0.0
  0
LINE
  5
1B2897
330
1A
100
AcDbEntity
  8
0
  6
HIDDEN
 48
25.0
100
AcDbLine
 10
118784.1754261767
 20
55393.5233186433
 30
0.0
 11
118782.6754261767
 21
55393.5233186433
 31
0.0
  0
LWPOLYLINE
  5
1B2898
330
1A
100
AcDbEntity
  8
0
  6
HIDDEN
 48
25.0
100
AcDbPolyline
 90
        4
 70
     0
 43
0.0
 10
118753.4254261767
 20
55403.22331864332
 10
118813.4254261767
 20
55403.22331864332
 10
118783.4254261767
 20
55393.22331864331
 10
118753.4254261767
 20
55403.22331864332
  0
LINE
  5
1B2899
330
1A
100
AcDbEntity
  8
Hatch coc
100
AcDbLine
 10
123548.4254261769
 20
57283.22331858879
 30
0.0
 11
123548.4254261769
 21
57878.22331864331
 31
0.0
  0
LINE
  5
1B289A
330
1A
100
AcDbEntity
  8
Hatch coc
100
AcDbLine
 10
123538.4254261767
 20
57283.22331858879
 30
0.0
 11
123538.4254261769
 21
57878.22331864331
 31
0.0
  0
LINE
  5
1B289B
330
1A
100
AcDbEntity
  8
Hatch coc
100
AcDbLine
 10
123508.4254261769
 20
57283.22331858879
 30
0.0
 11
123508.4254261769
 21
57878.22331864331
 31
0.0
  0
LINE
  5
1B289C
330
1A
100
AcDbEntity
  8
Hatch coc
100
AcDbLine
 10
123498.4254261769
 20
57283.22331858879
 30
0.0
 11
123498.4254261769
 21
57878.22331864331
 31
0.0
  0
LINE
  5
1B289D
330
1A
100
AcDbEntity
  8
0
100
AcDbLine
 10
123553.4254261769
 20
57878.22331864334
 30
0.0
 11
123553.4254261771
 21
57283.22331858879
 31
0.0
  0
LINE
  5
1B289E
330
1A
100
AcDbEntity
  8
0
100
AcDbLine
 10
123493.4254261769
 20
57878.22331864334
 30
0.0
 11
123493.425426177
 21
57283.22331858879
 31
0.0
  0
LINE
  5
1B289F
330
1A
100
AcDbEntity
  8
0
  6
HIDDEN
 48
25.0
100
AcDbLine
 10
123493.4254261762
 20
57283.22331858879
 30
0.0
 11
123493.4254261771
 21
55403.22331864331
 31
0.0
  0
LINE
  5
1B28A0
330
1A
100
AcDbEntity
  8
Tim
 48
10.0
100
AcDbLine
 10
123523.4254261769
 20
57883.22331864331
 30
0.0
 11
123523.425426177
 21
55373.22331864333
 31
0.0
  0
LINE
  5
1B28A1
330
1A
100
AcDbEntity
  8
0
  6
HIDDEN
 48
25.0
100
AcDbLine
 10
123553.4254261769
 20
57283.22331858879
 30
0.0
 11
123553.425426177
 21
55403.22331864331
 31
0.0
  0
LINE
  5
1B28A2
330
1A
100
AcDbEntity
  8
0
  6
HIDDEN
 48
25.0
100
AcDbLine
 10
123524.1754261769
 20
55393.52331864329
 30
0.0
 11
123524.1754261769
 21
55403.22331864331
 31
0.0
  0
LINE
  5
1B28A3
330
1A
100
AcDbEntity
  8
0
  6
HIDDEN
 48
25.0
100
AcDbLine
 10
123522.6754261769
 20
55393.52331864329
 30
0.0
 11
123522.6754261769
 21
55403.22331864331
 31
0.0
  0
LINE
  5
1B28A4
330
1A
100
AcDbEntity
  8
0
  6
HIDDEN
 48
25.0
100
AcDbLine
 10
123524.1754261769
 20
55393.52331864329
 30
0.0
 11
123522.6754261769
 21
55393.52331864329
 31
0.0
  0
LWPOLYLINE
  5
1B28A5
330
1A
100
AcDbEntity
  8
0
  6
HIDDEN
 48
25.0
100
AcDbPolyline
 90
        4
 70
     0
 43
0.0
 10
123493.4254261769
 20
55403.22331864331
 10
123553.4254261769
 20
55403.22331864331
 10
123523.4254261769
 20
55393.2233186433
 10
123493.4254261769
 20
55403.22331864331
  0
LINE
  5
1B28A6
330
1A
100
AcDbEntity
  8
Hatch coc
100
AcDbLine
 10
124068.4254261769
 20
57283.22331858879
 30
0.0
 11
124068.4254261769
 21
57878.22331864331
 31
0.0
  0
LINE
  5
1B28A7
330
1A
100
AcDbEntity
  8
Hatch coc
100
AcDbLine
 10
124058.4254261767
 20
57283.22331858879
 30
0.0
 11
124058.4254261769
 21
57878.22331864331
 31
0.0
  0
LINE
  5
1B28A8
330
1A
100
AcDbEntity
  8
Hatch coc
100
AcDbLine
 10
124028.4254261769
 20
57283.22331858879
 30
0.0
 11
124028.4254261769
 21
57878.22331864331
 31
0.0
  0
LINE
  5
1B28A9
330
1A
100
AcDbEntity
  8
Hatch coc
100
AcDbLine
 10
124018.4254261769
 20
57283.22331858879
 30
0.0
 11
124018.4254261769
 21
57878.22331864331
 31
0.0
  0
LINE
  5
1B28AA
330
1A
100
AcDbEntity
  8
0
100
AcDbLine
 10
124073.4254261769
 20
57878.22331864334
 30
0.0
 11
124073.4254261771
 21
57283.22331858879
 31
0.0
  0
LINE
  5
1B28AB
330
1A
100
AcDbEntity
  8
0
100
AcDbLine
 10
124013.4254261769
 20
57878.22331864334
 30
0.0
 11
124013.4254261771
 21
57283.22331858879
 31
0.0
  0
LINE
  5
1B28AC
330
1A
100
AcDbEntity
  8
0
  6
HIDDEN
 48
25.0
100
AcDbLine
 10
124013.4254261763
 20
57283.22331858879
 30
0.0
 11
124013.4254261771
 21
55403.22331864331
 31
0.0
  0
LINE
  5
1B28AD
330
1A
100
AcDbEntity
  8
Tim
 48
10.0
100
AcDbLine
 10
124043.4254261769
 20
57883.22331864331
 30
0.0
 11
124043.425426177
 21
55373.22331864333
 31
0.0
  0
LINE
  5
1B28AE
330
1A
100
AcDbEntity
  8
0
  6
HIDDEN
 48
25.0
100
AcDbLine
 10
124073.4254261769
 20
57283.22331858879
 30
0.0
 11
124073.425426177
 21
55403.22331864331
 31
0.0
  0
LINE
  5
1B28AF
330
1A
100
AcDbEntity
  8
0
  6
HIDDEN
 48
25.0
100
AcDbLine
 10
124044.1754261769
 20
55393.52331864329
 30
0.0
 11
124044.1754261769
 21
55403.22331864331
 31
0.0
  0
LINE
  5
1B28B0
330
1A
100
AcDbEntity
  8
0
  6
HIDDEN
 48
25.0
100
AcDbLine
 10
124042.6754261769
 20
55393.52331864329
 30
0.0
 11
124042.6754261769
 21
55403.22331864331
 31
0.0
  0
LINE
  5
1B28B1
330
1A
100
AcDbEntity
  8
0
  6
HIDDEN
 48
25.0
100
AcDbLine
 10
124044.1754261769
 20
55393.52331864329
 30
0.0
 11
124042.6754261769
 21
55393.52331864329
 31
0.0
  0
LWPOLYLINE
  5
1B28B2
330
1A
100
AcDbEntity
  8
0
  6
HIDDEN
 48
25.0
100
AcDbPolyline
 90
        4
 70
     0
 43
0.0
 10
124013.4254261769
 20
55403.22331864331
 10
124073.4254261769
 20
55403.22331864331
 10
124043.4254261769
 20
55393.2233186433
 10
124013.4254261769
 20
55403.22331864331
  0
INSERT
  5
1B28B3
330
1A
100
AcDbEntity
  8
Dem tau
100
AcDbBlockReference
  2
Lamda 400H-3500L (mdung)
 10
123498.4254261768
 20
57913.22331864333
 30
0.0
  0
INSERT
  5
1B28B4
330
1A
100
AcDbEntity
  8
Dem tau
100
AcDbBlockReference
  2
Lamda 400H-3500L (mdung)
 10
123988.4254261768
 20
57913.22331864333
 30
0.0
  0
LWPOLYLINE
  5
1B28B5
330
1A
100
AcDbEntity
  8
0
100
AcDbPolyline
 90
        3
 70
     0
 43
0.0
 10
123478.4254261769
 20
57983.22331864332
 10
123478.4254261769
 20
57878.22331864334
 10
123598.4254261769
 20
57878.22331864334
  0
LWPOLYLINE
  5
1B28B6
330
1A
100
AcDbEntity
  8
0
100
AcDbPolyline
 90
        3
 70
     0
 43
0.0
 10
123968.4254261768
 20
57878.22331864334
 10
124088.4254261769
 20
57878.22331864334
 10
124088.4254261769
 20
58203.22331864335
  0
LINE
  5
1B28B7
330
1A
100
AcDbEntity
  8
0
100
AcDbLine
 10
123478.4254261769
 20
57983.22331864332
 30
0.0
 11
123478.4254261768
 21
58203.22331864336
 31
0.0
  0
LINE
  5
1B28B8
330
1A
100
AcDbEntity
  8
0
100
AcDbLine
 10
123598.4254261769
 20
57878.22331864334
 30
0.0
 11
123598.4254261769
 21
57983.22331864333
 31
0.0
  0
LINE
  5
1B28B9
330
1A
100
AcDbEntity
  8
Hatch coc
100
AcDbLine
 10
123808.4254261769
 20
57283.22331858879
 30
0.0
 11
123808.4254261769
 21
57978.22331864334
 31
0.0
  0
LINE
  5
1B28BA
330
1A
100
AcDbEntity
  8
Hatch coc
100
AcDbLine
 10
123798.4254261767
 20
57283.22331858879
 30
0.0
 11
123798.4254261769
 21
57978.22331864334
 31
0.0
  0
LINE
  5
1B28BB
330
1A
100
AcDbEntity
  8
Hatch coc
100
AcDbLine
 10
123768.4254261769
 20
57283.22331858879
 30
0.0
 11
123768.4254261769
 21
57978.22331864334
 31
0.0
  0
LINE
  5
1B28BC
330
1A
100
AcDbEntity
  8
Hatch coc
100
AcDbLine
 10
123758.4254261769
 20
57283.22331858879
 30
0.0
 11
123758.4254261769
 21
57978.22331864334
 31
0.0
  0
LINE
  5
1B28BD
330
1A
100
AcDbEntity
  8
0
100
AcDbLine
 10
123813.4254261769
 20
57983.22331864333
 30
0.0
 11
123813.4254261771
 21
57283.22331858879
 31
0.0
  0
LINE
  5
1B28BE
330
1A
100
AcDbEntity
  8
0
100
AcDbLine
 10
123753.4254261769
 20
57983.22331864333
 30
0.0
 11
123753.425426177
 21
57283.22331858879
 31
0.0
  0
LINE
  5
1B28BF
330
1A
100
AcDbEntity
  8
0
  6
HIDDEN
 48
25.0
100
AcDbLine
 10
123753.4254261762
 20
57283.22331858879
 30
0.0
 11
123753.4254261771
 21
55403.22331864331
 31
0.0
  0
LINE
  5
1B28C0
330
1A
100
AcDbEntity
  8
Tim
 48
10.0
100
AcDbLine
 10
123783.4254261769
 20
57983.22331864333
 30
0.0
 11
123783.425426177
 21
55373.22331864333
 31
0.0
  0
LINE
  5
1B28C1
330
1A
100
AcDbEntity
  8
0
  6
HIDDEN
 48
25.0
100
AcDbLine
 10
123813.4254261769
 20
57283.22331858879
 30
0.0
 11
123813.425426177
 21
55403.22331864331
 31
0.0
  0
LINE
  5
1B28C2
330
1A
100
AcDbEntity
  8
0
  6
HIDDEN
 48
25.0
100
AcDbLine
 10
123784.1754261769
 20
55393.52331864329
 30
0.0
 11
123784.1754261769
 21
55403.22331864331
 31
0.0
  0
LINE
  5
1B28C3
330
1A
100
AcDbEntity
  8
0
  6
HIDDEN
 48
25.0
100
AcDbLine
 10
123782.6754261769
 20
55393.52331864329
 30
0.0
 11
123782.6754261769
 21
55403.22331864331
 31
0.0
  0
LINE
  5
1B28C4
330
1A
100
AcDbEntity
  8
0
  6
HIDDEN
 48
25.0
100
AcDbLine
 10
123784.1754261769
 20
55393.52331864329
 30
0.0
 11
123782.6754261769
 21
55393.52331864329
 31
0.0
  0
LWPOLYLINE
  5
1B28C5
330
1A
100
AcDbEntity
  8
0
  6
HIDDEN
 48
25.0
100
AcDbPolyline
 90
        4
 70
     0
 43
0.0
 10
123753.4254261769
 20
55403.22331864331
 10
123813.4254261769
 20
55403.22331864331
 10
123783.4254261769
 20
55393.2233186433
 10
123753.4254261769
 20
55403.22331864331
  0
LINE
  5
1B28C6
330
1A
100
AcDbEntity
  8
0
100
AcDbLine
 10
118598.4254261767
 20
57983.22331864333
 30
0.0
 11
118968.4254261767
 21
57983.22331864333
 31
0.0
  0
LINE
  5
1B28C7
330
1A
100
AcDbEntity
  8
0
100
AcDbLine
 10
123598.4254261769
 20
57983.22331864333
 30
0.0
 11
123968.4254261769
 21
57983.22331864333
 31
0.0
  0
LINE
  5
1B28C8
330
1A
100
AcDbEntity
  8
0
100
AcDbLine
 10
123968.4254261768
 20
57878.22331864334
 30
0.0
 11
123968.4254261769
 21
57983.22331864333
 31
0.0
  0
TEXT
  5
1B28C9
330
1A
100
AcDbEntity
  8
Text
100
AcDbText
 10
111855.7482685996
 20
58416.60831053841
 30
0.0
 40
80.0
  1
bollard 30t
 41
0.65
 72
     2
 11
112385.6530305044
 21
58416.60831053841
 31
0.0
100
AcDbText
  0
TEXT
  5
1B28CA
330
1A
100
AcDbEntity
  8
Text
100
AcDbText
 10
118801.0765096261
 20
58391.74252565066
 30
0.0
 40
80.0
  1
bollard 30t
 41
0.65
 72
     2
 11
119330.9812715308
 21
58391.74252565066
 31
0.0
100
AcDbText
  0
TEXT
  5
1B28CB
330
1A
100
AcDbEntity
  8
Text
100
AcDbText
 10
129239.2324546449
 20
58391.74252565066
 30
0.0
 40
80.0
  1
bollard 30t
 41
0.65
 72
     2
 11
129769.1372165496
 21
58391.74252565066
 31
0.0
100
AcDbText
  0
LINE
  5
1B28CC
330
1A
100
AcDbEntity
  8
Da
100
AcDbLine
 10
111283.8213982224
 20
56183.22331864514
 30
0.0
 11
111288.8213982224
 21
56183.22331864514
 31
0.0
  0
LINE
  5
1B28CD
330
1A
100
AcDbEntity
  8
Da
100
AcDbLine
 10
111288.8213982224
 20
56183.22331864514
 30
0.0
 11
111288.8213982224
 21
56184.22331864514
 31
0.0
  0
LINE
  5
1B28CE
330
1A
100
AcDbEntity
  8
Tim
 48
10.0
100
AcDbLine
 10
114006.4254261689
 20
58068.22331864332
 30
0.0
 11
114006.4254263243
 21
54708.56275891495
 31
0.0
  0
LINE
  5
1B28CF
330
1A
100
AcDbEntity
  8
Tim
 48
10.0
100
AcDbLine
 10
114006.4254261689
 20
58068.22331864332
 30
0.0
 11
114006.425534853
 21
55248.22331864376
 31
0.0
  0
LWPOLYLINE
  5
1B28D0
330
1A
100
AcDbEntity
  8
0
  6
HIDDEN
 48
25.0
100
AcDbPolyline
 90
        4
 70
     0
 43
0.0
 10
113956.4254782211
 20
56717.74413464487
 10
113956.4255348531
 20
55248.22331671687
 10
114056.4255348531
 20
55248.22332057064
 10
114056.4254773781
 20
56739.61913849861
  0
LINE
  5
1B28D1
330
1A
100
AcDbEntity
  8
Tim
 48
10.0
100
AcDbLine
 10
114006.4254261767
 20
58068.22331864369
 30
0.0
 11
114006.425534853
 21
55248.22331864376
 31
0.0
  0
LINE
  5
1B28D2
330
1A
100
AcDbEntity
  8
Khuat 151
 48
10.0
100
AcDbLine
 10
113958.0254490888
 20
57473.68532960104
 30
0.0
 11
113958.0255348531
 21
55248.22331677855
 31
0.0
  0
LINE
  5
1B28D3
330
1A
100
AcDbEntity
  8
Khuat 151
 48
10.0
100
AcDbLine
 10
114054.8254381234
 20
57758.22332050898
 30
0.0
 11
114054.8255348531
 21
55248.22332050898
 31
0.0
  0
LINE
  5
1B28D4
330
1A
100
AcDbEntity
  8
0
100
AcDbLine
 10
114056.4254381234
 20
57758.22332057065
 30
0.0
 11
114056.4254781988
 21
56718.32215802694
 31
0.0
  0
LINE
  5
1B28D5
330
1A
100
AcDbEntity
  8
Hatch coc
100
AcDbLine
 10
114036.4254776047
 20
56733.74413452158
 30
0.0
 11
114036.4254381233
 21
57758.22331979989
 31
0.0
  0
LINE
  5
1B28D6
330
1A
100
AcDbEntity
  8
Hatch coc
100
AcDbLine
 10
113976.4254780669
 20
56721.74413461402
 30
0.0
 11
113976.4254448343
 21
57584.08530407369
 31
0.0
  0
LINE
  5
1B28D7
330
1A
100
AcDbEntity
  8
0
100
AcDbLine
 10
113956.4254494588
 20
57464.08533182069
 30
0.0
 11
113956.4254783231
 21
56715.09634772158
 31
0.0
  0
LINE
  5
1B28D8
330
1A
100
AcDbEntity
  8
Tim
 48
10.0
100
AcDbLine
 10
114006.4254261768
 20
58068.22331864369
 30
0.0
 11
114006.4254261766
 21
55151.22331858916
 31
0.0
  0
LWPOLYLINE
  5
1B28D9
330
1A
100
AcDbEntity
  8
0
100
AcDbPolyline
 90
        3
 70
     0
 43
0.0
 10
114020.6553536798
 20
57758.22331919178
 10
114071.4254381234
 20
57758.22332114834
 10
114071.4254334988
 20
57878.22331864334
  0
LWPOLYLINE
  5
1B28DA
330
1A
100
AcDbEntity
  8
0
100
AcDbPolyline
 90
        3
 70
     0
 43
0.0
 10
111620.6553536797
 20
57758.22331919178
 10
111671.4254381234
 20
57758.22332114834
 10
111671.4254334988
 20
57878.22331864336
  0
LINE
  5
1B28DB
330
1A
100
AcDbEntity
  8
Tim
 48
10.0
100
AcDbLine
 10
111606.4254261768
 20
58068.22331864332
 30
0.0
 11
111606.4254261766
 21
55151.22331858878
 31
0.0
  0
LINE
  5
1B28DC
330
1A
100
AcDbEntity
  8
Tim
 48
10.0
100
AcDbLine
 10
111606.4254261767
 20
58068.22331864331
 30
0.0
 11
111606.425534853
 21
55248.22331864339
 31
0.0
  0
LINE
  5
1B28DD
330
1A
100
AcDbEntity
  8
Khuat 151
 48
10.0
100
AcDbLine
 10
111558.0254490888
 20
57473.68532960067
 30
0.0
 11
111558.025534853
 21
55248.22331677817
 31
0.0
  0
LINE
  5
1B28DE
330
1A
100
AcDbEntity
  8
Khuat 151
 48
10.0
100
AcDbLine
 10
111654.8254381234
 20
57758.22332050861
 30
0.0
 11
111654.825534853
 21
55248.2233205086
 31
0.0
  0
LINE
  5
1B28DF
330
1A
100
AcDbEntity
  8
0
100
AcDbLine
 10
111656.4254381233
 20
57758.22332057027
 30
0.0
 11
111656.425494945
 21
56283.78096074308
 31
0.0
  0
LINE
  5
1B28E0
330
1A
100
AcDbEntity
  8
Hatch coc
100
AcDbLine
 10
111636.4254961027
 20
56253.7441382212
 30
0.0
 11
111636.4254381233
 21
57758.22331979952
 31
0.0
  0
LINE
  5
1B28E1
330
1A
100
AcDbEntity
  8
Hatch coc
100
AcDbLine
 10
111576.4254965649
 20
56241.74413831363
 30
0.0
 11
111576.4254448343
 21
57584.08530407333
 31
0.0
  0
LINE
  5
1B28E2
330
1A
100
AcDbEntity
  8
0
100
AcDbLine
 10
111556.4254494588
 20
57464.08533182032
 30
0.0
 11
111556.4254950693
 21
56280.55515043772
 31
0.0
  0
LINE
  5
1B28E3
330
1A
100
AcDbEntity
  8
Tim
 48
10.0
100
AcDbLine
 10
111606.4254261768
 20
58068.22331864332
 30
0.0
 11
111606.4254261766
 21
55151.22331858878
 31
0.0
  0
LINE
  5
1B28E4
330
1A
100
AcDbEntity
  8
Khuat 151
 48
10.0
100
AcDbLine
 10
111558.025534853
 20
55248.22331677817
 30
0.0
 11
111654.825534853
 21
55248.2233205086
 31
0.0
  0
LWPOLYLINE
  5
1B28E5
330
1A
100
AcDbEntity
  8
0
100
AcDbPolyline
 90
        3
 70
     0
 43
0.0
 10
111620.6553536797
 20
57758.22331919178
 10
111671.4254381234
 20
57758.22332114834
 10
111671.4254334988
 20
57878.22331864336
  0
INSERT
  5
1B28E6
330
1A
100
AcDbEntity
  8
Da
100
AcDbBlockReference
  2
A$C4AE13D6C
 10
111606.4254261767
 20
58333.22331864332
 30
0.0
  0
INSERT
  5
1B28E7
330
1A
100
AcDbEntity
  8
Da
100
AcDbBlockReference
  2
A$C4AE13D6C
 10
112806.4254261767
 20
58333.22331864333
 30
0.0
  0
INSERT
  5
1B28E8
330
1A
100
AcDbEntity
  8
Da
100
AcDbBlockReference
  2
A$C4AE13D6C
 10
114531.4254263452
 20
58333.22331864331
 30
0.0
  0
INSERT
  5
1B28E9
330
1A
100
AcDbEntity
  8
Da
100
AcDbBlockReference
  2
A$C4AE13D6C
 10
116443.4254261766
 20
58333.22331864333
 30
0.0
  0
INSERT
  5
1B28EA
330
1A
100
AcDbEntity
  8
Da
100
AcDbBlockReference
  2
A$C4AE13D6C
 10
118538.4254261766
 20
58333.22331864331
 30
0.0
  0
INSERT
  5
1B28EB
330
1A
100
AcDbEntity
  8
Da
100
AcDbBlockReference
  2
A$C4AE13D6C
 10
120603.4254261766
 20
58333.22331864334
 30
0.0
  0
INSERT
  5
1B28EC
330
1A
100
AcDbEntity
  8
Da
100
AcDbBlockReference
  2
A$C4AE13D6C
 10
122483.4254261768
 20
58333.22331864332
 30
0.0
  0
INSERT
  5
1B28ED
330
1A
100
AcDbEntity
  8
Da
100
AcDbBlockReference
  2
A$C4AE13D6C
 10
124563.4254261768
 20
58333.22331864334
 30
0.0
  0
INSERT
  5
1B28EE
330
1A
100
AcDbEntity
  8
Da
100
AcDbBlockReference
  2
A$C4AE13D6C
 10
126963.4254261766
 20
58333.22331864334
 30
0.0
  0
INSERT
  5
1B28EF
330
1A
100
AcDbEntity
  8
Da
100
AcDbBlockReference
  2
A$C4AE13D6C
 10
129043.4254261765
 20
58333.22331864334
 30
0.0
  0
INSERT
  5
1B28F0
330
1A
100
AcDbEntity
  8
Da
100
AcDbBlockReference
  2
A$C4AE13D6C
 10
131123.4254261766
 20
58333.22331864334
 30
0.0
  0
LINE
  5
1B28F1
330
1A
100
AcDbEntity
  8
0
100
AcDbLine
 10
120143.4254261767
 20
58203.22331864335
 30
0.0
 11
120543.4254261767
 21
58203.22331864335
 31
0.0
  0
LINE
  5
1B28F2
330
1A
100
AcDbEntity
  8
0
100
AcDbLine
 10
120663.4254261767
 20
58203.22331864335
 30
0.0
 11
121063.4254261767
 21
58203.22331864335
 31
0.0
  0
LINE
  5
1B28F3
330
1A
100
AcDbEntity
  8
0
100
AcDbLine
 10
121183.4254261767
 20
58203.22331864335
 30
0.0
 11
121383.4254261769
 21
58203.22331864335
 31
0.0
  0
LINE
  5
1B28F4
330
1A
100
AcDbEntity
  8
0
100
AcDbLine
 10
121503.4254261769
 20
58203.22331864335
 30
0.0
 11
121903.4254261769
 21
58203.22331864335
 31
0.0
  0
LINE
  5
1B28F5
330
1A
100
AcDbEntity
  8
0
100
AcDbLine
 10
122023.4254261769
 20
58203.22331864335
 30
0.0
 11
122423.4254261769
 21
58203.22331864335
 31
0.0
  0
LINE
  5
1B28F6
330
1A
100
AcDbEntity
  8
0
100
AcDbLine
 10
122543.4254261769
 20
58203.22331864335
 30
0.0
 11
122943.4254261769
 21
58203.22331864335
 31
0.0
  0
LINE
  5
1B28F7
330
1A
100
AcDbEntity
  8
0
100
AcDbLine
 10
123063.4254261769
 20
58203.22331864335
 30
0.0
 11
123478.4254261769
 21
58203.22331864336
 31
0.0
  0
LINE
  5
1B28F8
330
1A
100
AcDbEntity
  8
0
100
AcDbLine
 10
124088.4254261769
 20
58203.22331864335
 30
0.0
 11
124503.4254261769
 21
58203.22331864335
 31
0.0
  0
LINE
  5
1B28F9
330
1A
100
AcDbEntity
  8
0
100
AcDbLine
 10
124623.4254261769
 20
58203.22331864335
 30
0.0
 11
125023.4254261769
 21
58203.22331864335
 31
0.0
  0
LINE
  5
1B28FA
330
1A
100
AcDbEntity
  8
0
100
AcDbLine
 10
125143.4254261769
 20
58203.22331864335
 30
0.0
 11
125543.4254261769
 21
58203.22331864335
 31
0.0
  0
LINE
  5
1B28FB
330
1A
100
AcDbEntity
  8
0
100
AcDbLine
 10
125663.4254261769
 20
58203.22331864335
 30
0.0
 11
126063.4254261769
 21
58203.22331864335
 31
0.0
  0
LINE
  5
1B28FC
330
1A
100
AcDbEntity
  8
0
100
AcDbLine
 10
126183.4254261769
 20
58203.22331864335
 30
0.0
 11
126383.4254261767
 21
58203.22331864335
 31
0.0
  0
LINE
  5
1B28FD
330
1A
100
AcDbEntity
  8
0
100
AcDbLine
 10
126503.4254261767
 20
58203.22331864335
 30
0.0
 11
126903.4254261767
 21
58203.22331864335
 31
0.0
  0
LINE
  5
1B28FE
330
1A
100
AcDbEntity
  8
0
100
AcDbLine
 10
127023.4254261767
 20
58203.22331864335
 30
0.0
 11
127423.4254261767
 21
58203.22331864335
 31
0.0
  0
LINE
  5
1B28FF
330
1A
100
AcDbEntity
  8
0
100
AcDbLine
 10
127543.4254261767
 20
58203.22331864335
 30
0.0
 11
127943.4254261767
 21
58203.22331864335
 31
0.0
  0
LINE
  5
1B2900
330
1A
100
AcDbEntity
  8
0
100
AcDbLine
 10
128063.4254261767
 20
58203.22331864335
 30
0.0
 11
128463.4254261767
 21
58203.22331864335
 31
0.0
  0
LINE
  5
1B2901
330
1A
100
AcDbEntity
  8
0
100
AcDbLine
 10
128583.4254261767
 20
58203.22331864335
 30
0.0
 11
128983.4254261767
 21
58203.22331864335
 31
0.0
  0
LINE
  5
1B2902
330
1A
100
AcDbEntity
  8
0
100
AcDbLine
 10
129103.4254261767
 20
58203.22331864335
 30
0.0
 11
129503.4254261767
 21
58203.22331864335
 31
0.0
  0
LINE
  5
1B2903
330
1A
100
AcDbEntity
  8
0
100
AcDbLine
 10
129623.4254261767
 20
58203.22331864335
 30
0.0
 11
130023.4254261767
 21
58203.22331864335
 31
0.0
  0
LINE
  5
1B2904
330
1A
100
AcDbEntity
  8
0
100
AcDbLine
 10
130143.4254261767
 20
58203.22331864336
 30
0.0
 11
130543.4254261767
 21
58203.22331864336
 31
0.0
  0
LINE
  5
1B2905
330
1A
100
AcDbEntity
  8
0
100
AcDbLine
 10
130663.4254261767
 20
58203.22331864336
 30
0.0
 11
131063.4254261767
 21
58203.22331864336
 31
0.0
  0
LINE
  5
1B2906
330
1A
100
AcDbEntity
  8
0
100
AcDbLine
 10
131183.4254261767
 20
58203.22331864336
 30
0.0
 11
131283.4254261767
 21
58203.22331864336
 31
0.0
  0
LINE
  5
1B2907
330
1A
100
AcDbEntity
  8
0
100
AcDbLine
 10
112266.4254261768
 20
58203.22331864336
 30
0.0
 11
112746.4254261768
 21
58203.22331864333
 31
0.0
  0
LINE
  5
1B2908
330
1A
100
AcDbEntity
  8
0
100
AcDbLine
 10
111281.4254261768
 20
58068.22331864336
 30
0.0
 11
111321.4254261768
 21
58068.22331864336
 31
0.0
  0
LINE
  5
1B2909
330
1A
100
AcDbEntity
  8
Hatch
100
AcDbLine
 10
113926.4254261768
 20
58138.22331864362
 30
0.0
 11
113466.4254261768
 21
58138.22331864362
 31
0.0
  0
LINE
  5
1B290A
330
1A
100
AcDbEntity
  8
Hatch
100
AcDbLine
 10
113346.4254261768
 20
58138.22331864362
 30
0.0
 11
112866.4254261768
 21
58138.22331864362
 31
0.0
  0
LINE
  5
1B290B
330
1A
100
AcDbEntity
  8
Hatch
100
AcDbLine
 10
112746.4254261768
 20
58138.22331864362
 30
0.0
 11
112266.4254261768
 21
58138.22331864362
 31
0.0
  0
LINE
  5
1B290C
330
1A
100
AcDbEntity
  8
Hatch
100
AcDbLine
 10
112146.4254261768
 20
58138.22331864362
 30
0.0
 11
111686.4254261768
 21
58138.22331864362
 31
0.0
  0
LINE
  5
1B290E
330
1A
100
AcDbEntity
  8
Hatch
100
AcDbLine
 10
111526.4254261768
 20
58068.22331864333
 30
0.0
 11
111321.4254261768
 21
58068.22331864336
 31
0.0
  0
LINE
  5
1B2910
330
1A
100
AcDbEntity
  8
Hatch
100
AcDbLine
 10
116281.4254261767
 20
58138.2233186436
 30
0.0
 11
116166.4254261767
 21
58138.2233186436
 31
0.0
  0
LINE
  5
1B2911
330
1A
100
AcDbEntity
  8
Hatch
100
AcDbLine
 10
116046.4254261768
 20
58138.2233186436
 30
0.0
 11
115641.4254263454
 21
58138.22331864361
 31
0.0
  0
LINE
  5
1B2912
330
1A
100
AcDbEntity
  8
Hatch
100
AcDbLine
 10
115521.4254263454
 20
58138.22331864362
 30
0.0
 11
115116.4254263455
 21
58138.22331864362
 31
0.0
  0
LINE
  5
1B2913
330
1A
100
AcDbEntity
  8
Hatch
100
AcDbLine
 10
114996.4254263455
 20
58138.22331864363
 30
0.0
 11
114591.4254263454
 21
58138.22331864364
 31
0.0
  0
LINE
  5
1B2914
330
1A
100
AcDbEntity
  8
Hatch
100
AcDbLine
 10
114471.4254263453
 20
58138.22331864365
 30
0.0
 11
114086.4254261767
 21
58138.22331864366
 31
0.0
  0
LWPOLYLINE
  5
1B2917
330
1A
100
AcDbEntity
  8
0
100
AcDbPolyline
 90
        4
 70
     0
 43
0.0
 10
111351.4254261768
 20
58068.22331864334
 10
111351.4254261768
 20
58048.22331864335
 10
111461.4254261768
 20
58048.22331864334
 10
111461.4254261768
 20
58068.22331864336
  0
LINE
  5
1B3660
330
1A
100
AcDbEntity
  8
Hatch
100
AcDbLine
 10
116281.4254261767
 20
58203.22331864352
 30
0.0
 11
116281.4254261767
 21
58138.22331864363
 31
0.0
  0
LINE
  5
1B36C2
330
1A
100
AcDbEntity
  8
0
100
AcDbLine
 10
111526.4254261768
 20
58243.22331864336
 30
0.0
 11
111526.4254261768
 21
58323.82331852255
 31
0.0
  0
LINE
  5
1B36C3
330
1A
100
AcDbEntity
  8
0
100
AcDbLine
 10
111466.4254261768
 20
58243.22331864336
 30
0.0
 11
111466.4254261768
 21
58323.82331852255
 31
0.0
  0
LINE
  5
1B36C4
330
1A
100
AcDbEntity
  8
0
100
AcDbLine
 10
111466.4254261768
 20
58243.22331864336
 30
0.0
 11
111526.4254261768
 21
58243.22331864336
 31
0.0
  0
LWPOLYLINE
  5
1B36C5
330
1A
100
AcDbEntity
  8
BORDER
100
AcDbPolyline
 90
        9
 70
     1
 43
0.0
 10
111536.425426293
 20
58332.82331863875
 42
-0.4142135623730951
 10
111536.8254262977
 20
58333.22331864335
 10
111537.4254263046
 20
58333.22331864335
 10
111537.4254263046
 20
58323.22331851559
 10
111526.4254261768
 20
58323.22331851558
 10
111526.4254261768
 20
58323.82331852258
 42
-0.4142135623730951
 10
111526.8254261815
 20
58324.22331852716
 10
111535.2254262791
 20
58324.22331852717
 42
0.4142135623730951
 10
111536.425426293
 20
58325.42331854114
  0
LWPOLYLINE
  5
1B36C6
330
1A
100
AcDbEntity
  8
BORDER
100
AcDbPolyline
 90
        9
 70
     1
 43
0.0
 10
111456.4254260606
 20
58332.82331863875
 42
0.4142135623730951
 10
111456.0254260559
 20
58333.22331864335
 10
111455.425426049
 20
58333.22331864335
 10
111455.425426049
 20
58323.22331851559
 10
111466.4254261768
 20
58323.22331851558
 10
111466.4254261767
 20
58323.82331852258
 42
0.4142135623730951
 10
111466.0254261721
 20
58324.22331852716
 10
111457.6254260745
 20
58324.22331852717
 42
-0.4142135623730951
 10
111456.4254260606
 20
58325.42331854114
  0
LWPOLYLINE
  5
1B36C7
330
1A
100
AcDbEntity
  8
BORDER
100
AcDbPolyline
 90
        4
 70
     1
 43
0.0
 10
111534.8254262744
 20
58324.22331852715
 10
111458.0254260606
 20
58324.22331852711
 10
111458.0254260606
 20
58333.22331864331
 10
111534.8254262744
 20
58333.22331864333
  0
LINE
  5
1B36D7
330
1A
100
AcDbEntity
  8
0
100
AcDbLine
 10
111307.6509345136
 20
58068.22331864336
 30
0.0
 11
111281.4254261768
 21
58068.22331864336
 31
0.0
  0
LINE
  5
1B3720
330
1A
100
AcDbEntity
  8
Hatch
100
AcDbLine
 10
116283.4254261767
 20
58188.22331864332
 30
0.0
 11
116383.4254261767
 21
58188.22331864332
 31
0.0
1001
AcDbBlockRepETag
1070
     1
1071
      910
1005
0
  0
LINE
  5
1B3722
330
1A
100
AcDbEntity
  8
Hatch
100
AcDbLine
 10
116503.4254261767
 20
58188.22331864332
 30
0.0
 11
116903.4254261767
 21
58188.22331864332
 31
0.0
1001
AcDbBlockRepETag
1070
     1
1071
      910
1005
0
  0
LINE
  5
1B3723
330
1A
100
AcDbEntity
  8
Hatch
100
AcDbLine
 10
117023.4254261767
 20
58188.22331864332
 30
0.0
 11
117423.4254261767
 21
58188.22331864332
 31
0.0
1001
AcDbBlockRepETag
1070
     1
1071
      910
1005
0
  0
LINE
  5
1B3724
330
1A
100
AcDbEntity
  8
Hatch
100
AcDbLine
 10
117543.4254261767
 20
58188.22331864332
 30
0.0
 11
117943.4254261767
 21
58188.22331864332
 31
0.0
1001
AcDbBlockRepETag
1070
     1
1071
      910
1005
0
  0
LINE
  5
1B3725
330
1A
100
AcDbEntity
  8
Hatch
100
AcDbLine
 10
118063.4254261767
 20
58188.22331864332
 30
0.0
 11
118478.4254261767
 21
58188.22331864332
 31
0.0
1001
AcDbBlockRepETag
1070
     1
1071
      910
1005
0
  0
LINE
  5
1B3726
330
1A
100
AcDbEntity
  8
Hatch
100
AcDbLine
 10
119088.4254261767
 20
58188.22331864332
 30
0.0
 11
119503.4254261767
 21
58188.22331864332
 31
0.0
1001
AcDbBlockRepETag
1070
     1
1071
      910
1005
0
  0
LINE
  5
1B3727
330
1A
100
AcDbEntity
  8
Hatch
100
AcDbLine
 10
119623.4254261767
 20
58188.22331864332
 30
0.0
 11
120023.4254261767
 21
58188.22331864332
 31
0.0
1001
AcDbBlockRepETag
1070
     1
1071
      910
1005
0
  0
LINE
  5
1B3728
330
1A
100
AcDbEntity
  8
Hatch
100
AcDbLine
 10
120143.4254261767
 20
58188.22331864332
 30
0.0
 11
120543.4254261767
 21
58188.22331864332
 31
0.0
1001
AcDbBlockRepETag
1070
     1
1071
      910
1005
0
  0
LINE
  5
1B3729
330
1A
100
AcDbEntity
  8
Hatch
100
AcDbLine
 10
120663.4254261767
 20
58188.22331864332
 30
0.0
 11
121063.4254261767
 21
58188.22331864332
 31
0.0
1001
AcDbBlockRepETag
1070
     1
1071
      910
1005
0
  0
LINE
  5
1B372A
330
1A
100
AcDbEntity
  8
Hatch
100
AcDbLine
 10
121183.4254261767
 20
58188.22331864332
 30
0.0
 11
121383.4254261769
 21
58188.22331864332
 31
0.0
1001
AcDbBlockRepETag
1070
     1
1071
      910
1005
0
  0
LINE
  5
1B372B
330
1A
100
AcDbEntity
  8
Hatch
100
AcDbLine
 10
121503.4254261769
 20
58188.22331864332
 30
0.0
 11
131283.4254261767
 21
58188.2233186433
 31
0.0
1001
AcDbBlockRepETag
1070
     1
1071
      910
1005
0
  0
VIEWPORT
  5
18DAEE
330
17
100
AcDbEntity
 67
     1
  8
0
100
AcDbViewport
 10
8323.437290460287
 20
367.049176159755
 30
0.0
 40
30777.44148779755
 41
13190.33206619895
 68
     1
 69
     1
 12
8323.437290460287
 22
367.049176159755
 13
0.0
 23
0.0
 14
10.0
 24
10.0
 15
10.0
 25
10.0
 16
0.0
 26
0.0
 36
1.0
 17
0.0
 27
0.0
 37
0.0
 42
50.0
 43
0.0
 44
0.0
 45
13190.33206619895
 50
0.0
 51
0.0
 72
 20000
 90
   819232
  1

281
     0
 71
     1
 74
     0
110
0.0
120
0.0
130
0.0
111
1.0
121
0.0
131
0.0
112
0.0
122
1.0
132
0.0
 79
     0
146
0.0
170
     0
 61
     5
348
175EA9
292
     1
282
     1
141
0.0
142
0.0
 63
   250
421
  3355443
  0
TEXT
  5
18DB62
330
17
100
AcDbEntity
 67
     1
  8
Text
100
AcDbText
 10
14011.66254481375
 20
-579.3210143038172
 30
0.0
 40
140.0
  1
lateral side at the upstream
 41
0.7332993486574841
  7
CMB-2
 72
     5
 11
16051.66934483636
 21
-579.3210143038172
 31
0.0
100
AcDbText
  0
LWPOLYLINE
  5
191816
330
17
100
AcDbEntity
 67
     1
  8
DEFPOINTS
100
AcDbPolyline
 90
        4
 70
     1
 43
0.0
 10
926.4317114198856
 20
5401.178981435449
 10
13926.47504487147
 20
5401.178981435449
 10
13579.73979704531
 20
-598.8210185645075
 10
926.4317114198856
 20
-598.8210185645075
  0
VIEWPORT
  5
191819
330
17
100
AcDbEntity
 67
     1
  8
DEFPOINTS
100
AcDbViewport
 10
7253.085754232597
 20
1218.354391364575
 30
0.0
 40
12653.30808562542
 41
5999.999999999957
 68
     2
 69
     2
 12
115547.6355436422
 22
56682.8808130795
 13
0.0
 23
0.0
 14
1.0
 24
1.0
 15
0.0
 25
0.0
 16
0.0
 26
0.0
 36
1.0
 17
0.0
 27
0.0
 37
0.0
 42
50.0
 43
0.0
 44
0.0
 45
5999.999999999957
 50
0.0
 51
0.0
 72
 20000
 90
   835616
  1

281
     0
 71
     1
 74
     0
110
0.0
120
0.0
130
0.0
111
1.0
121
0.0
131
0.0
112
0.0
122
1.0
132
0.0
 79
     0
146
0.0
170
     0
 61
     5
348
175EA9
292
     1
282
     1
141
0.0
142
0.0
 63
   250
421
  3355443
  0
LWPOLYLINE
  5
191961
330
17
100
AcDbEntity
 67
     1
  8
0
  6
Continuous
 62
     0
100
AcDbPolyline
 90
        6
 70
     0
 43
0.0
 10
13579.73979704532
 20
2940.531762830631
 10
13579.73979704532
 20
1433.427610592507
 10
13511.05286155888
 20
1408.427610592518
 10
13648.42673253165
 20
1358.427610592518
 10
13579.73979704532
 20
1333.427610592507
 10
13579.73979704532
 20
-611.380514328006
  0
WIPEOUT
  5
191963
330
17
100
AcDbEntity
 67
     1
  8
Text
 92
      236
310
EC00000001000000E40000000600000009000000A469ABB1DE85CA40C16D9B2E185AB2400000000000000000A469ABB1DE85CA4069AAC509FBEDA840000000000000000048E52AC48663CA4081AAC509FBBBA8400000000000000000C8ED2B9F36A8CA4081AAC509FB57A8400000000000000000A469ABB1DE85CA4069AAC5
310
09FB25A8400000000000000000A469ABB1DE85CA4011F2718EBAE8914000000000000000008D3545CE3C33CB4011F2718EBAE8914000000000000000004F4E45CE3C33CB40C1800A315576B2400000000000000000A469ABB1DE85CA40C16D9B2E185AB2400000000000000000
100
AcDbWipeout
 90
        0
 10
13511.05286155887
 20
1146.182184009932
 30
0.0
 11
3580.150595546756
 21
0.0
 31
0.0
 12
0.0
 22
3580.150595546756
 32
0.0
 13
1.0
 23
1.0
340
0
 70
     7
280
     1
281
    50
282
    50
283
     0
360
0
 71
     2
 91
        9
 14
-0.480814512224185
 24
-0.4921125333601212
 14
-0.480814512224185
 24
-0.071151427949425
 14
-0.5
 24
-0.0641684814691609
 14
-0.4616290244483979
 24
-0.0502025885086263
 14
-0.480814512224185
 24
-0.0432196420283559
 14
-0.480814512224185
 24
0.5
 14
-0.383965165088493
 24
0.5
 14
-0.3839651650852725
 24
-0.5
 14
-0.480814512224185
 24
-0.4921125333601212
  0
WIPEOUT
  5
191964
330
17
100
AcDbEntity
 67
     1
  8
Text
 92
      236
310
EC00000001000000E40000000600000009000000402509C0E7A39240E0EF5212D79064C00000000000000000402509C0E7A39240F62A2BC5696B9EC00000000000000000E0030554289191403D2B2BC569CF9EC00000000000000000A0470D2CA7B693403D2B2BC569979FC00000000000000000402509C0E7A39240F62A2B
310
C569FB9FC00000000000000000402509C0E7A39240880B6A88AC9DB0C00000000000000000C0ED1D2574F38C40880B6A88AC9DB0C00000000000000000C0ED1D2574F38C40C0E5B5DE85C058C00000000000000000402509C0E7A39240E0EF5212D79064C00000000000000000
100
AcDbWipeout
 90
        0
 10
926.4317114198856
 20
-4253.67395651609
 30
0.0
 11
4154.665785741978
 21
0.0
 31
0.0
 12
0.0
 22
4154.665785741978
 32
0.0
 13
1.0
 23
1.0
340
0
 70
     7
280
     1
281
    50
282
    50
283
     0
360
0
 71
     2
 91
        9
 14
-0.4358445129351925
 24
-0.48423023981725
 14
-0.4358445129351925
 24
-0.0552361571974205
 14
-0.4523769944941358
 24
-0.0492188260114051
 14
-0.4193120313762352
 24
-0.0371841636393822
 14
-0.4358445129351925
 24
-0.0311668324533747
 14
-0.4358445129351925
 24
0.5
 14
-0.5
 24
0.5
 14
-0.5
 24
-0.5
 14
-0.4358445129351925
 24
-0.48423023981725
  0
DIMENSION
  5
192197
330
17
100
AcDbEntity
 67
     1
  8
Kich thuoc
100
AcDbDimension
  2
*D3
 10
3086.875636767232
 20
-1135.923327774269
 30
0.0
 11
2779.103850107989
 21
-1035.923327774269
 31
0.0
 70
   160
 71
     5
 42
100.0
 73
     0
 74
     0
 75
     0
  3
Dim 500
100
AcDbAlignedDimension
 13
2986.875636767232
 23
-611.380514328006
 33
0.0
 14
3086.875636767232
 24
-611.380514328006
 34
0.0
100
AcDbRotatedDimension
  0
DIMENSION
  5
1921A6
330
17
100
AcDbEntity
 67
     1
  8
Kich thuoc
100
AcDbDimension
  2
*D4
 10
3311.875636767101
 20
-1135.923327774269
 30
0.0
 11
3199.375636767167
 21
-1055.923327774269
 31
0.0
 70
    32
 71
     5
 42
224.999999999869
 73
     0
 74
     0
 75
     0
  3
Dim 500
100
AcDbAlignedDimension
 13
3086.875636767232
 23
-611.380514328006
 33
0.0
 14
3311.875636767101
 24
-611.380514328006
 34
0.0
100
AcDbRotatedDimension
  0
DIMENSION
  5
1921B5
330
17
100
AcDbEntity
 67
     1
  8
Kich thuoc
100
AcDbDimension
  2
*D5
 10
3911.875636767145
 20
-1135.923327774269
 30
0.0
 11
3611.875636767123
 21
-1055.923327774269
 31
0.0
 70
    32
 71
     5
 42
600.0000000000436
 73
     0
 74
     0
 75
     0
  3
Dim 500
100
AcDbAlignedDimension
 13
3311.875636767101
 23
-611.380514328006
 33
0.0
 14
3911.875636767145
 24
-611.380514328006
 34
0.0
100
AcDbRotatedDimension
  0
DIMENSION
  5
1921C2
330
17
100
AcDbEntity
 67
     1
  8
Kich thuoc
100
AcDbDimension
  2
*D6
 10
4511.875636767145
 20
-1135.923327774269
 30
0.0
 11
4211.875636767145
 21
-1055.923327774269
 31
0.0
 70
    32
 71
     5
 42
600.0
 73
     0
 74
     0
 75
     0
  3
Dim 500
100
AcDbAlignedDimension
 13
3911.875636767145
 23
-611.380514328006
 33
0.0
 14
4511.875636767145
 24
-611.380514328006
 34
0.0
100
AcDbRotatedDimension
  0
DIMENSION
  5
1921CF
330
17
100
AcDbEntity
 67
     1
  8
Kich thuoc
100
AcDbDimension
  2
*D7
 10
5111.875636767145
 20
-1135.923327774269
 30
0.0
 11
4811.875636767145
 21
-1055.923327774269
 31
0.0
 70
    32
 71
     5
 42
600.0
 73
     0
 74
     0
 75
     0
  3
Dim 500
100
AcDbAlignedDimension
 13
4511.875636767145
 23
-611.380514328006
 33
0.0
 14
5111.875636767145
 24
-611.380514328006
 34
0.0
100
AcDbRotatedDimension
  0
DIMENSION
  5
1921DC
330
17
100
AcDbEntity
 67
     1
  8
Kich thuoc
100
AcDbDimension
  2
*D8
 10
5711.875636767233
 20
-1135.923327774269
 30
0.0
 11
5411.875636767188
 21
-1055.923327774269
 31
0.0
 70
    32
 71
     5
 42
600.0000000000881
 73
     0
 74
     0
 75
     0
  3
Dim 500
100
AcDbAlignedDimension
 13
5111.875636767145
 23
-611.380514328006
 33
0.0
 14
5711.875636767233
 24
-611.380514328006
 34
0.0
100
AcDbRotatedDimension
  0
DIMENSION
  5
1921E9
330
17
100
AcDbEntity
 67
     1
  8
Kich thuoc
100
AcDbDimension
  2
*D9
 10
6236.875636922952
 20
-1135.923327774269
 30
0.0
 11
5974.375636845092
 21
-1055.923327774269
 31
0.0
 70
    32
 71
     5
 42
525.0000001557191
 73
     0
 74
     0
 75
     0
  3
Dim 500
100
AcDbAlignedDimension
 13
5711.875636767233
 23
-611.380514328006
 33
0.0
 14
6236.875636922952
 24
-611.380514328006
 34
0.0
100
AcDbRotatedDimension
  0
DIMENSION
  5
1921F6
330
17
100
AcDbEntity
 67
     1
  8
Kich thuoc
100
AcDbDimension
  2
*D10
 10
6761.875636923011
 20
-1135.923327774269
 30
0.0
 11
6499.375636922981
 21
-1055.923327774269
 31
0.0
 70
    32
 71
     5
 42
525.0000000000581
 73
     0
 74
     0
 75
     0
  3
Dim 500
100
AcDbAlignedDimension
 13
6236.875636922952
 23
-611.380514328006
 33
0.0
 14
6761.875636923011
 24
-611.380514328006
 34
0.0
100
AcDbRotatedDimension
  0
DIMENSION
  5
192203
330
17
100
AcDbEntity
 67
     1
  8
Kich thuoc
100
AcDbDimension
  2
*D11
 10
7286.875636922953
 20
-1135.923327774269
 30
0.0
 11
7024.375636922981
 21
-1055.923327774269
 31
0.0
 70
    32
 71
     5
 42
524.9999999999418
 73
     0
 74
     0
 75
     0
  3
Dim 500
100
AcDbAlignedDimension
 13
6761.875636923011
 23
-611.380514328006
 33
0.0
 14
7286.875636922953
 24
-611.380514328006
 34
0.0
100
AcDbRotatedDimension
  0
DIMENSION
  5
192210
330
17
100
AcDbEntity
 67
     1
  8
Kich thuoc
100
AcDbDimension
  2
*D12
 10
7811.875636754312
 20
-1135.923327774269
 30
0.0
 11
7549.375636838631
 21
-1055.923327774269
 31
0.0
 70
    32
 71
     5
 42
524.9999998313588
 73
     0
 74
     0
 75
     0
  3
Dim 500
100
AcDbAlignedDimension
 13
7286.875636922953
 23
-611.380514328006
 33
0.0
 14
7811.875636754312
 24
-611.380514328006
 34
0.0
100
AcDbRotatedDimension
  0
DIMENSION
  5
19221D
330
17
100
AcDbEntity
 67
     1
  8
Kich thuoc
100
AcDbDimension
  2
*D13
 10
7986.875636767233
 20
-1135.923327774269
 30
0.0
 11
7737.668340417833
 21
-911.2339288640779
 31
0.0
 70
   160
 71
     5
 42
175.0000000129221
 73
     0
 74
     0
 75
     0
  3
Dim 500
100
AcDbAlignedDimension
 13
7811.875636754312
 23
-611.380514328006
 33
0.0
 14
7986.875636767233
 24
-611.380514328006
 34
0.0
100
AcDbRotatedDimension
  0
DIMENSION
  5
19222C
330
17
100
AcDbEntity
 67
     1
  8
Kich thuoc
100
AcDbDimension
  2
*D14
 10
7988.875636767116
 20
-1135.923327774269
 30
0.0
 11
7987.875636767175
 21
-1055.923327774269
 31
0.0
 70
    32
 71
     5
 42
1.999999999883584
 73
     0
 74
     0
 75
     0
  3
Dim 500
100
AcDbAlignedDimension
 13
7986.875636767233
 23
-611.380514328006
 33
0.0
 14
7988.875636767116
 24
-611.380514328006
 34
0.0
100
AcDbRotatedDimension
  0
DIMENSION
  5
19223B
330
17
100
AcDbEntity
 67
     1
  8
Kich thuoc
100
AcDbDimension
  2
*D15
 10
8148.875636767247
 20
-1135.923327774269
 30
0.0
 11
8258.126518869786
 21
-911.2339288640779
 31
0.0
 70
   160
 71
     5
 42
160.00000000013
 73
     0
 74
     0
 75
     0
  3
Dim 500
100
AcDbAlignedDimension
 13
7988.875636767116
 23
-611.380514328006
 33
0.0
 14
8148.875636767247
 24
-611.380514328006
 34
0.0
100
AcDbRotatedDimension
  0
DIMENSION
  5
19224A
330
17
100
AcDbEntity
 67
     1
  8
Kich thuoc
100
AcDbDimension
  2
*D16
 10
8668.875636767246
 20
-1135.923327774269
 30
0.0
 11
8408.875636767247
 21
-1055.923327774269
 31
0.0
 70
    32
 71
     5
 42
520.0
 73
     0
 74
     0
 75
     0
  3
Dim 500
100
AcDbAlignedDimension
 13
8148.875636767247
 23
-611.380514328006
 33
0.0
 14
8668.875636767246
 24
-611.380514328006
 34
0.0
100
AcDbRotatedDimension
  0
DIMENSION
  5
192257
330
17
100
AcDbEntity
 67
     1
  8
Kich thuoc
100
AcDbDimension
  2
*D17
 10
9188.875636767248
 20
-1135.923327774269
 30
0.0
 11
8928.875636767246
 21
-1055.923327774269
 31
0.0
 70
    32
 71
     5
 42
520.0
 73
     0
 74
     0
 75
     0
  3
Dim 500
100
AcDbAlignedDimension
 13
8668.875636767246
 23
-611.380514328006
 33
0.0
 14
9188.875636767248
 24
-611.380514328006
 34
0.0
100
AcDbRotatedDimension
  0
DIMENSION
  5
192264
330
17
100
AcDbEntity
 67
     1
  8
Kich thuoc
100
AcDbDimension
  2
*D18
 10
9708.875636767247
 20
-1135.923327774269
 30
0.0
 11
9448.875636767246
 21
-1055.923327774269
 31
0.0
 70
    32
 71
     5
 42
520.0
 73
     0
 74
     0
 75
     0
  3
Dim 500
100
AcDbAlignedDimension
 13
9188.875636767248
 23
-611.380514328006
 33
0.0
 14
9708.875636767247
 24
-611.380514328006
 34
0.0
100
AcDbRotatedDimension
  0
DIMENSION
  5
192271
330
17
100
AcDbEntity
 67
     1
  8
Kich thuoc
100
AcDbDimension
  2
*D19
 10
10228.87563676724
 20
-1135.923327774269
 30
0.0
 11
9968.875636767247
 21
-1055.923327774269
 31
0.0
 70
    32
 71
     5
 42
520.0
 73
     0
 74
     0
 75
     0
  3
Dim 500
100
AcDbAlignedDimension
 13
9708.875636767247
 23
-611.380514328006
 33
0.0
 14
10228.87563676724
 24
-611.380514328006
 34
0.0
100
AcDbRotatedDimension
  0
DIMENSION
  5
19227E
330
17
100
AcDbEntity
 67
     1
  8
Kich thuoc
100
AcDbDimension
  2
*D20
 10
10748.87563676724
 20
-1135.923327774269
 30
0.0
 11
10488.87563676724
 21
-1055.923327774269
 31
0.0
 70
    32
 71
     5
 42
520.0
 73
     0
 74
     0
 75
     0
  3
Dim 500
100
AcDbAlignedDimension
 13
10228.87563676724
 23
-611.380514328006
 33
0.0
 14
10748.87563676724
 24
-611.380514328006
 34
0.0
100
AcDbRotatedDimension
  0
DIMENSION
  5
19228B
330
17
100
AcDbEntity
 67
     1
  8
Kich thuoc
100
AcDbDimension
  2
*D21
 10
11268.87563676725
 20
-1135.923327774269
 30
0.0
 11
11008.87563676725
 21
-1055.923327774269
 31
0.0
 70
    32
 71
     5
 42
520.0
 73
     0
 74
     0
 75
     0
  3
Dim 500
100
AcDbAlignedDimension
 13
10748.87563676724
 23
-611.380514328006
 33
0.0
 14
11268.87563676725
 24
-611.380514328006
 34
0.0
100
AcDbRotatedDimension
  0
DIMENSION
  5
192298
330
17
100
AcDbEntity
 67
     1
  8
Kich thuoc
100
AcDbDimension
  2
*D22
 10
11788.87563676724
 20
-1135.923327774269
 30
0.0
 11
11528.87563676724
 21
-1055.923327774269
 31
0.0
 70
    32
 71
     5
 42
520.0
 73
     0
 74
     0
 75
     0
  3
Dim 500
100
AcDbAlignedDimension
 13
11268.87563676725
 23
-611.380514328006
 33
0.0
 14
11788.87563676724
 24
-611.380514328006
 34
0.0
100
AcDbRotatedDimension
  0
DIMENSION
  5
1922A5
330
17
100
AcDbEntity
 67
     1
  8
Kich thuoc
100
AcDbDimension
  2
*D23
 10
12308.87563676724
 20
-1135.923327774269
 30
0.0
 11
12048.87563676724
 21
-1055.923327774269
 31
0.0
 70
    32
 71
     5
 42
520.0
 73
     0
 74
     0
 75
     0
  3
Dim 500
100
AcDbAlignedDimension
 13
11788.87563676724
 23
-611.380514328006
 33
0.0
 14
12308.87563676724
 24
-611.380514328006
 34
0.0
100
AcDbRotatedDimension
  0
DIMENSION
  5
1922B2
330
17
100
AcDbEntity
 67
     1
  8
Kich thuoc
100
AcDbDimension
  2
*D24
 10
12828.87563676724
 20
-1135.923327774269
 30
0.0
 11
12568.87563676724
 21
-1055.923327774269
 31
0.0
 70
    32
 71
     5
 42
520.0
 73
     0
 74
     0
 75
     0
  3
Dim 500
100
AcDbAlignedDimension
 13
12308.87563676724
 23
-611.380514328006
 33
0.0
 14
12828.87563676724
 24
-611.380514328006
 34
0.0
100
AcDbRotatedDimension
  0
DIMENSION
  5
1922BF
330
17
100
AcDbEntity
 67
     1
  8
Kich thuoc
100
AcDbDimension
  2
*D25
 10
12987.87563676711
 20
-1135.923327774269
 30
0.0
 11
12908.37563676718
 21
-1055.923327774269
 31
0.0
 70
    32
 71
     5
 42
158.999999999869
 73
     0
 74
     0
 75
     0
  3
Dim 500
100
AcDbAlignedDimension
 13
12828.87563676724
 23
-611.380514328006
 33
0.0
 14
12987.87563676711
 24
-611.380514328006
 34
0.0
100
AcDbRotatedDimension
  0
DIMENSION
  5
193106
330
17
100
AcDbEntity
 67
     1
  8
Kich thuoc
100
AcDbDimension
  2
*D26
 10
7988.87563676713
 20
-1435.923327774269
 30
0.0
 11
10488.37563676712
 21
-1331.161423012365
 31
0.0
 70
    32
  1
{\Fvnsimpleh|c0;\W0.65;ph©n ®o¹n (section) 1:\W0.6;<>}
 71
     5
 42
4998.999999999985
 73
     0
 74
     0
 75
     0
  3
Dim 500
100
AcDbAlignedDimension
 13
12987.87563676711
 23
-611.380514328006
 33
0.0
 14
7988.87563676713
 24
-611.380514328006
 34
0.0
100
AcDbRotatedDimension
  0
DIMENSION
  5
1931C9
330
17
100
AcDbEntity
 67
     1
  8
Kich thuoc
100
AcDbDimension
  2
*D27
 10
7986.875636767233
 20
-1435.923327774269
 30
0.0
 11
7987.875636767181
 21
-1355.923327774269
 31
0.0
 70
    32
 71
     5
 42
1.999999999897227
 73
     0
 74
     0
 75
     0
  3
Dim 500
100
AcDbAlignedDimension
 13
7988.87563676713
 23
-611.380514328006
 33
0.0
 14
7986.875636767233
 24
-611.380514328006
 34
0.0
100
AcDbRotatedDimension
  0
DIMENSION
  5
1931D8
330
17
100
AcDbEntity
 67
     1
  8
Kich thuoc
100
AcDbDimension
  2
*D28
 10
2986.875636767232
 20
-1435.923327774269
 30
0.0
 11
5486.875636767233
 21
-1355.923327774269
 31
0.0
 70
    32
 71
     5
 42
5000.0
 73
     0
 74
     0
 75
     0
  3
Dim 500
100
AcDbAlignedDimension
 13
7986.875636767233
 23
-611.380514328006
 33
0.0
 14
2986.875636767232
 24
-611.380514328006
 34
0.0
100
AcDbRotatedDimension
  0
LEADER
  5
1936EA
330
17
100
AcDbEntity
 67
     1
  8
Kich thuoc
100
AcDbLeader
  3
Dim 500
 76
     2
 10
8178.875636767159
 20
2365.853720896592
 30
0.0
 10
13163.87563676706
 20
2365.853720896303
 30
0.0
1001
ACAD
1000
DSTYLE
1002
{
1070
   147
1040
0.1
1070
    77
1070
     0
1002
}
  0
LEADER
  5
1936ED
330
17
100
AcDbEntity
 67
     1
  8
Kich thuoc
100
AcDbLeader
  3
Dim 500
 76
     4
 10
13163.87563676706
 20
2365.853720896303
 30
0.0
 10
8944.803019605897
 20
2365.853720896303
 30
0.0
 10
8944.803019605897
 20
375.6075103170297
 30
0.0
 10
10266.4601853446
 20
375.6075103170297
 30
0.0
1001
ACAD
1000
DSTYLE
1002
{
1070
   147
1040
0.1
1070
    77
1070
     0
1002
}
  0
LEADER
  5
1936EE
330
17
100
AcDbEntity
 67
     1
  8
Kich thuoc
100
AcDbLeader
  3
Dim 500
 76
     2
 10
8698.286284766309
 20
2365.853720896562
 30
0.0
 10
9183.875636766774
 20
2365.853720896863
 30
0.0
1001
ACAD
1000
DSTYLE
1002
{
1070
   147
1040
0.1
1070
    77
1070
     0
1002
}
  0
LEADER
  5
1936EF
330
17
100
AcDbEntity
 67
     1
  8
Kich thuoc
100
AcDbLeader
  3
Dim 500
 76
     2
 10
9183.875636766774
 20
2365.853720896863
 30
0.0
 10
8733.875636767166
 20
2365.853720896834
 30
0.0
1001
ACAD
1000
DSTYLE
1002
{
1070
   147
1040
0.1
1070
    77
1070
     0
1002
}
  0
LEADER
  5
1936F0
330
17
100
AcDbEntity
 67
     1
  8
Kich thuoc
100
AcDbLeader
  3
Dim 500
 76
     2
 10
9693.875636766774
 20
2365.853720896863
 30
0.0
 10
9243.875636767167
 20
2365.853720896834
 30
0.0
1001
ACAD
1000
DSTYLE
1002
{
1070
   147
1040
0.1
1070
    77
1070
     0
1002
}
  0
LEADER
  5
1936F3
330
17
100
AcDbEntity
 67
     1
  8
Kich thuoc
100
AcDbLeader
  3
Dim 500
 76
     2
 10
11223.87563676677
 20
2365.853720896863
 30
0.0
 10
10773.87563676716
 20
2365.853720896834
 30
0.0
1001
ACAD
1000
DSTYLE
1002
{
1070
   147
1040
0.1
1070
    77
1070
     0
1002
}
  0
LEADER
  5
1936F4
330
17
100
AcDbEntity
 67
     1
  8
Kich thuoc
100
AcDbLeader
  3
Dim 500
 76
     2
 10
11733.87563676677
 20
2365.853720896863
 30
0.0
 10
11283.87563676716
 20
2365.853720896834
 30
0.0
1001
ACAD
1000
DSTYLE
1002
{
1070
   147
1040
0.1
1070
    77
1070
     0
1002
}
  0
LEADER
  5
1936F5
330
17
100
AcDbEntity
 67
     1
  8
Kich thuoc
100
AcDbLeader
  3
Dim 500
 76
     2
 10
12243.87563676677
 20
2365.853720896863
 30
0.0
 10
11793.87563676717
 20
2365.853720896834
 30
0.0
1001
ACAD
1000
DSTYLE
1002
{
1070
   147
1040
0.1
1070
    77
1070
     0
1002
}
  0
LEADER
  5
1936F6
330
17
100
AcDbEntity
 67
     1
  8
Kich thuoc
100
AcDbLeader
  3
Dim 500
 76
     2
 10
12753.87563676677
 20
2365.853720896863
 30
0.0
 10
12303.87563676716
 20
2365.853720896834
 30
0.0
1001
ACAD
1000
DSTYLE
1002
{
1070
   147
1040
0.1
1070
    77
1070
     0
1002
}
  0
TEXT
  5
193740
330
17
100
AcDbEntity
 67
     1
  8
Text
100
AcDbText
 10
8982.847207527647
 20
415.6075103170296
 30
0.0
 40
80.0
  1
cäc èng btct d­l (phc pile)
 41
0.65
 72
     2
 11
10246.94244562288
 21
415.6075103170296
 31
0.0
100
AcDbText
  0
TEXT
  5
1937D0
330
17
100
AcDbEntity
 67
     1
  8
Text
100
AcDbText
 10
9434.75196943241
 20
255.6075103170297
 30
0.0
 40
80.0
  1
d(60-34)cm, l=26m
 41
0.65
 72
     2
 11
10246.94244562288
 21
255.6075103170297
 31
0.0
100
AcDbText
  0
DIMENSION
  5
194CFF
330
17
100
AcDbEntity
 67
     1
  8
Kich thuoc
100
AcDbDimension
  2
*D29
 10
3311.875636767124
 20
3501.335447867163
 30
0.0
 11
3149.375636767174
 21
3581.335447867163
 31
0.0
 70
    32
 71
     5
 42
324.9999999998991
 73
     0
 74
     0
 75
     0
  3
Dim 500
100
AcDbAlignedDimension
 13
2986.875636767225
 23
3235.168298485398
 33
0.0
 14
3311.875636767124
 24
3235.168298485398
 34
0.0
100
AcDbRotatedDimension
  0
DIMENSION
  5
194D0C
330
17
100
AcDbEntity
 67
     1
  8
Kich thuoc
100
AcDbDimension
  2
*D30
 10
3911.875636767095
 20
3501.335447867163
 30
0.0
 11
3611.875636767109
 21
3581.335447867163
 31
0.0
 70
    32
 71
     5
 42
599.9999999999708
 73
     0
 74
     0
 75
     0
  3
Dim 500
100
AcDbAlignedDimension
 13
3311.875636767124
 23
3235.168298485398
 33
0.0
 14
3911.875636767095
 24
3235.168298485398
 34
0.0
100
AcDbRotatedDimension
  0
DIMENSION
  5
194D19
330
17
100
AcDbEntity
 67
     1
  8
Kich thuoc
100
AcDbDimension
  2
*D31
 10
4511.875636767109
 20
3501.335447867163
 30
0.0
 11
4211.875636767101
 21
3581.335447867163
 31
0.0
 70
    32
 71
     5
 42
600.0000000000141
 73
     0
 74
     0
 75
     0
  3
Dim 500
100
AcDbAlignedDimension
 13
3911.875636767095
 23
3235.168298485398
 33
0.0
 14
4511.875636767109
 24
3235.168298485398
 34
0.0
100
AcDbRotatedDimension
  0
DIMENSION
  5
194D26
330
17
100
AcDbEntity
 67
     1
  8
Kich thuoc
100
AcDbDimension
  2
*D32
 10
5111.875636767138
 20
3501.335447867163
 30
0.0
 11
4811.875636767123
 21
3581.335447867163
 31
0.0
 70
    32
 71
     5
 42
600.0000000000291
 73
     0
 74
     0
 75
     0
  3
Dim 500
100
AcDbAlignedDimension
 13
4511.875636767109
 23
3235.168298485398
 33
0.0
 14
5111.875636767138
 24
3235.168298485398
 34
0.0
100
AcDbRotatedDimension
  0
DIMENSION
  5
194D33
330
17
100
AcDbEntity
 67
     1
  8
Kich thuoc
100
AcDbDimension
  2
*D33
 10
5711.875636767152
 20
3501.335447867163
 30
0.0
 11
5411.875636767145
 21
3581.335447867163
 31
0.0
 70
    32
 71
     5
 42
600.0000000000145
 73
     0
 74
     0
 75
     0
  3
Dim 500
100
AcDbAlignedDimension
 13
5111.875636767138
 23
3235.168298485398
 33
0.0
 14
5711.875636767152
 24
3235.168298485398
 34
0.0
100
AcDbRotatedDimension
  0
DIMENSION
  5
194D40
330
17
100
AcDbEntity
 67
     1
  8
Kich thuoc
100
AcDbDimension
  2
*D34
 10
6236.875636935693
 20
3501.335447867163
 30
0.0
 11
5974.375636851423
 21
3581.335447867163
 31
0.0
 70
    32
 71
     5
 42
525.0000001685402
 73
     0
 74
     0
 75
     0
  3
Dim 500
100
AcDbAlignedDimension
 13
5711.875636767152
 23
3235.168298485398
 33
0.0
 14
6236.875636935693
 24
3235.168298485398
 34
0.0
100
AcDbRotatedDimension
  0
DIMENSION
  5
194D4D
330
17
100
AcDbEntity
 67
     1
  8
Kich thuoc
100
AcDbDimension
  2
*D35
 10
6761.875636935766
 20
3501.335447867163
 30
0.0
 11
6499.375636935728
 21
3581.335447867163
 31
0.0
 70
    32
 71
     5
 42
525.0000000000727
 73
     0
 74
     0
 75
     0
  3
Dim 500
100
AcDbAlignedDimension
 13
6236.875636935693
 23
3235.168298485398
 33
0.0
 14
6761.875636935766
 24
3235.168298485398
 34
0.0
100
AcDbRotatedDimension
  0
DIMENSION
  5
194D5A
330
17
100
AcDbEntity
 67
     1
  8
Kich thuoc
100
AcDbDimension
  2
*D36
 10
7286.875636935693
 20
3501.335447867163
 30
0.0
 11
7024.375636935729
 21
3581.335447867163
 31
0.0
 70
    32
 71
     5
 42
524.9999999999272
 73
     0
 74
     0
 75
     0
  3
Dim 500
100
AcDbAlignedDimension
 13
6761.875636935766
 23
3235.168298485398
 33
0.0
 14
7286.875636935693
 24
3235.168298485398
 34
0.0
100
AcDbRotatedDimension
  0
DIMENSION
  5
194D67
330
17
100
AcDbEntity
 67
     1
  8
Kich thuoc
100
AcDbDimension
  2
*D37
 10
7811.875636767036
 20
3501.335447867163
 30
0.0
 11
7549.375636851364
 21
3581.335447867163
 31
0.0
 70
    32
 71
     5
 42
524.9999998313433
 73
     0
 74
     0
 75
     0
  3
Dim 500
100
AcDbAlignedDimension
 13
7286.875636935693
 23
3235.168298485398
 33
0.0
 14
7811.875636767036
 24
3235.168298485398
 34
0.0
100
AcDbRotatedDimension
  0
DIMENSION
  5
194D74
330
17
100
AcDbEntity
 67
     1
  8
Kich thuoc
100
AcDbDimension
  2
*D38
 10
7986.875636767123
 20
3501.335447867163
 30
0.0
 11
7899.375636767079
 21
3581.335447867163
 31
0.0
 70
    32
 71
     5
 42
175.0000000000873
 73
     0
 74
     0
 75
     0
  3
Dim 500
100
AcDbAlignedDimension
 13
7811.875636767036
 23
3235.168298485398
 33
0.0
 14
7986.875636767123
 24
3235.168298485398
 34
0.0
100
AcDbRotatedDimension
  0
DIMENSION
  5
194D83
330
17
100
AcDbEntity
 67
     1
  8
Kich thuoc
100
AcDbDimension
  2
*D39
 10
7988.875636767109
 20
3501.335447867163
 30
0.0
 11
7987.875636767116
 21
3581.335447867163
 31
0.0
 70
    32
 71
     5
 42
1.999999999985448
 73
     0
 74
     0
 75
     0
  3
Dim 500
100
AcDbAlignedDimension
 13
7986.875636767123
 23
3235.168298485398
 33
0.0
 14
7988.875636767109
 24
3235.168298485398
 34
0.0
100
AcDbRotatedDimension
  0
DIMENSION
  5
194D92
330
17
100
AcDbEntity
 67
     1
  8
Kich thuoc
100
AcDbDimension
  2
*D40
 10
8148.875636767007
 20
3501.335447867163
 30
0.0
 11
8068.875636767058
 21
3581.335447867163
 31
0.0
 70
    32
 71
     5
 42
159.9999999998981
 73
     0
 74
     0
 75
     0
  3
Dim 500
100
AcDbAlignedDimension
 13
7988.875636767109
 23
3235.168298485398
 33
0.0
 14
8148.875636767007
 24
3235.168298485398
 34
0.0
100
AcDbRotatedDimension
  0
DIMENSION
  5
194DA1
330
17
100
AcDbEntity
 67
     1
  8
Kich thuoc
100
AcDbDimension
  2
*D41
 10
8668.875636767007
 20
3501.335447867163
 30
0.0
 11
8408.875636767007
 21
3581.335447867163
 31
0.0
 70
    32
 71
     5
 42
520.0
 73
     0
 74
     0
 75
     0
  3
Dim 500
100
AcDbAlignedDimension
 13
8148.875636767007
 23
3235.168298485398
 33
0.0
 14
8668.875636767007
 24
3235.168298485398
 34
0.0
100
AcDbRotatedDimension
  0
DIMENSION
  5
194DAE
330
17
100
AcDbEntity
 67
     1
  8
Kich thuoc
100
AcDbDimension
  2
*D42
 10
9188.875636767006
 20
3501.335447867163
 30
0.0
 11
8928.875636767008
 21
3581.335447867163
 31
0.0
 70
    32
 71
     5
 42
520.0
 73
     0
 74
     0
 75
     0
  3
Dim 500
100
AcDbAlignedDimension
 13
8668.875636767007
 23
3235.168298485398
 33
0.0
 14
9188.875636767006
 24
3235.168298485398
 34
0.0
100
AcDbRotatedDimension
  0
DIMENSION
  5
194DBB
330
17
100
AcDbEntity
 67
     1
  8
Kich thuoc
100
AcDbDimension
  2
*D43
 10
9708.875636767007
 20
3501.335447867163
 30
0.0
 11
9448.875636767006
 21
3581.335447867163
 31
0.0
 70
    32
 71
     5
 42
520.0
 73
     0
 74
     0
 75
     0
  3
Dim 500
100
AcDbAlignedDimension
 13
9188.875636767006
 23
3235.168298485398
 33
0.0
 14
9708.875636767007
 24
3235.168298485398
 34
0.0
100
AcDbRotatedDimension
  0
DIMENSION
  5
194DC8
330
17
100
AcDbEntity
 67
     1
  8
Kich thuoc
100
AcDbDimension
  2
*D44
 10
10243.87563676702
 20
3501.335447867163
 30
0.0
 11
9976.375636767015
 21
3581.335447867163
 31
0.0
 70
    32
 71
     5
 42
535.0000000000145
 73
     0
 74
     0
 75
     0
  3
Dim 500
100
AcDbAlignedDimension
 13
9708.875636767007
 23
3235.168298485398
 33
0.0
 14
10243.87563676702
 24
3235.168298485398
 34
0.0
100
AcDbRotatedDimension
  0
DIMENSION
  5
194DD5
330
17
100
AcDbEntity
 67
     1
  8
Kich thuoc
100
AcDbDimension
  2
*D45
 10
10733.875636767
 20
3501.335447867163
 30
0.0
 11
10488.875636767
 21
3581.335447867163
 31
0.0
 70
    32
 71
     5
 42
490.0
 73
     0
 74
     0
 75
     0
  3
Dim 500
100
AcDbAlignedDimension
 13
10243.87563676701
 23
3235.168298485398
 33
0.0
 14
10733.875636767
 24
3235.168298485398
 34
0.0
100
AcDbRotatedDimension
  0
DIMENSION
  5
194DE2
330
17
100
AcDbEntity
 67
     1
  8
Kich thuoc
100
AcDbDimension
  2
*D46
 10
11268.875636767
 20
3501.335447867163
 30
0.0
 11
11001.37563676701
 21
3581.335447867163
 31
0.0
 70
    32
 71
     5
 42
535.0
 73
     0
 74
     0
 75
     0
  3
Dim 500
100
AcDbAlignedDimension
 13
10733.875636767
 23
3235.168298485398
 33
0.0
 14
11268.875636767
 24
3235.168298485398
 34
0.0
100
AcDbRotatedDimension
  0
DIMENSION
  5
194DEF
330
17
100
AcDbEntity
 67
     1
  8
Kich thuoc
100
AcDbDimension
  2
*D47
 10
11788.875636767
 20
3501.335447867163
 30
0.0
 11
11528.875636767
 21
3581.335447867163
 31
0.0
 70
    32
 71
     5
 42
520.0
 73
     0
 74
     0
 75
     0
  3
Dim 500
100
AcDbAlignedDimension
 13
11268.875636767
 23
3235.168298485398
 33
0.0
 14
11788.875636767
 24
3235.168298485398
 34
0.0
100
AcDbRotatedDimension
  0
DIMENSION
  5
194DFC
330
17
100
AcDbEntity
 67
     1
  8
Kich thuoc
100
AcDbDimension
  2
*D48
 10
12308.875636767
 20
3501.335447867163
 30
0.0
 11
12048.875636767
 21
3581.335447867163
 31
0.0
 70
    32
 71
     5
 42
520.0
 73
     0
 74
     0
 75
     0
  3
Dim 500
100
AcDbAlignedDimension
 13
11788.875636767
 23
3235.168298485398
 33
0.0
 14
12308.875636767
 24
3235.168298485398
 34
0.0
100
AcDbRotatedDimension
  0
DIMENSION
  5
194E09
330
17
100
AcDbEntity
 67
     1
  8
Kich thuoc
100
AcDbDimension
  2
*D49
 10
12828.875636767
 20
3501.335447867163
 30
0.0
 11
12568.875636767
 21
3581.335447867163
 31
0.0
 70
    32
 71
     5
 42
520.0
 73
     0
 74
     0
 75
     0
  3
Dim 500
100
AcDbAlignedDimension
 13
12308.875636767
 23
3235.168298485398
 33
0.0
 14
12828.875636767
 24
3235.168298485398
 34
0.0
100
AcDbRotatedDimension
  0
DIMENSION
  5
194E16
330
17
100
AcDbEntity
 67
     1
  8
Kich thuoc
100
AcDbDimension
  2
*D50
 10
12987.87563676711
 20
3501.335447867163
 30
0.0
 11
12908.37563676705
 21
3581.335447867163
 31
0.0
 70
    32
 71
     5
 42
159.0000000001018
 73
     0
 74
     0
 75
     0
  3
Dim 500
100
AcDbAlignedDimension
 13
12828.875636767
 23
3235.168298485398
 33
0.0
 14
12987.87563676711
 24
3235.168298485398
 34
0.0
100
AcDbRotatedDimension
  0
DIMENSION
  5
194E25
330
17
100
AcDbEntity
 67
     1
  8
Kich thuoc
100
AcDbDimension
  2
*D51
 10
4511.875636767109
 20
3741.335447867163
 30
0.0
 11
3911.875636767116
 21
3821.335447867163
 31
0.0
 70
    32
 71
     5
 42
1199.999999999985
 73
     0
 74
     0
 75
     0
  3
Dim 500
100
AcDbAlignedDimension
 13
3311.875636767124
 23
3235.168298485398
 33
0.0
 14
4511.875636767109
 24
3235.168298485398
 34
0.0
100
AcDbRotatedDimension
  0
DIMENSION
  5
194E32
330
17
100
AcDbEntity
 67
     1
  8
Kich thuoc
100
AcDbDimension
  2
*D52
 10
6236.875636935693
 20
3741.335447867163
 30
0.0
 11
5374.3756368514
 21
3821.335447867163
 31
0.0
 70
    32
 71
     5
 42
1725.000000168584
 73
     0
 74
     0
 75
     0
  3
Dim 500
100
AcDbAlignedDimension
 13
4511.875636767109
 23
3235.168298485398
 33
0.0
 14
6236.875636935693
 24
3235.168298485398
 34
0.0
100
AcDbRotatedDimension
  0
DIMENSION
  5
194E4C
330
17
100
AcDbEntity
 67
     1
  8
Kich thuoc
100
AcDbDimension
  2
*D53
 10
7986.875636767123
 20
3741.335447867163
 30
0.0
 11
7111.875636851408
 21
3821.335447867163
 31
0.0
 70
    32
 71
     5
 42
1749.99999983143
 73
     0
 74
     0
 75
     0
  3
Dim 500
100
AcDbAlignedDimension
 13
6236.875636935693
 23
3235.168298485398
 33
0.0
 14
7986.875636767123
 24
3235.168298485398
 34
0.0
100
AcDbRotatedDimension
  0
DIMENSION
  5
194E59
330
17
100
AcDbEntity
 67
     1
  8
Kich thuoc
100
AcDbDimension
  2
*D54
 10
7988.875636767109
 20
3741.335447867163
 30
0.0
 11
7987.875636767116
 21
3821.335447867163
 31
0.0
 70
    32
 71
     5
 42
1.999999999985448
 73
     0
 74
     0
 75
     0
  3
Dim 500
100
AcDbAlignedDimension
 13
7986.875636767123
 23
3235.168298485398
 33
0.0
 14
7988.875636767109
 24
3235.168298485398
 34
0.0
100
AcDbRotatedDimension
  0
DIMENSION
  5
194E68
330
17
100
AcDbEntity
 67
     1
  8
Kich thuoc
100
AcDbDimension
  2
*D55
 10
8148.875636767007
 20
3741.335447867163
 30
0.0
 11
8068.875636767058
 21
3821.335447867163
 31
0.0
 70
    32
 71
     5
 42
159.9999999998981
 73
     0
 74
     0
 75
     0
  3
Dim 500
100
AcDbAlignedDimension
 13
7988.875636767109
 23
3235.168298485398
 33
0.0
 14
8148.875636767007
 24
3235.168298485398
 34
0.0
100
AcDbRotatedDimension
  0
DIMENSION
  5
194E77
330
17
100
AcDbEntity
 67
     1
  8
Kich thuoc
100
AcDbDimension
  2
*D56
 10
10243.87563676701
 20
3741.335447867163
 30
0.0
 11
9196.375636767006
 21
3821.335447867163
 31
0.0
 70
    32
 71
     5
 42
2095.0
 73
     0
 74
     0
 75
     0
  3
Dim 500
100
AcDbAlignedDimension
 13
8148.875636767007
 23
3235.168298485398
 33
0.0
 14
10243.87563676701
 24
3235.168298485398
 34
0.0
100
AcDbRotatedDimension
  0
DIMENSION
  5
194E84
330
17
100
AcDbEntity
 67
     1
  8
Kich thuoc
100
AcDbDimension
  2
*D57
 10
12308.875636767
 20
3741.335447867163
 30
0.0
 11
11276.375636767
 21
3821.335447867163
 31
0.0
 70
    32
 71
     5
 42
2065.0
 73
     0
 74
     0
 75
     0
  3
Dim 500
100
AcDbAlignedDimension
 13
10243.87563676701
 23
3235.168298485398
 33
0.0
 14
12308.875636767
 24
3235.168298485398
 34
0.0
100
AcDbRotatedDimension
  0
DIMENSION
  5
194E91
330
17
100
AcDbEntity
 67
     1
  8
Kich thuoc
100
AcDbDimension
  2
*D58
 10
12987.87563676711
 20
3741.335447867163
 30
0.0
 11
12648.37563676705
 21
3821.335447867163
 31
0.0
 70
    32
 71
     5
 42
679.0000000001018
 73
     0
 74
     0
 75
     0
  3
Dim 500
100
AcDbAlignedDimension
 13
12308.875636767
 23
3235.168298485398
 33
0.0
 14
12987.87563676711
 24
3235.168298485398
 34
0.0
100
AcDbRotatedDimension
  0
LEADER
  5
195ABF
330
17
100
AcDbEntity
 67
     1
  8
Kich thuoc
100
AcDbLeader
  3
Dim 500
 76
     2
 10
2886.612310528676
 20
3501.335447867163
 30
0.0
 10
1024.666617193412
 20
3501.335447867163
 30
0.0
1001
ACAD
1000
DSTYLE
1002
{
1070
   147
1040
0.1
1070
    77
1070
     0
1002
}
  0
TEXT
  5
195AC0
330
17
100
AcDbEntity
 67
     1
  8
Text
100
AcDbText
 10
1034.344972010185
 20
3543.599552003705
 30
0.0
 40
80.0
  1
kho¶ng c¸ch ®Öm tµu (distance between fenders)
 41
0.5
100
AcDbText
  0
LEADER
  5
195AC1
330
17
100
AcDbEntity
 67
     1
  8
Kich thuoc
100
AcDbLeader
  3
Dim 500
 76
     2
 10
2886.612310528676
 20
3741.335447867163
 30
0.0
 10
1024.666617193412
 20
3741.335447867163
 30
0.0
1001
ACAD
1000
DSTYLE
1002
{
1070
   147
1040
0.1
1070
    77
1070
     0
1002
}
  0
TEXT
  5
195AC2
330
17
100
AcDbEntity
 67
     1
  8
Text
100
AcDbText
 10
1034.344972010185
 20
3783.599552003706
 30
0.0
 40
80.0
  1
kho¶ng c¸ch bÝch neo (distance between bollards)
 41
0.5
100
AcDbText
  0
TEXT
  5
1AEAEA
330
17
100
AcDbEntity
 67
     1
  8
Text
100
AcDbText
 10
14163.86553866311
 20
-3977.28131116298
 30
0.0
 40
80.0
  1
1/400
  7
Tieude
 72
     1
 11
14307.55357567567
 21
-3977.28131116298
 31
0.0
100
AcDbText
  0
TEXT
  5
1AEAEB
330
17
100
AcDbEntity
 67
     1
  8
Text
100
AcDbText
 10
15836.09186789431
 20
-3977.28131116298
 30
0.0
 40
80.0
  1
06
  7
Tieude
100
AcDbText
  0
TEXT
  5
1AEB3A
330
17
100
AcDbEntity
 67
     1
  8
Text
100
AcDbText
 10
6311.469460655111
 20
5310.947483503305
 30
0.0
 40
171.4285714285714
  1
%%UMÆt bªn phÝa th­îng l­u
  7
Hung
 72
     1
 11
7854.66651475765
 21
5310.947483503305
 31
0.0
100
AcDbText
  0
TEXT
  5
1AF641
330
17
100
AcDbEntity
 67
     1
  8
Text
100
AcDbText
 10
9591.348347611425
 20
-3046.367865900927
 30
0.0
 40
80.0
  1
+ líp 9: sÐt mµu x¸m xanh tr¹ng th¸i dÎo ch¶y
 41
0.65
100
AcDbText
  0
TEXT
  5
1AF642
330
17
100
AcDbEntity
 67
     1
  8
Text
100
AcDbText
 10
1591.348347611425
 20
-3046.367865900927
 30
0.0
 40
80.0
  1
+ líp 2: sÐt mµu x¸m n©u, tr¹ng th¸i ch¶y, kÑp c¸t
 41
0.65
100
AcDbText
  0
TEXT
  5
1AF643
330
17
100
AcDbEntity
 67
     1
  8
Text
100
AcDbText
 10
1591.348347611425
 20
-3846.367865900927
 30
0.0
 40
80.0
  1
   layer 5: clay sand, yellowish gray, soft
 41
0.65
 51
15.0
100
AcDbText
  0
TEXT
  5
1AF644
330
17
100
AcDbEntity
 67
     1
  8
Text
100
AcDbText
 10
9591.348347611425
 20
-4326.367865900926
 30
0.0
 40
80.0
  1
+ líp 11: ®¸ phong ho¸ m¹nh, nøt nÎ
 41
0.65
100
AcDbText
  0
MTEXT
  5
1AF645
330
17
100
AcDbEntity
 67
     1
  8
Text
100
AcDbMText
 10
9783.34834761133
 20
-4726.367865900926
 30
0.0
 40
80.0
 41
17600.0
 46
0.0
 71
     7
 72
     5
  1
{\Fgreeks.shx|c1;g}=2.51g/cm3; {\Fgreeks.shx|c0;D}=2.74; rN (KH¤)=129kg/cm2; rN (BH)=92kg/cm2
 73
     1
 44
1.0
  0
MTEXT
  5
1AF646
330
17
100
AcDbEntity
 67
     1
  8
Text
100
AcDbMText
 10
9783.34834761133
 20
-4086.367865900927
 30
0.0
 40
80.0
 41
17600.0
 46
0.0
 71
     7
 72
     5
  1
{\Fgreeks.shx|c1;g}=2.04g/cm3; {\Fgreeks.shx|c0;D}=2.70; {\Fgreeks.shx|c1;e} =0.583; iS=-0.13; C=0.20kg/cm2; {\Fgreeks.shx|c1;f}=18°10'; n  = 41-52
 73
     1
 44
1.0
  0
TEXT
  5
1AF647
330
17
100
AcDbEntity
 67
     1
  8
Text
100
AcDbText
 10
10910.41354899809
 20
-4098.444182914042
 30
0.0
 40
44.00000000000001
  1
0
 41
0.7
100
AcDbText
  0
TEXT
  5
1AF648
330
17
100
AcDbEntity
 67
     1
  8
Text
100
AcDbText
 10
13047.77128414748
 20
-4098.444182914042
 30
0.0
 40
44.00000000000001
  1
30
 41
0.7
100
AcDbText
  0
TEXT
  5
1AF649
330
17
100
AcDbEntity
 67
     1
  8
Text
100
AcDbText
 10
13147.26110055452
 20
-4052.522575766398
 30
0.0
 40
44.00000000000001
  1
.
 41
0.7
100
AcDbText
  0
TEXT
  5
1AF64A
330
17
100
AcDbEntity
 67
     1
  8
Text
100
AcDbText
 10
5591.348347611425
 20
-3206.367865900926
 30
0.0
 40
80.0
  1
   layer 7: clay loam, brownish gray, yellowish gray, soft
 41
0.65
 51
15.0
100
AcDbText
  0
TEXT
  5
1AF64B
330
17
100
AcDbEntity
 67
     1
  8
Text
100
AcDbText
 10
5591.348347611425
 20
-3846.367865900927
 30
0.0
 40
80.0
  1
   layer 8: clay, brownish gray, yellowish gray, stiff
 41
0.65
 51
15.0
100
AcDbText
  0
TEXT
  5
1AF64C
330
17
100
AcDbEntity
 67
     1
  8
Text
100
AcDbText
 10
9591.348347611425
 20
-3206.367865900926
 30
0.0
 40
80.0
  1
   layer 9: clay, greenish gray, very soft
 41
0.65
 51
15.0
100
AcDbText
  0
TEXT
  5
1AF64D
330
17
100
AcDbEntity
 67
     1
  8
Text
100
AcDbText
 10
5591.348347611425
 20
-3686.367865900927
 30
0.0
 40
80.0
  1
+ líp 8: sÐt mµu x¸m n©u, x¸m vµng tr¹ng th¸i dÎo cøng
 41
0.65
100
AcDbText
  0
TEXT
  5
1AF64E
330
17
100
AcDbEntity
 67
     1
  8
Text
100
AcDbText
 10
9591.348347611425
 20
-3846.367865900927
 30
0.0
 40
80.0
  1
   layer 10: claystone, totally weathered into clay loam, reddish brown, hard status
 41
0.65
 51
15.0
100
AcDbText
  0
TEXT
  5
1AF64F
330
17
100
AcDbEntity
 67
     1
  8
Text
100
AcDbText
 10
9591.348347611425
 20
-3686.367865900927
 30
0.0
 40
80.0
  1
+ líp 10: ®¸ sÐt kÕt phong ho¸ hoµn toµn thµnh sÐt pha mµu n©u ®á tr¹ng th¸i cøng
 41
0.65
100
AcDbText
  0
TEXT
  5
1AF650
330
17
100
AcDbEntity
 67
     1
  8
Text
100
AcDbText
 10
1591.348347611425
 20
-3206.367865900926
 30
0.0
 40
80.0
  1
   layer 2: clay, brownish grey very soft, kept with sand
 41
0.65
 51
15.0
100
AcDbText
  0
TEXT
  5
1AF651
330
17
100
AcDbEntity
 67
     1
  8
Text
100
AcDbText
 10
1591.348347611425
 20
-3686.367865900927
 30
0.0
 40
80.0
  1
+ líp 5: c¸t pha mµu x¸m vµng tr¹ng th¸i ch¶y
 41
0.65
100
AcDbText
  0
TEXT
  5
1AF652
330
17
100
AcDbEntity
 67
     1
  8
Text
100
AcDbText
 10
5591.348347611425
 20
-3046.367865900927
 30
0.0
 40
80.0
  1
+ líp 7: sÐt pha mµu x¸m n©u, x¸m vµng tr¹ng th¸i dÎo mÒm
 41
0.65
100
AcDbText
  0
TEXT
  5
1AF653
330
17
100
AcDbEntity
 67
     1
  8
Text
100
AcDbText
 10
1467.082367260532
 20
-2797.292921007267
 30
0.0
 40
87.99999999999998
  1
%%uTµi liÖu ®Þa chÊt (geologic data):
  7
Ten
100
AcDbText
  0
TEXT
  5
1AF654
330
17
100
AcDbEntity
 67
     1
  8
Text
100
AcDbText
 10
9591.348347611425
 20
-4486.367865900926
 30
0.0
 40
80.0
  1
   layer 11: hard weathered rock, fissured
 41
0.65
 51
15.0
100
AcDbText
  0
MTEXT
  5
1AF655
330
17
100
AcDbEntity
 67
     1
  8
Text
100
AcDbMText
 10
9783.34834761133
 20
-3446.367865900927
 30
0.0
 40
80.0
 41
17600.0
 46
0.0
 71
     7
 72
     5
  1
{\Fgreeks.shx|c1;g}=1.76g/cm3; {\Fgreeks.shx|c0;D}=2.70; {\Fgreeks.shx|c1;e} =1.204; iS=0.87; C=0.117kg/cm2; {\Fgreeks.shx|c1;f}=7°26'; n  = 3-6
 73
     1
 44
1.0
  0
MTEXT
  5
1AF656
330
17
100
AcDbEntity
 67
     1
  8
Text
100
AcDbMText
 10
5783.348347611329
 20
-4086.367865900927
 30
0.0
 40
80.0
 41
17600.0
 46
0.0
 71
     7
 72
     5
  1
{\Fgreeks.shx|c1;g}=1.94g/cm3; {\Fgreeks.shx|c0;D}=2.70; {\Fgreeks.shx|c1;e} =0.779; iS=0.44; C=0.225kg/cm2; {\Fgreeks.shx|c1;f}=13°21'; n  = 8-15
 73
     1
 44
1.0
  0
TEXT
  5
1AF657
330
17
100
AcDbEntity
 67
     1
  8
Text
100
AcDbText
 10
10885.67584034083
 20
-3458.444182914043
 30
0.0
 40
44.00000000000001
  1
0
 41
0.7
100
AcDbText
  0
TEXT
  5
1AF658
330
17
100
AcDbEntity
 67
     1
  8
Text
100
AcDbText
 10
6897.03225119562
 20
-4098.444182914042
 30
0.0
 40
44.00000000000001
  1
0
 41
0.7
100
AcDbText
  0
TEXT
  5
1AF659
330
17
100
AcDbEntity
 67
     1
  8
Text
100
AcDbText
 10
12969.66171726721
 20
-3458.444182914043
 30
0.0
 40
44.00000000000001
  1
30
 41
0.7
100
AcDbText
  0
TEXT
  5
1AF65A
330
17
100
AcDbEntity
 67
     1
  8
Text
100
AcDbText
 10
13147.26110055452
 20
-4005.760246080867
 30
0.0
 40
44.00000000000001
  1
.
 41
0.7
100
AcDbText
  0
TEXT
  5
1AF65B
330
17
100
AcDbEntity
 67
     1
  8
Text
100
AcDbText
 10
13028.79035027838
 20
-3412.522575766399
 30
0.0
 40
44.00000000000001
  1
.
 41
0.7
100
AcDbText
  0
TEXT
  5
1AF65C
330
17
100
AcDbEntity
 67
     1
  8
Text
100
AcDbText
 10
13028.79035027838
 20
-3365.760246080867
 30
0.0
 40
44.00000000000001
  1
.
 41
0.7
100
AcDbText
  0
TEXT
  5
1AF65D
330
17
100
AcDbEntity
 67
     1
  8
Text
100
AcDbText
 10
9035.876180264823
 20
-4098.444182914042
 30
0.0
 40
44.00000000000001
  1
30
 41
0.7
100
AcDbText
  0
MTEXT
  5
1AF65E
330
17
100
AcDbEntity
 67
     1
  8
Text
100
AcDbMText
 10
1783.348347611329
 20
-4086.367865900927
 30
0.0
 40
80.0
 41
17600.0
 46
0.0
 71
     7
 72
     5
  1
{\Fgreeks.shx|c1;g}=1.99g/cm3; {\Fgreeks.shx|c0;D}=2.67; {\Fgreeks.shx|c1;e} =0.677; iS=1.40; C=0.082kg/cm2; {\Fgreeks.shx|c1;f}=10°16'; n  = 3-5
 73
     1
 44
1.0
  0
MTEXT
  5
1AF65F
330
17
100
AcDbEntity
 67
     1
  8
Text
100
AcDbMText
 10
5783.348347611329
 20
-3446.367865900927
 30
0.0
 40
80.0
 41
17600.0
 46
0.0
 71
     7
 72
     5
  1
{\Fgreeks.shx|c1;g}=1.96g/cm3; {\Fgreeks.shx|c0;D}=2.69; {\Fgreeks.shx|c1;e} =0.738; iS=0.59; C=0.136kg/cm2; {\Fgreeks.shx|c1;f}=9°59'; n  = 4-7
 73
     1
 44
1.0
  0
TEXT
  5
1AF660
330
17
100
AcDbEntity
 67
     1
  8
Text
100
AcDbText
 10
9095.510736073171
 20
-4005.760246080867
 30
0.0
 40
44.00000000000001
  1
.
 41
0.7
100
AcDbText
  0
TEXT
  5
1AF661
330
17
100
AcDbEntity
 67
     1
  8
Text
100
AcDbText
 10
9095.510736073171
 20
-4052.522575766398
 30
0.0
 40
44.00000000000001
  1
.
 41
0.7
100
AcDbText
  0
TEXT
  5
1AF662
330
17
100
AcDbEntity
 67
     1
  8
Text
100
AcDbText
 10
6897.513888874249
 20
-3458.444182914043
 30
0.0
 40
44.00000000000001
  1
0
 41
0.7
100
AcDbText
  0
TEXT
  5
1AF663
330
17
100
AcDbEntity
 67
     1
  8
Text
100
AcDbText
 10
2885.368764466362
 20
-4098.444182914042
 30
0.0
 40
44.00000000000001
  1
0
 41
0.7
100
AcDbText
  0
MTEXT
  5
1AF664
330
17
100
AcDbEntity
 67
     1
  8
Text
100
AcDbMText
 10
1783.348347611329
 20
-3446.367865900927
 30
0.0
 40
80.0
 41
17600.0
 46
0.0
 71
     7
 72
     5
  1
{\Fgreeks.shx|c1;g}=1.71g/cm3; {\Fgreeks.shx|c0;D}=2.68; {\Fgreeks.shx|c1;e} =1.362; iS=1.19; C=0.069kg/cm2; {\Fgreeks.shx|c1;f}=5°53'; n  = 1-4
 73
     1
 44
1.0
  0
TEXT
  5
1AF665
330
17
100
AcDbEntity
 67
     1
  8
Text
100
AcDbText
 10
8988.178054450944
 20
-3458.444182914043
 30
0.0
 40
44.00000000000001
  1
30
 41
0.7
100
AcDbText
  0
TEXT
  5
1AF666
330
17
100
AcDbEntity
 67
     1
  8
Text
100
AcDbText
 10
5032.498737567053
 20
-4098.444182914042
 30
0.0
 40
44.00000000000001
  1
30
 41
0.7
100
AcDbText
  0
TEXT
  5
1AF667
330
17
100
AcDbEntity
 67
     1
  8
Text
100
AcDbText
 10
2870.146585396409
 20
-3458.444182914043
 30
0.0
 40
44.00000000000001
  1
0
 41
0.7
100
AcDbText
  0
TEXT
  5
1AF668
330
17
100
AcDbEntity
 67
     1
  8
Text
100
AcDbText
 10
9048.952898025715
 20
-3412.522575766399
 30
0.0
 40
44.00000000000001
  1
.
 41
0.7
100
AcDbText
  0
TEXT
  5
1AF669
330
17
100
AcDbEntity
 67
     1
  8
Text
100
AcDbText
 10
9048.952898025715
 20
-3365.760246080867
 30
0.0
 40
44.00000000000001
  1
.
 41
0.7
100
AcDbText
  0
TEXT
  5
1AF66A
330
17
100
AcDbEntity
 67
     1
  8
Text
100
AcDbText
 10
5031.513718689173
 20
-4005.760246080867
 30
0.0
 40
44.00000000000001
  1
.
 41
0.7
100
AcDbText
  0
TEXT
  5
1AF66B
330
17
100
AcDbEntity
 67
     1
  8
Text
100
AcDbText
 10
5031.513718689173
 20
-4052.522575766398
 30
0.0
 40
44.00000000000001
  1
.
 41
0.7
100
AcDbText
  0
TEXT
  5
1AF66C
330
17
100
AcDbEntity
 67
     1
  8
Text
100
AcDbText
 10
4973.093665145824
 20
-3458.444182914043
 30
0.0
 40
44.00000000000001
  1
30
 41
0.7
100
AcDbText
  0
TEXT
  5
1AF66D
330
17
100
AcDbEntity
 67
     1
  8
Text
100
AcDbText
 10
5011.57090968599
 20
-3365.760246080867
 30
0.0
 40
44.00000000000001
  1
.
 41
0.7
100
AcDbText
  0
TEXT
  5
1AF66E
330
17
100
AcDbEntity
 67
     1
  8
Text
100
AcDbText
 10
5011.57090968599
 20
-3412.522575766399
 30
0.0
 40
44.00000000000001
  1
.
 41
0.7
100
AcDbText
  0
TEXT
  5
1B0694
330
17
100
AcDbEntity
 67
     1
  8
Text
100
AcDbText
 10
13983.16480197539
 20
5399.907353235128
 30
0.0
 40
69.99944375109373
  1
  (dimentions are in cm).
 41
0.65
100
AcDbText
  0
TEXT
  5
1B0695
330
17
100
AcDbEntity
 67
     1
  8
Text
100
AcDbText
 10
13983.16480197539
 20
5555.461672682002
 30
0.0
 40
69.99944375109373
  1
1. kÝch th­íc b¶n vÏ ghi b»ng cm
 41
0.65
100
AcDbText
  0
TEXT
  5
1B0696
330
17
100
AcDbEntity
 67
     1
  8
Text
100
AcDbText
 10
13983.16480197539
 20
5244.353033788251
 30
0.0
 40
69.99944375109373
  1
2. cao ®é ghi b»ng m (h¶i ®å)
 41
0.65
100
AcDbText
  0
TEXT
  5
1B0697
330
17
100
AcDbEntity
 67
     1
  8
Text
100
AcDbText
 10
13983.16480197539
 20
5088.798714341376
 30
0.0
 40
69.99944375109373
  1
  (elevations arr in m - chart datum)
 41
0.625
100
AcDbText
  0
LINE
  5
1B151A
330
17
100
AcDbEntity
 67
     1
  8
Khung
100
AcDbLine
 10
7986.87563676713
 20
2888.696896928441
 30
0.0
 11
7986.875636767123
 21
4569.349321923152
 31
0.0
  0
LEADER
  5
1B151B
330
17
100
AcDbEntity
 67
     1
  8
Da
100
AcDbLeader
  3
Dim 500
 76
     2
 10
6685.429506935115
 20
4401.712750688647
 30
0.0
 10
7986.875636767123
 20
4401.712750688647
 30
0.0
1001
ACAD
1000
DSTYLE
1002
{
1070
   147
1040
0.1
1070
    77
1070
     0
1070
    49
1040
0.25
1070
    50
1040
1.570796326794896
1070
   345
1005
15
1070
   346
1005
15
1070
   347
1005
15
1002
}
  0
TEXT
  5
1B151C
330
17
100
AcDbEntity
 67
     1
  8
Text
100
AcDbText
 10
6803.041740192303
 20
4432.80355423146
 30
0.0
 40
80.0
  1
bÕn container 100.000dwt
 41
0.65
100
AcDbText
  0
LEADER
  5
1B1566
330
17
100
AcDbEntity
 67
     1
  8
Da
100
AcDbLeader
  3
Dim 500
 76
     2
 10
9288.32176659913
 20
4401.712750688647
 30
0.0
 10
7986.875636767123
 20
4401.712750688647
 30
0.0
211
-1.0
221
0.0
231
0.0
1001
ACAD
1000
DSTYLE
1002
{
1070
   147
1040
0.1
1070
    77
1070
     0
1070
    49
1040
0.25
1070
    50
1040
1.570796326794896
1070
   345
1005
15
1070
   346
1005
15
1070
   347
1005
15
1002
}
  0
TEXT
  5
1B1567
330
17
100
AcDbEntity
 67
     1
  8
Text
100
AcDbText
 10
8133.872934851678
 20
4432.80355423146
 30
0.0
 40
80.0
  1
bÕn sµ lan 160teu
 41
0.65
100
AcDbText
  0
TEXT
  5
1B3096
330
17
100
AcDbEntity
 67
     1
  8
Text
100
AcDbText
 10
6731.360212812795
 20
4247.34060375222
 30
0.0
 40
80.0
  1
container berth 100.000dwt
 41
0.65
100
AcDbText
  0
TEXT
  5
1B3097
330
17
100
AcDbEntity
 67
     1
  8
Text
100
AcDbText
 10
8133.872934851678
 20
4247.34060375222
 30
0.0
 40
80.0
  1
barge berth 160teu
 41
0.65
100
AcDbText
  0
TEXT
  5
1B309D
330
17
100
AcDbEntity
 67
     1
  8
Text
100
AcDbText
 10
14011.66254481375
 20
-316.3261101360999
 30
0.0
 40
140.0
  1
mÆt bªn phÝa th­îng l­u
 41
0.8179966205620086
  7
CMB-2
 72
     5
 11
16051.66934483636
 21
-316.3261101360999
 31
0.0
100
AcDbText
  0
TEXT
  5
1B30A0
330
17
100
AcDbEntity
 67
     1
  8
Text
100
AcDbText
 10
6129.560292493464
 20
4979.690799818041
 30
0.0
 40
171.4285714285714
  1
%%Ulateral side at the upstream
  7
Hung
 72
     1
 11
7854.66651475765
 21
4979.690799818041
 31
0.0
100
AcDbText
  0
ENDSEC
  0
SECTION
  2
OBJECTS
  0
DICTIONARY
  5
C
330
0
100
AcDbDictionary
281
     1
  3
ACAD_COLOR
350
3C385
  3
ACAD_GROUP
350
D
  3
ACAD_LAYOUT
350
3C386
  3
ACAD_MATERIAL
350
3C384
  3
ACAD_MLINESTYLE
350
E
  3
ACAD_PLOTSETTINGS
350
3C387
  3
ACAD_PLOTSTYLENAME
350
3C382
  3
ACAD_TABLESTYLE
350
175EB4
  3
ACAD_VISUALSTYLE
350
175EA3
  3
ACAD_WIPEOUT_VARS
350
16CE82
  3
AcadDim
350
193DFC
  3
ACDBVARIABLEDICTIONARY
350
300B9
  3
AEC_CLASSIFICATION_SYSTEM_DEFS
350
1760D6
  3
AEC_PROPERTY_SET_DEFS
350
1760D7
  0
DICTIONARY
  5
179F5B
330
8
100
AcDbDictionary
280
     1
281
     1
  0
DICTIONARY
  5
3CFC9
330
2
100
AcDbDictionary
280
     1
281
     1
  3
ACAD_LAYERFILTERS
360
1B13FF
  3
ACAD_LAYERSTATES
360
3CFCA
  3
ACLYDICTIONARY
360
1B13FE
  0
DICTIONARY
  5
1B0A4A
330
1B0A49
100
AcDbDictionary
280
     1
281
     1
  3
ADSK_XREC_LAYER_RECONCILED
360
1B0A4B
  0
DICTIONARY
  5
128AF0
330
1A
100
AcDbDictionary
280
     1
281
     1
  3
ACAD_SORTENTS
360
16CED8
  0
DICTIONARY
  5
1902B1
330
17
100
AcDbDictionary
280
     1
281
     1
  3
ACAD_SORTENTS
360
1902B2
  0
DICTIONARY
  5
1B092B
330
1B092A
100
AcDbDictionary
280
     1
281
     1
  3
ACAD_SORTENTS
360
1B092C
  0
DICTIONARY
  5
1B3260
330
1B0930
100
AcDbDictionary
280
     1
281
     1
  3
ACAD_SORTENTS
360
1B32F4
  0
DICTIONARY
  5
1B0A24
330
1B0A23
100
AcDbDictionary
280
     1
281
     1
  3
ACAD_SORTENTS
360
1B0A25
  0
DICTIONARY
  5
1B20E1
330
1B20E0
100
AcDbDictionary
280
     1
281
     1
  3
ACAD_SORTENTS
360
1B20E2
  0
DICTIONARY
  5
3C385
102
{ACAD_REACTORS
330
C
102
}
330
C
100
AcDbDictionary
281
     1
  0
DICTIONARY
  5
D
102
{ACAD_REACTORS
330
C
102
}
330
C
100
AcDbDictionary
281
     1
  3
*A1
350
16CE88
  3
*A10
350
175E78
  3
*A100
350
16D835
  3
*A101
350
1757CB
  3
*A102
350
174BD9
  3
*A103
350
16CEBE
  3
*A104
350
16CECA
  3
*A105
350
170DDA
  3
*A106
350
170153
  3
*A107
350
174C52
  3
*A108
350
17297C
  3
*A109
350
1757C8
  3
*A11
350
174174
  3
*A110
350
17013B
  3
*A111
350
16D842
  3
*A112
350
19D540
  3
*A12
350
175E7C
  3
*A13
350
174BE6
  3
*A14
350
16D849
  3
*A15
350
16D714
  3
*A16
350
16F2AA
  3
*A17
350
16F2E8
  3
*A18
350
16D711
  3
*A19
350
16D85B
  3
*A2
350
16D861
  3
*A20
350
175E77
  3
*A21
350
170121
  3
*A22
350
16CE94
  3
*A23
350
174BD2
  3
*A24
350
174C1F
  3
*A25
350
16CEA6
  3
*A26
350
16CEB2
  3
*A27
350
170134
  3
*A28
350
17011B
  3
*A29
350
1757CC
  3
*A3
350
16D83B
  3
*A30
350
16CEA0
  3
*A31
350
1757CA
  3
*A32
350
170147
  3
*A33
350
17012D
  3
*A34
350
174C5E
  3
*A35
350
175E80
  3
*A36
350
174BEC
  3
*A37
350
174173
  3
*A38
350
175E7E
  3
*A39
350
16D829
  3
*A4
350
175E7F
  3
*A40
350
1757C6
  3
*A41
350
1757C7
  3
*A42
350
175E7A
  3
*A43
350
174BF9
  3
*A44
350
174BCC
  3
*A45
350
16F2E7
  3
*A46
350
16F2E9
  3
*A47
350
175E75
  3
*A48
350
175E7B
  3
*A49
350
174C2C
  3
*A5
350
174C4C
  3
*A50
350
16CEAC
  3
*A51
350
174C38
  3
*A52
350
16CE8E
  3
*A53
350
16D822
  3
*A54
350
16D867
  3
*A55
350
174BF2
  3
*A56
350
174C58
  3
*A57
350
16F2E6
  3
*A58
350
16CED7
  3
*A59
350
1757C5
  3
*A6
350
1757C1
  3
*A60
350
174BC6
  3
*A61
350
17014D
  3
*A62
350
175E81
  3
*A63
350
1757C4
  3
*A64
350
174172
  3
*A65
350
16D84F
  3
*A66
350
174BE0
  3
*A67
350
1757C9
  3
*A68
350
170141
  3
*A69
350
174171
  3
*A7
350
1728EF
  3
*A70
350
170DE0
  3
*A71
350
170161
  3
*A72
350
174C32
  3
*A73
350
175E79
  3
*A74
350
170DD9
  3
*A75
350
174C06
  3
*A76
350
16D712
  3
*A77
350
175E7D
  3
*A78
350
174C46
  3
*A79
350
174BC0
  3
*A8
350
16D855
  3
*A80
350
16CEB8
  3
*A81
350
17297B
  3
*A82
350
16CE9A
  3
*A83
350
174C65
  3
*A84
350
17015A
  3
*A85
350
170DDC
  3
*A86
350
174C3F
  3
*A87
350
16D713
  3
*A88
350
1741A2
  3
*A89
350
1757C0
  3
*A9
350
175E76
  3
*A90
350
16D82F
  3
*A91
350
174C00
  3
*A92
350
17292F
  3
*A93
350
17292E
  3
*A94
350
170127
  3
*A95
350
16CEC4
  3
*A96
350
1757C2
  3
*A97
350
170DDB
  3
*A98
350
1757C3
  3
*A99
350
174C26
  0
DICTIONARY
  5
3C386
102
{ACAD_REACTORS
330
C
102
}
330
C
100
AcDbDictionary
281
     1
  3
Layout1
350
3C389
  3
Model
350
3C388
  0
DICTIONARY
  5
3C384
102
{ACAD_REACTORS
330
C
102
}
330
C
100
AcDbDictionary
281
     1
  3
ByBlock
350
175EA2
  3
ByLayer
350
175EA1
  3
Global
350
E68AB
  0
DICTIONARY
  5
E
102
{ACAD_REACTORS
330
C
102
}
330
C
100
AcDbDictionary
281
     1
  3
STANDARD
350
13
  0
DICTIONARY
  5
3C387
102
{ACAD_REACTORS
330
C
102
}
330
C
100
AcDbDictionary
281
     1
  0
ACDBDICTIONARYWDFLT
  5
3C382
102
{ACAD_REACTORS
330
C
102
}
330
C
100
AcDbDictionary
281
     1
  3
Normal
350
3C383
100
AcDbDictionaryWithDefault
340
3C383
  0
DICTIONARY
  5
175EB4
102
{ACAD_REACTORS
330
C
102
}
330
C
100
AcDbDictionary
281
     1
  3
Standard
350
175EB5
  0
DICTIONARY
  5
175EA3
102
{ACAD_REACTORS
330
C
102
}
330
C
100
AcDbDictionary
281
     1
  3
2dWireframe
350
175EA9
  3
3D Hidden
350
175EAB
  3
3dWireframe
350
175EAA
  3
Basic
350
175EA8
  3
Brighten
350
175EAF
  3
ColorChange
350
175EB3
  3
Conceptual
350
175EAC
  3
Dim
350
175EAE
  3
Facepattern
350
175EB2
  3
Flat
350
175EA4
  3
FlatWithEdges
350
175EA5
  3
Gouraud
350
175EA6
  3
GouraudWithEdges
350
175EA7
  3
Linepattern
350
175EB1
  3
Realistic
350
175EAD
  3
Thicken
350
175EB0
  0
WIPEOUTVARIABLES
  5
16CE82
102
{ACAD_REACTORS
330
C
102
}
330
C
100
AcDbWipeoutVariables
 70
     0
  0
XRECORD
  5
193DFC
102
{ACAD_REACTORS
330
C
102
}
330
C
100
AcDbXrecord
280
     1
 90
   990106
  3

 60
     0
 61
     0
 62
     1
 63
     3
 64
     0
 65
     0
 66
     1
 67
     3
 68
     1
 69
     0
 70
     0
 71
     0
 72
     0
 40
969.8741682142498
170
     1
  0
DICTIONARY
  5
300B9
102
{ACAD_REACTORS
330
C
102
}
330
C
100
AcDbDictionary
281
     1
  3
CTABLESTYLE
350
175EEA
  3
DIMASSOC
350
3C3A2
  3
PROJECTNAME
350
3C3A3
  3
SORTENTS
350
300BA
  0
DICTIONARY
  5
1760D6
102
{ACAD_REACTORS
330
C
102
}
330
C
100
AcDbDictionary
281
     1
  0
DICTIONARY
  5
1760D7
102
{ACAD_REACTORS
330
C
102
}
330
C
100
AcDbDictionary
281
     1
  0
DICTIONARY
  5
1B13FF
102
{ACAD_REACTORS
330
3CFC9
102
}
330
3CFC9
100
AcDbDictionary
281
     1
  0
DICTIONARY
  5
3CFCA
102
{ACAD_REACTORS
330
3CFC9
102
}
330
3CFC9
100
AcDbDictionary
281
     1
  3
_LAYISO_STATE
350
1B39D7
1001
AcLayerTools
1000
3C388
1000
0
  0
DICTIONARY
  5
1B13FE
102
{ACAD_REACTORS
330
3CFC9
102
}
330
3CFC9
100
AcDbDictionary
281
     1
1001
ACAD
1000
<All
  0
XRECORD
  5
1B0A4B
102
{ACAD_REACTORS
330
1B0A4A
102
}
330
1B0A4A
100
AcDbXrecord
280
     1
290
     1
  0
SORTENTSTABLE
  5
16CED8
102
{ACAD_REACTORS
330
128AF0
102
}
330
128AF0
100
AcDbSortentsTable
330
1A
331
1287CB
  5
1287CB
331
1B36C6
  5
1B372A
331
1B2600
  5
1B260B
331
1B261F
  5
1B262A
331
1B263E
  5
1B2649
331
1B265D
  5
1B2668
331
1B2674
  5
1B267F
331
1B2693
  5
1B269E
331
1B26B2
  5
1B26BD
331
1B26D1
  5
1B26DC
331
1B26E8
  5
1B26F3
331
1B2907
  5
1B361A
331
145D26
  5
145D26
331
130C91
  5
130C91
331
128705
  5
128705
331
1287FB
  5
1287FB
331
1B36C7
  5
1B372B
331
1B2601
  5
1B260C
331
1B2620
  5
1B262B
331
1B263F
  5
1B264A
331
1B265E
  5
1B2669
331
1B2675
  5
1B2680
331
1B2694
  5
1B269F
331
1B26B3
  5
1B26BE
331
1B26D2
  5
1B26DD
331
1B26E9
  5
1B26F4
331
1B2708
  5
1B2713
331
1287CD
  5
1287CD
331
1B2602
  5
1B260D
331
1B2621
  5
1B262C
331
1B2640
  5
1B264B
331
1B265F
  5
1B266A
331
1B2676
  5
1B2681
331
1B2695
  5
1B26A0
331
1B26B4
  5
1B26BF
331
1B26D3
  5
1B26DE
331
1B26EA
  5
1B26F5
331
1B2709
  5
1B2714
331
1B2728
  5
1B2734
331
15EB1D
  5
15EB1D
331
1376F9
  5
1376F9
331
1287CE
  5
1287CE
331
4C81F
  5
4C81F
331
1B2622
  5
1B262D
331
1B2603
  5
1B260E
331
1B2641
  5
1B264C
331
1B2660
  5
1B266B
331
1B2677
  5
1B2682
331
1B2696
  5
1B26A1
331
1B26B5
  5
1B26C0
331
1B26D4
  5
1B26DF
331
1B26EB
  5
1B26F6
331
1B270A
  5
1B2715
331
1B2729
  5
1B2735
331
1B2748
  5
1B2755
331
13640B
  5
13640B
331
1B2623
  5
1B262E
331
1B2604
  5
1B260F
331
1B2642
  5
1B264D
331
1B2661
  5
1B266C
331
1B2678
  5
1B2683
331
1B2697
  5
1B26A2
331
1B26B6
  5
1B26C1
331
1B26D5
  5
1B26E0
331
1B26EC
  5
1B26F7
331
1B270B
  5
1B2716
331
1B272A
  5
1B2736
331
1B2749
  5
1B2756
331
1B2760
  5
1B276D
331
130C95
  5
130C95
331
1B2624
  5
1B262F
331
1B2605
  5
1B2610
331
1B2643
  5
1B264E
331
1B2662
  5
1B266D
331
1B2679
  5
1B2684
331
1B2698
  5
1B26A3
331
1B26B7
  5
1B26C2
331
1B26D6
  5
1B26E1
331
1B26ED
  5
1B26F8
331
1B270C
  5
1B2717
331
1B272B
  5
1B2737
331
1B274A
  5
1B2757
331
1B2761
  5
1B276E
331
1B2780
  5
1B278D
331
1B2625
  5
1B2630
331
1B2606
  5
1B2611
331
1B2644
  5
1B264F
331
1B2663
  5
1B266E
331
1B267A
  5
1B2685
331
1B2699
  5
1B26A4
331
1B26B8
  5
1B26C3
331
1B26D7
  5
1B26E2
331
1B26EE
  5
1B26F9
331
1B270D
  5
1B2718
331
1B272C
  5
1B2738
331
1B274B
  5
1B2758
331
1B2762
  5
1B276F
331
1B2781
  5
1B278E
331
1B27A0
  5
1B27AD
331
1B2626
  5
1B2631
331
1B2607
  5
1B2612
331
1B2645
  5
1B2650
331
1B2664
  5
1B266F
331
1B267B
  5
1B2686
331
1B269A
  5
1B26A5
331
1B26B9
  5
1B26C4
331
1B26D8
  5
1B26E3
331
1B26EF
  5
1B26FA
331
1B270E
  5
1B2719
331
1B272D
  5
1B2739
331
1B274C
  5
1B2759
331
1B2763
  5
1B2770
331
1B2782
  5
1B278F
331
1B27A1
  5
1B27AE
331
1B27C0
  5
1B27CE
331
1B2608
  5
1B2613
331
1B2627
  5
1B2632
331
1B2646
  5
1B2651
331
1B2665
  5
1B2670
331
1B267C
  5
1B2687
331
1B269B
  5
1B26A6
331
1B26BA
  5
1B26C5
331
1B26D9
  5
1B26E4
331
1B26F0
  5
1B26FB
331
1B270F
  5
1B271A
331
1B272E
  5
1B273A
331
1B274D
  5
1B275A
331
1B2764
  5
1B2771
331
1B2783
  5
1B2790
331
1B27A2
  5
1B27AF
331
1B27C1
  5
1B27CF
331
1B36D7
  5
1B36C7
331
1B3660
  5
1B273C
331
1B2609
  5
1B2614
331
1B2628
  5
1B2633
331
1B2647
  5
1B2652
331
1B2666
  5
1B2671
331
1B267D
  5
1B2688
331
1B269C
  5
1B26A7
331
1B26BB
  5
1B26C6
331
1B26DA
  5
1B26E5
331
1B26F1
  5
1B26FC
331
1B2710
  5
1B271B
331
1B272F
  5
1B273B
331
1B274E
  5
1B275B
331
1B2765
  5
1B2772
331
1B2784
  5
1B2791
331
1B27A3
  5
1B27B0
331
1B27C2
  5
1B27D0
331
1B3720
  5
1B250A
331
1B260A
  5
1B2615
331
1B2629
  5
1B2634
331
1B2648
  5
1B2653
331
1B2667
  5
1B2672
331
1B267E
  5
1B2689
331
1B269D
  5
1B26A8
331
1B26BC
  5
1B26C7
331
1B26DB
  5
1B26E6
331
1B26F2
  5
1B26FD
331
1B2711
  5
1B271C
331
1B2730
  5
1B273D
331
1B274F
  5
1B275C
331
1B2766
  5
1B2773
331
1B2785
  5
1B2792
331
1B27A4
  5
1B27B1
331
1B27C3
  5
1B27D1
331
1B2668
  5
1B2673
331
1B260B
  5
1B2616
331
1B262A
  5
1B2635
331
1B2649
  5
1B2654
331
1B267F
  5
1B268A
331
1B269E
  5
1B26A9
331
1B26BD
  5
1B26C8
331
1B26DC
  5
1B26E7
331
1B26F3
  5
1B26FE
331
1B2712
  5
1B271D
331
1B2731
  5
1B273E
331
1B2750
  5
1B275D
331
1B2767
  5
1B2774
331
1B2786
  5
1B2793
331
1B27A5
  5
1B27B2
331
1B27C4
  5
1B27D2
331
15DD87
  5
15DD87
331
1B3722
  5
1B250B
331
1B2669
  5
1B2674
331
1B260C
  5
1B2617
331
1B262B
  5
1B2636
331
1B264A
  5
1B2655
331
1B2680
  5
1B268B
331
1B269F
  5
1B26AA
331
1B26BE
  5
1B26C9
331
1B26DD
  5
1B26E8
331
1B26F4
  5
1B26FF
331
1B2713
  5
1B271E
331
1B2732
  5
1B273F
331
1B2751
  5
1B275E
331
1B2768
  5
1B2775
331
1B2787
  5
1B2794
331
1B27A6
  5
1B27B3
331
1B27C5
  5
1B27D3
331
15EEB7
  5
15EEB7
331
1B3723
  5
1B250C
331
1B266A
  5
1B2675
331
1B260D
  5
1B2618
331
1B262C
  5
1B2637
331
1B264B
  5
1B2656
331
1B2681
  5
1B268C
331
1B26A0
  5
1B26AB
331
1B26BF
  5
1B26CA
331
1B26DE
  5
1B26E9
331
1B26F5
  5
1B2700
331
1B2714
  5
1B271F
331
1B2733
  5
1B2740
331
1B2752
  5
1B275F
331
1B2769
  5
1B2776
331
1B2788
  5
1B2795
331
1B27A7
  5
1B27B4
331
1B27C6
  5
1B27D4
331
1B3724
  5
1B250D
331
1B266B
  5
1B2676
331
1B260E
  5
1B2619
331
1B262D
  5
1B2638
331
1B264C
  5
1B2657
331
1B2682
  5
1B268D
331
1B26A1
  5
1B26AC
331
1B26C0
  5
1B26CB
331
1B26DF
  5
1B26EA
331
1B26F6
  5
1B2701
331
1B2715
  5
1B2720
331
1B2734
  5
1B2741
331
1B2753
  5
1B2760
331
1B276A
  5
1B2777
331
1B2789
  5
1B2796
331
1B27A8
  5
1B27B5
331
1B27C7
  5
1B27D5
331
1B3725
  5
1B250E
331
1B26E0
  5
1B26EB
331
1B266C
  5
1B2677
331
1B260F
  5
1B261A
331
1B262E
  5
1B2639
331
1B264D
  5
1B2658
331
1B2683
  5
1B268E
331
1B26A2
  5
1B26AD
331
1B26C1
  5
1B26CC
331
1B26F7
  5
1B2702
331
1B2716
  5
1B2721
331
1B2735
  5
1B2742
331
1B2754
  5
1B2761
331
1B276B
  5
1B2778
331
1B278A
  5
1B2797
331
1B27A9
  5
1B27B6
331
1B27C8
  5
1B27D6
331
1B3726
  5
1B250F
331
1B2508
  5
1B2508
331
1B26E1
  5
1B26EC
331
1B266D
  5
1B2678
331
1B2610
  5
1B261B
331
1B262F
  5
1B263A
331
1B264E
  5
1B2659
331
1B2684
  5
1B268F
331
1B26A3
  5
1B26AE
331
1B26C2
  5
1B26CD
331
1B26F8
  5
1B2703
331
1B2717
  5
1B2722
331
1B2736
  5
1B2743
331
1B2755
  5
1B2762
331
1B276C
  5
1B2779
331
1B278B
  5
1B2798
331
1B27AA
  5
1B27B7
331
1B27C9
  5
1B27D7
331
1B3727
  5
1B2510
331
1B2509
  5
1B2509
331
1B26E2
  5
1B26ED
331
1B266E
  5
1B2679
331
1B2611
  5
1B261C
331
1B2630
  5
1B263B
331
1B264F
  5
1B265A
331
1B2685
  5
1B2690
331
1B26A4
  5
1B26AF
331
1B26C3
  5
1B26CE
331
1B26F9
  5
1B2704
331
1B2718
  5
1B2723
331
1B2737
  5
1B2744
331
1B2756
  5
1B2763
331
1B276D
  5
1B277A
331
1B278C
  5
1B2799
331
1B27AB
  5
1B27B8
331
1B27CA
  5
1B27D8
331
1B2528
  5
1B2533
331
1B3728
  5
1B2511
331
1B20D3
  5
1B20D3
331
1B26E3
  5
1B26EE
331
1B266F
  5
1B267A
331
1B2612
  5
1B261D
331
1B2631
  5
1B263C
331
1B2650
  5
1B265B
331
1B2686
  5
1B2691
331
1B26A5
  5
1B26B0
331
1B26C4
  5
1B26CF
331
1B26FA
  5
1B2705
331
1B2719
  5
1B2724
331
1B2738
  5
1B2745
331
1B2757
  5
1B2764
331
1B276E
  5
1B277B
331
1B278D
  5
1B279A
331
1B27AC
  5
1B27B9
331
1B27CB
  5
1B27D9
331
1B250A
  5
1B2515
331
1B2529
  5
1B2534
331
1B2548
  5
1B2553
331
1B3729
  5
1B2512
331
1B250B
  5
1B2516
331
1B2758
  5
1B2765
331
1B26E4
  5
1B26EF
331
1B2613
  5
1B261E
331
1B2632
  5
1B263D
331
1B2651
  5
1B265C
331
1B2687
  5
1B2692
331
1B26A6
  5
1B26B1
331
1B26C5
  5
1B26D0
331
1B26FB
  5
1B2706
331
1B271A
  5
1B2725
331
1B2739
  5
1B2746
331
1B276F
  5
1B277C
331
1B278E
  5
1B279B
331
1B27AD
  5
1B27BA
331
1B27CC
  5
1B27DA
331
1B252A
  5
1B2535
331
1B2549
  5
1B2554
331
1B2568
  5
1B2573
331
1B372A
  5
1B2513
331
1B2759
  5
1B2766
331
1B26E5
  5
1B26F0
331
1B2614
  5
1B261F
331
1B2633
  5
1B263E
331
1B2652
  5
1B265D
331
1B2688
  5
1B2693
331
1B26A7
  5
1B26B2
331
1B26C6
  5
1B26D1
331
1B26FC
  5
1B2707
331
1B271B
  5
1B2726
331
1B273A
  5
1B2747
331
1B2770
  5
1B277D
331
1B278F
  5
1B279C
331
1B27AE
  5
1B27BB
331
1B27CD
  5
1B27DB
331
1B250C
  5
1B2517
331
1B252B
  5
1B2536
331
1B254A
  5
1B2555
331
1B2569
  5
1B2574
331
1B2580
  5
1B258B
331
1B372B
  5
1B2514
331
1B252C
  5
1B2537
331
1B275A
  5
1B2767
331
1B26E6
  5
1B26F1
331
1B26C7
  5
1B26D2
331
1B26FD
  5
1B2708
331
1B271C
  5
1B2727
331
1B273B
  5
1B2748
331
1B2771
  5
1B277E
331
1B2790
  5
1B279D
331
1B27AF
  5
1B27BC
331
1B27CE
  5
1B27DC
331
1B250D
  5
1B2518
331
1B254B
  5
1B2556
331
1B256A
  5
1B2575
331
1B2581
  5
1B258C
331
1B25A0
  5
1B25AB
331
1B2615
  5
1B2620
331
1B2634
  5
1B263F
331
1B2653
  5
1B265E
331
1B2689
  5
1B2694
331
1B26A8
  5
1B26B3
331
3E5E8
  5
3E5E8
331
1B252D
  5
1B2538
331
1B275B
  5
1B2768
331
1B26E7
  5
1B26F2
331
1B2616
  5
1B2621
331
1B2635
  5
1B2640
331
1B2654
  5
1B265F
331
1B268A
  5
1B2695
331
1B26A9
  5
1B26B4
331
1B26C8
  5
1B26D3
331
1B26FE
  5
1B2709
331
1B271D
  5
1B2728
331
1B273C
  5
1B2749
331
1B2772
  5
1B277F
331
1B2791
  5
1B279E
331
1B27B0
  5
1B27BE
331
1B27CF
  5
1B27DD
331
1B250E
  5
1B2519
331
1B254C
  5
1B2557
331
1B256B
  5
1B2576
331
1B2582
  5
1B258D
331
1B25A1
  5
1B25AC
331
1B25C0
  5
1B25CB
331
1B254D
  5
1B2558
331
1B27D0
  5
1B27DE
331
1B275C
  5
1B2769
331
1B2617
  5
1B2622
331
1B2636
  5
1B2641
331
1B2655
  5
1B2660
331
1B268B
  5
1B2696
331
1B26AA
  5
1B26B5
331
1B26C9
  5
1B26D4
331
1B26FF
  5
1B270A
331
1B271E
  5
1B2729
331
1B273D
  5
1B274A
331
1B2773
  5
1B2780
331
1B2792
  5
1B279F
331
1B27B1
  5
1B27BF
331
1B250F
  5
1B251A
331
1B252E
  5
1B2539
331
1B256C
  5
1B2577
331
1B2583
  5
1B258E
331
1B25A2
  5
1B25AD
331
1B25C1
  5
1B25CC
331
1B25E0
  5
1B25EB
331
1B27D8
  5
1B27E6
331
1B254E
  5
1B2559
331
1B27D1
  5
1B27DF
331
1B275D
  5
1B276A
331
1B2637
  5
1B2642
331
1B2656
  5
1B2661
331
1B268C
  5
1B2697
331
1B26AB
  5
1B26B6
331
1B26CA
  5
1B26D5
331
1B2700
  5
1B270B
331
1B271F
  5
1B272A
331
1B273E
  5
1B274B
331
1B2774
  5
1B2781
331
1B2793
  5
1B27A0
331
1B27B2
  5
1B27C0
331
1B2510
  5
1B251B
331
1B252F
  5
1B253A
331
1B256D
  5
1B2578
331
1B2584
  5
1B258F
331
1B25A3
  5
1B25AE
331
1B25C2
  5
1B25CD
331
1B25E1
  5
1B25EC
331
1B27D9
  5
1B27E7
331
1B27F8
  5
1B2806
331
1B254F
  5
1B255A
331
1B27D2
  5
1B27E0
331
1B275E
  5
1B276B
331
1B2657
  5
1B2662
331
1B268D
  5
1B2698
331
1B26AC
  5
1B26B7
331
1B26CB
  5
1B26D6
331
1B2701
  5
1B270C
331
1B2720
  5
1B272B
331
1B273F
  5
1B274C
331
1B2775
  5
1B2782
331
1B2794
  5
1B27A1
331
1B27B3
  5
1B27C1
331
1B2511
  5
1B251C
331
1B2530
  5
1B253B
331
1B256E
  5
1B2579
331
1B2585
  5
1B2590
331
1B25A4
  5
1B25AF
331
1B25C3
  5
1B25CE
331
1B25E2
  5
1B25ED
331
1B27DA
  5
1B27E8
331
1B27F9
  5
1B2807
331
1B2818
  5
1B2826
331
1B25C4
  5
1B25CF
331
1B2586
  5
1B2591
331
1B2550
  5
1B255B
331
1B27D3
  5
1B27E1
331
1B2776
  5
1B2783
331
1B268E
  5
1B2699
331
1B26AD
  5
1B26B8
331
1B26CC
  5
1B26D7
331
1B2702
  5
1B270D
331
1B2721
  5
1B272C
331
1B2740
  5
1B274D
331
1B275F
  5
1B276C
331
1B2795
  5
1B27A2
331
1B27B4
  5
1B27C2
331
1B2512
  5
1B251D
331
1B2531
  5
1B253C
331
1B256F
  5
1B257A
331
1B25A5
  5
1B25B0
331
1B25E3
  5
1B25EE
331
16ABDF
  5
16ABDF
331
1B27DB
  5
1B27E9
331
1B27FA
  5
1B2808
331
1B2819
  5
1B2827
331
1B2838
  5
1B2846
331
1B25A6
  5
1B25B1
331
1B2551
  5
1B255C
331
1B27D4
  5
1B27E2
331
1B268F
  5
1B269A
331
1B26AE
  5
1B26B9
331
1B26CD
  5
1B26D8
331
1B2703
  5
1B270E
331
1B2722
  5
1B272E
331
1B2741
  5
1B274E
331
1B2777
  5
1B2784
331
1B2796
  5
1B27A3
331
1B27B5
  5
1B27C3
331
1B2513
  5
1B251E
331
1B2532
  5
1B253D
331
1B2570
  5
1B257B
331
1B2587
  5
1B2592
331
1B25C5
  5
1B25D0
331
1B25E4
  5
1B25EF
331
1917CE
  5
195C73
331
1B27DC
  5
1B27EA
331
1B27FB
  5
1B2809
331
1B281A
  5
1B2828
331
1B2839
  5
1B2847
331
1B2850
  5
1B285E
331
1B25A7
  5
1B25B2
331
1B2552
  5
1B255D
331
1B27D5
  5
1B27E3
331
1B26AF
  5
1B26BA
331
1B26CE
  5
1B26D9
331
1B2704
  5
1B270F
331
1B2723
  5
1B272F
331
1B2742
  5
1B274F
331
1B2778
  5
1B2785
331
1B2797
  5
1B27A4
331
1B27B6
  5
1B27C4
331
1B2514
  5
1B251F
331
1B2533
  5
1B253E
331
1B2571
  5
1B257C
331
1B2588
  5
1B2593
331
1B25C6
  5
1B25D1
331
1B25E5
  5
1B25F0
331
1917CF
  5
1917CE
331
1B27DD
  5
1B27EB
331
1B27FC
  5
1B280A
331
1B281B
  5
1B2829
331
1B283A
  5
1B2848
331
1B2851
  5
1B285F
331
1B2870
  5
1B287E
331
1B25E6
  5
1B25F1
331
1B25A8
  5
1B25B3
331
1B2534
  5
1B253F
331
1B27D6
  5
1B27E4
331
1B26CF
  5
1B26DA
331
1B2705
  5
1B2710
331
1B2724
  5
1B2730
331
1B2743
  5
1B2750
331
1B2779
  5
1B2786
331
1B2798
  5
1B27A5
331
1B27B7
  5
1B27C5
331
1B2515
  5
1B2520
331
1B2553
  5
1B255E
331
1B2572
  5
1B257D
331
1B2589
  5
1B2594
331
1B25C7
  5
1B25D2
331
1B27DE
  5
1B27EC
331
1B27FD
  5
1B280B
331
1B281C
  5
1B282A
331
1B283B
  5
1B2849
331
1B2852
  5
1B2860
331
1B2871
  5
1B287F
331
1B2890
  5
1B289E
331
1B25E7
  5
1B25F2
331
1B25A9
  5
1B25B4
331
1B2535
  5
1B2540
331
1B2706
  5
1B2711
331
1B2725
  5
1B2731
331
1B2744
  5
1B2751
331
1B277A
  5
1B2787
331
1B2799
  5
1B27A6
331
1B27B8
  5
1B27C6
331
1B27D7
  5
1B27E5
331
1B2516
  5
1B2521
331
1B2554
  5
1B255F
331
1B2573
  5
1B257E
331
1B258A
  5
1B2595
331
1B25C8
  5
1B25D3
331
1B27DF
  5
1B27ED
331
1B27FE
  5
1B280C
331
1B281D
  5
1B282B
331
1B283C
  5
1B284A
331
1B2853
  5
1B2861
331
1B2872
  5
1B2880
331
1B2891
  5
1B289F
331
1B28B0
  5
1B28BE
331
1B25AA
  5
1B25B5
331
1B2536
  5
1B2541
331
1B2707
  5
1B2712
331
1B2726
  5
1B2732
331
1B2745
  5
1B2752
331
1B277B
  5
1B2788
331
1B279A
  5
1B27A7
331
1B27B9
  5
1B27C7
331
1B2517
  5
1B2522
331
1B2555
  5
1B2560
331
1B2574
  5
1B257F
331
1B258B
  5
1B2596
331
1B25C9
  5
1B25D4
331
1B25E8
  5
1B25F3
331
1B27E0
  5
1B27EE
331
1B27FF
  5
1B280D
331
1B281E
  5
1B282C
331
1B283D
  5
1B284B
331
1B2854
  5
1B2862
331
1B2873
  5
1B2881
331
1B2892
  5
1B28A0
331
1B28B1
  5
1B28BF
331
1B28C8
  5
1B28D6
331
1B25AB
  5
1B25B6
331
1B2575
  5
1B2580
331
1B2537
  5
1B2542
331
1B2727
  5
1B2733
331
1B2746
  5
1B2753
331
1B277C
  5
1B2789
331
1B279B
  5
1B27A8
331
1B27BA
  5
1B27C8
331
1B2518
  5
1B2523
331
1B2556
  5
1B2561
331
1B258C
  5
1B2597
331
1B25CA
  5
1B25D5
331
1B25E9
  5
1B25F4
331
1B27E1
  5
1B27EF
331
1B2800
  5
1B280E
331
1B281F
  5
1B282D
331
1B283E
  5
1B284C
331
1B2855
  5
1B2863
331
1B2874
  5
1B2882
331
1B2893
  5
1B28A1
331
1B28B2
  5
1B28C0
331
1B28C9
  5
1B28D7
331
1B28E8
  5
1B28F6
331
1B25CB
  5
1B25D6
331
1B2576
  5
1B2581
331
1B2538
  5
1B2543
331
1B2519
  5
1B2524
331
1B2747
  5
1B2754
331
1B277D
  5
1B278A
331
1B279C
  5
1B27A9
331
1B27BB
  5
1B27C9
331
1B2502
  5
1B2502
331
1B2557
  5
1B2562
331
1B258D
  5
1B2598
331
1B25AC
  5
1B25B7
331
1B25EA
  5
1B25F5
331
16B47E
  5
16B47E
331
1B27E2
  5
1B27F0
331
1B2801
  5
1B280F
331
1B2820
  5
1B282E
331
1B283F
  5
1B284D
331
1B2856
  5
1B2864
331
1B2875
  5
1B2883
331
1B2894
  5
1B28A2
331
1B28B3
  5
1B28C1
331
1B28CA
  5
1B28D8
331
1B28E9
  5
1B28F7
331
1B2908
  5
1B3660
331
1B25CC
  5
1B25D7
331
1B2577
  5
1B2582
331
1B2539
  5
1B2544
331
1B251A
  5
1B2525
331
1B277E
  5
1B278B
331
1B279D
  5
1B27AA
331
1B27BC
  5
1B27CA
331
1B2503
  5
1B2503
331
1B2558
  5
1B2563
331
1B258E
  5
1B2599
331
1B25AD
  5
1B25B8
331
1B25EB
  5
1B25F6
331
1B27E3
  5
1B27F1
331
1B2802
  5
1B2810
331
1B2821
  5
1B282F
331
1B2840
  5
1B284E
331
1B2857
  5
1B2865
331
1B2876
  5
1B2884
331
1B2895
  5
1B28A3
331
1B28B4
  5
1B28C2
331
1B28CB
  5
1B28D9
331
1B28EA
  5
1B28F8
331
1B2909
  5
1B36C2
331
1B25CD
  5
1B25D8
331
1B2578
  5
1B2583
331
1B253A
  5
1B2545
331
1B277F
  5
1B278C
331
1B279E
  5
1B27AB
331
1B27BD
  5
1B27CB
331
1B2504
  5
1B2504
331
1B251B
  5
1B2526
331
1B2559
  5
1B2564
331
1B258F
  5
1B259A
331
1B25AE
  5
1B25B9
331
1B25EC
  5
1B25F7
331
1B27E4
  5
1B27F2
331
1B2803
  5
1B2811
331
1B2822
  5
1B2830
331
1B2841
  5
1B284F
331
1B2858
  5
1B2866
331
1B2877
  5
1B2885
331
1B2896
  5
1B28A4
331
1B28B5
  5
1B28C3
331
1B28CC
  5
1B28DA
331
1B28EB
  5
1B28F9
331
1B290A
  5
1B36C3
331
1B25ED
  5
1B25F8
331
1B2579
  5
1B2584
331
1B253B
  5
1B2546
331
1B279F
  5
1B27AC
331
1B27BE
  5
1B27CC
331
1B2505
  5
1B2505
331
1B251C
  5
1B2527
331
1B255A
  5
1B2565
331
1B2590
  5
1B259B
331
1B25AF
  5
1B25BA
331
1B25CE
  5
1B25D9
331
128708
  5
128708
331
1B28EC
  5
1B28FA
331
1B290B
  5
1B36C4
331
1B27E5
  5
1B27F3
331
1B2804
  5
1B2812
331
1B2823
  5
1B2831
331
1B2842
  5
1B2850
331
1B2859
  5
1B2867
331
1B2878
  5
1B2886
331
1B2897
  5
1B28A5
331
1B28B6
  5
1B28C4
331
1B28CD
  5
1B28DB
331
13AC6D
  5
13AC6D
331
1B25EE
  5
1B25F9
331
1B257A
  5
1B2585
331
1B253C
  5
1B2547
331
1B27BF
  5
1B27CD
331
1B2506
  5
1B2506
331
1B251D
  5
1B2528
331
1B255B
  5
1B2566
331
1B2591
  5
1B259C
331
1B25B0
  5
1B25BB
331
1B25CF
  5
1B25DA
331
1B28ED
  5
1B28FB
331
1B290C
  5
1B36C5
331
1B27E6
  5
1B27F4
331
1B2805
  5
1B2813
331
1B2824
  5
1B2832
331
1B2843
  5
1B2851
331
1B285A
  5
1B2868
331
1B2879
  5
1B2887
331
1B2898
  5
1B28A6
331
1B28B7
  5
1B28C5
331
1B28CE
  5
1B28DC
331
13AC6E
  5
13AC6E
331
16BA9A
  5
16BAC0
331
1B25EF
  5
1B25FA
331
1B257B
  5
1B2586
331
1B253D
  5
1B2548
331
1B2507
  5
1B2507
331
1B251E
  5
1B2529
331
1B255C
  5
1B2567
331
1B2592
  5
1B259D
331
1B25B1
  5
1B25BC
331
1B25D0
  5
1B25DB
331
1B27E7
  5
1B27F5
331
1B2806
  5
1B2814
331
1B2825
  5
1B2833
331
1B2844
  5
1B2852
331
1B285B
  5
1B2869
331
1B287A
  5
1B2888
331
1B2899
  5
1B28A7
331
1B28B8
  5
1B28C6
331
1B28CF
  5
1B28DD
331
1B28EE
  5
1B28FC
331
1B25F0
  5
1B25FB
331
1B25D1
  5
1B25DC
331
1B257C
  5
1B2587
331
1B251F
  5
1B252A
331
1B253E
  5
1B2549
331
1B255D
  5
1B2568
331
1B2593
  5
1B259E
331
1B25B2
  5
1B25BD
331
1B27E8
  5
1B27F6
331
1B2807
  5
1B2815
331
1B2826
  5
1B2834
331
1B2845
  5
1B2853
331
1B285C
  5
1B286A
331
1B287B
  5
1B2889
331
1B289A
  5
1B28A8
331
1B28B9
  5
1B28C7
331
1B28D0
  5
1B28DE
331
1B28EF
  5
1B28FD
331
1B290E
  5
1B36C6
331
1B25F1
  5
1B25FC
331
1B25D2
  5
1B25DD
331
1B257D
  5
1B2588
331
1B2520
  5
1B252B
331
1B253F
  5
1B254A
331
1B255E
  5
1B2569
331
1B2594
  5
1B259F
331
1B25B3
  5
1B25BE
331
1B27E9
  5
1B27F7
331
1B2808
  5
1B2816
331
1B2827
  5
1B2835
331
1B2846
  5
1B2854
331
1B285D
  5
1B286B
331
1B287C
  5
1B288A
331
1B289B
  5
1B28A9
331
1B28BA
  5
1B28C8
331
1B28D1
  5
1B28DF
331
1B28F0
  5
1B28FE
331
145D66
  5
145D66
331
1B25F2
  5
1B25FD
331
1B25D3
  5
1B25DE
331
1B257E
  5
1B2589
331
1B2521
  5
1B252C
331
1B2540
  5
1B254B
331
1B255F
  5
1B256A
331
1B2595
  5
1B25A0
331
1B25B4
  5
1B25BF
331
130CB1
  5
130CB1
331
1287E4
  5
1287E4
331
1B28F1
  5
1B28FF
331
1B2910
  5
1B36D7
331
145D67
  5
145D67
331
1B27EA
  5
1B27F8
331
1B2809
  5
1B2817
331
1B2828
  5
1B2836
331
1B2847
  5
1B2855
331
1B285E
  5
1B286C
331
1B287D
  5
1B288B
331
1B289C
  5
1B28AA
331
1B28BB
  5
1B28C9
331
1B28D2
  5
1B28E0
331
13E392
  5
13E392
331
1B25F3
  5
1B25FE
331
1B25D4
  5
1B25DF
331
1B257F
  5
1B258A
331
1B2522
  5
1B252D
331
1B2541
  5
1B254C
331
1B2560
  5
1B256B
331
1B2596
  5
1B25A1
331
1B25B5
  5
1B25C0
331
1287E5
  5
1287E5
331
1B28F2
  5
1B2900
331
1B2911
  5
1B3720
331
1B285F
  5
1B286D
331
1B27EB
  5
1B27F9
331
1B280A
  5
1B2818
331
1B2829
  5
1B2837
331
1B2848
  5
1B2856
331
1B287E
  5
1B288C
331
1B289D
  5
1B28AB
331
1B28BC
  5
1B28CA
331
1B28D3
  5
1B28E1
331
13E393
  5
13E393
331
1B25F4
  5
1B25FF
331
1B25D5
  5
1B25E0
331
1B2523
  5
1B252E
331
1B2542
  5
1B254D
331
1B2561
  5
1B256C
331
1B2597
  5
1B25A2
331
1B25B6
  5
1B25C1
331
1387
  5
1387
331
1B28F3
  5
1B2901
331
1B2912
  5
1B3722
331
1B2860
  5
1B286E
331
1B27EC
  5
1B27FA
331
1B280B
  5
1B2819
331
1B282A
  5
1B2838
331
1B2849
  5
1B2857
331
1B287F
  5
1B288D
331
1B289E
  5
1B28AC
331
1B28BD
  5
1B28CB
331
1B28D4
  5
1B28E2
331
13E394
  5
13E394
331
1B25F5
  5
1B2600
331
1B25D6
  5
1B25E1
331
1B2524
  5
1B252F
331
1B2543
  5
1B254E
331
1B2562
  5
1B256D
331
1B2598
  5
1B25A3
331
1B25B7
  5
1B25C2
331
128AD5
  5
128AD5
331
128720
  5
128720
331
128896
  5
128896
331
130CB4
  5
130CB4
331
1B28F4
  5
1B2902
331
1B2913
  5
1B3723
331
145D6A
  5
145D6A
331
1B2861
  5
1B286F
331
1B27ED
  5
1B27FB
331
1B280C
  5
1B281A
331
1B282B
  5
1B2839
331
1B284A
  5
1B2858
331
1B2880
  5
1B288E
331
1B289F
  5
1B28AD
331
1B28BE
  5
1B28CC
331
1B28D5
  5
1B28E3
331
13E395
  5
13E395
331
1B25F6
  5
1B2601
331
1B2525
  5
1B2530
331
1B2544
  5
1B254F
331
1B2563
  5
1B256E
331
1B2599
  5
1B25A4
331
1B25B8
  5
1B25C3
331
1B25D7
  5
1B25E2
331
128AD6
  5
128AD6
331
1B2862
  5
1B2870
331
1B27EE
  5
1B27FC
331
1B280D
  5
1B281B
331
1B282C
  5
1B283A
331
1B284B
  5
1B2859
331
1B2881
  5
1B288F
331
1B28A0
  5
1B28AE
331
1B28BF
  5
1B28CD
331
1B28D6
  5
1B28E4
331
1B28F5
  5
1B2903
331
1B2914
  5
1B3724
331
15E3E9
  5
15E3E9
331
1B25F7
  5
1B2602
331
1B2526
  5
1B2531
331
1B2545
  5
1B2550
331
1B2564
  5
1B256F
331
1B259A
  5
1B25A5
331
1B25B9
  5
1B25C4
331
1B25D8
  5
1B25E3
331
136415
  5
136415
331
1286E3
  5
1286E3
331
1287E9
  5
1287E9
331
1288B0
  5
1288B0
331
1B28D7
  5
1B28E5
331
1B2863
  5
1B2871
331
1B27EF
  5
1B27FD
331
1B280E
  5
1B281C
331
1B282D
  5
1B283B
331
1B284C
  5
1B285A
331
1B2882
  5
1B2890
331
1B28A1
  5
1B28AF
331
1B28C0
  5
1B28CE
331
1B28F6
  5
1B2904
331
15F251
  5
15F251
331
1B2527
  5
1B2532
331
1B2546
  5
1B2551
331
1B2565
  5
1B2570
331
1B259B
  5
1B25A6
331
1B25BA
  5
1B25C5
331
1B25D9
  5
1B25E4
331
1287EA
  5
1287EA
331
1B28D8
  5
1B28E6
331
1B2864
  5
1B2872
331
1B280F
  5
1B281D
331
1B27F0
  5
1B27FE
331
1B282E
  5
1B283C
331
1B284D
  5
1B285B
331
1B2883
  5
1B2891
331
1B28A2
  5
1B28B0
331
1B28C1
  5
1B28CF
331
1B28F7
  5
1B2905
331
142DAF
  5
142DAF
331
1B2547
  5
1B2552
331
1B2566
  5
1B2571
331
1B259C
  5
1B25A7
331
1B25BB
  5
1B25C6
331
1B25DA
  5
1B25E5
331
137D96
  5
137D96
331
1B2917
  5
1B3725
331
150BD5
  5
150BD5
331
1B28D9
  5
1B28E7
331
1B2865
  5
1B2873
331
1B282F
  5
1B283D
331
1B27F1
  5
1B27FF
331
1B2810
  5
1B281E
331
1B284E
  5
1B285C
331
1B2884
  5
1B2892
331
1B28A3
  5
1B28B1
331
1B28C2
  5
1B28D0
331
1B28F8
  5
1B2906
331
142DB0
  5
142DB0
331
1B2567
  5
1B2572
331
1B259D
  5
1B25A8
331
1B25BC
  5
1B25C7
331
1B25DB
  5
1B25E6
331
1B28DA
  5
1B28E8
331
1B2866
  5
1B2874
331
1B284F
  5
1B285D
331
1B27F2
  5
1B2800
331
1B2811
  5
1B281F
331
1B2830
  5
1B283E
331
1B2885
  5
1B2893
331
1B28A4
  5
1B28B2
331
1B28C3
  5
1B28D1
331
1B28F9
  5
1B2907
331
1B259E
  5
1B25A9
331
1B25BD
  5
1B25C8
331
1B25DC
  5
1B25E7
331
1323B2
  5
1323B2
331
1B28FA
  5
1B2908
331
1B28DB
  5
1B28E9
331
1B2867
  5
1B2875
331
1B27F3
  5
1B2801
331
1B2812
  5
1B2820
331
1B2831
  5
1B283F
331
1B2886
  5
1B2894
331
1B28A5
  5
1B28B3
331
1B28C4
  5
1B28D2
331
13E39B
  5
13E39B
331
1B259F
  5
1B25AA
331
1B25BE
  5
1B25C9
331
1B25DD
  5
1B25E8
331
1B28FB
  5
1B2909
331
1B28DC
  5
1B28EA
331
1B2887
  5
1B2895
331
1B27F4
  5
1B2802
331
1B2813
  5
1B2821
331
1B2832
  5
1B2840
331
1B2868
  5
1B2876
331
1B28A6
  5
1B28B4
331
1B28C5
  5
1B28D3
331
13E39C
  5
13E39C
331
1B25BF
  5
1B25CA
331
1B25DE
  5
1B25E9
331
1B28FC
  5
1B290A
331
1B28DD
  5
1B28EB
331
1B28A7
  5
1B28B5
331
1B27F5
  5
1B2803
331
1B2814
  5
1B2822
331
1B2833
  5
1B2841
331
1B2869
  5
1B2877
331
1B2888
  5
1B2896
331
1B28C6
  5
1B28D4
331
13E39D
  5
13E39D
331
1B25DF
  5
1B25EA
331
1B28FD
  5
1B290B
331
1B28DE
  5
1B28EC
331
1B28C7
  5
1B28D5
331
1B27F6
  5
1B2804
331
1B2815
  5
1B2823
331
1B2834
  5
1B2842
331
1B286A
  5
1B2878
331
1B2889
  5
1B2897
331
1B28A8
  5
1B28B6
331
13E39E
  5
13E39E
331
136A5D
  5
136A5D
331
1B28FE
  5
1B290C
331
1B28DF
  5
1B28ED
331
1B27F7
  5
1B2805
331
1B2816
  5
1B2824
331
1B2835
  5
1B2843
331
1B286B
  5
1B2879
331
1B288A
  5
1B2898
331
1B28A9
  5
1B28B7
331
13E39F
  5
13E39F
331
1B25F8
  5
1B2603
331
1B28FF
  5
1B290E
331
1B2817
  5
1B2825
331
1B2836
  5
1B2844
331
1B286C
  5
1B287A
331
1B288B
  5
1B2899
331
1B28AA
  5
1B28B8
331
1B28E0
  5
1B28EE
331
13E3A0
  5
13E3A0
331
15E783
  5
15E783
331
1B25F9
  5
1B2604
331
1B2618
  5
1B2623
331
1B2900
  5
1B2910
331
1431B8
  5
1431B8
331
1B2837
  5
1B2845
331
1B286D
  5
1B287B
331
1B288C
  5
1B289A
331
1B28AB
  5
1B28B9
331
1B28E1
  5
1B28EF
331
13E3A1
  5
13E3A1
331
1287A5
  5
1287A5
331
1286FE
  5
1286FE
331
1287F4
  5
1287F4
331
1B2901
  5
1B2911
331
1B25FA
  5
1B2605
331
1B2619
  5
1B2624
331
1B2638
  5
1B2643
331
1B286E
  5
1B287C
331
1B288D
  5
1B289B
331
1B28AC
  5
1B28BA
331
1B28E2
  5
1B28F0
331
13E3A2
  5
13E3A2
331
1370B1
  5
1370B1
331
130C43
  5
130C43
331
1287A6
  5
1287A6
331
1B2902
  5
1B2913
331
1B25FB
  5
1B2606
331
1B261A
  5
1B2625
331
1B2639
  5
1B2644
331
1B2658
  5
1B2663
331
1B286F
  5
1B287D
331
1B288E
  5
1B289C
331
1B28AD
  5
1B28BB
331
1B28E3
  5
1B28F1
331
13E3A3
  5
13E3A3
331
135DA3
  5
135DA3
331
130C44
  5
130C44
331
1B36C2
  5
1B3726
331
1B288F
  5
1B289D
331
1B28AE
  5
1B28BC
331
1B28E4
  5
1B28F2
331
1B2903
  5
1B2914
331
1B25FC
  5
1B2607
331
1B261B
  5
1B2626
331
1B263A
  5
1B2645
331
1B2659
  5
1B2664
331
1B2670
  5
1B267B
331
128701
  5
128701
331
1B36C3
  5
1B3727
331
1B28AF
  5
1B28BD
331
1B28E5
  5
1B28F3
331
1B2904
  5
1B2917
331
1B25FD
  5
1B2608
331
1B261C
  5
1B2627
331
1B263B
  5
1B2646
331
1B265A
  5
1B2665
331
1B2671
  5
1B267C
331
1B2690
  5
1B269B
331
12891F
  5
12891F
331
1B36C4
  5
1B3728
331
1B28E6
  5
1B28F4
331
1B2905
  5
1B35CE
331
1B25FE
  5
1B2609
331
1B261D
  5
1B2628
331
1B263C
  5
1B2647
331
1B265B
  5
1B2666
331
1B2672
  5
1B267D
331
1B2691
  5
1B269C
331
1B26B0
  5
1B26BB
331
128703
  5
128703
331
1B36C5
  5
1B3729
331
1B28E7
  5
1B28F5
331
1B2906
  5
1B35CF
331
1B25FF
  5
1B260A
331
1B261E
  5
1B2629
331
1B263D
  5
1B2648
331
1B265C
  5
1B2667
331
1B2673
  5
1B267E
331
1B2692
  5
1B269D
331
1B26B1
  5
1B26BC
331
1B26D0
  5
1B26DB
  0
SORTENTSTABLE
  5
1902B2
102
{ACAD_REACTORS
330
1902B1
102
}
330
1902B1
100
AcDbSortentsTable
330
17
331
191819
  5
191817
331
1921A6
  5
1921B5
331
1922BF
  5
192799
331
1AEAEA
  5
1AEAEB
331
194E25
  5
194E32
331
19228B
  5
192298
331
1936F5
  5
1936F6
331
194E77
  5
194E84
331
194D67
  5
194D74
331
195AC0
  5
195AC1
331
192257
  5
192264
331
194D33
  5
194D40
331
194E16
  5
194E25
331
1931C9
  5
1931D8
331
1936EE
  5
1936EF
331
191964
  5
191961
331
194DA1
  5
194DAE
331
192210
  5
19221D
331
193106
  5
193180
331
195AC2
  5
195B0A
331
194E4C
  5
194E59
331
1921DC
  5
1921E9
331
194E59
  5
194E68
331
19227E
  5
19228B
331
1936F0
  5
1936F1
331
194DBB
  5
194DC8
331
194DFC
  5
194E09
331
194D19
  5
194D26
331
194D26
  5
194D33
331
191816
  5
18DB63
331
194DC8
  5
194DD5
331
18DB62
  5
18DB62
331
18DAEE
  5
18DAEE
331
1921C2
  5
1921CF
331
192264
  5
192271
331
194CFF
  5
194D0C
331
194D40
  5
194D4D
331
194DE2
  5
194DEF
331
194DAE
  5
194DBB
331
19221D
  5
19222C
331
191961
  5
191964
331
194D92
  5
194DA1
331
1936F4
  5
1936F5
331
1937D0
  5
193C9C
331
1921E9
  5
1921F6
331
19224A
  5
192257
331
1931D8
  5
1936EA
331
1AEB3A
  5
1918F8
331
195ABF
  5
195AC0
331
194D83
  5
194D92
331
1921B5
  5
1921C2
331
1936ED
  5
1936EE
331
194DD5
  5
194DE2
331
1AEAEB
  5
1AEB33
331
191963
  5
191956
331
19223B
  5
19224A
331
192197
  5
1921A6
331
194E84
  5
194E91
331
1936F6
  5
193740
331
194D74
  5
194D83
331
192298
  5
1922A5
331
194E68
  5
194E77
331
195AC1
  5
195AC2
331
1921CF
  5
1921DC
331
19222C
  5
19223B
331
1936EF
  5
1936F0
331
1922B2
  5
1922BF
331
193740
  5
1937D0
331
194D5A
  5
194D67
331
1921F6
  5
192203
331
194E09
  5
194E16
331
194E32
  5
194E4C
331
192203
  5
192210
331
1936EA
  5
1936ED
331
194E91
  5
195ABF
331
1922A5
  5
1922B2
331
1936F3
  5
1936F4
331
192271
  5
19227E
331
194D0C
  5
194D19
331
194D4D
  5
194D5A
331
194DEF
  5
194DFC
  0
SORTENTSTABLE
  5
1B092C
102
{ACAD_REACTORS
330
1B092B
102
}
330
1B092B
100
AcDbSortentsTable
330
1B092A
  0
SORTENTSTABLE
  5
1B32F4
102
{ACAD_REACTORS
330
1B3260
102
}
330
1B3260
100
AcDbSortentsTable
330
1B0930
  0
SORTENTSTABLE
  5
1B0A25
102
{ACAD_REACTORS
330
1B0A24
102
}
330
1B0A24
100
AcDbSortentsTable
330
1B0A23
  0
SORTENTSTABLE
  5
1B20E2
102
{ACAD_REACTORS
330
1B20E1
102
}
330
1B20E1
100
AcDbSortentsTable
330
1B20E0
  0
GROUP
  5
16CE88
102
{ACAD_REACTORS
330
D
102
}
330
D
100
AcDbGroup
300
In use by TEXTMASK
 70
     1
 71
     1
  0
GROUP
  5
175E78
102
{ACAD_REACTORS
330
D
102
}
330
D
100
AcDbGroup
300

 70
     1
 71
     1
  0
GROUP
  5
16D835
102
{ACAD_REACTORS
330
D
102
}
330
D
100
AcDbGroup
300
In use by TEXTMASK
 70
     1
 71
     1
  0
GROUP
  5
1757CB
102
{ACAD_REACTORS
330
D
102
}
330
D
100
AcDbGroup
300

 70
     1
 71
     1
  0
GROUP
  5
174BD9
102
{ACAD_REACTORS
330
D
102
}
330
D
100
AcDbGroup
300
In use by TEXTMASK
 70
     1
 71
     1
  0
GROUP
  5
16CEBE
102
{ACAD_REACTORS
330
D
102
}
330
D
100
AcDbGroup
300
In use by TEXTMASK
 70
     1
 71
     1
  0
GROUP
  5
16CECA
102
{ACAD_REACTORS
330
D
102
}
330
D
100
AcDbGroup
300
In use by TEXTMASK
 70
     1
 71
     1
  0
GROUP
  5
170DDA
102
{ACAD_REACTORS
330
D
102
}
330
D
100
AcDbGroup
300

 70
     1
 71
     1
  0
GROUP
  5
170153
102
{ACAD_REACTORS
330
D
102
}
330
D
100
AcDbGroup
300
In use by TEXTMASK
 70
     1
 71
     1
  0
GROUP
  5
174C52
102
{ACAD_REACTORS
330
D
102
}
330
D
100
AcDbGroup
300
In use by TEXTMASK
 70
     1
 71
     1
  0
GROUP
  5
17297C
102
{ACAD_REACTORS
330
D
102
}
330
D
100
AcDbGroup
300

 70
     1
 71
     1
  0
GROUP
  5
1757C8
102
{ACAD_REACTORS
330
D
102
}
330
D
100
AcDbGroup
300

 70
     1
 71
     1
  0
GROUP
  5
174174
102
{ACAD_REACTORS
330
D
102
}
330
D
100
AcDbGroup
300

 70
     1
 71
     1
  0
GROUP
  5
17013B
102
{ACAD_REACTORS
330
D
102
}
330
D
100
AcDbGroup
300
In use by TEXTMASK
 70
     1
 71
     1
  0
GROUP
  5
16D842
102
{ACAD_REACTORS
330
D
102
}
330
D
100
AcDbGroup
300
In use by TEXTMASK
 70
     1
 71
     1
  0
GROUP
  5
19D540
102
{ACAD_REACTORS
330
D
102
}
330
D
100
AcDbGroup
300
BREAKLINE
 70
     1
 71
     1
  0
GROUP
  5
175E7C
102
{ACAD_REACTORS
330
D
102
}
330
D
100
AcDbGroup
300

 70
     1
 71
     1
  0
GROUP
  5
174BE6
102
{ACAD_REACTORS
330
D
102
}
330
D
100
AcDbGroup
300
In use by TEXTMASK
 70
     1
 71
     1
  0
GROUP
  5
16D849
102
{ACAD_REACTORS
330
D
102
}
330
D
100
AcDbGroup
300
In use by TEXTMASK
 70
     1
 71
     1
  0
GROUP
  5
16D714
102
{ACAD_REACTORS
330
D
102
}
330
D
100
AcDbGroup
300

 70
     1
 71
     1
  0
GROUP
  5
16F2AA
102
{ACAD_REACTORS
330
D
102
}
330
D
100
AcDbGroup
300

 70
     1
 71
     1
  0
GROUP
  5
16F2E8
102
{ACAD_REACTORS
330
D
102
}
330
D
100
AcDbGroup
300

 70
     1
 71
     1
  0
GROUP
  5
16D711
102
{ACAD_REACTORS
330
D
102
}
330
D
100
AcDbGroup
300

 70
     1
 71
     1
  0
GROUP
  5
16D85B
102
{ACAD_REACTORS
330
D
102
}
330
D
100
AcDbGroup
300
In use by TEXTMASK
 70
     1
 71
     1
  0
GROUP
  5
16D861
102
{ACAD_REACTORS
330
D
102
}
330
D
100
AcDbGroup
300
In use by TEXTMASK
 70
     1
 71
     1
  0
GROUP
  5
175E77
102
{ACAD_REACTORS
330
D
102
}
330
D
100
AcDbGroup
300

 70
     1
 71
     1
  0
GROUP
  5
170121
102
{ACAD_REACTORS
330
D
102
}
330
D
100
AcDbGroup
300
In use by TEXTMASK
 70
     1
 71
     1
  0
GROUP
  5
16CE94
102
{ACAD_REACTORS
330
D
102
}
330
D
100
AcDbGroup
300
In use by TEXTMASK
 70
     1
 71
     1
  0
GROUP
  5
174BD2
102
{ACAD_REACTORS
330
D
102
}
330
D
100
AcDbGroup
300
In use by TEXTMASK
 70
     1
 71
     1
  0
GROUP
  5
174C1F
102
{ACAD_REACTORS
330
D
102
}
330
D
100
AcDbGroup
300
In use by TEXTMASK
 70
     1
 71
     1
  0
GROUP
  5
16CEA6
102
{ACAD_REACTORS
330
D
102
}
330
D
100
AcDbGroup
300
In use by TEXTMASK
 70
     1
 71
     1
  0
GROUP
  5
16CEB2
102
{ACAD_REACTORS
330
D
102
}
330
D
100
AcDbGroup
300
In use by TEXTMASK
 70
     1
 71
     1
  0
GROUP
  5
170134
102
{ACAD_REACTORS
330
D
102
}
330
D
100
AcDbGroup
300
In use by TEXTMASK
 70
     1
 71
     1
  0
GROUP
  5
17011B
102
{ACAD_REACTORS
330
D
102
}
330
D
100
AcDbGroup
300
In use by TEXTMASK
 70
     1
 71
     1
  0
GROUP
  5
1757CC
102
{ACAD_REACTORS
330
D
102
}
330
D
100
AcDbGroup
300

 70
     1
 71
     1
  0
GROUP
  5
16D83B
102
{ACAD_REACTORS
330
D
102
}
330
D
100
AcDbGroup
300
In use by TEXTMASK
 70
     1
 71
     1
  0
GROUP
  5
16CEA0
102
{ACAD_REACTORS
330
D
102
}
330
D
100
AcDbGroup
300
In use by TEXTMASK
 70
     1
 71
     1
  0
GROUP
  5
1757CA
102
{ACAD_REACTORS
330
D
102
}
330
D
100
AcDbGroup
300

 70
     1
 71
     1
  0
GROUP
  5
170147
102
{ACAD_REACTORS
330
D
102
}
330
D
100
AcDbGroup
300
In use by TEXTMASK
 70
     1
 71
     1
  0
GROUP
  5
17012D
102
{ACAD_REACTORS
330
D
102
}
330
D
100
AcDbGroup
300
In use by TEXTMASK
 70
     1
 71
     1
  0
GROUP
  5
174C5E
102
{ACAD_REACTORS
330
D
102
}
330
D
100
AcDbGroup
300
In use by TEXTMASK
 70
     1
 71
     1
  0
GROUP
  5
175E80
102
{ACAD_REACTORS
330
D
102
}
330
D
100
AcDbGroup
300

 70
     1
 71
     1
  0
GROUP
  5
174BEC
102
{ACAD_REACTORS
330
D
102
}
330
D
100
AcDbGroup
300
In use by TEXTMASK
 70
     1
 71
     1
  0
GROUP
  5
174173
102
{ACAD_REACTORS
330
D
102
}
330
D
100
AcDbGroup
300

 70
     1
 71
     1
  0
GROUP
  5
175E7E
102
{ACAD_REACTORS
330
D
102
}
330
D
100
AcDbGroup
300

 70
     1
 71
     1
  0
GROUP
  5
16D829
102
{ACAD_REACTORS
330
D
102
}
330
D
100
AcDbGroup
300
In use by TEXTMASK
 70
     1
 71
     1
  0
GROUP
  5
175E7F
102
{ACAD_REACTORS
330
D
102
}
330
D
100
AcDbGroup
300

 70
     1
 71
     1
  0
GROUP
  5
1757C6
102
{ACAD_REACTORS
330
D
102
}
330
D
100
AcDbGroup
300

 70
     1
 71
     1
  0
GROUP
  5
1757C7
102
{ACAD_REACTORS
330
D
102
}
330
D
100
AcDbGroup
300

 70
     1
 71
     1
  0
GROUP
  5
175E7A
102
{ACAD_REACTORS
330
D
102
}
330
D
100
AcDbGroup
300

 70
     1
 71
     1
  0
GROUP
  5
174BF9
102
{ACAD_REACTORS
330
D
102
}
330
D
100
AcDbGroup
300
In use by TEXTMASK
 70
     1
 71
     1
  0
GROUP
  5
174BCC
102
{ACAD_REACTORS
330
D
102
}
330
D
100
AcDbGroup
300
In use by TEXTMASK
 70
     1
 71
     1
  0
GROUP
  5
16F2E7
102
{ACAD_REACTORS
330
D
102
}
330
D
100
AcDbGroup
300

 70
     1
 71
     1
  0
GROUP
  5
16F2E9
102
{ACAD_REACTORS
330
D
102
}
330
D
100
AcDbGroup
300

 70
     1
 71
     1
  0
GROUP
  5
175E75
102
{ACAD_REACTORS
330
D
102
}
330
D
100
AcDbGroup
300

 70
     1
 71
     1
  0
GROUP
  5
175E7B
102
{ACAD_REACTORS
330
D
102
}
330
D
100
AcDbGroup
300

 70
     1
 71
     1
  0
GROUP
  5
174C2C
102
{ACAD_REACTORS
330
D
102
}
330
D
100
AcDbGroup
300
In use by TEXTMASK
 70
     1
 71
     1
  0
GROUP
  5
174C4C
102
{ACAD_REACTORS
330
D
102
}
330
D
100
AcDbGroup
300
In use by TEXTMASK
 70
     1
 71
     1
  0
GROUP
  5
16CEAC
102
{ACAD_REACTORS
330
D
102
}
330
D
100
AcDbGroup
300
In use by TEXTMASK
 70
     1
 71
     1
  0
GROUP
  5
174C38
102
{ACAD_REACTORS
330
D
102
}
330
D
100
AcDbGroup
300
In use by TEXTMASK
 70
     1
 71
     1
  0
GROUP
  5
16CE8E
102
{ACAD_REACTORS
330
D
102
}
330
D
100
AcDbGroup
300
In use by TEXTMASK
 70
     1
 71
     1
  0
GROUP
  5
16D822
102
{ACAD_REACTORS
330
D
102
}
330
D
100
AcDbGroup
300
In use by TEXTMASK
 70
     1
 71
     1
  0
GROUP
  5
16D867
102
{ACAD_REACTORS
330
D
102
}
330
D
100
AcDbGroup
300
In use by TEXTMASK
 70
     1
 71
     1
  0
GROUP
  5
174BF2
102
{ACAD_REACTORS
330
D
102
}
330
D
100
AcDbGroup
300
In use by TEXTMASK
 70
     1
 71
     1
  0
GROUP
  5
174C58
102
{ACAD_REACTORS
330
D
102
}
330
D
100
AcDbGroup
300
In use by TEXTMASK
 70
     1
 71
     1
  0
GROUP
  5
16F2E6
102
{ACAD_REACTORS
330
D
102
}
330
D
100
AcDbGroup
300

 70
     1
 71
     1
  0
GROUP
  5
16CED7
102
{ACAD_REACTORS
330
D
102
}
330
D
100
AcDbGroup
300
In use by TEXTMASK
 70
     1
 71
     1
  0
GROUP
  5
1757C5
102
{ACAD_REACTORS
330
D
102
}
330
D
100
AcDbGroup
300

 70
     1
 71
     1
  0
GROUP
  5
1757C1
102
{ACAD_REACTORS
330
D
102
}
330
D
100
AcDbGroup
300

 70
     1
 71
     1
  0
GROUP
  5
174BC6
102
{ACAD_REACTORS
330
D
102
}
330
D
100
AcDbGroup
300
In use by TEXTMASK
 70
     1
 71
     1
  0
GROUP
  5
17014D
102
{ACAD_REACTORS
330
D
102
}
330
D
100
AcDbGroup
300
In use by TEXTMASK
 70
     1
 71
     1
  0
GROUP
  5
175E81
102
{ACAD_REACTORS
330
D
102
}
330
D
100
AcDbGroup
300

 70
     1
 71
     1
  0
GROUP
  5
1757C4
102
{ACAD_REACTORS
330
D
102
}
330
D
100
AcDbGroup
300

 70
     1
 71
     1
  0
GROUP
  5
174172
102
{ACAD_REACTORS
330
D
102
}
330
D
100
AcDbGroup
300

 70
     1
 71
     1
  0
GROUP
  5
16D84F
102
{ACAD_REACTORS
330
D
102
}
330
D
100
AcDbGroup
300
In use by TEXTMASK
 70
     1
 71
     1
  0
GROUP
  5
174BE0
102
{ACAD_REACTORS
330
D
102
}
330
D
100
AcDbGroup
300
In use by TEXTMASK
 70
     1
 71
     1
  0
GROUP
  5
1757C9
102
{ACAD_REACTORS
330
D
102
}
330
D
100
AcDbGroup
300

 70
     1
 71
     1
  0
GROUP
  5
170141
102
{ACAD_REACTORS
330
D
102
}
330
D
100
AcDbGroup
300
In use by TEXTMASK
 70
     1
 71
     1
  0
GROUP
  5
174171
102
{ACAD_REACTORS
330
D
102
}
330
D
100
AcDbGroup
300

 70
     1
 71
     1
  0
GROUP
  5
1728EF
102
{ACAD_REACTORS
330
D
102
}
330
D
100
AcDbGroup
300

 70
     1
 71
     1
  0
GROUP
  5
170DE0
102
{ACAD_REACTORS
330
D
102
}
330
D
100
AcDbGroup
300

 70
     1
 71
     1
  0
GROUP
  5
170161
102
{ACAD_REACTORS
330
D
102
}
330
D
100
AcDbGroup
300
In use by TEXTMASK
 70
     1
 71
     1
  0
GROUP
  5
174C32
102
{ACAD_REACTORS
330
D
102
}
330
D
100
AcDbGroup
300
In use by TEXTMASK
 70
     1
 71
     1
  0
GROUP
  5
175E79
102
{ACAD_REACTORS
330
D
102
}
330
D
100
AcDbGroup
300

 70
     1
 71
     1
  0
GROUP
  5
170DD9
102
{ACAD_REACTORS
330
D
102
}
330
D
100
AcDbGroup
300

 70
     1
 71
     1
  0
GROUP
  5
174C06
102
{ACAD_REACTORS
330
D
102
}
330
D
100
AcDbGroup
300
In use by TEXTMASK
 70
     1
 71
     1
  0
GROUP
  5
16D712
102
{ACAD_REACTORS
330
D
102
}
330
D
100
AcDbGroup
300

 70
     1
 71
     1
  0
GROUP
  5
175E7D
102
{ACAD_REACTORS
330
D
102
}
330
D
100
AcDbGroup
300

 70
     1
 71
     1
  0
GROUP
  5
174C46
102
{ACAD_REACTORS
330
D
102
}
330
D
100
AcDbGroup
300
In use by TEXTMASK
 70
     1
 71
     1
  0
GROUP
  5
174BC0
102
{ACAD_REACTORS
330
D
102
}
330
D
100
AcDbGroup
300
In use by TEXTMASK
 70
     1
 71
     1
  0
GROUP
  5
16D855
102
{ACAD_REACTORS
330
D
102
}
330
D
100
AcDbGroup
300
In use by TEXTMASK
 70
     1
 71
     1
  0
GROUP
  5
16CEB8
102
{ACAD_REACTORS
330
D
102
}
330
D
100
AcDbGroup
300
In use by TEXTMASK
 70
     1
 71
     1
  0
GROUP
  5
17297B
102
{ACAD_REACTORS
330
D
102
}
330
D
100
AcDbGroup
300

 70
     1
 71
     1
  0
GROUP
  5
16CE9A
102
{ACAD_REACTORS
330
D
102
}
330
D
100
AcDbGroup
300
In use by TEXTMASK
 70
     1
 71
     1
  0
GROUP
  5
174C65
102
{ACAD_REACTORS
330
D
102
}
330
D
100
AcDbGroup
300
In use by TEXTMASK
 70
     1
 71
     1
  0
GROUP
  5
17015A
102
{ACAD_REACTORS
330
D
102
}
330
D
100
AcDbGroup
300
In use by TEXTMASK
 70
     1
 71
     1
  0
GROUP
  5
170DDC
102
{ACAD_REACTORS
330
D
102
}
330
D
100
AcDbGroup
300

 70
     1
 71
     1
  0
GROUP
  5
174C3F
102
{ACAD_REACTORS
330
D
102
}
330
D
100
AcDbGroup
300
In use by TEXTMASK
 70
     1
 71
     1
  0
GROUP
  5
16D713
102
{ACAD_REACTORS
330
D
102
}
330
D
100
AcDbGroup
300

 70
     1
 71
     1
  0
GROUP
  5
1741A2
102
{ACAD_REACTORS
330
D
102
}
330
D
100
AcDbGroup
300

 70
     1
 71
     1
  0
GROUP
  5
1757C0
102
{ACAD_REACTORS
330
D
102
}
330
D
100
AcDbGroup
300

 70
     1
 71
     1
  0
GROUP
  5
175E76
102
{ACAD_REACTORS
330
D
102
}
330
D
100
AcDbGroup
300

 70
     1
 71
     1
  0
GROUP
  5
16D82F
102
{ACAD_REACTORS
330
D
102
}
330
D
100
AcDbGroup
300
In use by TEXTMASK
 70
     1
 71
     1
  0
GROUP
  5
174C00
102
{ACAD_REACTORS
330
D
102
}
330
D
100
AcDbGroup
300
In use by TEXTMASK
 70
     1
 71
     1
  0
GROUP
  5
17292F
102
{ACAD_REACTORS
330
D
102
}
330
D
100
AcDbGroup
300

 70
     1
 71
     1
  0
GROUP
  5
17292E
102
{ACAD_REACTORS
330
D
102
}
330
D
100
AcDbGroup
300

 70
     1
 71
     1
  0
GROUP
  5
170127
102
{ACAD_REACTORS
330
D
102
}
330
D
100
AcDbGroup
300
In use by TEXTMASK
 70
     1
 71
     1
  0
GROUP
  5
16CEC4
102
{ACAD_REACTORS
330
D
102
}
330
D
100
AcDbGroup
300
In use by TEXTMASK
 70
     1
 71
     1
  0
GROUP
  5
1757C2
102
{ACAD_REACTORS
330
D
102
}
330
D
100
AcDbGroup
300

 70
     1
 71
     1
  0
GROUP
  5
170DDB
102
{ACAD_REACTORS
330
D
102
}
330
D
100
AcDbGroup
300

 70
     1
 71
     1
  0
GROUP
  5
1757C3
102
{ACAD_REACTORS
330
D
102
}
330
D
100
AcDbGroup
300

 70
     1
 71
     1
  0
GROUP
  5
174C26
102
{ACAD_REACTORS
330
D
102
}
330
D
100
AcDbGroup
300
In use by TEXTMASK
 70
     1
 71
     1
  0
LAYOUT
  5
3C389
102
{ACAD_XDICTIONARY
360
18DAFD
102
}
102
{ACAD_REACTORS
330
3C386
102
}
330
3C386
100
AcDbPlotSettings
  1

  2
Default Windows System Printer.pc3
  4
A3
  6

 40
5.789083003997802
 41
5.027085781097412
 42
5.7890625
 43
5.027069091796875
 44
419.9889831542968
 45
296.9683227539062
 46
25.0
 47
3.459999999999999
 48
926.4317114198856
 49
-5197.285377841851
140
16126.48237824022
141
6002.751955604704
142
1.0
143
40.0
 70
   672
 72
     1
 73
     0
 74
     4
  7
acad.ctb
 75
     0
147
0.0256172510268518
 76
     1
 77
     2
 78
   300
148
-926.4317114198856
149
5197.285377841851
100
AcDbLayout
  1
Layout1
 70
     1
 71
     1
 10
-305.1316087400264
 20
-5536.768809085746
 11
16494.42771743185
 21
6341.964101070503
 12
0.0
 22
0.0
 32
0.0
 14
906.4316447530218
 24
-5217.285444509063
 34
0.0
 15
16146.4824449069
 25
6022.752022271626
 35
0.0
146
0.0
 13
0.0
 23
0.0
 33
0.0
 16
1.0
 26
0.0
 36
0.0
 17
0.0
 27
1.0
 37
0.0
 76
     0
330
17
331
18DAEE
1001
ACAD_PSEXT
1000
Default Windows System Printer.pc3
1000
HP LaserJet 5200L Series PCL 5
1000
\\thanh
1000

1070
     0
  0
LAYOUT
  5
3C388
102
{ACAD_REACTORS
330
3C386
102
}
330
3C386
100
AcDbPlotSettings
  1

  2
\\mayin\HP LaserJet 5200 Series PCL 5
  4
A3
  6

 40
5.78908348083496
 41
5.027085304260253
 42
5.7890625
 43
5.027069091796875
 44
419.9889831542968
 45
296.9683227539062
 46
1.32
 47
22.0
 48
5365.318115995731
 49
78217.47668377925
140
16765.31811599573
141
86617.47668377925
142
1.0
143
30.0
 70
 11952
 72
     1
 73
     1
 74
     4
  7
A3 - Black.ctb
 75
    23
147
0.0333333333333333
 76
     1
 77
     2
 78
   300
148
-5365.318115995731
149
-78217.47668377925
100
AcDbLayout
  1
Model
 70
     1
 71
     0
 10
0.0
 20
0.0
 11
12.0
 21
9.0
 12
0.0
 22
0.0
 32
0.0
 14
0.0
 24
0.0
 34
0.0
 15
0.0
 25
0.0
 35
0.0
146
0.0
 13
0.0
 23
0.0
 33
0.0
 16
1.0
 26
0.0
 36
0.0
 17
0.0
 27
1.0
 37
0.0
 76
     0
330
1A
331
175E9F
  0
MATERIAL
  5
175EA2
102
{ACAD_REACTORS
330
3C384
102
}
330
3C384
100
AcDbMaterial
  1
ByBlock
  0
MATERIAL
  5
175EA1
102
{ACAD_REACTORS
330
3C384
102
}
330
3C384
100
AcDbMaterial
  1
ByLayer
  0
MATERIAL
  5
E68AB
102
{ACAD_REACTORS
330
3C384
102
}
330
3C384
100
AcDbMaterial
  1
Global
  0
MLINESTYLE
  5
13
102
{ACAD_REACTORS
330
E
102
}
330
E
100
AcDbMlineStyle
  2
STANDARD
 70
     0
  3

 62
     0
 51
90.0
 52
90.0
 71
     2
 49
0.5
 62
   256
  6
BYLAYER
 49
-0.5
 62
   256
  6
BYLAYER
  0
ACDBPLACEHOLDER
  5
3C383
102
{ACAD_REACTORS
330
3C382
102
}
330
3C382
  0
TABLESTYLE
  5
175EB5
102
{ACAD_REACTORS
330
175EB4
102
}
330
175EB4
100
AcDbTableStyle
  3
Standard
 70
     0
 71
     0
 40
0.06
 41
0.06
280
     0
281
     0
  7
STANDARD
140
0.18
170
     2
 62
     0
 63
     7
283
     0
 90
      512
 91
        0
  1

274
    -2
284
     1
 64
     0
275
    -2
285
     1
 65
     0
276
    -2
286
     1
 66
     0
277
    -2
287
     1
 67
     0
278
    -2
288
     1
 68
     0
279
    -2
289
     1
 69
     0
  7
STANDARD
140
0.25
170
     5
 62
     0
 63
     7
283
     0
 90
      512
 91
        0
  1

274
    -2
284
     1
 64
     0
275
    -2
285
     1
 65
     0
276
    -2
286
     1
 66
     0
277
    -2
287
     1
 67
     0
278
    -2
288
     1
 68
     0
279
    -2
289
     1
 69
     0
  7
STANDARD
140
0.18
170
     5
 62
     0
 63
     7
283
     0
 90
      512
 91
        0
  1

274
    -2
284
     1
 64
     0
275
    -2
285
     1
 65
     0
276
    -2
286
     1
 66
     0
277
    -2
287
     1
 67
     0
278
    -2
288
     1
 68
     0
279
    -2
289
     1
 69
     0
  0
VISUALSTYLE
  5
175EA9
102
{ACAD_REACTORS
330
175EA3
102
}
330
175EA3
100
AcDbVisualStyle
  2
2dWireframe
 70
     4
 71
     0
 72
     2
 73
     0
 90
        0
 40
-0.6
 41
-30.0
 62
     5
 63
     7
421
 16777215
 74
     1
 91
        4
 64
     7
 65
   257
 75
     1
175
     1
 42
1.0
 92
        0
 66
   257
 43
1.0
 76
     1
 77
     6
 78
     2
 67
     7
 79
     5
170
     0
171
     0
290
     0
174
     0
 93
        1
 44
0.0
173
     0
291
     0
 45
0.0
  0
VISUALSTYLE
  5
175EAB
102
{ACAD_REACTORS
330
175EA3
102
}
330
175EA3
100
AcDbVisualStyle
  2
3D Hidden
 70
     6
 71
     1
 72
     2
 73
     2
 90
        0
 40
-0.6
 41
-30.0
 62
     5
 63
     7
421
 16777215
 74
     2
 91
        2
 64
     7
 65
   257
 75
     2
175
     1
 42
40.0
 92
        0
 66
   257
 43
1.0
 76
     1
 77
     6
 78
     2
 67
     7
 79
     3
170
     0
171
     0
290
     0
174
     0
 93
        1
 44
0.0
173
     0
291
     0
 45
0.0
  0
VISUALSTYLE
  5
175EAA
102
{ACAD_REACTORS
330
175EA3
102
}
330
175EA3
100
AcDbVisualStyle
  2
3dWireframe
 70
     5
 71
     0
 72
     2
 73
     0
 90
        0
 40
-0.6
 41
-30.0
 62
     5
 63
     7
421
 16777215
 74
     1
 91
        4
 64
     7
 65
   257
 75
     1
175
     1
 42
1.0
 92
        0
 66
   257
 43
1.0
 76
     1
 77
     6
 78
     2
 67
     7
 79
     5
170
     0
171
     0
290
     0
174
     0
 93
        1
 44
0.0
173
     0
291
     0
 45
0.0
  0
VISUALSTYLE
  5
175EA8
102
{ACAD_REACTORS
330
175EA3
102
}
330
175EA3
100
AcDbVisualStyle
  2
Basic
 70
     7
 71
     1
 72
     0
 73
     1
 90
        0
 40
-0.6
 41
-30.0
 62
     5
 63
     7
421
 16777215
 74
     0
 91
        4
 64
     7
 65
   257
 75
     1
175
     1
 42
1.0
 92
        8
 66
     7
 43
1.0
 76
     1
 77
     6
 78
     2
 67
     7
 79
     5
170
     0
171
     0
290
     0
174
     0
 93
        1
 44
0.0
173
     0
291
     1
 45
0.0
  0
VISUALSTYLE
  5
175EAF
102
{ACAD_REACTORS
330
175EA3
102
}
330
175EA3
100
AcDbVisualStyle
  2
Brighten
 70
    12
 71
     2
 72
     2
 73
     0
 90
        0
 40
-0.6
 41
-30.0
 62
     5
 63
     7
421
 16777215
 74
     1
 91
        4
 64
     7
 65
   257
 75
     1
175
     1
 42
1.0
 92
        8
 66
     7
 43
1.0
 76
     1
 77
     6
 78
     2
 67
     7
 79
     5
170
     0
171
     0
290
     0
174
     0
 93
        1
 44
50.0
173
     0
291
     1
 45
0.0
  0
VISUALSTYLE
  5
175EB3
102
{ACAD_REACTORS
330
175EA3
102
}
330
175EA3
100
AcDbVisualStyle
  2
ColorChange
 70
    16
 71
     2
 72
     2
 73
     3
 90
        0
 40
-0.6
 41
-30.0
 62
     5
 63
     8
421
  8421504
 74
     1
 91
        4
 64
     7
 65
   257
 75
     1
175
     1
 42
1.0
 92
        8
 66
     8
424
  8421504
 43
1.0
 76
     1
 77
     6
 78
     2
 67
     7
 79
     5
170
     0
171
     0
290
     0
174
     0
 93
        1
 44
0.0
173
     0
291
     1
 45
0.0
  0
VISUALSTYLE
  5
175EAC
102
{ACAD_REACTORS
330
175EA3
102
}
330
175EA3
100
AcDbVisualStyle
  2
Conceptual
 70
     9
 71
     3
 72
     2
 73
     0
 90
        0
 40
-0.6
 41
-30.0
 62
     5
 63
     7
421
 16777215
 74
     2
 91
        2
 64
     7
 65
   257
 75
     1
175
     1
 42
40.0
 92
        8
 66
     7
 43
1.0
 76
     1
 77
     6
 78
     2
 67
     7
 79
     3
170
     0
171
     0
290
     0
174
     0
 93
        1
 44
0.0
173
     0
291
     0
 45
0.0
  0
VISUALSTYLE
  5
175EAE
102
{ACAD_REACTORS
330
175EA3
102
}
330
175EA3
100
AcDbVisualStyle
  2
Dim
 70
    11
 71
     2
 72
     2
 73
     0
 90
        0
 40
-0.6
 41
-30.0
 62
     5
 63
     7
421
 16777215
 74
     1
 91
        4
 64
     7
 65
   257
 75
     1
175
     1
 42
1.0
 92
        8
 66
     7
 43
1.0
 76
     1
 77
     6
 78
     2
 67
     7
 79
     5
170
     0
171
     0
290
     0
174
     0
 93
        1
 44
-50.0
173
     0
291
     1
 45
0.0
  0
VISUALSTYLE
  5
175EB2
102
{ACAD_REACTORS
330
175EA3
102
}
330
175EA3
100
AcDbVisualStyle
  2
Facepattern
 70
    15
 71
     2
 72
     2
 73
     0
 90
        0
 40
-0.6
 41
-30.0
 62
     5
 63
     7
421
 16777215
 74
     1
 91
        4
 64
     7
 65
   257
 75
     1
175
     1
 42
1.0
 92
        8
 66
     7
 43
1.0
 76
     1
 77
     6
 78
     2
 67
     7
 79
     5
170
     0
171
     0
290
     0
174
     0
 93
        1
 44
0.0
173
     0
291
     1
 45
0.0
  0
VISUALSTYLE
  5
175EA4
102
{ACAD_REACTORS
330
175EA3
102
}
330
175EA3
100
AcDbVisualStyle
  2
Flat
 70
     0
 71
     2
 72
     1
 73
     1
 90
        2
 40
-0.6
 41
30.0
 62
     5
 63
     7
421
 16777215
 74
     0
 91
        4
 64
     7
 65
   257
 75
     1
175
     1
 42
1.0
 92
        8
 66
     7
 43
1.0
 76
     1
 77
     6
 78
     2
 67
     7
 79
     5
170
     0
171
     0
290
     0
174
     0
 93
       13
 44
0.0
173
     0
291
     1
 45
0.0
  0
VISUALSTYLE
  5
175EA5
102
{ACAD_REACTORS
330
175EA3
102
}
330
175EA3
100
AcDbVisualStyle
  2
FlatWithEdges
 70
     1
 71
     2
 72
     1
 73
     1
 90
        2
 40
-0.6
 41
30.0
 62
     5
 63
     7
421
 16777215
 74
     1
 91
        4
 64
     7
 65
   257
 75
     1
175
     1
 42
1.0
 92
        0
 66
   257
 43
1.0
 76
     1
 77
     6
 78
     2
 67
     7
 79
     5
170
     0
171
     0
290
     0
174
     0
 93
       13
 44
0.0
173
     0
291
     1
 45
0.0
  0
VISUALSTYLE
  5
175EA6
102
{ACAD_REACTORS
330
175EA3
102
}
330
175EA3
100
AcDbVisualStyle
  2
Gouraud
 70
     2
 71
     2
 72
     2
 73
     1
 90
        2
 40
-0.6
 41
30.0
 62
     5
 63
     7
421
 16777215
 74
     0
 91
        4
 64
     7
 65
   257
 75
     1
175
     1
 42
1.0
 92
        0
 66
     7
 43
1.0
 76
     1
 77
     6
 78
     2
 67
     7
 79
     5
170
     0
171
     0
290
     0
174
     0
 93
       13
 44
0.0
173
     0
291
     1
 45
0.0
  0
VISUALSTYLE
  5
175EA7
102
{ACAD_REACTORS
330
175EA3
102
}
330
175EA3
100
AcDbVisualStyle
  2
GouraudWithEdges
 70
     3
 71
     2
 72
     2
 73
     1
 90
        2
 40
-0.6
 41
30.0
 62
     5
 63
     7
421
 16777215
 74
     1
 91
        4
 64
     7
 65
   257
 75
     1
175
     1
 42
1.0
 92
        0
 66
   257
 43
1.0
 76
     1
 77
     6
 78
     2
 67
     7
 79
     5
170
     0
171
     0
290
     0
174
     0
 93
       13
 44
0.0
173
     0
291
     1
 45
0.0
  0
VISUALSTYLE
  5
175EB1
102
{ACAD_REACTORS
330
175EA3
102
}
330
175EA3
100
AcDbVisualStyle
  2
Linepattern
 70
    14
 71
     2
 72
     2
 73
     0
 90
        0
 40
-0.6
 41
-30.0
 62
     5
 63
     7
421
 16777215
 74
     1
 91
        4
 64
     7
 65
   257
 75
     7
175
     7
 42
1.0
 92
        8
 66
     7
 43
1.0
 76
     1
 77
     6
 78
     2
 67
     7
 79
     5
170
     0
171
     0
290
     0
174
     0
 93
        1
 44
0.0
173
     0
291
     1
 45
0.0
  0
VISUALSTYLE
  5
175EAD
102
{ACAD_REACTORS
330
175EA3
102
}
330
175EA3
100
AcDbVisualStyle
  2
Realistic
 70
     8
 71
     2
 72
     2
 73
     0
 90
        0
 40
-0.6
 41
-30.0
 62
     5
 63
     7
421
 16777215
 74
     1
 91
        0
 64
     7
 65
   257
 75
     1
175
     1
 42
1.0
 92
        8
 66
     8
424
  7895160
 43
1.0
 76
     1
 77
     6
 78
     2
 67
     7
 79
     5
170
     0
171
     0
290
     0
174
     0
 93
       13
 44
0.0
173
     0
291
     0
 45
0.0
  0
VISUALSTYLE
  5
175EB0
102
{ACAD_REACTORS
330
175EA3
102
}
330
175EA3
100
AcDbVisualStyle
  2
Thicken
 70
    13
 71
     2
 72
     2
 73
     0
 90
        0
 40
-0.6
 41
-30.0
 62
     5
 63
     7
421
 16777215
 74
     1
 91
        4
 64
     7
 65
   257
 75
     1
175
     1
 42
1.0
 92
       12
 66
     7
 43
1.0
 76
     1
 77
     6
 78
     2
 67
     7
 79
     5
170
     0
171
     0
290
     0
174
     0
 93
        1
 44
0.0
173
     0
291
     1
 45
0.0
  0
DICTIONARYVAR
  5
175EEA
102
{ACAD_REACTORS
330
300B9
102
}
330
300B9
100
DictionaryVariables
280
     0
  1
STANDARD
  0
DICTIONARYVAR
  5
3C3A2
102
{ACAD_REACTORS
330
300B9
102
}
330
300B9
100
DictionaryVariables
280
     0
  1
1
  0
DICTIONARYVAR
  5
3C3A3
102
{ACAD_REACTORS
330
300B9
102
}
330
300B9
100
DictionaryVariables
280
     0
  1

  0
DICTIONARYVAR
  5
300BA
102
{ACAD_REACTORS
330
300B9
102
}
330
300B9
100
DictionaryVariables
280
     0
  1
96
  0
XRECORD
  5
1B39D7
102
{ACAD_REACTORS
330
3CFCA
102
}
330
3CFCA
100
AcDbXrecord
280
     1
 91
      535
301

290
     0
302
Da
330
0
 90
        8
 62
     5
370
    -3
331
16
  1
Color_5
330
0
 90
        8
 62
     3
370
    -3
331
16
  1
Color_3
330
0
 90
        8
 62
     7
370
    -3
331
16
  1
Color_7
330
0
 90
        8
 62
     1
370
    -3
331
16
  1
Color_1
330
0
 90
        8
 62
     4
370
    -3
331
16
  1
Color_4
330
0
 90
        8
 62
     4
370
    -3
331
16
  1
Color_4
330
0
 90
        8
 62
     5
370
    -3
331
16
  1
Color_5
330
1B36A6
 90
        8
 62
     3
370
    -3
331
16
  1
Color_3
330
1B36A5
 90
        8
 62
     2
370
    -3
331
16
  1
Color_2
330
1B1324
 90
        8
 62
     8
370
    -3
331
16
  1
Color_8
330
1B0A4E
 90
        8
 62
     6
370
    -3
331
16
  1
Color_6
330
1B0A4D
 90
        8
 62
     9
370
    -3
331
1B0A40
  1
Color_9
330
1B0A4C
 90
        8
 62
     6
370
    -3
331
16
  1
Color_6
330
1B0A49
 90
        8
 62
    45
370
    -3
331
16
  1
Color_45
330
1B0A48
 90
        8
 62
     8
370
    -3
331
16
  1
Color_8
330
1B0A47
 90
        8
 62
   171
370
    -3
331
16
  1
Color_171
330
1B0A46
 90
        8
 62
     7
370
    -3
331
16
  1
Color_7
330
1B0A45
 90
        8
 62
   151
370
    -3
331
1B0A3C
  1
Color_151
330
1B0A44
 90
        8
 62
     6
370
    -3
331
16
  1
Color_6
330
1B0A42
 90
        8
 62
     1
370
    -3
331
16
  1
Color_1
330
1B0A41
 90
        8
 62
     8
370
    -3
331
1B0A3D
  1
Color_8
330
18D08B
 90
        8
 62
     9
370
    -3
331
16
  1
Color_9
330
143D04
 90
        8
 62
     2
370
    -3
331
16
  1
Color_2
330
18FDB
 90
        8
 62
     4
370
    -3
331
16
  1
Color_4
330
42
 90
        2
 62
     7
370
    -3
331
16
  1
Color_7
330
2B
 90
        8
 62
     8
370
    -3
331
16
  1
Color_8
330
F
 90
        8
 62
     6
370
    -3
331
16
  1
Color_6
  0
DICTIONARY
  5
18DAFD
330
3C389
100
AcDbDictionary
280
     1
281
     1
  3
ADSK_XREC_LAYOUTTHUMBNAIL
360
18DAFE
  0
XRECORD
  5
18DAFE
102
{ACAD_REACTORS
330
18DAFD
102
}
330
18DAFD
100
AcDbXrecord
280
     1
310
28000000B40000007F00000001000800000000004C59000000000000000000000001000000000000FFFFFF0000000000FFFFFF000000000000000000000000000000000000000000000000000000000000000000330000006600000099000000CC000000FF00000000330000333300006633000099330000CC330000FF3300
310
0000660000336600006666000099660000CC660000FF66000000990000339900006699000099990000CC990000FF99000000CC000033CC000066CC000099CC0000CCCC0000FFCC000000FF000033FF000066FF000099FF0000CCFF0000FFFF000000003300330033006600330099003300CC003300FF003300003333003333
310
33006633330099333300CC333300FF33330000663300336633006666330099663300CC663300FF66330000993300339933006699330099993300CC993300FF99330000CC330033CC330066CC330099CC3300CCCC3300FFCC330000FF330033FF330066FF330099FF3300CCFF3300FFFF330000006600330066006600660099
310
006600CC006600FF00660000336600333366006633660099336600CC336600FF33660000666600336666006666660099666600CC666600FF66660000996600339966006699660099996600CC996600FF99660000CC660033CC660066CC660099CC6600CCCC6600FFCC660000FF660033FF660066FF660099FF6600CCFF6600
310
FFFF660000009900330099006600990099009900CC009900FF00990000339900333399006633990099339900CC339900FF33990000669900336699006666990099669900CC669900FF66990000999900339999006699990099999900CC999900FF99990000CC990033CC990066CC990099CC9900CCCC9900FFCC990000FF99
310
0033FF990066FF990099FF9900CCFF9900FFFF99000000CC003300CC006600CC009900CC00CC00CC00FF00CC000033CC003333CC006633CC009933CC00CC33CC00FF33CC000066CC003366CC006666CC009966CC00CC66CC00FF66CC000099CC003399CC006699CC009999CC00CC99CC00FF99CC0000CCCC0033CCCC0066CC
310
CC0099CCCC00CCCCCC00FFCCCC0000FFCC0033FFCC0066FFCC0099FFCC00CCFFCC00FFFFCC000000FF003300FF006600FF009900FF00CC00FF00FF00FF000033FF003333FF006633FF009933FF00CC33FF00FF33FF000066FF003366FF006666FF009966FF00CC66FF00FF66FF000099FF003399FF006699FF009999FF00CC
310
99FF00FF99FF0000CCFF0033CCFF0066CCFF0099CCFF00CCCCFF00FFCCFF0000FFFF0033FFFF0066FFFF0099FFFF00CCFFFF00FFFFFF00000000000D0D0D001A1A1A00282828003535350043434300505050005D5D5D006B6B6B00787878008686860093939300A1A1A100AEAEAE00BBBBBB00C9C9C900D6D6D600E4E4E400
310
F1F1F100FFFFFF0000000000000000000000000000000000000000000000000000000000000000000000000000000000E2E2E2E2E2E2E2E2E2E2E2E2E2E2E2E2E2E2E2E2E2E2E2E2E2E2E2E2E2E2E2E2E2E2E2E2E2E2E2E2E2E2E2E2E2E2E2E2E2E2E2E2E2E2E2E2E2E2E2E2E2E2E2E2E2E2E2E2E2E2E2E2E2E2E2E2E2E2E2
310
E2E2E2E2E2E2E2E2E2E2E2E2E2E2E2E2E2E2E2E2E2E2E2E2E2E2E2E2E2E2E2E2E2E2E2E2E2E2E2E2E2E2E2E2E2E2E2E2E2E2E2E2E2E2E2E2E2E2E2E2E2E2E2E2E2E2E2E2E2E2E2E2E2E2E2E2E2E2E2E2E2E2E2E2E2E2E2E2E2E2E2E2E2E2E2E2E2E2E2E2E2E2F5F5F5F5F5F5F5F5F5F5F5F5F5F5F5F5F5F5F5F5F5F5F5F5F5
310
F5F5F5F5F5F5F5F5F5F5F5F5F5F5F5F5F5F5F5F5F5F5F5F5F5F5F5F5F5F5F5F5F5F5F5F5F5F5F5F5F5F5F5F5F5F5F5F5F5F5F5F5F5F5F5F5F5F5F5F5F5F5F5F5F5F5F5F5F5F5F5F5F5F5F5F5F5F5F5F5F5F5F5F5F5F5F5F5F5F5F5F5F5F5F5F5F5F5F5F5F5F5F5F5F5F5F5F5F5F5F5F5F5F5F5F5F5F5F5F5F5F5F5F5F5F5F5
310
F5F5F5F5F5F5F5F5F5F5F5F5F5F5F5F5F5F5F5F5F5F5F5F5F5F5E2E2F5F5E2E2E2E2E2E2E2E2F5F5F5F5F5F5F5F5F5E2E2E2E2E2E2E2E2E2E2E2E2E2E2E2E2F5F5F5F5F5F5F5F5F5E2E2E2E2E2E2E2E2E2E2E2E2E2E2E2E2F5F5F5F5F5F5F5F5F5E2E2E2E2E2E2E2E2E2E2E2E2E2E2E2E2F5F5F5F5F5F5F5F5E2E2E2E2E2E2
310
E2E2E2E2E2E2E2E2E2E2F5F5F5F5F5F5F5F5F5E2E2E2E2E2E2E2E2E2E2E2E2E2E2E2E2F5F5F5F5F5F5F5F5F5E2E2E2E2E2E2E2E2E2E2E2E2E2E2E2E2F5F5F5F5F5F5F5F5F5E2E2E2E2E2E2E2E2F5F5E2E2F5F5E2F5F5F5F5F5F5F5F5F5F5F5F5F5F5F5F5F5F5F5F5F5F5F5F5F5F5F5F5F5F5F5F5F5F5F5F5F5F5F5F5F5F5F5
310
F5F5F5F5F5F5F5F5F5F5F5F5F5F5F5F5F5F5F5F5F5F5F5F5F5F5F5F5F5F5F5F5F5F5F5F5F5F5F5F5F5F5F5F5F5F5F5F5F5F5F5F5F5F5F5F5F5F5F5F5F5F5F5F5F5F5F5F5F5F5F5F5F5F5F5F5F5F5F5F5F5F5F5F5F5F5F5F5F5F5F5F5F5F5F5F5F5F5F5F5F5F5F5F5F5F5F5F5F5F5F5F5F5F5F5F5F5F5F5F5F5F5F5F5F5F5F5
310
F5F5E2F5F5E2E2F5F5E2F5F5F5F5F5F5F5F5F5BEBEBEBEBEBEBEBEBEBEBEBEBEBEBEBEBEBEBEBEBEBEBEBEBEBEBEBEBEBEBEBEBEBEBEBEBEBEBEBEBEBEBEBEBEBEBEBEBEBEBEBEBEBEBEBEBEBEBEBEBEBEBEBEBEBEBEBEBEBEBEBEBEBEBEBEBEBEBEBEBEBEBEBEBEBEBEBEBEBEBEBEBEBEBEBEBEBEBEBEBEBEBEBEBEBEBEBE
310
BEBEBEBEBEBEBEBEBEBEBEBEBEBEBEBEBEBEBEBEBEBEBEBEBEBEBEBEBEBEBEBEBEE2BEBEBEBEE2BEBEBEBEBEBEBEBEBEBEBEBEBEBEBEBEE2F5F5E2E2F5F5E2F5F5F5F5F5F5F5F5F5BEBEF5F5F5F5F5F5F5F5F5F5F5F5F5F5F5F5F5F5F5F5F5F5F5F5F5F5F5F5F5F5F5F5F5F5F5F5F5F5F5F5F5F5F5F5F5F5F5F5F5F5F5F5F5
310
F5F5F5F5F5F5F5F5F5F5F5F5F5F5F5F5F5F5F5F5F5F5F5F5F5F5F5F5F5F5F5F5F5F5F5F5F5F5F5F5F5F5F5F5F5F5F5F5F5F5F5F5F5F5F5F5F5F5F5F5F5F5F5F5F5F5F5F5F5F5F5F5F5F5F5F5F5F5F5F5F5F5F5BEF5F5E2F5F5F5F5E2F5F5F5F5F5F5F5F5F5F5F5F5F5F5F5BEE2F5F5E2E2F5F5E2F5F5F5F5F5F5F5F5F5BEBE
310
F5F5F5F5F5F5F5F5F5F5F5F5F5F5F5F5F5F5F5F5F5F5F5F5F5F5F5F5F5F5F5F5F5F5F5F5F5F5F5F5F5F5F5F5F5F5F5F5F5F5F5F5F5F5F5F5F5F5F5F5F5F5F5F5F5F5F5F5F5F5F5F5F5F5F5F5F5F5F5F5F5F5F5F5F5F5F5F5F5F5F5F5F5F5F5F5F5F5F5F5F5F5F5F5F5F5F5F5F5F5F5F5F5F5F5F5F5F5F5F5F5F5F5F5F5F5F5
310
F5F5F5F5F5F5F5F5F5BEF5F5E2F5F5F5F5E2F5F5F5F5F5F5F5F5F5F5F5F5F5F5F5BEE2F5F5E2E2F5F5E2F5F5F5F5F5F5F5F5F5BEBEF5F5F5F5F5F5F5F5F5F5F5F5F5F5F5F5F5F5F5F5F5F5F5F5F5F5F5F5F5F5F5F5F5F5F5F5F5F5F5F5F5F5F5F5F5F5F5F5F5F5F5F5F5F5F5F5F5F5F5F5F5F5F5F5F5F5F5F5F5F5F5F5F5F5
310
F5F5F5F5F5F5F5F5F5F5F5F5F5F5F5F5F5F5F5F5F5F5F5F5F5F5F5F5F5F5F5F5F5F5F5F5F5F5F5F5F5F5F5F5F5F5F5F5F5F5F5F5F5F5F5F5F5F5F5F5F5F5E2E2E2E2E2E2E2E2E2E2E2E2E2E2E2E2E2E2E2E2E2E2E2E2E2E2F5F5E2E2F5F5E2F5F5F5F5F5F5F5F5F5BEBEF5F5F5F5F5F5F5F5F5F5F5F5F5F5F5F5F5F5F5F5F5
310
F5F5F5F5F5F5F5F5F5F5F5F5F5F5F5F5F5F5F5F5F5F5F5F5F5F5F5F5F5F5F5F5F5F5F5F5F5F5F5F5F5F5F5F5F5F5F5F5F5F5F5F5F5F5F5F5F5F5F5F5F5F5F5F5F5F5F5F5F5F5F5F5F5F5F5F5F5F5F5F5F5F5F5F5F5F52DF5F5F5F5F5F5F5F5F5F5F5F5F5F5F5F5F5F5F5F5F5F5F5F5F5F5F5F5BEF5F5E2F5F5F5F5E2F5F5F5
310
F5F5F5F5F5F5F5F5F5F5F5F5BEE2F5F5E2E2F5F5E2F5F5F5F5F5F5F5F5F5BEBEF5F5F5F5F5F5F5F5F5F5F5F5F5F5F5F5F5F5F5F5F5F5F5F5F5F5F5F5F5F5F5F5F5F5F5F5F5F5F5F5F5F5F5F5F5F5F5F5F5F5F5F5F5F5F5F5F5F5F5F5F5F5F5F5F5F5F5F5F5F5F5F5F5F5F5F5F5F5F5F5F5F5F5F5F5F5F5F5F5F5F5F52D2D2D
310
2D2D2D2D2D2D2D2D2D2D2D2D2D2D2D2D2D2D2D2D2D2D2D2D2D2D2D2D2DF5F5F5F5F5F5F5F5F5F5F5F5BEF5F5E2F5F5F5F5E2F5F5F5F5F5F5F5F5F5F5F5F5F5F5F5BEE2F5F5E2E2F5F5F5F5F5F5F5F5F5F5F5F5BEBEF5F5F5F5F5F5F5F5F5F5F5F5F5F5F5F5F5F5F5F5F5F5F5F5F5F5F5F5F5F5F5F5F5F5F5F5F5F5F5F5F5F5
310
F5F5F5F5F5F5F5F5F5F5F5F5F5F5F5F5F5F5F5F5F5F5F5F5F5F5F5F5F5F5F5F5F5F5F5F5F5F5F5F5F5F5F5F5F5F5F5F5F5F52D2D2D2D2D2D2D2D2D2D2D2D2D2D2D2D2D2D2D2D2D2D2D2D2D2D2D2D2D2D2D2DF5F5F5F5F5F5F5F5F5F5F5F5E2E22DE22D2D2D2DE2E2E2E2E2E2E2E2E2E2E2E2E2E2E2E2E2F5F5F5E2E2F5F5F5
310
F5F5F5F5F5F5F5F5F5BEBEF5F5F5F5F5F5F5F5F5F5F5F5F5F5F5F5F5F5F5F5F5F5F5F5F5F5F5F5F5F5F5F5F5F5F5F5F5F5F5F5F5F5F5F5F5F5F5F5F5F5F5F5F5F5F5F5F5F5F5F5F5F5F5F5F5F5F5F5F5F5F5F5F5F5F5F5F5F5F5F5F5F5F5F5F5F5F5F5F5F5F5F52D2D2D2D2D2D2D2D2D2D2D2D2D2D2D2D2D2DF5F5F5F5F5F5
310
F5F5F5F5F5F5F5F5F5F5F5F5F5F5F5F5F5F5F5F5BEF52DE22D2D2D2DE2F5F5F5F5F5F5F5F5F5F5F5F5F5F5F5BEF5F5F5E2E2F5F5F5F5F5F5F5F5F5F5F5F5BEBEF5F5F5F5F5F5F5F5F5F5F5F5F5F5F5F5F5F5F5F5F5F5F5F5F5F5F5F5F5F5F5F5F5F5F5F5F5F5F5F5F5F5F5F5F5F5F5F5F5F5F5F5F5F5F5F5F5F5F5F5F5F5F5
310
F5F5F5F5F5F5F5F5F5F5F5F5F5F5F5F5F5F5F5F5F5F5F5F5F5F5F5F5F52D2D2D2D2D2D2D2D2D2D2D2D2D2D2D2D2D2DF5F5F5F5F5F5F5F5F5F5F5F5F5F5F5F5F5F5F5F5F5F5F5F5F5F5BEF5F5E2F5F5F5F5E2F5F5F5F5F5F5F5F5F5F5F5F5F5F5F5BEF5F5F5E2E2F5F5F5F5F5F5F5F5F5F5F5F5BEBEF5F5F5F5F5F5F5F5F5F5
310
F5F5F5F5F5F5F5F5F5F5F5F5F5F5F5F5F5F5F5F5F5F5F5F5F5F5F5F5F5F5F5F5F5F5F5F5F5F5F5F5F5F5F5F5F5F5F5F5F5F5F5F5F5F5F5F5F5F5F5F5F5F5F5F5F5F5F5F5F5F5F5F5F5F5F5F5F5F5F5F52D2D2D2D2D2D2D2D2D2D2D2D2D2D2D2D2D2DF5F5F5F5F5F5F5F5F5F5F5F5F5F5F5F5F5F5F5F5F5F5F5F5F5F5F5F5BE
310
2D2DE22D2D2D2DE2BEBEBEBEBEBEBEBEBEBEBEBEBEBEBEBEF5F5F5E2E2F5F5F5F5F5F5F5F5F5F5F5F5BEBE000000F5F5F5F5F5F5F5F5F5F5F5F5F5F5F5F5F5F5F5F5F5F5F5F5F5F5F5F5F5F5F5F5F5F5F5F5F5F5F5F5F5F5F5F5F5F5F5F5F5F5F5F5F5F5F5F5F5F5F5F5F5F5F5F5F5F5F5F5F5F5F5F5F5F5F5F5F5F5F5F5F5
310
F5F5F5F5F5F5F52D2D2D2D2D2D2D2D2D2D2D2D2D2D2D2D2DF5F5F5F5F5F5F5F5F5F5F5F5F5F5F5F5F5F5F5F5F5F5F5F5F5F5F5F5BE2D2DE22D2D2D2DE22D2D2D2D2D2D2D2D2D2D2D2D2D2DF5BEF5F5F5E2E2F5F5F5F5F5F5F5F5F5F5F5F5BEBE000000F5F5F5F5F52DF5F52DF5F5F5F5F5F5F52DF5F5F5F5F5F5F5F5F5F5F5
310
F5F52DF5F5F52DF5F5F5F52D2DF5F5F5F5F5F52DF5F52D2DF5F5F5F5F5F5F52DF5F5F5F5F5F5F5F5F5F5F5F52D2DF5F52DF5F5F5F52D2DF5F5F5F5F5F5F52DF5F52DF5F5F5F5F5F5F52D2DF5F5F5F5F5F5F5F5F5F5F5F52DF5F5F52DF5F5F5F52D2DF5F5F5F5F5F5F5BE2D2DE2F5F5F5F5E2F5F5F5F5F5F5F5F5F5F5F5F5F5
310
F5F5BEF5F5F5E2E2F5F5F5F5F5F5F5F5F5F5F5F5BEBE000000F5F5F5F52D2D2D2D2D2D2D2D2D2D2D2D2D2D2D2D2D2D2D2D2D2D2D2D2D2D2D2D2D2D2D2D2D2D2D2D2D2D2D2DF5F5F52D2D2D2D2D2D2D2D2D2D2D2D2D2D2D2D2D2D2D2D2D2D2D2D2D2D2D2D2D2D2D2D2D2D2D2D2D2D2D2DF5F52D2D2D2D2D2D2D2D2D2D2D2D2D
310
2D2D2D2D2D2D2D2D2D2D2D2D2D2D2D2D2D2D2D2D2D2D2D2D2D2D2D2DF5F5F5BEBEBE2D2D2DBEBEE2BE2D2D2D2DBEBEE2BE2D2DBE2DBEBEBEF5F5F5E2E2F5F5F5F5F5F5F5F5F5F5F5F5BEBE000000F5F5F5F5F5F52D2DF52D2DF52D2D2D2DF5F52D2D2D2D2D2D2D2D2D2D2D2DF52D2D2DF52D2D2DF5F5F52D2D2DF5F5F5F52D
310
2D2D2DF52D2D2D2D2DF5F52D2D2D2D2D2D2D2D2D2D2D2D2D2DF52DF5F52D2D2DF5F5F52D2D2DF5F5F5F52D2DF52D2D2D2D2D2D2DF5F52D2D2D2D2D2D2D2D2D2D2D2DF52D2D2DF52D2D2D2DF5F5F52D2D2DF5F5F5BEF5F52D2D2DF5F5E2F52D2D2D2DF5F5E2F52D2DF52DF5F5BEF5F5F5E2E2F5F5F5F5F5F5F5F5F5F5F5F5BE
310
BE000000F5F5F5F52D2D2D2D2D2D2D2D2D2D2D2D2D2D2D2D2D2DF5F5F5F5F5F5F5F5F5F5F5F5F5F5F5F5F5F5F5F5F5F5F5F52D2D2D2D2D2D2D2D2D2D2D2D2D2D2D2D2D2D2D2D2D2DF5F5F5F5F5F5F5F5F5F5F5F5F5F5F5F5F5F5F5F5F52D2D2D2D2D2D2D2D2D2D2D2D2D2D2D2D2D2D2D2D2D2D2D2D2D2D2D2D2D2D2D2D2D2D
310
2D2DF5F5F5F5F5F5F5F5BEF5F5F5F5F5F5F5E2F5F5F5F5F5F5F5E2F5F5F5F5F5F5F5BEF5F5F5E2E2F5F5E2F5F5F5F5F5F5F5F5F5BEBE000000F5F5F5F52D2D2D2D2D2D2D2D2D2D2D2D2D2D2D2D2D2DF5F52DF5F5F5F5F5F5F5F5F5F5F5F5F5F5F5F5F5F5F5F5F5F52D2D2D2D2D2D2D2D2D2D2D2D2D2D2D2D2D2D2D2D2D2DF5
310
F52DF5F5F5F5F5F5F5F5F5F5F5F5F5F5F5F5F52D2D2D2D2D2D2D2D2D2D2D2D2D2D2D2D2D2D2D2D2D2D2D2D2D2D2D2D2D2D2D2D2D2D2D2DF52DF5F5F5F5F5F5E2E22D2D2D2D2DE2E22D2D2D2D2D2D2D2D2D2D2D2D2D2D2DE2E2F5F5E2E2F5F5E2F5F5F5F5F5F5F5F5F5BEBE000000F5F52D2D2D2D2D2D2D2D2D2D2D2D2D2D2D
310
2D2D2D2D2D2D2D2DF5F5F5F5F5F5F5F5F5F5F5F5F5F5F5F5F5F5F5F52D2D2D2D2D2D2D2D2D2D2D2D2D2D2D2D2D2D2D2D2D2D2D2D2D2D2DF5F5F5F5F5F5F5F5F5F5F5F5F5F5F52D2D2D2D2D2D2D2D2D2D2D2D2D2D2D2D2D2D2D2D2D2D2D2D2D2D2D2D2D2D2D2D2D2D2D2D2D2D2D2D2DF5F5F5F5F5BEF52D2D2D2D2DF5E22D2D
310
2D2D2D2D2D2D2D2D2D2D2D2D2DBEE2F5F5E2E2F5F5E2F5F5F5F5F5F5F5F5F5BEBE000000F5F5F5F52D2D2D2D2D2DF5F5F52D2DF5F5F52D2D2D2D2D2D2DF5F5F5F5F5F5F5F5F5F5F5F5F5F5F5F5F5F5F5F5F52D2D2DF52DF5F5F52DF52DF52D2DF5F5F52D2D2D2D2D2DF5F5F5F5F5F5F5F5F5F5F5F5F5F5F5F5F5F5F5F52D2D
310
2D2D2D2D2D2DF52DF52D2D2DF5F52DF52D2D2DF52DF52DF5F5F52DF52D2D2DF52D2DF5F5F5F5F5F5F5F5BEF5F5F5F5F5F5F5E2F5F5F5F5F5F5F5E2F5F5F5F5F5F5F5BEE2F5F5E2E2F5F5E2F5F5F5F5F5F5F5F5F5BEBE000000F5F5F5F5F52DF5F52DF5F52DF5F5F52D2DF5F5F52DF5F5F52DF5F5F5F52D2DF52DF52DF5F52D
310
2D2DF5F5F5F5F5F5F52DF5F52D2DF52DF5F5F52DF52DF5F5F52DF5F5F52DF5F5F5F52D2DF52D2DF5F5F52D2D2DF5F5F5F5F5F5F52DF5F52DF5F52DF5F5F52D2DF5F5F52DF5F5F52DF5F5F5F52D2DF52D2D2DF5F52D2D2DF5F5F5F5F5F5F5F5BE2D2D2D2DBEE22D2D2D2D2D2D2D2DBEE2BEBEBEBEBEBEBEBEE2F5F5E2E2F5F5
310
E2F5F5F5F5F5F5F5F5F5BEBE000000F5F5F5F52D2D2D2D2D2D2D2D2D2D2D2D2D2D2D2D2D2D2D2D2D2D2D2D2D2D2D2D2D2D2D2D2D2D2D2D2D2D2DF5F5F5F52D2D2D2D2D2D2D2D2D2D2D2D2D2D2D2D2D2D2D2D2D2D2D2D2D2D2D2D2D2D2D2D2D2D2D2D2D2D2DF5F5F52D2D2D2D2D2D2D2D2D2D2D2D2D2D2D2D2D2D2D2D2D2D2D
310
2D2D2D2D2D2D2D2D2D2D2D2D2D2D2D2DF5F5F5F5F5BEF52D2DF5F5E22D2D2D2D2D2D2D2DF5E2F5F5F5F5F5F5F5BEE2F5F5E2E2F5F5E2F5F5F5F5F5F5F5F5F5BEBE000000F5F5F5F5F5F5F5F5F52DF5F5F5F5F5F5F5F5F5F5F5F5F5F5F5F5F5F5F5F52DF5F5F5F5F5F52DF5F5F5F5F5F5F5F5F5F5F5F5F52DF5F5F5F5F5F5F5
310
F5F5F5F5F5F5F5F5F5F5F5F5F5F52DF5F5F5F5F52D2DF5F5F5F5F5F5F5F5F5F5F5F5F52DF5F5F5F5F5F5F5F5F5F5F5F5F5F5F5F5F5F5F5F52DF5F5F5F5F5F52DF5F5F5F5F5F5F5F5F5F5E2E22D2DE2E2E2E2E2E2E2E2E2E2E2E2E2E2E2E2E2E2E2E2E2E2F5F5E2E2F5F5E2F5F5F5F5F5F5F5F5F5BEBE000000F5F5F5F52D2D
310
2D2D2D2D2D2D2D2D2D2D2D2D2D2D2D2D2D2D2D2D2D2DF5F5F5F5F5F5F5F5F5F5F5F5F5F5F5F5F5F52D2D2D2D2D2D2D2D2D2D2D2D2D2D2D2D2D2D2D2D2D2D2D2D2DF5F5F5F5F5F5F5F5F5F5F5F5F5F5F5F5F5F52D2D2D2D2D2D2D2D2D2D2D2D2D2D2D2D2DF5F5F5F5F5F5F5F5F5F5F5F5F5F5F5F5F5F5F5F5F5F5F5F5F5F5F5
310
BE2D2D2D2DF5E2F52D2D2D2D2D2DF5F5E2F5F5F5F5F5F5F5BEE2F5F5E2E2F5F5E2F5F5F5F5F5F5F5F5F5BEBE000000F5F5F52D2D2D2D2D2D2D2D2D2D2D2D2D2D2D2D2D2D2D2D2D2D2D2D2DF5F5F5F5F5F5F5F5F5F5F5F5F5F5F5F5F52D2D2D2D2D2D2D2D2D2D2D2D2D2D2D2D2D2D2D2D2D2D2D2D2D2D2D2D2DF5F5F5F5F5F5
310
F5F5F5F5F5F5F5F52D2D2D2D2D2D2D2D2D2D2D2D2D2D2D2D2D2D2D2D2D2DF5F5F5F5F5F5F5F5F5F5F5F5F5F5F5F5F5F5F5F5F5F5F5BE2D2D2D2DF5E2F52D2D2D2D2D2DF5F5E2F5F5F5F5F5F5F5BEE2F5F5E2E2F5F5E2F5F5F5F5F5F5F5F5F5BEBE000000F5F52D2D2D2D2D2D2D2D2D2D2D2D2D2D2D2D2D2D2D2D2D2D2D2D2D
310
F5F5F5F5F5F5F5F5F5F5F5F5F5F5F5F5F5F52D2D2D2D2D2D2D2D2D2D2D2D2D2D2D2D2D2D2D2D2D2D2D2D2D2D2D2D2DF5F5F5F5F5F5F5F5F5F5F5F5F52D2D2D2D2D2D2D2D2D2D2D2D2D2D2D2D2D2D2D2D2D2D2DF5F5F5F5F5F5F5F5F5F5F5F5F5F5F5F5F5F5F5F5F5F5F5E22D2D2D2DE2E2E2E2E2E2E2E2E2E2E2E2E2E2E2E2
310
E2E2E2E2E2F5F5E2E2F5F5E2F5F5F5F5F5F5F5F5F5BEBE000000F5F5F5F5F5F5F5F5F5F5F5F5F5F5F5F5F5F5F5F5F5F5F52D2DF5F5F5F5F5F5F5F5F5F5F5F5F5F5F5F5F5F5F5F5F5F5F5F5F5F5F5F5F5F5F5F5F5F5F5F5F5F5F5F5F5F5F5F5F52DF52DF5F5F5F5F5F5F5F5F5F5F5F5F5F5F5F5F5F5F5F5F5F5F5F5F5F5F5F5
310
F5F5F5F5F52DF5F5F5F5F5F5F5F5F5F5F5F5F5F5F5F5F5F5F5F5F5F5F5F5F5F5BE2D2D2D2D2DE22D2D2D2D2D2D2D2DF5E2F5F5F5F5F5F5F5BEE2F5F5E2E2F5F5E2F5F5F5F5F5F5F5F5F5BEBE000000F52D2D2D2D2D2D2D2D2D2D2D2D2D2D2D2D2D2D2D2D2DF5F5F5F5F5F5F5F5F5F5F5F5F5F5F5F5F5F5F5F5F5F5F5F5F5F5
310
F5F5F5F5F5F5F5F5F5F5F5F5F5F5F5F5F5F5F5F5F5F5F5F5F5F5F5F5F5F5F5F5F5F5F5F5F5F5F5F5F5F5F5F5F5F5F5F5F5F5F5F5F5F5F5F5F5F5F5F5F5F5F5F5F5F5F5F5F5F5F5F5F5F5F5F5F5F5F5F5F5F5F5F5F5BEF52D2DF5F5E22D2D2D2D2D2D2D2DF5E2F5F5F5F5F5F5F5BEE2F5F5E2E2F5F5E2F5F5F5F5F5F5F5F5F5
310
BEBE000000F52D2D2D2D2D2D2D2D2D2D2D2D2D2D2D2D2D2D2D2DF5F5F5F5F5F5F5F5F5F5F5F5F5F5F5F5F5F5F5F5F5F5F5F5F5F5F5F5F5F5F5F5F5F5F5F5F5F5F5F5F5F5F5F5F5F5F5F5F5F5F5F5F5F5F5F5F5F5F5F5F5F5F5F5F5F5F5F5F5F5F5F5F5F5F5F5F5F5F5F5F5F5F5F5F5F5F5F5F5F5F5F5F5F5F5F5F5F5F5F5F5
310
F5F5F5F5F5F5F5F5F5F5F52D2D2D2D2D2DE2E2E2E2E2E2E2E2E2E2E2E2E2E2E2E2E2E2E2E2F5F5E2E2F5F5E2F5F5F5F5F5F5F5F5F5BEBE000000F5F5F5F5F5F5F5F5F5F5F5F5F5F5F5F5F5F5F5F5F5F5F5F5F5F5F5F5F5F5F5F5F5F5F5F5F5F5F5F5F5F5F5F5F5F5F5F5F5F5F5F5F5F5F5F5F5F5F5F5F5F5F5F5F5F5F5F5F5
310
F5F5F5F5F5F5F5F5F5F5F5F5F5F5F5F5F5F5F5F5F5F5F5F5F5F5F5F5F5F5F5F5F5F5F5F5F5F5F5F5F5F5F5F5F5F5F5F5F5F5F5F5F5F5F5F5F5F5F5F5F5F5F5F52D2D2D2D2D2DE2F52D2D2D2D2D2DF5F5E2F5F5F5F5F5F5F5BEE2F5F5E2E2F5F5E2F5F5F5F5F5F5F5F5F5BEBE000000F5F5F5F5F5F5F5F5F5F5F5F5F5F5F5F5
310
F5F5F5F5F5F5F5F5F5F5F5F5F5F5F5F5F5F5F5F5F5F5F5F5F5F5F5F5F5F5F5F5F5F5F5F5F5F5F5F5F5F5F5F5F5F5F5F5F5F5F5F5F5F5F5F5F5F5F5F5F5F5F5F5F5F5F5F5F5F5F5F5F5F5F5F5F5F5F5F5F5F5F5F5F5F5F5F5F5F5F5F5F5F5F5F5F5F5F5F5F5F5F5F5F5F5F5F5F5F5F5F5F5F5F5F5F5BEF52D2DF5F5E2F52D2D
310
2D2D2D2DF5F5E2F5F5F5F5F5F5F5BEE2F5F5E2E2F5F5E2F5F5F5F5F5F5F5F5F5BEBE000000F5F5F5F5F5F5F5F5F5F5F5F5F5F5F5F5F5F5F5F5F5F5F5F5F5F5F5F5F5F5F5F5F5F5F5F5F5F5F5F5F5F5F5F5F5F5F5F5F5F5F5F5F5F5F5F5F5F5F5F5F5F5F5F5F5F5F5F5F5F5F5F5F5F5F5F5F5F5F5F5F5F5F5F5F5F5F5F5F5F5
310
F5F5F5F5F5F5F5F5F5F5F5F5F5F5F5F5F5F5F5F5F5F5F5F5F5F5F5F5F5F5F5F5F5F5F5F5F5F5F5F5F5F5F5BEBEBEBEBEBEBEBEBEBEBEBEBEBEBEBEBEBEBEBEBEBEBEBEBEE2F5F5E2E2F5F5E2F5F5F5F5F5F5F5F5F5BEBE000000F5F5F5F5F5F5F5F5F5F5F5F5F5F5F5F5F5F5F5F5F5F5F5F5F5F5F5F5F5F5F5F5F5F5F5F5F5
310
F5F5F5F5F5F5F5F5F5F5F5F5F5F5F5F5F5F5F5F5F5F5F5F5F5F5F5F5F5F5F5F5F5F5F5F5F5F5F5F5F5F5F5F5F5F5F5F5F5F5F5F5F5F5F5F5F5F5F5F5F5F5F5F5F5F5F5F5F5F5F5F5F5F5F5F5F5F5F5F5F5F5F5F5F5F5F5F5F5F5F5F5F5F5F5F5BEF5F5F5F5F5F5F5F5F5F5F5F5F5F5F5F5F5F5F5F5F5F5F5BEE2F5F5E2E2F5
310
F5F5F5F5F5F5F5F5F5F5F5BEBE000000F5F5F5F5F5F5F5F5F5F5F5F5F5F5F5F5F5F5F5F5F5F5F5F5F5F5F5F5F5F5F5F5F5F5F5F5F5F5F5F5F5F5F5F5F5F5F5F5F5F5F5F5F5F5F5F5F5F5F5F5F5F5F5F5F5F5F5F5F5F5F5F5F5F5F5F5F5F5F5F5F5F5F5F5F5F5F5F5F5F5F5F5F5F5F5F5F5F5F5F5F5F5F5F5F5F5F5F5F5F5F5
310
F5F5F5F5F5F5F5F5F5F5F5F5F5F5F5F5F5F5F5F5F5F5BEF5F5F5F5F5F5F5F5F5F5F5F5F5F5F5F5F5F5F5F5F5F5F5BEF5F5F5E2E2F5F5F5F5F5F5F5F5F5F5F5F5BEBE000000F5F5F5F5F5F5F5F5F5F5F5F5F5F5F5F5F5F5F5F5F5F5F5F5F5F5F5F5F5F5F5F5F5F5F5F5F5F5F5F5F5F5F5F5F5F5F5F5F5F5F5F5F5F5F5F5F5F5
310
F5F5F5F5F5F5F5F5F5F5F5F5F5F5F5F5F5F5F5F5F5F5F5F5F5F5F5F5F5F5F5F5F5F5F5F5F5F5F5F5F5F5F5F5F5F5F5F5F5F5F5F5F5F5F5F5F5F5F5F5F5F5F5F5F5F5F5F5F5F5F5F5F5F5F5BEF5F5F5F5F5F5F5F5F5F5F5F5F5F5F5F5F5F5F5F5F5F5F5BEF5F5F5E2E2F5F5F5F5F5F5F5F5F5F5F5F5BEBE000000F5F5F5F5F5
310
F5F5F5F5F5F5F5F5F5F5F5F5F5F5F5F5F5F5F5F5F5F5F5F5F5F5F5F5F5F5F5F5F5F5F5F5F5F5F5F5F5F5F5F5F5F5F5F5F5F5F5F5F5F5F5F5F5F5F5F5F5F5F5F5F5F5F5F5F5F5F5F5F5F5F5F5F5F5F5F5F5F5F5F5F5F5F5F5F5F5F5F5F5F5F5F5F5F5F5F5F5F5F5F5F5F5F5F5F5F5F5F5F5F5F5F5F5F5F5F5F5F5F5F5F5F5F5
310
F5BEF5F5F5F5F5F5F5F5F5F5F5F5F5F5F5F5F5F5F5F5F5F5F5BEF5F5F5E2E2F5F5F5F5F5F5F5F5F5F5F5F5BEBE000000F5F5F5F5F5F5F5F5F5F5F5F5F5F5F5F5F5F5F5F5F5F5F5F5F5F5F5F5F5F5F5F5F5F5F5F5F5F5F5F5F5F5F5F5F5F5F5F5F5F5F5F5F5F5F5F5F5F5F5F5F5F5F5F5F5F5F5F5F5F5F5F5F5F5F5F5F5F5F5
310
F5F5F5F5F5F5F5F5F5F5F5F5F5F5F5F5F5F5F5F5F5F5F5F5F5F5F5F5F5F5F5F5F5F5F5F5F5F5F5F5F5F5F5F5F5F5F5F5F5F5F5F5F5F5BEF5F5F5F5F5F5F5F5F5F5F5F5F5F5F5F5F5F5F5F5F5F5F5BEF5F5F5E2E2F5F5F5F5F5F5F5F5F5F5F5F5BEBE000000F5F5F5F5F5F5F5F5F5F5F5F5F5F5F5F5F5F5F5F5F5F5F5F5F5F5
310
F5F5F5F5F5F5F5F5F5F5F5F5F5F5F5F5F5F5F5F5F5F5F5F5F5F5F5F5F5F5F5F5F5F5F5F5F5F5F5F5F5F5F5F5F5F5F5F5F5F5F5F5F5F5F5F5F5F5F5F5F5F5F5F5F5F5F5F5F5F5F5F5F5F5F5F5F5F5F5F5F5F5F5F5F5F5F5F5F5F5F5F5F5F5F5F5F5F5F5F5F5F5F5F5F5F5F5BEF5F5F5F5F5F5F5F5F5F5F5F5F5F5F5F5F5F5F5
310
F5F5F5F5BEF5F5F5E2E2F5F5F5F5F5F5F5F5F5F5F5F5BEBE000000F5F5F5F5F5F5F5F5F5F5F5F5F5F5F5F5F5F5F5F5F5F5F5F5F5F5F5F5F5F5F5F5F5F5F5F5F5F5F5F5F5F5F5F5F5F5F5F5F5F5F5F5F5F5F5F5F5F5F5F5F5F5F5F5F5F5F5F5F5F5F5F5F5F5F5F5F5F5F5F5F5F5F5F5F5F5F5F5F5F5F5F5F5F5F5F5F5F5F5F5
310
F5F5F5F5F5F5F5F5F5F5F5F5F5F5F5F5F5F5F5F5F5F5F5F5F5F5F5F5F5F5F5F5F5BEF5F5F5F5F5F5F5F5F5F5F5F5F5F5F5F5F5F5F5F5F5F5F5BEF5F5F5E2E2F5F5F5F5F5F5F5F5F5F5F5F5BEBE000000F5F5F5F5F5F5F5F5F5F5F5F5F5F5F5F5F5F5F5F5F5F5F5F5F5F5F5F5F5F5F5F5F5F5F5F5F5F5F5F5F5F5F5F5F5F5F5
310
F5F5F5F5F5F5F5F5F5F5F5F5F5F5F5F5F5F5F5F5F5F5F5F5F5F5F5F5F5F5F5F5F5F5F5F5F5F5F5F5F5F5F5F5F5F5F5F5F5F5F5F5F5F5F5F5F5F5F5F5F5F5F5F5F5F5F5F5F5F5F5F5F5F5F5F5F5F5F5F5F5F5F5F5F5F5BEF5F5F5F5F5F5F5F5F5F5F5F5F5F5F5F5F5F5F5F5F5F5F5BEF5F5F5E2E2F5F5F5F5F5F5F5F5F5F5F5
310
F5BEBE000000F5F5F5F5F5F5F5F5F5F5F5F5F5F5F5F5F5F5F5F5F5F5F5F5F5F5F5F5F5F5F5F5F5F5F5F5F5F5F5F5F5F5F5F5F5F5F5F5F5F5F5F5F5F5F5F5F5F5F5F5F5F5F5F5F5F5F5F5F5F5F5F5F5F5F5F5F5F5F5F5F5F5F5F5F5F5F5F5F5F5F5F5F5F5F5F5F5F5F5F5F5F5F5F5F5F5F5F5F5F5F5F5F5F5F5F5F5F5F5F5F5
310
F5F5F5F5F5F5F5F5F5F5F5F5BEF5F5F5F5F5F5F5F5F52D2D2D2D2D2D2D2D2D2D2DF5F5F5BEF5F5F5E2E2F5F5E2F5F5F5F5F5F5F5F5F5BEBE000000F5F5F5F5F5F5F5F5F5F5F5F5F5F5F5F5F5DCF5F5F5F5F5F5F5F5F5F5F5F5F5F5F5F5F5F5F5F5F5F5F5F5F5F5F5F5F5F5F5F5F5F5F5F5F5F5F5F5F5F5F5F5F5F5F5F5F5F5
310
F5F5DCF5F5F5F5F5F5F5F5F5F5F5F5F5F5F5F5F5F5F5F5F52D2D2D2DF5F5F5F5F5F5F5F5F5F5F5F5F5F5F5F5F5F5F5F5F5F5F5F5F5F5F5DCF5F5F5F5F5F5F5F5F5BEF5F5F5F5F5F5F5F5F52D2D2D2D2D2D2D2D2D2D2DF5F5F5BEE2F5F5E2E2F5F5E2F5F5F5F5F5F5F5F5F5BEBE000000F5F5F5F5F5F5F5F5F5F5F5F5F5F5F5
310
F5F5DCDCDCDCDCDCDCDCDCDCDCDCDCDCDCDCDCDCDCDCDCDCDCDCDCDC2D2D2DDCDCDCDCDCDCDCDCDCDCDCDCDCDCDCDCDCDCDCDCDCDCDCDCDCDCDCDCDCDCDCDCDCDCDCDCDCDCDCDCDCDCDCDCDC2D2D2D2D2D2D2D2D2D2D2D2D2DDCDCDCDCDCDCDCDCDCDCDCDCDCDCDCDCDCDCDCDCDCF5F5F5F5F5F5F5F5BEF5F5F5F5F5F52D2D
310
2D2D2D2D2D2D2D2D2D2D2D2D2D2D2DBEE2F5F5E2E2F5F5E2F5F5F5F5F5F5F5F5F5BEBE000000F5F5F5F5F5F5F5F5F5F5F5F5F5F5F5F5F5DCF5F5F5F5F5F5F5F5F5F5F5F5F5F5F5F5F5F5F5F5F5F5F5F5F52D2D2DF5F5F5F5F5F5F5F5F5F5F5F5F5F5F5F5F5F5F5F5F5F5F5F5DC2DF5F5F5F5F5F5F5F5F5F5F5F5F5F5F5F5F5
310
F5F52D2D2D2D2D2D2D2D2D2D2D2D2DF5F5F5F5F5F5F5F5F5F5F5F5F5F5F5F5F5F5F5DCF5F5F5F5F5F5F5F5F5BEF528282828F52D2D2D2D2D2D2D2D2D2D2D2D2D2D2D2D2DBEE2F5F5E2E2F5F5E2F5F5F5F5F5F5F5F5F5BEBE000000F5F5F5F5F5F5F5F5F5F5F5F5F5F5F5F5F5DCDCF5DCDCF5F5F5F5F5DCF5F5F5F5F5DCF5F5
310
F5F5F5F5DCF5F5F5F5F5DCF5F5F5F5DCDCF5F5F5F5DCF5F5F5F5F5DCF5F5F5F5DCF5DCF5DCF5F5F5F5DCDCF5F5F5F5DCF5F5F5F5DCDCF5F5F5F5DCF5F5F5F5DCDCF5F5F5F5DCF5F5F5F5DCDCF5F5F5F5DCF5F5F5F5DCDCDCF5F5F5F5F5F5F5F5F5BE282828BE2828282D2D2D2D2D2D2D2D2D2D2D2D2D2D2DF5BEE2F5F5E2E2
310
F5F5E2F5F5F5F5F5F5F5F5F5BEBE000000F5F5F5F5F5F5F5F5F5F5F5F5F5F5DC2D2DDCDC2DDCDCDC2D2D2DDCDCDCDC2D2DDCDCDCDC2D2DDCDCDCDC2D2D2DDCDCDC2D2D2DDCDCDC2D2DDCDCDC2D2D2DDCDCDC2D2DDCDCDCDCDCDCDC2D2DDCDCDCDC2D2DDCDCDC2D2D2DDCDCDC2D2DDCDCDC2D2D2DDCDCDC2D2DDCDCDC2D2D2D
310
DCDCDC2D2DDCDCDC2D2D2DDC2DDCDCF5F5F5F5F5F5F5F52828BEBEBEBE0F28F52D2D2D2D2D2D2D2D2D2D2D2DF5F5F5BEE2F5F5E2E2F5F5E2F5F5F5F5F5F5F5F5F5BEBE000000F5F5F5F5F5F5F5F5F5F5F5F5F5F52D2D2DDCDC2D2DDCF52D2D2DF5DCF5F52D2DF5DCF5F52D2DF5F5DCF52D2D2DF5DCF52D2D2DF5DCF52D2DF5
310
DCF5F52D2DF5DCF52D2DF5DCDCDC2DDCF52D2DF5F5DCF52D2DF5DCF52D2D2DF5DCF52D2DF5DCF52D2D2DF5DCF52D2DF5DCF52D2D2DF5DCF52D2DF5DCF52D2D2DF52DDCF5F5F5F5F5F5F5F5F5BE2828BEBEBE2828F52D2D2D2D2D2D2D2D2D2D2D2DF5F5F5BEE2F5F5E2E2F5F5E2F5F5F5F5F5F5F5F5F5BEBE000000F5F5F5F5
310
F5F5F5F5F5F5F5F5F5F5F5F5F5DCDCF5F5DCF5F5F5F5F5DCF5F5F5F5F5DCF5F5F5F5F5F5DCF5F5F5F5F5DCF5F5F5F5F5DCF5F5F5F5DCF5F5F5F5F5DCF5F5DCDCDCF5DCF5DCDCDCDCF5F5DCF5F5F5F5DCF5F5F5F5F5DCF5F5F5F5DCF5F5F5F5F5DCF5F5F5F5DCF5F5F5F5F5DCF5F5F5F5DCF5F5F5F5F5DCDCF5F5F5F5F5F5F5
310
F5F5BEF52828282828F5F5F5F5F5F5F5F5F5F5F5F5F5F5F5F5F5BEE2F5F5E2E2F5F5E2F5F5F5F5F5F5F5F5F5BEBE000000F5F5F5F5F5F5F5F5F5F5F5F5F5F5F5F5F5DCDCF5F5DCF5F5F5F5F5DCF5F5F5F5F5DCF5F5F5F5F5F5DCF5F5F5F5F5DCF5F5F5F5F5DCF5F5F5F5DCF5F5F5F5F5DCF5F52D2D2DF5DCF5DC2D2DF5F5F5
310
DCF5F5F5F5DCF5F5F5F5F5DCF5F5F5F5DCF5F5F5F5F5DCF5F5F5F5DCF5F5F5F5F5DCF5F5F5F5DCF5F5F5F5F5DCDC2D2DF5F5F5F5F5F5F5BE2D2D2D2D2D2D2D2D2D2D2D2D2D2D2D2D2D2DF5F5F5F5F5BEE2F5F5E2E2F5F5E2F5F5F5F5F5F5F5F5F5BEBE000000F5F5F5F5F5F5F5F5F5F5F5F5F5F5F5F5F5DCDCF5F5DCF5F5F5
310
F5F5DCF5F5F5F5F5DCF5F5F5F5F5F5DCF5F5F5F5F5DCECF5F5F5F5DCF5F5F5F5DCF5F5F5F5F5DCF5F5F5F5DCF5DCF5DCF5F5F5F5F5DCF5F5F5F5DCF5F5F5F5F5DCF5F5F5F5DCF5F5F5F5F5DCF5F5F5F5DCF5F5F5F5F5DCF5F5F5F5DCF5F5F5F5F5DCDC2DDCF5F5F5F5F5F5F5BEF5F5F5F5F5F5F5F5F5F5F5F5F5F5F5F5F5F5
310
F5F5F5F5F5BEE2F5F5E2E2F5F5E2F5F5F5F5F5F5F5F5F5BEBE000000F5C3C3C3C3C3C3C3C3C3C3C3C3C3C3C3C3DCDCC3C3DCC3C3C3C3C3DCC3C3C3C3C3DCC3C3C3C3C3C3DCC3C3C3C3C3DCECC3C3C3C3DCC3C3C3C3DCC3C3C3C3C3DCC3C3C3C3DCC3DCC3DCC3C3C3C3C3DCC3C3C3C3DCC3C3C3C3C3DCC3C3C3C3DCC3C3C3C3
310
C3DCC3C3C3C3DCC3C3C3C3C3DCC3C3C3C3DCC3C3C3C3C3DCDCC3C3C3C3C3C3E2F5F5BEBEBEBEBEBEBEBEBEBEBEBEBEBEBEBEBEBEBEBEBEBEBEBEBEE2F5F5E2E2F5F5E2F5F5F5F5F5F5F5F5F5BEBE000000F5E2ECF5ECECF5ECECF5ECECF5ECECF5ECECECECECF5ECECF5ECECC3C3C3C3C3C3C3C3C3ECECECECECECECECECEC
310
ECECECECECECECECECECECECECECECECECECECECECECECECECECECECECECECECECECECECECECECECECECECECECECECECECECECECECECECECECECECECECECECECECECECECECECECECECECECECECECECECECECECECE2F5F5BE2D2D2D2D2D2D2D2D2D2D2D2D2D2D2D2D2D2D2D2D2D2DF5BEE2F5F5E2E2F5F5E2F5F5F5F5F5F5F5
310
F5F5BEBE000000F5E2F5ECF5ECECF5ECECF5ECECDCECECECF5ECF5ECECF5ECECF5ECECECF5ECF5ECECECECC3C3C3C3C3ECC3C3ECECECECECECECECECECECECECECECECECECECECECECECECECECECECECECECECECECECECECECECECECECECECECECECECECECECECECECECECECECDCDCECECECECECECECECECECECECECECECEC
310
ECECECECECECECECECECE2F5F5BE2D2D2D2D2D2D2D2D2D2D2D2D2D2D2D2D2D2D2D2D2D2DF5BEE2F5F5E2E2F5F5E2F5F5F5F5F5F5F5F5F5BEBE000000F5E2ECF5ECECECECECECECECECECECECECECECECECECECECECECECECECECECECECECECECDCDCECF5ECECECECC3C3C3ECC3C3C3ECECECECECECECECECECECECECECECEC
310
ECECECECECECECECECECECECECECECECECECECECECECECECECECECECECECECECECECECDCDCECECECECECECECECECECECECECECEC2D2D2DECECECECECECECECE2F5F5BE2D2D2D2D2D2D2D2D2D2D2D2D2D2D2D2D2D2D2D2D2D2DF5BEE2F5F5E2E2F5F5E2F5F5F5F5F5F5F5F5F5BEBE000000F5E2ECECECECF5ECECF5ECECF5EC
310
ECF5ECECECECEC6F6FECECECECECECECECECECECECECDCDCDCECECECF5ECECEC6FECECECECC3C3C3C3C3C3C3C3C3C3C3C3C3C3C3C3C3C3C3C3C3C3ECECECECECECECECECECECECECECECECECECECECECECECECECECECECECDCDCECECECECECECECECECECECECECEC2D2D2D2DECECECECECECECECE2F5F5BE2D2D2D2D2D2D2D
310
2D2D2D2D2D2D2D2D2D2D2D2D2D2D2DF5BEE2F5F5E2E2F5F5E2F5F5F5F5F5F5F5F5F5BEBE000000F5E2C3C3C3C3C3C3C3C3C3C3C3C3C3C3C3C3ECC3C3EC6FC3C3C3C3C3C3C3C3C3C3C3C3C3DCDCDCC3C3C3C3C3C3C36FECC3C3C3C3C3C3C3C3C3C3C3C3C3C3C3C3C3C3C3C3C3C3C3C3C3C3C3C3C3C3C3C3C3C3C3C3C3C3C3C3
310
C3C3C3C3C3C3C3C3C3C3C3C3C3C3C3C3C3C3C3C3C3C3C3C3C3C3C3C3C3C3C3C3C3C3C3C3ECC3C3C3C3C3E2F5F5BE2D2D2D2D2D2D2D2D2D2D2D2D2D2D2D2D2D2D2D2D2D2DF5BEE2F5F5E2E2F5F5E2F5F5F5F5F5F5F5F5F5BEBE0000F5F5E2F5F5ECECECF5ECF5F5ECEC2D2D2DC3C3ECECECEC6FF5F5ECECECECF5F5ECECC3EC
310
ECF5F5ECECECC3C3C3F5EC6FECECF5F5F5ECECDCDCF5C3ECF5ECECECC3C3ECECF5ECECF5F5ECECECECF5F5C3ECECECECC3C3F5ECECECECF5F5F5ECECECECC3C3F5ECECECECF5C3ECECF5ECECC3C3ECECECECC32D2D2D2DECECECECC3ECF5F5E2F5F5BEF5F5F5F5F5F5F5F5F5F5F5F5F5F5F5F5F5F5F5F5F5F5F5BEE2F5F5E2
310
E2F5F5F5F5F5F5F5F5F5F5F5F5BEBEF5F5F5F5E2F5F5ECECECECF5F5F5ECEC2D2D2DC3C3ECECECEC6FF5ECF5ECECECF5F5ECECECECECF5F5ECECECECC3C3F5EC6FECECF5F5ECECC3DCDCF5C3ECECECECF5C3C3ECECECECECF5ECECECECF5F5F5ECECECECF5C3C3ECECECF5ECF5F5ECECECECF5ECC3ECECECECF5F5ECECECEC
310
ECF5ECECECECECC3C3ECECF5ECECC3ECECECF5F5F5E2F5F5BE2D2D2D2D2D2D2D2D2D2D2D2D2DF5F5F5F5F5F5F5F5F5F5BEF5F5F5E2E2F5F5F5F5F5F5F5F5F5F5F5F5BEBEF5F5F5F5E2C3C3C3C3C3C3C3C3C3C3C3C3C3C3C3C3ECC3C3EC6FC3C3C3C3C3C3C3C3C3C3C3C3C3C3C3C3C3C3C3C3C3C3C36FECC3C3C3C3C3C3C3C3
310
C3C3C3C3C3C3C3C3C3C3C3C3C3C3C3C3C3C3C3C3C3C3C3C3C3C3C3C3C3ECECF5ECC3F5ECECECECC3F5ECC3ECC3ECF5F5ECECECECF5F5F5ECECECECF5C3ECECF5ECECECC3ECC3ECF5F5ECE2F5F5BEF5F5F5F5F5F5F5F5F5F5F5F5F5F5F5F5F5F5F5F5F5F5F5BEF5F5F5E2E2F5F5F5F5F5F5F5F5F5F5F5F5BEBEF5F5F5F5E2EC
310
F5ECECF5ECECF5ECECF52D2D2DC3C3C3ECECEC6FECF5ECECC3ECECF5ECECC3ECECF5ECECF5ECECC3C3ECF56FECF5ECECF5ECECF5ECECC3ECECF5ECECC3ECF5ECECF5ECECF5ECECF5ECECF5ECECF5ECF5ECECC32D2D2D2D2D2D2D2D2DC3C3ECC3C3C3C3C3C3C3C3C3C3C3C3C3C3C3C3C3C3C3C3C3C3C3C3C3C3ECC3C3C3C3C3
310
E2F5F5BE2D2D2D2D2D2D2D2D2D2D2D2D2D2D2D2D2D2D2D2D2D2DBEBEF5F5F5E2E2F5F5F5F5F5F5F5F5F5F5F5F5BEBEF5F5F5F5E2ECECF5ECECF5ECECF5ECECF5ECF5C3C3C3ECECEC6FECECF5ECECECECECF5ECECECECECF5ECECECECC3C3ECEC6FECECF5ECECECECECF5ECECC3ECECF5ECECC3ECF5ECECECECECC3ECECF5EC
310
ECC3ECECF5ECC3ECF52D2D2D2D2D2D2D2D2DECF5ECC3F5ECECF5ECECC3ECECF5ECECECECECF5ECECC32D2D2D2DECC3ECECECECECF5E2F5F5BE2D2D2D2D2D2D2D2D2D2D2D2D2D2D2D2D2D2D2D2D2D2DF5BEF5F5F5E2E2F5F5F5F5F5F5F5F5F5F5F5F5BEBEF5F5F5F5E2F5ECECF5ECECF5ECECF5ECECECECF5C3C3ECECEC6FF5
310
ECECF5ECECF5ECECF5ECECF5ECECF5ECECC3C3C3F5EC6FECECECF5ECECC3DCDCF5ECECF5ECECF5ECECF5ECF5ECECF5ECECC3ECECF5ECECF5EC2D2D2D2D2D2D2D2D2D2D2D2D2DDCDCECECC3ECC3ECECF5ECECC3ECECF5ECECC3ECECF5ECECEC2D2D2DECECECC3ECF5ECECE2F5F5BE2D2D2D2D2D2D2D2D2D2D2D2D2D2D2D2D2D
310
2D2D2D2D2DF5BEF5F5F5E2E2F5F5F5F5F5F5F5F5F5F5F5F5BEBEF5F5F5F5E2EC2D2D2D2DECECF5ECECF5ECF5ECECC3C3ECECEC6FECECECECECECECECECECECECECECECECECECECC3C36FEC6FECECECECECECECDCDCECECECECECECECECECECECECF5ECECF5ECECF5ECECF5ECECF52D2D2D2D2D2D2D2D2D2D2D2D2DECECECEC
310
C3ECECECECECECECECECECECECECECECECECECECECECF5ECECECECECECECECECE2F5F5BE2D2D2D2D2D2D2D2D2D2D2D2D2D2D2D2D2D2D2D2D2D2DF5BEF5F5F5E2E2F5F5F5F5F5F5F5F5F5F5F5F5BEBEF5F5F5F5E2ECDCECECECECECECECECECECECECECC3C3ECECEC6FECF5ECECC3ECECF5ECECC3ECECF5ECECF5ECECC3C3C3
310
F56FECF5ECF5ECECC3ECECECC3ECF5ECECF5ECECF5ECECECECECECC3ECECF5ECECC3ECECDCECECECF5ECECF5ECECF5ECECC3C3ECECC3ECECF5ECECF5ECECF5ECECF5ECECF5ECECC3ECECF5ECECECECECECECECF5ECE2F5F5BE2D2D2D2D2D2D2D2D2D2D2D2D2D2D2D2D2D2D2D2D2D2D2DBEF5F5F5E2E2F5F5F5F5F5F5F5F5F5
310
F5F5F5BEBEF5F5F5F5ECECECECECECECECECECECECECECECECECF0ECECEC6FECECF5ECECECECECF5ECECECECECF5ECECECECECC3C3EC6FECECF5ECF5ECECF5ECECECECECF5ECECC3ECECF5ECECECF5ECECC3ECECF5ECECF5ECDCF5ECECECF5ECECC3ECECF5ECECC3C3ECC3C3C3C3C3C3C3C3C3C3C3C3C3C3C3C3C3C3C3C3C3
310
C3C3C3C3C3ECC3C3C3C3C3E2F5F5BE2D2D2D2D2D2D2D2D2D2D2D2D2D2D2D2D2D2D2D2D2D2D2DBEF5F5F5E2E2F5F5F5F5F5F5F5F5F5F5F5F5BEBEF5F5F5F5E2F5F5F5F5F5F5F5F5F5F5F5F5F5F5F56FC3ECECECC3ECECECECECC3ECC3C3C3C3C3C3C3C3C3C3C3C3C3C3C3C36FECC3C3C3C3C3C3C3C3C3C3C3C3C3C3C3C3C3C3
310
C3C3C3C3C3C3C3C3C3C3C3C3C3C3C3DCC3C3C3C3C3C3C3C3C3C3C3C3C3C3C3ECC3ECC3ECDCDCECECC3ECECF5ECECC3ECECF5ECEC2D2D2D2DECECECC3ECF5ECECE2F5F5BEF5F5F5F5F5F5F5F5F5F5F5F5F5F5F5F5F5F5F5F5F5F5F5BEF5F5F5E2E2F5F5E2F5F5F5F5F5F5F5F5F5BEBEF5F5F5F5E2F5F5F5F5F5F5F5F5F5F5F5
310
F5F5F5F5E2C3E2F5ECC3F5F5ECECECECECECECECECECECF5ECECECECC3ECC3C3EC6FECECF5ECECECC3DCDCECC3C3ECECECECC3C3ECECECECC3C3C3C3C3C3C3C3C3C3C3C3DCC3C3ECECECF5ECECF5ECECECC3ECECECC3F5ECF5DCDCF5ECECF5ECECF5ECECF5ECECC3ECEC2D2D2DECC3ECECECECF5ECE2F5F5BE2D2D2D2D2D2D
310
2D2D2D2DF5F5F5F5F5F5F5F5F5F5F5F5F5BEE2F5F5E2E2F5F5E2F5F5F5F5F5F5F5F5F5BEBEF5F5F5F5E2F5F5F5F5F5F5F5F5F5F5F5F5F5F5F5F56FE2F5ECC3F5F5F5F5E2E2ECECECECECECECECECECECECC3ECC3C3EC6FECECECF5ECECC3DCDCC3C3C3C3C3C3C3C3C3C3C3C3C3ECF5ECECC3ECECF5ECECECF5DCECC3C3ECEC
310
ECF5ECECF5ECECECC3ECECC3ECECF5DCDCF5ECECF5ECECF5ECECF5ECECC3ECF5ECECF5ECECECC3ECF5ECECE2F5F5BEF5F5F5F5F5F5F5F5F5F5F5F5F5F5F5F5F5F5F5F5F5F5F5BEE2F5F5E2E2F5F5E2F5F5F5F5F5F5F5F5F5BEBEF5F5F5F5E2F5F5F5F5F52DF5F5F52DF5F5F5F5F5F56FE2F5ECC3F5F5F5F5E2E2F5F5F5F5C3
310
ECECECECECECECC3ECECEC6F6FECECECC3ECC3C3ECF5ECECECF5ECECF5ECECF5ECECECECECECC3ECF5ECECF5ECECECDCECECECECF5ECECC3ECECECF5ECECF5ECC3F5ECECF5ECECC3ECECF5ECECECECECF5ECECC3ECF5ECECECECECECECECF5ECE2F5F5BE2D2D2D2D2D2D2D2D2D2D2D2D2D2D2D2D2D2D2D2D2D2DBEBEE2F5F5
310
E2E2F5F5E2F5F5F5F5F5F5F5F5F5BEBEF5F5F5F5E2E2F5F52D2D2D2D2D2D2D2D2D2D2DF5F56FE2F5ECC3F5F5F5F5E2E2F5F5F5F5C3E2F52D2DECECECECECECECEC6FECECECECF5ECECDCDCC3ECECECECECECECC3ECC3ECECECECECECC3ECC3ECECECECECDCECECECECECC3ECECECECECECECECECECC3ECECC3C3C3C3C3C3C3
310
C3C3C3C3C3C3C3C3C3C3C3C3C3C3C3C3ECC3C3C3C300E20000BE2D2D2D2D2D2D2D2D2D2D2D2D2D2D2D2D2D2D2D2D2D2DF5BEE2F5F5E2E2F5F5E2F5F5F5F5F5F5F5F5F5BEBEF5F5F5F5E2F5F5F52D2D2D2D2D2D2D2D2D2D2DDCDCDCDCDCECC3DCDCDCDCDCDCDCDCDCDCDCDCDCDCDCDCDCDCDCDCDCECECC3ECECECECECECECEC
310
DCF5ECC3ECECF5ECECECECECC3ECC3ECECECECECECECECECC3ECDCECC3C3ECC3ECECC3C3C3C3ECECC3ECECC3ECC3ECECF5ECECC3ECECF5ECECC3ECECF5ECEC2D2D2D2DECECECC3ECF5EC00E20000BE2D2D2D2D2D2D2D2D2D2D2D2D2D2D2D2D2D2D2D2D2D2DF5BEE2F5F5E2E2F5F5E2F5F5F5F5F5F5F5F5F5BEBEF5F5F5F5E2
310
F5F5F52D2D2D2D2D2D2D2D2D2D2DF5F56FE26FECC3F5F5F5F5E2E2F5F5F5F5C3E2F5F5F5F5F5E2E2F5F5C3C3C3ECF5ECECECECECDCECECECECECECECECC3ECECECECF5ECECF5ECC3ECECF5ECECF5ECDCF5ECC3ECECECECC3ECF5ECECC3ECECECC3F5ECECF5ECECC3ECECF5ECECECECECF5ECECECF5ECECF5ECECECC3ECECEC
310
00E20000BE2D2D2D2D2D2D2D2D2D2D2D2D2D2D2D2D2D2D2D2D2D2DF5BEE2F5F5E2E2F5F5E2F5F5F5F5F5F5F5F5F5BEBEF5F5F5F5E2F5F5F52D2D2D2D2D2D2D2DF5F5F5F5F5ECE26FECC3F5F5F5F5E2E2F5F5F5F5C3E2F5F5F5F5F5E2E2F5F5C3C3C3ECF5F5F5F5E2E2ECECECECECECECECECECECECF5ECECECDCDCDCECECF5
310
ECECC3ECECDCECC3ECECECECF5ECF5ECECF5ECECF5ECC3ECECF5ECECF5ECECF5ECECF5ECECF5ECECECC3ECECF5ECECC3ECC3ECECF5E2E20000BEF5F5F5F5F5F5F5F5F5F5F5F5F5F5F5F5F5F5F5F5F5F5F5BEE2F5F5E2E2F5F5E2F5F5F5F5F5F5F5F5F5BEBEF5F5F5F5E2F5F5F52D2D2D2D2D2D2D2DF5F5F5F5F5F5E2C3ECC3
310
F5F5F5F5E2E2F5F5F5F5C3E2F5F5F5F5F5E2E2F5F5C3C3C3ECF5F5F5F5E2E2F5F5F5C3C3F5ECECECECECECECECECECDCDCDCECF5ECECF5ECECF5DCECECECECF5ECECC3ECECF5ECECC3ECECC3ECECECECECECECECECECECECECECECECECC3ECECF5ECECECECECC3ECECEC00E20000BE2D2D2D2D2D2D2D2D2D2DF5F5F5F5F5F5
310
F5F5F5F5F5F5F5BEE2F5F5E2E2F5F5E2F5F5F5F5F5F5F5F5F5BEBEF5F5F5F5E2F5F5DCDCDCDCDCDCDCDCDCDCDCDCDCDCDCDCDCECC3DCDCDCDCDCDCDCDCDCDCDCDCDCDCDCDCDCDCDCDCDC6FECC3ECDCDCDCDCDCDCDCDCDCDCDCDCDCDCDCDCECECECECECECECECECECECECF5ECECF5ECDCF5ECECF5ECECF5ECECF5ECECC3ECEC
310
ECC3ECC3ECECF5ECECC3ECECF5ECECC3ECECF5ECECF5ECECF5ECECECC3ECF5EC00E20000BEF5F5F5F5F5F5F5F5F5F5F5F5F5F5F5F5F5F5F5F5F5F5F5BEE2F5F5E2E2F5F5E2F5F5F5F5F5F5F5F5F5BEBEF5F5F5F5E2F5F5F52D2D2D2D2D2D2D2D2D2D2D2DF5F5E2C3ECC3F5F5F5F5E2E2F5F5F5F5C3E2F5F5F5F5F5E2E2F5F5
310
F56FC3ECF5F5F5F5E2E2F5F5F5C3C3F5F5F5F5C3C3F5F5F5F5ECECECECECECECECECC3ECECDCECECC3ECECF5ECECECECECECECECECECC3ECECECECECECC3ECECECECECECECECECECECC3ECECECECECC3ECC3ECECEC00E20000BEBEBEBEBEBEBEBEBEBEBEBEBEBEBEBEBEBEBEBEBEBEBEBEBEE2F5F5E2E2F5F5E2F5F5F5F5F5
310
F5F5F5F5BEBEF5F5F5F5E2F5F5F5F52D2D2D2D2D2D2DF5F5F5F5F5F5E2C3ECC3F5F5F5F5E2E2F5F5F5F5C3E2F5F5F5F5F5E2E2F5F5F56FC3ECF5F5F5F5E2E2F5F5F5C3C3F5F5F5F5C3C3F5F5DCDCC3DCF5C3C3F5ECECECECECECDCECC3ECECECECECC3ECECECECECC3ECECC3ECECECECECECECECECECECECECECECECECC3EC
310
ECECECECECEC2DC3ECECEC00E20000BEF5F5F5F5F5F5F52D2D2D2D2D2D2D2D2D2D2D2D2D2D2D2DBEE2F5F5E2E2F5F5E2F5F5F5F5F5F5F5F5F5BEBEF5F5F5F5E2F5F5DCDCDC2D2DDCDCDC2DDCF5F5F5F5F5E2C3ECC3F5F5F5F5E2E2F5F5F5F5C3E2F5F5F5F5F5E2E2F5F52D6FC3ECF5F5F5F5E2E2F5F5F5C3C3F5F5F5F5C3C3
310
DCDCDCDCC3F5F5C3ECF5F5F5F5ECF5F5DCF5C3ECF5F5F5F5ECF5F5F5F5C3ECF5ECC3F5ECF5F5F5F5C3ECF5F5F5F5ECC3F5F5F5C3ECF5F5F5F5ECC3F5C3ECF5F500E20000BEF5F5F5F5F5F5F52D2D2D2D2D2D2D2D2D2D2D2D2D2D2D2DBEE2F5F5E2E2F5F5E2F5F5F5F5F5F5F5F5F5BEBEF5F5F5F5E2F5F5DC2D2D2D2D2D2D2D
310
2DF5F5F5F5F5F5E2C3ECC3F5F5F5F5E2E2F5F5F5F5C3E2F5F5F5F5F5E2E2F5F52D6FC3ECF5F5F5F5E2E2F5F5F5C3C3F5F5F5F5C3C32D2D2DDCC3F5F5C3ECF5F5F5F5ECF5F5DCF5C3ECF5F5F5F5ECF5F5F5F5C3ECF5ECC3F5ECF5F5F5F5C3ECF5F5F5F5ECC3F5F5F5C3ECF5F5F5F5ECC3F5C3ECF5F500E20000BEF5F5F5F5F5
310
F5F5F5F52D2D2D2D2D2D2D2D2D2D2D2DF5F5BEE2F5F5E2E2F5F5E2F5F5F5F5F5F5F5F5F5BEBEF5F5F5F5E2F5DCDC2D2D2D2D2D2D2D2DF5F5F5F5F5F5E26FECC3F5F5F5F5E2E2F5F5F5F5C3E2F5F5F5F5F5E2E2F5F5F56FE2ECF5F5F5F5E2E2F5F5F5C3C3F5F5F5F5C3C3F5F5F5F5C3F5F5C3ECF5F5F5F5ECF5F5DCF5C3ECF5
310
F5F5F5ECF5F5F5F5C3ECF5ECC3F5ECF5F5F5F5C3ECF5F5F5F5ECC3F5F5F5C3ECF5F5F5F5ECC3F5C3ECF5F500E200002D2D2D2D2D2D2D2D2DF52D2D2D2D2D2D2D2D2D2D2D2DF5F5BEE2F5F5E2E2F5F5E2F5F5F5F5F5F5F5F5F5BEBEF5F5F5F5E263DC636363636363636363636363636363E26FECC363636363E2E263636363
310
C3E26363636363E2E26363636FECEC63636363E2E2636363C3C363636363C3C363636363C36363636363636363636363DC636363636363636363636363636363ECC363636363636363636363636363636363636363636363636363636363636300E200002D000000000000002D2D2D2D2D2D2D2D2D2D2D2D2D2D2DF5BEE2F5
310
F5E2E2F5F5E2F5F5F5F5F5F5F5F5F5BEBEF5F5F5F5E2E2E2E2E2E2E2E2E2E2E2E2E2E2E2E2E2E2E26FC3C3F5F5F5F5E2E2F5F5F5F5C3E2F5F5F5F5F5E2E2F5F5F5C36FC3F5F5F5F5E2E2F5F5F5C3C3F5F5F5F5C3C3F5F5F5F5C3F5F5C3ECF5F5F5F5ECF5F5DCF5C3ECF5F5F5F5ECF5F5F5F5C3ECF5ECC3F5ECF5F5F5F5C3EC
310
F5F5F5F5ECC3F5F5F5C3ECF5F5F5F5ECC3F5C3ECF5F500E200002D000000000000002DF5F52D2D2D2D2D2D2D2D2DF5F5F5F5BEE2F5F5E2E2F5F5F5F5F5F5F5F5F5F5F5F5BEBEF5F5F5F5E2DCDCDCDCDCDCDCDCDCDCC3C3C3C3C3C3C3E2C3ECC3F5F5F5F5E2E2F5F5F5F5C3E2C3F5F5F5F5E2E2F5F5F5F5ECC3F5F5F5F5E2E2
310
F5F5F5C3C3F5F5F5F5C3C3F5F5F5C3C3C3F5DCDCDCDCDCDCDCDCDCDCDCDCDCDCDCDCDCDCDCDCDCDCDCDCDCDCDCDCDCDCDCDCDCDCDCDCDCDCDCDCDCDCDCDCDCDCDCDCDCDCDCDCDCDCC3F5F500E200002D000000000000002DF5F52D2D2D2D2D2D2D2D2DF5F5F5F5BEF5F5F5E2E2F5F5F5F5F5F5F5F5F5F5F5F5BEBEF5F5F5F5
310
E22D2D2D2D2D2D2D2DF5DCF5F5F5F5F5F5F5E2C3EC5FF5F5F5F5C35FF5F5F5F55F5FC3F5F5F5F5C3C3F5F5F5F5ECECF5F5F5F5C3C3F5F5F5C3C3F5F5F5F5C3C3F5F5F5C35FC3F5C3C3F5F5F5C35FC3F5F5F5C3C3F5F5F5C35FC3F5F5F5C3C3C3C3C3C35FC3F5F5F5C3C3F5F5F5F5C3C3F5F5F5C3C3F5F5F5F5C3C3F5C3C3F5
310
F500E200002D2D2D2D2D2D2D2D2DF5F5F5F5F5F5F5F5F5F5F5F5F5F5F5BEF5F5F5E2E2F5F5F5F5F5F5F5F5F5F5F5F5BEBEF5F5F5F5E2E22D2D2D2D2D2D2DE2E2E2E2E2E2E2F5C3C3C3EC5FF5F5F5F5C3ECF5F5F5F55FECC3F5F5F5F5C3C3F5F5F5F5C3ECF5F5F5F5C3C3F5F5F5C3C3F5F5F5F5C3C3F5F5F5C3ECC3F5C3C3F5
310
F5F5C3ECC3F5F5F5C3C3F5F5F5C3ECC3F5F5F5C3ECF5F5F5F5ECC3F5F5F5C3C3F5F5F5F5C3C3F5F5F5C3C3F5F5F5F5C3C3F5C3C3F5F500E20000BE2D2D2D2D2D2D2D2D2D2D2D2DF5F5F5F5F5F5F5F5F5F5F5BEF5F5F5E2E2F5F5F5F5F5F5F5F5F5F5F5F5BEBEF5F5F5F5E2E2E2E2E2E2E2E2E2DCDCE2E2E2E2E2C3C3F5C35F
310
ECECECECECECECECECECECEC5FECECECECECECECECECECECECECECECECECECECECECECECECECECECECECECECECECEC5FECECC3C3ECECECC35FC3ECECECC3C3ECECECC35FC3ECECECC35FF5F5F5F55FC3ECECECC3C3ECECECECC3C3ECECECC3C3ECECECECC3C3ECC3C3ECEC00E20000BE2D2D2D2D2D2D2D2D2D2D2DF5F5F5F5
310
F5F5F5F5F5F5F5F5BEF5F5F5E2E2F5F5F5F5F5F5F5F5F5F5F5F5BEBEF5F5F5F5F52D2D2D2D2D2D2D2DDCDCF5F5F5F5C3C3C3C3C35FC3C3C3C3C3C3C3C3C3C3C3C35FC3C3C3C3C3C3DCC3C3C3C3C3C3C3C3C3C3C3C3C3C3C3C3C3C3C3C3C3C3C3C3C3C3C35FC3C3C3C3C3C3C3C3DCC3C3C3C3C3C3C3C3C3C35FC3C3C3C3C35F
310
F5F5F5F55FC3C3C3C3C3C3C3C3C3C3C3C3C3C3C3C3C3C3C3C3C3C3C3C3C3C3C3C300E20000BEBEBEBEBEBEBEBEBEBEBEBEBEBEBEBEBEBEBEBEBEBEBEBEBEF5F5F5E2E2F5F5F5F5F5F5F5F5F5F5F5F5BEBEF5F5F5F5F52D2D2D2D2D2D2D2DF5DCDCDCDCF5C3ECC3C3C3C3C3C3C3C3C3C3C3C3C3C3C3C3C3C3C3C3C3C3C3DCC3
310
C3C3C3C3C3C3C3C3C3C3C3C3C3C3C3C3C3C3C3C3DCC3C3C3C3C3C3BEC3C3C3C3C3C3C3C3C3C3C3C3C3C3C3C3C3C3C3C3C3C3C3C3C3C3C3C3C3C3C3C3C3C3C3C3C3C3C3C3C3C3C3C3C3C3C3C3C3C3C3C3C3C3C3C3C3C300E20000BEF5F5F5F5F5F5F5F5F5F5F5F5F5F5F5F5F5F5F5F5F5F5F5BEF5F5F5E2E2F5F5F5F5F5F5F5
310
F5F5F5F5F5BEBEF5F5F5F5F5F5F5F5F5F5F5F5F5F5F5DCDCDCDCDCF5C3C3F5F5DCF52D2D2D2D2DF5F5F5F5F5F5F5F5F5F5F5F5F5DC2D2D2D2D2D2D2D2D2DF5F5F5F5F5F5F5F5F5F5F5DCF52D2DF5F5F5BEF5F5F5F5F5F5F5F5F5DC2D2D2D2D2D2D2D2D2DF5F5F5F5F5DCF5F52D2D2D2D2DF5F5F5F5F5F5F5F5F5F5F5F5F5F5
310
F5F5F5F5F5F5F5F5F5F5F5F500E20000BEF5F5F5F5F5F5F5F5F5F5F5F5F5F5F5F5F5F5F5F5F5F5F5BEF5F5F5E2E2F5F5F5F5F5F5F5F5F5F5F5F5BEBEF5F5F5F5F5F5F5F5F5F5F5F5F5F5F5F5DC2D2D2DF5F5F5F5F5F5DC2D2D2D2D2DDCDCF5F5F5F5F5F5F5F5F5F5F5DC2D2D2D2D2D2D2D2D2DDCF5F5F5F5F5F5F5F5F5F5DC
310
2D2D2DDCDCDCBEF5F5F5F5F5F5F5F5F5DC2D2D2D2D2D2D2D2D2DDCF5F5F5F5F5DCDCDCDCDCDCDCDCF5F5F5F5F5F5F5F5F5F5F5F5F5F5F5F5F5F5F5F5F5F5F5F5F500000000BEF5F5F5F5F5F5F5F5F5F5F5F5F5F5F5F5F5F5F5F5F5F5F5BEF5F5F5E2E2F5F5E2F5F5F5F5F5F5F5F5F5BEBEF5F5F5F5F5F5F5F5F5F5F5F5F5F5
310
F5F5F5F5F5F5F5F5F5F5F5F52D2D2D2D2D2D2DF5F5F5F5F5F5F5F5F5F5F5F52D2D2D2D2D2D2D2D2D2D2DF5F5F5F5F5F5F5F5F5F5F52D2D2D2D2DF5BEF5F5F5F5F5F5F5F5F52D2D2D2D2D2D2D2D2D2D2DF5F5F5F5F5F52D2D2D2D2D2D2DF5F5F5F5F5F5F5F5F5F5F5F5F5F5F5F5F5F5F5F5F5F5F5F5F500000000BEF5F5F5F5
310
F5F5F5F5F5F5F5F5F5F5F5F5F5F5F5F5F5F5F5BEE2F5F5E2E2F5F5E2F5F5F5F5F5F5F5F5F5BEBEF5F5F5F5F5F5F5F5F5F5F5F5F5F5F5F5F5F5F5F5DCF5F5F5DCF5F52DF5F5DCF5F5F5F5F5DCF5F5F5F5F5F5DCF52D2DF5F5DCF5F5F5F5F5DCF5F5F5F5DCF5F5F5F5F5DCF5F5F5F5DCF5BEF5DCF5F5F5F5F5DCF5F52DF5DCF5
310
F5F5F5F5DCF5F5F5F5DCF5F5F52DF5DCF5F5F5F5DCF5F5F5F5F5DCF5F5F5F5DCF5F5F5F5F5DCDCF5F5F5F5F500000000BEF5F5F5F5F5F5F5F5F5F5F5F5F5F5F5F5F5F5F5F5F5F5F5BEE2F5F5E2E2F5F5E2F5F5F5F5F5F5F5F5F5BEBEF5F5F5F5F5F5F5F5F5F5F5F5F5F5F5F5F5F5F5F5DCF5F5F5DCF5F5F5F5F5DCF5F5F5F5
310
F5DCF5F5F5F5F5F5DCF5F5F5F5F5DCF5F5F5F5F5DCF5F5F5F5DCF5F5F5F5F5DCF5F5F5F5DCF5BEF5DCF5F5F5F5F5DCF5F5F5F5DCF5F5F5F5F5DCF5F5F5F5DCF5F5F5F5F5DCF5F5F5F5DCF5F5F5F5F5DCF5F5F5F5DCF5F5F5F5F5DCDCF5F5F5F5F500000000BEF5F5F5F5F5F5F5F5F5F5F5F5F5F5F5F5F5F5F5F5F5F5F5BEE2
310
F5F5E2E2F5F5E2F5F5F5F5F5F5F5F5F5BEBEF5F5F5F5F5F5F5F5F5F5F5F5F5F5F5F5F5F5F5F5DCF5F5DCDCF5F5F5F5F5DCF5F5F5F5F5DCF5F5F5F5F5F5DCF5F5F5F5F5DCF5F5F5F5DCDCF5F5F5F5DCF5F5F5F5F5DCF5F5F5F5DCF5BEF5DCF5F5F5F5DCDCF5F5F5F5DCF5F5F5F5DCDCF5F5F5F5DCF5F5F5F5DCDCF5F5F5F5DC
310
F5F5F5F5DCDCF5F5F5F5DCF5F5F5F5DCDCDCF5F5F5F5F500000000BEF5F5F5F5F5F5F5F5F5F5F5F5F5F5F5F5F5F5F5F5F5F5F5BEE2F5F5E2E2F5F5E2F5F5F5F5F5F5F5F5F5BEDC2D2D2D2D2D2D2D2D2D2D2D2D2D2D2D2D2DDCDCDCDC2D2DDCDCDC2D2D2DDCDCDCDC2D2DDCDCDCDC2D2DDCDCDCDC2D2D2DDCDCDC2D2D2DDCDC
310
DC2D2DDCDCDC2D2D2DDCDCDC2D2DDCDC2DBE2DDCDC2D2DDCDCDCDC2D2DDCDCDC2D2D2DDCDCDC2D2DDCDCDC2D2D2DDCDCDC2D2DDCDCDC2D2D2DDCDCDC2D2DDCDCDC2D2D2DDC2DDCDCF5F5F5F500000000BEF5F5F5F5F5F5F5F5F5F5F5F5F5F5F5F5F5F5F5F5F5F5F5BEE2F5F5E2E2F5F5E2F5F5F5F5F5F5F5F5F5BEBE2D2D2D
310
2D2D2D2D2D2D2D2D2D2D2D2D2D2DF5F5F5F52D2D2DDCF52D2D2DF5F5F5F52D2DF5DCF5F52D2DF5F5F5F52D2D2DF5F5F52D2D2DF5DCF52D2DF5F5F5F52D2DF5F5F52D2DF5F52DBE2DDCF52D2DF5F5F5F52D2DF5F5F52D2D2DF5F5F52D2DF5DCF5F52D2DF5F5F52D2DF5F5F52D2D2DF5F5F52D2DF5DCF52D2D2DF52DDCF5F5F5
310
F5F500000000BEF5F5F5F5F5F5F5F5F5F5F5F5F5F5F5F5F5F5F5F5F5F5F5BEE2F5F5E2E2F5F5E2F5F5F5F5F5F5F5F5F5BEDCDC2D2DDCDCDCDCDC2DDCDCDCDCDCDCDC2DDCDCDCF5F5F5DCDCDCDCDCDCDCDCDCDCDCDCDCDCDCDCDCDCDCDCDCDCDCDCDCDCDCDCDCDCDCDCDCDCDCDCDCDCDCDCDCDCDCDCDCDCDCDCDCDCBEDCDCDC
310
DCDCDCDCDCDCDCDCDCDCDCDCDCDCDCDCDCDCDCDCDCDCDCDCDCDCDCDCDCDCDCDCDCDCDCDCDCDCDCDCDCDCDCDCDCDCDCDCDCDCDCF5F5F5F500000000BEF5F5F5F5F5F5F5F5F5F5F5F5F5F5F5F5F5F5F5F5F5F5F5BEE2F5F5E2E2F5F5E2F5F5F5F5F5F5F5F5F5BEBE2D2D2D2D2D2D2D2D2D2D2D2D2D2D2D2D2DF5F5F5F5F5F5F5
310
DCF5F5F5F52D2D2DF5F5F5F5DCDCF5F5F5F5F5F5F52D2DF5F5F5F5F5F5F5F5DCF5F5F5F5F5F5F52D2D2DF5F5F5F5F5F5F5BE2DDCF5F5F5F5F5F5F5F5F52D2D2DF5F5F5F5F5F5F5F5F5DCDCF5F5F5F5F5F5F5F52D2D2DF5F5F5F5F5F5F5F5F5DCDCF52D2DF5F5DCDCF5F5F5F500000000BEF5F5F5F5F5F5F5F5F5F5F5F5F5F5
310
F5F5F5F5F5F5F5F5F5BEE2F5F5E2E2F5F5E2F5F5F5F5F5F5F5F5F5BEBE2D2DF52D2D2DF5F52D2DF52D2DF52D2D2DF5F5F5F5F5F5F5F5F5F5F5F52D2D2DF5F5F5F5F5F5F5F5F5F5F5F5F52D2DF5F5F5F5F5F5F5F5F5F5F5F5F5F5F5F52D2D2DF5F5F5F5F5F5F5BE2D2DF5F5F5F5F5F5F5F5F52D2D2DF5F5F5F5F5F5F5F5F5F5
310
F5F5F5F5F5F5F5F5F52D2D2DF5F5F5F5F5F5F5F5F5F5F5F52D2DF5F5F5F5F5F5F5F500000000BEF5F5F5F5F5F5F5F5F5F5F5F5F5F5F5F5F5F5F5F5F5F5F5BEE2F5F5E2E2F5F5E2F5F5F5F5F5F5F5F5F5BEBEF5F5F5F5F5F5F5F5F5F5F5F5F5F5F5F5F5F5F5F5F5F5F5F5F5F5F5F5F5F5F5F5F5F5F5F5F5F5F5F5F5F5F5F5F5
310
F5F5F5F5F5F5F5F5F5F5F5F5F5F5F5F5F5F5F5F5F5F5F5F5F5F5F5F5BEF5F5F5F5F5F5F5F5F5F5F5F5F5F5F5F5F5F5F5F5F5F5F5F5F5F5F5F5F5F5F5F5F5F5F5F5F5F5F5F5F5F5F5F5F5F5F5F5F5F5F5F5F5F5F5F5F5F500000000BEF5F5F5F5F5F5F5F5F5F5F5F5F5F5F5F5F5F5F5F5F5F5F5BEE2F5F5E2E2F5F5E2F5F5F5
310
F5F5F5F5F5F5BEBEF5F5F5F5F5F5F5F5F5F5F5F5F5F5F5F5F5F5F5F5F5F5F5F5F5F5F5F5F5F5F5F5F5F5F5F5F5F5F5F5F5F5F5F5F5F5F5F5F5F5F5F5F5F5F5F5F5F5F5F5F5F5F5F5F5F5F5F5F5F5F5F5F5BEF5F5F5F5F5F5F5F5F5F5F5F5F5F5F5F5F5F5F5F5F5F5F5F5F5F5F5F5F5F5F5F5F5F5F5F5F5F5F5F5F5F5F5F5F5
310
F5F5F5F5F5F5F5F5F5F5F5F5F500000000BEF5F5F5F5F5F5F5F5F5F5F5F5F5F5F5F5F5F5F5F5F5F5F5BEE2F5F5E2E2F5F5E2F5F5F5F5F5F5F5F5F5BEBEF5F5F5F5F5F5F5F5F5F5F5F5F5F5F5F5F5F5F5F5F5F5F5F5F5F5F5F5F5F5F5F5F5F5F5F5F5F5F5F5F5F5F5F5F5F5F5F5F5F5F5F5F5F5F5F5F5F5F5F5F5F5F5F5F5F5
310
F5F5F5F5F5F5F5BEF5F52D2DF5F5F5F5F5F5F5F5F5F5F5F5F5F5F5F5F5F5F5F5F5F5F5F5F5F5F5F5F5F5F5F5F5F5F5F5F5F5F5F5F5F5F5F5F5F5F5F5F5F5F5F5F5F500000000BEF5F5F5F5F5F5F5F5F5F5F5F5F5F5F5F5F5F5F5F5F5F5F5BEE2F5F5E2E2F5F5E2F5F5F5F5F5F5F5F5F5BEBEF5F5F5F5F5F5F5F5F5F5F5F5F5
310
F5F5F5F5F5F5F5F5F5F5F5F5F5F5F5F5F5F5F5F5F5F5F5F5F5F5F5F5F5F5F5F5F5F5F5F5F5F5F5F5F5F5F5F5F5F5F52D2D2D2D2D2D2D2D2D2D2D2D2DBEF52D2D2D2D2D2D2D2D2DF5F5F5F5F5F5F5F5F5F5F5F5F5F5F5F5F5F5F5F5F5F5F5F5F5F5F5F5F5F5F5F5F5F5F5F5F5F5F5F5F5F5F5F5F5F5F5F500000000BEF5F5F5
310
F5F5F5F5F5F5F5F5F5F5F5F5F5F5F5F5F5F5F5F5BEE2F5F5E2E2F5F5E2F5F5F5F5F5F5F5F5F5BEBEF5F5F5F5F5F5F5F5F5F5F5F5F5F5F5F5F5F5F5F5F5F5F5F5F5F5F5F5F5F5F5F5F5F5F5F5F5F5F5F5F5F5F5F5F5F5F5F5F5F5F5F5F5F5F5F5F5F5F5F5DCDC2DDC2DDC2D2D2D2D2D2D2DDCDC2DDC2D2D2DDC2D2DDCDCDCDC
310
DCF5F5F5F5F5F5F5F5F5F5F5F5F5F5F5F5F5F5F5F5F5F5F5F5F5F5F5F5F5F5F5F5F5F5F5F5F5F5F5F5F5F5F5F500000000BEF5F5F5F5F5F5F5F5F5F5F5F5F5F5F5F5F5F5F5F5F5F5F5BEE2F5F5E2E2F5F5E2F5F5F5F5F5F5F5F5F5BEBEF5F5F5F5F5F5F5F5F5F5F5F5F5F5F5F5F5F5F5F5F5F5F5F5F5F5F5F5F5F5F5F5F5F5
310
F5F5F5F5F5F5F5F5F5F5F5F5F5F5F5F5F5F5F5F5F5F5F5F5F5F5F52D2D2D2D2D2D2D2D2D2D2D2DBEF52D2D2D2D2D2D2D2D2DF5F5F5F5F5F5F5F5F5F5F5F5F5F5F5F5F5F5F5F5F5F5F5F5F5F5F5F5F5F5F5F5F5F5F5F5F5F5F5F5F5F5F5F5F5F5F5F500000000BEF5F5F5F5F5F5F5F5F5F5F5F5F5F5F5F5F5F5F5F5F5F5F5BE
310
E2F5F5E2E2F5F5E2F5F5F5F5F5F5F5F5F5BEBEF5F5F5F5F5F5F5F5F5F5F5F5F5F5F5F5F5F5F5F5F5F5F5F5F5F5F5F5F5F5F5F5F5F5F5F5F5F5F5F5F5F5F5F5F5F5F5F5F5F5F5F5F5F5F5F5F5F5F5F5F52D2DF5F5F5F5F5F5F5F5F5F5BEF52D2DF5F5F5F5F5F5F5F5F5F5F5F5F5F5F5F5F5F5F5F5F5F5F5F5F5F5F5F5F5F5F5
310
F5F5F5F5F5F5F5F5F5F5F5F5F5F5F5F5F5F5F5F5F5F5F5F500000000BEF5F5F5F5F5F5F5F5F5F5F5F5F5F5F5F5F5F5F5F5F5F5F5BEE2F5F5E2E2F5F5F5F5F5F5F5F5F5F5F5F5BEBEF5F5F5F5F5F5F5F5F5F5F5F5F5F5F5F5F5F5F5F5F5F5F5F5F5F5F5F5F5F5F5F5F5F5F5F5F5F5F5F5F5F5F5F5F5F5F5F5F5F5F5F5F5F5F5
310
F5F5F5F5F5F5F5F5F5F5F5F5F5F5F5F5F5F5F5F5F5F5F5F5F5F5F5F5F5F5F5F5F5F5F5F5F5F5F5F5F5F5F5F5F5F5F5F5F5F5F5F5F5F5F5F5F5F5F5F5F5F5F5F5F5F5F5F5F5F5F5F5F5F5F5F5F500000000BEF5F5F5F5F5F5F5F5F5F5F5F5F5F5F5F5F5F5F5F5F5F5F5BEF5F5F5E2E2F5F5F5F5F5F5F5F5F5F5F5F5BEBEF5F5
310
F5F5F5F5F5F5F5F5F5F5F5F5F5F5F5F5F5F5F5F5F5F5F5F5F5F5F5F5F5F5F5F5F5F5F5F5F5F5F5F5F5F5F5F5F5F5F5F5F5F5F5F5F5F5F5F5F5F5F5F5F5F5F5F5F5F5F5F5F5F5F5F5F5F5F5F5F5F5F5F5F5F5F5F5F5F5F5F5F5F5F5F5F5F5F5F5F5F5F5F5F5F5F5F5F5F5F5F5F5F5F5F5F5F5F5F5F5F5F5F5F5F5F5F5F5F5F5
310
F5F5F500000000BEF5F5F5F5F5F5F5F5F5F5F5F5F5F5F5F5F5F5F5F5F5F5F5BEF5F5F5E2E2F5F5F5F5F5F5F5F5F5F5F5F5BEBEF5F5F5F5F5F5F5F5F5F5F5F5F5F5F5F5F5F5F5F5F5F5F5F5F5F5F5F5F5F5F5F5F5F5F5F5F5F5F5F5F5F5F5F5F5F5F5F5F5F5F5F5F5F5F5F5F5F5F5F5F5F5F5F5F5F5F5F5F5F5F5F5F5F5F5F5
310
F5F5F5F5F5F5F5F5F5F5F5F5F5F5F5F5F5F5F5F5F5F5F5F5F5F5F5F5F5F5F5F5F5F5F5F5F5F5F5F5F5F5F5F5F5F5F5F5F5F5F5F5F5F5F5F5F5F5F5F5BEF5F5F5F5F5F5F5F5F5F5F5F5F5F5F5F5F5F5F5F5F5F5F5BEF5F5F5E2E2F5F5F5F5F5F5F5F5F5F5F5F5BEBEF5F5F5F5F5F5F5F5F5F5F5F5F5F5F5F5F5F5F5F5F5F5F5
310
F5F5F5F5F5F5F5F5F5F5F5F5F5F5F5F5F5F5F5F5F5F5F5F5F5F5F5F5F5F5F52D2D2D2D2D2D2D2D2D2D2D2D2D2D2D2D2D2D2D2D2D2D2D2D2D2D2D2D2D2D2D2D2D2D2D2D2DF5F5F5F5F5F5F5F5F5F5F5F5F5F5F5F5F5F5F5F5F5F5F5F5F5F5F5F5F5F5F5F5F5F5F5F5F5F5F5F5F5F5F5F5F5BEF5F5F5F5F5F5F5F5F5F5F5F5F5
310
F5F5F5F5F5F5F5F5F5F5BEF5F5F5E2E2F5F5F5F5F5F5F5F5F5F5F5F5BEBEF5F5F5F5F5F5F5F5F5F5F5F5F5F5F5F5F5F5F5F5F5F5F5F5F5F5F5F5F5F5F5F5F5F5F5F5F5F5F5F5F5F5F5F5F5F5F5F5F5F5F5F5F5F52D2D2D2D2D2D2D2D2D2D2D2D2D2D2D2D2D2D2D2D2D2D2D2D2D2D2D2D2D2D2D2D2D2D2D2DF5F5F5F5F5F5F5
310
F5F5F5F5F5F5F5F5F5F5F5F5F5F5F5F5F5F5F5F5F5F5F5F5F5F5F5F5F5F5F5F5F5F5F5F5F5F5F5BEF52DF5F5F5F5F5F5F5F5F5F5F5F52DF5F5F5F5F5F5F5F5BEF5F5F5E2E2F5F5F5F5F5F5F5F5F5F5F5F5BEBEF5F5F5F5F5F5F5F5F5F5F5F5F5F5F5F5F5F5F5F5F5F5F5F5F5F5F5F5F5F5F5F5F5F5F5F5F5F5F5F5F5F5F5F5
310
F5F5F5F5F5F5F5F5F5F52D2D2D2D2D2D2D2D2D2D2D2D2D2D2D2D2D2D2D2D2D2D2D2D2D2D2D2D2D2D2D2D2D2D2D2DF5F5F5F5F5F5F5F5F5F5F5F5F5F5F5F5F5F5F5F5F5F5F5F5F5F5F5F5F5F5F5F5F5F5F5F5F5F5F5F5F5F5F5F5F5F5BEF52D2D2D2D2D2D2D2D2D2D2D2D2D2DF5F5F5F5F5F5F5F5BEF5F5F5E2E2F5F5F5F5F5
310
F5F5F5F5F5F5F5BEBEF5F5F5F5F5F5F5F5F5F5F5F5F5F5F5F5F5F5F5F5F5F5F5F5F5F5F5F5F5F5F5F5F5F5F5F5F5F5F5F5F5F5F5F5F5F5F5F5F5F5F5F5F5F5F5F52D2D2D2D2D2D2D2D2D2D2D2D2D2D2D2D2D2D2D2D2D2D2D2D2D2D2D2D2D2D2D2D2DF5F5F5F5F5F5F5F5F5F5F5F5F5F5F5F5F5F5F5F5F5F5F5F5F5F5F5F5F5
310
F5F5F5F5F5F5F5F5F5F5F5F5F5F5F5F5F5F5BE2D2D2D2D2D2D2D2D2D2D2D2D2DF5F5F5F5F5F5F5F5F5F5BEF5F5F5E2E2F5F5F5F5F5F5F5F5F5F5F5F5BEBEF5F5F5F5F5F5F5F5F5F5F5F5F5F5F5F5F5F5F5F5F5F5F5F5F5F5F5F5F5F5F5F5F5F5F5F5F5F5F5F5F5F5F5F5F5F5F5F5F5F5F5F5F5F5F5F52D2D2D2D2D2D2D2D2D
310
2D2D2D2D2D2D2D2D2D2D2D2D2D2D2D2D2D2D2D2D2D2D2DF5F5F5F5F5F5F5F5F5F5F5F5F5F5F5F5F5F5F5F5F5F5F5F5F5F5F5F5F5F5F5F5F5F5F5F5F5F5F5F5F5F5F5F5F5F5F5F5BE2D2D2D2D2D2D2D2D2D2D2D2D2DF5F5F5F5F5F5F5F5F5F5BEF5F5F5E2E2F5F5F5F5F5F5F5F5F5F5F5F5BEBEF5F5F5F5F5F5F5F5F5F5F5F5
310
F5F5F5F5F5F5F5F5F5F5F5F5F5F5F5F5F5F5F5F5F5F5F5F5F5F5F5F5F5F5F5F5F5F5F5F5F5F5F5F5F5F5F5F52D2D2D2D2D2D2D2D2D2D2D2D2D2D2D2D2D2D2D2D2D2D2D2D2D2D2D2D2D2D2D2DF5F5F5F5F5F5F5F5F5F5F5F5F5F5F5F5F5F5F5F5F5F5F5F5F5F5F5F5F5F5F5F5F5F5F5F5F5F5F5F5F5F5F5F5F5F5F5F5BEF52D
310
2D2D2D2D2D2D2D2D2DF5F5F5F5F5F5F5F5F5F5F5F5BEF5F5F5E2E2F5F5E2F5F5F5F5F5F5F5F5F5BEBEF5F5F5F5F5F5F5F5F5F5F5F5F5F5F5F5F5F5F5F5F5F5F5F5F5F5F5F5F5F5F5F5F5F5F5F5F5F5F5F5F5F5F5F5F5F5F5F5F5F5F5F5F5F5F5F52D2D2D2D2D2D2D2D2D2D2D2D2D2D2D2D2D2D2D2D2D2D2D2D2D2D2D2D2D2D
310
2D2DF5F5F5F5F5F5F5F5F5F5F5F5F5F5F5F5F5F5F5F5F5F5F5F5F5F5F5F5F5F5F5F5F5F5F5F5F5F5F5F5F5F5F5F5F5F5F5F5BEF52D2D2D2DF5F52D2D2DF52DF5F5F5F5F5F5F5F5F5F5F5BEE2F5F5E2E2F5F5E2F5F5F5F5F5F5F5F5F5BEBEF5F5F5F5F5F5F5F5F5F5F5F5F5F5F5F5F5F5F5F5F5F5F5F5F5F5F5F5F5F5F5F5F5
310
F5F5F5F5F5F5F5F5F5F5F5F5F5F5F5F5F5F5F5F5F5F5F5F5F5F5F5F5F5F5F5F5F5F5F5F5F5F5F5F5F5F5F5F5F5F5F5F5F5F5F5F5F5F5F5F5F5F5F5F5F5F5F5F5F5F5F5F5F5F5F5F5F5F5F5F5F5F5F5F5F5F5F5F5F5F5F5F5F5F5F5F5F5F5F5F5F5F5F5F5F5F5F5BE2D2D2D2D2D2D2D2D2D2D2D2D2D2DF5F5F5F5F5F5F5F5F5
310
BEE2F5F5E2E2F5F5E2F5F5F5F5F5F5F5F5F5BEBEF5F5F5F5F5F5F5F5F5F5F5F5F5F5F5F5F5F5F5F5F5F5F5F5F5F5F5F5F5F5F5F5F5F5F5F5F5F5F5F5F5F5F5F5F5F5F5F5F5F5F5F5F5F5F5F5F5F5F5F5F5F5F5F5F5F5F5F5F5F5F5F5F5F5F5F5F5F5F5F5F5F5F5F5F5F5F5F5F5F5F5F5F5F5F5F5F5F5F5F5F5F5F5F5F5F5F5
310
F5F5F5F5F5F5F5F5F5F5F5F5F5F5F5F5F5F5F5F5F5F5F5F5F5F5F5F5F5BEBEBEBEBEBEBEBEBEBEBEBEBEBEBEBEBEBEBEBEBEBEBEBEBEE2F5F5E2E2F5F5E2F5F5F5F5F5F5F5F5F5BEBEF5F5F5F5F5F5F5F5F5F5F5F5F5F5F5F5F5F5F5F5F5F5F5F5F5F5F5F5F5F5F5F5F5F5F5F5F5F5F5F5F5F5F5F5F5F5F5F5F5F5F5F5F5F5
310
F5F5F5F5F5F5F5F5F5F5F5F5F5F5F5F5F5F5F5F5F5F5F5F5F5F5F5F5F5F5F5F5F5F5F5F5F5F5F5F5F5F5F5F5F5F5F5F5F5F5F5F5F5F5F5F5F5F5F5F5F5F5F5F5F5F5F5F5F5F5F5F5F5F5F5F5F5F5F5F5F5F5BEF5F5F5F52D2D2D2D2D2D2D2D2D2D2D2D2D2DF5F5F5F5F5BEE2F5F5E2E2F5F5E2F5F5F5F5F5F5F5F5F5BEBEF5
310
F5F5F5F5F5F5F5F5F5F5F5F5F5F5F5F5F5F5F5F5F5F5F5F5F5F5F5F5F5F5F5F5F5F5F5F5F5F5F5F5F5F5F5F5F5F5F5F5F5F5F5F5F5F5F5F5F5F5F5F5F5F5F5F5F5F5F5F5F5F5F5F5F5F5F5F5F5F5F5F5F5F5F5F5F5F5F5F5F5F5F5F5F5F5F5F5F5F5F5F5F5F5F5F5F5F5F5F5F5F5F5F5F5F5F5F5F5F5F5F5F5F5F5F5F5F5F5
310
F5F5F5F5F5F5F5F5BEF5F5F5F52D2D2D2D2D2D2D2D2D2D2D2D2D2DF5F5F5F5F5BEE2F5F5E2E2F5F5E2F5F5F5F5F5F5F5F5F5BEBEBEBEBEBEBEBEBEBEBEBEBEBEBEBEBEBEBEBEBEBEBEBEBEBEBEBEBEBEBEBEBEBEBEBEBEBEBEBEBEBEBEBEBEBEBEBEBEBEBEBEBEBEBEBEBEBEBEBEBEBEBEBEBEBEBEBEBEBEBEBEBEBEBEBEBE
310
BEBEBEBEBEBEBEBEBEBEBEBEBEBEBEBEBEBEBEBEBEBEBEBEBEBEBEBEBEBEBEBEBEBEBEBEBEBEBEBEBEBEBEBEBEBEBEBEBEBEBEBEBEBEBEBEBEBEBEBEBEBEBEBEBEBEBEBEBEBEBEBEBEBEBEBEBEBEBEBEBEBEBEBEBEBEE2F5F5E2E2F5F5E2F5F5F5F5F5F5F5F5F5F5F5F5F5F5F5F5F5F5F5F5F5F5F5F5F5F5F5F5F5F5F5F5F5
310
F5F5F5F5F5F5F5F5F5F5F5F5F5F5F5F5F5F5F5F5F5F5F5F5F5F5F5F5F5F5F5F5F5F5F5F5F5F5F5F5F5F5F5F5F5F5F5F5F5F5F5F5F5F5F5F5F5F5F5F5F5F5F5F5F5F5F5F5F5F5F5F5F5F5F5F5F5F5F5F5F5F5F5F5F5F5F5F5F5F5F5F5F5F5F5F5F5F5F5F5F5F5F5F5F5F5F5F5F5F5F5F5F5F5F5F5F5F5F5F5F5F5F5F5F5F5F5
310
F5F5F5F5F5F5F5F5F5F5F5F5E2F5F5E2E2F5F5E2E2E2E2E2E2E2E2F5F5F5F5F5F5F5F5F5E2E2E2E2E2E2E2E2E2E2E2E2E2E2E2E2F5F5F5F5F5F5F5F5F5E2E2E2E2E2E2E2E2E2E2E2E2E2E2E2E2F5F5F5F5F5F5F5F5F5E2E2E2E2E2E2E2E2E2E2E2E2E2E2E2E2F5F5F5F5F5F5F5F5E2E2E2E2E2E2E2E2E2E2E2E2E2E2E2E2F5
310
F5F5F5F5F5F5F5F5E2E2E2E2E2E2E2E2E2E2E2E2E2E2E2E2F5F5F5F5F5F5F5F5F5E2E2E2E2E2E2E2E2E2E2E2E2E2E2E2E2F5F5F5F5F5F5F5F5F5E2E2E2E2E2E2E2E2F5F5E2E2F5F5F5F5F5F5F5F5F5F5F5F5F5F5F5F5F5F5F5F5F5F5F5F5F5F5F5F5F5F5F5F5F5F5F5F5F5F5F5F5F5F5F5F5F5F5F5F5F5F5F5F5F5F5F5F5F5
310
F5F5F5F5F5F5F5F5F5F5F5F5F5F5F5F5F5F5F5F5F5F5F5F5F5F5F5F5F5F5F5F5F5F5F5F5F5F5F5F5F5F5F5F5F5F5F5F5F5F5F5F5F5F5F5F5F5F5F5F5F5F5F5F5F5F5F5F5F5F5F5F5F5F5F5F5F5F5F5F5F5F5F5F5F5F5F5F5F5F5F5F5F5F5F5F5F5F5F5F5F5F5F5F5F5F5F5F5F5F5F5F5F5F5F5F5F5F5F5F5F5E2E2E2E2E2E2
310
E2E2E2E2E2E2E2E2E2E2E2E2E2E2E2E2E2E2E2E2E2E2E2E2E2E2E2E2E2E2E2E2E2E2E2E2E2E2E2E2E2E2E2E2E2E2E2E2E2E2E2E2E2E2E2E2E2E2E2E2E2E2E2E2E2E2E2E2E2E2E2E2E2E2E2E2E2E2E2E2E2E2E2E2E2E2E2E2E2E2E2E2E2E2E2E2E2E2E2E2E2E2E2E2E2E2E2E2E2E2E2E2E2E2E2E2E2E2E2E2E2E2E2E2E2E2E2
310
E2E2E2E2E2E2E2E2E2E2E2E2E2E2E2E2E2E2E2E2E2E2E2E2E2E2E2E2E2E2E2E2E2E2E2E2E2E2E2E2E2E2E2E2E2E2E2E2
  0
ENDSEC
  0
EOF
