frame,station,load_case,step_type,P,V2,V3,T,M2,M3
1,0.0,BAO KT,Max,-94.85675793286678,0.20756419287269273,0.9606160529021396,0.5953794444157572,6.7796338265843366,0.9675999224601229
1,7.276554974439101,BAO KT,Max,-94.85675793286678,0.20756419287269273,0.9606160529021396,0.5953794444157572,0.11088164712714976,-0.07783688062869079
1,14.553109948878202,BAO KT,Max,-94.85675793286678,0.20756419287269273,0.9606160529021396,0.5953794444157572,16.031278559874337,6.535325842439342
1,0.0,BAO KT,Min,-209.60596254648843,-0.9193190355175939,-2.187903062461832,-0.17245898207730379,-15.809515265620037,-6.843625159544866
1,7.276554974439101,BAO KT,Min,-209.60596254648843,-0.9193190355175939,-2.187903062461832,-0.17245898207730379,-0.2373696666606889,-0.5870914937266104
1,14.553109948878202,BAO KT,Min,-209.60596254648843,-0.9193190355175939,-2.187903062461832,-0.17245898207730379,-7.200317209957902,-2.053104597866336
2,0.0,BAO KT,Max,-85.46957631910352,0.2228219129642403,0.9094425116119219,0.5994551522257211,6.42523129093348,1.0203684478925101
2,7.276554974439101,BAO KT,Max,-85.46957631910352,0.2228219129642403,0.9094425116119219,0.5994551522257211,0.12868526154281176,-0.1890950138340734
2,14.553109948878202,BAO KT,Max,-85.46957631910352,0.2228219129642403,0.9094425116119219,0.5994551522257211,14.402844436654984,5.303195260430666
2,0.0,BAO KT,Min,-187.87031234348476,-0.7596493749476411,-1.9645148626457214,-0.17283025836486293,-14.186956355633559,-5.752065615778957
2,7.276554974439101,BAO KT,Min,-187.87031234348476,-0.7596493749476411,-1.9645148626457214,-0.17283025836486293,-0.23430868418817605,-0.6239827358354934
2,14.553109948878202,BAO KT,Min,-187.87031234348476,-0.7596493749476411,-1.9645148626457214,-0.17283025836486293,-6.809985572738761,-2.2223833504954484
3,0.0,BAO KT,Max,-88.2819809724385,-0.12766502192995968,0.8268758628581373,0.5956530153165387,5.824341218702363,-0.646878921195882
3,7.276554974439101,BAO KT,Max,-88.2819809724385,-0.12766502192995968,0.8268758628581373,0.5956530153165387,0.13562214305167566,0.6440129043808115
3,14.553109948878202,BAO KT,Max,-88.2819809724385,-0.12766502192995968,0.8268758628581373,0.5956530153165387,11.200013381933884,5.203970270906359
3,0.0,BAO KT,Min,-194.21478076890293,-0.6834064631984049,-1.5246664019291087,-0.16684581641445892,-10.98862440070096,-4.741719127794013
3,7.276554974439101,BAO KT,Min,-194.21478076890293,-0.6834064631984049,-1.5246664019291087,-0.16684581641445892,-0.24700288208327753,0.2311255715561726
3,14.553109948878202,BAO KT,Min,-194.21478076890293,-0.6834064631984049,-1.5246664019291087,-0.16684581641445892,-6.209274127545643,1.2110441795767684
4,0.0,BAO KT,Max,-101.48914388631756,0.024086699279764756,0.7908166769961544,0.5955119564716289,5.553648148295311,0.2797660602985368
4,7.276554974439101,BAO KT,Max,-101.48914388631756,0.024086699279764756,0.7908166769961544,0.5955119564716289,0.1408449437354831,0.23641006410066928
4,14.553109948878202,BAO KT,Max,-101.48914388631756,0.024086699279764756,0.7908166769961544,0.5955119564716289,9.633396669781114,3.743507753230886
4,0.0,BAO KT,Min,-222.147806662128,-0.5004991987401552,-1.3082139032579247,-0.1649844166071295,-9.405184100982579,-3.5403121153600354
4,7.276554974439101,BAO KT,Min,-222.147806662128,-0.5004991987401552,-1.3082139032579247,-0.1649844166071295,-0.25258207272858885,0.09407545926605566
4,14.553109948878202,BAO KT,Min,-222.147806662128,-0.5004991987401552,-1.3082139032579247,-0.1649844166071295,-5.955193901436224,-0.07077032262544503
5,0.0,BAO KT,Max,-105.2513271691831,0.26499176679155556,0.7535874947078447,0.5922147259355688,5.277687331101573,1.7248012150955385
5,7.276554974439101,BAO KT,Max,-105.2513271691831,0.26499176679155556,0.7535874947078447,0.5922147259355688,0.1396723499557933,0.03377244227010422
5,14.553109948878202,BAO KT,Max,-105.2513271691831,0.26499176679155556,0.7535874947078447,0.5922147259355688,8.05272847971169,2.444416644271258
5,0.0,BAO KT,Min,-229.96615851862313,-0.33419794719060025,-1.0906392980113393,-0.16441907408866924,-7.819465138814673,-2.4192028258829383
5,7.276554974439101,BAO KT,Min,-229.96615851862313,-0.33419794719060025,-1.0906392980113393,-0.16441907408866924,-0.25372843479742696,-0.20544303041493883
5,14.553109948878202,BAO KT,Min,-229.96615851862313,-0.33419794719060025,-1.0906392980113393,-0.16441907408866924,-5.68935433548136,-2.1316531025694605
6,0.0,BAO KT,Max,-105.08597373818829,0.3283714670600797,0.714795858179767,0.5884447508593698,4.993162113999464,2.38318865178874
6,7.276554974439101,BAO KT,Max,-105.08597373818829,0.3283714670600797,0.714795858179767,0.5884447508593698,0.13568728565328397,0.2342864503946129
6,14.553109948878202,BAO KT,Max,-105.08597373818829,0.3283714670600797,0.714795858179767,0.5884447508593698,6.488262327470611,1.476783350903839
6,0.0,BAO KT,Min,-229.75119648219058,-0.1950910009480845,-0.8753334064712287,-0.1633730831539968,-6.250560978831274,-1.428942338755812
6,7.276554974439101,BAO KT,Min,-229.75119648219058,-0.1950910009480845,-0.8753334064712287,-0.1633730831539968,-0.25278612114176163,-0.03502815313872511
6,14.553109948878202,BAO KT,Min,-229.75119648219058,-0.1950910009480845,-0.8753334064712287,-0.1633730831539968,-5.409340601093435,-2.395637412411036
7,0.0,BAO KT,Max,-104.55667083760297,0.4624057880192983,0.682603663375322,0.5852034324469979,4.742542335544943,3.334475718720992
7,7.276554974439101,BAO KT,Max,-104.55667083760297,0.4624057880192983,0.682603663375322,0.5852034324469979,0.12546903826341493,-0.0004236288500699336
7,14.553109948878202,BAO KT,Max,-104.55667083760297,0.4624057880192983,0.682603663375322,0.5852034324469979,4.921312155972155,0.5770411478651273
7,0.0,BAO KT,Min,-228.8428905928413,-0.07996715297160956,-0.6602865225652476,-0.1611967750442357,-4.687910204682341,-0.5867296216294686
7,7.276554974439101,BAO KT,Min,-228.8428905928413,-0.07996715297160956,-0.6602865225652476,-0.1611967750442357,-0.2553327975439027,-0.03327358718288288
7,14.553109948878202,BAO KT,Min,-228.8428905928413,-0.07996715297160956,-0.6602865225652476,-0.1611967750442357,-5.191463829063164,-3.3949665553215236
8,0.0,BAO KT,Max,-104.70775392825634,0.6620033898945991,0.6487840395171223,0.5822902507192309,4.485853485217391,4.5937545729844835
8,7.276554974439101,BAO KT,Max,-104.70775392825634,0.6620033898945991,0.6487840395171223,0.5822902507192309,0.11852756180051198,0.11330235607631968
8,14.553109948878202,BAO KT,Max,-104.70775392825634,0.6620033898945991,0.6487840395171223,0.5822902507192309,3.372196458284895,0.9589701756208042
8,0.0,BAO KT,Min,-229.21775901132685,-0.11700057021993579,-0.44748039977505566,-0.15935108092683656,-3.1400349996094623,-0.743751986871366
8,7.276554974439101,BAO KT,Min,-229.21775901132685,-0.11700057021993579,-0.44748039977505566,-0.15935108092683656,-0.2578084970679622,-0.2290427485502093
8,14.553109948878202,BAO KT,Min,-229.21775901132685,-0.11700057021993579,-0.44748039977505566,-0.15935108092683656,-4.955971974952629,-5.040453546681701
9,0.0,BAO KT,Max,-104.74418708780685,0.7585553007473713,0.606438465052339,0.5799312230335016,4.187860829157031,5.398389029638566
9,7.276554974439101,BAO KT,Max,-104.74418708780685,0.7585553007473713,0.606438465052339,0.5799312230335016,0.12284253255640788,0.2144352039040005
9,14.553109948878202,BAO KT,Max,-104.74418708780685,0.7585553007473713,0.606438465052339,0.5799312230335016,1.8626231417954722,1.4133977154901887
9,0.0,BAO KT,Min,-229.19035931294655,-0.16567662260830746,-0.2391113816941291,-0.1579862072307349,-1.617191086027371,-0.9977123892873098
9,7.276554974439101,BAO KT,Min,-229.19035931294655,-0.16567662260830746,-0.2391113816941291,-0.1579862072307349,-0.25175297259609775,-0.12787285820442879
9,14.553109948878202,BAO KT,Min,-229.19035931294655,-0.16567662260830746,-0.2391113816941291,-0.1579862072307349,-4.63770482997859,-5.640949664442301
10,0.0,BAO KT,Max,-101.10570397268926,0.9238418392707383,0.5725910767406845,0.5784267830703794,4.0090198432738955,6.515618986569462
10,7.276554974439101,BAO KT,Max,-101.10570397268926,0.9238418392707383,0.5725910767406845,0.5784267830703794,0.13017538600382114,-0.09759824477968598
10,14.553109948878202,BAO KT,Max,-101.10570397268926,0.9238418392707383,0.5725910767406845,0.5784267830703794,0.3626555157609178,0.11130323496541727
10,0.0,BAO KT,Min,-221.40377342809813,-0.029830115881152787,-0.0319492026891499,-0.15686011188739285,-0.1023047437532757,-0.32281772124077707
10,7.276554974439101,BAO KT,Min,-221.40377342809813,-0.029830115881152787,-0.0319492026891499,-0.15686011188739285,-0.23788034894155402,-0.21933208208287944
10,14.553109948878202,BAO KT,Min,-221.40377342809813,-0.029830115881152787,-0.0319492026891499,-0.15686011188739285,-4.323961052279843,-6.9315560642299365
11,0.0,BAO KT,Max,-87.91509922847483,1.2137440078273483,0.5881946260207334,0.5775892896263163,4.131867119934953,8.206782635205958
11,7.276554974439101,BAO KT,Max,-87.91509922847483,1.2137440078273483,0.5881946260207334,0.5775892896263163,0.1284367105861073,-0.2295973117448681
11,14.553109948878202,BAO KT,Max,-87.91509922847483,1.2137440078273483,0.5881946260207334,0.5775892896263163,-0.43186901500208497,-0.4553431343795202
11,0.0,BAO KT,Min,-193.41602468850812,0.029744784042642088,0.07700151068141728,-0.1560020577415868,0.6887424361742995,-0.022464021801312017
11,7.276554974439101,BAO KT,Min,-193.41602468850812,0.029744784042642088,0.07700151068141728,-0.1560020577415868,-0.22636247187137493,-0.6343986289913325
11,14.553109948878202,BAO KT,Min,-193.41602468850812,0.029744784042642088,0.07700151068141728,-0.1560020577415868,-4.428193943884074,-9.456967360497528
12,0.0,BAO KT,Max,-85.4605792359233,1.1503431999106644,0.80198998741864,0.5783134340832508,5.620727293170956,8.577857903342226
12,7.276554974439101,BAO KT,Max,-85.4605792359233,1.1503431999106644,0.80198998741864,0.5783134340832508,0.12844348316068258,0.3904233457962309
12,14.553109948878202,BAO KT,Max,-85.4605792359233,1.1503431999106644,0.80198998741864,0.5783134340832508,0.2884870075078464,2.0112525589995442
12,0.0,BAO KT,Min,-185.9540875212034,-0.22514909166281788,-0.02199440874278564,-0.15614737412898527,-0.031600041186480965,-1.2653669268595003
12,7.276554974439101,BAO KT,Min,-185.9540875212034,-0.22514909166281788,-0.02199440874278564,-0.15614737412898527,-0.21805170613865965,0.18984183999387888
12,14.553109948878202,BAO KT,Min,-185.9540875212034,-0.22514909166281788,-0.02199440874278564,-0.15614737412898527,-6.050721171631958,-8.16321316390205
13,0.0,BAO KT,Max,-95.29545050248501,1.4634078839264992,1.0179140928900723,0.5789647663696915,7.186339770642126,10.373390176173038
13,7.276554974439101,BAO KT,Max,-95.29545050248501,1.4634078839264992,1.0179140928900723,0.5789647663696915,0.11252499556207195,0.43923974580510106
13,14.553109948878202,BAO KT,Max,-95.29545050248501,1.4634078839264992,1.0179140928900723,0.5789647663696915,0.586755004101096,2.0822375592883726
13,0.0,BAO KT,Min,-203.83541291563188,-0.23189451809115716,-0.06520789557062011,-0.1567565762678513,-0.41996493944538904,-1.2925488590343628
13,7.276554974439101,BAO KT,Min,-203.83541291563188,-0.23189451809115716,-0.06520789557062011,-0.1567565762678513,-0.22317175773665648,-0.32445537839622474
13,14.553109948878202,BAO KT,Min,-203.83541291563188,-0.23189451809115716,-0.06520789557062011,-0.1567565762678513,-7.627475941699713,-10.923745658664496
14,0.0,BAO KT,Max,-71.43927233377097,0.8737021904440372,1.6511412481691243,0.6111255025269865,12.048843785632299,6.496557824432193
14,7.398423871232461,BAO KT,Max,-71.43927233377097,0.8737021904440372,1.6511412481691243,0.6111255025269865,0.25592787876903583,0.3322263847548802
14,14.796847742464921,BAO KT,Max,-71.43927233377097,0.8737021904440372,1.6511412481691243,0.6111255025269865,6.584299314629865,1.6523259002841684
14,0.0,BAO KT,Min,-172.467233564795,-0.17991574273376162,-0.8573918679996599,-0.1480047484506143,-6.102397611788684,-1.009859951419792
14,7.398423871232461,BAO KT,Min,-172.467233564795,-0.17991574273376162,-0.8573918679996599,-0.1480047484506143,-0.16699903959871124,-0.04530336159337183
14,14.796847742464921,BAO KT,Min,-172.467233564795,-0.17991574273376162,-0.8573918679996599,-0.1480047484506143,-12.382841864829722,-6.431480459826316
15,0.0,BAO KT,Max,-28.012682125921344,0.04413314472000759,0.9190430169235422,0.6072859562335637,6.43500102699061,0.06162038402455683
15,7.157033109197454,BAO KT,Max,-28.012682125921344,0.04413314472000759,0.9190430169235422,0.6072859562335637,0.15943701587657796,0.055014665838366866
15,14.314066218394908,BAO KT,Max,-28.012682125921344,0.04413314472000759,0.9190430169235422,0.6072859562335637,12.331573470618581,7.703542962028093
15,0.0,BAO KT,Min,-157.72609778524168,-1.0811557756158061,-1.7276693694116743,-0.1808135859634033,-12.3984002866327,-7.772192402536663
15,7.157033109197454,BAO KT,Min,-157.72609778524168,-1.0811557756158061,-1.7276693694116743,-0.1808135859634033,-0.3624608299803077,-0.3412791858383098
15,14.314066218394908,BAO KT,Min,-157.72609778524168,-1.0811557756158061,-1.7276693694116743,-0.1808135859634033,-6.720241574806405,-0.6435050091313281
16,0.0,BAO KT,Max,-24.06296923033448,0.22988635713262617,-0.15783852149824415,0.60182807240166,-1.2562276144688518,1.3635499019008792
16,7.157033109197454,BAO KT,Max,-24.06296923033448,0.22988635713262617,-0.15783852149824415,0.60182807240166,0.21061220960000931,0.0598017684050062
16,14.314066218394908,BAO KT,Max,-24.06296923033448,0.22988635713262617,-0.15783852149824415,0.60182807240166,5.134466804454236,8.576304983984267
16,0.0,BAO KT,Min,-165.5302469688206,-1.2003806837804978,-0.6940005354258331,-0.15962447399683377,-4.7995028152326595,-8.615458841910764
16,7.157033109197454,BAO KT,Min,-165.5302469688206,-1.2003806837804978,-0.6940005354258331,-0.15962447399683377,-0.24027614475214493,-0.3187287687293282
16,14.314066218394908,BAO KT,Min,-165.5302469688206,-1.2003806837804978,-0.6940005354258331,-0.15962447399683377,1.0030834340705632,-1.9270586368011124
17,0.0,BAO KT,Max,-66.56035713160979,0.96566568694529,0.6270475393115318,0.556012443159139,4.436418140318284,7.177450305590105
17,7.398423871232459,BAO KT,Max,-66.56035713160979,0.96566568694529,0.6270475393115318,0.556012443159139,0.11635737450156813,0.3096110836063579
17,14.796847742464918,BAO KT,Max,-66.56035713160979,0.96566568694529,0.6270475393115318,0.556012443159139,-1.223991357697158,2.5740754321474597
17,0.0,BAO KT,Min,-201.35973298820971,-0.31045722866191183,0.17183693979839174,-0.1650582561084029,1.318653677030755,-2.0197129109104655
17,7.398423871232459,BAO KT,Min,-201.35973298820971,-0.31045722866191183,0.17183693979839174,-0.1650582561084029,-0.35797623553339597,-0.048459416445564715
17,14.796847742464918,BAO KT,Min,-201.35973298820971,-0.31045722866191183,0.17183693979839174,-0.1650582561084029,-4.841908826161739,-7.111357834262146
18,0.0,BAO KT,Max,-81.71200946699763,0.2891770519876257,0.5013142603725815,0.5185760828710753,4.146846790998706,1.9283765877997556
18,8.2815549744391,BAO KT,Max,-81.71200946699763,0.2891770519876257,0.5013142603725815,0.5185760828710753,0.42855855296195855,-0.01925685763284758
18,16.5631099488782,BAO KT,Max,-81.71200946699763,0.2891770519876257,0.5013142603725815,0.5185760828710753,13.502430874058467,3.650202170463367
18,0.0,BAO KT,Min,-179.67771832757342,-0.4562985946999906,-1.590851171450266,-0.1470151636930765,-12.847011990973973,-3.9075216230711893
18,8.2815549744391,BAO KT,Min,-179.67771832757342,-0.4562985946999906,-1.590851171450266,-0.1470151636930765,-0.36931905110566404,-0.46645906558200034
18,16.5631099488782,BAO KT,Min,-179.67771832757342,-0.4562985946999906,-1.590851171450266,-0.1470151636930765,-4.156476422492917,-2.861294718963756
19,0.0,BAO KT,Max,-76.46532644621685,0.28841783378881825,0.508317231492982,0.5221061371835589,4.105640547327783,1.90961801810968
19,8.2815549744391,BAO KT,Max,-76.46532644621685,0.28841783378881825,0.508317231492982,0.5221061371835589,0.33026173879929027,-0.12102698092524451
19,16.5631099488782,BAO KT,Max,-76.46532644621685,0.28841783378881825,0.508317231492982,0.5221061371835589,12.104651672930927,2.7066137600014413
19,0.0,BAO KT,Min,-165.26341583644472,-0.3485613014756578,-1.4272493442309278,-0.14774521422725803,-11.535036140030238,-3.066645400263959
19,8.2815549744391,BAO KT,Min,-165.26341583644472,-0.3485613014756578,-1.4272493442309278,-0.14774521422725803,-0.4319782165935394,-0.47893012802105694
19,16.5631099488782,BAO KT,Min,-165.26341583644472,-0.3485613014756578,-1.4272493442309278,-0.14774521422725803,-4.313673646799851,-2.867478274151794
20,0.0,BAO KT,Max,-79.03732731506106,0.06111973673878315,0.435289620125343,0.5210085747557285,3.5493222828332427,0.6686293100499476
20,8.2815549744391,BAO KT,Max,-79.03732731506106,0.06111973673878315,0.435289620125343,0.5210085747557285,0.335501080059322,0.4706612343270635
20,16.5631099488782,BAO KT,Max,-79.03732731506106,0.06111973673878315,0.435289620125343,0.5210085747557285,9.832231683096921,3.2267739963177404
20,0.0,BAO KT,Min,-169.61425352896575,-0.33280136043259745,-1.1473265900936205,-0.14524374960989783,-9.171064775895223,-2.285451527663614
20,8.2815549744391,BAO KT,Min,-169.61425352896575,-0.33280136043259745,-1.1473265900936205,-0.14524374960989783,-0.3842467798105987,0.1624628502244698
20,16.5631099488782,BAO KT,Min,-169.61425352896575,-0.33280136043259745,-1.1473265900936205,-0.14524374960989783,-3.6604275549082383,-0.343703609601008
21,0.0,BAO KT,Max,-87.81366698084715,0.09938332031920646,0.41632684736760606,0.5204637476123403,3.27669664818322,0.8868600090108785
21,8.2815549744391,BAO KT,Max,-87.81366698084715,0.09938332031920646,0.41632684736760606,0.5204637476123403,0.44987223983171964,0.20648547590674027
21,16.5631099488782,BAO KT,Max,-87.81366698084715,0.09938332031920646,0.41632684736760606,0.5204637476123403,9.06232343842783,1.5130792306749428
21,0.0,BAO KT,Min,-191.83794570398084,-0.17355516556160497,-1.0404957099381882,-0.14407314871180865,-8.171521406614461,-1.3615340587176799
21,8.2815549744391,BAO KT,Min,-191.83794570398084,-0.17355516556160497,-1.0404957099381882,-0.14407314871180865,-0.4242541353933168,0.06143067108375655
21,16.5631099488782,BAO KT,Min,-191.83794570398084,-0.17355516556160497,-1.0404957099381882,-0.14407314871180865,-3.8720878092030624,-0.7592368525207189
22,0.0,BAO KT,Max,-90.45342658810146,0.17427844748108656,0.43427237798597323,0.5186080514240136,3.160750337141932,1.2820395207181214
22,8.2815549744391,BAO KT,Max,-90.45342658810146,0.17427844748108656,0.43427237798597323,0.5186080514240136,0.4740568877431892,0.029313039976729523
22,16.5631099488782,BAO KT,Max,-90.45342658810146,0.17427844748108656,0.43427237798597323,0.5186080514240136,7.936369272515018,0.5296367899319655
22,0.0,BAO KT,Min,-199.30595052958458,-0.06242656014899951,-0.9016783355189707,-0.1433454462415178,-6.998228137207182,-0.5043411895461716
22,8.2815549744391,BAO KT,Min,-199.30595052958458,-0.06242656014899951,-0.9016783355189707,-0.1433454462415178,-0.43570023502930116,-0.16198931025264193
22,16.5631099488782,BAO KT,Min,-199.30595052958458,-0.06242656014899951,-0.9016783355189707,-0.1433454462415178,-4.0321508072005345,-1.6045535666309103
23,0.0,BAO KT,Max,-90.50769547793996,0.17924161242653386,0.4442460289794897,0.5162514416277446,3.254145954328184,1.4736966691608002
23,8.2815549744391,BAO KT,Max,-90.50769547793996,0.17924161242653386,0.4442460289794897,0.5162514416277446,0.46992546296907006,0.1997459102248018
23,16.5631099488782,BAO KT,Max,-90.50769547793996,0.17924161242653386,0.4442460289794897,0.5162514416277446,6.716696495225318,0.7267687518233256
23,0.0,BAO KT,Min,-197.98592654808343,-0.06442858537169156,-0.7546934566280423,-0.1424258940362963,-5.78337420460389,-0.346639035459106
23,8.2815549744391,BAO KT,Min,-197.98592654808343,-0.06442858537169156,-0.7546934566280423,-0.1424258940362963,-0.4249019568417256,-0.05451598031739508
23,16.5631099488782,BAO KT,Min,-197.98592654808343,-0.06442858537169156,-0.7546934566280423,-0.1424258940362963,-4.103949868011635,-1.5370094359461604
24,0.0,BAO KT,Max,-90.2497815322771,0.27213238624201275,0.42932349620515164,0.5141083434325401,3.210936231246554,2.233660238823436
24,8.2815549744391,BAO KT,Max,-90.2497815322771,0.27213238624201275,0.42932349620515164,0.5141083434325401,0.467598400173106,0.0036492061914336193
24,16.5631099488782,BAO KT,Max,-90.2497815322771,0.27213238624201275,0.42932349620515164,0.5141083434325401,5.51984288269792,-0.010190373977888242
24,0.0,BAO KT,Min,-193.26435068492813,0.0015304335795540392,-0.6100598858690782,-0.14101635363801995,-4.584646082351708,0.015158365669720543
24,8.2815549744391,BAO KT,Min,-193.26435068492813,0.0015304335795540392,-0.6100598858690782,-0.14101635363801995,-0.3445299043948055,-0.06557003887431104
24,16.5631099488782,BAO KT,Min,-193.26435068492813,0.0015304335795540392,-0.6100598858690782,-0.14101635363801995,-3.8999960400361653,-2.27369839515361
25,0.0,BAO KT,Max,-89.9650101034181,0.413162127952398,0.42616715545655365,0.5117971733879223,3.232081269232043,3.2399848488212433
25,8.2815549744391,BAO KT,Max,-89.9650101034181,0.413162127952398,0.42616715545655365,0.5117971733879223,0.4753247373719004,0.09606655454612298
25,16.5631099488782,BAO KT,Max,-89.9650101034181,0.413162127952398,0.42616715545655365,0.5117971733879223,4.357334128494227,0.3050963577562211
25,0.0,BAO KT,Min,-193.89059613816664,-0.025569303167465383,-0.46875368250335736,-0.139866873609082,-3.406684653750425,-0.11841082192270766
25,8.2815549744391,BAO KT,Min,-193.89059613816664,-0.025569303167465383,-0.46875368250335736,-0.139866873609082,-0.2972454569817399,-0.18609040080001618
25,16.5631099488782,BAO KT,Min,-193.89059613816664,-0.025569303167465383,-0.46875368250335736,-0.139866873609082,-3.8265721831955224,-3.603264903166808
26,0.0,BAO KT,Max,-90.02763192603612,0.48056864621137935,0.47313949059738836,0.5098445006776157,3.526647112003655,3.872497324486737
26,8.2815549744391,BAO KT,Max,-90.02763192603612,0.48056864621137935,0.47313949059738836,0.5098445006776157,0.47634486091722805,0.16920257716211357
26,16.5631099488782,BAO KT,Max,-90.02763192603612,0.48056864621137935,0.47313949059738836,0.5098445006776157,3.1775587077946854,0.6296666585153348
26,0.0,BAO KT,Min,-196.06181172625125,-0.05621712449572441,-0.3261723016045555,-0.1389673287137335,-2.224868985960229,-0.3014637555171227
26,8.2815549744391,BAO KT,Min,-196.06181172625125,-0.05621712449572441,-0.3261723016045555,-0.1389673287137335,-0.3916835899567282,-0.11245946376758328
26,16.5631099488782,BAO KT,Min,-196.06181172625125,-0.05621712449572441,-0.3261723016045555,-0.1389673287137335,-4.310014291917112,-4.087214000695889
27,0.0,BAO KT,Max,-87.63276802530544,0.586177899200126,0.5102205583708912,0.508846269770191,3.766788569318284,4.700103021756116
27,8.2815549744391,BAO KT,Max,-87.63276802530544,0.586177899200126,0.5102205583708912,0.508846269770191,0.45063702484823864,-0.06104177690262371
27,16.5631099488782,BAO KT,Max,-87.63276802530544,0.586177899200126,0.5102205583708912,0.508846269770191,1.8964347430718198,-0.30090426539759435
27,0.0,BAO KT,Min,-194.23931081586292,0.0289634602722922,-0.17458046498344995,-0.1380297902411051,-0.9951606933753424,0.17882071159234697
27,8.2815549744391,BAO KT,Min,-194.23931081586292,0.0289634602722922,-0.17458046498344995,-0.1380297902411051,-0.45863103391926524,-0.15698872397725153
27,16.5631099488782,BAO KT,Min,-194.23931081586292,0.0289634602722922,-0.17458046498344995,-0.1380297902411051,-4.684050637156814,-5.008825972298011
28,0.0,BAO KT,Max,-78.76089246201632,0.7783769324239663,0.5413580988585865,0.5083320471543348,3.9745526775754616,5.986292149271997
28,8.2815549744391,BAO KT,Max,-78.76089246201632,0.7783769324239663,0.5413580988585865,0.5083320471543348,0.33698034181490644,-0.16385295573372965
28,16.5631099488782,BAO KT,Max,-78.76089246201632,0.7783769324239663,0.5413580988585865,0.5083320471543348,1.6877068356117266,-1.0225013837685033
28,0.0,BAO KT,Min,-175.4196255083859,0.09411400374652489,-0.1637710726220849,-0.13726081757916664,-1.024851446673582,0.5363192080143232
28,8.2815549744391,BAO KT,Min,-175.4196255083859,0.09411400374652489,-0.1637710726220849,-0.13726081757916664,-0.5087341789797595,-0.4616811290610433
28,16.5631099488782,BAO KT,Min,-175.4196255083859,0.09411400374652489,-0.1637710726220849,-0.13726081757916664,-4.9920210355349806,-6.9060505641366925
29,0.0,BAO KT,Max,-76.98297431514098,0.7448779506594609,0.5032733616944725,0.5089931102977064,3.9610706105716678,6.305518074130898
29,8.2815549744391,BAO KT,Max,-76.98297431514098,0.7448779506594609,0.5032733616944725,0.5089931102977064,0.3210314150316769,0.24926355872753667
29,16.5631099488782,BAO KT,Max,-76.98297431514098,0.7448779506594609,0.5032733616944725,0.5089931102977064,2.2183915925783815,0.8701634277010412
29,0.0,BAO KT,Min,-162.961996352213,-0.07791877744036207,-0.22914023132476113,-0.13750930482360685,-1.5768832525650223,-0.4204138501258462
29,8.2815549744391,BAO KT,Min,-162.961996352213,-0.07791877744036207,-0.22914023132476113,-0.13750930482360685,-0.3274747025012793,0.12969658255047103
29,16.5631099488782,BAO KT,Min,-162.961996352213,-0.07791877744036207,-0.22914023132476113,-0.13750930482360685,-4.495360714544827,-6.031977321136825
30,0.0,BAO KT,Max,-83.46254653378256,0.9766389247155566,0.6065182429732122,0.5096991718784922,4.966911876855095,7.820038569206822
30,8.2815549744391,BAO KT,Max,-83.46254653378256,0.9766389247155566,0.6065182429732122,0.5096991718784922,0.41163087641330187,0.3295790672554015
30,16.5631099488782,BAO KT,Max,-83.46254653378256,0.9766389247155566,0.6065182429732122,0.5096991718784922,2.8669812881810195,1.1363828117496024
30,0.0,BAO KT,Min,-172.95609269529118,-0.10059980216861178,-0.29648422540768266,-0.138347834304349,-2.043719535354416,-0.5298627724045102
30,8.2815549744391,BAO KT,Min,-172.95609269529118,-0.10059980216861178,-0.29648422540768266,-0.138347834304349,-0.3212636291853976,-0.29436942358500423
30,16.5631099488782,BAO KT,Min,-172.95609269529118,-0.10059980216861178,-0.29648422540768266,-0.138347834304349,-5.078916467510641,-8.35613932121112
31,0.0,BAO KT,Max,-72.14523789438539,0.45600693341898496,1.2157098113891747,0.5381520291159523,9.979388657635523,3.8623488225850204
31,8.41305212896996,BAO KT,Max,-72.14523789438539,0.45600693341898496,1.2157098113891747,0.5381520291159523,0.4158958981235129,0.2604403565192297
31,16.82610425793992,BAO KT,Max,-72.14523789438539,0.45600693341898496,1.2157098113891747,0.5381520291159523,4.4798478329815214,1.42010599358927
31,0.0,BAO KT,Min,-153.71115665476765,-0.1395697381493853,-0.5082184927750801,-0.1433956380579062,-4.071489512265062,-0.9283089717656622
31,8.41305212896996,BAO KT,Min,-153.71115665476765,-0.1395697381493853,-0.5082184927750801,-0.1433956380579062,-0.24844135928184238,-0.06292308490800039
31,16.82610425793992,BAO KT,Min,-153.71115665476765,-0.1395697381493853,-0.5082184927750801,-0.1433956380579062,-10.476271376199207,-3.810471381466288
32,0.0,BAO KT,Max,-38.76264575976711,0.04611940084988786,0.5396499816015227,0.5354676016364731,4.2709303274284585,0.24561669999361704
32,8.152579734708173,BAO KT,Max,-38.76264575976711,0.04611940084988786,0.5396499816015227,0.5354676016364731,0.20308821402924432,0.0655451120492102
32,16.305159469416346,BAO KT,Max,-38.76264575976711,0.04611940084988786,0.5396499816015227,0.5354676016364731,10.238460071611847,4.748122484995234
32,0.0,BAO KT,Min,-146.9334328275865,-0.5853436147814454,-1.250401192759322,-0.15539278178068086,-10.149530777077306,-4.795998498420843
32,8.152579734708173,BAO KT,Min,-146.9334328275865,-0.5853436147814454,-1.250401192759322,-0.15539278178068086,-0.3987965720933787,-0.27207877278774506
32,16.305159469416346,BAO KT,Min,-146.9334328275865,-0.5853436147814454,-1.250401192759322,-0.15539278178068086,-4.528148680251965,-0.6345107693958174
33,0.0,BAO KT,Max,-28.658429315377298,0.05434337342926701,0.0033547240946848467,0.5300497871964344,-0.13287643337387522,0.22417442682832558
33,8.152579734708171,BAO KT,Max,-28.658429315377298,0.05434337342926701,0.0033547240946848467,0.5300497871964344,0.4739989918998466,0.06824373806027045
33,16.305159469416342,BAO KT,Max,-28.658429315377298,0.05434337342926701,0.0033547240946848467,0.5300497871964344,5.022131865810348,6.678027609404593
33,0.0,BAO KT,Min,-149.53171673387988,-0.8137553742669119,-0.5578765276649339,-0.15157404288545157,-4.074133882010656,-6.590383537111986
33,8.152579734708171,BAO KT,Min,-149.53171673387988,-0.8137553742669119,-0.5578765276649339,-0.15157404288545157,-0.2823159878771581,-0.2392419262962092
33,16.305159469416342,BAO KT,Min,-149.53171673387988,-0.8137553742669119,-0.5578765276649339,-0.15157404288545157,-0.18757574471360527,-0.6619029430419159
34,0.0,BAO KT,Max,-71.68526194589374,0.6356429622960669,0.5458650066077196,0.5011332359390966,4.0407898350784155,5.362164312414203
34,8.413052128969966,BAO KT,Max,-71.68526194589374,0.6356429622960669,0.5458650066077196,0.5011332359390966,0.2004953605527482,0.22425984802902732
34,16.82610425793993,BAO KT,Max,-71.68526194589374,0.6356429622960669,0.5458650066077196,0.5011332359390966,0.5083576288497198,1.4068263976558042
34,0.0,BAO KT,Min,-179.5925822903043,-0.14263579886451178,-0.03659341028410627,-0.15422485512185558,-0.10736690774422347,-0.9931784249530207
34,8.413052128969966,BAO KT,Min,-179.5925822903043,-0.14263579886451178,-0.03659341028410627,-0.15422485512185558,-0.5516009208928638,-0.07036920305637279
34,16.82610425793993,BAO KT,Min,-179.5925822903043,-0.14263579886451178,-0.03659341028410627,-0.15422485512185558,-5.143991676864144,-5.361266832561444
35,0.0,BAO KT,Max,-90.79446185254398,0.1560142163651349,1.8151060454642691,0.7058788730187351,10.881423051733169,0.5235208161487673
35,6.2715549744391,BAO KT,Max,-90.79446185254398,0.1560142163651349,1.8151060454642691,0.7058788730187351,0.14851397141599385,0.04042165044484118
35,12.5431099488782,BAO KT,Max,-90.79446185254398,0.1560142163651349,1.8151060454642691,0.7058788730187351,19.42501458716426,11.035372810007035
35,0.0,BAO KT,Min,-210.28470393772795,-1.7973410353488461,-3.1428369537436356,-0.21228565714594383,-19.995934875039595,-11.508873412004123
35,6.2715549744391,BAO KT,Min,-210.28470393772795,-1.7973410353488461,-3.1428369537436356,-0.21228565714594383,-1.006744399942014,-0.6106607450456427
35,12.5431099488782,BAO KT,Min,-210.28470393772795,-1.7973410353488461,-3.1428369537436356,-0.21228565714594383,-12.002101640315892,-1.4333826533071923
36,0.0,BAO KT,Max,-87.78978794805224,0.17188081063837946,1.6307136691753406,0.7088389773284524,9.962896039966285,0.5596642261485715
36,6.2715549744391,BAO KT,Max,-87.78978794805224,0.17188081063837946,1.6307136691753406,0.7088389773284524,0.27345567902819495,-0.12217346913152935
36,12.5431099488782,BAO KT,Max,-87.78978794805224,0.17188081063837946,1.6307136691753406,0.7088389773284524,17.054851674269372,9.718044079334463
36,0.0,BAO KT,Min,-194.64864417784915,-1.589030110436851,-2.773639589459319,-0.20999942137172328,-17.73521465488026,-10.213335307953026
36,6.2715549744391,BAO KT,Min,-194.64864417784915,-1.589030110436851,-2.773639589459319,-0.20999942137172328,-0.9137070312722073,-0.6020676629039846
36,12.5431099488782,BAO KT,Min,-194.64864417784915,-1.589030110436851,-2.773639589459319,-0.20999942137172328,-10.596439449065466,-1.596255679790936
37,0.0,BAO KT,Max,-73.91267478880766,0.36008343152531347,0.2953653266387718,0.42098869926705446,2.477398987987242,3.2547888098419318
37,10.165929974439102,BAO KT,Max,-73.91267478880766,0.36008343152531347,0.2953653266387718,0.42098869926705446,0.09996193314006906,-0.024028420040120263
37,20.331859948878204,BAO KT,Max,-73.91267478880766,0.36008343152531347,0.2953653266387718,0.42098869926705446,8.855867667674278,2.5046333209615312
37,0.0,BAO KT,Min,-162.04463155342452,-0.2513214425222208,-0.8859489543627476,-0.11634146119292543,-9.157122394284194,-2.605199050550305
37,10.165929974439102,BAO KT,Min,-162.04463155342452,-0.2513214425222208,-0.8859489543627476,-0.11634146119292543,-0.7239609295130573,-0.4057941400001422
37,20.331859948878204,BAO KT,Min,-162.04463155342452,-0.2513214425222208,-0.8859489543627476,-0.11634146119292543,-3.7266241570001437,-4.0663770898422165
38,0.0,BAO KT,Max,-69.51463234719245,0.36248055243740296,0.24460546281975698,0.4229401377977889,2.117401280158763,3.2621056135713515
38,10.165929974439102,BAO KT,Max,-69.51463234719245,0.36248055243740296,0.24460546281975698,0.4229401377977889,0.16845613297619944,-0.09635489015891198
38,20.331859948878204,BAO KT,Max,-69.51463234719245,0.36248055243740296,0.24460546281975698,0.4229401377977889,8.078475942902983,1.8087939194697973
38,0.0,BAO KT,Min,-148.4609243367251,-0.18790767164215338,-0.8092255028255885,-0.11711537876483857,-8.374583647607425,-2.0117185436782576
38,10.165929974439102,BAO KT,Min,-148.4609243367251,-0.18790767164215338,-0.8092255028255885,-0.11711537876483857,-0.6189189734383385,-0.42284629960328846
38,20.331859948878204,BAO KT,Min,-148.4609243367251,-0.18790767164215338,-0.8092255028255885,-0.11711537876483857,-3.105560979829255,-4.1077982127779284
39,0.0,BAO KT,Max,-87.29345712267441,-0.07652793755912846,1.5325707338526615,0.6958390480939887,9.281632969444576,-0.27923007391415045
39,6.2715549744391,BAO KT,Max,-87.29345712267441,-0.07652793755912846,1.5325707338526615,0.6958390480939887,0.19996610194183836,0.584679290411726
39,12.5431099488782,BAO KT,Max,-87.29345712267441,-0.07652793755912846,1.5325707338526615,0.6958390480939887,12.838944003809573,8.908519840412062
39,0.0,BAO KT,Min,-199.7730037569424,-1.3895882694385777,-2.105778873245692,-0.19531486058187983,-13.574071931335995,-8.521238606827403
39,6.2715549744391,BAO KT,Min,-199.7730037569424,-1.3895882694385777,-2.105778873245692,-0.19531486058187983,-0.9695784254938813,0.19364061679232972
39,12.5431099488782,BAO KT,Min,-199.7730037569424,-1.3895882694385777,-2.105778873245692,-0.19531486058187983,-9.941570249702306,0.6806682610508838
40,0.0,BAO KT,Max,-72.35611212495154,0.19043482012368365,0.2216122693488377,0.42300689415858916,1.9377816617730925,2.079813667632226
40,10.165929974439102,BAO KT,Max,-72.35611212495154,0.19043482012368365,0.2216122693488377,0.42300689415858916,0.11680141432960715,0.3772067008422543
40,20.331859948878204,BAO KT,Max,-72.35611212495154,0.19043482012368365,0.2216122693488377,0.42300689415858916,6.323726844167461,2.6562594770485344
40,0.0,BAO KT,Min,-152.39091983386461,-0.22441310637527329,-0.6409156825599962,-0.11671677436098804,-6.707281052682065,-1.9064763724662284
40,10.165929974439102,BAO KT,Min,-152.39091983386461,-0.22441310637527329,-0.6409156825599962,-0.11671677436098804,-0.6425599957176695,0.14079224104031632
40,20.331859948878204,BAO KT,Min,-152.39091983386461,-0.22441310637527329,-0.6409156825599962,-0.11671677436098804,-2.7904946031343623,-1.792080424512322
41,0.0,BAO KT,Max,-80.10631792880793,0.21860302972331336,0.2327842662515641,0.42246920790771647,1.9192070396417984,2.2989901821545096
41,10.165929974439102,BAO KT,Max,-80.10631792880793,0.21860302972331336,0.2327842662515641,0.42246920790771647,0.13208187055251078,0.20307915842682045
41,20.331859948878204,BAO KT,Max,-80.10631792880793,0.21860302972331336,0.2327842662515641,0.42246920790771647,5.278041431716544,1.3272128814175586
41,0.0,BAO KT,Min,-171.47049937607505,-0.11058929746297096,-0.5443943205095148,-0.11612588238698757,-5.790507649847624,-0.9604062914577729
41,10.165929974439102,BAO KT,Min,-171.47049937607505,-0.11058929746297096,-0.5443943205095148,-0.11612588238698757,-0.7762050240833571,0.07436478733428262
41,20.331859948878204,BAO KT,Min,-171.47049937607505,-0.11058929746297096,-0.5443943205095148,-0.11612588238698757,-3.1417989466175538,-2.145616002580357
42,0.0,BAO KT,Max,-83.09850945500003,0.26681851953850216,0.25310115928268334,0.4214582490796388,2.06951430763781,2.61486078579818
42,10.165929974439102,BAO KT,Max,-83.09850945500003,0.26681851953850216,0.25310115928268334,0.4214582490796388,0.12754106086361683,0.042985944873573614
42,20.331859948878204,BAO KT,Max,-83.09850945500003,0.26681851953850216,0.25310115928268334,0.4214582490796388,4.4038935400052885,0.33519361012187077
42,0.0,BAO KT,Min,-179.32288403746708,-0.02992838153040102,-0.4605526545320173,-0.1155073216699935,-4.959998531023775,-0.28429340574688866
42,10.165929974439102,BAO KT,Min,-179.32288403746708,-0.02992838153040102,-0.4605526545320173,-0.1155073216699935,-0.8222225802463237,-0.09759759971374436
42,20.331859948878204,BAO KT,Min,-179.32288403746708,-0.02992838153040102,-0.4605526545320173,-0.1155073216699935,-3.3941533636321406,-2.8100559852256692
43,0.0,BAO KT,Max,-83.61027268415519,0.24287966874010053,0.26198363123117474,0.4201639455940891,2.1966512159135547,2.4676687033349802
43,10.165929974439102,BAO KT,Max,-83.61027268415519,0.24287966874010053,0.26198363123117474,0.4201639455940891,0.11357830611362675,0.1623602782369907
43,20.331859948878204,BAO KT,Max,-83.61027268415519,0.24287966874010053,0.26198363123117474,0.4201639455940891,3.599551757503752,0.43258128332449913
43,0.0,BAO KT,Min,-178.88602104725499,-0.026581041357450194,-0.3819375813397515,-0.11479896045482438,-4.165949655509352,-0.10786072685051766
43,10.165929974439102,BAO KT,Min,-178.88602104725499,-0.026581041357450194,-0.3819375813397515,-0.11479896045482438,-0.8295446672365125,-0.04900264317587088
43,20.331859948878204,BAO KT,Min,-178.88602104725499,-0.026581041357450194,-0.3819375813397515,-0.11479896045482438,-3.4912978377144555,-2.470526705918675
44,0.0,BAO KT,Max,-98.9748863176287,0.18219576062583986,1.510718210958488,0.6975187861005373,9.062562387632127,1.2199433380812197
44,6.2715549744391,BAO KT,Max,-98.9748863176287,0.18219576062583986,1.510718210958488,0.6975187861005373,0.2255173932888254,0.2389462269774295
44,12.5431099488782,BAO KT,Max,-98.9748863176287,0.18219576062583986,1.510718210958488,0.6975187861005373,10.460484163285617,7.200392110031469
44,0.0,BAO KT,Min,-230.09750284029568,-1.1346559747601523,-1.7381115338526585,-0.1920748643287254,-11.340839909241614,-7.03172253553669
44,6.2715549744391,BAO KT,Min,-230.09750284029568,-1.1346559747601523,-1.7381115338526585,-0.1920748643287254,-1.1323047366317014,0.060133104244699656
44,12.5431099488782,BAO KT,Min,-230.09750284029568,-1.1346559747601523,-1.7381115338526585,-0.1920748643287254,-9.88654223419276,-1.0653581196681827
45,0.0,BAO KT,Max,-83.57595046064782,0.2433436995391205,0.2844241985455588,0.4189313429945495,2.4153130391835678,2.469991609133773
45,10.165929974439102,BAO KT,Max,-83.57595046064782,0.2433436995391205,0.2844241985455588,0.4189313429945495,0.043454575398152874,0.002670703423767644
45,20.331859948878204,BAO KT,Max,-83.57595046064782,0.2433436995391205,0.2844241985455588,0.4189313429945495,2.799292241576439,-0.17671366431042024
45,0.0,BAO KT,Min,-174.8620930478692,0.017548497835056562,-0.30372249523241196,-0.11392440614087225,-3.3759509948127886,0.1800799359851421
45,10.165929974439102,BAO KT,Min,-174.8620930478692,0.017548497835056562,-0.30372249523241196,-0.11392440614087225,-0.8296850657052062,-0.0642093006766836
45,20.331859948878204,BAO KT,Min,-174.8620930478692,0.017548497835056562,-0.30372249523241196,-0.11392440614087225,-3.5556536171414383,-2.4776384093375223
46,0.0,BAO KT,Max,-83.69023731826812,0.28221606997254167,0.3042785327685529,0.41734803620020683,2.5812353749259227,2.8656012264109574
46,10.165929974439102,BAO KT,Max,-83.69023731826812,0.28221606997254167,0.3042785327685529,0.41734803620020683,0.003046006144899427,0.07032542544021343
46,20.331859948878204,BAO KT,Max,-83.69023731826812,0.28221606997254167,0.3042785327685529,0.41734803620020683,1.987882723208834,0.05799778270032496
46,0.0,BAO KT,Min,-174.70530206336593,0.000994626269435318,-0.2247674335407853,-0.11328989112777771,-2.5820572566112023,0.07822038471195905
46,10.165929974439102,BAO KT,Min,-174.70530206336593,0.000994626269435318,-0.2247674335407853,-0.11328989112777771,-0.8325092339139464,-0.1429823150207009
46,20.331859948878204,BAO KT,Min,-174.70530206336593,0.000994626269435318,-0.2247674335407853,-0.11328989112777771,-3.6166126546905755,-2.9834277542939036
47,0.0,BAO KT,Max,-83.22215190478776,0.3337107021327038,0.2893334339668812,0.41581379446983147,2.5111054942711952,3.3773218214181586
47,10.165929974439102,BAO KT,Max,-83.22215190478776,0.3337107021327038,0.2893334339668812,0.41581379446983147,0.09029855348519453,0.10599799822244108
47,20.331859948878204,BAO KT,Max,-83.22215190478776,0.3337107021327038,0.2893334339668812,0.41581379446983147,1.2495814028368972,0.21548563433884346
47,0.0,BAO KT,Min,-176.136975570823,-0.011256297766560765,-0.15129126887850372,-0.11283738725350709,-1.826451487488916,-0.013375835393740515
47,10.165929974439102,BAO KT,Min,-176.136975570823,-0.011256297766560765,-0.15129126887850372,-0.11283738725350709,-0.8230975217661972,-0.10195933176718341
47,20.331859948878204,BAO KT,Min,-176.136975570823,-0.011256297766560765,-0.15129126887850372,-0.11283738725350709,-3.66238307264722,-3.407637437785786
48,0.0,BAO KT,Max,-102.87848007365345,0.4799500215232082,1.4715501415220473,0.6901229783512269,8.771871904084641,2.7981568366258696
48,6.2715549744391,BAO KT,Max,-102.87848007365345,0.4799500215232082,1.4715501415220473,0.6901229783512269,0.21503424567352367,0.03585427755099965
48,12.5431099488782,BAO KT,Max,-102.87848007365345,0.4799500215232082,1.4715501415220473,0.6901229783512269,8.373668079166503,5.664861026858626
48,0.0,BAO KT,Min,-239.05397344785627,-0.900408546384958,-1.4062285295359813,-0.19293721079095744,-9.264810980052626,-5.6290623693575
48,6.2715549744391,BAO KT,Min,-239.05397344785627,-0.900408546384958,-1.4062285295359813,-0.19293721079095744,-1.161733244038423,-0.2125174993206315
48,12.5431099488782,BAO KT,Min,-239.05397344785627,-0.900408546384958,-1.4062285295359813,-0.19293721079095744,-9.68594331631367,-3.2219090533061894
49,0.0,BAO KT,Max,-80.36553211808516,0.3980800440233039,0.2735193953852186,0.4150474890037878,2.4327232096104794,3.976031932180107
49,10.165929974439102,BAO KT,Max,-80.36553211808516,0.3980800440233039,0.2735193953852186,0.4150474890037878,0.1599970473004972,-0.06197374328751171
49,20.331859948878204,BAO KT,Max,-80.36553211808516,0.3980800440233039,0.2735193953852186,0.4150474890037878,0.8367007725271808,-0.4509474986804674
49,0.0,BAO KT,Min,-173.7035451429101,0.038262486203522864,-0.08618574852792305,-0.11229055307740765,-1.1099288227176336,0.327000012105444
49,10.165929974439102,BAO KT,Min,-173.7035451429101,0.038262486203522864,-0.08618574852792305,-0.11229055307740765,-0.7751394822300595,-0.1577008656004961
49,20.331859948878204,BAO KT,Min,-173.7035451429101,0.038262486203522864,-0.08618574852792305,-0.11229055307740765,-3.5556516518540002,-4.117675771344977
50,0.0,BAO KT,Max,-72.50778703851037,0.46605924291126066,0.25745310787638787,0.41461586946137385,2.279069124069523,4.599201598115591
50,10.165929974439102,BAO KT,Max,-72.50778703851037,0.46605924291126066,0.25745310787638787,0.41461586946137385,0.22191793186924497,-0.1373925798442336
50,20.331859948878204,BAO KT,Max,-72.50778703851037,0.46605924291126066,0.25745310787638787,0.41461586946137385,1.3776478709105409,-1.0256207392692605
50,0.0,BAO KT,Min,-157.6080196634808,0.08053466044077329,-0.13062606115397699,-0.11194850913608385,-1.2782229101457185,0.6117986978430037
50,10.165929974439102,BAO KT,Min,-157.6080196634808,0.08053466044077329,-0.13062606115397699,-0.11194850913608385,-0.64280913400005,-0.3706866559130473
50,20.331859948878204,BAO KT,Min,-157.6080196634808,0.08053466044077329,-0.13062606115397699,-0.11194850913608385,-3.2584947892682425,-4.876649656636369
51,0.0,BAO KT,Max,-70.29517654038182,0.48869178873527963,0.4031604812105598,0.4149382788364403,3.555440609877512,5.0820253101813595
51,10.165929974439102,BAO KT,Max,-70.29517654038182,0.48869178873527963,0.4031604812105598,0.4149382788364403,0.0755586808138487,0.2173849705470745
51,20.331859948878204,BAO KT,Max,-70.29517654038182,0.48869178873527963,0.4031604812105598,0.4149382788364403,1.7641453974652856,0.6219594092284684
51,0.0,BAO KT,Min,-145.60410343867673,-0.04050384547421487,-0.16832322654516757,-0.11215482640784702,-1.6581788707943592,-0.20155910434427277
51,10.165929974439102,BAO KT,Min,-145.60410343867673,-0.04050384547421487,-0.16832322654516757,-0.11215482640784702,-0.6116998793503718,0.10202084903174599
51,20.331859948878204,BAO KT,Min,-145.60410343867673,-0.04050384547421487,-0.16832322654516757,-0.11215482640784702,-4.709444745176138,-4.853987696551122
52,0.0,BAO KT,Max,-103.49969302127158,0.6236829788230384,1.4085611425474054,0.6837014844282345,8.376196942050038,3.899825763770669
52,6.2715549744391,BAO KT,Max,-103.49969302127158,0.6236829788230384,1.4085611425474054,0.6837014844282345,0.2165272217755613,0.22846003077634688
52,12.5431099488782,BAO KT,Max,-103.49969302127158,0.6236829788230384,1.4085611425474054,0.6837014844282345,6.426744186358374,4.294353254547545
52,0.0,BAO KT,Min,-237.2199128892894,-0.6857605254009548,-1.0923502843084991,-0.19195878918559015,-7.274725532411492,-4.3072164141571125
52,6.2715549744391,BAO KT,Min,-237.2199128892894,-0.6857605254009548,-1.0923502843084991,-0.19195878918559015,-1.1432821230828216,-0.08679875233839514
52,12.5431099488782,BAO KT,Min,-237.2199128892894,-0.6857605254009548,-1.0923502843084991,-0.19195878918559015,-9.291540338639567,-3.923098412850576
53,0.0,BAO KT,Max,-76.02003261522006,0.5477524398075576,0.5053017249470554,0.4154696909618681,4.552573032109569,5.646201802596014
53,10.165929974439102,BAO KT,Max,-76.02003261522006,0.5477524398075576,0.5053017249470554,0.4154696909618681,0.0623405226429317,0.2921454847572553
53,20.331859948878204,BAO KT,Max,-76.02003261522006,0.5477524398075576,0.5053017249470554,0.4154696909618681,1.5457201342647764,0.8702069195038187
53,0.0,BAO KT,Min,-154.12695245642172,-0.05877465592322245,-0.15688999579419907,-0.11261723531909473,-1.6441452876029699,-0.32479115327064495
53,10.165929974439102,BAO KT,Min,-154.12695245642172,-0.05877465592322245,-0.15688999579419907,-0.11261723531909473,-0.7072144689212019,-0.19549481003457542
53,20.331859948878204,BAO KT,Min,-154.12695245642172,-0.05877465592322245,-0.15688999579419907,-0.11261723531909473,-5.8316255738565665,-5.490624090227587
54,0.0,BAO KT,Max,-54.85773606864007,0.14107713162203595,0.7273056052689252,0.464763657544812,7.527692992971799,1.4466176878564614
54,10.315382497173973,BAO KT,Max,-54.85773606864007,0.14107713162203595,0.7273056052689252,0.464763657544812,0.5003721987278308,0.2398246983598313
54,20.630764994347945,BAO KT,Max,-54.85773606864007,0.14107713162203595,0.7273056052689252,0.464763657544812,2.613489144266709,2.5791359248480537
54,0.0,BAO KT,Min,-143.92718491075362,-0.22677891267038386,-0.21476458856534575,-0.11138008232288929,-1.9988653037486184,-2.099486528128391
54,10.315382497173973,BAO KT,Min,-143.92718491075362,-0.22677891267038386,-0.21476458856534575,-0.11138008232288929,-0.2120459623609324,-0.04998766506010669
54,20.630764994347945,BAO KT,Min,-143.92718491075362,-0.22677891267038386,-0.21476458856534575,-0.11138008232288929,-7.4771780284033875,-1.5010812299759377
55,0.0,BAO KT,Max,-50.283195060756874,0.16328827224844444,0.2164516795302469,0.4384994515878372,2.0244593282520644,1.401143099497045
55,10.019326083608494,BAO KT,Max,-50.283195060756874,0.16328827224844444,0.2164516795302469,0.4384994515878372,0.17192700806785077,0.05519375140967791
55,20.038652167216988,BAO KT,Max,-50.283195060756874,0.16328827224844444,0.2164516795302469,0.4384994515878372,7.1842781561172755,2.12622836734876
55,0.0,BAO KT,Min,-142.9001737950706,-0.20711197637005013,-0.7354062124899132,-0.15978393055402504,-7.552271137578561,-2.024016486795538
55,10.019326083608494,BAO KT,Min,-142.9001737950706,-0.20711197637005013,-0.7354062124899132,-0.15978393055402504,-0.5462057102985232,-0.23489534578915924
55,20.038652167216988,BAO KT,Min,-142.9001737950706,-0.20711197637005013,-0.7354062124899132,-0.15978393055402504,-2.4826634714644116,-1.8709337910753636
56,0.0,BAO KT,Max,-102.86873863291389,0.8284758714983931,1.4139462698489964,0.6788544005402624,8.269618016318951,5.17126381977667
56,6.2715549744391,BAO KT,Max,-102.86873863291389,0.8284758714983931,1.4139462698489964,0.6788544005402624,0.0658743413984827,-0.00990392595355166
56,12.5431099488782,BAO KT,Max,-102.86873863291389,0.8284758714983931,1.4139462698489964,0.6788544005402624,4.434832132310267,3.19113077216803
56,0.0,BAO KT,Min,-226.30688473530722,-0.5116482392027192,-0.7740297129829796,-0.1875386386543175,-5.273907661333883,-3.22652934730161
56,6.2715549744391,BAO KT,Min,-226.30688473530722,-0.5116482392027192,-0.7740297129829796,-0.1875386386543175,-1.1395092174900516,-0.1405196828137257
56,12.5431099488782,BAO KT,Min,-226.30688473530722,-0.5116482392027192,-0.7740297129829796,-0.1875386386543175,-9.465665508203218,-5.268358754788704
57,0.0,BAO KT,Max,-27.256617805771914,0.019081123521964102,0.11350512654559618,0.4627799408213684,0.9968521546205067,0.011726678834557802
57,10.019326083608489,BAO KT,Max,-27.256617805771914,0.019081123521964102,0.11350512654559618,0.4627799408213684,0.47027265915953154,0.15816678145550528
57,20.038652167216977,BAO KT,Max,-27.256617805771914,0.019081123521964102,0.11350512654559618,0.4627799408213684,3.390843257129793,4.9043708632225815
57,0.0,BAO KT,Min,-135.12336144733806,-0.49102062182444045,-0.3017760481293187,-0.12168381612569716,-2.7069062214896933,-4.935020584447971
57,10.019326083608489,BAO KT,Min,-135.12336144733806,-0.49102062182444045,-0.3017760481293187,-0.12168381612569716,-0.24889264244018416,-0.18754624316514745
57,20.038652167216977,BAO KT,Min,-135.12336144733806,-0.49102062182444045,-0.3017760481293187,-0.12168381612569716,-1.2776375954226413,-0.37063331838178293
58,0.0,BAO KT,Max,-79.41394682866022,0.4288466446456261,0.34044603771465376,0.41145559769130646,3.011367649980607,4.441422814620417
58,10.315382497173973,BAO KT,Max,-79.41394682866022,0.4288466446456261,0.34044603771465376,0.41145559769130646,0.18161500502150515,0.1938963577851945
58,20.630764994347945,BAO KT,Max,-79.41394682866022,0.4288466446456261,0.34044603771465376,0.41145559769130646,1.3785559523989757,1.0037782714343544
58,0.0,BAO KT,Min,-160.1750161726321,-0.0792716203264677,-0.11876527294029875,-0.16008532311953164,-1.0716624831219193,-0.6316558982421765
58,10.315382497173973,BAO KT,Min,-160.1750161726321,-0.0792716203264677,-0.11876527294029875,-0.16008532311953164,-0.5598454635381932,-0.13265398362431396
58,20.630764994347945,BAO KT,Min,-160.1750161726321,-0.0792716203264677,-0.11876527294029875,-0.16008532311953164,-4.071676562212163,-4.406011529678139
59,0.0,BAO KT,Max,-77.47513073422436,0.3061599754093861,0.10448729838890451,0.33656233370356176,0.8634850071069216,3.6563623046841798
59,12.8040549744391,BAO KT,Max,-77.47513073422436,0.3061599754093861,0.10448729838890451,0.33656233370356176,0.011140631910750595,0.09012854142537909
59,25.6081099488782,BAO KT,Max,-77.47513073422436,0.3061599754093861,0.10448729838890451,0.33656233370356176,6.771345112959778,2.1542286940968243
59,0.0,BAO KT,Min,-165.04135566400444,-0.16343200473186914,-0.5320798555108261,-0.09289001047707099,-6.854214328544687,-2.030956052242463
59,12.8040549744391,BAO KT,Min,-165.04135566400444,-0.16343200473186914,-0.5320798555108261,-0.09289001047707099,-0.4879087509965834,-0.292323072160043
59,25.6081099488782,BAO KT,Min,-165.04135566400444,-0.16343200473186914,-0.5320798555108261,-0.09289001047707099,-1.8122372182973894,-4.183816007545225
60,0.0,BAO KT,Max,-102.8477408062451,1.0862780935355187,1.4098251088399185,0.6747328791380465,8.126928716405816,6.587637717126745
60,6.2715549744391,BAO KT,Max,-102.8477408062451,1.0862780935355187,1.4098251088399185,0.6747328791380465,-0.04566772240160478,0.12171936377434987
60,12.5431099488782,BAO KT,Max,-102.8477408062451,1.0862780935355187,1.4098251088399185,0.6747328791380465,2.4387136227619086,3.631558978096006
60,0.0,BAO KT,Min,-221.21780235884611,-0.5601516891035895,-0.45588517398015316,-0.1845651182387667,-3.27950423853462,-3.394485246380156
60,6.2715549744391,BAO KT,Min,-221.21780235884611,-0.5601516891035895,-0.45588517398015316,-0.1845651182387667,-1.1497566182157233,-0.228815729595805
60,12.5431099488782,BAO KT,Min,-221.21780235884611,-0.5601516891035895,-0.45588517398015316,-0.1845651182387667,-9.556662632462459,-7.037667845147066
61,0.0,BAO KT,Max,-82.58780919522164,0.3477336822868583,0.1372318370917624,0.360547783285455,1.0717878956289204,3.761787716388864
61,11.9246799744391,BAO KT,Max,-82.58780919522164,0.3477336822868583,0.1372318370917624,0.360547783285455,-0.02824942145278026,-0.021611323983490353
61,23.8493599488782,BAO KT,Max,-82.58780919522164,0.3477336822868583,0.1372318370917624,0.360547783285455,7.3433751864692365,1.9445911947383177
61,0.0,BAO KT,Min,-175.9046565759175,-0.1683087283454041,-0.6216738839163127,-0.09940257930386465,-7.483149041868026,-2.069464250109184
61,11.9246799744391,BAO KT,Min,-175.9046565759175,-0.1683087283454041,-0.6216738839163127,-0.09940257930386465,-0.5646578439947076,-0.4077289532103193
61,23.8493599488782,BAO KT,Min,-175.9046565759175,-0.1683087283454041,-0.6216738839163127,-0.09940257930386465,-2.2011035836183357,-4.531438038819271
62,0.0,BAO KT,Max,-82.81323776594458,0.3723554551860967,0.1727279526038469,0.3879630479283017,1.6406253019485315,3.667077580824088
62,11.045304974439102,BAO KT,Max,-82.81323776594458,0.3723554551860967,0.1727279526038469,0.3879630479283017,0.011176532651028404,-0.0776094764014799
62,22.090609948878203,BAO KT,Max,-82.81323776594458,0.3723554551860967,0.1727279526038469,0.3879630479283017,7.9903528709365315,2.0901464075465275
62,0.0,BAO KT,Min,-175.84160262934193,-0.19682261733653217,-0.73378351960856,-0.10698305589496335,-8.219372647651188,-2.2577852611521174
62,11.045304974439102,BAO KT,Min,-175.84160262934193,-0.19682261733653217,-0.73378351960856,-0.10698305589496335,-0.4583393800413573,-0.4496846783027607
62,22.090609948878203,BAO KT,Min,-175.84160262934193,-0.19682261733653217,-0.73378351960856,-0.10698305589496335,-2.1750405262913715,-4.5584815420289715
63,0.0,BAO KT,Max,-77.33937075305018,0.2989982298522305,0.13590809651682706,0.33730343866530993,1.1471134594687675,3.59093008418086
63,12.8040549744391,BAO KT,Max,-77.33937075305018,0.2989982298522305,0.13590809651682706,0.33730343866530993,-0.07857424981140491,0.026195765612915825
63,25.6081099488782,BAO KT,Max,-77.33937075305018,0.2989982298522305,0.13590809651682706,0.33730343866530993,6.005829615162252,1.6250268737163962
63,0.0,BAO KT,Min,-166.0862275913276,-0.12757627505060068,-0.47756600202223054,-0.09315552692332095,-6.223733072469218,-1.6573487935311253
63,12.8040549744391,BAO KT,Min,-166.0862275913276,-0.12757627505060068,-0.47756600202223054,-0.09315552692332095,-0.608632772637277,-0.2567015843973034
63,25.6081099488782,BAO KT,Min,-166.0862275913276,-0.12757627505060068,-0.47756600202223054,-0.09315552692332095,-2.3332360190768906,-4.0658494603950155
64,0.0,BAO KT,Max,-104.05343897610776,1.2405807953420107,1.2635727482194206,0.6716004485096817,7.394825871341864,7.682468269110059
64,6.2715549744391,BAO KT,Max,-104.05343897610776,1.2405807953420107,1.2635727482194206,0.6716004485096817,0.15458026810752926,0.24283581349989541
64,12.5431099488782,BAO KT,Max,-104.05343897610776,1.2405807953420107,1.2635727482194206,0.6716004485096817,0.6115520943962793,4.170509311074813
64,0.0,BAO KT,Min,-231.27183880416723,-0.6273170862072279,-0.15838806054928134,-0.18273563352799482,-1.3751267636629345,-3.697997874032352
64,6.2715549744391,BAO KT,Min,-231.27183880416723,-0.6273170862072279,-0.15838806054928134,-0.18273563352799482,-1.1048925221432475,-0.10448248408941004
64,12.5431099488782,BAO KT,Min,-231.27183880416723,-0.6273170862072279,-0.15838806054928134,-0.18273563352799482,-8.45430603798052,-7.8782730473315485
65,0.0,BAO KT,Max,-77.048409970135,0.35447160588262727,0.1626685183020253,0.36133858433664606,1.2777618927577032,3.8095196206017654
65,11.9246799744391,BAO KT,Max,-77.048409970135,0.35447160588262727,0.1626685183020253,0.36133858433664606,-0.0875514520310557,-0.09921576480765625
65,23.8493599488782,BAO KT,Max,-77.048409970135,0.35447160588262727,0.1626685183020253,0.36133858433664606,6.541952151647153,1.3807872546120865
65,0.0,BAO KT,Min,-165.07583193924788,-0.1253446398457451,-0.5592990583923494,-0.09973858883312867,-6.796972411020633,-1.6086021787315894
65,11.9246799744391,BAO KT,Min,-165.07583193924788,-0.1253446398457451,-0.5592990583923494,-0.09973858883312867,-0.6664114657679712,-0.43213253682616454
65,23.8493599488782,BAO KT,Min,-165.07583193924788,-0.1253446398457451,-0.5592990583923494,-0.09973858883312867,-2.6017781525779795,-4.644401299749904
66,0.0,BAO KT,Max,-75.3431718273718,0.3818230127067894,0.1587002912854762,0.3893570370054262,1.4950152302371778,3.729480060801571
66,11.045304974439102,BAO KT,Max,-75.3431718273718,0.3818230127067894,0.1587002912854762,0.3893570370054262,0.006541561788991761,-0.14193561175315741
66,22.090609948878203,BAO KT,Max,-75.3431718273718,0.3818230127067894,0.1587002912854762,0.3893570370054262,7.269878974210262,1.4345409899522066
66,0.0,BAO KT,Min,-159.60788874910634,-0.14287919636016466,-0.6697844810155974,-0.10753515307092462,-7.526068745717117,-1.721747606649369
66,11.045304974439102,BAO KT,Min,-159.60788874910634,-0.14287919636016466,-0.6697844810155974,-0.10753515307092462,-0.4309056868447507,-0.4878715608040549
66,22.090609948878203,BAO KT,Min,-159.60788874910634,-0.14287919636016466,-0.6697844810155974,-0.10753515307092462,-2.0107710033236312,-4.70522318240968
67,0.0,BAO KT,Max,-76.95645238928513,0.2819580761211592,0.16875354679121904,0.3378459054139679,1.44292283350097,3.445661221569048
67,12.8040549744391,BAO KT,Max,-76.95645238928513,0.2819580761211592,0.16875354679121904,0.3378459054139679,-0.1499511473237569,0.04803611692606366
67,25.6081099488782,BAO KT,Max,-76.95645238928513,0.2819580761211592,0.16875354679121904,0.3378459054139679,5.224790395157693,1.4749383358892898
67,0.0,BAO KT,Min,-166.61008128960407,-0.1124590918454688,-0.4221107372127574,-0.09344689906695655,-5.584667773988631,-1.424208947511825
67,12.8040549744391,BAO KT,Min,-166.61008128960407,-0.1124590918454688,-0.4221107372127574,-0.09344689906695655,-0.7301082761255978,-0.16951118816621724
67,25.6081099488782,BAO KT,Min,-166.61008128960407,-0.1124590918454688,-0.4221107372127574,-0.09344689906695655,-2.8785365469917297,-3.7747521927157663
68,0.0,BAO KT,Max,-101.50369275678001,1.4742589294107022,1.1478717823253604,0.6696114800031157,6.795434462224096,9.088470836536862
68,6.2715549744391,BAO KT,Max,-101.50369275678001,1.4742589294107022,1.1478717823253604,0.6696114800031157,0.2622733050828743,-0.045766586389442934
68,12.5431099488782,BAO KT,Max,-101.50369275678001,1.4742589294107022,1.1478717823253604,0.6696114800031157,-1.1871218831636159,2.9346936210396275
68,0.0,BAO KT,Min,-231.48667970852702,-0.47651997574843274,0.13543776491982557,-0.18128688731857218,0.5116888934560753,-3.042348827609738
68,6.2715549744391,BAO KT,Min,-231.48667970852702,-0.47651997574843274,0.13543776491982557,-0.18128688731857218,-1.0277838625168543,-0.16620865930057105
68,12.5431099488782,BAO KT,Min,-231.48667970852702,-0.47651997574843274,0.13543776491982557,-0.18128688731857218,-7.602447510697682,-9.403321008177041
69,0.0,BAO KT,Max,-79.75094338543028,0.22726900043895726,0.1475867720485743,0.33782365753151034,1.2788564403709928,2.9840506364534
69,12.8040549744391,BAO KT,Max,-79.75094338543028,0.22726900043895726,0.1475867720485743,0.33782365753151034,-0.0755330923329851,0.20665402226776677
69,25.6081099488782,BAO KT,Max,-79.75094338543028,0.22726900043895726,0.1475867720485743,0.33782365753151034,5.018381813144368,1.7985214340835616
69,0.0,BAO KT,Min,-172.88944403670325,-0.12432960619025071,-0.40026131758709793,-0.0930697414939318,-5.231554015908895,-1.385324791137106
69,12.8040549744391,BAO KT,Min,-172.88944403670325,-0.12432960619025071,-0.40026131758709793,-0.0930697414939318,-0.6242891220462303,0.05581013167373819
69,25.6081099488782,BAO KT,Min,-172.88944403670325,-0.12432960619025071,-0.40026131758709793,-0.0930697414939318,-2.5005618452489213,-2.8358789147590655
70,0.0,BAO KT,Max,-79.84487206746701,0.20409259099132668,0.17694569981098468,0.3616175392432886,1.4282305003290194,2.584884887997086
70,11.9246799744391,BAO KT,Max,-79.84487206746701,0.20409259099132668,0.17694569981098468,0.3616175392432886,-0.08687266001679296,0.3900352995657649
70,23.8493599488782,BAO KT,Max,-79.84487206746701,0.20409259099132668,0.17694569981098468,0.3616175392432886,5.367082051418203,2.5737491510686965
70,0.0,BAO KT,Min,-172.557847228621,-0.18312557286097292,-0.46132144888427906,-0.09957800155954555,-5.635139235160982,-1.793678551937167
70,11.9246799744391,BAO KT,Min,-172.557847228621,-0.18312557286097292,-0.46132144888427906,-0.09957800155954555,-0.6898185690619919,0.1511460552714227
70,23.8493599488782,BAO KT,Min,-172.557847228621,-0.18312557286097292,-0.46132144888427906,-0.09957800155954555,-2.791811185869303,-2.28259277745424
71,0.0,BAO KT,Max,-78.07175231957869,0.19254587533093023,0.15964408968886934,0.38966273077545094,1.482573827323517,2.312693209119635
71,11.045304974439102,BAO KT,Max,-78.07175231957869,0.19254587533093023,0.15964408968886934,0.38966273077545094,-0.004834897433656942,0.4556757737283731
71,22.090609948878203,BAO KT,Max,-78.07175231957869,0.19254587533093023,0.15964408968886934,0.38966273077545094,5.820567765527802,2.897725494202052
71,0.0,BAO KT,Min,-166.38961904328266,-0.22118550021773703,-0.5410795153990632,-0.10733508517934498,-6.132208760480939,-1.9883971174554917
71,11.045304974439102,BAO KT,Min,-166.38961904328266,-0.22118550021773703,-0.5410795153990632,-0.10733508517934498,-0.4493568730176951,0.18495370916408685
71,22.090609948878203,BAO KT,Min,-166.38961904328266,-0.22118550021773703,-0.5410795153990632,-0.10733508517934498,-2.0440614886370243,-1.9407626200812746
72,0.0,BAO KT,Max,-90.4133909376998,1.8440760042583284,1.0327935367400662,0.6685384559750654,6.2537560243861545,11.005178803957593
72,6.2715549744391,BAO KT,Max,-90.4133909376998,1.8440760042583284,1.0327935367400662,0.6685384559750654,0.35860342763693437,-0.18504190732681702
72,12.5431099488782,BAO KT,Max,-90.4133909376998,1.8440760042583284,1.0327935367400662,0.6685384559750654,-2.7649527293140435,2.1873032958308785
72,0.0,BAO KT,Min,-207.14029666224258,-0.3813208170474547,0.40280302925314343,-0.18060988492046298,2.2874499543493365,-2.595645638191414
72,6.2715549744391,BAO KT,Min,-207.14029666224258,-0.3813208170474547,0.40280302925314343,-0.18060988492046298,-0.8412406480191351,-0.5791744976459565
72,12.5431099488782,BAO KT,Min,-207.14029666224258,-0.3813208170474547,0.40280302925314343,-0.18060988492046298,-6.700686861435276,-12.125269271542603
73,0.0,BAO KT,Max,-82.95011755117189,0.23940035269670665,0.1291783959457407,0.337063413097044,1.1381792494144607,3.0865050148371305
73,12.8040549744391,BAO KT,Max,-82.95011755117189,0.23940035269670665,0.1291783959457407,0.337063413097044,0.012522222760078729,0.08577148522745585
73,25.6081099488782,BAO KT,Max,-82.95011755117189,0.23940035269670665,0.1291783959457407,0.337063413097044,4.788274000353722,1.0214344799106414
73,0.0,BAO KT,Min,-179.8164660003626,-0.07307552150869873,-0.3770323865275079,-0.09246104757917005,-4.8668128081306445,-0.8530109883947058
73,12.8040549744391,BAO KT,Min,-179.8164660003626,-0.07307552150869873,-0.3770323865275079,-0.09246104757917005,-0.527238510832601,0.02120973800838832
73,25.6081099488782,BAO KT,Min,-179.8164660003626,-0.07307552150869873,-0.3770323865275079,-0.09246104757917005,-2.16983531698379,-3.0440855388203536
74,0.0,BAO KT,Max,-88.38992610735268,0.2301738450697752,0.16712728275136204,0.36096254642822023,1.3688892603843636,2.8287761401822613
74,11.9246799744391,BAO KT,Max,-88.38992610735268,0.2301738450697752,0.16712728275136204,0.36096254642822023,-0.030986361930108636,0.17542429339884485
74,23.8493599488782,BAO KT,Max,-88.38992610735268,0.2301738450697752,0.16712728275136204,0.36096254642822023,4.974057871614823,1.3645879802190497
74,0.0,BAO KT,Min,-189.7465959900781,-0.09988695094515229,-0.42454715771417084,-0.09902363046043221,-5.151120107983598,-1.0176518670678265
74,11.9246799744391,BAO KT,Min,-189.7465959900781,-0.09988695094515229,-0.42454715771417084,-0.09902363046043221,-0.6286142463175488,0.08211275488998386
74,23.8493599488782,BAO KT,Min,-189.7465959900781,-0.09988695094515229,-0.42454715771417084,-0.09902363046043221,-2.616989463230813,-2.6607227417041304
75,0.0,BAO KT,Max,-88.35959936143134,0.22285059154966014,0.16917153959155118,0.3890911141960743,1.5798930464549534,2.5690812735051534
75,11.045304974439102,BAO KT,Max,-88.35959936143134,0.22285059154966014,0.16917153959155118,0.3890911141960743,0.014963091782322207,0.21137028936923394
75,22.090609948878203,BAO KT,Max,-88.35959936143134,0.22285059154966014,0.16917153959155118,0.3890911141960743,5.081822692429514,1.4751809246858594
75,0.0,BAO KT,Min,-187.7488360318552,-0.11539060973624549,-0.47578441821732265,-0.10680160673519666,-5.428545310163301,-1.0738680267607674
75,11.045304974439102,BAO KT,Min,-187.7488360318552,-0.11539060973624549,-0.47578441821732265,-0.10680160673519666,-0.49459518354407483,0.0992672665321867
75,22.090609948878203,BAO KT,Min,-187.7488360318552,-0.11539060973624549,-0.47578441821732265,-0.10680160673519666,-2.1572094491132106,-2.353824221295162
76,0.0,BAO KT,Max,-84.37371348154595,0.262483567092728,0.12410540047989546,0.33589641122166813,1.1109358424966564,3.277370221892214
76,12.8040549744391,BAO KT,Max,-84.37371348154595,0.262483567092728,0.12410540047989546,0.33589641122166813,0.06680352694445972,0.024748032561110016
76,25.6081099488782,BAO KT,Max,-84.37371348154595,0.262483567092728,0.12410540047989546,0.33589641122166813,4.404932860709826,0.5068353277754197
76,0.0,BAO KT,Min,-182.87102725096784,-0.03859716645603016,-0.3448623677028446,-0.09175320176161364,-4.426340568655082,-0.4815651545457542
76,12.8040549744391,BAO KT,Min,-182.87102725096784,-0.03859716645603016,-0.3448623677028446,-0.09175320176161364,-0.4872225494804963,-0.08348380104994961
76,25.6081099488782,BAO KT,Min,-182.87102725096784,-0.03859716645603016,-0.3448623677028446,-0.09175320176161364,-2.0671688982420684,-3.444337823992113
77,0.0,BAO KT,Max,-91.81439217265688,0.2708884233479098,0.1666681566611331,0.3599343973717963,1.3836290697235978,3.1449963457781034
77,11.9246799744391,BAO KT,Max,-91.81439217265688,0.2708884233479098,0.1666681566611331,0.3599343973717963,-0.009394241958709115,0.04816341532174308
77,23.8493599488782,BAO KT,Max,-91.81439217265688,0.2708884233479098,0.1666681566611331,0.3599343973717963,4.466178261118868,0.5045363171703378
77,0.0,BAO KT,Min,-196.4309408475244,-0.039417568950920946,-0.3805883666332679,-0.09839349532661223,-4.610610687073564,-0.4464063818961519
77,11.9246799744391,BAO KT,Min,-196.4309408475244,-0.039417568950920946,-0.3805883666332679,-0.09839349532661223,-0.6068061437996914,-0.08553095160345703
77,23.8493599488782,BAO KT,Min,-196.4309408475244,-0.039417568950920946,-0.3805883666332679,-0.09839349532661223,-2.591299790503787,-3.3155191686302987
78,0.0,BAO KT,Max,-92.30491769091444,0.27449778975161077,0.1774321399484014,0.38811602208218027,1.667754106438963,2.9403072128036816
78,11.045304974439102,BAO KT,Max,-92.30491769091444,0.27449778975161077,0.1774321399484014,0.38811602208218027,0.02322495162972928,0.054014924970048075
78,22.090609948878203,BAO KT,Max,-92.30491769091444,0.27449778975161077,0.1774321399484014,0.38811602208218027,4.381087456642735,0.46820858483654815
78,0.0,BAO KT,Min,-195.78014827129147,-0.037649534896832766,-0.4131028357036368,-0.10620402197068296,-4.744606155661822,-0.3883347502960592
78,11.045304974439102,BAO KT,Min,-195.78014827129147,-0.037649534896832766,-0.4131028357036368,-0.10620402197068296,-0.5149026437053876,-0.09199281026453818
78,22.090609948878203,BAO KT,Min,-195.78014827129147,-0.037649534896832766,-0.4131028357036368,-0.10620402197068296,-2.251830089555943,-3.123516392428328
79,0.0,BAO KT,Max,-84.62197746967554,0.2461134434707063,0.12549321906807104,0.3344364025684883,1.138617447579275,3.150342948410902
79,12.8040549744391,BAO KT,Max,-84.62197746967554,0.2461134434707063,0.12549321906807104,0.3344364025684883,0.08172071904518102,0.1424521632595191
79,25.6081099488782,BAO KT,Max,-84.62197746967554,0.2461134434707063,0.12549321906807104,0.3344364025684883,3.944307962812749,0.5930358164934836
79,0.0,BAO KT,Min,-183.21299827390428,-0.03519069967549112,-0.3082068486591755,-0.09098521433017184,-3.948286904648682,-0.3081314899744454
79,12.8040549744391,BAO KT,Min,-183.21299827390428,-0.03519069967549112,-0.3082068486591755,-0.09098521433017184,-0.4754980145378437,-0.0012488478722389221
79,25.6081099488782,BAO KT,Min,-183.21299827390428,-0.03519069967549112,-0.3082068486591755,-0.09098521433017184,-2.0750267041545465,-3.1521571718839647
80,0.0,BAO KT,Max,-92.40277162517967,0.2520900657156525,0.17029694952130062,0.3586605390278679,1.430680312513362,3.009208544566372
80,11.9246799744391,BAO KT,Max,-92.40277162517967,0.2520900657156525,0.17029694952130062,0.3586605390278679,-0.008644086468714693,0.16733677694451016
80,23.8493599488782,BAO KT,Max,-92.40277162517967,0.2520900657156525,0.17029694952130062,0.3586605390278679,3.907858307808417,0.591693829505227
80,0.0,BAO KT,Min,-197.5513973433931,-0.035651786311662756,-0.33350709680609875,-0.09770451633181769,-4.046072489425599,-0.25857845506210686
80,11.9246799744391,BAO KT,Min,-197.5513973433931,-0.035651786311662756,-0.33350709680609875,-0.09770451633181769,-0.6034931649675156,0.0007820717701406528
80,23.8493599488782,BAO KT,Min,-197.5513973433931,-0.035651786311662756,-0.33350709680609875,-0.09770451633181769,-2.630792934816077,-3.002978172222584
81,0.0,BAO KT,Max,-92.96799032900722,0.2530315580897025,0.18839497860089105,0.3868912146421522,1.7753045521216448,2.7966743000976257
81,11.045304974439102,BAO KT,Max,-92.96799032900722,0.2530315580897025,0.18839497860089105,0.3868912146421522,0.010800588987558724,0.17363603162556726
81,22.090609948878203,BAO KT,Max,-92.96799032900722,0.2530315580897025,0.18839497860089105,0.3868912146421522,3.702218451164383,0.5068353522748593
81,0.0,BAO KT,Min,-196.99054207707633,-0.030183064542785003,-0.351963969436898,-0.10553628741866453,-4.072880313725021,-0.15992695360162
81,11.045304974439102,BAO KT,Min,-196.99054207707633,-0.030183064542785003,-0.351963969436898,-0.10553628741866453,-0.5196521595307311,-0.012027545730189857
81,22.090609948878203,BAO KT,Min,-196.99054207707633,-0.030183064542785003,-0.351963969436898,-0.10553628741866453,-2.386455436477895,-2.7929471544189095
82,0.0,BAO KT,Max,-88.91634555801625,1.9406413029072693,1.369554744183128,0.6700222013168707,8.033491146430075,12.347020648789561
82,6.2715549744391,BAO KT,Max,-88.91634555801625,1.9406413029072693,1.369554744183128,0.6700222013168707,0.13574918845340114,0.3231928017412793
82,12.5431099488782,BAO KT,Max,-88.91634555801625,1.9406413029072693,1.369554744183128,0.6700222013168707,-2.1165167150070445,4.416210913102057
82,0.0,BAO KT,Min,-188.11245114068927,-0.6538853217051012,0.3014960214877811,-0.1802665713200569,1.665181031663539,-3.7985456569639986
82,6.2715549744391,BAO KT,Min,-188.11245114068927,-0.6538853217051012,0.3014960214877811,-0.1802665713200569,-0.7948141371895431,0.16038343851452735
82,12.5431099488782,BAO KT,Min,-188.11245114068927,-0.6538853217051012,0.3014960214877811,-0.1802665713200569,-9.144984590866656,-11.994656584910562
83,0.0,BAO KT,Max,-84.66371420712862,0.2454048067961468,0.12879048438307483,0.33284238967505125,1.1824765653833114,3.142836708508314
83,12.8040549744391,BAO KT,Max,-84.66371420712862,0.2454048067961468,0.12879048438307483,0.33284238967505125,0.08415324454648489,0.01779624776329287
83,25.6081099488782,BAO KT,Max,-84.66371420712862,0.2454048067961468,0.12879048438307483,0.33284238967505125,3.461475239852561,-0.16657516916286355
83,0.0,BAO KT,Min,-183.004838538846,0.013048988314700857,-0.2702939179735242,-0.09020693651071586,-3.460241130126513,0.1675847583216229
83,12.8040549744391,BAO KT,Min,-183.004838538846,0.013048988314700857,-0.2702939179735242,-0.09020693651071586,-0.4735433162858951,-0.00021043627048100935
83,25.6081099488782,BAO KT,Min,-183.004838538846,0.013048988314700857,-0.2702939179735242,-0.09020693651071586,-2.1156043190677503,-3.1415165659106252
84,0.0,BAO KT,Max,-92.37809128068837,0.2522796703293024,0.1747498574576023,0.3572829377799761,1.484180688429519,3.0096252568739477
84,11.9246799744391,BAO KT,Max,-92.37809128068837,0.2522796703293024,0.1747498574576023,0.3572829377799761,-0.013191492351349822,0.013482990075275772
84,23.8493599488782,BAO KT,Max,-92.37809128068837,0.2522796703293024,0.1747498574576023,0.3572829377799761,3.339801262172829,-0.22181514252167214
84,0.0,BAO KT,Min,-197.44254764548248,0.019599131364773086,-0.28586718431901337,-0.09699504426255151,-3.4779481142236315,0.23378977435277637
84,11.9246799744391,BAO KT,Min,-197.44254764548248,0.019599131364773086,-0.28586718431901337,-0.09699504426255151,-0.6034206205449321,-0.0002051824048993637
84,23.8493599488782,BAO KT,Min,-197.44254764548248,0.019599131364773086,-0.28586718431901337,-0.09699504426255151,-2.6834915630919958,-3.007083408593912
85,0.0,BAO KT,Max,-92.9354364462746,0.25330651656314074,0.20216868219771383,0.38559840778603954,1.9033426304278367,2.7978043686245755
85,11.045304974439102,BAO KT,Max,-92.9354364462746,0.25330651656314074,0.20216868219771383,0.38559840778603954,-0.01595971057499165,0.00739718604455341
85,22.090609948878203,BAO KT,Max,-92.9354364462746,0.25330651656314074,0.20216868219771383,0.38559840778603954,3.0271072211350205,-0.21245406531520017
85,0.0,BAO KT,Min,-196.7621236936806,0.0192701359520726,-0.2911498141958251,-0.1048102157155841,-3.404569760953313,0.21323499166389037
85,11.045304974439102,BAO KT,Min,-196.7621236936806,0.0192701359520726,-0.2911498141958251,-0.1048102157155841,-0.5199511279902973,-0.012193212051086146
85,22.090609948878203,BAO KT,Min,-196.7621236936806,0.0192701359520726,-0.2911498141958251,-0.1048102157155841,-2.562686871880576,-2.7978910862808224
86,0.0,BAO KT,Max,-97.58977776469838,2.3267804849645173,1.7590243647230999,0.6703436094189527,10.352233170411381,14.298492330770223
86,6.2715549744391,BAO KT,Max,-97.58977776469838,2.3267804849645173,1.7590243647230999,0.6703436094189527,0.1349076365918041,0.38961778924813406
86,12.5431099488782,BAO KT,Max,-97.58977776469838,2.3267804849645173,1.7590243647230999,0.6703436094189527,-1.8450317836266295,4.414255521551837
86,0.0,BAO KT,Min,-206.8296624474074,-0.6516804983180919,0.24663743257319992,-0.18038068724950013,1.2485686506480502,-3.7598446203917253
86,6.2715549744391,BAO KT,Min,-206.8296624474074,-0.6516804983180919,0.24663743257319992,-0.18038068724950013,-0.9183063507908169,-0.36721076186245155
86,12.5431099488782,BAO KT,Min,-206.8296624474074,-0.6516804983180919,0.24663743257319992,-0.18038068724950013,-11.71140283906609,-14.886571119043857
87,0.0,BAO KT,Max,-84.75676361828043,0.2680252231649446,0.1327499391473876,0.3312470305892655,1.2318517048782562,3.3233095527732557
87,12.8040549744391,BAO KT,Max,-84.75676361828043,0.2680252231649446,0.1327499391473876,0.3312470305892655,0.08209029073283797,0.05698723154378498
87,25.6081099488782,BAO KT,Max,-84.75676361828043,0.2680252231649446,0.1327499391473876,0.3312470305892655,2.972610898266164,-0.05909346704541868
87,0.0,BAO KT,Min,-183.09027444265513,0.009039517059449295,-0.2320697679479542,-0.08951398112705485,-2.9702572351556973,0.17239147969771904
87,12.8040549744391,BAO KT,Min,-183.09027444265513,0.009039517059449295,-0.2320697679479542,-0.08951398112705485,-0.47520355750786153,-0.11173967598756761
87,25.6081099488782,BAO KT,Min,-183.09027444265513,0.009039517059449295,-0.2320697679479542,-0.08951398112705485,-2.1676233325149363,-3.543321865580935
88,0.0,BAO KT,Max,-25.75420770457598,-0.12592159976211556,4.747324585366323,1.0037136697568523,21.805215823319013,-0.7842023709020782
88,4.9315549744391,BAO KT,Max,-25.75420770457598,-0.12592159976211556,4.747324585366323,1.0037136697568523,-0.5604714304021129,0.4743309384803009
88,9.8631099488782,BAO KT,Max,-25.75420770457598,-0.12592159976211556,4.747324585366323,1.0037136697568523,29.55623037627377,22.80620917207833
88,0.0,BAO KT,Min,-143.96558465471082,-4.714532405395579,-6.1740650327068405,-0.3392719564814593,-31.33925187283808,-23.693742299887475
88,4.9315549744391,BAO KT,Min,-143.96558465471082,-4.714532405395579,-6.1740650327068405,-0.3392719564814593,-2.0224628004505028,-0.5439340981429783
88,9.8631099488782,BAO KT,Min,-143.96558465471082,-4.714532405395579,-6.1740650327068405,-0.3392719564814593,-25.01816852516164,0.45777621249030254
89,0.0,BAO KT,Max,-92.43484733935571,0.28283860693543317,0.17929115174936006,0.35589507290663686,1.5382523777940964,3.2477511147746236
89,11.9246799744391,BAO KT,Max,-92.43484733935571,0.28283860693543317,0.17929115174936006,0.35589507290663686,-0.01420595080007322,0.06473001354122464
89,23.8493599488782,BAO KT,Max,-92.43484733935571,0.28283860693543317,0.17929115174936006,0.35589507290663686,2.7740735298443515,-0.016150468735878637
89,0.0,BAO KT,Min,-197.49472024127954,0.0067100787247816275,-0.23842560876580074,-0.09635576488680417,-2.91222463464164,0.14388061405674804
89,11.9246799744391,BAO KT,Min,-197.49472024127954,0.0067100787247816275,-0.23842560876580074,-0.09635576488680417,-0.6036180037245743,-0.13706658568910499
89,23.8493599488782,BAO KT,Min,-197.49472024127954,0.0067100787247816275,-0.23842560876580074,-0.09635576488680417,-2.737726835925334,-3.5089615169295265
90,0.0,BAO KT,Max,-24.684538578889388,-0.14323368977116196,4.567694998508532,0.9356123755623081,20.943944190054726,-0.836443655569117
90,4.9315549744391,BAO KT,Max,-24.684538578889388,-0.14323368977116196,4.567694998508532,0.9356123755623081,-0.39704110831905376,0.16916365454773696
90,9.8631099488782,BAO KT,Max,-24.684538578889388,-0.14323368977116196,4.567694998508532,0.9356123755623081,26.312507141325305,21.10432819827976
90,0.0,BAO KT,Min,-146.24808571356158,-4.34605300664173,-5.493074976634735,-0.2874144408056237,-27.866295310654635,-21.7612704498803
90,4.9315549744391,BAO KT,Min,-146.24808571356158,-4.34605300664173,-5.493074976634735,-0.2874144408056237,-1.8987209465737869,-0.36101579699155173
90,9.8631099488782,BAO KT,Min,-146.24808571356158,-4.34605300664173,-5.493074976634735,-0.2874144408056237,-24.107733793175974,0.5762859750273642
91,0.0,BAO KT,Max,-93.01274467038452,0.28887930705251474,0.21145359571477443,0.38421003677201426,1.9982772939939768,3.1046981722383022
91,11.045304974439102,BAO KT,Max,-93.01274467038452,0.28887930705251474,0.21145359571477443,0.38421003677201426,-0.024676298519007572,0.06830883131684766
91,22.090609948878203,BAO KT,Max,-93.01274467038452,0.28887930705251474,0.21145359571477443,0.38421003677201426,2.3579011338123035,0.020054042154738244
91,0.0,BAO KT,Min,-196.76579675079714,0.004277064490295445,-0.23080164452471819,-0.10418866764589664,-2.740647970942887,0.11453700553605249
91,11.045304974439102,BAO KT,Min,-196.76579675079714,0.004277064490295445,-0.23080164452471819,-0.10418866764589664,-0.5192658524653764,-0.1475245259442182
91,22.090609948878203,BAO KT,Min,-196.76579675079714,0.004277064490295445,-0.23080164452471819,-0.10418866764589664,-2.672861611228888,-3.3382845731438797
92,0.0,BAO KT,Max,-20.67908967480208,-0.07427939039483489,4.21576062445355,0.8841504741373307,19.57974590287023,-0.3191793055179293
92,4.9315549744391,BAO KT,Max,-20.67908967480208,-0.07427939039483489,4.21576062445355,0.8841504741373307,-0.30852417317168773,0.06041857105415187
92,9.8631099488782,BAO KT,Max,-20.67908967480208,-0.07427939039483489,4.21576062445355,0.8841504741373307,23.4043482981758,19.913768790898818
92,0.0,BAO KT,Min,-131.5801855302135,-4.055297871052022,-4.882315137594013,-0.2573698577015393,-24.750462708986348,-20.08407998673897
92,4.9315549744391,BAO KT,Min,-131.5801855302135,-4.055297871052022,-4.882315137594013,-0.2573698577015393,-1.751386701562008,-0.17721975215520566
92,9.8631099488782,BAO KT,Min,-131.5801855302135,-4.055297871052022,-4.882315137594013,-0.2573698577015393,-22.000764654266547,0.3925314395993941
93,0.0,BAO KT,Max,-84.42917201096841,0.2868565028041952,0.1385853008529881,0.32989533490650125,1.2970134384713443,3.659183099367328
93,12.8040549744391,BAO KT,Max,-84.42917201096841,0.2868565028041952,0.1385853008529881,0.32989533490650125,0.0675849816724446,0.09049842361411148
93,25.6081099488782,BAO KT,Max,-84.42917201096841,0.2868565028041952,0.1385853008529881,0.32989533490650125,2.4635003987103623,0.09025593474254687
93,0.0,BAO KT,Min,-182.5835504161764,1.8938443489088796e-05,-0.19269837245481514,-0.08893292437369374,-2.4711407100824263,0.09074091248567608
93,12.8040549744391,BAO KT,Min,-182.5835504161764,1.8938443489088796e-05,-0.19269837245481514,-0.08893292437369374,-0.4849209696467198,-0.07345419564663018
93,25.6081099488782,BAO KT,Min,-182.5835504161764,1.8938443489088796e-05,-0.19269837245481514,-0.08893292437369374,-2.251894183070339,-3.6866697639931907
94,0.0,BAO KT,Max,-26.944781649662165,0.3458730061483526,4.2240357747489625,0.9199363469498438,19.39125849300481,1.7125383168630446
94,4.9315549744391,BAO KT,Max,-26.944781649662165,0.3458730061483526,4.2240357747489625,0.9199363469498438,-0.4125797411293291,0.37773040448643586
94,9.8631099488782,BAO KT,Max,-26.944781649662165,0.3458730061483526,4.2240357747489625,0.9199363469498438,20.21523057609017,18.36740092484557
94,0.0,BAO KT,Min,-142.24497458741922,-3.7166685924943996,-4.241507215730988,-0.24106911145116833,-21.619221441624816,-18.29051004646908
94,4.9315549744391,BAO KT,Min,-142.24497458741922,-3.7166685924943996,-4.241507215730988,-0.24106911145116833,-1.8645842571894715,-0.009581457331983446
94,9.8631099488782,BAO KT,Min,-142.24497458741922,-3.7166685924943996,-4.241507215730988,-0.24106911145116833,-22.27087078133912,-1.698845171127184
95,0.0,BAO KT,Max,-91.78347147122767,0.30804240667890564,0.18465082585638887,0.3547018909916767,1.5985642441301575,3.6495640225538617
95,11.9246799744391,BAO KT,Max,-91.78347147122767,0.30804240667890564,0.18465082585638887,0.3547018909916767,-0.013786699182722595,0.09322149634986521
95,23.8493599488782,BAO KT,Max,-91.78347147122767,0.30804240667890564,0.18465082585638887,0.3547018909916767,2.203617709598591,0.11823827880194687
95,0.0,BAO KT,Min,-196.23458998773035,-0.002097899692545705,-0.19073434120399524,-0.09580898675966057,-2.3452742483876414,0.06820471389778349
95,11.9246799744391,BAO KT,Min,-196.23458998773035,-0.002097899692545705,-0.19073434120399524,-0.09580898675966057,-0.606964510084784,-0.10021148838842879
95,23.8493599488782,BAO KT,Min,-196.23458998773035,-0.002097899692545705,-0.19073434120399524,-0.09580898675966057,-2.8052397665764865,-3.6970502138500807
96,0.0,BAO KT,Max,-27.604761516199623,0.7833860176035539,4.375306286072952,0.9067141019255663,19.67610560349845,3.811518117383656
96,4.9315549744391,BAO KT,Max,-27.604761516199623,0.7833860176035539,4.375306286072952,0.9067141019255663,-0.568960748727181,0.15766385189118257
96,9.8631099488782,BAO KT,Max,-27.604761516199623,0.7833860176035539,4.375306286072952,0.9067141019255663,16.32330623109883,15.911938412248475
96,0.0,BAO KT,Min,-158.02911995995112,-3.238615197168989,-3.4725755408074876,-0.23074238327399896,-17.9270881336706,-16.030879359537114
96,4.9315549744391,BAO KT,Min,-158.02911995995112,-3.238615197168989,-3.4725755408074876,-0.23074238327399896,-2.0644683170145375,-0.12260559560973458
96,9.8631099488782,BAO KT,Min,-158.02911995995112,-3.238615197168989,-3.4725755408074876,-0.23074238327399896,-23.47802135605701,-3.9151043066540296
97,0.0,BAO KT,Max,-92.3980782576968,0.3251915884837596,0.21162644550021756,0.3829715831616918,2.0257987007357,3.5667034896843752
97,11.045304974439102,BAO KT,Max,-92.3980782576968,0.3251915884837596,0.21162644550021756,0.3829715831616918,0.001219395740696798,0.0999999907157308
97,22.090609948878203,BAO KT,Max,-92.3980782576968,0.3251915884837596,0.21162644550021756,0.3829715831616918,1.7132564678293565,0.16581593056251007
97,0.0,BAO KT,Min,-195.34932186671568,-0.006090256783251022,-0.17218208964163145,-0.10367584442184687,-2.090350914626706,0.03127844347520206
97,11.045304974439102,BAO KT,Min,-195.34932186671568,-0.006090256783251022,-0.17218208964163145,-0.10367584442184687,-0.5141408775829219,-0.1089501007124043
97,22.090609948878203,BAO KT,Min,-195.34932186671568,-0.006090256783251022,-0.17218208964163145,-0.10367584442184687,-2.6491585616771367,-3.616977050166472
98,0.0,BAO KT,Max,-31.257370261861332,1.1528732106715598,4.326171604249683,0.8830793503349488,19.326817380454067,5.737224102194297
98,4.9315549744391,BAO KT,Max,-31.257370261861332,1.1528732106715598,4.326171604249683,0.8830793503349488,-0.6717580824738506,0.05176648520938922
98,9.8631099488782,BAO KT,Max,-31.257370261861332,1.1528732106715598,4.326171604249683,0.8830793503349488,12.969375532973269,13.967239863863215
98,0.0,BAO KT,Min,-162.0231440617348,-2.836405874138184,-2.794589172269154,-0.2646760510919606,-14.59396473506192,-14.008543132405674
98,4.9315549744391,BAO KT,Min,-162.0231440617348,-2.836405874138184,-2.794589172269154,-0.2646760510919606,-2.118059673324173,-0.12034736968492811
98,9.8631099488782,BAO KT,Min,-162.0231440617348,-2.836405874138184,-2.794589172269154,-0.2646760510919606,-23.342688809975346,-5.633691131775518
99,0.0,BAO KT,Max,-82.74749321882437,0.3185852329985168,0.15086714007108373,0.3290346871144596,1.4169457364327773,4.03252924464812
99,12.8040549744391,BAO KT,Max,-82.74749321882437,0.3185852329985168,0.15086714007108373,0.3290346871144596,0.01281454560668952,-0.04023290115543547
99,25.6081099488782,BAO KT,Max,-82.74749321882437,0.3185852329985168,0.15086714007108373,0.3290346871144596,1.8804090624887497,-0.43485236452993314
99,0.0,BAO KT,Min,-179.126683041864,0.030819881995374238,-0.14902545320393099,-0.08844564167316987,-1.935851128338918,0.3543865622190621
99,12.8040549744391,BAO KT,Min,-179.126683041864,0.030819881995374238,-0.14902545320393099,-0.08844564167316987,-0.5221490746579633,-0.08786941158876066
99,25.6081099488782,BAO KT,Min,-179.126683041864,0.030819881995374238,-0.14902545320393099,-0.08844564167316987,-2.4464765741803434,-4.1258364300668795
100,0.0,BAO KT,Max,-36.745241754941986,1.5497013407264277,4.144247915981548,0.8708320273432293,18.497679395905212,7.668441635341105
100,4.9315549744391,BAO KT,Max,-36.745241754941986,1.5497013407264277,4.144247915981548,0.8708320273432293,-0.621290879029556,0.17425561870057638
100,9.8631099488782,BAO KT,Max,-36.745241754941986,1.5497013407264277,4.144247915981548,0.8708320273432293,9.828762657006619,11.981422827282493
100,0.0,BAO KT,Min,-162.054825150374,-2.4291404096994227,-2.1527468182402867,-0.2545170747670663,-11.404015903395043,-11.977456114845955
100,4.9315549744391,BAO KT,Min,-162.054825150374,-2.4291404096994227,-2.1527468182402867,-0.2545170747670663,-2.0994733599772335,-0.15211816013001214
100,9.8631099488782,BAO KT,Min,-162.054825150374,-2.4291404096994227,-2.1527468182402867,-0.2545170747670663,-22.377493454830148,-7.61643307616761
101,0.0,BAO KT,Max,-88.28775121461963,0.3537635682647527,0.19411519314856562,0.35391820631158477,1.6912846949601574,4.131094415087598
101,11.9246799744391,BAO KT,Max,-88.28775121461963,0.3537635682647527,0.19411519314856562,0.35391820631158477,-0.027182260413869654,-0.08496366352032521
101,23.8493599488782,BAO KT,Max,-88.28775121461963,0.3537635682647527,0.19411519314856562,0.35391820631158477,1.5924082865910865,-0.6054202683028062
101,0.0,BAO KT,Min,-189.3305157345443,0.043509939331070314,-0.14051657299221598,-0.09533506606087816,-1.7588220414830895,0.4322639361577424
101,11.9246799744391,BAO KT,Min,-189.3305157345443,0.043509939331070314,-0.14051657299221598,-0.09533506606087816,-0.6261171249935539,-0.17666136566099142
101,23.8493599488782,BAO KT,Min,-189.3305157345443,0.043509939331070314,-0.14051657299221598,-0.09533506606087816,-2.938238417985999,-4.3059402612580335
103,0.0,BAO KT,Max,-35.660841604593344,1.9571752839463412,3.948145813788325,0.8683561098366473,17.659047499276273,9.65490358895143
103,4.9315549744391,BAO KT,Max,-35.660841604593344,1.9571752839463412,3.948145813788325,0.8683561098366473,-0.5719781654969589,0.009463335806801976
103,9.8631099488782,BAO KT,Max,-35.660841604593344,1.9571752839463412,3.948145813788325,0.8683561098366473,6.737812326800988,10.131159829305112
103,0.0,BAO KT,Min,-135.81948330773798,-2.0705284989372403,-1.5200275553118705,-0.2339410522222427,-8.254386576564531,-10.290690407998632
103,4.9315549744391,BAO KT,Min,-135.81948330773798,-2.0705284989372403,-1.5200275553118705,-0.2339410522222427,-2.0642035875754785,-0.3804385341539805
103,9.8631099488782,BAO KT,Min,-135.81948330773798,-2.0705284989372403,-1.5200275553118705,-0.2339410522222427,-21.281948756321174,-9.648931425838246
104,0.0,BAO KT,Max,-88.40125023656906,0.3826106046555996,0.20855894780905931,0.38218802549771297,2.0293501067085837,4.127039241105835
104,11.045304974439102,BAO KT,Max,-88.40125023656906,0.3826106046555996,0.20855894780905931,0.38218802549771297,0.03099111406477388,-0.09807774089845724
104,22.090609948878203,BAO KT,Max,-88.40125023656906,0.3826106046555996,0.20855894780905931,0.38218802549771297,1.1076187144088525,-0.6431933060229129
104,0.0,BAO KT,Min,-187.1541092595569,0.04902512863644638,-0.11624836065707003,-0.10320110536872842,-1.4603784780629998,0.43980168837840317
104,11.045304974439102,BAO KT,Min,-187.1541092595569,0.04902512863644638,-0.11624836065707003,-0.10320110536872842,-0.4937628937449857,-0.20730836319668625
104,22.090609948878203,BAO KT,Min,-187.1541092595569,0.04902512863644638,-0.11624836065707003,-0.10320110536872842,-2.5778442606897913,-4.325062388645459
105,0.0,BAO KT,Max,-36.678670067101095,2.2929941727483287,3.699447005142193,0.8571218148487939,16.657473417150115,11.421693167522733
105,4.9315549744391,BAO KT,Max,-36.678670067101095,2.2929941727483287,3.699447005142193,0.8571218148487939,-0.5263623306279869,0.2295466313618548
105,9.8631099488782,BAO KT,Max,-36.678670067101095,2.2929941727483287,3.699447005142193,0.8571218148487939,3.793141616679412,10.446303914593361
105,0.0,BAO KT,Min,-121.27866577105037,-2.107607882842477,-0.9108607899300505,-0.23563690209824167,-5.1907785025227255,-10.341264363004395
105,4.9315549744391,BAO KT,Min,-121.27866577105037,-2.107607882842477,-0.9108607899300505,-0.23563690209824167,-1.980158022586449,-0.1470003481881799
105,9.8631099488782,BAO KT,Min,-121.27866577105037,-2.107607882842477,-0.9108607899300505,-0.23563690209824167,-19.83057914461552,-11.194360470431048
106,0.0,BAO KT,Max,-79.34589905557381,0.34790902583361605,0.18443719514258433,0.32873388824110206,1.7533473181010446,4.385639445554537
106,12.8040549744391,BAO KT,Max,-79.34589905557381,0.34790902583361605,0.18443719514258433,0.32873388824110206,-0.07402298978948471,-0.05746917051725321
106,25.6081099488782,BAO KT,Max,-79.34589905557381,0.34790902583361605,0.18443719514258433,0.32873388824110206,1.4413661295410294,-0.5032307515345582
106,0.0,BAO KT,Min,-171.58720856030885,0.03481409459012669,-0.11980561403366055,-0.0880807181752997,-1.626629207125815,0.3882924105000518
106,12.8040549744391,BAO KT,Min,-171.58720856030885,0.03481409459012669,-0.11980561403366055,-0.0880807181752997,-0.6169943171698582,-0.20466472457790086
106,25.6081099488782,BAO KT,Min,-171.58720856030885,0.03481409459012669,-0.11980561403366055,-0.0880807181752997,-2.9697406537729596,-4.5236531401998095
107,0.0,BAO KT,Max,-47.94230603762795,2.7229276970078864,3.7217078566578676,0.8486502521911881,16.51827697335168,13.494342782709804
107,4.9315549744391,BAO KT,Max,-47.94230603762795,2.7229276970078864,3.7217078566578676,0.8486502521911881,-0.5733084255106753,0.35693540778451616
107,9.8631099488782,BAO KT,Max,-47.94230603762795,2.7229276970078864,3.7217078566578676,0.8486502521911881,0.6776717571513426,11.03870239145656
107,0.0,BAO KT,Min,-152.8083852339612,-2.2020108193474344,-0.27740037906428217,-0.2312772409436791,-2.058358681420163,-10.679972428386558
107,4.9315549744391,BAO KT,Min,-152.8083852339612,-2.2020108193474344,-0.27740037906428217,-0.2312772409436791,-1.9841246510255852,-0.011239428340141286
107,9.8631099488782,BAO KT,Min,-152.8083852339612,-2.2020108193474344,-0.27740037906428217,-0.2312772409436791,-20.1893368144687,-13.362192475724685
108,0.0,BAO KT,Max,-79.61421245525348,0.40154777746965903,0.22206489659838197,0.3536078684306756,1.9712307469322479,4.629052570823024
108,11.9246799744391,BAO KT,Max,-79.61421245525348,0.40154777746965903,0.22206489659838197,0.3536078684306756,-0.07906717026459847,-0.15555948785526905
108,23.8493599488782,BAO KT,Max,-79.61421245525348,0.40154777746965903,0.22206489659838197,0.3536078684306756,1.2188929175231182,-0.8865748991015847
108,0.0,BAO KT,Min,-171.84709357155384,0.06116192923636134,-0.1126897186600477,-0.09495103711589459,-1.4686847453381757,0.5720979664242138
108,11.9246799744391,BAO KT,Min,-171.84709357155384,0.06116192923636134,-0.1126897186600477,-0.09495103711589459,-0.6811775234593023,-0.38683052763809994
108,23.8493599488782,BAO KT,Min,-171.84709357155384,0.06116192923636134,-0.1126897186600477,-0.09495103711589459,-3.3248749040529813,-4.947604910722918
109,0.0,BAO KT,Max,-53.10421994261224,3.119009509725682,3.6202876782139697,0.8471758195857019,15.995481823781436,15.45965870845049
109,4.9315549744391,BAO KT,Max,-53.10421994261224,3.119009509725682,3.6202876782139697,0.8471758195857019,-0.5391400071045259,0.12221524609480441
109,9.8631099488782,BAO KT,Max,-53.10421994261224,3.119009509725682,3.6202876782139697,0.8471758195857019,-2.190104786401452,10.154257442426612
109,0.0,BAO KT,Min,-165.78947108446067,-2.062136969580992,0.31851530674783657,-0.22707552945859957,0.9514467044531267,-10.222514500076148
109,4.9315549744391,BAO KT,Min,-165.78947108446067,-2.062136969580992,0.31851530674783657,-0.22707552945859957,-1.9097841333664778,-0.058785607335119734
109,9.8631099488782,BAO KT,Min,-165.78947108446067,-2.062136969580992,0.31851530674783657,-0.22707552945859957,-19.711813593011932,-15.303475017570602
110,0.0,BAO KT,Max,-77.98071369885584,0.44315944164661925,0.20750382141305163,0.38180596476113127,2.0476756939567915,4.71039951057082
110,11.045304974439102,BAO KT,Max,-77.98071369885584,0.44315944164661925,0.20750382141305163,0.38180596476113127,0.03572862624933907,-0.1835414035202584
110,22.090609948878203,BAO KT,Max,-77.98071369885584,0.44315944164661925,0.20750382141305163,0.38180596476113127,0.9500728064675623,-1.0914095294438673
110,0.0,BAO KT,Min,-165.66751283142736,0.0794064929080252,-0.1000812524596214,-0.10283966982189152,-1.2607831048131413,0.6627283327956811
110,11.045304974439102,BAO KT,Min,-165.66751283142736,0.0794064929080252,-0.1000812524596214,-0.10283966982189152,-0.44950092822864846,-0.44904164489742354
110,22.090609948878203,BAO KT,Min,-165.66751283142736,0.0794064929080252,-0.1000812524596214,-0.10283966982189152,-2.536210287780613,-5.079262860007297
111,0.0,BAO KT,Max,-56.6993237666933,3.5068021743771354,3.4261315304223228,0.8440739891869716,15.261895046929817,17.40473070799051
111,4.9315549744391,BAO KT,Max,-56.6993237666933,3.5068021743771354,3.4261315304223228,0.8440739891869716,-0.42668798499921534,0.1107430005670948
111,9.8631099488782,BAO KT,Max,-56.6993237666933,3.5068021743771354,3.4261315304223228,0.8440739891869716,-4.7737711876812465,10.01295066437728
111,0.0,BAO KT,Min,-167.0245381450052,-2.0436517647744683,0.8710990848131723,-0.23172472601117766,3.8179748621982483,-10.143811388812273
111,4.9315549744391,BAO KT,Min,-167.0245381450052,-2.0436517647744683,0.8710990848131723,-0.23172472601117766,-1.6704998102351947,-0.1790273783368343
111,9.8631099488782,BAO KT,Min,-167.0245381450052,-2.0436517647744683,0.8710990848131723,-0.23172472601117766,-18.53041693694389,-17.18324470685632
112,0.0,BAO KT,Max,-76.59744961210244,0.35922547554688355,0.24871230366521505,0.3289756608262384,2.4683268279335016,4.58572985408021
112,12.8040549744391,BAO KT,Max,-76.59744961210244,0.35922547554688355,0.24871230366521505,0.3289756608262384,-0.14897929812515398,0.11016281876779557
112,25.6081099488782,BAO KT,Max,-76.59744961210244,0.35922547554688355,0.24871230366521505,0.3289756608262384,1.2771294065561696,0.15948253211660285
112,0.0,BAO KT,Min,-165.01852542096117,-0.004053527139378833,-0.11285932964616896,-0.08798780885636877,-1.6129847157796138,0.05567936345062796
112,12.8040549744391,BAO KT,Min,-165.01852542096117,-0.004053527139378833,-0.11285932964616896,-0.08798780885636877,-0.7262675138446534,-0.04460932580824596
112,25.6081099488782,BAO KT,Min,-165.01852542096117,-0.004053527139378833,-0.11285932964616896,-0.08798780885636877,-3.9007251899641084,-4.613355620162443
113,0.0,BAO KT,Max,-61.38160587211449,3.9464281778429435,3.181076158691718,0.8480882829301108,14.36394071289316,19.516789664460607
113,4.9315549744391,BAO KT,Max,-61.38160587211449,3.9464281778429435,3.181076158691718,0.8480882829301108,-0.3015002525363419,0.1912703566966986
113,9.8631099488782,BAO KT,Max,-61.38160587211449,3.9464281778429435,3.181076158691718,0.8480882829301108,-6.403199633766248,10.843869837360746
113,0.0,BAO KT,Min,-158.63622049327998,-2.169544380568274,1.1479077261431345,-0.22729653368363806,4.918740480350254,-10.554584927154991
113,4.9315549744391,BAO KT,Min,-158.63622049327998,-2.169544380568274,1.1479077261431345,-0.22729653368363806,-1.4291271621346358,-0.3195577564661971
113,9.8631099488782,BAO KT,Min,-158.63622049327998,-2.169544380568274,1.1479077261431345,-0.22729653368363806,-17.01136319603837,-19.4072653589554
114,0.0,BAO KT,Max,-77.27847386910092,0.371932644017296,0.25733052401224155,0.3289829877712289,2.7095495877573925,4.7979466500663825
114,12.8040549744391,BAO KT,Max,-77.27847386910092,0.371932644017296,0.25733052401224155,0.3289829877712289,-0.077268155303275,0.10205210591596099
114,25.6081099488782,BAO KT,Max,-77.27847386910092,0.371932644017296,0.25733052401224155,0.3289829877712289,1.70991436134805,0.08346922805068063
114,0.0,BAO KT,Min,-165.17978929076094,0.0006704563507310326,-0.14085006858153287,-0.08846068384996426,-1.896989681194879,0.10063834799612456
114,12.8040549744391,BAO KT,Min,-165.17978929076094,0.0006704563507310326,-0.14085006858153287,-0.08846068384996426,-0.5981413794407571,-0.01308962837059291
114,25.6081099488782,BAO KT,Min,-165.17978929076094,0.0006704563507310326,-0.14085006858153287,-0.08846068384996426,-3.880198764350532,-4.726545391505509
115,0.0,BAO KT,Max,-59.012594583038684,4.290435554054845,3.2807586205735575,0.8551858707767463,15.856797345152696,21.32342090522529
115,4.9315549744391,BAO KT,Max,-59.012594583038684,4.290435554054845,3.2807586205735575,0.8551858707767463,-0.3224441500707911,0.17306866829800524
115,9.8631099488782,BAO KT,Max,-59.012594583038684,4.290435554054845,3.2807586205735575,0.8551858707767463,-6.826044883104581,10.226398848560606
115,0.0,BAO KT,Min,-131.40954125244545,-2.07725656747944,1.294185950749697,-0.226172767407155,5.397899832336726,-10.26181106851844
115,4.9315549744391,BAO KT,Min,-131.40954125244545,-2.07725656747944,1.294185950749697,-0.226172767407155,-1.5411910950840695,-0.1419921765798547
115,9.8631099488782,BAO KT,Min,-131.40954125244545,-2.07725656747944,1.294185950749697,-0.226172767407155,-16.501685645294277,-20.993616692993804
116,0.0,BAO KT,Max,-76.97326797228234,0.3903191043778088,0.31304286241673024,0.3536581994196163,3.0790606418762128,4.779677879700428
116,11.9246799744391,BAO KT,Max,-76.97326797228234,0.3903191043778088,0.31304286241673024,0.3536581994196163,-0.09004404771383107,0.2440601209115524
116,23.8493599488782,BAO KT,Max,-76.97326797228234,0.3903191043778088,0.31304286241673024,0.3536581994196163,1.5400645031274478,0.6651181748925044
116,0.0,BAO KT,Min,-164.6464220937586,-0.036094078775803534,-0.13946328301796163,-0.09516817231414389,-1.7860455332201912,-0.1957025018547991
116,11.9246799744391,BAO KT,Min,-164.6464220937586,-0.036094078775803534,-0.13946328301796163,-0.09516817231414389,-0.659932480254451,0.11286875842489394
116,23.8493599488782,BAO KT,Min,-164.6464220937586,-0.036094078775803534,-0.13946328301796163,-0.09516817231414389,-4.386811263327542,-4.529182935529695
117,0.0,BAO KT,Max,-59.300521753931456,4.7588479978971066,3.9612595418781993,0.8602283464842747,19.148377307613313,23.4123336355473
117,4.9315549744391,BAO KT,Max,-59.300521753931456,4.7588479978971066,3.9612595418781993,0.8602283464842747,-0.3867918911804715,0.43508088138931644
117,9.8631099488782,BAO KT,Max,-59.300521753931456,4.7588479978971066,3.9612595418781993,0.8602283464842747,-6.260536160788423,10.64982576475692
117,0.0,BAO KT,Min,-142.97727693401737,-2.132753739142922,1.1660500053243235,-0.22813281373568203,5.2403432476153915,-10.385758858290815
117,4.9315549744391,BAO KT,Min,-142.97727693401737,-2.132753739142922,1.1660500053243235,-0.22813281373568203,-1.6247559896952697,-0.29750758583220926
117,9.8631099488782,BAO KT,Min,-142.97727693401737,-2.132753739142922,1.1660500053243235,-0.22813281373568203,-19.921961089974253,-23.613335566383093
119,0.0,BAO KT,Max,-75.6155382383311,0.4275553900531507,0.2964993670194115,0.38190436719546433,2.9415175786496217,4.875354589910982
119,11.045304974439102,BAO KT,Max,-75.6155382383311,0.4275553900531507,0.2964993670194115,0.38190436719546433,-0.017519108812820625,0.2885087067289963
119,22.090609948878203,BAO KT,Max,-75.6155382383311,0.4275553900531507,0.2964993670194115,0.38190436719546433,1.3395820260980202,0.8744029462213411
119,0.0,BAO KT,Min,-158.83681344990504,-0.05363586912139062,-0.13479014477737317,-0.10308750237831446,-1.6380144871317528,-0.3104461178083798
119,11.045304974439102,BAO KT,Min,-158.83681344990504,-0.05363586912139062,-0.13479014477737317,-0.10308750237831446,-0.42724781746833507,0.14654078627599787
119,22.090609948878203,BAO KT,Min,-158.83681344990504,-0.05363586912139062,-0.13479014477737317,-0.10308750237831446,-3.6213508985844225,-4.569604763293649
120,0.0,BAO KT,Max,-77.7741519299931,0.3983321964345452,0.2687421954556087,0.32937511030991606,2.9748757102581727,5.126961799270363
120,12.8040549744391,BAO KT,Max,-77.7741519299931,0.3983321964345452,0.2687421954556087,0.32937511030991606,0.008669523128123888,0.19823946192256772
120,25.6081099488782,BAO KT,Max,-77.7741519299931,0.3983321964345452,0.2687421954556087,0.32937511030991606,2.115626641611078,0.4449957440742841
120,0.0,BAO KT,Min,-164.2284772532413,-0.020477181094391672,-0.16663198293664266,-0.08858081933733426,-2.1623603759450924,-0.07938616083398795
120,12.8040549744391,BAO KT,Min,-164.2284772532413,-0.020477181094391672,-0.16663198293664266,-0.08858081933733426,-0.47997592978194403,-0.24480398740307258
120,25.6081099488782,BAO KT,Min,-164.2284772532413,-0.020477181094391672,-0.16663198293664266,-0.08858081933733426,-3.9071039788719695,-5.073572883203619
121,0.0,BAO KT,Max,-82.71440556642355,0.43165865141124987,0.33711407870371246,0.35402380853730236,3.4637523333840905,5.227616651759692
121,11.9246799744391,BAO KT,Max,-82.71440556642355,0.43165865141124987,0.33711407870371246,0.35402380853730236,-0.035232613358035625,0.30253134010602145
121,23.8493599488782,BAO KT,Max,-82.71440556642355,0.43165865141124987,0.33711407870371246,0.35402380853730236,1.8813856814107857,0.8765968775668854
121,0.0,BAO KT,Min,-173.48927982970272,-0.049373645068277454,-0.16422044151435988,-0.09534780704374622,-2.0351667392288837,-0.3009329556546184
121,11.9246799744391,BAO KT,Min,-173.48927982970272,-0.049373645068277454,-0.16422044151435988,-0.09534780704374622,-0.562559028680555,-0.19025245449264627
121,23.8493599488782,BAO KT,Min,-173.48927982970272,-0.049373645068277454,-0.16422044151435988,-0.09534780704374622,-4.576202673455203,-5.0671659007945475
122,0.0,BAO KT,Max,-83.54794176816267,0.4790597034950561,0.3637184668313797,0.38240146396867225,3.663829030112148,5.393505494204797
122,11.045304974439102,BAO KT,Max,-83.54794176816267,0.4790597034950561,0.3637184668313797,0.38240146396867225,-0.015298332254200915,0.34400642041335944
122,22.090609948878203,BAO KT,Max,-83.54794176816267,0.4790597034950561,0.3637184668313797,0.38240146396867225,1.458067990331736,1.066001774564348
122,0.0,BAO KT,Min,-171.84727372111848,-0.0666214333292304,-0.147003475864885,-0.10343127822861078,-1.7893284561287697,-0.40570632334687506
122,11.045304974439102,BAO KT,Min,-171.84727372111848,-0.0666214333292304,-0.147003475864885,-0.10343127822861078,-0.44774409809871984,-0.1659587966832512
122,22.090609948878203,BAO KT,Min,-171.84727372111848,-0.0666214333292304,-0.147003475864885,-0.10343127822861078,-4.371856520063297,-5.18921555792973
123,0.0,BAO KT,Max,-52.92657596765761,0.12360472153651264,0.6047015470526188,0.42440099193233477,6.83595705293324,1.3952798837206175
123,11.203187775934564,BAO KT,Max,-52.92657596765761,0.12360472153651264,0.6047015470526188,0.42440099193233477,0.41145726856785286,0.250041212905952
123,22.40637555186913,BAO KT,Max,-52.92657596765761,0.12360472153651264,0.6047015470526188,0.42440099193233477,2.09234742465525,3.0610659979131665
123,0.0,BAO KT,Min,-153.71977399820327,-0.2515208081948006,-0.1619094988812493,-0.08443049826470533,-1.5354576126929569,-2.5746036896091775
123,11.203187775934564,BAO KT,Min,-153.71977399820327,-0.2515208081948006,-0.1619094988812493,-0.08443049826470533,0.024354792516752762,-0.012585852297963175
123,22.40637555186913,BAO KT,Min,-153.71977399820327,-0.2515208081948006,-0.1619094988812493,-0.08443049826470533,-6.713212907123997,-1.3742539270106908
125,0.0,BAO KT,Max,-54.283251062665926,0.1086571843534651,0.5018019742339563,0.4472331452868062,6.18914004982821,1.3300618696425353
125,12.091005522870606,BAO KT,Max,-54.283251062665926,0.1086571843534651,0.5018019742339563,0.4472331452868062,0.7596713406881009,0.2467792224096462
125,24.182011045741213,BAO KT,Max,-54.283251062665926,0.1086571843534651,0.5018019742339563,0.4472331452868062,2.927993880173875,3.3701990024781994
125,0.0,BAO KT,Min,-164.7334118094576,-0.2589340055585727,-0.180851312881725,-0.07282683777813685,-1.4453545655687998,-2.8913459800572223
125,12.091005522870606,BAO KT,Min,-164.7334118094576,-0.2589340055585727,-0.180851312881725,-0.07282683777813685,0.12184960797807029,0.008089943665234517
125,24.182011045741213,BAO KT,Min,-164.7334118094576,-0.2589340055585727,-0.180851312881725,-0.07282683777813685,-5.94544083387207,-1.297487362592097
126,0.0,BAO KT,Max,-56.96650092850866,0.21651528306065082,0.17720126894579769,0.32803592307376805,1.3772212138232285,2.305143835478907
126,11.7615173670479,BAO KT,Max,-56.96650092850866,0.21651528306065082,0.17720126894579769,0.32803592307376805,-0.13972181480517654,-0.00381235254026456
126,23.5230347340958,BAO KT,Max,-56.96650092850866,0.21651528306065082,0.17720126894579769,0.32803592307376805,5.709631874560626,1.8373743429349887
126,0.0,BAO KT,Min,-169.92686024155302,-0.1576563948000217,-0.506849094316928,-0.1725144016471404,-6.21299697600147,-1.8711825079982418
126,11.7615173670479,BAO KT,Min,-169.92686024155302,-0.1576563948000217,-0.506849094316928,-0.1725144016471404,-0.7933234886104596,-0.24951976994224198
126,23.5230347340958,BAO KT,Min,-169.92686024155302,-0.1576563948000217,-0.506849094316928,-0.1725144016471404,-2.7910903905146216,-2.7879526884193657
127,0.0,BAO KT,Max,-52.97142921419186,0.20178713138530163,0.16395265994483615,0.36125039371494494,1.5570186018721421,1.951526231593895
127,10.89042744496353,BAO KT,Max,-52.97142921419186,0.20178713138530163,0.16395265994483615,0.36125039371494494,-0.005107211150912725,0.016749020631204675
127,21.78085488992706,BAO KT,Max,-52.97142921419186,0.20178713138530163,0.16395265994483615,0.36125039371494494,6.431005029888964,1.8544566853195505
127,0.0,BAO KT,Min,-156.5189693134366,-0.17292943421732263,-0.6097545205132512,-0.1431922527948485,-6.849969699887211,-1.9120942275651411
127,10.89042744496353,BAO KT,Min,-156.5189693134366,-0.17292943421732263,-0.6097545205132512,-0.1431922527948485,-0.4852302854631962,-0.2518851473717354
127,21.78085488992706,BAO KT,Min,-156.5189693134366,-0.17292943421732263,-0.6097545205132512,-0.1431922527948485,-2.0140104932038905,-2.4435699957640065
128,0.0,BAO KT,Max,-28.607057830025614,0.009394247736487206,0.08061032420370788,0.43405977822249037,1.1265026306479031,-0.0752458879896239
128,11.761517367047883,BAO KT,Max,-28.607057830025614,0.009394247736487206,0.08061032420370788,0.43405977822249037,0.706159628136017,-0.0031069056533385773
128,23.523034734095766,BAO KT,Max,-28.607057830025614,0.009394247736487206,0.08061032420370788,0.43405977822249037,4.148641692118984,4.871410275817594
128,0.0,BAO KT,Min,-149.24429658083454,-0.415857257340734,-0.3012258531247523,-0.07680880510326722,-2.9371045137421934,-4.910814433034292
128,11.761517367047883,BAO KT,Min,-149.24429658083454,-0.415857257340734,-0.3012258531247523,-0.07680880510326722,0.06983779126400304,-0.19104390991066017
128,23.523034734095766,BAO KT,Min,-149.24429658083454,-0.415857257340734,-0.3012258531247523,-0.07680880510326722,-0.7696968255226382,-0.296227103795713
129,0.0,BAO KT,Max,-27.061489051831003,0.015850456008085073,0.07483892358624125,0.4220147114777154,0.9629750610069743,-0.02035935186733187
129,10.890427444963528,BAO KT,Max,-27.061489051831003,0.015850456008085073,0.07483892358624125,0.4220147114777154,0.4079861421393115,0.046963236246713475
129,21.780854889927056,BAO KT,Max,-27.061489051831003,0.015850456008085073,0.07483892358624125,0.4220147114777154,2.9909254850778195,4.9159498356645095
129,0.0,BAO KT,Min,-139.7974888122916,-0.45300949491786097,-0.2526832808104689,-0.08900099544384714,-2.5346015182740977,-4.9509842369005685
129,10.890427444963528,BAO KT,Min,-139.7974888122916,-0.45300949491786097,-0.2526832808104689,-0.08900099544384714,-0.026998873098910352,-0.19974514732500986
129,21.780854889927056,BAO KT,Min,-139.7974888122916,-0.45300949491786097,-0.2526832808104689,-0.08900099544384714,-0.6670806737432855,-0.3655958341186053
132,0.0,BAO KT,Max,-69.21425220732256,0.39632425598294685,0.2833630165169253,0.34304967239670636,2.7835387264693727,4.458226895872308
132,11.203187775934563,BAO KT,Max,-69.21425220732256,0.39632425598294685,0.2833630165169253,0.34304967239670636,-0.02653047192915242,0.19694595718938834
132,22.406375551869125,BAO KT,Max,-69.21425220732256,0.39632425598294685,0.2833630165169253,0.34304967239670636,0.8194605459888892,0.9611739707108636
132,0.0,BAO KT,Min,-166.0762061521511,-0.06877144498368482,-0.08310080764479755,-0.14146314484642858,-1.0425273587640815,-0.5797448528382846
132,11.203187775934563,BAO KT,Min,-166.0762061521511,-0.06877144498368482,-0.08310080764479755,-0.14146314484642858,-0.46313724372000803,-0.032786284806801624
132,22.406375551869125,BAO KT,Min,-166.0762061521511,-0.06877144498368482,-0.08310080764479755,-0.14146314484642858,-3.5655994391193495,-4.421963223996715
135,0.0,BAO KT,Max,-69.97069302065367,0.36331587451925984,0.3353868250821818,0.30900246830776595,3.252312271400574,4.414177585147384
135,12.091005522870622,BAO KT,Max,-69.97069302065367,0.36331587451925984,0.3353868250821818,0.30900246830776595,-0.15272866803262042,0.18870243790684244
135,24.182011045741245,BAO KT,Max,-69.97069302065367,0.36331587451925984,0.3353868250821818,0.30900246830776595,0.8582371453781404,0.8910182086571584
135,0.0,BAO KT,Min,-175.04069300578527,-0.058477425525103585,-0.08361304702892397,-0.17718018236781816,-1.1636944814433812,-0.5230835413174075
135,12.091005522870622,BAO KT,Min,-175.04069300578527,-0.058477425525103585,-0.08361304702892397,-0.17718018236781816,-0.80285168296613,0.009113754593689778
135,24.182011045741245,BAO KT,Min,-175.04069300578527,-0.058477425525103585,-0.08361304702892397,-0.17718018236781816,-4.858015637332834,-4.371530905570497
136,0.0,BAO KT,Max,-56.48615603761665,1.5543827718687364,1.088116719099555,0.6062206223612484,6.870978238122472,9.97296868701729
136,6.383701963666195,BAO KT,Max,-56.48615603761665,1.5543827718687364,1.088116719099555,0.6062206223612484,0.295962564515202,0.34663024931165787
136,12.76740392733239,BAO KT,Max,-56.48615603761665,1.5543827718687364,1.088116719099555,0.6062206223612484,-2.824177622021728,5.374194076189191
136,0.0,BAO KT,Min,-216.77029542139888,-0.7947703868389364,0.40198703975933603,-0.23060103722880254,2.3081532881383406,-4.772960482065729
136,6.383701963666195,BAO KT,Min,-216.77029542139888,-0.7947703868389364,0.40198703975933603,-0.23060103722880254,-0.7177359710750069,-0.18467520078650315
136,12.76740392733239,BAO KT,Min,-216.77029542139888,-0.7947703868389364,0.40198703975933603,-0.23060103722880254,-7.021447434705225,-9.872464019117427
137,0.0,BAO KT,Max,-15.673606371858927,0.7254503460033823,-0.41313258350798654,0.7281498638408883,-2.3370790939412602,4.18214910492774
137,6.161576205882879,BAO KT,Max,-15.673606371858927,0.7254503460033823,-0.41313258350798654,0.7281498638408883,0.5806285042496769,0.230074636873415
137,12.323152411765758,BAO KT,Max,-15.673606371858927,0.7254503460033823,-0.41313258350798654,0.7281498638408883,7.5085783270446385,11.464332696490585
137,0.0,BAO KT,Min,-183.0762434877936,-1.8704041378661693,-1.215057424365344,-0.17800090181584466,-7.464759502457042,-11.584942566031554
137,6.161576205882879,BAO KT,Min,-183.0762434877936,-1.8704041378661693,-1.215057424365344,-0.17800090181584466,-0.43985108913157767,-0.33384140729561296
137,12.323152411765758,BAO KT,Min,-183.0762434877936,-1.8704041378661693,-1.215057424365344,-0.17800090181584466,2.754016698894202,-4.757686076040145
138,0.0,BAO KT,Max,-75.05877926449963,1.6629538194692932,2.3020732757379347,0.7527213456199295,14.817660527909938,10.68586937278269
138,6.383701963666196,BAO KT,Max,-75.05877926449963,1.6629538194692932,2.3020732757379347,0.7527213456199295,0.5893739048805136,0.38953735846051957
138,12.767403927332392,BAO KT,Max,-75.05877926449963,1.6629538194692932,2.3020732757379347,0.7527213456199295,9.54709440458993,1.7410650421194274
138,0.0,BAO KT,Min,-189.2460416203987,-0.22074747930295405,-1.4626933163843792,-0.17897085115627617,-9.127701987498833,-1.077307192081834
138,6.383701963666196,BAO KT,Min,-189.2460416203987,-0.22074747930295405,-1.4626933163843792,-0.17897085115627617,-0.21664574045012996,-0.017517508250541772
138,12.767403927332392,BAO KT,Min,-189.2460416203987,-0.22074747930295405,-1.4626933163843792,-0.17897085115627617,-14.582776579835562,-10.545733752881967
139,0.0,BAO KT,Max,-5.558922498216958,0.04871765007568288,1.5922548052617467,0.6575652678384993,9.718869243946033,-0.01640804023874734
139,6.161576205882876,BAO KT,Max,-5.558922498216958,0.04871765007568288,1.5922548052617467,0.6575652678384993,0.27263093562965224,0.016141510067437154
139,12.323152411765752,BAO KT,Max,-5.558922498216958,0.04871765007568288,1.5922548052617467,0.6575652678384993,14.439562584781743,12.329463842041626
139,0.0,BAO KT,Min,-166.24983422891273,-2.0127639450212635,-2.4095304626781413,-0.2496148792263044,-15.253448547593441,-12.474133021362306
139,6.161576205882876,BAO KT,Min,-166.24983422891273,-2.0127639450212635,-2.4095304626781413,-0.2496148792263044,-0.8920741041887645,-0.385578523497686
139,12.323152411765752,BAO KT,Min,-166.24983422891273,-2.0127639450212635,-2.4095304626781413,-0.2496148792263044,-9.90272939966087,-0.6167630672644588
140,0.0,BAO KT,Max,-50.565936913987215,-0.10872679906897913,6.679504325159535,1.8439455365720943,34.85465248826284,-0.9472650726616906
140,5.648880029118092,BAO KT,Max,-50.565936913987215,-0.10872679906897913,6.679504325159535,1.8439455365720943,-0.9353356867006268,0.9357419982754364
140,11.297760058236184,BAO KT,Max,-50.565936913987215,-0.10872679906897913,6.679504325159535,1.8439455365720943,47.63349820076936,35.08111473088201
140,0.0,BAO KT,Min,-160.8332132989425,-6.349081105278636,-8.751175980946602,-0.6318870283151143,-51.23518825936502,-36.649280186837004
140,5.648880029118092,BAO KT,Min,-160.8332132989425,-6.349081105278636,-8.751175980946602,-0.6318870283151143,-3.959519295307592,-1.0352128118981763
140,11.297760058236184,BAO KT,Min,-160.8332132989425,-6.349081105278636,-8.751175980946602,-0.6318870283151143,-40.60878468534039,0.28110421511969286
141,0.0,BAO KT,Max,-10.434605560825254,7.194902629897153,-0.24013073604909746,1.736606664482472,-1.4137251654229175,43.44690529688865
141,5.803182938813023,BAO KT,Max,-10.434605560825254,7.194902629897153,-0.24013073604909746,1.736606664482472,0.808101927556119,3.7583462241063916
141,11.606365877626047,BAO KT,Max,-10.434605560825254,7.194902629897153,-0.24013073604909746,1.736606664482472,24.550729787258184,36.83695831216308
141,0.0,BAO KT,Min,-234.29076662979952,-5.914273189978858,-4.337157996806212,-0.46392213207962907,-25.787912792746376,-31.80626023096609
141,5.803182938813023,BAO KT,Min,-234.29076662979952,-5.914273189978858,-4.337157996806212,-0.46392213207962907,-0.6725239498327716,0.7876031308392263
141,11.606365877626047,BAO KT,Min,-234.29076662979952,-5.914273189978858,-4.337157996806212,-0.46392213207962907,1.3733200156265541,-40.059767079591566
142,0.0,BAO KT,Max,-19.120942523239187,6.467247063050529,-0.24075573675992198,1.6620286918791753,-1.631207022233756,38.9565046034158
142,5.8031829388130225,BAO KT,Max,-19.120942523239187,6.467247063050529,-0.24075573675992198,1.6620286918791753,0.5511098130920293,3.376479516065789
142,11.606365877626045,BAO KT,Max,-19.120942523239187,6.467247063050529,-0.24075573675992198,1.6620286918791753,23.97382201336141,34.644586559449706
142,0.0,BAO KT,Min,-211.2722625685583,-5.601103553089054,-4.1563040847076875,-0.442239641981222,-24.26576389242765,-30.363870596173093
142,5.8031829388130225,BAO KT,Min,-211.2722625685583,-5.601103553089054,-4.1563040847076875,-0.442239641981222,-0.4551975294108866,0.5899988295232342
142,11.606365877626045,BAO KT,Min,-211.2722625685583,-5.601103553089054,-4.1563040847076875,-0.442239641981222,0.9419520545756519,-36.104731031351115
143,0.0,BAO KT,Max,-25.654084496437278,5.641592339715947,-0.3658896095077826,1.6925528750339665,-1.8776794064711186,34.15887546118822
143,5.803182938813023,BAO KT,Max,-25.654084496437278,5.641592339715947,-0.3658896095077826,1.6925528750339665,1.0286093297306886,3.5145898529719317
143,11.606365877626047,BAO KT,Max,-25.654084496437278,5.641592339715947,-0.3658896095077826,1.6925528750339665,22.154632586021833,34.86197873523327
143,0.0,BAO KT,Min,-206.66631449965445,-5.6075344277517445,-3.8149962542052207,-0.42452735221601495,-22.123609762056823,-30.221117504637874
143,5.803182938813023,BAO KT,Min,-206.66631449965445,-5.6075344277517445,-3.8149962542052207,-0.42452735221601495,0.015511411982506336,0.6546918858058169
143,11.606365877626047,BAO KT,Min,-206.66631449965445,-5.6075344277517445,-3.8149962542052207,-0.42452735221601495,2.36896927229793,-31.319509365967434
144,0.0,BAO KT,Max,-26.47866160915367,4.646329781107242,0.23916366738194528,1.7624379668833492,1.5477615354329277,28.573114976095866
144,5.8031829388130225,BAO KT,Max,-26.47866160915367,4.646329781107242,0.23916366738194528,1.7624379668833492,0.8035216505131223,3.9041769032853773
144,11.606365877626045,BAO KT,Max,-26.47866160915367,4.646329781107242,0.23916366738194528,1.7624379668833492,19.515964929158407,37.00311585109363
144,0.0,BAO KT,Min,-199.92455712626412,-5.869501171566151,-3.372094591473073,-0.4153641973861214,-19.621798673442008,-31.120462265257835
144,5.8031829388130225,BAO KT,Min,-199.92455712626412,-5.869501171566151,-3.372094591473073,-0.4153641973861214,-0.0529168721418029,1.013046138613777
144,11.606365877626045,BAO KT,Min,-199.92455712626412,-5.869501171566151,-3.372094591473073,-0.4153641973861214,-1.2280594928367865,-25.35388845154492
145,0.0,BAO KT,Max,-25.89277045903762,3.7557044835963813,0.7467405073376752,1.7020692578509635,4.608971748342615,23.433948642575395
145,5.8031829388130225,BAO KT,Max,-25.89277045903762,3.7557044835963813,0.7467405073376752,1.7020692578509635,0.633168240720609,4.029949629125861
145,11.606365877626045,BAO KT,Max,-25.89277045903762,3.7557044835963813,0.7467405073376752,1.7020692578509635,17.287885165702207,37.940250337743834
145,0.0,BAO KT,Min,-191.03356361786433,-5.970240247446537,-2.9807693252636245,-0.4331706077169558,-17.308014220111936,-31.35254235144933
145,5.8031829388130225,BAO KT,Min,-191.03356361786433,-5.970240247446537,-2.9807693252636245,-0.4331706077169558,-0.028996072264147355,1.1827811732916216
145,11.606365877626045,BAO KT,Min,-191.03356361786433,-5.970240247446537,-2.9807693252636245,-0.4331706077169558,-4.0579717954625405,-20.15613172228479
146,0.0,BAO KT,Max,-31.309970833078204,2.936715795616392,1.2936691000591343,1.6676416514150478,7.813387603875209,18.6063104043947
146,5.8031829388130225,BAO KT,Max,-31.309970833078204,2.936715795616392,1.2936691000591343,1.6676416514150478,0.6814424597775552,3.9715038640433917
146,11.606365877626045,BAO KT,Max,-31.309970833078204,2.936715795616392,1.2936691000591343,1.6676416514150478,14.678104787489533,37.279451475670776
146,0.0,BAO KT,Min,-181.80276997537973,-5.85821372756063,-2.540095376894935,-0.43663279898423346,-14.803171520819507,-30.713120435729397
146,5.8031829388130225,BAO KT,Min,-181.80276997537973,-5.85821372756063,-2.540095376894935,-0.43663279898423346,-0.1344900298088176,1.1732275282491005
146,11.606365877626045,BAO KT,Min,-181.80276997537973,-5.85821372756063,-2.540095376894935,-0.43663279898423346,-7.201409295990318,-15.478287598132814
147,0.0,BAO KT,Max,-3.4244631345341148,0.4484213293748315,0.7080295002764723,1.0713569519969313,6.584717602323714,3.992407473967888
147,9.321373351118952,BAO KT,Max,-3.4244631345341148,0.4484213293748315,0.7080295002764723,1.0713569519969313,0.5004003953574697,0.04362663803180919
147,18.642746702237904,BAO KT,Max,-3.4244631345341148,0.4484213293748315,0.7080295002764723,1.0713569519969313,9.084229250407745,22.114162618591365
147,0.0,BAO KT,Min,-183.41572314664998,-2.411913113353523,-0.9323712303693806,-0.2832581424591754,-8.297731429822523,-22.850522621464386
147,9.321373351118952,BAO KT,Min,-183.41572314664998,-2.411913113353523,-0.9323712303693806,-0.2832581424591754,-0.15449749081417846,-0.4899334458996758
147,18.642746702237904,BAO KT,Min,-183.41572314664998,-2.411913113353523,-0.9323712303693806,-0.2832581424591754,-6.639445831654882,-4.3673977854478885
148,0.0,BAO KT,Max,-0.11582879449161254,0.4437488530776243,0.5515547715853769,1.065606904540213,5.215368228922043,3.9095371394308547
148,9.321373351118952,BAO KT,Max,-0.11582879449161254,0.4437488530776243,0.5515547715853769,1.065606904540213,0.4798350385504803,0.024591213248476518
148,18.642746702237904,BAO KT,Max,-0.11582879449161254,0.4437488530776243,0.5515547715853769,1.065606904540213,8.40696940768036,19.98927468321178
148,0.0,BAO KT,Min,-178.27150376791636,-2.179876349508472,-0.8665990020037793,-0.2807235017992618,-7.748816279088254,-20.649607942873686
148,9.321373351118952,BAO KT,Min,-178.27150376791636,-2.179876349508472,-0.8665990020037793,-0.2807235017992618,-0.08428152938945861,-0.44362634464117234
148,18.642746702237904,BAO KT,Min,-178.27150376791636,-2.179876349508472,-0.8665990020037793,-0.2807235017992618,-5.067127670154822,-4.363160327903877
149,0.0,BAO KT,Max,-3.10107265555369,0.41632258023401114,0.4591008821644914,1.013538159184935,4.147038544144887,3.701711409496828
149,9.321373351118952,BAO KT,Max,-3.10107265555369,0.41632258023401114,0.4591008821644914,1.013538159184935,0.17895294329535555,0.034932249312024766
149,18.642746702237904,BAO KT,Max,-3.10107265555369,0.41632258023401114,0.4591008821644914,1.013538159184935,6.472818983915817,17.992449014791603
149,0.0,BAO KT,Min,-165.56790283805412,-1.9592154123731627,-0.7020465576404681,-0.29174213240213076,-6.615257163353492,-18.532707653201854
149,9.321373351118952,BAO KT,Min,-165.56790283805412,-1.9592154123731627,-0.7020465576404681,-0.29174213240213076,-0.36518687033784947,-0.33595977399824284
149,18.642746702237904,BAO KT,Min,-165.56790283805412,-1.9592154123731627,-0.7020465576404681,-0.29174213240213076,-4.411862912821697,-4.059685000227958
150,0.0,BAO KT,Max,-14.673289820503417,0.35933376638907977,0.491490296204213,0.9578056056296761,3.922372631122004,3.252084483812869
150,9.321373351118952,BAO KT,Max,-14.673289820503417,0.35933376638907977,0.491490296204213,0.9578056056296761,-0.10151177502154991,0.05542544788842771
150,18.642746702237904,BAO KT,Max,-14.673289820503417,0.35933376638907977,0.491490296204213,0.9578056056296761,4.763432529448679,15.916875022426364
150,0.0,BAO KT,Min,-180.61964737995598,-1.7339066662929077,-0.5533885319396216,-0.2995425225459738,-5.585326243018066,-16.407907762594057
150,9.321373351118952,BAO KT,Min,-180.61964737995598,-1.7339066662929077,-0.5533885319396216,-0.2995425225459738,-0.705712315794087,-0.29902615460944104
150,18.642746702237904,BAO KT,Min,-180.61964737995598,-1.7339066662929077,-0.5533885319396216,-0.2995425225459738,-5.240356467621019,-3.446883904539874
151,0.0,BAO KT,Max,-27.410364624970896,0.35264124544029607,0.2818092381599872,0.9751180965917708,2.2401249543470962,3.102797899912823
151,9.321373351118952,BAO KT,Max,-27.410364624970896,0.35264124544029607,0.2818092381599872,0.9751180965917708,-0.0330609175457439,0.033827055166247594
151,18.642746702237904,BAO KT,Max,-27.410364624970896,0.35264124544029607,0.2818092381599872,0.9751180965917708,4.815077368159087,13.701243556630656
151,0.0,BAO KT,Min,-200.12912274924366,-1.4976482743419244,-0.5516922309012788,-0.2915048339588332,-5.469981150126001,-14.219033870969541
151,9.321373351118952,BAO KT,Min,-200.12912274924366,-1.4976482743419244,-0.5516922309012788,-0.2915048339588332,-0.47891171168339786,-0.3480131852481834
151,18.642746702237904,BAO KT,Min,-200.12912274924366,-1.4976482743419244,-0.5516922309012788,-0.2915048339588332,-3.013573291020182,-3.471403515592324
152,0.0,BAO KT,Max,-37.475986689451226,0.37471184443786953,0.06905840593393048,0.9875882743327685,0.5441810165055506,3.308540796173784
152,9.321373351118952,BAO KT,Max,-37.475986689451226,0.37471184443786953,0.06905840593393048,0.9875882743327685,0.07888892711811502,0.0036579832029052517
152,18.642746702237904,BAO KT,Max,-37.475986689451226,0.37471184443786953,0.06905840593393048,0.9875882743327685,4.87042470470849,11.478426797317127
152,0.0,BAO KT,Min,-205.1911710919266,-1.2605217310069414,-0.5443496812714035,-0.2821123121837791,-5.277748520678222,-12.021160546511746
152,9.321373351118952,BAO KT,Min,-205.1911710919266,-1.2605217310069414,-0.5443496812714035,-0.2821123121837791,-0.34995915261099697,-0.387322255024249
152,18.642746702237904,BAO KT,Min,-205.1911710919266,-1.2605217310069414,-0.5443496812714035,-0.2821123121837791,-0.7432573529810382,-3.6771172060097905
153,0.0,BAO KT,Max,-45.42762450206099,0.411298764464645,0.0719921504672159,0.9787971154410673,0.4111125097312605,3.6041668259119115
153,9.321373351118952,BAO KT,Max,-45.42762450206099,0.411298764464645,0.0719921504672159,0.9787971154410673,0.16877412015972523,-0.007939823375788552
153,18.642746702237904,BAO KT,Max,-45.42762450206099,0.411298764464645,0.0719921504672159,0.9787971154410673,4.510577498164642,9.306216644187387
153,0.0,BAO KT,Min,-202.7856226939992,-1.0273722607673996,-0.50800535625576,-0.2766692809312315,-4.96003768189162,-9.846824182204752
153,9.321373351118952,BAO KT,Min,-202.7856226939992,-1.0273722607673996,-0.50800535625576,-0.2766692809312315,-0.47313183012979765,-0.39581843143898
153,18.642746702237904,BAO KT,Min,-202.7856226939992,-1.0273722607673996,-0.50800535625576,-0.2766692809312315,-0.9310189159784436,-4.063571858945872
154,0.0,BAO KT,Max,-66.838175790072,0.5994376152661139,0.6171107072065589,0.9702070275777321,5.766099984487879,5.146214825737777
154,9.669162010885342,BAO KT,Max,-66.838175790072,0.5994376152661139,0.6171107072065589,0.9702070275777321,0.028652924952248637,0.11307614157447456
154,19.338324021770685,BAO KT,Max,-66.838175790072,0.5994376152661139,0.6171107072065589,0.9702070275777321,20.439172545979858,6.3490239191331215
154,0.0,BAO KT,Min,-157.63958621447682,-0.6511080259931196,-2.146194642229722,-0.2740969446095891,-21.064634859246713,-6.242314060697314
154,9.669162010885342,BAO KT,Min,-157.63958621447682,-0.6511080259931196,-2.146194642229722,-0.2740969446095891,-0.4098773687527668,-0.649844591689035
154,19.338324021770685,BAO KT,Min,-157.63958621447682,-0.6511080259931196,-2.146194642229722,-0.2740969446095891,-6.167786828776615,-6.445904009115848
155,0.0,BAO KT,Max,-54.48705405828525,1.6930126386066775,0.8206985727492682,0.9092024154349174,7.551244642312366,17.341654491639325
155,10.056692576064428,BAO KT,Max,-54.48705405828525,1.6930126386066775,0.8206985727492682,0.9092024154349174,0.03987496403320548,0.42100540830919564
155,20.113385152128856,BAO KT,Max,-54.48705405828525,1.6930126386066775,0.8206985727492682,0.9092024154349174,4.917292664305408,5.676499806717233
155,0.0,BAO KT,Min,-195.47271132917263,-0.5441209438688783,-0.4886775151911682,-0.2693909003896651,-4.91166641391986,-5.267614306657405
155,10.056692576064428,BAO KT,Min,-195.47271132917263,-0.5441209438688783,-0.4886775151911682,-0.2693909003896651,-0.7022686014418722,-0.026627536739634472
155,20.113385152128856,BAO KT,Min,-195.47271132917263,-0.5441209438688783,-0.4886775151911682,-0.2693909003896651,-8.95578184519611,-16.710560776078722
156,0.0,BAO KT,Max,-54.785002670976354,1.5242362265955656,0.7363441926051725,0.931914703295318,6.886927321301845,15.59101845519511
156,10.056692576064428,BAO KT,Max,-54.785002670976354,1.5242362265955656,0.7363441926051725,0.931914703295318,0.11339032066814389,0.3422694142938726
156,20.113385152128856,BAO KT,Max,-54.785002670976354,1.5242362265955656,0.7363441926051725,0.931914703295318,4.019638690519496,5.411691467982652
156,0.0,BAO KT,Min,-182.4440942889962,-0.5183777914146339,-0.39349859613104476,-0.25916712525957214,-3.894950130286208,-5.0146407050497945
156,10.056692576064428,BAO KT,Min,-182.4440942889962,-0.5183777914146339,-0.39349859613104476,-0.25916712525957214,-0.5182598538987484,-0.02303707543404318
156,20.113385152128856,BAO KT,Min,-182.4440942889962,-0.5183777914146339,-0.39349859613104476,-0.25916712525957214,-7.923447029099341,-15.06653183314905
157,0.0,BAO KT,Max,-59.089027755918444,1.3453408941284992,0.5620938285734001,0.9664642255408739,5.645949616202514,13.757028247196416
157,10.056692576064428,BAO KT,Max,-59.089027755918444,1.3453408941284992,0.5620938285734001,0.9664642255408739,0.5863884413372183,0.27114525238695786
157,20.113385152128856,BAO KT,Max,-59.089027755918444,1.3453408941284992,0.5620938285734001,0.9664642255408739,4.78332201841347,4.881438472489569
157,0.0,BAO KT,Min,-180.7102125168874,-0.47593562587609894,-0.4189090236114542,-0.24115271366957558,-3.642356517185949,-4.691238078375912
157,10.056692576064428,BAO KT,Min,-180.7102125168874,-0.47593562587609894,-0.4189090236114542,-0.24115271366957558,-0.03410591316331446,-0.049690263693806164
157,20.113385152128856,BAO KT,Min,-180.7102125168874,-0.47593562587609894,-0.4189090236114542,-0.24115271366957558,-5.659660049528974,-13.302331317319501
158,0.0,BAO KT,Max,-64.7373172110954,1.1525203490581488,0.5388925686110991,0.9598691531834729,5.389202823714264,11.825058667558592
158,10.056692576064428,BAO KT,Max,-64.7373172110954,1.1525203490581488,0.5388925686110991,0.9598691531834729,0.4759279188607465,0.30920471788205883
158,20.113385152128856,BAO KT,Max,-64.7373172110954,1.1525203490581488,0.5388925686110991,0.9598691531834729,3.3555225752524778,5.064265108288325
158,0.0,BAO KT,Min,-182.84703633838956,-0.4886458999268506,-0.2878216316753598,-0.24159923029640143,-2.433544757748204,-4.7640580799490335
158,10.056692576064428,BAO KT,Min,-182.84703633838956,-0.4886458999268506,-0.2878216316753598,-0.24159923029640143,-0.04550437533942936,-0.037588417469760715
158,20.113385152128856,BAO KT,Min,-182.84703633838956,-0.4886458999268506,-0.2878216316753598,-0.24159923029640143,-5.449750964380799,-11.356027008713944
159,0.0,BAO KT,Max,-68.27235041791698,0.9594035277628838,0.5615184374877661,0.938878594441532,5.411908867142707,9.896954189914807
159,10.056692576064428,BAO KT,Max,-68.27235041791698,0.9594035277628838,0.5615184374877661,0.938878594441532,0.16144737154867098,0.3515336185842928
159,20.113385152128856,BAO KT,Max,-68.27235041791698,0.9594035277628838,0.5615184374877661,0.938878594441532,1.0353122306010563,5.31409141450931
159,0.0,BAO KT,Min,-180.6719412343458,-0.5044655378005364,-0.09052923901738891,-0.24762497766916838,-0.7855372212848177,-4.832418243248696
159,10.056692576064428,BAO KT,Min,-180.6719412343458,-0.5044655378005364,-0.09052923901738891,-0.24762497766916838,-0.23510943446380778,-0.008816503897123629
159,20.113385152128856,BAO KT,Min,-180.6719412343458,-0.5044655378005364,-0.09052923901738891,-0.24762497766916838,-5.8821277360703235,-9.399898480291226
160,0.0,BAO KT,Max,-69.95410731294389,0.7719238081349485,0.5250701652529143,0.9411956850774076,5.089260489003349,8.013821229076905
160,10.056692576064428,BAO KT,Max,-69.95410731294389,0.7719238081349485,0.5250701652529143,0.9411956850774076,0.2947233721559753,0.36645922316727714
160,20.113385152128856,BAO KT,Max,-69.95410731294389,0.7719238081349485,0.5250701652529143,0.9411956850774076,0.7590171546678152,5.350718222385177
160,0.0,BAO KT,Min,-174.5631903951093,-0.5032378146465588,-0.05256886958297016,-0.24987640196026395,-0.29832076626649506,-4.771097766716693
160,10.056692576064428,BAO KT,Min,-174.5631903951093,-0.5032378146465588,-0.05256886958297016,-0.24987640196026395,-0.19120874380855526,0.006871222510317798
160,20.113385152128856,BAO KT,Min,-174.5631903951093,-0.5032378146465588,-0.05256886958297016,-0.24987640196026395,-5.47167797662046,-7.512179632039333
168,0.0,BAO KT,Max,-20.680283683730146,-0.5876066890514668,6.550368337011317,1.5523307962520532,37.45631732160872,-2.377681906458786
168,5.8031829388130225,BAO KT,Max,-20.680283683730146,-0.5876066890514668,6.550368337011317,1.5523307962520532,0.6227213773107039,3.058963978980684
168,11.606365877626045,BAO KT,Max,-20.680283683730146,-0.5876066890514668,6.550368337011317,1.5523307962520532,9.108862206558804,34.946304594180404
168,0.0,BAO KT,Min,-138.34146694885936,-5.610352742904267,-1.6238312861688258,-0.41949223638658056,-9.737917824252667,-30.21233799495672
168,5.8031829388130225,BAO KT,Min,-138.34146694885936,-5.610352742904267,-1.6238312861688258,-0.41949223638658056,-1.0538748506192,0.7483749147669949
168,11.606365877626045,BAO KT,Min,-138.34146694885936,-5.610352742904267,-1.6238312861688258,-0.41949223638658056,-38.5696542309615,4.4422963188129785
169,0.0,BAO KT,Max,-23.452362080867417,-0.8409559608189863,5.922910437987139,1.5482154061081248,34.13079128638332,-3.9494025967123445
169,5.803182938813023,BAO KT,Max,-23.452362080867417,-0.8409559608189863,5.922910437987139,1.5482154061081248,0.0683432893918791,2.957050183875462
169,11.606365877626047,BAO KT,Max,-23.452362080867417,-0.8409559608189863,5.922910437987139,1.5482154061081248,9.669924321353797,29.900819399773827
169,0.0,BAO KT,Min,-118.10718056716078,-4.704075348203615,-1.7295277909958817,-0.4250192393040242,-10.403608016466757,-25.03355999167912
169,5.803182938813023,BAO KT,Min,-118.10718056716078,-4.704075348203615,-1.7295277909958817,-0.4250192393040242,-0.6231436237959851,0.5993287596496905
169,11.606365877626047,BAO KT,Min,-118.10718056716078,-4.704075348203615,-1.7295277909958817,-0.4250192393040242,-34.61267431730575,5.811039971523364
170,0.0,BAO KT,Max,-30.500277991885007,-1.0662594586348701,5.438454931725964,1.5563107533590397,31.28168309290783,-5.427871833827662
170,5.8031829388130225,BAO KT,Max,-30.500277991885007,-1.0662594586348701,5.438454931725964,1.5563107533590397,0.14459742014182514,2.661773828866718
170,11.606365877626045,BAO KT,Max,-30.500277991885007,-1.0662594586348701,5.438454931725964,1.5563107533590397,11.191885725428012,23.92705656429638
170,0.0,BAO KT,Min,-129.49810230491246,-3.6853792704849404,-1.9671817198244463,-0.43203687273729335,-11.639945062632162,-19.424370578658692
170,5.8031829388130225,BAO KT,Min,-129.49810230491246,-3.6853792704849404,-1.9671817198244463,-0.43203687273729335,-0.8744244533529094,0.38628640019632265
170,11.606365877626045,BAO KT,Min,-129.49810230491246,-3.6853792704849404,-1.9671817198244463,-0.43203687273729335,-31.839014653683492,6.947525563568118
171,0.0,BAO KT,Max,-39.89751987158232,-1.446082993243155,5.022337480484631,1.4993859970459769,28.694635839055685,-7.4921489244639154
171,5.803182938813023,BAO KT,Max,-39.89751987158232,-1.446082993243155,5.022337480484631,1.4993859970459769,-0.04746071431836392,3.0305293500744614
171,11.606365877626047,BAO KT,Max,-39.89751987158232,-1.446082993243155,5.022337480484631,1.4993859970459769,10.516903632565702,25.85406549448237
171,0.0,BAO KT,Min,-148.1596103105314,-4.022419991181459,-1.8898562531800174,-0.44514056206667596,-11.417459497961064,-20.83161263664698
171,5.803182938813023,BAO KT,Min,-148.1596103105314,-4.022419991181459,-1.8898562531800174,-0.44514056206667596,-0.8537245590332205,0.7337542091255622
171,11.606365877626047,BAO KT,Min,-148.1596103105314,-4.022419991181459,-1.8898562531800174,-0.44514056206667596,-29.596450520363497,9.291619384528776
172,0.0,BAO KT,Max,-51.3198922306637,-1.095599006175372,4.544795559263777,1.5030543260851144,25.880013340715674,-5.149964074339637
172,5.8031829388130225,BAO KT,Max,-51.3198922306637,-1.095599006175372,4.544795559263777,1.5030543260851144,-0.10491458844197153,3.4936109247642317
172,11.606365877626045,BAO KT,Max,-51.3198922306637,-1.095599006175372,4.544795559263777,1.5030543260851144,11.043677928605847,28.621937985014156
172,0.0,BAO KT,Min,-156.05304941011096,-4.417770738718277,-1.9906956494886052,-0.44851493417123817,-12.17867010090205,-22.65232557202045
172,5.8031829388130225,BAO KT,Min,-156.05304941011096,-4.417770738718277,-1.9906956494886052,-0.44851493417123817,-0.9029461290555415,1.0479668845801262
172,11.606365877626045,BAO KT,Min,-156.05304941011096,-4.417770738718277,-1.9906956494886052,-0.44851493417123817,-26.868546759109805,7.565958846495207
173,0.0,BAO KT,Max,-52.53877036554,-0.3446188267874769,3.975836364904732,1.543464618574724,22.725411910179165,-0.6478381707437721
173,5.8031829388130225,BAO KT,Max,-52.53877036554,-0.3446188267874769,3.975836364904732,1.543464618574724,0.4631568133674389,3.7266228933311942
173,11.606365877626045,BAO KT,Max,-52.53877036554,-0.3446188267874769,3.975836364904732,1.543464618574724,13.022318834017693,30.27311579402342
173,0.0,BAO KT,Min,-147.69456300565935,-4.663547457220095,-2.3056031302554922,-0.437930552738067,-13.737354664327452,-23.853722282145597
173,5.8031829388130225,BAO KT,Min,-147.69456300565935,-4.663547457220095,-2.3056031302554922,-0.437930552738067,-0.7752517160334604,1.114885739823685
173,11.606365877626045,BAO KT,Min,-147.69456300565935,-4.663547457220095,-2.3056031302554922,-0.437930552738067,-23.432745659197423,3.351934021269921
174,0.0,BAO KT,Max,-44.18411708621717,0.42853399940348247,3.4551982837224817,1.533510420375125,19.756983389825653,3.9607942559144655
174,5.8031829388130225,BAO KT,Max,-44.18411708621717,0.42853399940348247,3.4551982837224817,1.533510420375125,0.36946838521242525,3.8618148498905494
174,11.606365877626045,BAO KT,Max,-44.18411708621717,0.42853399940348247,3.4551982837224817,1.533510420375125,13.061834470378258,30.661977317730322
174,0.0,BAO KT,Min,-137.06424835229146,-4.748936119665724,-2.3373732524464,-0.433575117457942,-14.066574690091448,-24.455912816583773
174,5.8031829388130225,BAO KT,Min,-137.06424835229146,-4.748936119665724,-2.3373732524464,-0.433575117457942,-0.7691436494563488,1.1030070079869745
174,11.606365877626045,BAO KT,Min,-137.06424835229146,-4.748936119665724,-2.3373732524464,-0.433575117457942,-20.345312070803036,-1.0129281321647348
175,0.0,BAO KT,Max,-52.85565960599436,0.8058331695540052,0.028880371778762917,1.0084951941924964,-0.0849741686384019,7.277639357667383
175,9.321373351118952,BAO KT,Max,-52.85565960599436,0.8058331695540052,0.028880371778762917,1.0084951941924964,0.39352028769116437,0.04063444733064313
175,18.642746702237904,BAO KT,Max,-52.85565960599436,0.8058331695540052,0.028880371778762917,1.0084951941924964,12.67141528476784,5.7976389961316706
175,0.0,BAO KT,Min,-178.29941898171217,-0.6235281873178041,-1.331598844408973,-0.2595283860930193,-12.723698289608706,-5.826639061739701
175,9.321373351118952,BAO KT,Min,-178.29941898171217,-0.6235281873178041,-1.331598844408973,-0.2595283860930193,-0.6253632402883168,-0.3155840391956185
175,18.642746702237904,BAO KT,Min,-178.29941898171217,-0.6235281873178041,-1.331598844408973,-0.2595283860930193,-0.6233836243763389,-7.745304306589466
176,0.0,BAO KT,Max,-53.57737493531518,0.5887118502094693,-0.012475780023081237,0.9671501715479998,-0.3277265069779519,5.266073647829296
176,9.321373351118952,BAO KT,Max,-53.57737493531518,0.5887118502094693,-0.012475780023081237,0.9671501715479998,0.18108587804385845,0.028691306959271537
176,18.642746702237904,BAO KT,Max,-53.57737493531518,0.5887118502094693,-0.012475780023081237,0.9671501715479998,10.652913531706872,5.0325689843544925
176,0.0,BAO KT,Min,-168.8305952824544,-0.5435793288021404,-1.1726013491027782,-0.2644180015785733,-11.207596402318664,-5.101242755076305
176,9.321373351118952,BAO KT,Min,-168.8305952824544,-0.5435793288021404,-1.1726013491027782,-0.2644180015785733,-0.4280469173318805,-0.2845574965213601
176,18.642746702237904,BAO KT,Min,-168.8305952824544,-0.5435793288021404,-1.1726013491027782,-0.2644180015785733,-0.09514370009480863,-5.70913225623166
177,0.0,BAO KT,Max,-55.177502960015126,0.4659820006893167,-0.04352909597974359,0.9967596281480368,-0.4847243479109085,4.307409155593879
177,9.321373351118952,BAO KT,Max,-55.177502960015126,0.4659820006893167,-0.04352909597974359,0.9967596281480368,0.5246802125041016,0.04035162098643034
177,18.642746702237904,BAO KT,Max,-55.177502960015126,0.4659820006893167,-0.04352909597974359,0.9967596281480368,10.64194456636599,4.391254341289435
177,0.0,BAO KT,Min,-180.45246720470996,-0.47357449781959754,-1.0853834486360743,-0.24838006074440339,-9.909342034302703,-4.437475066200839
177,9.321373351118952,BAO KT,Min,-180.45246720470996,-0.47357449781959754,-1.0853834486360743,-0.24838006074440339,-0.2712572363507618,-0.26542893028879616
177,18.642746702237904,BAO KT,Min,-180.45246720470996,-0.47357449781959754,-1.0853834486360743,-0.24838006074440339,0.3267775626168534,-4.379775251059101
178,0.0,BAO KT,Max,-62.06551476578378,0.45387045220251937,-0.1298128341135194,1.0245295277933262,-1.0094805077103162,4.139019451401104
178,9.321373351118952,BAO KT,Max,-62.06551476578378,0.45387045220251937,-0.1298128341135194,1.0245295277933262,0.47906887583105656,0.06013439472222927
178,18.642746702237904,BAO KT,Max,-62.06551476578378,0.45387045220251937,-0.1298128341135194,1.0245295277933262,9.510485267770155,3.92708537117129
178,0.0,BAO KT,Min,-196.14828015505165,-0.4191697759744935,-0.9688933220183648,-0.2371067440177806,-8.552347516108041,-3.8873905875550006
178,9.321373351118952,BAO KT,Min,-196.14828015505165,-0.4191697759744935,-0.9688933220183648,-0.2371067440177806,-0.0385051507968581,-0.2340168284916752
178,18.642746702237904,BAO KT,Min,-196.14828015505165,-0.4191697759744935,-0.9688933220183648,-0.2371067440177806,1.4105872773676538,-4.32237242464064
179,0.0,BAO KT,Max,-62.580333042000476,0.45310625614172356,-0.10215998929301727,1.0092761516000566,-0.8218777401513258,4.059465321826691
179,9.321373351118952,BAO KT,Max,-62.580333042000476,0.45310625614172356,-0.10215998929301727,1.0092761516000566,0.28339112234346964,0.0396612520263393
179,18.642746702237904,BAO KT,Max,-62.580333042000476,0.45310625614172356,-0.10215998929301727,1.0092761516000566,7.730512558343773,4.114300324788231
179,0.0,BAO KT,Min,-204.54436634319737,-0.46136176668188644,-0.7989296378849946,-0.24451334310704767,-7.163730313656834,-4.48675022955916
179,9.321373351118952,BAO KT,Min,-204.54436634319737,-0.46136176668188644,-0.7989296378849946,-0.24451334310704767,-0.09315311225685892,-0.28183675838477923
179,18.642746702237904,BAO KT,Min,-204.54436634319737,-0.46136176668188644,-0.7989296378849946,-0.24451334310704767,1.0826650633417314,-4.3876798406227895
180,0.0,BAO KT,Max,-57.416088000115934,0.46237977240136513,-0.023932009522652287,0.9946124254653679,-0.44024926349303817,4.069861501964425
180,9.321373351118952,BAO KT,Max,-57.416088000115934,0.46237977240136513,-0.023932009522652287,0.9946124254653679,0.2004511058623865,0.011898673859506381
180,18.642746702237904,BAO KT,Max,-57.416088000115934,0.46237977240136513,-0.023932009522652287,0.9946124254653679,6.15461718214507,5.690997882896262
180,0.0,BAO KT,Min,-199.4087474296031,-0.6346466005708309,-0.6387648956865284,-0.25528161831405705,-5.7537149704202974,-6.140557936982091
180,9.321373351118952,BAO KT,Min,-199.4087474296031,-0.6346466005708309,-0.6387648956865284,-0.25528161831405705,-0.30429417221822147,-0.33597559112465797
180,18.642746702237904,BAO KT,Min,-199.4087474296031,-0.6346466005708309,-0.6387648956865284,-0.25528161831405705,-0.08121497641504549,-4.550167475152637
181,0.0,BAO KT,Max,-63.79034511792368,3.165773962613775,5.327194271489573,1.6434645623595756,26.952669660783428,17.920875827868034
181,5.648880029118092,BAO KT,Max,-63.79034511792368,3.165773962613775,5.327194271489573,1.6434645623595756,-1.0603572389046447,0.1317560603451142
181,11.297760058236184,BAO KT,Max,-63.79034511792368,3.165773962613775,5.327194271489573,1.6434645623595756,5.39363747206436,15.025804193487597
181,0.0,BAO KT,Min,-150.34986006285317,-2.640770762474429,-1.227487511927717,-0.4394426790555792,-8.474221912176313,-14.808990249753926
181,5.648880029118092,BAO KT,Min,-150.34986006285317,-2.640770762474429,-1.227487511927717,-0.4394426790555792,-4.021080924315973,-0.24119393752468996
181,11.297760058236184,BAO KT,Min,-150.34986006285317,-2.640770762474429,-1.227487511927717,-0.4394426790555792,-33.23269300211608,-17.92309544909637
182,0.0,BAO KT,Max,-45.06509170681829,0.40384883687986495,1.1986733382624069,0.9606007951329197,11.978045831199422,4.2346495413536775
182,10.056692576064428,BAO KT,Max,-45.06509170681829,0.40384883687986495,1.1986733382624069,0.9606007951329197,0.48286754147978306,0.29958897541274426
182,20.113385152128856,BAO KT,Max,-45.06509170681829,0.40384883687986495,1.1986733382624069,0.9606007951329197,0.799358455032008,8.873863165576834
182,0.0,BAO KT,Min,-153.52291283323274,-0.8605236602287939,-0.0314706759860089,-0.24658503656204675,0.0826098604943184,-8.434180645124567
182,10.056692576064428,BAO KT,Min,-153.52291283323274,-0.8605236602287939,-0.0314706759860089,-0.24658503656204675,-0.4514905014268142,-0.036543243591353775
182,20.113385152128856,BAO KT,Min,-153.52291283323274,-0.8605236602287939,-0.0314706759860089,-0.24658503656204675,-12.1313326928604,-3.8881176580503056
183,0.0,BAO KT,Max,-47.95259826166806,0.3400871685852147,1.07059383018438,0.9307486021543115,10.66486587585769,3.5940253111667153
183,10.056692576064428,BAO KT,Max,-47.95259826166806,0.3400871685852147,1.07059383018438,0.9307486021543115,0.25616751264020166,0.26456322094593027
183,20.113385152128856,BAO KT,Max,-47.95259826166806,0.3400871685852147,1.07059383018438,0.9307486021543115,0.13849133795608393,7.064905770252485
183,0.0,BAO KT,Min,-145.0902524700223,-0.6817850371020869,0.00587016283875956,-0.2375263629062772,0.25656018403776903,-6.648099271940252
183,10.056692576064428,BAO KT,Min,-145.0902524700223,-0.6817850371020869,0.00587016283875956,-0.2375263629062772,-0.13621894786316646,-0.02885319685100387
183,20.113385152128856,BAO KT,Min,-145.0902524700223,-0.6817850371020869,0.00587016283875956,-0.2375263629062772,-10.868400172133583,-3.2462788958846853
184,0.0,BAO KT,Max,-52.233366760631455,0.2785440382132794,0.9651047099847798,0.92128231574839,9.502534051091281,2.9696169509802175
184,10.056692576064428,BAO KT,Max,-52.233366760631455,0.2785440382132794,0.9651047099847798,0.92128231574839,0.22010486021682185,0.2616976683040034
184,20.113385152128856,BAO KT,Max,-52.233366760631455,0.2785440382132794,0.9651047099847798,0.92128231574839,0.06866304447363669,5.38586473668222
184,0.0,BAO KT,Min,-145.47040655997884,-0.52667863190078,0.00890574851620566,-0.24444420313604048,0.24778779444808122,-5.207425438134467
184,10.056692576064428,BAO KT,Min,-145.47040655997884,-0.52667863190078,0.00890574851620566,-0.24444420313604048,-0.40764691311491924,-0.0285806557402599
184,20.113385152128856,BAO KT,Min,-145.47040655997884,-0.52667863190078,0.00890574851620566,-0.24444420313604048,-9.908988692966217,-2.6328465714327693
185,0.0,BAO KT,Max,-61.64914645269952,0.2198215920633353,0.8670297755663374,0.8690808395202193,8.390039181385074,2.3553428262125706
185,10.056692576064428,BAO KT,Max,-61.64914645269952,0.2198215920633353,0.8670297755663374,0.8690808395202193,-0.0884427034589274,0.21399533218137567
185,20.113385152128856,BAO KT,Max,-61.64914645269952,0.2198215920633353,0.8670297755663374,0.8690808395202193,-1.3353827992986405,5.371631770379437
185,0.0,BAO KT,Min,-158.86912171246976,-0.5230027477943017,0.112770968715602,-0.25891084644795853,0.9328231284569366,-5.1810472209100285
185,10.056692576064428,BAO KT,Min,-158.86912171246976,-0.5230027477943017,0.112770968715602,-0.25891084644795853,-0.5280746243448211,-0.0540184149380126
185,20.113385152128856,BAO KT,Min,-158.86912171246976,-0.5230027477943017,0.112770968715602,-0.25891084644795853,-9.048864632944511,-2.0660135197114435
186,0.0,BAO KT,Max,-72.61186805059734,0.24239274575157874,0.7249009965492972,0.8752770526748841,6.985587222329682,2.5993695906869645
186,10.056692576064428,BAO KT,Max,-72.61186805059734,0.24239274575157874,0.7249009965492972,0.8752770526748841,-0.06715723867087399,0.24850173516932442
186,20.113385152128856,BAO KT,Max,-72.61186805059734,0.24239274575157874,0.7249009965492972,0.8752770526748841,-1.1705780072496896,5.541177650768144
186,0.0,BAO KT,Min,-167.44489756142445,-0.5322440820125488,0.09985401991083977,-0.2567625378846325,0.8378243542053743,-5.190151573536891
186,10.056692576064428,BAO KT,Min,-167.44489756142445,-0.5322440820125488,0.09985401991083977,-0.2567625378846325,-0.4416259943899984,-0.04247734876060236
186,20.113385152128856,BAO KT,Min,-167.44489756142445,-0.5322440820125488,0.09985401991083977,-0.2567625378846325,-7.594625718428362,-2.275969062696584
187,0.0,BAO KT,Max,-79.86267121508207,0.3778983694655986,0.5693150630306612,0.9094934200999385,5.492111714232175,3.999581034462146
187,10.056692576064428,BAO KT,Max,-79.86267121508207,0.3778983694655986,0.5693150630306612,0.9094934200999385,0.22814715392671905,0.29889559919575864
187,20.113385152128856,BAO KT,Max,-79.86267121508207,0.3778983694655986,0.5693150630306612,0.9094934200999385,-0.06514956395875018,5.700799380135377
187,0.0,BAO KT,Min,-164.90628410134732,-0.5390773253823741,0.029164331679337026,-0.24996387579780815,0.3914878928912019,-5.160101829424999
187,10.056692576064428,BAO KT,Min,-164.90628410134732,-0.5390773253823741,0.029164331679337026,-0.24996387579780815,-0.34688690868962735,-0.015752552792708596
187,20.113385152128856,BAO KT,Min,-164.90628410134732,-0.5390773253823741,0.029164331679337026,-0.24996387579780815,-5.9587414214120304,-3.6012344189609293
188,0.0,BAO KT,Max,-77.57306183124011,0.5199757968408437,0.4329598589198647,0.9015653060273574,4.126490037510755,5.4490077527502905
188,10.056692576064428,BAO KT,Max,-77.57306183124011,0.5199757968408437,0.4329598589198647,0.9015653060273574,0.21086712409822864,0.33321255611860506
188,20.113385152128856,BAO KT,Max,-77.57306183124011,0.5199757968408437,0.4329598589198647,0.9015653060273574,-0.1696145488532632,5.521748781982259
188,0.0,BAO KT,Min,-162.6622927685156,-0.5192958964446313,0.036203590838380754,-0.24877236868195973,0.4868286049770699,-4.945429288707761
188,10.056692576064428,BAO KT,Min,-162.6622927685156,-0.5192958964446313,0.036203590838380754,-0.24877236868195973,-0.37531906592773334,0.002214243470999605
188,20.113385152128856,BAO KT,Min,-162.6622927685156,-0.5192958964446313,0.036203590838380754,-0.24877236868195973,-4.581798360355856,-5.009465718894707
195,0.0,BAO KT,Max,-75.64491129771284,0.5028844544028477,0.4931164367301748,0.967327115913111,4.575398571362149,4.83447123229999
195,9.669162010885342,BAO KT,Max,-75.64491129771284,0.5028844544028477,0.4931164367301748,0.967327115913111,-0.0040563285856304865,0.09340317292407618
195,19.338324021770685,BAO KT,Max,-75.64491129771284,0.5028844544028477,0.4931164367301748,0.967327115913111,5.661722786420567,0.042801850242378814
195,0.0,BAO KT,Min,-164.5089382808591,0.005058860978926322,-0.6101926357474732,-0.2564022875547514,-6.138380119362363,0.14063174303394807
195,9.669162010885342,BAO KT,Min,-164.5089382808591,0.005058860978926322,-0.6101926357474732,-0.2564022875547514,-0.3597132547912289,-0.19806131373056782
195,19.338324021770685,BAO KT,Min,-164.5089382808591,0.005058860978926322,-0.6101926357474732,-0.2564022875547514,-4.960646862586954,-4.890471292453644
196,0.0,BAO KT,Max,-30.889033041437017,2.106739415883984,1.9313212517987133,1.6356124988361216,11.350780311549784,13.772587215662629
196,5.8031829388130225,BAO KT,Max,-30.889033041437017,2.106739415883984,1.9313212517987133,1.6356124988361216,0.47586747830539555,3.9592698307029144
196,11.606365877626045,BAO KT,Max,-30.889033041437017,2.106739415883984,1.9313212517987133,1.6356124988361216,12.151144582674862,36.5087503579658
196,0.0,BAO KT,Min,-166.45739803328507,-5.7282808781162,-2.0805687307922245,-0.42756177622200575,-12.226605820287785,-29.975773363259822
196,5.8031829388130225,BAO KT,Min,-166.45739803328507,-5.7282808781162,-2.0805687307922245,-0.42756177622200575,-0.6595027964178035,1.167146271866795
196,11.606365877626045,BAO KT,Min,-166.45739803328507,-5.7282808781162,-2.0805687307922245,-0.42756177622200575,-11.064840764060822,-10.679001253903067
197,0.0,BAO KT,Max,-52.40439939843914,0.4486714928576888,0.02483312654464518,0.9743724438613589,0.10809528097733309,3.926982828924574
197,9.321373351118952,BAO KT,Max,-52.40439939843914,0.4486714928576888,0.02483312654464518,0.9743724438613589,0.29159710005611794,-0.006384758151602665
197,18.642746702237904,BAO KT,Max,-52.40439939843914,0.4486714928576888,0.02483312654464518,0.9743724438613589,4.712005507634797,7.174653302972823
197,0.0,BAO KT,Min,-192.2827730487239,-0.7976317836881048,-0.5294489638757478,-0.2740377278168596,-5.158377417663076,-7.69539400197873
197,9.321373351118952,BAO KT,Min,-192.2827730487239,-0.7976317836881048,-0.5294489638757478,-0.2740377278168596,-0.30041654008272367,-0.3843619338575638
197,18.642746702237904,BAO KT,Min,-192.2827730487239,-0.7976317836881048,-0.5294489638757478,-0.2740377278168596,-0.35486240701910743,-4.437486164936262
198,0.0,BAO KT,Max,-71.03007948475664,0.5889314775461229,0.50936282160641,0.9167142595850004,4.948307754897351,6.166135929105769
198,10.056692576064428,BAO KT,Max,-71.03007948475664,0.5889314775461229,0.50936282160641,0.9167142595850004,0.14155177539085587,0.35958381060004274
198,20.113385152128856,BAO KT,Max,-71.03007948475664,0.5889314775461229,0.50936282160641,0.9167142595850004,0.21188567603877392,5.506313830720985
198,0.0,BAO KT,Min,-167.16148575388112,-0.5154095204683308,-0.01428553429876165,-0.24774178572360356,-0.07544477741616616,-4.914289513512178
198,10.056692576064428,BAO KT,Min,-167.16148575388112,-0.5154095204683308,-0.01428553429876165,-0.24774178572360356,-0.3486202035117538,0.007784647232137287
198,20.113385152128856,BAO KT,Min,-167.16148575388112,-0.5154095204683308,-0.01428553429876165,-0.24774178572360356,-5.296702858247476,-5.679269706991728
