frame,station,load_case,step_type,P,V2,V3,T,M2,M3
1,0.0,BAO KT,Max,-94.52378040986622,0.19248118975825357,0.9031467081366709,0.618566959015204,6.6949545236634105,0.9358900883889004
1,7.630974235114245,BAO KT,Max,-94.52378040986622,0.19248118975825357,0.9031467081366709,0.618566959015204,0.11149028679069162,-0.07396648486550816
1,15.26194847022849,BAO KT,Max,-94.52378040986622,0.19248118975825357,0.9031467081366709,0.618566959015204,15.940493655623811,6.061876089935527
1,0.0,BAO KT,Min,-209.4567226265885,-0.8144141148390893,-2.074309633492838,-0.18060041679821687,-15.717513082042428,-6.367670164165401
1,7.630974235114245,BAO KT,Min,-209.4567226265885,-0.8144141148390893,-2.074309633492838,-0.18060041679821687,-0.22357988242358307,-0.5791381517083417
1,15.26194847022849,BAO KT,Min,-209.4567226265885,-0.8144141148390893,-2.074309633492838,-0.18060041679821687,-7.08882399697495,-2.0017479111898373
2,0.0,BAO KT,Max,-85.37260343262467,0.2065575949091372,0.8547090220070132,0.622464500343043,6.342054884974868,0.9868914472943131
2,7.630974235114245,BAO KT,Max,-85.37260343262467,0.2065575949091372,0.8547090220070132,0.622464500343043,0.12928563167833645,-0.18223970190061983
2,15.26194847022849,BAO KT,Max,-85.37260343262467,0.2065575949091372,0.8547090220070132,0.622464500343043,14.326758339509915,4.928490897265392
2,0.0,BAO KT,Min,-187.61903671078863,-0.6746411610848718,-1.8632588168818762,-0.18097462445654308,-14.110201710440183,-5.36784773910704
2,7.630974235114245,BAO KT,Min,-187.61903671078863,-0.6746411610848718,-1.8632588168818762,-0.18097462445654308,-0.22189615010915759,-0.6137145711432997
2,15.26194847022849,BAO KT,Min,-187.61903671078863,-0.6746411610848718,-1.8632588168818762,-0.18097462445654308,-6.702470165935555,-2.1655799223432695
3,0.0,BAO KT,Max,-88.31775278626941,-0.09631239516580692,0.7753606780251441,0.6187432370020088,5.736450621416174,-0.5035669040292112
3,7.630974235114245,BAO KT,Max,-88.31775278626941,-0.09631239516580692,0.7753606780251441,0.6187432370020088,0.13625557253019216,0.6248181562759046
3,15.26194847022849,BAO KT,Max,-88.31775278626941,-0.09631239516580692,0.7753606780251441,0.6187432370020088,11.154696335467667,4.961916283367522
3,0.0,BAO KT,Min,-193.94892902459415,-0.6206030198621493,-1.4478031084013219,-0.17521319050946216,-10.941600099989936,-4.5096950262367885
3,7.630974235114245,BAO KT,Min,-193.94892902459415,-0.6206030198621493,-1.4478031084013219,-0.17521319050946216,-0.2337699231737163,0.22611062856536676
3,15.26194847022849,BAO KT,Min,-193.94892902459415,-0.6206030198621493,-1.4478031084013219,-0.17521319050946216,-6.097064092444997,0.9663479080356177
4,0.0,BAO KT,Max,-101.39566733987579,0.06611792270745553,0.7400321524012017,0.6185774728018182,5.459835587917958,0.6086314609833878
4,7.630974235114245,BAO KT,Max,-101.39566733987579,0.06611792270745553,0.7400321524012017,0.6185774728018182,0.141698417964789,0.23606645192798206
4,15.26194847022849,BAO KT,Max,-101.39566733987579,0.06611792270745553,0.7400321524012017,0.6185774728018182,9.603061971419315,3.605101930504185
4,0.0,BAO KT,Min,-221.6667736261308,-0.4591176135060221,-1.2433658976436543,-0.1734556281842703,-9.373124288057527,-3.401927428599004
4,7.630974235114245,BAO KT,Min,-221.6667736261308,-0.4591176135060221,-1.2433658976436543,-0.1734556281842703,-0.23862640550258482,0.09549460261334054
4,15.26194847022849,BAO KT,Min,-221.6667736261308,-0.4591176135060221,-1.2433658976436543,-0.1734556281842703,-5.834496988341458,-0.4004568683363483
5,0.0,BAO KT,Max,-105.21811240744957,0.2798145904662817,0.7038841304012052,0.6154045816662523,5.179432078500198,1.9435748582389334
5,7.630974235114245,BAO KT,Max,-105.21811240744957,0.2798145904662817,0.7038841304012052,0.6154045816662523,0.1407556993600725,0.03584328794543577
5,15.26194847022849,BAO KT,Max,-105.21811240744957,0.2798145904662817,0.7038841304012052,0.6154045816662523,8.037429409928295,2.395023942354234
5,0.0,BAO KT,Min,-229.67172960447556,-0.31203351653119127,-1.0378397476708825,-0.17295229841605042,-7.802027339379652,-2.3672155079289965
5,7.630974235114245,BAO KT,Min,-229.67172960447556,-0.31203351653119127,-1.0378397476708825,-0.17295229841605042,-0.23946894771444996,-0.1935673602591413
5,15.26194847022849,BAO KT,Min,-229.67172960447556,-0.31203351653119127,-1.0378397476708825,-0.17295229841605042,-5.5632112486945875,-2.3269410026755466
6,0.0,BAO KT,Max,-105.10870926126078,0.3340048342159495,0.6665240412935575,0.6117826051950502,4.891972367004293,2.543145983468194
6,7.630974235114245,BAO KT,Max,-105.10870926126078,0.3340048342159495,0.6665240412935575,0.6117826051950502,0.13696518903758675,0.2273043149731128
6,15.26194847022849,BAO KT,Max,-105.10870926126078,0.3340048342159495,0.6665240412935575,0.6117826051950502,6.486230295747398,1.5589905237137358
6,0.0,BAO KT,Min,-229.59485009481426,-0.19016571266113647,-0.8342553872692046,-0.1720012166605806,-6.246132435765715,-1.4598194597093563
6,7.630974235114245,BAO KT,Min,-229.59485009481426,-0.19016571266113647,-0.8342553872692046,-0.1720012166605806,-0.23841952141945813,-0.034083509809637785
6,15.26194847022849,BAO KT,Min,-229.59485009481426,-0.19016571266113647,-0.8342553872692046,-0.1720012166605806,-5.280483205386427,-2.5544185851428374
7,0.0,BAO KT,Max,-104.59923542739621,0.4487151513842678,0.6351555945060464,0.6086647482965732,4.636716293702932,3.3981502096987164
7,7.630974235114245,BAO KT,Max,-104.59923542739621,0.4487151513842678,0.6351555945060464,0.6086647482965732,0.12730685777314982,-0.00036766976042236217
7,15.26194847022849,BAO KT,Max,-104.59923542739621,0.4487151513842678,0.6351555945060464,0.6086647482965732,4.932415033008629,0.6929841832223764
7,0.0,BAO KT,Min,-228.72367429630233,-0.09144600912160233,-0.630863543129165,-0.16998096733260787,-4.695791853974455,-0.7026600957995629
7,7.630974235114245,BAO KT,Min,-228.72367429630233,-0.09144600912160233,-0.630863543129165,-0.16998096733260787,-0.24051064945529593,-0.02909393092625677
7,15.26194847022849,BAO KT,Min,-228.72367429630233,-0.09144600912160233,-0.630863543129165,-0.16998096733260787,-5.05699566022569,-3.450117308538755
8,0.0,BAO KT,Max,-104.73596380349268,0.6266804826794585,0.6021400014907301,0.6058614795565156,4.374658517550198,4.567511334749754
8,7.630974235114245,BAO KT,Max,-104.73596380349268,0.6266804826794585,0.6021400014907301,0.6058614795565156,0.12084163090906615,0.10859172461811192
8,15.26194847022849,BAO KT,Max,-104.73596380349268,0.6266804826794585,0.6021400014907301,0.6058614795565156,3.395146497781943,1.059219885953979
8,0.0,BAO KT,Min,-229.0695584413218,-0.12529649495396533,-0.42945052904934367,-0.16829666578054733,-3.1591053470815025,-0.8530487635336841
8,7.630974235114245,BAO KT,Min,-229.0695584413218,-0.12529649495396533,-0.42945052904934367,-0.16829666578054733,-0.24246033699055275,-0.22017744563411706
8,15.26194847022849,BAO KT,Min,-229.0695584413218,-0.12529649495396533,-0.42945052904934367,-0.16829666578054733,-4.815171157064629,-4.996853899202059
9,0.0,BAO KT,Max,-104.70844670138479,0.7100175508029903,0.5612338246607915,0.6035953936668699,4.072332816331166,5.299037312605728
9,7.630974235114245,BAO KT,Max,-104.70844670138479,0.7100175508029903,0.5612338246607915,0.6035953936668699,0.12477252374938838,0.20248052021617863
9,15.26194847022849,BAO KT,Max,-104.70844670138479,0.7100175508029903,0.5612338246607915,0.6035953936668699,1.8941366716940498,1.484864610230447
9,0.0,BAO KT,Min,-228.92024920560374,-0.16886109957999834,-0.2319177220806098,-0.16707759224981988,-1.645379652032989,-1.0922847901856092
9,7.630974235114245,BAO KT,Min,-228.92024920560374,-0.16886109957999834,-0.2319177220806098,-0.16707759224981988,-0.236748472430438,-0.12527893424456996
9,15.26194847022849,BAO KT,Min,-228.92024920560374,-0.16886109957999834,-0.2319177220806098,-0.16707759224981988,-4.493188895391086,-5.537213960707349
10,0.0,BAO KT,Max,-100.98769310227047,0.8574559351529629,0.5242559455426004,0.6021553226797974,3.850821461532552,6.336939159689834
10,7.630974235114245,BAO KT,Max,-100.98769310227047,0.8574559351529629,0.5242559455426004,0.6021553226797974,0.13108961201313057,-0.09759067875614606
10,15.26194847022849,BAO KT,Max,-100.98769310227047,0.8574559351529629,0.5242559455426004,0.6021553226797974,0.40030988055411054,0.21425369394375987
10,0.0,BAO KT,Min,-220.96760457355785,-0.04241862929096718,-0.035279934153381334,-0.16607540955488867,-0.1381306565278495,-0.4331372404727061
10,7.630974235114245,BAO KT,Min,-220.96760457355785,-0.04241862929096718,-0.035279934153381334,-0.16607540955488867,-0.22385202832333617,-0.2186211361713961
10,15.26194847022849,BAO KT,Min,-220.96760457355785,-0.04241862929096718,-0.035279934153381334,-0.16607540955488867,-4.18119521260011,-6.749509138106265
11,0.0,BAO KT,Max,-87.90796697008162,1.116285622470439,0.5392012911409358,0.601360044962813,3.9735104875758975,7.911724791751809
11,7.630974235114245,BAO KT,Max,-87.90796697008162,1.116285622470439,0.5392012911409358,0.601360044962813,0.12928452224840753,-0.22462196336984994
11,15.26194847022849,BAO KT,Max,-87.90796697008162,1.116285622470439,0.5392012911409358,0.601360044962813,-0.40296435332768654,-0.3227557950445624
11,0.0,BAO KT,Min,-193.2212153458342,0.011686294834034147,0.06974848285123655,-0.1653250109687556,0.6615333978245015,-0.1444001654796359
11,7.630974235114245,BAO KT,Min,-193.2212153458342,0.011686294834034147,0.06974848285123655,-0.1653250109687556,-0.21340255044582568,-0.6155780492408264
11,15.26194847022849,BAO KT,Min,-193.2212153458342,0.011686294834034147,0.06974848285123655,-0.1653250109687556,-4.255751832897735,-9.124968856448964
12,0.0,BAO KT,Max,-85.38649504228773,1.043284679100923,0.749360102481879,0.6020935101172925,5.515791995160871,8.162375043312688
12,7.630974235114245,BAO KT,Max,-85.38649504228773,1.043284679100923,0.749360102481879,0.6020935101172925,0.12916213601351936,0.3790332278735051
12,15.26194847022849,BAO KT,Max,-85.38649504228773,1.043284679100923,0.749360102481879,0.6020935101172925,0.3288064831575665,2.095764973426676
12,0.0,BAO KT,Min,-185.71309061550852,-0.22703225355599327,-0.02616236682144405,-0.1655936872650957,-0.07048221113052777,-1.369189581424742
12,7.630974235114245,BAO KT,Min,-185.71309061550852,-0.22703225355599327,-0.02616236682144405,-0.1655936872650957,-0.20548147021520063,0.1853510053315736
12,15.26194847022849,BAO KT,Min,-185.71309061550852,-0.22703225355599327,-0.02616236682144405,-0.1655936872650957,-5.920903274562706,-7.7601819689044635
13,0.0,BAO KT,Max,-95.19598959167729,1.3222785844039382,0.9537205827547202,0.6027388148870613,7.070643621227082,9.829912453693508
13,7.630974235114245,BAO KT,Max,-95.19598959167729,1.3222785844039382,0.9537205827547202,0.6027388148870613,0.11379102424809122,0.4291005755447646
13,15.26194847022849,BAO KT,Max,-95.19598959167729,1.3222785844039382,0.9537205827547202,0.6027388148870613,0.6351485506021207,2.18172765293679
13,0.0,BAO KT,Min,-203.43647709641175,-0.23484735784549549,-0.06835934365116492,-0.16622850570509642,-0.46712775358972625,-1.4025006208704722
13,7.630974235114245,BAO KT,Min,-203.43647709641175,-0.23484735784549549,-0.06835934365116492,-0.16622850570509642,-0.20994707077056965,-0.3049479920671584
13,15.26194847022849,BAO KT,Min,-203.43647709641175,-0.23484735784549549,-0.06835934365116492,-0.16622850570509642,-7.484990767771744,-10.35063516476607
14,0.0,BAO KT,Max,-72.0910179851666,0.7974233998006173,1.5710303016952203,0.6321691535358133,12.00406902063892,6.212116227775455
14,7.752843131907605,BAO KT,Max,-72.0910179851666,0.7974233998006173,1.5710303016952203,0.6321691535358133,0.24598665636783906,0.3219000867520566
14,15.50568626381521,BAO KT,Max,-72.0910179851666,0.7974233998006173,1.5710303016952203,0.6321691535358133,6.4293723879064695,1.5676842310146932
14,0.0,BAO KT,Min,-174.407229779555,-0.16220674141416555,-0.7994625942391969,-0.15682813130692852,-5.9668437780223185,-0.9474426112291596
14,7.752843131907605,BAO KT,Min,-174.407229779555,-0.16220674141416555,-0.7994625942391969,-0.15682813130692852,-0.17588246387760292,-0.04639106116878954
14,15.50568626381521,BAO KT,Min,-174.407229779555,-0.16220674141416555,-0.7994625942391969,-0.15682813130692852,-12.355833948394126,-6.152480828957802
15,0.0,BAO KT,Max,-27.923478410260458,0.03743005387462183,0.8509423853632219,0.6294729323217223,6.259203795249355,0.027532486161667757
15,7.511452369872595,BAO KT,Max,-27.923478410260458,0.03743005387462183,0.8509423853632219,0.6294729323217223,0.1595892543212108,0.055795047166878275
15,15.02290473974519,BAO KT,Max,-27.923478410260458,0.03743005387462183,0.8509423853632219,0.6294729323217223,12.213968018291917,7.360415607630504
15,0.0,BAO KT,Min,-157.98414245533525,-0.9840676954568344,-1.6309770843623566,-0.18854704471700393,-12.28804535279112,-7.4231396386781
15,7.511452369872595,BAO KT,Min,-157.98414245533525,-0.9840676954568344,-1.6309770843623566,-0.18854704471700393,-0.3554387745594534,-0.3303719276987057
15,15.02290473974519,BAO KT,Min,-157.98414245533525,-0.9840676954568344,-1.6309770843623566,-0.18854704471700393,-6.52442259907387,-0.5971892125244782
16,0.0,BAO KT,Max,-23.914874245174765,0.23062469390859794,-0.14220724824280423,0.6240860201160112,-1.1953644759229085,1.4638970973578016
16,7.5114523698725995,BAO KT,Max,-23.914874245174765,0.23062469390859794,-0.14220724824280423,0.6240860201160112,0.2023173393682261,0.060540039870026076
16,15.022904739745199,BAO KT,Max,-23.914874245174765,0.23062469390859794,-0.14220724824280423,0.6240860201160112,4.925912904298635,8.214019466877408
16,0.0,BAO KT,Min,-167.0878064087835,-1.0945767915461766,-0.6345948652987258,-0.16796028756920478,-4.607545305415557,-8.240709683534932
16,7.5114523698725995,BAO KT,Min,-167.0878064087835,-1.0945767915461766,-0.6345948652987258,-0.16796028756920478,-0.24490564652457403,-0.3026054263094974
16,15.022904739745199,BAO KT,Min,-167.0878064087835,-1.0945767915461766,-0.6345948652987258,-0.16796028756920478,0.9410014677300369,-2.0007557098639595
17,0.0,BAO KT,Max,-65.87393675642947,0.8843552179289133,0.5754625974051606,0.579618502204716,4.2714574681725015,6.885518024733131
17,7.752843131907606,BAO KT,Max,-65.87393675642947,0.8843552179289133,0.5754625974051606,0.579618502204716,0.12049708805548745,0.29433933098722465
17,15.505686263815212,BAO KT,Max,-65.87393675642947,0.8843552179289133,0.5754625974051606,0.579618502204716,-1.1618135795098785,2.606137666003556
17,0.0,BAO KT,Min,-202.1907999982023,-0.3020605265401259,0.1563097084806881,-0.1735202945618931,1.261875720180087,-2.0775180912104645
17,7.752843131907606,BAO KT,Min,-202.1907999982023,-0.3020605265401259,0.1563097084806881,-0.1735202945618931,-0.35056791182143054,-0.04968450933917691
17,15.505686263815212,BAO KT,Min,-202.1907999982023,-0.3020605265401259,0.1563097084806881,-0.1735202945618931,-4.713893342949257,-6.8270165302405275
18,0.0,BAO KT,Max,-81.45199667285624,0.26597095237230356,0.4860849108878354,0.5421315547507483,4.2012202453579395,1.833194840466357
18,8.635974235114245,BAO KT,Max,-81.45199667285624,0.26597095237230356,0.4860849108878354,0.5421315547507483,0.4283259387253586,-0.023690046471621228
18,17.27194847022849,BAO KT,Max,-81.45199667285624,0.26597095237230356,0.4860849108878354,0.5421315547507483,13.528713990584226,3.3266145919294807
18,0.0,BAO KT,Min,-180.25378469718723,-0.4002210982901908,-1.5293439184021724,-0.15526416442681384,-12.886035361315422,-3.5859835944369465
18,8.635974235114245,BAO KT,Min,-180.25378469718723,-0.4002210982901908,-1.5293439184021724,-0.15526416442681384,-0.35972965838305254,-0.4637234515096548
18,17.27194847022849,BAO KT,Min,-180.25378469718723,-0.4002210982901908,-1.5293439184021724,-0.15526416442681384,-4.194413287652362,-2.7606417434856665
19,0.0,BAO KT,Max,-76.43919536766657,0.26493507159444674,0.49238411873193,0.5455320343819553,4.156299387550157,1.813135785850028
19,8.635974235114245,BAO KT,Max,-76.43919536766657,0.26493507159444674,0.49238411873193,0.5455320343819553,0.32963748747294114,-0.11562371581369617
19,17.27194847022849,BAO KT,Max,-76.43919536766657,0.26493507159444674,0.49238411873193,0.5455320343819553,12.139898329370535,2.4525131996296126
19,0.0,BAO KT,Min,-165.50820152403503,-0.30463304814574804,-1.3731497866606404,-0.15596113982193352,-11.57707402773729,-2.8090931102723826
19,8.635974235114245,BAO KT,Min,-165.50820152403503,-0.30463304814574804,-1.3731497866606404,-0.15596113982193352,-0.4211618209588349,-0.4748366664177617
19,17.27194847022849,BAO KT,Min,-165.50820152403503,-0.30463304814574804,-1.3731497866606404,-0.15596113982193352,-4.348133738746604,-2.762809118685552
20,0.0,BAO KT,Max,-79.17919594745699,0.049577184755887314,0.42212026367818717,0.5444242149220919,3.5955404260356154,0.5875421996708141
20,8.635974235114245,BAO KT,Max,-79.17919594745699,0.049577184755887314,0.42212026367818717,0.5444242149220919,0.33378406692000134,0.45801391784174106
20,17.27194847022849,BAO KT,Max,-79.17919594745699,0.049577184755887314,0.42212026367818717,0.5444242149220919,9.86830336530557,2.893075095824882
20,0.0,BAO KT,Min,-169.74173476498555,-0.28196716568260205,-1.1046378594812707,-0.15352390760116283,-9.210944821918437,-2.117764707814406
20,8.635974235114245,BAO KT,Min,-169.74173476498555,-0.28196716568260205,-1.1046378594812707,-0.15352390760116283,-0.3752022934039643,0.15939490946947257
20,17.27194847022849,BAO KT,Min,-169.74173476498555,-0.28196716568260205,-1.1046378594812707,-0.15352390760116283,-3.6952990164532964,-0.268752380731869
21,0.0,BAO KT,Max,-87.90398294875958,0.08412443797823374,0.38669004426004844,0.5438830438354876,3.315562704583839,0.7920296515235539
21,8.635974235114245,BAO KT,Max,-87.90398294875958,0.08412443797823374,0.38669004426004844,0.5438830438354876,0.4465734339631078,0.2059353003044639
21,17.27194847022849,BAO KT,Max,-87.90398294875958,0.08412443797823374,0.38669004426004844,0.5438830438354876,9.088723979329387,1.4286321127849864
21,0.0,BAO KT,Min,-191.98954165335587,-0.15663137504812252,-1.0012877749620213,-0.15242248557322394,-8.205466873684385,-1.2766969258672185
21,8.635974235114245,BAO KT,Min,-191.98954165335587,-0.15663137504812252,-1.0012877749620213,-0.15242248557322394,-0.4128266909020808,0.06304863284636203
21,17.27194847022849,BAO KT,Min,-191.98954165335587,-0.15663137504812252,-1.0012877749620213,-0.15242248557322394,-3.747363532538715,-0.6609633063234319
22,0.0,BAO KT,Max,-90.59651600912393,0.15392220461593809,0.4030802063230899,0.5420830677920018,3.080705332185363,1.1764025040214465
22,8.635974235114245,BAO KT,Max,-90.59651600912393,0.15392220461593809,0.4030802063230899,0.5420830677920018,0.4711611209524927,0.030960113930313046
22,17.27194847022849,BAO KT,Max,-90.59651600912393,0.15392220461593809,0.4030802063230899,0.5420830677920018,7.960855190929745,0.5058132646604563
22,0.0,BAO KT,Min,-199.59864541700165,-0.057002516053639235,-0.8679182989713348,-0.1517531311586193,-7.0297849452715155,-0.47873125529137284
22,8.635974235114245,BAO KT,Min,-199.59864541700165,-0.057002516053639235,-0.8679182989713348,-0.1517531311586193,-0.42360453291430245,-0.1533038818609886
22,17.27194847022849,BAO KT,Min,-199.59864541700165,-0.057002516053639235,-0.8679182989713348,-0.1517531311586193,-3.904594809405041,-1.4821338825290025
23,0.0,BAO KT,Max,-90.69235264790248,0.18639952120495545,0.41269150525920467,0.5398017056443123,3.1509873068644065,1.6050169034815154
23,8.635974235114245,BAO KT,Max,-90.69235264790248,0.18639952120495545,0.41269150525920467,0.5398017056443123,0.4672539973524119,0.19450580250681507
23,17.27194847022849,BAO KT,Max,-90.69235264790248,0.18639952120495545,0.41269150525920467,0.5398017056443123,6.738736334584272,0.7186747970607142
23,0.0,BAO KT,Min,-198.37530553480462,-0.060887799711462895,-0.7266481897565404,-0.15090611746984325,-5.811893754875509,-0.345297274141737
23,8.635974235114245,BAO KT,Min,-198.37530553480462,-0.060887799711462895,-0.7266481897565404,-0.15090611746984325,-0.41300589960460077,-0.05342330882126354
23,17.27194847022849,BAO KT,Min,-198.37530553480462,-0.060887799711462895,-0.7266481897565404,-0.15090611746984325,-3.976999106073608,-1.6450711959748145
24,0.0,BAO KT,Max,-90.45160368823775,0.26880551748828485,0.3992624888928767,0.5377245553756047,3.1126928969316845,2.3044812803981496
24,8.635974235114245,BAO KT,Max,-90.45160368823775,0.26880551748828485,0.3992624888928767,0.5377245553756047,0.46454668603053006,0.0033976350566309235
24,17.27194847022849,BAO KT,Max,-90.45160368823775,0.26880551748828485,0.3992624888928767,0.5377245553756047,5.538332138215239,-0.0002583216668708768
24,0.0,BAO KT,Min,-193.66433544053285,0.00029618192920072414,-0.5875174374136594,-0.14959517764852798,-4.609238766154179,0.004857317352096893
24,8.635974235114245,BAO KT,Min,-193.66433544053285,0.00029618192920072414,-0.5875174374136594,-0.14959517764852798,-0.3353276701947863,-0.06423205502589893
24,17.27194847022849,BAO KT,Min,-193.66433544053285,0.00029618192920072414,-0.5875174374136594,-0.14959517764852798,-3.7833482373212566,-2.3383137661726106
25,0.0,BAO KT,Max,-90.14762365101934,0.39643267308553265,0.3967712315858776,0.5354910442992307,3.13679968563373,3.2483129649379494
25,8.635974235114245,BAO KT,Max,-90.14762365101934,0.39643267308553265,0.3967712315858776,0.5354910442992307,0.47256089860088196,0.09262351287651813
25,17.27194847022849,BAO KT,Max,-90.14762365101934,0.39643267308553265,0.3967712315858776,0.5354910442992307,4.372153159269397,0.3037209161781398
25,0.0,BAO KT,Min,-194.18944672468106,-0.024761804995585047,-0.4515520952821517,-0.14854657589614104,-3.4270313620676327,-0.12396370373545156
25,8.635974235114245,BAO KT,Min,-194.18944672468106,-0.024761804995585047,-0.4515520952821517,-0.14854657589614104,-0.289706447576457,-0.17993428908263084
25,17.27194847022849,BAO KT,Min,-194.18944672468106,-0.024761804995585047,-0.4515520952821517,-0.14854657589614104,-3.7162125807866437,-3.5988517365103077
26,0.0,BAO KT,Max,-90.15852087811706,0.4557353576026802,0.44075681578906467,0.533606468836017,3.425430695277172,3.8301617370122645
26,8.635974235114245,BAO KT,Max,-90.15852087811706,0.4557353576026802,0.44075681578906467,0.533606468836017,0.47323238395790984,0.16060808170284702
26,17.27194847022849,BAO KT,Max,-90.15852087811706,0.4557353576026802,0.44075681578906467,0.533606468836017,3.1854415000755427,0.6078891684920678
26,0.0,BAO KT,Min,-196.36475639075107,-0.05235069554450995,-0.31405942656587293,-0.1477424831257704,-2.238976732159723,-0.2963093473333284
26,8.635974235114245,BAO KT,Min,-196.36475639075107,-0.05235069554450995,-0.31405942656587293,-0.1477424831257704,-0.38093380982818625,-0.11037524039853566
26,17.27194847022849,BAO KT,Min,-196.36475639075107,-0.05235069554450995,-0.31405942656587293,-0.1477424831257704,-4.187298314933544,-4.041275875562381
27,0.0,BAO KT,Max,-87.70093896897347,0.5508004371248599,0.4758276908109558,0.5326409717122292,3.6628751451607995,4.602080339817455
27,8.635974235114245,BAO KT,Max,-87.70093896897347,0.5508004371248599,0.4758276908109558,0.5326409717122292,0.4470973146116389,-0.061605048169807636
27,17.27194847022849,BAO KT,Max,-87.70093896897347,0.5508004371248599,0.4758276908109558,0.5326409717122292,1.8966423790218827,-0.2873150677078654
27,0.0,BAO KT,Min,-194.3719013870009,0.02613602280334639,-0.1678496281885987,-0.1468949042364675,-1.002447749798605,0.1641049713682502
27,8.635974235114245,BAO KT,Min,-194.3719013870009,0.02613602280334639,-0.1678496281885987,-0.1468949042364675,-0.446360533036522,-0.15703682763858584
27,17.27194847022849,BAO KT,Min,-194.3719013870009,0.02613602280334639,-0.1678496281885987,-0.1468949042364675,-4.555596211233843,-4.911316427582455
28,0.0,BAO KT,Max,-78.87507690622928,0.7246991275538167,0.5055304455381037,0.5321457387186211,3.8698191348151614,5.8105109749091435
28,8.635974235114245,BAO KT,Max,-78.87507690622928,0.7246991275538167,0.5055304455381037,0.5321457387186211,0.33518341975289045,-0.1610438501270056
28,17.27194847022849,BAO KT,Max,-78.87507690622928,0.7246991275538167,0.5055304455381037,0.5321457387186211,1.6139819752641744,-0.9916689863192002
28,0.0,BAO KT,Min,-175.60440742571984,0.08713623948028384,-0.1486737206182829,-0.1462039591858689,-0.9539028661319549,0.5133436518737519
28,8.635974235114245,BAO KT,Min,-175.60440742571984,0.08713623948028384,-0.1486737206182829,-0.1462039591858689,-0.49592876791772694,-0.4495884372984094
28,17.27194847022849,BAO KT,Min,-175.60440742571984,0.08713623948028384,-0.1486737206182829,-0.1462039591858689,-4.861676670650615,-6.706455012619923
29,0.0,BAO KT,Max,-77.04706745197429,0.6845609019976189,0.47145751617408654,0.532801081487239,3.9328706164448173,6.045005339463209
29,8.635974235114245,BAO KT,Max,-77.04706745197429,0.6845609019976189,0.47145751617408654,0.532801081487239,0.31916424991814624,0.24445210529449563
29,17.27194847022849,BAO KT,Max,-77.04706745197429,0.6845609019976189,0.47145751617408654,0.532801081487239,2.1587249764242715,0.8681115900845862
29,0.0,BAO KT,Min,-163.03884996894942,-0.07429277399580246,-0.21301137270956544,-0.14651875103376186,-1.5203964765879787,-0.42178074844264646
29,8.635974235114245,BAO KT,Min,-163.03884996894942,-0.07429277399580246,-0.21301137270956544,-0.14651875103376186,-0.3203937654675513,0.12665545291933536
29,17.27194847022849,BAO KT,Min,-163.03884996894942,-0.07429277399580246,-0.21301137270956544,-0.14651875103376186,-4.387245500517221,-5.7786952845728
30,0.0,BAO KT,Max,-83.44966366148134,0.8943646303324451,0.5783402144723835,0.5334955394889447,4.947763324230261,7.467844923438003
30,8.635974235114245,BAO KT,Max,-83.44966366148134,0.8943646303324451,0.5783402144723835,0.5334955394889447,0.408877429918193,0.3233935196022844
30,17.27194847022849,BAO KT,Max,-83.44966366148134,0.8943646303324451,0.5783402144723835,0.5334955394889447,2.810409382499458,1.1355543927904819
30,0.0,BAO KT,Min,-173.0594953435319,-0.09677851555762078,-0.27808465926363374,-0.1473329822288828,-1.9926545226630719,-0.5359991409459506
30,8.635974235114245,BAO KT,Min,-173.0594953435319,-0.09677851555762078,-0.27808465926363374,-0.1473329822288828,-0.31256229891456716,-0.27948087459048654
30,17.27194847022849,BAO KT,Min,-173.0594953435319,-0.09677851555762078,-0.27808465926363374,-0.1473329822288828,-5.041299058397641,-7.9795748852589385
31,0.0,BAO KT,Max,-71.92289833849254,0.4162818607198897,1.173822754389986,0.558914439485741,10.035291852378867,3.6748341298615705
31,8.76747138964511,BAO KT,Max,-71.92289833849254,0.4162818607198897,1.173822754389986,0.558914439485741,0.4059786904726979,0.2543667610212723
31,17.53494277929022,BAO KT,Max,-71.92289833849254,0.4162818607198897,1.173822754389986,0.558914439485741,4.471727250321788,1.3600353335286468
31,0.0,BAO KT,Min,-152.4225520353752,-0.1279257029834984,-0.4873999275422986,-0.15112081680593778,-4.074802589762617,-0.8831345482874734
31,8.76747138964511,BAO KT,Min,-152.4225520353752,-0.1279257029834984,-0.4873999275422986,-0.15112081680593778,-0.25616556324975187,-0.06371447709398288
31,17.53494277929022,BAO KT,Min,-152.4225520353752,-0.1279257029834984,-0.4873999275422986,-0.15112081680593778,-10.54762297887837,-3.6246444779181566
32,0.0,BAO KT,Max,-39.04458347319947,0.041064430407962135,0.5139763820687139,0.5583410147943986,4.251501499198084,0.22075517607886702
32,8.506998995383316,BAO KT,Max,-39.04458347319947,0.041064430407962135,0.5139763820687139,0.5583410147943986,0.2061226499802608,0.06642629379557882
32,17.013997990766633,BAO KT,Max,-39.04458347319947,0.041064430407962135,0.5139763820687139,0.5583410147943986,10.247006562972343,4.524972134062055
32,0.0,BAO KT,Min,-147.25377160996993,-0.5346003958216486,-1.1995746610788536,-0.1613373965633993,-10.162554310397836,-4.570717926310522
32,8.506998995383316,BAO KT,Min,-147.25377160996993,-0.5346003958216486,-1.1995746610788536,-0.1613373965633993,-0.39058796081654196,-0.26521427815625237
32,17.013997990766633,BAO KT,Min,-147.25377160996993,-0.5346003958216486,-1.1995746610788536,-0.1613373965633993,-4.493291632620517,-0.5996323643214185
33,0.0,BAO KT,Max,-28.49868134928002,0.05110696157172679,0.0010900996842143212,0.5515757390903062,-0.15110053866042183,0.22560885503215344
33,8.506998995383318,BAO KT,Max,-28.49868134928002,0.05110696157172679,0.0010900996842143212,0.5515757390903062,0.46233181761071845,0.06928274721880745
33,17.013997990766637,BAO KT,Max,-28.49868134928002,0.05110696157172679,0.0010900996842143212,0.5515757390903062,4.888375579581197,6.438867479051994
33,0.0,BAO KT,Min,-150.25332548336436,-0.7514335616221807,-0.5202826242688472,-0.1598448354201771,-3.96371194435976,-6.3460216285824025
33,8.506998995383318,BAO KT,Min,-150.25332548336436,-0.7514335616221807,-0.5202826242688472,-0.1598448354201771,-0.2892908851507407,-0.22792231636494142
33,17.013997990766637,BAO KT,Min,-150.25332548336436,-0.7514335616221807,-0.5202826242688472,-0.1598448354201771,-0.16964749249737976,-0.6439248864633936
34,0.0,BAO KT,Max,-71.57692110687286,0.588644204962186,0.5110801175082613,0.5245119516404162,3.9416445325093723,5.173212609712985
34,8.767471389645111,BAO KT,Max,-71.57692110687286,0.588644204962186,0.5110801175082613,0.5245119516404162,0.204176107126037,0.21400138041679748
34,17.534942779290223,BAO KT,Max,-71.57692110687286,0.588644204962186,0.5110801175082613,0.5245119516404162,0.494997103078183,1.3620492731286453
34,0.0,BAO KT,Min,-180.46820724190337,-0.13277608234355323,-0.03317045280531196,-0.16037850768396333,-0.08664488882610905,-0.9661717332238875
34,8.767471389645111,BAO KT,Min,-180.46820724190337,-0.13277608234355323,-0.03317045280531196,-0.16037850768396333,-0.5392357755607702,-0.07120798431219975
34,17.534942779290223,BAO KT,Min,-180.46820724190337,-0.13277608234355323,-0.03317045280531196,-0.16037850768396333,-5.020116083630913,-5.179794967101945
35,0.0,BAO KT,Max,-90.08177541035141,0.14249803017730253,1.6642259455804127,0.7268861367821016,10.532378612853526,0.4975850943406016
35,6.625974235114246,BAO KT,Max,-90.08177541035141,0.14249803017730253,1.6642259455804127,0.7268861367821016,0.14622776891196043,0.03958916373292489
35,13.251948470228491,BAO KT,Max,-90.08177541035141,0.14249803017730253,1.6642259455804127,0.7268861367821016,19.057744330677963,10.238088922541678
35,0.0,BAO KT,Min,-209.51119994517035,-1.5801333169876683,-2.917436177835755,-0.2195581115796255,-19.603969563181824,-10.701756370270127
35,6.625974235114246,BAO KT,Min,-209.51119994517035,-1.5801333169876683,-2.917436177835755,-0.2195581115796255,-0.9885131889398888,-0.6014015899054381
35,13.251948470228491,BAO KT,Min,-209.51119994517035,-1.5801333169876683,-2.917436177835755,-0.2195581115796255,-11.721422208833665,-1.3907914586780759
36,0.0,BAO KT,Max,-87.32074476160957,0.15638842616869783,1.493860642554056,0.7296681817318076,9.634159409283507,0.5296883010625115
36,6.625974235114246,BAO KT,Max,-87.32074476160957,0.15638842616869783,1.493860642554056,0.7296681817318076,0.2651258940560457,-0.11531994838288125
36,13.251948470228491,BAO KT,Max,-87.32074476160957,0.15638842616869783,1.493860642554056,0.7296681817318076,16.741325169946244,9.053497046979231
36,0.0,BAO KT,Min,-193.55599320428755,-1.4028851793945023,-2.5761404884241315,-0.21744967647237765,-17.3975558347196,-9.537465060003965
36,6.625974235114246,BAO KT,Min,-193.55599320428755,-1.4028851793945023,-2.5761404884241315,-0.21744967647237765,-0.8906063103116946,-0.5907625955319554
36,13.251948470228491,BAO KT,Min,-193.55599320428755,-1.4028851793945023,-2.5761404884241315,-0.21744967647237765,-10.344081818765623,-1.542763063865205
37,0.0,BAO KT,Max,-73.62355385558342,0.34557977969614206,0.29882742881762314,0.4434731461049256,2.6080438634051872,3.2322427028599034
37,10.520349235114246,BAO KT,Max,-73.62355385558342,0.34557977969614206,0.29882742881762314,0.4434731461049256,0.10393583961987439,-0.025389595049333396
37,21.04069847022849,BAO KT,Max,-73.62355385558342,0.34557977969614206,0.29882742881762314,0.4434731461049256,8.913791290670119,2.249075384647645
37,0.0,BAO KT,Min,-162.48390261103285,-0.21828365537281808,-0.8606776529971598,-0.1241151936304953,-9.19546768610707,-2.343765189031092
37,10.520349235114246,BAO KT,Min,-162.48390261103285,-0.21828365537281808,-0.8606776529971598,-0.1241151936304953,-0.7071654489906256,-0.40337726813735436
37,21.04069847022849,BAO KT,Min,-162.48390261103285,-0.21828365537281808,-0.8606776529971598,-0.1241151936304953,-3.8509343611832634,-4.038997239134613
38,0.0,BAO KT,Max,-69.42848856877244,0.34772146504654794,0.2493941938869803,0.4453960890501303,2.244989259791074,3.2388172258935297
38,10.520349235114246,BAO KT,Max,-69.42848856877244,0.34772146504654794,0.2493941938869803,0.4453960890501303,0.1702571579820007,-0.0922332647690265
38,21.04069847022849,BAO KT,Max,-69.42848856877244,0.34772146504654794,0.2493941938869803,0.4453960890501303,8.112754950620898,1.5891826296338025
38,0.0,BAO KT,Min,-148.71587604475224,-0.16033503118470777,-0.7845235797992248,-0.12486750459952271,-8.394169134718831,-1.784378415738316
38,10.520349235114246,BAO KT,Min,-148.71587604475224,-0.16033503118470777,-0.7845235797992248,-0.12486750459952271,-0.6030124652159413,-0.41933402294172567
38,21.04069847022849,BAO KT,Min,-148.71587604475224,-0.16033503118470777,-0.7845235797992248,-0.12486750459952271,-3.2267264821167685,-4.077485271776981
39,0.0,BAO KT,Max,-86.90925286019962,0.011612288938033677,1.4005677242694152,0.7171477684760013,8.953067950445082,0.27259693917526473
39,6.625974235114246,BAO KT,Max,-86.90925286019962,0.011612288938033677,1.4005677242694152,0.7171477684760013,0.19442521557515446,0.5631274722747827
39,13.251948470228491,BAO KT,Max,-86.90925286019962,0.011612288938033677,1.4005677242694152,0.7171477684760013,12.608582824622795,8.46360177010372
39,0.0,BAO KT,Min,-198.91870091823256,-1.2488714577532947,-1.9568759599862056,-0.20342456408991688,-13.323836559743315,-8.086378433982079
39,6.625974235114246,BAO KT,Min,-198.91870091823256,-1.2488714577532947,-1.9568759599862056,-0.20342456408991688,-0.9483106469140417,0.18861166806082097
39,13.251948470228491,BAO KT,Min,-198.91870091823256,-1.2488714577532947,-1.9568759599862056,-0.20342456408991688,-9.607183360638393,0.1187114845470374
40,0.0,BAO KT,Max,-72.40535216714574,0.18320859046706367,0.22345120138544786,0.4454485533209348,2.0490184264366063,2.0685202836771635
40,10.520349235114246,BAO KT,Max,-72.40535216714574,0.18320859046706367,0.22345120138544786,0.4454485533209348,0.12026038708734223,0.36789564444050005
40,21.04069847022849,BAO KT,Max,-72.40535216714574,0.18320859046706367,0.22345120138544786,0.4454485533209348,6.3274477705178604,2.452216417179159
40,0.0,BAO KT,Min,-152.51253856308128,-0.19829198121104166,-0.6190497282097897,-0.1244620002656401,-6.697790898821225,-1.7199853685465811
40,10.520349235114246,BAO KT,Min,-152.51253856308128,-0.19829198121104166,-0.6190497282097897,-0.1244620002656401,-0.6250970597974418,0.1381439239923867
40,21.04069847022849,BAO KT,Min,-152.51253856308128,-0.19829198121104166,-0.6190497282097897,-0.1244620002656401,-2.892794932677199,-1.7863164254959016
41,0.0,BAO KT,Max,-80.11220184903483,0.20935662671256663,0.23248109162008312,0.4449193458087324,1.9994871487764168,2.279630845513255
41,10.520349235114246,BAO KT,Max,-80.11220184903483,0.20935662671256663,0.23248109162008312,0.4449193458087324,0.13537797204729185,0.20163453216901017
41,21.04069847022849,BAO KT,Max,-80.11220184903483,0.20935662671256663,0.23248109162008312,0.4449193458087324,5.2746650247358176,1.2035253613840087
41,0.0,BAO KT,Min,-171.60712023803404,-0.09524395388348289,-0.5249438703295723,-0.12389979636555354,-5.770520664663439,-0.822034659022507
41,10.520349235114246,BAO KT,Min,-171.60712023803404,-0.09524395388348289,-0.5249438703295723,-0.12389979636555354,-0.7551960319437823,0.07394449857047984
41,21.04069847022849,BAO KT,Min,-171.60712023803404,-0.09524395388348289,-0.5249438703295723,-0.12389979636555354,-3.2009783063476487,-2.125378809890043
42,0.0,BAO KT,Max,-83.12919356526604,0.25476571216444477,0.23736688002194772,0.44393119192322167,2.012297418261757,2.5878427774091883
42,10.520349235114246,BAO KT,Max,-83.12919356526604,0.25476571216444477,0.23736688002194772,0.44393119192322167,0.1311924219853149,0.0438331904067621
42,21.04069847022849,BAO KT,Max,-83.12919356526604,0.25476571216444477,0.23736688002194772,0.44393119192322167,4.388826157896608,0.2338248866624705
42,0.0,BAO KT,Min,-179.52207738311157,-0.018977827486517163,-0.4427646968110057,-0.1233200225091723,-4.927252320965903,-0.1792635022984378
42,10.520349235114246,BAO KT,Min,-179.52207738311157,-0.018977827486517163,-0.4427646968110057,-0.1233200225091723,-0.8002532209352748,-0.09238148769336461
42,21.04069847022849,BAO KT,Min,-179.52207738311157,-0.018977827486517163,-0.4427646968110057,-0.1233200225091723,-3.296213721861079,-2.7726057527959176
43,0.0,BAO KT,Max,-83.67253577718115,0.23278655923890715,0.24606501294584737,0.4426689064144329,2.1407167905878075,2.4480537150027946
43,10.520349235114246,BAO KT,Max,-83.67253577718115,0.23278655923890715,0.24606501294584737,0.4426689064144329,0.11730260633104647,0.15908041884724256
43,21.04069847022849,BAO KT,Max,-83.67253577718115,0.23278655923890715,0.24606501294584737,0.4426689064144329,3.5707857437723085,0.42453054793567613
43,0.0,BAO KT,Min,-179.15349750277645,-0.025232064369348942,-0.3654910297904676,-0.12266054933383523,-4.119400807622219,-0.10636971024119102
43,10.520349235114246,BAO KT,Min,-179.15349750277645,-0.025232064369348942,-0.3654910297904676,-0.12266054933383523,-0.8075426860402402,-0.04802786258130504
43,21.04069847022849,BAO KT,Min,-179.15349750277645,-0.025232064369348942,-0.3654910297904676,-0.12266054933383523,-3.3945451529334556,-2.449938085865033
44,0.0,BAO KT,Max,-98.43826596002975,0.2352571202450391,1.379651109854479,0.7186755875297628,8.73319847751183,1.635769968421089
44,6.625974235114246,BAO KT,Max,-98.43826596002975,0.2352571202450391,1.379651109854479,0.7186755875297628,0.21769798039104352,0.23745001780547262
44,13.251948470228491,BAO KT,Max,-98.43826596002975,0.2352571202450391,1.379651109854479,0.7186755875297628,10.28580669221417,6.904989626883932
44,0.0,BAO KT,Min,-228.84138440533815,-1.0293503583356958,-1.617055122456206,-0.20034965182189213,-11.143324464094496,-6.735908279591939
44,6.625974235114246,BAO KT,Min,-228.84138440533815,-1.0293503583356958,-1.617055122456206,-0.20034965182189213,-1.107233865421066,0.061502093189980525
44,13.251948470228491,BAO KT,Min,-228.84138440533815,-1.0293503583356958,-1.617055122456206,-0.20034965182189213,-9.54986693717327,-1.4818452663205166
45,0.0,BAO KT,Max,-83.65627198132604,0.23348313860190498,0.2677664979466689,0.441467396137296,2.3582771075068227,2.452151187117719
45,10.520349235114246,BAO KT,Max,-83.65627198132604,0.23348313860190498,0.2677664979466689,0.441467396137296,0.04871831910977646,0.002519817531622501
45,21.04069847022849,BAO KT,Max,-83.65627198132604,0.23348313860190498,0.2677664979466689,0.441467396137296,2.756478378926862,-0.17314543282022726
45,0.0,BAO KT,Min,-175.035468975319,0.01660805094558488,-0.2885754636295952,-0.12184643394369461,-3.3153509372098395,0.17629955930401742
45,10.520349235114246,BAO KT,Min,-175.035468975319,0.01660805094558488,-0.2885754636295952,-0.12184643394369461,-0.8076913250992643,-0.06303516667729936
45,21.04069847022849,BAO KT,Min,-175.035468975319,0.01660805094558488,-0.2885754636295952,-0.12184643394369461,-3.460680472223027,-2.4604971300875302
46,0.0,BAO KT,Max,-83.75985326699175,0.2680306843710714,0.2868139086739288,0.43993277650954404,2.523720121501671,2.8159381274849573
46,10.520349235114246,BAO KT,Max,-83.75985326699175,0.2680306843710714,0.2868139086739288,0.43993277650954404,0.00941283303265264,0.06818215496770764
46,21.04069847022849,BAO KT,Max,-83.75985326699175,0.2680306843710714,0.2868139086739288,0.43993277650954404,1.9312415954911863,0.0538855162603885
46,0.0,BAO KT,Min,-174.860510099205,0.0011379542979158361,-0.21095783796495865,-0.12127361946650739,-2.5074586630608295,0.07782886951573618
46,10.520349235114246,BAO KT,Min,-174.860510099205,0.0011379542979158361,-0.21095783796495865,-0.12127361946650739,-0.8108390420334101,-0.13932776075342468
46,21.04069847022849,BAO KT,Min,-174.860510099205,0.0011379542979158361,-0.21095783796495865,-0.12127361946650739,-3.523284830165302,-2.952601269809849
47,0.0,BAO KT,Max,-83.24598383622562,0.3147835494153994,0.2730439402229579,0.4384458680674257,2.458767851248039,3.295896351305733
47,10.520349235114246,BAO KT,Max,-83.24598383622562,0.3147835494153994,0.2730439402229579,0.4384458680674257,0.09454795379827122,0.10091205281199442
47,21.04069847022849,BAO KT,Max,-83.24598383622562,0.3147835494153994,0.2730439402229579,0.4384458680674257,1.1780776109919313,0.1993878827310269
47,0.0,BAO KT,Min,-176.35294607343926,-0.009815014260859518,-0.1385575847576606,-0.12087913119221072,-1.7372707506571325,-0.007126872812710822
47,10.520349235114246,BAO KT,Min,-176.35294607343926,-0.009815014260859518,-0.1385575847576606,-0.12087913119221072,-0.8013151265105708,-0.10052612897390822
47,21.04069847022849,BAO KT,Min,-176.35294607343926,-0.009815014260859518,-0.1385575847576606,-0.12087913119221072,-3.5701158824314425,-3.3273693953319556
48,0.0,BAO KT,Max,-102.40423783981905,0.4920428054670816,1.3426762250423248,0.7116320807471247,8.443126014519239,3.061299852420765
48,6.625974235114246,BAO KT,Max,-102.40423783981905,0.4920428054670816,1.3426762250423248,0.7116320807471247,0.20709968260544157,0.037257859804683845
48,13.251948470228491,BAO KT,Max,-102.40423783981905,0.4920428054670816,1.3426762250423248,0.7116320807471247,8.244019033216285,5.502124060875685
48,0.0,BAO KT,Min,-237.9091557413817,-0.8275008027533975,-1.3098220033625514,-0.20121166875248928,-9.113674660515697,-5.463873936285049
48,6.625974235114246,BAO KT,Min,-237.9091557413817,-0.8275008027533975,-1.3098220033625514,-0.20121166875248928,-1.1373863591097568,-0.1995585610116266
48,13.251948470228491,BAO KT,Min,-237.9091557413817,-0.8275008027533975,-1.3098220033625514,-0.20121166875248928,-9.349950131942558,-3.459226050775663
49,0.0,BAO KT,Max,-80.37840411634434,0.3736871503289836,0.25805277767740403,0.43769865528729357,2.385195961223207,3.860833899007035
49,10.520349235114246,BAO KT,Max,-80.37840411634434,0.3736871503289836,0.25805277767740403,0.43769865528729357,0.16287579977205432,-0.061918777522928785
49,21.04069847022849,BAO KT,Max,-80.37840411634434,0.3736871503289836,0.25805277767740403,0.43769865528729357,0.7417475710963136,-0.44294778313036876
49,0.0,BAO KT,Min,-173.8236197706407,0.036218284877431846,-0.07374369887486817,-0.12038767025716285,-1.0053977382289365,0.3191102280845112
49,10.520349235114246,BAO KT,Min,-173.8236197706407,0.036218284877431846,-0.07374369887486817,-0.12038767025716285,-0.7541272239017516,-0.15668819595363764
49,21.04069847022849,BAO KT,Min,-173.8236197706407,0.036218284877431846,-0.07374369887486817,-0.12038767025716285,-3.4681491051143283,-4.001804753264054
50,0.0,BAO KT,Max,-72.573789876945,0.43577297391032943,0.24447669545975811,0.4372770597620541,2.239368743283586,4.448092582216943
50,10.520349235114246,BAO KT,Max,-72.573789876945,0.43577297391032943,0.24447669545975811,0.4372770597620541,0.2231653980612526,-0.13497947356483914
50,21.04069847022849,BAO KT,Max,-72.573789876945,0.43577297391032943,0.24447669545975811,0.4372770597620541,1.2814732751800402,-1.0078743484748451
50,0.0,BAO KT,Min,-157.813655627532,0.07645042845388501,-0.11678896765442631,-0.12008907458467485,-1.1758481778860124,0.6006960645431259
50,10.520349235114246,BAO KT,Min,-157.813655627532,0.07645042845388501,-0.11678896765442631,-0.12008907458467485,-0.6251688524210223,-0.3621714936177034
50,21.04069847022849,BAO KT,Min,-157.813655627532,0.07645042845388501,-0.11678896765442631,-0.12008907458467485,-3.1955964775712467,-4.720875163305046
51,0.0,BAO KT,Max,-70.37012288056056,0.4527789270729078,0.38842396049501604,0.437583019625512,3.553338921249829,4.875145285402324
51,10.520349235114246,BAO KT,Max,-70.37012288056056,0.4527789270729078,0.38842396049501604,0.437583019625512,0.07987023641423002,0.21490526542676971
51,21.04069847022849,BAO KT,Max,-70.37012288056056,0.4527789270729078,0.38842396049501604,0.437583019625512,1.68252584845417,0.6162224894316806
51,0.0,BAO KT,Min,-145.66725644048194,-0.03885409651480054,-0.15462685486839747,-0.12032467927710064,-1.5709311802315635,-0.20129483966939332
51,10.520349235114246,BAO KT,Min,-145.66725644048194,-0.03885409651480054,-0.15462685486839747,-0.12032467927710064,-0.5947861058885292,0.09956091806369995
51,21.04069847022849,BAO KT,Min,-145.66725644048194,-0.03885409651480054,-0.15462685486839747,-0.12032467927710064,-4.680235699065316,-4.651639592812305
52,0.0,BAO KT,Max,-103.09124543513224,0.6142679479793731,1.283973612103912,0.7055218427224426,8.052262223653601,4.0596100705045295
52,6.625974235114246,BAO KT,Max,-103.09124543513224,0.6142679479793731,1.283973612103912,0.7055218427224426,0.20742762311633606,0.2206561220526821
52,13.251948470228491,BAO KT,Max,-103.09124543513224,0.6142679479793731,1.283973612103912,0.7055218427224426,6.337475296566062,4.26047008884745
52,0.0,BAO KT,Min,-236.1677595772755,-0.6437832153170371,-1.0189869627691226,-0.20035038481561956,-7.166087425884989,-4.270911906531938
52,6.625974235114246,BAO KT,Min,-236.1677595772755,-0.6437832153170371,-1.0189869627691226,-0.20035038481561956,-1.120176298755217,-0.08463760543360675
52,13.251948470228491,BAO KT,Min,-236.1677595772755,-0.6437832153170371,-1.0189869627691226,-0.20035038481561956,-8.962889921080587,-4.08063712303112
53,0.0,BAO KT,Max,-75.97933839959997,0.5063432964589636,0.4878824715659593,0.4380918701177006,4.560838496174329,5.40397504617261
53,10.520349235114246,BAO KT,Max,-75.97933839959997,0.5063432964589636,0.4878824715659593,0.4380918701177006,0.06646806336799634,0.2887919111785091
53,21.04069847022849,BAO KT,Max,-75.97933839959997,0.5063432964589636,0.4878824715659593,0.4380918701177006,1.4808187245538167,0.8611756035390126
53,0.0,BAO KT,Min,-154.18824835454595,-0.056277795873361645,-0.14495068861574195,-0.12076781348204409,-1.5690450076619913,-0.3229485300014591
53,10.520349235114246,BAO KT,Min,-154.18824835454595,-0.056277795873361645,-0.14495068861574195,-0.12076781348204409,-0.6882256732654692,-0.18722973975318785
53,21.04069847022849,BAO KT,Min,-154.18824835454595,-0.056277795873361645,-0.14495068861574195,-0.12076781348204409,-5.807806502902562,-5.249841577041958
54,0.0,BAO KT,Max,-54.941879296454985,0.11729048026156876,0.707536312976098,0.4846621576949418,7.565634817135386,1.2379702255058986
54,10.669801757849122,BAO KT,Max,-54.941879296454985,0.11729048026156876,0.707536312976098,0.4846621576949418,0.4908539075449763,0.23517938051281584
54,21.339603515698244,BAO KT,Max,-54.941879296454985,0.11729048026156876,0.707536312976098,0.4846621576949418,2.712591220338097,2.514800048914957
54,0.0,BAO KT,Min,-142.94643493426838,-0.21365164228334077,-0.2158194566059529,-0.11826674320116545,-2.0933768799022374,-2.044441287889325
54,10.669801757849122,BAO KT,Min,-142.94643493426838,-0.21365164228334077,-0.2158194566059529,-0.11826674320116545,-0.21789736194062906,-0.05017898283507351
54,21.339603515698244,BAO KT,Min,-142.94643493426838,-0.21365164228334077,-0.2158194566059529,-0.11826674320116545,-7.5329095747335275,-1.2985470188220531
55,0.0,BAO KT,Max,-51.72071570736212,0.15304140085539508,0.21663514359108216,0.460437892790664,2.1123033853961783,1.3573204613736354
55,10.373745344283638,BAO KT,Max,-51.72071570736212,0.15304140085539508,0.21663514359108216,0.460437892790664,0.17292684856478643,0.055404617783379975
55,20.747490688567275,BAO KT,Max,-51.72071570736212,0.15304140085539508,0.21663514359108216,0.460437892790664,7.247598985541771,1.8917852310799486
55,0.0,BAO KT,Min,-143.3484445738131,-0.17730480890108435,-0.7113111616852107,-0.16544980082835561,-7.563179100798499,-1.786844640633499
55,10.373745344283638,BAO KT,Min,-143.3484445738131,-0.17730480890108435,-0.7113111616852107,-0.16544980082835561,-0.5375683469442255,-0.23029205823266513
55,20.747490688567275,BAO KT,Min,-143.3484445738131,-0.17730480890108435,-0.7113111616852107,-0.16544980082835561,-2.567216658347216,-1.8179045778389655
56,0.0,BAO KT,Max,-102.55044030797403,0.7880146215254732,1.2861507062525304,0.700895663296491,7.9334182119779015,5.202882411603362
56,6.625974235114246,BAO KT,Max,-102.55044030797403,0.7880146215254732,1.2861507062525304,0.700895663296491,0.0637933772668373,-0.008994797686968958
56,13.251948470228491,BAO KT,Max,-102.55044030797403,0.7880146215254732,1.2861507062525304,0.700895663296491,4.389183746594789,3.2890805785439925
56,0.0,BAO KT,Min,-225.6056521931699,-0.4988312927091267,-0.7242243183696205,-0.19623265566254758,-5.208199601325776,-3.3214060077748195
56,6.625974235114246,BAO KT,Min,-225.6056521931699,-0.4988312927091267,-0.7242243183696205,-0.19623265566254758,-1.1158968940843852,-0.13493508876564447
56,13.251948470228491,BAO KT,Min,-225.6056521931699,-0.4988312927091267,-0.7242243183696205,-0.19623265566254758,-9.11058467222861,-5.269297386583651
57,0.0,BAO KT,Max,-27.55062864068507,0.01763152272796051,0.10135730052998786,0.4832120911326968,0.9125219412725254,0.010065769574699707
57,10.373745344283638,BAO KT,Max,-27.55062864068507,0.01763152272796051,0.10135730052998786,0.4832120911326968,0.45946886312397595,0.1567099224972862
57,20.747490688567275,BAO KT,Max,-27.55062864068507,0.01763152272796051,0.10135730052998786,0.4832120911326968,3.3385637422586787,4.692726895635284
57,0.0,BAO KT,Min,-135.64967228446412,-0.45369370435129075,-0.28812314794753113,-0.12895658060127566,-2.6820922828269387,-4.720279010854715
57,10.373745344283638,BAO KT,Min,-135.64967228446412,-0.45369370435129075,-0.28812314794753113,-0.12895658060127566,-0.248815808074384,-0.18035868936461413
57,20.747490688567275,BAO KT,Min,-135.64967228446412,-0.45369370435129075,-0.28812314794753113,-0.12895658060127566,-1.1903877076917126,-0.35574408404892327
58,0.0,BAO KT,Max,-80.12624189664454,0.3977124743868191,0.32902436958995634,0.4334366562359928,3.0104406012942997,4.25970738256609
58,10.66980175784912,BAO KT,Max,-80.12624189664454,0.3977124743868191,0.32902436958995634,0.4334366562359928,0.18236132590651769,0.1868333946699584
58,21.33960351569824,BAO KT,Max,-80.12624189664454,0.3977124743868191,0.32902436958995634,0.4334366562359928,1.3046789812976707,0.970141306317198
58,0.0,BAO KT,Min,-160.70614507136509,-0.0740963145064953,-0.10773095093784738,-0.16578904880643588,-0.9942567980851316,-0.6110446672258916
58,10.66980175784912,BAO KT,Min,-160.70614507136509,-0.0740963145064953,-0.10773095093784738,-0.16578904880643588,-0.5523772091282212,-0.13188298140794144
58,21.33960351569824,BAO KT,Min,-160.70614507136509,-0.0740963145064953,-0.10773095093784738,-0.16578904880643588,-4.063002006154336,-4.2273191340959215
59,0.0,BAO KT,Max,-77.43611472249239,0.30173213199298554,0.09944350480319075,0.35684539896547346,0.8389481678693465,3.710062709059246
59,13.158474235114246,BAO KT,Max,-77.43611472249239,0.30173213199298554,0.09944350480319075,0.35684539896547346,0.010827365747738248,0.08797564689186506
59,26.316948470228493,BAO KT,Max,-77.43611472249239,0.30173213199298554,0.09944350480319075,0.35684539896547346,6.819368864916281,2.006576136514551
59,0.0,BAO KT,Min,-165.05202648020799,-0.14791152968214558,-0.5213171856251535,-0.09971146596007346,-6.900108645825425,-1.8860039682831458
59,13.158474235114246,BAO KT,Min,-165.05202648020799,-0.14791152968214558,-0.5213171856251535,-0.09971146596007346,-0.48290124048499067,-0.28812682278853374
59,26.316948470228493,BAO KT,Min,-165.05202648020799,-0.14791152968214558,-0.5213171856251535,-0.09971146596007346,-1.778101423735144,-4.230606260412337
60,0.0,BAO KT,Max,-102.57795488662227,1.0097587575711464,1.2787246621276736,0.6969521769184521,7.775322284451814,6.475663235284782
60,6.625974235114246,BAO KT,Max,-102.57795488662227,1.0097587575711464,1.2787246621276736,0.6969521769184521,-0.04078306430150486,0.11565613023258607
60,13.251948470228491,BAO KT,Max,-102.57795488662227,1.0097587575711464,1.2787246621276736,0.6969521769184521,2.4365627871395783,3.7056588754130013
60,0.0,BAO KT,Min,-220.68597516799915,-0.542209353566199,-0.42955244246157837,-0.1935342218290161,-3.255844045622047,-3.479671538122169
60,6.625974235114246,BAO KT,Min,-220.68597516799915,-0.542209353566199,-0.42955244246157837,-0.1935342218290161,-1.1245357274093637,-0.2183378137112586
60,13.251948470228491,BAO KT,Min,-220.68597516799915,-0.542209353566199,-0.42955244246157837,-0.1935342218290161,-9.170271045674454,-6.905607787409993
61,0.0,BAO KT,Max,-82.56048417588335,0.3394874200633702,0.1461325556570343,0.38157633474369296,1.238857785052054,3.7893471451014946
61,12.279099235114247,BAO KT,Max,-82.56048417588335,0.3394874200633702,0.1461325556570343,0.38157633474369296,-0.024967961377172585,-0.022423095733822528
61,24.558198470228493,BAO KT,Max,-82.56048417588335,0.3394874200633702,0.1461325556570343,0.38157633474369296,7.393389174692189,1.7823467621555529
61,0.0,BAO KT,Min,-175.67127517926983,-0.15013512310575675,-0.6075976502720029,-0.10652630114396403,-7.52811451073214,-1.9047013884278088
61,12.279099235114247,BAO KT,Min,-175.67127517926983,-0.15013512310575675,-0.6075976502720029,-0.10652630114396403,-0.5555183673415264,-0.4007930432604627
61,24.558198470228493,BAO KT,Min,-175.67127517926983,-0.15013512310575675,-0.6075976502720029,-0.10652630114396403,-2.3498945197351064,-4.547852294960581
62,0.0,BAO KT,Max,-82.57302330407882,0.36035997994199487,0.1796795292301663,0.4097399331778204,1.7886124819326676,3.6681197305264894
62,11.399724235114245,BAO KT,Max,-82.57302330407882,0.36035997994199487,0.1796795292301663,0.4097399331778204,0.01604082336810329,-0.07751536516930074
62,22.79944847022849,BAO KT,Max,-82.57302330407882,0.36035997994199487,0.1796795292301663,0.4097399331778204,8.045258506557914,1.8883794063397668
62,0.0,BAO KT,Min,-175.70637226520134,-0.17280975668261,-0.7152920515830422,-0.11443570075721778,-8.263005764673677,-2.0515877362981243
62,11.399724235114245,BAO KT,Min,-175.70637226520134,-0.17280975668261,-0.7152920515830422,-0.11443570075721778,-0.45089321911679997,-0.4409700929817918
62,22.79944847022849,BAO KT,Min,-175.70637226520134,-0.17280975668261,-0.7152920515830422,-0.11443570075721778,-2.3079816859054225,-4.547889062893595
63,0.0,BAO KT,Max,-77.26244568859212,0.29509724309110325,0.12965515518583492,0.35757943494669325,1.1198951351013129,3.648046181811311
63,13.158474235114246,BAO KT,Max,-77.26244568859212,0.29509724309110325,0.12965515518583492,0.35757943494669325,-0.07585768654269627,0.026119063108172684
63,26.316948470228493,BAO KT,Max,-77.26244568859212,0.29509724309110325,0.12965515518583492,0.35757943494669325,6.041999408905921,1.5000307408344697
63,0.0,BAO KT,Min,-166.14950970917798,-0.11478421002675644,-0.4672943482903995,-0.09997114448145551,-6.25576187548153,-1.5336087380162196
63,13.158474235114246,BAO KT,Min,-166.14950970917798,-0.11478421002675644,-0.4672943482903995,-0.09997114448145551,-0.601731157296658,-0.2539709357712895
63,26.316948470228493,BAO KT,Min,-166.14950970917798,-0.11478421002675644,-0.4672943482903995,-0.09997114448145551,-2.2922329028237836,-4.118012758323744
64,0.0,BAO KT,Max,-103.69960125617072,1.140197468472157,1.1442682169279634,0.6939642872331273,7.059706388973905,7.457987309594107
64,6.625974235114246,BAO KT,Max,-103.69960125617072,1.140197468472157,1.1442682169279634,0.6939642872331273,0.14923105386461194,0.22725823989315952
64,13.251948470228491,BAO KT,Max,-103.69960125617072,1.140197468472157,1.1442682169279634,0.6939642872331273,0.6417534267009639,4.210015532262419
64,0.0,BAO KT,Min,-230.2757424394961,-0.6018669359962916,-0.15312537402767568,-0.19193254388611966,-1.3874561393982583,-3.765894089494746
64,6.625974235114246,BAO KT,Min,-230.2757424394961,-0.6018669359962916,-0.15312537402767568,-0.19193254388611966,-1.0817877341431672,-0.10212925795421611
64,13.251948470228491,BAO KT,Min,-230.2757424394961,-0.6018669359962916,-0.15312537402767568,-0.19193254388611966,-8.104077057875703,-7.651850788483894
65,0.0,BAO KT,Max,-77.03424901228766,0.3460124563058258,0.15700608264111776,0.38235907414564585,1.277196725591493,3.8374340858009135
65,12.279099235114247,BAO KT,Max,-77.03424901228766,0.3460124563058258,0.15700608264111776,0.38235907414564585,-0.08347509805502443,-0.0971573178735093
65,24.558198470228493,BAO KT,Max,-77.03424901228766,0.3460124563058258,0.15700608264111776,0.38235907414564585,6.577603844812575,1.2445326173549947
65,0.0,BAO KT,Min,-164.9670195288694,-0.11041023613410308,-0.5458206457068613,-0.10685440134021204,-6.826767901604795,-1.4669438747711026
65,12.279099235114247,BAO KT,Min,-164.9670195288694,-0.11041023613410308,-0.5458206457068613,-0.10685440134021204,-0.6549449254283529,-0.42533551259849833
65,24.558198470228493,BAO KT,Min,-164.9670195288694,-0.11041023613410308,-0.5458206457068613,-0.10685440134021204,-2.578589812942173,-4.6600084893288205
66,0.0,BAO KT,Max,-75.2439958565405,0.36937015998210027,0.16563688947169328,0.4111165908704067,1.6377459975613036,3.729787918504722
66,11.399724235114245,BAO KT,Max,-75.2439958565405,0.36937015998210027,0.16563688947169328,0.4111165908704067,0.01100876730273151,-0.1380171979207497
66,22.79944847022849,BAO KT,Max,-75.2439958565405,0.36937015998210027,0.16563688947169328,0.4111165908704067,7.304427693415973,1.2644044374958987
66,0.0,BAO KT,Min,-159.52495008659005,-0.12317897648006784,-0.6516049168789055,-0.11497212329611443,-7.551805031912154,-1.5440082893768952
66,11.399724235114245,BAO KT,Min,-159.52495008659005,-0.12317897648006784,-0.6516049168789055,-0.11497212329611443,-0.4236197898038564,-0.4809300459712525
66,22.79944847022849,BAO KT,Min,-159.52495008659005,-0.12317897648006784,-0.6516049168789055,-0.11497212329611443,-2.1386837287175,-4.691648010447227
67,0.0,BAO KT,Max,-76.88729646954913,0.27840687620052484,0.16113020203345274,0.35811894943653666,1.4119480561907545,3.5018088505129423
67,13.158474235114246,BAO KT,Max,-76.88729646954913,0.27840687620052484,0.16113020203345274,0.35811894943653666,-0.14571448187534294,0.04814458824647426
67,26.316948470228493,BAO KT,Max,-76.88729646954913,0.27840687620052484,0.16113020203345274,0.35811894943653666,5.2516183696416645,1.3656521848019925
67,0.0,BAO KT,Min,-166.72116902928497,-0.10120348961681337,-0.41249941593617223,-0.10023921922052889,-5.604107503549931,-1.3158769350888353
67,13.158474235114246,BAO KT,Min,-166.72116902928497,-0.10120348961681337,-0.41249941593617223,-0.10023921922052889,-0.7206709957453291,-0.1665627683077305
67,26.316948470228493,BAO KT,Min,-166.72116902928497,-0.10120348961681337,-0.41249941593617223,-0.10023921922052889,-2.8285071677211273,-3.825010564213553
68,0.0,BAO KT,Max,-101.01612596359051,1.3428032069335023,1.0367672288503633,0.6920805999243488,6.470196927960671,8.739557470200934
68,6.625974235114246,BAO KT,Max,-101.01612596359051,1.3428032069335023,1.0367672288503633,0.6920805999243488,0.253654663669939,-0.051716957212002826
68,13.251948470228491,BAO KT,Max,-101.01612596359051,1.3428032069335023,1.0367672288503633,0.6920805999243488,-1.1220035726349769,3.0109662720500454
68,0.0,BAO KT,Min,-230.1777338329408,-0.4633162861148999,0.11956510400907217,-0.19064975988203725,0.4624670245307576,-3.128877276962248
68,6.625974235114246,BAO KT,Min,-230.1777338329408,-0.4633162861148999,0.11956510400907217,-0.19064975988203725,-1.0062453417726718,-0.16603818596356174
68,13.251948470228491,BAO KT,Min,-230.1777338329408,-0.4633162861148999,0.11956510400907217,-0.19064975988203725,-7.268988964385935,-9.055201433739402
69,0.0,BAO KT,Max,-79.67613826208947,0.22597568025980333,0.14116045690935775,0.35808920850892983,1.253797965430115,3.0465159902793726
69,13.158474235114246,BAO KT,Max,-79.67613826208947,0.22597568025980333,0.14116045690935775,0.35808920850892983,-0.07271478022326763,0.20244263186418693
69,26.316948470228493,BAO KT,Max,-79.67613826208947,0.22597568025980333,0.14116045690935775,0.35808920850892983,5.022663123719582,1.6870361016527082
69,0.0,BAO KT,Min,-172.99348216930537,-0.11283047342339225,-0.38965596332756547,-0.09986889905986823,-5.231892784289202,-1.2823176533021916
69,13.158474235114246,BAO KT,Min,-172.99348216930537,-0.11283047342339225,-0.38965596332756547,-0.09986889905986823,-0.6172974522963487,0.05524646459924297
69,26.316948470228493,BAO KT,Min,-172.99348216930537,-0.11283047342339225,-0.38965596332756547,-0.09986889905986823,-2.4611145050873624,-2.9004743426427013
70,0.0,BAO KT,Max,-79.83746372557498,0.20191800796573028,0.16800092097552327,0.38263242539399533,1.3926977303489512,2.6278898823012433
70,12.279099235114247,BAO KT,Max,-79.83746372557498,0.20191800796573028,0.16800092097552327,0.38263242539399533,-0.08265202061713105,0.38159326488263856
70,24.558198470228493,BAO KT,Max,-79.83746372557498,0.20191800796573028,0.16800092097552327,0.38263242539399533,5.370036006958042,2.4323804464753476
70,0.0,BAO KT,Min,-172.4642616662503,-0.1670144643613696,-0.4480295577120529,-0.1066878279923143,-5.632762791863245,-1.6691939167100707
70,12.279099235114247,BAO KT,Min,-172.4642616662503,-0.1670144643613696,-0.4480295577120529,-0.1066878279923143,-0.6784170411076748,0.14851862513345232
70,24.558198470228493,BAO KT,Min,-172.4642616662503,-0.1670144643613696,-0.4480295577120529,-0.1066878279923143,-2.733102230149122,-2.330852632034339
71,0.0,BAO KT,Max,-78.03450550571738,0.1885674178594065,0.15066170249373306,0.4114136524378781,1.4456065306710117,2.3320963083510544
71,11.399724235114245,BAO KT,Max,-78.03450550571738,0.1885674178594065,0.15066170249373306,0.4114136524378781,6.146515823752196e-05,0.44521510307936274
71,22.79944847022849,BAO KT,Max,-78.03450550571738,0.1885674178594065,0.15066170249373306,0.4114136524378781,5.821975875319829,2.7224411271661486
71,0.0,BAO KT,Min,-166.26971966243497,-0.19983122549979485,-0.5240490924709857,-0.11476476289794302,-6.126054404342415,-1.8336006013590336
71,11.399724235114245,BAO KT,Min,-166.26971966243497,-0.19983122549979485,-0.5240490924709857,-0.11476476289794302,-0.44079389377384304,0.18168490485045838
71,22.79944847022849,BAO KT,Min,-166.26971966243497,-0.19983122549979485,-0.5240490924709857,-0.11476476289794302,-1.9893971917717508,-1.9671368182985276
72,0.0,BAO KT,Max,-90.0838995127025,1.6651851032184688,0.9290211926082073,0.6910857247517871,5.931750194943021,10.493711005520648
72,6.625974235114246,BAO KT,Max,-90.0838995127025,1.6651851032184688,0.9290211926082073,0.6910857247517871,0.3477576357750396,-0.18019393591600816
72,13.251948470228491,BAO KT,Max,-90.0838995127025,1.6651851032184688,0.9290211926082073,0.6910857247517871,-2.6720985052315753,2.3014259592401984
72,0.0,BAO KT,Min,-206.12345097588315,-0.3772987758259714,0.36802559584361416,-0.1901049152578303,2.204957726613136,-2.6985179758858653
72,6.625974235114246,BAO KT,Min,-206.12345097588315,-0.3772987758259714,0.36802559584361416,-0.1901049152578303,-0.8247244887044318,-0.5581146575078091
72,13.251948470228491,BAO KT,Min,-206.12345097588315,-0.3772987758259714,0.36802559584361416,-0.1901049152578303,-6.379590777251156,-11.573236175722615
73,0.0,BAO KT,Max,-82.88191464821374,0.23738711765040657,0.12370266635464766,0.3573338816833945,1.1175388452696047,3.145578940212447
73,13.158474235114246,BAO KT,Max,-82.88191464821374,0.23738711765040657,0.12370266635464766,0.3573338816833945,0.012281253402591868,0.08565854623469885
73,26.316948470228493,BAO KT,Max,-82.88191464821374,0.23738711765040657,0.12370266635464766,0.3573338816833945,4.772559487433562,0.9442335143742921
73,0.0,BAO KT,Min,-179.92489776452692,-0.06524882389847526,-0.3656157920137858,-0.0992860151003046,-4.849332470895017,-0.7773009639137954
73,13.158474235114246,BAO KT,Min,-179.92489776452692,-0.06524882389847526,-0.3656157920137858,-0.0992860151003046,-0.5217961464547174,0.021926668861537733
73,26.316948470228493,BAO KT,Min,-179.92489776452692,-0.06524882389847526,-0.3656157920137858,-0.0992860151003046,-2.137937850815526,-3.1017256024893713
74,0.0,BAO KT,Max,-88.34572172378704,0.2266643325327231,0.15877104375685164,0.38198443871485876,1.3362910418050964,2.8671935737197853
74,12.279099235114247,BAO KT,Max,-88.34572172378704,0.2266643325327231,0.15877104375685164,0.38198443871485876,-0.027333967315522352,0.17397288690757368
74,24.558198470228493,BAO KT,Max,-88.34572172378704,0.2266643325327231,0.15877104375685164,0.38198443871485876,4.958859528035615,1.2721243385609518
74,0.0,BAO KT,Min,-189.52831431118838,-0.08959621988282525,-0.4108876081150691,-0.10616198741538911,-5.131799901011719,-0.9281974115037032
74,12.279099235114247,BAO KT,Min,-189.52831431118838,-0.08959621988282525,-0.4108876081150691,-0.10616198741538911,-0.6179816715192809,0.08140132296242325
74,24.558198470228493,BAO KT,Min,-189.52831431118838,-0.08959621988282525,-0.4108876081150691,-0.10616198741538911,-2.5628397621009986,-2.699274090740698
75,0.0,BAO KT,Max,-88.23789526185207,0.2170464320331497,0.15981155331158386,0.41085105785295695,1.542838829050403,2.5816098147566646
75,11.399724235114245,BAO KT,Max,-88.23789526185207,0.2170464320331497,0.15981155331158386,0.41085105785295695,0.020031401579823898,0.2096135478892566
75,22.79944847022849,BAO KT,Max,-88.23789526185207,0.2170464320331497,0.15981155331158386,0.41085105785295695,5.070401679046783,1.3587582609823885
75,0.0,BAO KT,Min,-187.45971492668446,-0.10176459013581707,-0.4596040107147339,-0.11425995927569885,-5.4083162799541356,-0.9614182679130955
75,11.399724235114245,BAO KT,Min,-187.45971492668446,-0.10176459013581707,-0.4596040107147339,-0.11425995927569885,-0.4848902337373095,0.09834793518441727
75,22.79944847022849,BAO KT,Min,-187.45971492668446,-0.10176459013581707,-0.4596040107147339,-0.11425995927569885,-2.100776445624227,-2.3669291280300824
76,0.0,BAO KT,Max,-84.32875577485659,0.2593987578385202,0.11894757749371665,0.35618204055931757,1.0923409590592592,3.3330885588289028
76,13.158474235114246,BAO KT,Max,-84.32875577485659,0.2593987578385202,0.11894757749371665,0.35618204055931757,0.06617391295909128,0.025337243728730925
76,26.316948470228493,BAO KT,Max,-84.32875577485659,0.2593987578385202,0.11894757749371665,0.35618204055931757,4.372687173072512,0.4489703773759843
76,0.0,BAO KT,Min,-183.02037338763705,-0.033138073397246795,-0.3330719708570816,-0.09861144684475426,-4.392750720850751,-0.4231225926220094
76,13.158474235114246,BAO KT,Min,-183.02037338763705,-0.033138073397246795,-0.3330719708570816,-0.09861144684475426,-0.4820733714937066,-0.08020331280990514
76,26.316948470228493,BAO KT,Min,-183.02037338763705,-0.033138073397246795,-0.3330719708570816,-0.09861144684475426,-2.037996308501392,-3.493495184448713
77,0.0,BAO KT,Max,-91.79791378557647,0.2653311655045294,0.15845934088587885,0.38097289669663154,1.352587601144795,3.1768828544980243
77,12.279099235114247,BAO KT,Max,-91.79791378557647,0.2653311655045294,0.15845934088587885,0.38097289669663154,-0.005754309003188629,0.04871576430330228
77,24.558198470228493,BAO KT,Max,-91.79791378557647,0.2653311655045294,0.15845934088587885,0.38097289669663154,4.435078540899144,0.44027183808245374
77,0.0,BAO KT,Min,-196.2435170901825,-0.03298590505288376,-0.3669051136893946,-0.1055665441192612,-4.575450060826758,-0.38112744047368635
77,12.279099235114247,BAO KT,Min,-196.2435170901825,-0.03298590505288376,-0.3669051136893946,-0.1055665441192612,-0.5959839231855674,-0.08136735138605755
77,24.558198470228493,BAO KT,Min,-196.2435170901825,-0.03298590505288376,-0.3669051136893946,-0.1055665441192612,-2.5388883417922106,-3.339172568299252
78,0.0,BAO KT,Max,-92.19695725689898,0.2659109101664663,0.16785827623471392,0.4098951856603755,1.631562953452585,2.9445229276150338
78,11.399724235114245,BAO KT,Max,-92.19695725689898,0.2659109101664663,0.16785827623471392,0.4098951856603755,0.0284281934115341,0.05462842414929903
78,22.79944847022849,BAO KT,Max,-92.19695725689898,0.2659109101664663,0.16785827623471392,0.4098951856603755,4.355602521883021,0.38715491674136626
78,0.0,BAO KT,Min,-195.53099863795222,-0.02931654832010338,-0.3976100616171231,-0.11369815378729808,-4.709687589200952,-0.3052087509735967
78,11.399724235114245,BAO KT,Min,-195.53099863795222,-0.02931654832010338,-0.3976100616171231,-0.11369815378729808,-0.5046889773053027,-0.08716017025060127
78,22.79944847022849,BAO KT,Min,-195.53099863795222,-0.02931654832010338,-0.3976100616171231,-0.11369815378729808,-2.1955131658621543,-3.1180991663968722
79,0.0,BAO KT,Max,-84.5958770864406,0.24407704076701392,0.1203987814716126,0.35474576824205445,1.1213741790308893,3.211155207062726
79,13.158474235114246,BAO KT,Max,-84.5958770864406,0.24407704076701392,0.1203987814716126,0.35474576824205445,0.08112013315645444,0.14028782958083602
79,26.316948470228493,BAO KT,Max,-84.5958770864406,0.24407704076701392,0.1203987814716126,0.35474576824205445,3.896511685208684,0.5407863684282121
79,0.0,BAO KT,Min,-183.3990137231622,-0.03043654846992972,-0.29621844900262,-0.09788487207381943,-3.899053973124273,-0.26021070926654016
79,13.158474235114246,BAO KT,Min,-183.3990137231622,-0.03043654846992972,-0.29621844900262,-0.09788487207381943,-0.4702899418183322,-0.0008257750179235612
79,26.316948470228493,BAO KT,Min,-183.3990137231622,-0.03043654846992972,-0.29621844900262,-0.09788487207381943,-2.0471543488358406,-3.212207697568639
80,0.0,BAO KT,Max,-92.41240877270398,0.24786744012144168,0.16208160892046888,0.3797229906982061,1.4009110399582259,3.047217444072777
80,12.279099235114247,BAO KT,Max,-92.41240877270398,0.24786744012144168,0.16208160892046888,0.3797229906982061,-0.004929389147001763,0.16444723060113986
80,24.558198470228493,BAO KT,Max,-92.41240877270398,0.24786744012144168,0.16208160892046888,0.3797229906982061,3.8612265001818913,0.5347090955249721
80,0.0,BAO KT,Min,-197.41474077742419,-0.030211740823690825,-0.31991165979864356,-0.10491922373091589,-3.995227534093415,-0.2072368317543316
80,12.279099235114247,BAO KT,Min,-197.41474077742419,-0.030211740823690825,-0.31991165979864356,-0.10491922373091589,-0.5924807692635604,0.0010017713402645132
80,24.558198470228493,BAO KT,Min,-197.41474077742419,-0.030211740823690825,-0.31991165979864356,-0.10491922373091589,-2.579521280284606,-3.0399603447370644
81,0.0,BAO KT,Max,-92.890117175035,0.24609465006904907,0.1785758872256858,0.4086969687496459,1.7403875525722559,2.8078481438220724
81,11.399724235114245,BAO KT,Max,-92.890117175035,0.24609465006904907,0.1785758872256858,0.4086969687496459,0.01617461340573203,0.17045214658034682
81,22.79944847022849,BAO KT,Max,-92.890117175035,0.24609465006904907,0.1785758872256858,0.4086969687496459,3.66166662021088,0.43658285222614246
81,0.0,BAO KT,Min,-196.80428204654177,-0.023361533257870982,-0.3370436397968416,-0.11307396613130066,-4.022742477555463,-0.09604722147221612
81,11.399724235114245,BAO KT,Min,-196.80428204654177,-0.023361533257870982,-0.3370436397968416,-0.11307396613130066,-0.5093593975769847,-0.011662559343179344
81,22.79944847022849,BAO KT,Min,-196.80428204654177,-0.023361533257870982,-0.3370436397968416,-0.11307396613130066,-2.3310441862551015,-2.802974149226124
82,0.0,BAO KT,Max,-88.5297082583075,1.729514246434272,1.2609252990441184,0.692571872527605,7.810592485593766,11.628635652569232
82,6.625974235114246,BAO KT,Max,-88.5297082583075,1.729514246434272,1.2609252990441184,0.692571872527605,0.13380031906467302,0.310774891007719
82,13.251948470228491,BAO KT,Max,-88.5297082583075,1.729514246434272,1.2609252990441184,0.692571872527605,-1.9091193244773614,4.484164513046643
82,0.0,BAO KT,Min,-187.11518813099676,-0.6303904501198963,0.2548169359551811,-0.18997962486823228,1.4677015801422129,-3.879974958921572
82,6.625974235114246,BAO KT,Min,-187.11518813099676,-0.6303904501198963,0.2548169359551811,-0.18997962486823228,-0.7790406282801474,0.15544630967105025
82,13.251948470228491,BAO KT,Min,-187.11518813099676,-0.6303904501198963,0.2548169359551811,-0.18997962486823228,-8.899124602146342,-11.290798019703804
83,0.0,BAO KT,Max,-84.64362864294591,0.24349563947248165,0.12370749701406163,0.3531817179704233,1.1665845616616592,3.2046585372289313
83,13.158474235114246,BAO KT,Max,-84.64362864294591,0.24349563947248165,0.12370749701406163,0.3531817179704233,0.08360091850990206,0.018487655216983583
83,26.316948470228493,BAO KT,Max,-84.64362864294591,0.24349563947248165,0.12370749701406163,0.3531817179704233,3.398053633553877,-0.19241941077587393
83,0.0,BAO KT,Min,-183.2028689889373,0.014663470708172864,-0.25813621715621704,-0.09715546021375124,-3.395303891645998,0.1934783922458162
83,13.158474235114246,BAO KT,Min,-183.2028689889373,0.014663470708172864,-0.25813621715621704,-0.09715546021375124,-0.467562804405035,-0.00017106634143123817
83,26.316948470228493,BAO KT,Min,-183.2028689889373,0.014663470708172864,-0.25813621715621704,-0.09715546021375124,-2.0890192626383457,-3.203403659493703
84,0.0,BAO KT,Max,-92.39256767312567,0.24819837246154275,0.1665150833810916,0.3783742207189734,1.4557754093290476,3.048882716797019
84,12.279099235114247,BAO KT,Max,-92.39256767312567,0.24819837246154275,0.1665150833810916,0.3783742207189734,-0.009479652321313294,0.014408182862230164
84,24.558198470228493,BAO KT,Max,-92.39256767312567,0.24819837246154275,0.1665150833810916,0.3783742207189734,3.2773668713528425,-0.2190110008294688
84,0.0,BAO KT,Min,-197.32411145950843,0.018916829817361834,-0.2723578789905625,-0.10425759817672983,-3.4112519758278665,0.2350115110583988
84,12.279099235114247,BAO KT,Min,-197.32411145950843,0.018916829817361834,-0.2723578789905625,-0.10425759817672983,-0.5923778318498052,-0.00016509846888925714
84,24.558198470228493,BAO KT,Min,-197.32411145950843,0.018916829817361834,-0.2723578789905625,-0.10425759817672983,-2.6335350566304467,-3.046422174101242
85,0.0,BAO KT,Max,-92.87099672959745,0.24655307848148136,0.19199464451438897,0.4074342268318325,1.869540042158433,2.8104758190377126
85,11.399724235114245,BAO KT,Max,-92.87099672959745,0.24655307848148136,0.19199464451438897,0.4074342268318325,-0.010256317941865139,0.008660756225972005
85,22.79944847022849,BAO KT,Max,-92.87099672959745,0.24655307848148136,0.19199464451438897,0.4074342268318325,2.971092141552876,-0.211328900442372
85,0.0,BAO KT,Min,-196.59414330635408,0.018570732880049328,-0.27676378862882234,-0.11239879075183404,-3.3389695957151684,0.21207356691069063
85,11.399724235114245,BAO KT,Min,-196.59414330635408,0.018570732880049328,-0.27676378862882234,-0.11239879075183404,-0.509635869011102,-0.01215340661767069
85,22.79944847022849,BAO KT,Min,-196.59414330635408,0.018570732880049328,-0.27676378862882234,-0.11239879075183404,-2.507831962007215,-2.8107983889770227
86,0.0,BAO KT,Max,-97.25241459380265,2.0660667286731123,1.6214107640944944,0.692908298631505,10.080230507765144,13.409842514728314
86,6.625974235114246,BAO KT,Max,-97.25241459380265,2.0660667286731123,1.6214107640944944,0.692908298631505,0.13155045306077873,0.3762926569823976
86,13.251948470228491,BAO KT,Max,-97.25241459380265,2.0660667286731123,1.6214107640944944,0.692908298631505,-1.634268279619104,4.503632781273737
86,0.0,BAO KT,Min,-205.6276285243658,-0.6307469145567219,0.20253618983791793,-0.19023495344154673,1.0497308714693991,-3.8549928281875556
86,6.625974235114246,BAO KT,Min,-205.6276285243658,-0.6307469145567219,0.20253618983791793,-0.19023495344154673,-0.900101216397931,-0.34394241116374624
86,13.251948470228491,BAO KT,Min,-205.6276285243658,-0.6307469145567219,0.20253618983791793,-0.19023495344154673,-11.406621387088899,-13.969567309701322
87,0.0,BAO KT,Max,-84.72962456629638,0.2650304999118358,0.12767426756235045,0.35162042032588564,1.2174351442642783,3.3783014320645366
87,13.158474235114246,BAO KT,Max,-84.72962456629638,0.2650304999118358,0.12767426756235045,0.35162042032588564,0.0814999779963335,0.05564814904682641
87,26.316948470228493,BAO KT,Max,-84.72962456629638,0.2650304999118358,0.12767426756235045,0.35162042032588564,2.8933586270035505,-0.06778035512422818
87,0.0,BAO KT,Min,-183.24766229050854,0.009353791722583877,-0.21973855120291447,-0.09651547233352274,-2.8894895019262146,0.1783828996402615
87,13.158474235114246,BAO KT,Min,-183.24766229050854,0.009353791722583877,-0.21973855120291447,-0.09651547233352274,-0.46925508244307856,-0.10926927408239596
87,26.316948470228493,BAO KT,Min,-183.24766229050854,0.009353791722583877,-0.21973855120291447,-0.09651547233352274,-2.1425619761482633,-3.596492577154144
88,0.0,BAO KT,Max,-25.48071786246428,-0.11169009132104107,4.150294749891778,1.0104591383014194,20.39540551926405,-0.7560826880726971
88,5.285974235114246,BAO KT,Max,-25.48071786246428,-0.11169009132104107,4.150294749891778,1.0104591383014194,-0.5463913143160244,0.45289020980195294
88,10.571948470228492,BAO KT,Max,-25.48071786246428,-0.11169009132104107,4.150294749891778,1.0104591383014194,28.188419625830658,20.84381935571757
88,0.0,BAO KT,Min,-143.18546191387549,-4.022937656946202,-5.492807865988059,-0.34061604114501143,-29.881262090260826,-21.686470252459422
88,5.285974235114246,BAO KT,Min,-143.18546191387549,-4.022937656946202,-5.492807865988059,-0.34061604114501143,-1.939193252290531,-0.534554648319654
88,10.571948470228492,BAO KT,Min,-143.18546191387549,-4.022937656946202,-5.492807865988059,-0.34061604114501143,-23.481296712851666,0.4246992020084636
89,0.0,BAO KT,Max,-92.43777362776275,0.2772162444070997,0.17104779828632544,0.37701869849580233,1.5113244547321187,3.2708895785788794
89,12.279099235114247,BAO KT,Max,-92.43777362776275,0.2772162444070997,0.17104779828632544,0.37701869849580233,-0.010536660991614172,0.06289783470121939
89,24.558198470228493,BAO KT,Max,-92.43777362776275,0.2772162444070997,0.17104779828632544,0.37701869849580233,2.695596050119738,-0.024242223109192995
89,0.0,BAO KT,Min,-197.3556841701074,0.007030357756196272,-0.2249807505983908,-0.10366910860718362,-2.829525875056521,0.14841069798418532
89,12.279099235114247,BAO KT,Min,-197.3556841701074,0.007030357756196272,-0.2249807505983908,-0.10366910860718362,-0.5925953101848336,-0.13388979334530524
89,24.558198470228493,BAO KT,Min,-197.3556841701074,0.007030357756196272,-0.2249807505983908,-0.10366910860718362,-2.6893013234790706,-3.5370419707420435
90,0.0,BAO KT,Max,-26.270176122113014,-0.13198539200195666,3.9874680716221595,0.9470041169101183,19.56461172661423,-0.8257302717748282
90,5.285974235114246,BAO KT,Max,-26.270176122113014,-0.13198539200195666,3.9874680716221595,0.9470041169101183,-0.3889117618617197,0.1762098227157643
90,10.571948470228492,BAO KT,Max,-26.270176122113014,-0.13198539200195666,3.9874680716221595,0.9470041169101183,25.12701697862579,19.406984297616567
90,0.0,BAO KT,Min,-144.81353090721328,-3.729547249279763,-4.893207441663579,-0.29211151761177884,-26.603719948780153,-20.021597039051507
90,5.285974235114246,BAO KT,Min,-144.81353090721328,-3.729547249279763,-4.893207441663579,-0.29211151761177884,-1.8215129966910033,-0.3554096281234299
90,10.571948470228492,BAO KT,Min,-144.81353090721328,-3.729547249279763,-4.893207441663579,-0.29211151761177884,-22.59069525325662,0.5696124912927653
91,0.0,BAO KT,Max,-92.9397463333024,0.2802046482119796,0.2011055073695405,0.4060821794665104,1.965898406863127,3.091180889366042
91,11.399724235114245,BAO KT,Max,-92.9397463333024,0.2802046482119796,0.2011055073695405,0.4060821794665104,-0.018840497450309433,0.06626829283124964
91,22.79944847022849,BAO KT,Max,-92.9397463333024,0.2802046482119796,0.2011055073695405,0.4060821794665104,2.2863118845518877,0.013513608250027148
91,0.0,BAO KT,Min,-196.57000863498735,0.004535768274879923,-0.21692628137144737,-0.11183064627056559,-2.659487689414713,0.11692662330604914
91,11.399724235114245,BAO KT,Min,-196.57000863498735,0.004535768274879923,-0.21692628137144737,-0.11183064627056559,-0.5088935539000167,-0.14393583604159021
91,22.79944847022849,BAO KT,Min,-196.57000863498735,0.004535768274879923,-0.21692628137144737,-0.11183064627056559,-2.619196245487868,-3.3381915550553556
92,0.0,BAO KT,Max,-21.744058277476825,0.12033356097719827,3.6729893006836773,0.8979057619102715,18.254621359329818,0.6900775004091031
92,5.285974235114246,BAO KT,Max,-21.744058277476825,0.12033356097719827,3.6729893006836773,0.8979057619102715,-0.30107707010378504,0.06732327000332164
92,10.571948470228492,BAO KT,Max,-21.744058277476825,0.12033356097719827,3.6729893006836773,0.8979057619102715,22.34565209646354,18.450669095919046
92,0.0,BAO KT,Min,-130.330463770876,-3.504285890567048,-4.34911182302015,-0.2635000352006072,-23.632933987766982,-18.59646076410455
92,5.285974235114246,BAO KT,Min,-130.330463770876,-3.504285890567048,-4.34911182302015,-0.2635000352006072,-1.6861048141151591,-0.1702559015508227
92,10.571948470228492,BAO KT,Min,-130.330463770876,-3.504285890567048,-4.34911182302015,-0.2635000352006072,-20.576032259198602,-0.5926060479363402
93,0.0,BAO KT,Max,-84.38175875157857,0.2811250746540986,0.13346760959206874,0.350300108964988,1.2840918901199256,3.685020176352646
93,13.158474235114246,BAO KT,Max,-84.38175875157857,0.2811250746540986,0.13346760959206874,0.350300108964988,0.0669728137032983,0.08721229040322519
93,26.316948470228493,BAO KT,Max,-84.38175875157857,0.2811250746540986,0.13346760959206874,0.350300108964988,2.368473691551821,0.07233558318659633
93,0.0,BAO KT,Min,-182.6911356096138,0.001130579955609853,-0.1802268726096656,-0.09598714150575502,-2.3745476278671838,0.10208899761985404
93,13.158474235114246,BAO KT,Min,-182.6911356096138,0.001130579955609853,-0.1802268726096656,-0.09598714150575502,-0.4789927095520038,-0.07282898315986072
93,26.316948470228493,BAO KT,Min,-182.6911356096138,0.001130579955609853,-0.1802268726096656,-0.09598714150575502,-2.2283683139591215,-3.7133339270084047
94,0.0,BAO KT,Max,-27.54763078445092,0.46870807619823696,3.678427536470941,0.9314196199813985,18.065536910730522,2.486435187028479
94,5.285974235114246,BAO KT,Max,-27.54763078445092,0.46870807619823696,3.678427536470941,0.9314196199813985,-0.4000618884976017,0.36057344518519235
94,10.571948470228492,BAO KT,Max,-27.54763078445092,0.46870807619823696,3.678427536470941,0.9314196199813985,19.282061536288914,17.122152132081457
94,0.0,BAO KT,Min,-141.07163247328072,-3.231315649621285,-3.775333305484267,-0.2479130683755921,-20.630567627228157,-17.039150406757674
94,5.285974235114246,BAO KT,Min,-141.07163247328072,-3.231315649621285,-3.775333305484267,-0.2479130683755921,-1.7969913648099816,-0.006768748521520106
94,10.571948470228492,BAO KT,Min,-141.07163247328072,-3.231315649621285,-3.775333305484267,-0.2479130683755921,-20.822609456309806,-2.468722442119211
95,0.0,BAO KT,Max,-91.76209744318002,0.29891455286008134,0.17638725655171666,0.3758552591536151,1.5732232574007412,3.6462883632894387
95,12.279099235114247,BAO KT,Max,-91.76209744318002,0.29891455286008134,0.17638725655171666,0.3758552591536151,-0.01014727781297109,0.08914829036648972
95,24.558198470228493,BAO KT,Max,-91.76209744318002,0.29891455286008134,0.17638725655171666,0.3758552591536151,2.109020534856662,0.09954576680163685
95,0.0,BAO KT,Min,-196.03936540118224,-0.0008467621472928316,-0.17735522779925222,-0.10317226814576896,-2.24650434916996,0.07875081393134262
95,12.279099235114247,BAO KT,Min,-196.03936540118224,-0.0008467621472928316,-0.17735522779925222,-0.10317226814576896,-0.5960003472816764,-0.09916992141891846
95,24.558198470228493,BAO KT,Min,-196.03936540118224,-0.0008467621472928316,-0.17735522779925222,-0.10317226814576896,-2.7585299966154277,-3.6945145514880444
96,0.0,BAO KT,Max,-28.276508964803817,0.8286643226567154,3.8114983442581662,0.9190705934826613,18.329390302922658,4.333064455467031
96,5.285974235114246,BAO KT,Max,-28.276508964803817,0.8286643226567154,3.8114983442581662,0.9190705934826613,-0.5515364831751978,0.15343658650363146
96,10.571948470228492,BAO KT,Max,-28.276508964803817,0.8286643226567154,3.8114983442581662,0.9190705934826613,15.590118194954036,14.961303846339245
96,0.0,BAO KT,Min,-156.51746387043093,-2.8392318968079904,-3.0950698078649572,-0.2381484770523127,-17.13080032555429,-15.054909461743925
96,5.285974235114246,BAO KT,Min,-156.51746387043093,-2.8392318968079904,-3.0950698078649572,-0.2381484770523127,-1.9899735187676866,-0.11397187389545427
96,10.571948470228492,BAO KT,Min,-156.51746387043093,-2.8392318968079904,-3.0950698078649572,-0.2381484770523127,-21.965573786935895,-4.427532062776561
97,0.0,BAO KT,Max,-92.29598867782964,0.3117262881997776,0.20151501833516372,0.4048772879862934,1.9958196170084985,3.5280484002788612
97,11.399724235114245,BAO KT,Max,-92.29598867782964,0.3117262881997776,0.20151501833516372,0.4048772879862934,0.00668710089622121,0.09529169427972595
97,22.79944847022849,BAO KT,Max,-92.29598867782964,0.3117262881997776,0.20151501833516372,0.4048772879862934,1.6258375689312656,0.14740498411554007
97,0.0,BAO KT,Min,-195.08774869085406,-0.004698312769850242,-0.15874499910156947,-0.11136970692468807,-1.9934608579914355,0.040286044222323014
97,11.399724235114245,BAO KT,Min,-195.08774869085406,-0.004698312769850242,-0.15874499910156947,-0.11136970692468807,-0.5040202101147729,-0.10763237970927125
97,22.79944847022849,BAO KT,Min,-195.08774869085406,-0.004698312769850242,-0.15874499910156947,-0.11136970692468807,-2.5986116595012163,-3.5791390443475635
98,0.0,BAO KT,Max,-31.83621143925793,1.1272295968896977,3.766991003101494,0.8966420540183248,17.988580627221104,6.007399531825525
98,5.285974235114246,BAO KT,Max,-31.83621143925793,1.1272295968896977,3.766991003101494,0.8966420540183248,-0.6509690139379192,0.04889292560836566
98,10.571948470228492,BAO KT,Max,-31.83621143925793,1.1272295968896977,3.766991003101494,0.8966420540183248,12.394976494626167,13.26064133037486
98,0.0,BAO KT,Min,-160.5415533091495,-2.5109979303573176,-2.4927684609125254,-0.27010862630298327,-13.958443222351837,-13.28549939821309
98,5.285974235114246,BAO KT,Min,-160.5415533091495,-2.5109979303573176,-2.4927684609125254,-0.27010862630298327,-2.0438607196691363,-0.10905397299654743
98,10.571948470228492,BAO KT,Min,-160.5415533091495,-2.5109979303573176,-2.4927684609125254,-0.27010862630298327,-21.83585414538223,-5.909613680608794
99,0.0,BAO KT,Max,-82.67498090007439,0.31070149861967156,0.14545326680205534,0.3494616555473064,1.4048259021376284,4.041545358750982
99,13.158474235114246,BAO KT,Max,-82.67498090007439,0.31070149861967156,0.14545326680205534,0.3494616555473064,0.013507008795983301,-0.04026952820839471
99,26.316948470228493,BAO KT,Max,-82.67498090007439,0.31070149861967156,0.14545326680205534,0.3494616555473064,1.7707365931702774,-0.4359157873892998
99,0.0,BAO KT,Min,-179.18653670442842,0.0300677914560259,-0.1365930741947853,-0.09554797631106715,-1.823976301803985,0.3553767309725103
99,13.158474235114246,BAO KT,Min,-179.18653670442842,0.0300677914560259,-0.1365930741947853,-0.09554797631106715,-0.5158704273222969,-0.08808733276393296
99,26.316948470228493,BAO KT,Min,-179.18653670442842,0.0300677914560259,-0.1365930741947853,-0.09554797631106715,-2.423060225118459,-4.135169970045685
100,0.0,BAO KT,Max,-37.10017387720872,1.4524909755670405,3.60582998889193,0.8856264780743686,17.19870303193395,7.7023626294243455
100,5.285974235114246,BAO KT,Max,-37.10017387720872,1.4524909755670405,3.60582998889193,0.8856264780743686,-0.6043503124325516,0.16662102087273317
100,10.571948470228492,BAO KT,Max,-37.10017387720872,1.4524909755670405,3.60582998889193,0.8856264780743686,9.399416771634664,11.51282754561953
100,0.0,BAO KT,Min,-160.29172848676745,-2.177048718666326,-1.9218178005681859,-0.2608583212843908,-10.917941985140054,-11.502819325297835
100,5.285974235114246,BAO KT,Min,-160.29172848676745,-2.177048718666326,-1.9218178005681859,-0.2608583212843908,-2.0275647857671477,-0.14804412410011622
100,10.571948470228492,BAO KT,Min,-160.29172848676745,-2.177048718666326,-1.9218178005681859,-0.2608583212843908,-20.921945803036113,-7.653297117742319
101,0.0,BAO KT,Max,-88.24548712824163,0.3414605279406806,0.18567487566458576,0.3750925538677487,1.6672299141471107,4.105948398696739
101,12.279099235114247,BAO KT,Max,-88.24548712824163,0.3414605279406806,0.18567487566458576,0.3750925538677487,-0.02346484075155228,-0.08429672996587617
101,24.558198470228493,BAO KT,Max,-88.24548712824163,0.3414605279406806,0.18567487566458576,0.3750925538677487,1.4823219920753077,-0.6016876344125309
101,0.0,BAO KT,Min,-189.10043193872264,0.04199564275516415,-0.12731373071453567,-0.10274383423827943,-1.6442738747974845,0.42964969525360375
101,12.279099235114247,BAO KT,Min,-189.10043193872264,0.04199564275516415,-0.12731373071453567,-0.10274383423827943,-0.6150574507664297,-0.1754457768669935
101,24.558198470228493,BAO KT,Min,-189.10043193872264,0.04199564275516415,-0.12731373071453567,-0.10274383423827943,-2.8926105333587846,-4.279707016219495
103,0.0,BAO KT,Max,-36.19701244422793,1.7863055378391663,3.4323376221946296,0.8831683170593773,16.397872010427832,9.445142803783327
103,5.285974235114246,BAO KT,Max,-36.19701244422793,1.7863055378391663,3.4323376221946296,0.8831683170593773,-0.5597770592313639,0.010490523421090463
103,10.571948470228492,BAO KT,Max,-36.19701244422793,1.7863055378391663,3.4323376221946296,0.8831683170593773,6.451837663922559,9.93066064761293
103,0.0,BAO KT,Min,-135.16736905032354,-1.892073287328506,-1.3589652674876556,-0.24164648900156455,-7.915073116787216,-10.072240647919863
103,5.285974235114246,BAO KT,Min,-135.16736905032354,-1.892073287328506,-1.3589652674876556,-0.24164648900156455,-1.9956269332029122,-0.359754161337439
103,10.571948470228492,BAO KT,Min,-135.16736905032354,-1.892073287328506,-1.3589652674876556,-0.24164648900156455,-19.888624463840387,-9.43958729433613
104,0.0,BAO KT,Max,-88.27205832730608,0.36483813621708916,0.19887448147783765,0.40411413979994637,2.002450612334985,4.060867698788252
104,11.399724235114245,BAO KT,Max,-88.27205832730608,0.36483813621708916,0.19887448147783765,0.40411413979994637,0.03594517571264164,-0.09717340708933506
104,22.79944847022849,BAO KT,Max,-88.27205832730608,0.36483813621708916,0.19887448147783765,0.40411413979994637,1.0036657580901736,-0.635758226183914
104,0.0,BAO KT,Min,-186.8628069985916,0.04691608107427684,-0.1031190546395261,-0.11094249215886866,-1.347391814462378,0.4339025466941231
104,11.399724235114245,BAO KT,Min,-186.8628069985916,0.04691608107427684,-0.1031190546395261,-0.11094249215886866,-0.4839489261225053,-0.20542280313319483
104,22.79944847022849,BAO KT,Min,-186.8628069985916,0.04691608107427684,-0.1031190546395261,-0.11094249215886866,-2.5317778801623847,-4.257240587867475
105,0.0,BAO KT,Max,-37.36285466718859,2.0585469074669724,3.213039017994749,0.8722944158454864,15.44403511933055,10.984514065684325
105,5.285974235114246,BAO KT,Max,-37.36285466718859,2.0585469074669724,3.213039017994749,0.8722944158454864,-0.5068049225377992,0.2139777038671858
105,10.571948470228492,BAO KT,Max,-37.36285466718859,2.0585469074669724,3.213039017994749,0.8722944158454864,3.639150801126782,10.223688613893506
105,0.0,BAO KT,Min,-121.50152387674244,-1.924198305145841,-0.8163398828169491,-0.24329663639104454,-4.99115237420637,-10.127002422186745
105,5.285974235114246,BAO KT,Min,-121.50152387674244,-1.924198305145841,-0.8163398828169491,-0.24329663639104454,-1.918229519073134,-0.13524392896959203
105,10.571948470228492,BAO KT,Min,-121.50152387674244,-1.924198305145841,-0.8163398828169491,-0.24329663639104454,-18.52404781174349,-10.778337763604727
106,0.0,BAO KT,Max,-79.26509249076663,0.3378803771224646,0.17844264315611508,0.34917386941048695,1.7471450584536208,4.377321267823662
106,13.158474235114246,BAO KT,Max,-79.26509249076663,0.3378803771224646,0.17844264315611508,0.34917386941048695,-0.07107055970593618,-0.057030198142486235
106,26.316948470228493,BAO KT,Max,-79.26509249076663,0.3378803771224646,0.17844264315611508,0.34917386941048695,1.3420615011040142,-0.5024252783123235
106,0.0,BAO KT,Min,-171.65325143692783,0.033848535340159074,-0.10886623372698653,-0.09522179332746163,-1.5229655620369413,0.388364882027351
106,13.158474235114246,BAO KT,Min,-171.65325143692783,0.033848535340159074,-0.10886623372698653,-0.09522179332746163,-0.6091350433927342,-0.2014027820905922
106,26.316948470228493,BAO KT,Min,-171.65325143692783,0.033848535340159074,-0.10886623372698653,-0.09522179332746163,-2.948920786377231,-4.51465920600961
107,0.0,BAO KT,Max,-48.035259135579714,2.411789064272916,3.2230527271428784,0.8647666212849794,15.27361943706887,12.806563964973481
107,5.285974235114246,BAO KT,Max,-48.035259135579714,2.411789064272916,3.2230527271428784,0.8647666212849794,-0.5588906668523936,0.3351656287954155
107,10.571948470228492,BAO KT,Max,-48.035259135579714,2.411789064272916,3.2230527271428784,0.8647666212849794,0.6749699045361588,10.776606424181697
107,0.0,BAO KT,Min,-151.48646673542785,-2.006821060223736,-0.2535624287773084,-0.23942829750662947,-2.0056790264835276,-10.439402413472951
107,5.285974235114246,BAO KT,Min,-151.48646673542785,-2.006821060223736,-0.2535624287773084,-0.23942829750662947,-1.9163446454214044,-0.012638306186623566
107,10.571948470228492,BAO KT,Min,-151.48646673542785,-2.006821060223736,-0.2535624287773084,-0.23942829750662947,-18.800327911115055,-12.69074574358038
108,0.0,BAO KT,Max,-79.61323357845814,0.38577739064788646,0.21338556139630413,0.37479403955642554,1.9551115079580776,4.580136535633668
108,12.279099235114247,BAO KT,Max,-79.61323357845814,0.38577739064788646,0.21338556139630413,0.37479403955642554,-0.0747063284920774,-0.15300594287287192
108,24.558198470228493,BAO KT,Max,-79.61323357845814,0.38577739064788646,0.21338556139630413,0.37479403955642554,1.119351638629086,-0.8759134083010934
108,0.0,BAO KT,Min,-171.73482509236626,0.05871723687381394,-0.10109224981340884,-0.10239716166362696,-1.3632918960905278,0.5660761484694481
108,12.279099235114247,BAO KT,Min,-171.73482509236626,0.05871723687381394,-0.10109224981340884,-0.10239716166362696,-0.6693304250789596,-0.37917897232946435
108,24.558198470228493,BAO KT,Min,-171.73482509236626,0.05871723687381394,-0.10109224981340884,-0.10239716166362696,-3.285253459493487,-4.8938611892239985
109,0.0,BAO KT,Max,-52.979330993521366,2.7368258651903545,3.1276124860032075,0.8633234937705375,14.755197741700815,14.532462048968867
109,5.285974235114246,BAO KT,Max,-52.979330993521366,2.7368258651903545,3.1276124860032075,0.8633234937705375,-0.5237921042978357,0.1058943054651294
109,10.571948470228492,BAO KT,Max,-52.979330993521366,2.7368258651903545,3.1276124860032075,0.8633234937705375,-2.0533035958383214,9.942731978117122
109,0.0,BAO KT,Min,-164.14871702334702,-1.8849713372062356,0.2758342076409181,-0.23556651676262613,0.8628014336677703,-10.011559779284106
109,5.285974235114246,BAO KT,Min,-164.14871702334702,-1.8849713372062356,0.2758342076409181,-0.23556651676262613,-1.8224565882666466,-0.05368406212330338
109,10.571948470228492,BAO KT,Min,-164.14871702334702,-1.8849713372062356,0.2758342076409181,-0.23556651676262613,-18.309760295168317,-14.401119969812072
110,0.0,BAO KT,Max,-77.93253202924515,0.4206729973027641,0.19827742343283983,0.4037423712588925,2.024567035847015,4.61436800493987
110,11.399724235114245,BAO KT,Max,-77.93253202924515,0.4206729973027641,0.19827742343283983,0.4037423712588925,0.04026096446958263,-0.18021538281425042
110,22.79944847022849,BAO KT,Max,-77.93253202924515,0.4206729973027641,0.19827742343283983,0.4037423712588925,0.8543154424487792,-1.0741272906604902
110,0.0,BAO KT,Min,-165.54420833977707,0.07570935837336337,-0.08821656001121501,-0.11061963913866127,-1.1569734717477367,0.6520043242870697
110,11.399724235114245,BAO KT,Min,-165.54420833977707,0.07570935837336337,-0.08821656001121501,-0.11061963913866127,-0.44091921631409536,-0.4392668072708109
110,22.79944847022849,BAO KT,Min,-165.54420833977707,0.07570935837336337,-0.08821656001121501,-0.11061963913866127,-2.4960488625196913,-4.976744319881068
111,0.0,BAO KT,Max,-56.38418511809316,3.052931307472937,2.9499848808601774,0.8601573059440969,14.033219173438376,16.232998429253826
111,5.285974235114246,BAO KT,Max,-56.38418511809316,3.052931307472937,2.9499848808601774,0.8601573059440969,-0.4131731887421939,0.0952821963782372
111,10.571948470228492,BAO KT,Max,-56.38418511809316,3.052931307472937,2.9499848808601774,0.8601573059440969,-4.511256070553352,9.82440019720366
111,0.0,BAO KT,Min,-165.2890379104287,-1.8699081342595367,0.7667637492084687,-0.24011592539997623,3.5949307749177812,-9.944172242249262
111,5.285974235114246,BAO KT,Min,-165.2890379104287,-1.8699081342595367,0.7667637492084687,-0.24011592539997623,-1.5905991110774842,-0.16585568591529815
111,10.571948470228492,BAO KT,Min,-165.2890379104287,-1.8699081342595367,0.7667637492084687,-0.24011592539997623,-17.153868974968553,-16.04243403649735
112,0.0,BAO KT,Max,-76.52236365823725,0.3477509117655596,0.24175790190923604,0.3494122023903087,2.4745662235433517,4.5619178783894885
112,13.158474235114246,BAO KT,Max,-76.52236365823725,0.3477509117655596,0.24175790190923604,0.3494122023903087,-0.1446626700544582,0.10684535099342071
112,26.316948470228493,BAO KT,Max,-76.52236365823725,0.3477509117655596,0.24175790190923604,0.3494122023903087,1.1911330790167463,0.14168770777411888
112,0.0,BAO KT,Min,-165.08895732628912,-0.002838851392061144,-0.10300001617989882,-0.09514953463151535,-1.519513039222352,0.06697780197460931
112,13.158474235114246,BAO KT,Min,-165.08895732628912,-0.002838851392061144,-0.10300001617989882,-0.09514953463151535,-0.7160612387137093,-0.044624458730828834
112,26.316948470228493,BAO KT,Min,-165.08895732628912,-0.002838851392061144,-0.10300001617989882,-0.09514953463151535,-3.8877640232725676,-4.58982494701972
113,0.0,BAO KT,Max,-60.81211890907411,3.411577101552676,2.7291321141561875,0.8644815940981829,13.161370188342206,18.080619000392666
113,5.285974235114246,BAO KT,Max,-60.81211890907411,3.411577101552676,2.7291321141561875,0.8644815940981829,-0.2912798583788295,0.17570887774891913
113,10.571948470228492,BAO KT,Max,-60.81211890907411,3.411577101552676,2.7291321141561875,0.8644815940981829,-6.041120574642951,10.606910591132584
113,0.0,BAO KT,Min,-156.83592579729236,-1.9803999599118205,1.0072966066797802,-0.2361906791174357,4.607967245411702,-10.329775735497751
113,5.285974235114246,BAO KT,Min,-156.83592579729236,-1.9803999599118205,1.0072966066797802,-0.2361906791174357,-1.3828783698486249,-0.30580425115380355
113,10.571948470228492,BAO KT,Min,-156.83592579729236,-1.9803999599118205,1.0072966066797802,-0.2361906791174357,-15.690873890962749,-17.986398319433697
114,0.0,BAO KT,Max,-77.19848023315681,0.358909087438736,0.2519897212290041,0.3494108455121223,2.7375555964043086,4.7580579280674336
114,13.158474235114246,BAO KT,Max,-77.19848023315681,0.358909087438736,0.2519897212290041,0.3494108455121223,-0.07459827138389616,0.10208007054263601
114,26.316948470228493,BAO KT,Max,-77.19848023315681,0.358909087438736,0.2519897212290041,0.3494108455121223,1.6243700330040705,0.07948767465524184
114,0.0,BAO KT,Min,-165.20191232343262,0.0009426025002089392,-0.1304000412516922,-0.09561345266993516,-1.8073611331323827,0.10429409608114902
114,13.158474235114246,BAO KT,Min,-165.20191232343262,0.0009426025002089392,-0.1304000412516922,-0.09561345266993516,-0.5906675424175967,-0.012755827351421757
114,26.316948470228493,BAO KT,Min,-165.20191232343262,0.0009426025002089392,-0.1304000412516922,-0.09561345266993516,-3.8940449122066347,-4.687334031554514
115,0.0,BAO KT,Max,-58.379504579003,3.692613976248417,2.8465267097498623,0.8711691924760889,14.734519287566304,19.661728863731376
115,5.285974235114246,BAO KT,Max,-58.379504579003,3.692613976248417,2.8465267097498623,0.8711691924760889,-0.2970965807876745,0.151238239949895
115,10.571948470228492,BAO KT,Max,-58.379504579003,3.692613976248417,2.8465267097498623,0.8711691924760889,-6.038352480634175,10.037861349578709
115,0.0,BAO KT,Min,-130.7136906303803,-1.9009353501562232,1.0636466318120052,-0.235051577159876,5.151853431224234,-10.058729217508636
115,5.285974235114246,BAO KT,Min,-130.7136906303803,-1.9009353501562232,1.0636466318120052,-0.235051577159876,-1.484951869044862,-0.13445743153984419
115,10.571948470228492,BAO KT,Min,-130.7136906303803,-1.9009353501562232,1.0636466318120052,-0.235051577159876,-15.358814407038295,-19.376395813612422
116,0.0,BAO KT,Max,-76.95271692892972,0.372722079889098,0.3046013545551559,0.3748371310961319,3.0978026072185507,4.699552839503946
116,12.279099235114247,BAO KT,Max,-76.95271692892972,0.372722079889098,0.3046013545551559,0.3748371310961319,-0.08598886893459406,0.2409956561747259
116,24.558198470228493,BAO KT,Max,-76.95271692892972,0.372722079889098,0.3046013545551559,0.3748371310961319,1.4550813449650988,0.6513776608643862
116,0.0,BAO KT,Min,-164.51373561593644,-0.03419681696547791,-0.12829182558811003,-0.10263076027356954,-1.6955347699356458,-0.18843455722389718
116,12.279099235114247,BAO KT,Min,-164.51373561593644,-0.03419681696547791,-0.12829182558811003,-0.10263076027356954,-0.6486888416470057,0.11081814681821764
116,24.558198470228493,BAO KT,Min,-164.51373561593644,-0.03419681696547791,-0.12829182558811003,-0.10263076027356954,-4.382657912247407,-4.453829972648883
117,0.0,BAO KT,Max,-59.16096166387973,4.074559234427706,3.452365805063202,0.8755703252658374,17.87529428856724,21.489737788375123
117,5.285974235114246,BAO KT,Max,-59.16096166387973,4.074559234427706,3.452365805063202,0.8755703252658374,-0.37382240718629584,0.40352235260235914
117,10.571948470228492,BAO KT,Max,-59.16096166387973,4.074559234427706,3.452365805063202,0.8755703252658374,-5.476889006416204,10.47169869060457
117,0.0,BAO KT,Min,-141.66820420944688,-1.9545781219428893,0.9428221178020382,-0.23697963831029972,4.4905778395786395,-10.192000495611635
117,5.285974235114246,BAO KT,Min,-141.66820420944688,-1.9545781219428893,0.9428221178020382,-0.23697963831029972,-1.5703325952338518,-0.275161162737451
117,10.571948470228492,BAO KT,Min,-141.66820420944688,-1.9545781219428893,0.9428221178020382,-0.23697963831029972,-18.62293910293983,-21.684645129257202
119,0.0,BAO KT,Max,-75.56683108816445,0.40276333705348183,0.2881259264233866,0.40383063005473047,2.959631452462214,4.741062476342517
119,11.399724235114245,BAO KT,Max,-75.56683108816445,0.40276333705348183,0.2881259264233866,0.40383063005473047,-0.012642501165873869,0.28427596535772226
119,22.79944847022849,BAO KT,Max,-75.56683108816445,0.40276333705348183,0.2881259264233866,0.40383063005473047,1.2589269149178244,0.8590109049651747
119,0.0,BAO KT,Min,-158.6845209359947,-0.05100163194758678,-0.12319113375287909,-0.11088630622802649,-1.549762991069968,-0.30379817452138924
119,11.399724235114245,BAO KT,Min,-158.6845209359947,-0.05100163194758678,-0.12319113375287909,-0.11088630622802649,-0.41907636396871223,0.1431927158153005
119,22.79944847022849,BAO KT,Min,-158.6845209359947,-0.05100163194758678,-0.12319113375287909,-0.11088630622802649,-3.6307543744365898,-4.441719472505611
120,0.0,BAO KT,Max,-77.73407170214593,0.3832330042800758,0.26483731320158005,0.3497933897628154,3.0237380291117635,5.069622988435545
120,13.158474235114246,BAO KT,Max,-77.73407170214593,0.3832330042800758,0.26483731320158005,0.3497933897628154,0.008614687001678476,0.19685262614112836
120,26.316948470228493,BAO KT,Max,-77.73407170214593,0.3832330042800758,0.26483731320158005,0.3497933897628154,2.0214927561607094,0.4354439112171883
120,0.0,BAO KT,Min,-164.3047893933773,-0.019319849339003575,-0.1557532206518762,-0.09572145316800497,-2.0774567258068446,-0.0729955682899468
120,13.158474235114246,BAO KT,Min,-164.3047893933773,-0.019319849339003575,-0.1557532206518762,-0.09572145316800497,-0.4746291170181597,-0.23786987159748924
120,26.316948470228493,BAO KT,Min,-164.3047893933773,-0.019319849339003575,-0.1557532206518762,-0.09572145316800497,-3.9459718954079825,-5.015900237294066
121,0.0,BAO KT,Max,-82.6698816813744,0.4108565266559845,0.3298095752703096,0.375193669351239,3.5031275821912713,5.12428457861326
121,12.279099235114247,BAO KT,Max,-82.6698816813744,0.4108565266559845,0.3298095752703096,0.375193669351239,-0.03216552604281528,0.29899537112642677
121,24.558198470228493,BAO KT,Max,-82.6698816813744,0.4108565266559845,0.3298095752703096,0.375193669351239,1.8004122806836502,0.8611781486744907
121,0.0,BAO KT,Min,-173.27868729511493,-0.04699191945261335,-0.15273424065891125,-0.10279618190064475,-1.9504655146175347,-0.292858735739779
121,12.279099235114247,BAO KT,Min,-173.27868729511493,-0.04699191945261335,-0.15273424065891125,-0.10279618190064475,-0.5529913943161182,-0.1834231708554953
121,24.558198470228493,BAO KT,Min,-173.27868729511493,-0.04699191945261335,-0.15273424065891125,-0.10279618190064475,-4.596401424678755,-4.965611545793131
122,0.0,BAO KT,Max,-83.45838003593354,0.44997760471926085,0.3545519053338071,0.40431181901749935,3.697513337409368,5.230349517244248
122,11.399724235114245,BAO KT,Max,-83.45838003593354,0.44997760471926085,0.3545519053338071,0.40431181901749935,-0.010514984862428479,0.33943218341501596
122,22.79944847022849,BAO KT,Max,-83.45838003593354,0.44997760471926085,0.3545519053338071,0.40431181901749935,1.3865801723731441,1.0494473356745688
122,0.0,BAO KT,Min,-171.56007397876385,-0.06350857801673022,-0.13580123256004517,-0.11120924030507927,-1.7096130315731208,-0.39851321623535774
122,11.399724235114245,BAO KT,Min,-171.56007397876385,-0.06350857801673022,-0.13580123256004517,-0.11120924030507927,-0.4390362534023552,-0.1588303479750734
122,22.79944847022849,BAO KT,Min,-171.56007397876385,-0.06350857801673022,-0.13580123256004517,-0.11120924030507927,-4.3947803795001015,-5.028891694309385
123,0.0,BAO KT,Max,-52.56488014373436,0.10517260376074104,0.5905783163762632,0.44431898665726793,6.879523871153728,1.2248456925512503
123,11.557607036609712,BAO KT,Max,-52.56488014373436,0.10517260376074104,0.5905783163762632,0.44431898665726793,0.40695886336653675,0.24414794910002333
123,23.115214073219423,BAO KT,Max,-52.56488014373436,0.10517260376074104,0.5905783163762632,0.44431898665726793,2.193154626635071,3.024630999782752
123,0.0,BAO KT,Min,-152.81416983028805,-0.24106875299436745,-0.16614748737158958,-0.09206301390988157,-1.6473801116867426,-2.5477248320461077
123,11.557607036609712,BAO KT,Min,-152.81416983028805,-0.24106875299436745,-0.16614748737158958,-0.09206301390988157,0.019411204703879605,-0.013444752069462086
123,23.115214073219423,BAO KT,Min,-152.81416983028805,-0.24106875299436745,-0.16614748737158958,-0.09206301390988157,-6.771820338885105,-1.2062415580161607
125,0.0,BAO KT,Max,-53.58088068998296,0.09443678872692694,0.4921144004467466,0.46582308792887717,6.238729990088908,1.190576704957547
125,12.445424783545747,BAO KT,Max,-53.58088068998296,0.09443678872692694,0.4921144004467466,0.46582308792887717,0.7490295107175169,0.24166266267092404
125,24.890849567091493,BAO KT,Max,-53.58088068998296,0.09443678872692694,0.4921144004467466,0.46582308792887717,3.000295091480708,3.3599207858437445
125,0.0,BAO KT,Min,-163.96973796858282,-0.25110404858051094,-0.18089101978581063,-0.08023152361170498,-1.5022360700456745,-2.890272313061388
125,12.445424783545747,BAO KT,Min,-163.96973796858282,-0.25110404858051094,-0.18089101978581063,-0.08023152361170498,0.11415723442921134,0.007224165327799331
125,24.890849567091493,BAO KT,Min,-163.96973796858282,-0.25110404858051094,-0.18089101978581063,-0.08023152361170498,-6.010415521230485,-1.1600351968435931
126,0.0,BAO KT,Max,-57.95566681755464,0.21057483078334638,0.16886327081144403,0.34936837404251875,1.384650975928433,2.3146557338877884
126,12.115936627723046,BAO KT,Max,-57.95566681755464,0.21057483078334638,0.16886327081144403,0.34936837404251875,-0.13522274830438674,-0.0029733264481207433
126,24.231873255446093,BAO KT,Max,-57.95566681755464,0.21057483078334638,0.16886327081144403,0.34936837404251875,5.73368852887475,1.6752599200398217
126,0.0,BAO KT,Min,-170.8410679481418,-0.13954294738635284,-0.494103107413111,-0.17752329009957696,-6.239355345081823,-1.7061270947176634
126,12.115936627723046,BAO KT,Min,-170.8410679481418,-0.13954294738635284,-0.494103107413111,-0.17752329009957696,-0.7858448992401522,-0.244133452304632
126,24.231873255446093,BAO KT,Min,-170.8410679481418,-0.13954294738635284,-0.494103107413111,-0.17752329009957696,-2.7305672728926234,-2.787966876441269
127,0.0,BAO KT,Max,-54.15304457384903,0.19354901866984142,0.16770758095991728,0.38273966539498255,1.6651674886495509,1.935339401908818
127,11.244846705638672,BAO KT,Max,-54.15304457384903,0.19354901866984142,0.16770758095991728,0.38273966539498255,-0.001232013803588621,0.017629483127558306
127,22.489693411277344,BAO KT,Max,-54.15304457384903,0.19354901866984142,0.16770758095991728,0.38273966539498255,6.447317685748626,1.661110829442481
127,0.0,BAO KT,Min,-157.1412290625777,-0.15002977895069916,-0.5921035495541939,-0.14926892470105724,-6.868909611454257,-1.7139375006911375
127,11.244846705638672,BAO KT,Min,-157.1412290625777,-0.15002977895069916,-0.5921035495541939,-0.14926892470105724,-0.48242835436980225,-0.2456493263130207
127,22.489693411277344,BAO KT,Min,-157.1412290625777,-0.15002977895069916,-0.5921035495541939,-0.14926892470105724,-2.1065245898859626,-2.4175186880295105
128,0.0,BAO KT,Max,-28.004654764357316,0.008289125507405067,0.07105679900621813,0.45319300106640414,1.0374412355117113,-0.07991976943187168
128,12.115936627723029,BAO KT,Max,-28.004654764357316,0.008289125507405067,0.07105679900621813,0.45319300106640414,0.6955581533061747,-0.0021066059739824118
128,24.231873255446057,BAO KT,Max,-28.004654764357316,0.008289125507405067,0.07105679900621813,0.45319300106640414,4.111215966238794,4.774415330690417
128,0.0,BAO KT,Min,-149.27985378211986,-0.3955906616354233,-0.29071949286667675,-0.08459608995914292,-2.9334619377940716,-4.811487443097207
128,12.115936627723029,BAO KT,Min,-149.27985378211986,-0.3955906616354233,-0.29071949286667675,-0.08459608995914292,0.061969591182256756,-0.1853137546325562
128,24.231873255446057,BAO KT,Min,-149.27985378211986,-0.3955906616354233,-0.29071949286667675,-0.08459608995914292,-0.6843981119446718,-0.28078080812579626
129,0.0,BAO KT,Max,-26.86406132245638,0.014522460446874372,0.06486596163270926,0.4424747994101729,0.8758691285817265,-0.023595612302710595
129,11.244846705638674,BAO KT,Max,-26.86406132245638,0.014522460446874372,0.06486596163270926,0.4424747994101729,0.402646786150737,0.047704363129431035
129,22.489693411277347,BAO KT,Max,-26.86406132245638,0.014522460446874372,0.06486596163270926,0.4424747994101729,2.9699625674897243,4.7674519949791705
129,0.0,BAO KT,Min,-139.92850805970048,-0.42541276947295653,-0.24308758997441704,-0.09707088912169476,-2.528437347817265,-4.799950763710029
129,11.244846705638674,BAO KT,Min,-139.92850805970048,-0.42541276947295653,-0.24308758997441704,-0.09707088912169476,-0.03158212417789199,-0.19320683995784235
129,22.489693411277347,BAO KT,Min,-139.92850805970048,-0.42541276947295653,-0.24308758997441704,-0.09707088912169476,-0.5829464613655841,-0.35020129533031696
132,0.0,BAO KT,Max,-69.43374212867991,0.3736234014802994,0.2757904275456302,0.3644648323459107,2.7992232646620203,4.335122679125127
132,11.557607036609712,BAO KT,Max,-69.43374212867991,0.3736234014802994,0.2757904275456302,0.3644648323459107,-0.022373240131923478,0.1907222266752749
132,23.115214073219423,BAO KT,Max,-69.43374212867991,0.3736234014802994,0.2757904275456302,0.3644648323459107,0.7515301984153926,0.9285775735602537
132,0.0,BAO KT,Min,-166.38508671711588,-0.0643442067161697,-0.07425636538865969,-0.14749036063150459,-0.9649215838426777,-0.5587525390554916
132,11.557607036609712,BAO KT,Min,-166.38508671711588,-0.0643442067161697,-0.07425636538865969,-0.14749036063150459,-0.46065408349720927,-0.033671874174237434
132,23.115214073219423,BAO KT,Min,-166.38508671711588,-0.0643442067161697,-0.07425636538865969,-0.14749036063150459,-3.575731507399933,-4.3012622288564
135,0.0,BAO KT,Max,-70.03753188712972,0.3469989481797533,0.32635454197135483,0.3290077089673327,3.2671914811599825,4.338721250488596
135,12.445424783545763,BAO KT,Max,-70.03753188712972,0.3469989481797533,0.32635454197135483,0.3290077089673327,-0.14732513788760426,0.18320602417240828
135,24.890849567091525,BAO KT,Max,-70.03753188712972,0.3469989481797533,0.32635454197135483,0.3290077089673327,0.79084246309264,0.8593065996856043
135,0.0,BAO KT,Min,-176.31469116458283,-0.05468104029073807,-0.07538252950759915,-0.1821228945730508,-1.0854927388678484,-0.5017509483632276
135,12.445424783545763,BAO KT,Min,-176.31469116458283,-0.05468104029073807,-0.07538252950759915,-0.1821228945730508,-0.7944294237130425,0.008101704637042254
135,24.890849567091525,BAO KT,Min,-176.31469116458283,-0.05468104029073807,-0.07538252950759915,-0.1821228945730508,-4.856050328586067,-4.2983773685926305
136,0.0,BAO KT,Max,-54.96145323676265,1.3998908890553903,0.9749326037829983,0.6277636179760171,6.490587277107997,9.478355727844209
136,6.73812122434134,BAO KT,Max,-54.96145323676265,1.3998908890553903,0.9749326037829983,0.6277636179760171,0.2867308402995937,0.32935242120148567
136,13.47624244868268,BAO KT,Max,-54.96145323676265,1.3998908890553903,0.9749326037829983,0.6277636179760171,-2.727550370036377,5.371869798721895
136,0.0,BAO KT,Min,-217.13137051016798,-0.7545277281509543,0.366660448437016,-0.23826803875437783,2.213654729443565,-4.796328800094101
136,6.73812122434134,BAO KT,Min,-217.13137051016798,-0.7545277281509543,0.366660448437016,-0.23826803875437783,-0.7140853293123031,-0.18106329605828786
136,13.47624244868268,BAO KT,Min,-217.13137051016798,-0.7545277281509543,0.366660448437016,-0.23826803875437783,-6.647840862597177,-9.386913294768181
137,0.0,BAO KT,Max,-15.357799880000172,0.6948798976376998,-0.3760996713846992,0.7495500201145165,-2.238434110913503,4.252051211745916
137,6.515995466558025,BAO KT,Max,-15.357799880000172,0.6948798976376998,-0.3760996713846992,0.7495500201145165,0.5752008459923718,0.22426447049685405
137,13.03199093311605,BAO KT,Max,-15.357799880000172,0.6948798976376998,-0.3760996713846992,0.7495500201145165,7.102035773816414,10.848625907325086
137,0.0,BAO KT,Min,-184.61095486263824,-1.6735228965547548,-1.0844676618339457,-0.1868892775491024,-7.030736962461131,-10.960709306938586
137,6.515995466558025,BAO KT,Min,-184.61095486263824,-1.6735228965547548,-1.0844676618339457,-0.1868892775491024,-0.42490623098347957,-0.31708513458078064
137,13.03199093311605,BAO KT,Min,-184.61095486263824,-1.6735228965547548,-1.0844676618339457,-0.1868892775491024,2.6628933965198227,-4.803617313873197
138,0.0,BAO KT,Max,-71.5741481041754,1.4992698229247412,2.1443848406287462,0.7715615567717143,14.55259605959269,10.1684306600723
138,6.738121224341341,BAO KT,Max,-71.5741481041754,1.4992698229247412,2.1443848406287462,0.7715615567717143,0.5787036584512648,0.3773004953076782
138,13.476242448682681,BAO KT,Max,-71.5741481041754,1.4992698229247412,2.1443848406287462,0.7715615567717143,9.177275995637572,2.2514666894737685
138,0.0,BAO KT,Min,-191.44918563890204,-0.28698523833541556,-1.330326477629949,-0.186599492696727,-8.75052615280566,-1.6160159615272751
138,6.738121224341341,BAO KT,Min,-191.44918563890204,-0.28698523833541556,-1.330326477629949,-0.186599492696727,-0.2127378950593507,-0.01829086992061881
138,13.476242448682681,BAO KT,Min,-191.44918563890204,-0.28698523833541556,-1.330326477629949,-0.186599492696727,-14.349224621503536,-10.03609296965507
139,0.0,BAO KT,Max,-5.113646058718452,0.1414131553832863,1.43785992048648,0.6785499104691458,9.268987763352383,0.6184753513733349
139,6.515995466558022,BAO KT,Max,-5.113646058718452,0.1414131553832863,1.43785992048648,0.6785499104691458,0.2634156763457003,0.016980559725128106
139,13.031990933116044,BAO KT,Max,-5.113646058718452,0.1414131553832863,1.43785992048648,0.6785499104691458,14.091828179138618,11.701170259194086
139,0.0,BAO KT,Min,-169.27161508808538,-1.806282959467836,-2.224545155646118,-0.2568612808165601,-14.898424119548812,-11.838292891232767
139,6.515995466558022,BAO KT,Min,-169.27161508808538,-1.806282959467836,-2.224545155646118,-0.2568612808165601,-0.8831810582690802,-0.37355185474652197
139,13.031990933116044,BAO KT,Min,-169.27161508808538,-1.806282959467836,-2.224545155646118,-0.2568612808165601,-9.469189683518378,-1.2244196074049825
140,0.0,BAO KT,Max,-49.32117694546207,-0.09535794868921361,5.894795288380113,1.8650995926270575,32.87403232339077,-0.9153734975644585
140,6.047809194358984,BAO KT,Max,-49.32117694546207,-0.09535794868921361,5.894795288380113,1.8650995926270575,-0.8619507112072677,0.8883858981355289
140,12.095618388717968,BAO KT,Max,-49.32117694546207,-0.09535794868921361,5.894795288380113,1.8650995926270575,45.70893228690454,32.11414409928657
140,0.0,BAO KT,Min,-158.8871949381306,-5.434205776899686,-7.83971442171664,-0.6359859602663646,-49.1172616347087,-33.61593522385869
140,6.047809194358984,BAO KT,Min,-158.8871949381306,-5.434205776899686,-7.83971442171664,-0.6359859602663646,-3.791195725170948,-1.0205122759503564
140,12.095618388717968,BAO KT,Min,-158.8871949381306,-5.434205776899686,-7.83971442171664,-0.6359859602663646,-38.42716196446774,0.23803986011121814
141,0.0,BAO KT,Max,-8.141225717191247,6.490323256196981,-0.21563021257686232,1.7590230125088058,-1.3658590642804873,41.868526511578075
141,6.2021121040539136,BAO KT,Max,-8.141225717191247,6.490323256196981,-0.21563021257686232,1.7590230125088058,0.7954843138104373,3.612904661104034
141,12.404224208107827,BAO KT,Max,-8.141225717191247,6.490323256196981,-0.21563021257686232,1.7590230125088058,22.247288890271065,35.07822785444491
141,0.0,BAO KT,Min,-237.04349834779526,-5.264922080116531,-3.68762532801157,-0.47527639374748704,-23.49484247388162,-30.22904606553798
141,6.2021121040539136,BAO KT,Min,-237.04349834779526,-5.264922080116531,-3.68762532801157,-0.47527639374748704,-0.6873246533253066,0.7710474482511432
141,12.404224208107827,BAO KT,Min,-237.04349834779526,-5.264922080116531,-3.68762532801157,-0.47527639374748704,1.3088664385648652,-38.63889834138573
142,0.0,BAO KT,Max,-17.0580103383527,5.835390590113939,-0.21777501341348032,1.6911699329434406,-1.589661424623625,37.55720085382401
142,6.202112104053914,BAO KT,Max,-17.0580103383527,5.835390590113939,-0.21777501341348032,1.6911699329434406,0.546578416767233,3.2557853132521966
142,12.404224208107829,BAO KT,Max,-17.0580103383527,5.835390590113939,-0.21777501341348032,1.6911699329434406,21.967821996535108,32.9295012445946
142,0.0,BAO KT,Min,-213.6342207915685,-4.976712557505912,-3.5685391445997556,-0.4557044302282198,-22.29713764848958,-28.802757138014456
142,6.202112104053914,BAO KT,Min,-213.6342207915685,-4.976712557505912,-3.5685391445997556,-0.4557044302282198,-0.4340659272895578,0.5773335736385425
142,12.404224208107829,BAO KT,Min,-213.6342207915685,-4.976712557505912,-3.5685391445997556,-0.4557044302282198,0.9165991193626922,-34.82629236783195
143,0.0,BAO KT,Max,-23.745117642822056,5.090828829151725,-0.10567467978850997,1.7211733674239218,-0.4082546253553758,32.9363947613728
143,6.202112104053915,BAO KT,Max,-23.745117642822056,5.090828829151725,-0.10567467978850997,1.7211733674239218,0.9939254955735731,3.3908946706714276
143,12.40422420810783,BAO KT,Max,-23.745117642822056,5.090828829151725,-0.10567467978850997,1.7211733674239218,20.50075048360187,33.09381537345341
143,0.0,BAO KT,Min,-208.2448280180247,-4.975232906552935,-3.305801544135326,-0.4390802369608938,-20.50515305736178,-28.62008908698519
143,6.202112104053915,BAO KT,Min,-208.2448280180247,-4.975232906552935,-3.305801544135326,-0.4390802369608938,-0.00220128687995378,0.5937029450396416
143,12.40422420810783,BAO KT,Min,-208.2448280180247,-4.975232906552935,-3.305801544135326,-0.4390802369608938,0.9025577958613038,-30.211387440524266
144,0.0,BAO KT,Max,-24.86805617954153,4.199178493255631,0.400829929085349,1.7868516842645166,2.6494786172849683,27.590123878836724
144,6.202112104053914,BAO KT,Max,-24.86805617954153,4.199178493255631,0.400829929085349,1.7868516842645166,0.775281818450628,3.767303348419382
144,12.404224208107829,BAO KT,Max,-24.86805617954153,4.199178493255631,0.400829929085349,1.7868516842645166,18.22353951425324,35.0953015417946
144,0.0,BAO KT,Min,-201.1006187978478,-5.2018195098241495,-2.9486115109621025,-0.430803999484553,-18.351698770328277,-29.42923394817373
144,6.202112104053914,BAO KT,Min,-201.1006187978478,-5.2018195098241495,-2.9486115109621025,-0.430803999484553,-0.0640796280375161,0.9345409576737883
144,12.404224208107829,BAO KT,Min,-201.1006187978478,-5.2018195098241495,-2.9486115109621025,-0.430803999484553,-2.3225056924096634,-24.497427641370535
145,0.0,BAO KT,Max,-24.589784581548056,3.399340971715282,0.8193452918776385,1.7300541357876247,5.354598695122949,22.660801367733406
145,6.202112104053914,BAO KT,Max,-24.589784581548056,3.399340971715282,0.8193452918776385,1.7300541357876247,0.6222362641267734,3.8934875636928
145,12.404224208107829,BAO KT,Max,-24.589784581548056,3.399340971715282,0.8193452918776385,1.7300541357876247,16.322459927574542,35.962586290965234
145,0.0,BAO KT,Min,-191.87763563716913,-5.286409114299694,-2.6357244953356505,-0.44742019994898763,-16.371657663370726,-29.6112176185929
145,6.202112104053914,BAO KT,Min,-191.87763563716913,-5.286409114299694,-2.6357244953356505,-0.44742019994898763,-0.03862527410238911,1.0994544735943077
145,12.404224208107829,BAO KT,Min,-191.87763563716913,-5.286409114299694,-2.6357244953356505,-0.44742019994898763,-4.80874400918483,-19.505386205230085
146,0.0,BAO KT,Max,-30.035148132547242,2.6630035336383067,1.2723713144280289,1.6976239966195867,8.194932048648658,18.02476449007421
146,6.202112104053914,BAO KT,Max,-30.035148132547242,2.6630035336383067,1.2723713144280289,1.6976239966195867,0.6650808280286711,3.841738658596507
146,12.404224208107829,BAO KT,Max,-30.035148132547242,2.6630035336383067,1.2723713144280289,1.6976239966195867,14.061599573092014,35.30853679706858
146,0.0,BAO KT,Min,-182.22832695550156,-5.181647346133222,-2.2792720135326334,-0.4505333996086669,-14.211001514032153,-28.96577865171483
146,6.202112104053914,BAO KT,Min,-182.22832695550156,-5.181647346133222,-2.2792720135326334,-0.4505333996086669,-0.13817234415637603,1.1457999608448344
146,12.404224208107829,BAO KT,Min,-182.22832695550156,-5.181647346133222,-2.2792720135326334,-0.4505333996086669,-7.587847011481476,-15.007728408158762
147,0.0,BAO KT,Max,-0.7017305807878529,0.46531264263814537,0.6067096212736036,1.1166083416102381,5.8878430728368105,4.35318236056639
147,9.720302516359844,BAO KT,Max,-0.7017305807878529,0.46531264263814537,0.6067096212736036,1.1166083416102381,0.4887619046176306,0.05889039886225017
147,19.440605032719688,BAO KT,Max,-0.7017305807878529,0.46531264263814537,0.6067096212736036,1.1166083416102381,8.958217722581443,21.875648961226226
147,0.0,BAO KT,Min,-184.59619295602664,-2.2867144428991395,-0.8813542139215056,-0.30011823843443625,-8.175841444189683,-22.579463345791584
147,9.720302516359844,BAO KT,Min,-184.59619295602664,-2.2867144428991395,-0.8813542139215056,-0.30011823843443625,-0.1426166857739421,-0.469794448355088
147,19.440605032719688,BAO KT,Min,-184.59619295602664,-2.2867144428991395,-0.8813542139215056,-0.30011823843443625,-5.936102587052812,-4.692776941692835
148,0.0,BAO KT,Max,2.4413709411726536,0.4579542108023549,0.46700733272765654,1.1108212162203541,4.611361265252587,4.2430260971281974
148,9.720302516359844,BAO KT,Max,2.4413709411726536,0.4579542108023549,0.46700733272765654,1.1108212162203541,0.47349823171548067,0.03948850783820486
148,19.440605032719688,BAO KT,Max,2.4413709411726536,0.4579542108023549,0.46700733272765654,1.1108212162203541,8.270657950375062,19.758046202234834
148,0.0,BAO KT,Min,-179.55195384039075,-2.06509414358407,-0.8175874526340432,-0.2970830679636547,-7.623736795990789,-20.388633398565595
148,9.720302516359844,BAO KT,Min,-179.55195384039075,-2.06509414358407,-0.8175874526340432,-0.2970830679636547,-0.08451077187762067,-0.4256111681279654
148,19.440605032719688,BAO KT,Min,-179.55195384039075,-2.06509414358407,-0.8175874526340432,-0.2970830679636547,-4.46754383768969,-4.659880838151235
149,0.0,BAO KT,Max,-0.7970229094335295,0.4288703275812045,0.3871122874947469,1.0583844315289734,3.6343297199388114,4.007314500799347
149,9.720302516359844,BAO KT,Max,-0.7970229094335295,0.4288703275812045,0.3871122874947469,1.0583844315289734,0.17879742651602004,0.049748715500481155
149,19.440605032719688,BAO KT,Max,-0.7970229094335295,0.4288703275812045,0.3871122874947469,1.0583844315289734,6.32318796609061,17.770037608135738
149,0.0,BAO KT,Min,-167.23663284143788,-1.854478049434368,-0.6586810155246288,-0.3073660387132152,-6.481969499274402,-18.282137692766227
149,9.720302516359844,BAO KT,Min,-167.23663284143788,-1.854478049434368,-0.6586810155246288,-0.3073660387132152,-0.3686003234661847,-0.320132216568639
149,19.440605032719688,BAO KT,Min,-167.23663284143788,-1.854478049434368,-0.6586810155246288,-0.3073660387132152,-3.8913673645591973,-4.330184147959958
150,0.0,BAO KT,Max,-12.636080431387663,0.3730082179270436,0.4288590757011758,1.0026911851528595,3.5272439047897928,3.5436796370876027
150,9.720302516359844,BAO KT,Max,-12.636080431387663,0.3730082179270436,0.4288590757011758,1.0026911851528595,-0.09507956796004192,0.06985786756141368
150,19.440605032719688,BAO KT,Max,-12.636080431387663,0.3730082179270436,0.4288590757011758,1.0026911851528595,4.621313925809777,15.70549701847639
150,0.0,BAO KT,Min,-181.9787080756148,-1.6395087609126402,-0.5166403644994199,-0.3148820348750219,-5.4479489075036485,-16.167545250109907
150,9.720302516359844,BAO KT,Min,-181.9787080756148,-1.6395087609126402,-0.5166403644994199,-0.3148820348750219,-0.6911667913332934,-0.27946158456428355
150,19.440605032719688,BAO KT,Min,-181.9787080756148,-1.6395087609126402,-0.5166403644994199,-0.3148820348750219,-4.810036000613999,-3.7078258015906824
151,0.0,BAO KT,Max,-25.709704877823164,0.3637517596841102,0.2393191824923236,1.019123206165489,1.9480160537290354,3.370659182580079
151,9.720302516359844,BAO KT,Max,-25.709704877823164,0.3637517596841102,0.2393191824923236,1.019123206165489,-0.030564030864352446,0.049820241270084886
151,19.440605032719688,BAO KT,Max,-25.709704877823164,0.3637517596841102,0.2393191824923236,1.019123206165489,4.647398191585144,13.503719731552854
151,0.0,BAO KT,Min,-201.13131251421743,-1.414256881858576,-0.5128954019378972,-0.30708301018491274,-5.323598740587528,-13.99028972346543
151,9.720302516359844,BAO KT,Min,-201.13131251421743,-1.414256881858576,-0.5128954019378972,-0.30708301018491274,-0.4856979063898401,-0.32534830619062977
151,19.440605032719688,BAO KT,Min,-201.13131251421743,-1.414256881858576,-0.5128954019378972,-0.30708301018491274,-2.7044936498575938,-3.7008951073954757
152,0.0,BAO KT,Max,-36.15712162401537,0.3634215863218355,0.06651883612034364,1.0319842229215137,0.5475672209638365,3.2860262849001503
152,9.720302516359844,BAO KT,Max,-36.15712162401537,0.3634215863218355,0.06651883612034364,1.0319842229215137,0.07856788655848619,0.020791297728429775
152,19.440605032719688,BAO KT,Max,-36.15712162401537,0.3634215863218355,0.06651883612034364,1.0319842229215137,4.696823759460212,11.292365495312158
152,0.0,BAO KT,Min,-206.14573016752797,-1.188007975084777,-0.5055130480901141,-0.29790193982366203,-5.130655747345929,-11.803228324032082
152,9.720302516359844,BAO KT,Min,-206.14573016752797,-1.188007975084777,-0.5055130480901141,-0.29790193982366203,-0.3585259525530946,-0.36340482293228926
152,19.440605032719688,BAO KT,Min,-206.14573016752797,-1.188007975084777,-0.5055130480901141,-0.29790193982366203,-0.7455991992879722,-3.7791092351470983
153,0.0,BAO KT,Max,-44.47942681387565,0.3815524369331642,0.0672721952349812,1.0244521582724644,0.4018192094356718,3.4898757244112177
153,9.720302516359844,BAO KT,Max,-44.47942681387565,0.3815524369331642,0.0672721952349812,1.0244521582724644,0.16993120021943517,0.006833853723231753
153,19.440605032719688,BAO KT,Max,-44.47942681387565,0.3815524369331642,0.0672721952349812,1.0244521582724644,4.354165871704547,9.128684220912476
153,0.0,BAO KT,Min,-203.46309318825678,-0.9653465465693128,-0.47177592959429404,-0.2926090919434687,-4.817443639482295,-9.638236710641475
153,9.720302516359844,BAO KT,Min,-203.46309318825678,-0.9653465465693128,-0.47177592959429404,-0.2926090919434687,-0.47540689722142826,-0.3722646270972892
153,19.440605032719688,BAO KT,Min,-203.46309318825678,-0.9653465465693128,-0.47177592959429404,-0.2926090919434687,-0.9161939869112397,-3.927734501278115
154,0.0,BAO KT,Max,-66.31099560658474,0.5651761990533162,0.6109233954295998,1.0160363750682344,5.967259324951419,5.035365873188248
154,10.068091176126236,BAO KT,Max,-66.31099560658474,0.5651761990533162,0.6109233954295998,1.0160363750682344,0.0427881242570385,0.10170273681945742
154,20.136182352252472,BAO KT,Max,-66.31099560658474,0.5651761990533162,0.6109233954295998,1.0160363750682344,20.38593030225381,5.6495874780048245
154,0.0,BAO KT,Min,-157.28666983480574,-0.5553884281947807,-2.0542632961789717,-0.29010817890225066,-20.97909002914519,-5.53381518845616
154,10.068091176126236,BAO KT,Min,-157.28666983480574,-0.5553884281947807,-2.0542632961789717,-0.29010817890225066,-0.3875396361489932,-0.6548796294570092
154,20.136182352252472,BAO KT,Min,-157.28666983480574,-0.5553884281947807,-2.0542632961789717,-0.29010817890225066,-6.334405568676248,-6.345125132102266
155,0.0,BAO KT,Max,-52.324667236458126,1.6209453861957015,0.7886922183549737,0.9523668746055278,7.525354050539101,17.25069114724359
155,10.45562174130532,BAO KT,Max,-52.324667236458126,1.6209453861957015,0.7886922183549737,0.9523668746055278,0.04926402145657932,0.40545314087926576
155,20.91124348261064,BAO KT,Max,-52.324667236458126,1.6209453861957015,0.7886922183549737,0.9523668746055278,4.425607036679325,5.883154221063206
155,0.0,BAO KT,Min,-199.41329699727515,-0.5446803965784023,-0.42229739324225374,-0.2820666914922055,-4.4051565754812145,-5.506790171992686
155,10.45562174130532,BAO KT,Min,-199.41329699727515,-0.5446803965784023,-0.42229739324225374,-0.2820666914922055,-0.7209134548914855,-0.04048852153337612
155,20.91124348261064,BAO KT,Min,-199.41329699727515,-0.5446803965784023,-0.42229739324225374,-0.2820666914922055,-8.967180960322072,-16.645292495509057
156,0.0,BAO KT,Max,-52.96130693038761,1.458220150228526,0.7045418773916194,0.9758571442001508,6.839005638142327,15.496647955592948
156,10.45562174130532,BAO KT,Max,-52.96130693038761,1.458220150228526,0.7045418773916194,0.9758571442001508,0.11746701435760815,0.32819111818375735
156,20.91124348261064,BAO KT,Max,-52.96130693038761,1.458220150228526,0.7045418773916194,0.9758571442001508,3.590697860223092,5.601421652482547
156,0.0,BAO KT,Min,-185.8355286342259,-0.5183331750005021,-0.33711730291952996,-0.2727074071983868,-3.4588441433282053,-5.237569575067584
156,10.45562174130532,BAO KT,Min,-185.8355286342259,-0.5183331750005021,-0.33711730291952996,-0.2727074071983868,-0.5274177327735564,-0.037025824437451074
156,20.91124348261064,BAO KT,Min,-185.8355286342259,-0.5183331750005021,-0.33711730291952996,-0.2727074071983868,-7.893841103689439,-14.996548657084825
157,0.0,BAO KT,Max,-57.45125240364605,1.28612411223831,0.5373791924983728,1.0103795666531865,5.598071143840274,13.662214750400418
157,10.45562174130532,BAO KT,Max,-57.45125240364605,1.28612411223831,0.5373791924983728,1.0103795666531865,0.5778188069704865,0.2546459334199289
157,20.91124348261064,BAO KT,Max,-57.45125240364605,1.28612411223831,0.5373791924983728,1.0103795666531865,4.426790894264793,5.05959745117456
157,0.0,BAO KT,Min,-183.6617730978571,-0.4761371684769077,-0.3697437227220952,-0.25691281096378715,-3.3050101177438163,-4.897022809966861
157,10.45562174130532,BAO KT,Min,-183.6617730978571,-0.4761371684769077,-0.3697437227220952,-0.25691281096378715,-0.04620619776626908,-0.06305785961627154
157,20.91124348261064,BAO KT,Min,-183.6617730978571,-0.4761371684769077,-0.3697437227220952,-0.25691281096378715,-5.639195992981895,-13.232239709471337
158,0.0,BAO KT,Max,-63.25006436728056,1.100896669814587,0.5137903287488853,1.004156746073049,5.3311010639489576,11.73168415373037
158,10.45562174130532,BAO KT,Max,-63.25006436728056,1.100896669814587,0.5137903287488853,1.004156746073049,0.4720522318498595,0.28981582231747716
158,20.91124348261064,BAO KT,Max,-63.25006436728056,1.100896669814587,0.5137903287488853,1.004156746073049,3.087067264235131,5.20476945521766
158,0.0,BAO KT,Min,-185.44960832556887,-0.48502210371150023,-0.2516227456291791,-0.25738723022987775,-2.1746772353796358,-4.937645849941551
158,10.45562174130532,BAO KT,Min,-185.44960832556887,-0.48502210371150023,-0.2516227456291791,-0.25738723022987775,-0.05575082711679709,-0.05213350485693358
158,20.91124348261064,BAO KT,Min,-185.44960832556887,-0.48502210371150023,-0.2516227456291791,-0.25738723022987775,-5.412893599529548,-11.289434157957674
159,0.0,BAO KT,Max,-66.96450845352463,0.915147709853637,0.5341679603064856,0.9834052019768946,5.345525938320765,9.8030844852718
159,10.45562174130532,BAO KT,Max,-66.96450845352463,0.915147709853637,0.5341679603064856,0.9834052019768946,0.16294804139750255,0.33062403637976057
159,20.91124348261064,BAO KT,Max,-66.96450845352463,0.915147709853637,0.5341679603064856,0.9834052019768946,0.859543225572678,5.421812747707797
159,0.0,BAO KT,Min,-183.0007390900555,-0.4973528538869406,-0.07012590883520713,-0.26340731551109575,-0.606876728519695,-4.978453876693293
159,10.45562174130532,BAO KT,Min,-183.0007390900555,-0.4973528538869406,-0.07012590883520713,-0.26340731551109575,-0.23953220096844324,-0.024520736192856163
159,20.91124348261064,BAO KT,Min,-183.0007390900555,-0.4973528538869406,-0.07012590883520713,-0.26340731551109575,-5.824590340257651,-9.333792098031118
160,0.0,BAO KT,Max,-68.83004310221803,0.7345361616335319,0.5001963495045532,0.9844937300206659,5.02760437028487,7.917215873474875
160,10.45562174130532,BAO KT,Max,-68.83004310221803,0.7345361616335319,0.5001963495045532,0.9844937300206659,0.2918124176282802,0.34563367548734353
160,20.91124348261064,BAO KT,Max,-68.83004310221803,0.7345361616335319,0.5001963495045532,0.9844937300206659,0.7411822298165766,5.435572548925012
160,0.0,BAO KT,Min,-176.59292819358546,-0.4940331580639112,-0.04948249869017635,-0.2657815386201137,-0.29355834842166323,-4.895275107832502
160,10.45562174130532,BAO KT,Min,-176.59292819358546,-0.4940331580639112,-0.04948249869017635,-0.2657815386201137,-0.2022594565164915,-0.006840248669071153
160,20.91124348261064,BAO KT,Min,-176.59292819358546,-0.4940331580639112,-0.04948249869017635,-0.2657815386201137,-5.4321232833178525,-7.442848649226152
168,0.0,BAO KT,Max,-18.195002129695176,-0.44858174570449494,5.65402999242208,1.5886802573086913,34.52717474574926,-1.7826665386195
168,6.202112104053914,BAO KT,Max,-18.195002129695176,-0.44858174570449494,5.65402999242208,1.5886802573086913,0.5993849302791109,2.9780482507217387
168,12.404224208107829,BAO KT,Max,-18.195002129695176,-0.44858174570449494,5.65402999242208,1.5886802573086913,9.175793308129105,33.67968502554364
168,0.0,BAO KT,Min,-136.5211642963772,-5.045098288468384,-1.5278314070303407,-0.4367584233161604,-9.775770016864092,-29.013241389314544
168,6.202112104053914,BAO KT,Min,-136.5211642963772,-5.045098288468384,-1.5278314070303407,-0.4367584233161604,-1.007341014803881,0.7284814235138238
168,12.404224208107829,BAO KT,Min,-136.5211642963772,-5.045098288468384,-1.5278314070303407,-0.4367584233161604,-35.606680959620434,3.781642010763468
169,0.0,BAO KT,Max,-21.52561477355765,-0.6762519292657234,5.1287616152245,1.5831217793504628,31.575459616872177,-3.2906172645848537
169,6.202112104053915,BAO KT,Max,-21.52561477355765,-0.6762519292657234,5.1287616152245,1.5831217793504628,0.06530525868048193,2.864950507655168
169,12.40422420810783,BAO KT,Max,-21.52561477355765,-0.6762519292657234,5.1287616152245,1.5831217793504628,9.671740005295261,28.786893230324463
169,0.0,BAO KT,Min,-117.49759916896483,-4.223583718162528,-1.6177030079065111,-0.4426810120005367,-10.394610806907538,-24.0045932955967
169,6.202112104053915,BAO KT,Min,-117.49759916896483,-4.223583718162528,-1.6177030079065111,-0.4426810120005367,-0.6129701806245402,0.5434390034337168
169,12.40422420810783,BAO KT,Min,-117.49759916896483,-4.223583718162528,-1.6177030079065111,-0.4426810120005367,-32.042849368309774,5.097763287192656
170,0.0,BAO KT,Max,-28.953292990818515,-0.87768027981335,4.7329932427042944,1.5900046114544053,29.085361572552284,-4.702497864679049
170,6.202112104053914,BAO KT,Max,-28.953292990818515,-0.87768027981335,4.7329932427042944,1.5900046114544053,0.13433598141978115,2.5849200418624756
170,12.404224208107829,BAO KT,Max,-28.953292990818515,-0.87768027981335,4.7329932427042944,1.5900046114544053,11.07830180761232,23.043179051447062
170,0.0,BAO KT,Min,-127.92096818133113,-3.315936404658123,-1.8249158650905488,-0.44906626007688905,-11.558363743903904,-18.603474984770873
170,6.202112104053914,BAO KT,Min,-127.92096818133113,-3.315936404658123,-1.8249158650905488,-0.44906626007688905,-0.8421078335884582,0.3335573644680196
170,12.404224208107829,BAO KT,Min,-127.92096818133113,-3.315936404658123,-1.8249158650905488,-0.44906626007688905,-29.62374778541109,6.184445109160558
171,0.0,BAO KT,Max,-38.793130537021206,-1.218272888465369,4.3990021486213395,1.5355748513039518,26.848642297723156,-6.679827932966979
171,6.202112104053915,BAO KT,Max,-38.793130537021206,-1.218272888465369,4.3990021486213395,1.5355748513039518,-0.04354166273032685,2.929664876845714
171,12.40422420810783,BAO KT,Max,-38.793130537021206,-1.218272888465369,4.3990021486213395,1.5355748513039518,10.419165280322453,24.191979013802708
171,0.0,BAO KT,Min,-145.12131927386827,-3.511345061689389,-1.7529378179512909,-0.4591585215243097,-11.324668436416665,-19.363532403424685
171,6.202112104053915,BAO KT,Min,-145.12131927386827,-3.511345061689389,-1.7529378179512909,-0.4591585215243097,-0.8436720893172107,0.6623995572346703
171,12.40422420810783,BAO KT,Min,-145.12131927386827,-3.511345061689389,-1.7529378179512909,-0.4591585215243097,-27.71756664572402,8.4319021222166
172,0.0,BAO KT,Max,-50.61882608584273,-0.9804911828558132,4.010066592088161,1.5373143311163384,24.3930318228311,-4.917658939508051
172,6.202112104053914,BAO KT,Max,-50.61882608584273,-0.9804911828558132,4.010066592088161,1.5373143311163384,-0.09704418264718707,3.376136451840039
172,12.404224208107829,BAO KT,Max,-50.61882608584273,-0.9804911828558132,4.010066592088161,1.5373143311163384,10.922036820075814,26.862597954918034
172,0.0,BAO KT,Min,-152.96986476742387,-3.8678636162914493,-1.843134825109207,-0.4624940077120585,-12.062738457834664,-21.11524954794385
172,6.202112104053914,BAO KT,Min,-152.96986476742387,-3.8678636162914493,-1.843134825109207,-0.4624940077120585,-0.8954951079934681,0.9670197488280918
172,12.404224208107829,BAO KT,Min,-152.96986476742387,-3.8678636162914493,-1.843134825109207,-0.4624940077120585,-25.34962534062089,7.244573526708305
173,0.0,BAO KT,Max,-52.31873514083117,-0.30597803920114486,3.541724609417681,1.5762886678379946,21.612653275154074,-0.5928602436750019
173,6.202112104053914,BAO KT,Max,-52.31873514083117,-0.30597803920114486,3.541724609417681,1.5762886678379946,0.44048925814395123,3.605582099644656
173,12.404224208107829,BAO KT,Max,-52.31873514083117,-0.30597803920114486,3.541724609417681,1.5762886678379946,12.806596898730392,28.482889166585334
173,0.0,BAO KT,Min,-145.12485760327831,-4.092809666533651,-2.125404797258603,-0.45465796239434514,-13.557400739453287,-22.285239578209097
173,6.202112104053914,BAO KT,Min,-145.12485760327831,-4.092809666533651,-2.125404797258603,-0.45465796239434514,-0.7757568965024187,1.088304164951623
173,12.404224208107829,BAO KT,Min,-145.12485760327831,-4.092809666533651,-2.125404797258603,-0.45465796239434514,-22.326068203032335,3.2025599573332055
174,0.0,BAO KT,Max,-44.40044766516871,0.3886264364039276,3.11037658500443,1.5661441351599144,19.000567896770548,3.833375001544657
174,6.202112104053914,BAO KT,Max,-44.40044766516871,0.3886264364039276,3.11037658500443,1.5661441351599144,0.3469766421554834,3.7406718994586896
174,12.404224208107829,BAO KT,Max,-44.40044766516871,0.3886264364039276,3.11037658500443,1.5661441351599144,12.857173612406468,28.901304658715457
174,0.0,BAO KT,Min,-136.87024350777222,-4.1742821630049,-2.1551355410515867,-0.45020793168938744,-13.875610837659185,-22.877427199102627
174,6.202112104053914,BAO KT,Min,-136.87024350777222,-4.1742821630049,-2.1551355410515867,-0.45020793168938744,-0.7688048797241489,1.0375557626983842
174,12.404224208107829,BAO KT,Min,-136.87024350777222,-4.1742821630049,-2.1551355410515867,-0.45020793168938744,-19.581240635273144,-0.9872344488076177
175,0.0,BAO KT,Max,-52.69772730471324,0.7728203128643709,0.0309198132690158,1.0513926103505264,-0.05349843955310213,7.293440512447011
175,9.720302516359844,BAO KT,Max,-52.69772730471324,0.7728203128643709,0.0309198132690158,1.0513926103505264,0.38215603109535107,0.05022449722944015
175,19.440605032719688,BAO KT,Max,-52.69772730471324,0.7728203128643709,0.0309198132690158,1.0513926103505264,12.108813578005106,5.550309567139226
175,0.0,BAO KT,Min,-178.3910905297564,-0.5710271273614422,-1.2064087025247514,-0.2770170076780883,-11.941333067891792,-5.550803278863094
175,9.720302516359844,BAO KT,Min,-178.3910905297564,-0.5710271273614422,-1.2064087025247514,-0.2770170076780883,-0.6345669236250984,-0.29722359034221546
175,19.440605032719688,BAO KT,Min,-178.3910905297564,-0.5710271273614422,-1.2064087025247514,-0.2770170076780883,-0.6545983170014837,-7.7306539512120835
176,0.0,BAO KT,Max,-53.57875809292927,0.563600460958054,-0.008343320510181829,1.0124926090989725,-0.2939413926010599,5.271474216316955
176,9.720302516359844,BAO KT,Max,-53.57875809292927,0.563600460958054,-0.008343320510181829,1.0124926090989725,0.17437712242381204,0.03837072112431001
176,19.440605032719688,BAO KT,Max,-53.57875809292927,0.563600460958054,-0.008343320510181829,1.0124926090989725,9.952146280703566,4.78756289219346
176,0.0,BAO KT,Min,-169.0420025651071,-0.49463688544340223,-1.0533435833573725,-0.28176545468106,-10.525490287096762,-4.828477432326338
176,9.720302516359844,BAO KT,Min,-169.0420025651071,-0.49463688544340223,-1.0533435833573725,-0.28176545468106,-0.43864257079019314,-0.2657207537459346
176,19.440605032719688,BAO KT,Min,-169.0420025651071,-0.49463688544340223,-1.0533435833573725,-0.28176545468106,-0.13174219390122563,-5.685259741427327
177,0.0,BAO KT,Max,-55.34479874729867,0.4364165490744737,-0.03971509840828396,1.0419133894590635,-0.4625502664761939,4.210022830961317
177,9.720302516359844,BAO KT,Max,-55.34479874729867,0.4364165490744737,-0.03971509840828396,1.0419133894590635,0.5158893989437782,0.05027157173794781
177,19.440605032719688,BAO KT,Max,-55.34479874729867,0.4364165490744737,-0.03971509840828396,1.0419133894590635,10.296866112835442,4.149708455834364
177,0.0,BAO KT,Min,-180.34642217532803,-0.42788585562159703,-1.0062420071216611,-0.26597447738189767,-9.321290798050603,-4.1686514623924245
177,9.720302516359844,BAO KT,Min,-180.34642217532803,-0.42788585562159703,-1.0062420071216611,-0.26597447738189767,-0.2777954356528243,-0.24852918517517172
177,19.440605032719688,BAO KT,Min,-180.34642217532803,-0.42788585562159703,-1.0062420071216611,-0.26597447738189767,0.30953527551484883,-4.274178929338054
178,0.0,BAO KT,Max,-62.32322024365291,0.42448560236939153,-0.12034118132960134,1.0685232340624753,-0.9737043326578946,4.041220613817478
178,9.720302516359844,BAO KT,Max,-62.32322024365291,0.42448560236939153,-0.12034118132960134,1.0685232340624753,0.471072456375193,0.07118902740868584
178,19.440605032719688,BAO KT,Max,-62.32322024365291,0.42448560236939153,-0.12034118132960134,1.0685232340624753,9.26164076570176,3.689652360936212
178,0.0,BAO KT,Min,-195.8299619358871,-0.3760818638852738,-0.9043513094918106,-0.2547803056128529,-8.319495852951375,-3.621606614826444
178,9.720302516359844,BAO KT,Min,-195.8299619358871,-0.3760818638852738,-0.9043513094918106,-0.2547803056128529,-0.050744844681432,-0.21465083133839957
178,19.440605032719688,BAO KT,Min,-195.8299619358871,-0.3760818638852738,-0.9043513094918106,-0.2547803056128529,1.365801042741786,-4.211036323921964
179,0.0,BAO KT,Max,-62.91499806889741,0.4231995840112506,-0.09465159932156667,1.0543144424031163,-0.7916494665936485,3.9586348463551975
179,9.720302516359844,BAO KT,Max,-62.91499806889741,0.4231995840112506,-0.09465159932156667,1.0543144424031163,0.28359511743569826,0.052756170945229885
179,19.440605032719688,BAO KT,Max,-62.91499806889741,0.4231995840112506,-0.09465159932156667,1.0543144424031163,7.6050559896826115,3.8181585284865154
179,0.0,BAO KT,Min,-204.19524889463375,-0.4106139036077199,-0.7532132729330657,-0.2618345493228308,-7.037865754811215,-4.164424192494401
179,9.720302516359844,BAO KT,Min,-204.19524889463375,-0.4106139036077199,-0.7532132729330657,-0.2618345493228308,-0.10392512690475805,-0.2594857280114012
179,19.440605032719688,BAO KT,Min,-204.19524889463375,-0.4106139036077199,-0.7532132729330657,-0.2618345493228308,1.048434891532168,-4.2686211164187995
180,0.0,BAO KT,Max,-57.406387927061985,0.4310862301621565,-0.020212273181277263,1.0397061644011205,-0.41648563426882185,3.961498502460949
180,9.720302516359844,BAO KT,Max,-57.406387927061985,0.4310862301621565,-0.020212273181277263,1.0397061644011205,0.19998289152691026,0.026148007259156142
180,19.440605032719688,BAO KT,Max,-57.406387927061985,0.4310862301621565,-0.020212273181277263,1.0397061644011205,6.130255884546964,5.424303172576916
180,0.0,BAO KT,Min,-199.25679846022197,-0.579694663528467,-0.6100914023034831,-0.2722873583825139,-5.730290101493144,-5.845311820655345
180,9.720302516359844,BAO KT,Min,-199.25679846022197,-0.579694663528467,-0.6100914023034831,-0.2722873583825139,-0.2958684518516954,-0.3129788544897006
180,19.440605032719688,BAO KT,Min,-199.25679846022197,-0.579694663528467,-0.6100914023034831,-0.2722873583825139,-0.0993990419863734,-4.419078633165629
181,0.0,BAO KT,Max,-63.317101573790744,2.861068619514838,4.674066416042721,1.6747990380983422,25.221608579627414,17.338884830489175
181,6.047809194358984,BAO KT,Max,-63.317101573790744,2.861068619514838,4.674066416042721,1.6747990380983422,-0.9961526511884807,0.1272633619943118
181,12.095618388717968,BAO KT,Max,-63.317101573790744,2.861068619514838,4.674066416042721,1.6747990380983422,5.219701303690931,14.825083383525897
181,0.0,BAO KT,Min,-149.0464978655534,-2.4337451292061636,-1.1085505607298571,-0.45504343665267605,-8.188903243496743,-14.61266286431863
181,6.047809194358984,BAO KT,Min,-149.0464978655534,-2.4337451292061636,-1.1085505607298571,-0.45504343665267605,-3.888820597613713,-0.2246862892259786
181,12.095618388717968,BAO KT,Min,-149.0464978655534,-2.4337451292061636,-1.1085505607298571,-0.45504343665267605,-31.31411511234801,-17.308246308513127
182,0.0,BAO KT,Max,-43.95748916427715,0.3732191276222398,1.0963111093375173,1.004708208829183,11.379045151232157,4.065201267848343
182,10.45562174130532,BAO KT,Max,-43.95748916427715,0.3732191276222398,1.0963111093375173,1.004708208829183,0.4680349462359858,0.2814213085344407
182,20.91124348261064,BAO KT,Max,-43.95748916427715,0.3732191276222398,1.0963111093375173,1.004708208829183,0.7796763250169678,8.838966404899212
182,0.0,BAO KT,Min,-153.05863208056343,-0.8256579930089889,-0.029806106847747885,-0.25962076146964236,0.061382528651905854,-8.42656892027539
182,10.45562174130532,BAO KT,Min,-153.05863208056343,-0.8256579930089889,-0.029806106847747885,-0.25962076146964236,-0.44384495371875676,-0.0456539176772778
182,20.91124348261064,BAO KT,Min,-153.05863208056343,-0.8256579930089889,-0.029806106847747885,-0.25962076146964236,-11.546183388815642,-3.7392747822278483
183,0.0,BAO KT,Max,-47.11263664628284,0.3116339465264469,0.9808542800716998,0.9753797876845725,10.14517918827439,3.422468034446004
183,10.45562174130532,BAO KT,Max,-47.11263664628284,0.3116339465264469,0.9808542800716998,0.9753797876845725,0.259232684990631,0.2478005658356875
183,20.91124348261064,BAO KT,Max,-47.11263664628284,0.3116339465264469,0.9808542800716998,0.9753797876845725,0.16248565425222683,7.013143397194465
183,0.0,BAO KT,Min,-145.02794109065843,-0.6520681695938614,0.003371927537567678,-0.2543508157253926,0.23299685199602427,-6.622412864443017
183,10.45562174130532,BAO KT,Min,-145.02794109065843,-0.6520681695938614,0.003371927537567678,-0.2543508157253926,-0.142606826766558,-0.03784610822153057
183,20.91124348261064,BAO KT,Min,-145.02794109065843,-0.6520681695938614,0.003371927537567678,-0.2543508157253926,-10.365703483265694,-3.0941852988153906
184,0.0,BAO KT,Max,-51.75446407841197,0.2522038727829695,0.8867091447736617,0.9655463716122454,9.059307552976739,2.7959973247321024
184,10.45562174130532,BAO KT,Max,-51.75446407841197,0.2522038727829695,0.8867091447736617,0.9655463716122454,0.21708593060272935,0.24649846997364505
184,20.91124348261064,BAO KT,Max,-51.75446407841197,0.2522038727829695,0.8867091447736617,0.9655463716122454,0.06165352408325142,5.251376301347413
184,0.0,BAO KT,Min,-144.98406242338217,-0.49463367436866196,0.008570603148400302,-0.2611922098496987,0.24087549331227945,-5.092028898074023
184,10.45562174130532,BAO KT,Min,-144.98406242338217,-0.49463367436866196,0.008570603148400302,-0.2611922098496987,-0.3995502068270962,-0.03787832902582535
184,20.91124348261064,BAO KT,Min,-144.98406242338217,-0.49463367436866196,0.008570603148400302,-0.2611922098496987,-9.482883271642748,-2.477899266289932
185,0.0,BAO KT,Max,-61.51426670544214,0.19576425598120584,0.7991857880646529,0.9137631679763304,8.019725737297717,2.182026737237728
185,10.45562174130532,BAO KT,Max,-61.51426670544214,0.19576425598120584,0.7991857880646529,0.9137631679763304,-0.08269872494799174,0.19729614512195953
185,20.91124348261064,BAO KT,Max,-61.51426670544214,0.19576425598120584,0.7991857880646529,0.9137631679763304,-1.3084197548831216,5.222280869699752
185,0.0,BAO KT,Min,-158.15811194177817,-0.49003272063810843,0.1060477122944622,-0.2753672038756582,0.9091697776802196,-5.052972494095546
185,10.45562174130532,BAO KT,Min,-158.15811194177817,-0.49003272063810843,0.1060477122944622,-0.2753672038756582,-0.5303240519147534,-0.06406138503817313
185,20.91124348261064,BAO KT,Min,-158.15811194177817,-0.49003272063810843,0.1060477122944622,-0.2753672038756582,-8.692242864764305,-1.911647284777383
186,0.0,BAO KT,Max,-72.8289856592694,0.21210516768431997,0.6699742391403181,0.9200749712983463,6.69264382260262,2.3681841840084763
186,10.45562174130532,BAO KT,Max,-72.8289856592694,0.21210516768431997,0.6699742391403181,0.9200749712983463,-0.062400517419628335,0.22919883738244906
186,20.91124348261064,BAO KT,Max,-72.8289856592694,0.21210516768431997,0.6699742391403181,0.9200749712983463,-1.1480100667913913,5.3756101383908375
186,0.0,BAO KT,Min,-166.66915364518798,-0.49753405821464275,0.09392822330836949,-0.2732339085457426,0.8161458806989469,-5.055647784079631
186,10.45562174130532,BAO KT,Min,-166.66915364518798,-0.49753405821464275,0.09392822330836949,-0.2732339085457426,-0.44888561931904414,-0.054335911957574645
186,20.91124348261064,BAO KT,Min,-166.66915364518798,-0.49753405821464275,0.09392822330836949,-0.2732339085457426,-7.317350619137379,-2.0671986213582967
187,0.0,BAO KT,Max,-79.45560865343516,0.34562887266371556,0.5277912417017678,0.9538489245892393,5.27624193219162,3.8006104580585904
187,10.45562174130532,BAO KT,Max,-79.45560865343516,0.34562887266371556,0.5277912417017678,0.9538489245892393,0.21967588363539184,0.2788679940515382
187,20.91124348261064,BAO KT,Max,-79.45560865343516,0.34562887266371556,0.5277912417017678,0.9538489245892393,-0.06000584937651676,5.524425579004593
187,0.0,BAO KT,Min,-164.18305648225945,-0.5033254447783209,0.02674941193664414,-0.26638475729787886,0.3810014950195888,-5.02234882920217
187,10.45562174130532,BAO KT,Min,-164.18305648225945,-0.5033254447783209,0.02674941193664414,-0.26638475729787886,-0.3535500791483781,-0.02885596347640454
187,20.91124348261064,BAO KT,Min,-164.18305648225945,-0.5033254447783209,0.02674941193664414,-0.26638475729787886,-5.760529231023449,-3.426919052832594
188,0.0,BAO KT,Max,-77.1043398922512,0.4852243742567228,0.40371395451417497,0.9467623512784689,4.1045428482634385,5.280336351938288
188,10.45562174130532,BAO KT,Max,-77.1043398922512,0.4852243742567228,0.40371395451417497,0.9467623512784689,0.2089571544213984,0.31332836853767104
188,20.91124348261064,BAO KT,Max,-77.1043398922512,0.4852243742567228,0.40371395451417497,0.9467623512784689,-0.16033456215044956,5.34647528827581
188,0.0,BAO KT,Min,-163.82172645041834,-0.48443404813811053,0.03322513978105632,-0.264864397500277,0.4647731215323149,-4.810838256795426
188,10.45562174130532,BAO KT,Min,-163.82172645041834,-0.48443404813811053,0.03322513978105632,-0.264864397500277,-0.3796736445309101,-0.011267571337069321
188,20.91124348261064,BAO KT,Min,-163.82172645041834,-0.48443404813811053,0.03322513978105632,-0.264864397500277,-4.457099571796504,-4.866308681841433
195,0.0,BAO KT,Max,-75.73915806110219,0.46346448610296215,0.45950728015173203,1.0129121440636226,4.4429626018912165,4.637577856855614
195,10.068091176126236,BAO KT,Max,-75.73915806110219,0.46346448610296215,0.45950728015173203,1.0129121440636226,0.010031879425324658,0.09141579153706537
195,20.136182352252472,BAO KT,Max,-75.73915806110219,0.46346448610296215,0.45950728015173203,1.0129121440636226,5.506980793603002,0.04895634093701759
195,0.0,BAO KT,Min,-164.8158170747067,0.003944056703333318,-0.5692752478349414,-0.27317249483984724,-5.956049405425096,0.12837458592296103
195,10.068091176126236,BAO KT,Min,-164.8158170747067,0.003944056703333318,-0.5692752478349414,-0.27317249483984724,-0.33833945957701356,-0.19370663244554726
195,20.136182352252472,BAO KT,Min,-164.8158170747067,0.003944056703333318,-0.5692752478349414,-0.27317249483984724,-4.809759783431623,-4.694827549106614
196,0.0,BAO KT,Max,-30.069486921995022,1.916502633918982,1.8056353255376685,1.6677098337556455,11.35183065382524,13.3788001665757
196,6.202112104053914,BAO KT,Max,-30.069486921995022,1.916502633918982,1.8056353255376685,1.6677098337556455,0.4791380544409531,3.8312713842016146
196,12.404224208107829,BAO KT,Max,-30.069486921995022,1.916502633918982,1.8056353255376685,1.6677098337556455,12.014862949557477,34.55268358340291
196,0.0,BAO KT,Min,-166.82894210621816,-5.061469039042952,-1.9216740904140313,-0.4416511594064041,-11.986124274670011,-28.23091319928193
196,6.202112104053914,BAO KT,Min,-166.82894210621816,-5.061469039042952,-1.9216740904140313,-0.4416511594064041,-0.6277581093161501,1.1413438444870372
196,12.404224208107829,BAO KT,Min,-166.82894210621816,-5.061469039042952,-1.9216740904140313,-0.4416511594064041,-11.045674762223761,-10.393928199984547
197,0.0,BAO KT,Max,-51.80343749934303,0.41661285649587065,0.024388512339127626,1.0199844393944095,0.11510282622511166,3.8059289813421318
197,9.720302516359844,BAO KT,Max,-51.80343749934303,0.41661285649587065,0.024388512339127626,1.0199844393944095,0.28785842874849493,0.00806786052666933
197,19.440605032719688,BAO KT,Max,-51.80343749934303,0.41661285649587065,0.024388512339127626,1.0199844393944095,4.4940292153578785,7.004396715928163
197,0.0,BAO KT,Min,-192.28623353963832,-0.7458446810851236,-0.4859694803089315,-0.2901386443438848,-4.953511509284107,-7.495275144802503
197,9.720302516359844,BAO KT,Min,-192.28623353963832,-0.7458446810851236,-0.4859694803089315,-0.2901386443438848,-0.30695158698835295,-0.3617000234059068
197,19.440605032719688,BAO KT,Min,-192.28623353963832,-0.7458446810851236,-0.4859694803089315,-0.2901386443438848,-0.3590246094954791,-4.2932770133472165
198,0.0,BAO KT,Max,-70.08062322351674,0.5581171641116147,0.48194615772400523,0.9611340033094348,4.853609415276492,6.065755847062359
198,10.45562174130532,BAO KT,Max,-70.08062322351674,0.5581171641116147,0.48194615772400523,0.9611340033094348,0.14353595749812537,0.3394812198053572
198,20.91124348261064,BAO KT,Max,-70.08062322351674,0.5581171641116147,0.48194615772400523,0.9611340033094348,0.196027347949189,5.36707208295335
198,0.0,BAO KT,Min,-168.82036031748973,-0.48369673907522887,-0.012707095122773501,-0.26383018450311113,-0.06969381211982184,-4.768424261257641
198,10.45562174130532,BAO KT,Min,-168.82036031748973,-0.48369673907522887,-0.012707095122773501,-0.26383018450311113,-0.34074330487207194,-0.005693610409443328
198,20.91124348261064,BAO KT,Min,-168.82036031748973,-0.48369673907522887,-0.012707095122773501,-0.26383018450311113,-5.224484034398853,-5.605168063499779
