frame,station,load_case,step_type,P,V2,V3,T,M2,M3
1,0.0,BAO KT,Max,-94.47202085845171,0.1901931915899961,0.8936718313313287,0.6221136083785442,6.676383748964215,0.9309871054925395
1,7.688862103982574,BAO KT,Max,-94.47202085845171,0.1901931915899961,0.8936718313313287,0.6221136083785442,0.1115355901285688,-0.0734027952432061
1,15.377724207965148,BAO KT,Max,-94.47202085845171,0.1901931915899961,0.8936718313313287,0.6221136083785442,15.921189913176846,5.9902986353419045
1,0.0,BAO KT,Min,-209.43184183561493,-0.7989504890175245,-2.0561760777136846,-0.18185717929202713,-15.698118732919708,-6.295741640588476
1,7.688862103982574,BAO KT,Min,-209.43184183561493,-0.7989504890175245,-2.0561760777136846,-0.18185717929202713,-0.22151424656368185,-0.5778717778988041
1,15.377724207965148,BAO KT,Min,-209.43184183561493,-0.7989504890175245,-2.0561760777136846,-0.18185717929202713,-7.0662552056761045,-1.9937513410110967
2,0.0,BAO KT,Max,-85.35725345813306,0.20409227032608462,0.8456739291574293,0.6259832807437934,6.323865700759747,0.981725057313094
2,7.688862103982574,BAO KT,Max,-85.35725345813306,0.20409227032608462,0.8456739291574293,0.6259832807437934,0.12929977193036146,-0.18117738219116833
2,15.377724207965148,BAO KT,Max,-85.35725345813306,0.20409227032608462,0.8456739291574293,0.6259832807437934,14.310391974461933,4.87190796765151
2,0.0,BAO KT,Min,-187.57993685850786,-0.6621074574550827,-1.8471000064705085,-0.18223130722024092,-14.093802509572187,-5.30979790912977
2,7.688862103982574,BAO KT,Min,-187.57993685850786,-0.6621074574550827,-1.8471000064705085,-0.18223130722024092,-0.22000303566168147,-0.6121018068543489
2,15.377724207965148,BAO KT,Min,-187.57993685850786,-0.6621074574550827,-1.8471000064705085,-0.18223130722024092,-6.680674751689459,-2.1567495887389048
3,0.0,BAO KT,Max,-88.32280509724467,-0.08732277813421824,0.7668686319506985,0.6222750425914043,5.717834605135092,-0.44082828407838726
3,7.688862103982574,BAO KT,Max,-88.32280509724467,-0.08732277813421824,0.7668686319506985,0.6222750425914043,0.13626847765271283,0.6218104198331179
3,15.377724207965148,BAO KT,Max,-88.32280509724467,-0.08732277813421824,0.7668686319506985,0.6222750425914043,11.144301410806282,4.925110719126314
3,0.0,BAO KT,Min,-193.9068444217442,-0.6112463740238532,-1.4355388149692407,-0.1765037701549219,-10.931018575619811,-4.474467443731212
3,7.688862103982574,BAO KT,Min,-193.9068444217442,-0.6112463740238532,-1.4355388149692407,-0.1765037701549219,-0.23175321561020126,0.22532163769755081
3,15.377724207965148,BAO KT,Min,-193.9068444217442,-0.6112463740238532,-1.4355388149692407,-0.1765037701549219,-6.07485972074228,0.9019973151429506
4,0.0,BAO KT,Max,-101.37985750460808,0.07196581703063254,0.7316860981562675,0.6221056100634011,5.44048016853489,0.6573504611498042
4,7.688862103982574,BAO KT,Max,-101.37985750460808,0.07196581703063254,0.7316860981562675,0.6221056100634011,0.1417312002162497,0.23600032964369905
4,15.377724207965148,BAO KT,Max,-101.37985750460808,0.07196581703063254,0.7316860981562675,0.6221056100634011,9.595544515576762,3.5840350394509914
4,0.0,BAO KT,Min,-221.5896528828113,-0.4529218199264914,-1.233016386303902,-0.17476137573190864,-9.36544141690646,-3.3808717951482468
4,7.688862103982574,BAO KT,Min,-221.5896528828113,-0.4529218199264914,-1.233016386303902,-0.17476137573190864,-0.2365110247165654,0.09571307215700224
4,15.377724207965148,BAO KT,Min,-221.5896528828113,-0.4529218199264914,-1.233016386303902,-0.17476137573190864,-5.81118685571431,-0.44932002554814465
5,0.0,BAO KT,Max,-105.21171623471916,0.2816342913877636,0.6957319167901925,0.6189521224699389,5.159547464180148,1.9755910003291883
5,7.688862103982574,BAO KT,Max,-105.21171623471916,0.2816342913877636,0.6957319167901925,0.6189521224699389,0.1408211363613475,0.036168681157320345
5,15.377724207965148,BAO KT,Max,-105.21171623471916,0.2816342913877636,0.6957319167901925,0.6189521224699389,8.032817529282246,2.3874251604618584
5,0.0,BAO KT,Min,-229.62382436505737,-0.30866939646579594,-1.0294122999908906,-0.1742666035615842,-7.797200916264751,-2.359207689828204
5,7.688862103982574,BAO KT,Min,-229.62382436505737,-0.30866939646579594,-1.0294122999908906,-0.1742666035615842,-0.23731437505116001,-0.19171471769313464
5,15.377724207965148,BAO KT,Min,-229.62382436505737,-0.30866939646579594,-1.0294122999908906,-0.1742666035615842,-5.539226074898389,-2.3553034601375336
6,0.0,BAO KT,Max,-105.1114211457915,0.3344988775645497,0.658613718292073,0.6153532242653555,4.871773020021602,2.566373310861841
6,7.688862103982574,BAO KT,Max,-105.1114211457915,0.3344988775645497,0.658613718292073,0.6153532242653555,0.13706448994404652,0.2262234484780442
6,15.377724207965148,BAO KT,Max,-105.1114211457915,0.3344988775645497,0.658613718292073,0.6153532242653555,6.4842705443859945,1.571047125687423
6,0.0,BAO KT,Min,-229.5692347663189,-0.189330570251518,-0.827703482758387,-0.17332910722255615,-6.243925339444717,-1.464296850467443
6,7.688862103982574,BAO KT,Min,-229.5692347663189,-0.189330570251518,-0.827703482758387,-0.17332910722255615,-0.2362515614740343,-0.0339269856512661
6,15.377724207965148,BAO KT,Min,-229.5692347663189,-0.189330570251518,-0.827703482758387,-0.17332910722255615,-5.256207099456347,-2.5774581761997046
7,0.0,BAO KT,Max,-104.6053570797993,0.4463834974609502,0.627392905792073,0.6122546862904233,4.6159253945265775,3.406854832033923
7,7.688862103982574,BAO KT,Max,-104.6053570797993,0.4463834974609502,0.627392905792073,0.6122546862904233,0.12750271813104738,-0.0003581645179792025
7,15.377724207965148,BAO KT,Max,-104.6053570797993,0.4463834974609502,0.627392905792073,0.6122546862904233,4.933093580295872,0.7102634918775718
7,0.0,BAO KT,Min,-228.70421483451082,-0.09300454684175957,-0.626178150949155,-0.17133178801427598,-4.696101330053803,-0.7199347795417829
7,7.688862103982574,BAO KT,Min,-228.70421483451082,-0.09300454684175957,-0.626178150949155,-0.17133178801427598,-0.2382743351985421,-0.02845000893073692
7,15.377724207965148,BAO KT,Min,-228.70421483451082,-0.09300454684175957,-0.626178150949155,-0.17133178801427598,-5.031949680777782,-3.4575074829074794
8,0.0,BAO KT,Max,-104.73982085009021,0.621154171724529,0.5945256957856069,0.6094686797008628,4.353180512278215,4.562639765861999
8,7.688862103982574,BAO KT,Max,-104.73982085009021,0.621154171724529,0.5945256957856069,0.6094686797008628,0.12111708795087683,0.10785804795396918
8,15.377724207965148,BAO KT,Max,-104.73982085009021,0.621154171724529,0.5945256957856069,0.6094686797008628,3.398261757948047,1.0740531454887667
8,0.0,BAO KT,Min,-229.04521911063975,-0.12637402135141365,-0.42659236678466567,-0.16967098179243673,-3.1617580076896536,-0.8692917019047715
8,7.688862103982574,BAO KT,Min,-229.04521911063975,-0.12637402135141365,-0.42659236678466567,-0.16967098179243673,-0.2401509118901653,-0.21880633200338828
8,15.377724207965148,BAO KT,Min,-229.04521911063975,-0.12637402135141365,-0.42659236678466567,-0.16967098179243673,-4.789271672061435,-4.989297777544832
9,0.0,BAO KT,Max,-104.70197332614734,0.7025681240675142,0.5538705904388953,0.6072171847847597,4.050364870505255,5.2831940274455444
9,7.688862103982574,BAO KT,Max,-104.70197332614734,0.7025681240675142,0.5538705904388953,0.6072171847847597,0.12498750908370156,0.20061778762575083
9,15.377724207965148,BAO KT,Max,-104.70197332614734,0.7025681240675142,0.5538705904388953,0.6072171847847597,1.899174595863407,1.4951931563366139
9,0.0,BAO KT,Min,-228.87605718355036,-0.16916723390501587,-0.23080318997053323,-0.1684729741486773,-1.6500532058220405,-1.1062139116790508
9,7.688862103982574,BAO KT,Min,-228.87605718355036,-0.16916723390501587,-0.23080318997053323,-0.1684729741486773,-0.2344956355208565,-0.12488356246026262
9,15.377724207965148,BAO KT,Min,-228.87605718355036,-0.16916723390501587,-0.23080318997053323,-0.1684729741486773,-4.466904316166895,-5.5207048217721315
10,0.0,BAO KT,Max,-100.9682765261515,0.8473695348625188,0.5166365457197426,0.6057871749666255,3.823724097142632,6.3091071708809165
10,7.688862103982574,BAO KT,Max,-100.9682765261515,0.8473695348625188,0.5166365457197426,0.6057871749666255,0.13115268961132337,-0.09758487546458801
10,15.377724207965148,BAO KT,Max,-100.9682765261515,0.8473695348625188,0.5166365457197426,0.6057871749666255,0.406908425220582,0.22956587799134248
10,0.0,BAO KT,Min,-220.89730473586235,-0.04416366754959508,-0.03586431020351197,-0.16748869332419708,-0.14460304599793528,-0.44957082159859074
10,7.688862103982574,BAO KT,Min,-220.89730473586235,-0.04416366754959508,-0.03586431020351197,-0.16748869332419708,-0.22175250154381354,-0.21850180172470718
10,15.377724207965148,BAO KT,Min,-220.89730473586235,-0.04416366754959508,-0.03586431020351197,-0.16748869332419708,-4.155370192577456,-6.721507838466606
11,0.0,BAO KT,Max,-87.90625304625,1.1015843173572046,0.5314719767728237,0.6049984392031583,3.9463345684722055,7.866195303982428
11,7.688862103982574,BAO KT,Max,-87.90625304625,1.1015843173572046,0.5314719767728237,0.6049984392031583,0.12934139376568038,-0.22383819416838815
11,15.377724207965148,BAO KT,Max,-87.90625304625,1.1015843173572046,0.5314719767728237,0.6049984392031583,-0.3960608963337948,-0.30279507321323684
11,0.0,BAO KT,Min,-193.1902165421683,0.009111257166836195,0.06833290583106365,-0.16675377564009708,0.6547436838651555,-0.1626846733137839
11,7.688862103982574,BAO KT,Min,-193.1902165421683,0.009111257166836195,0.06833290583106365,-0.16675377564009708,-0.21146009485733808,-0.6126362871820189
11,15.377724207965148,BAO KT,Min,-193.1902165421683,0.009111257166836195,0.06833290583106365,-0.16675377564009708,-4.226494914602335,-9.073664520156221
12,0.0,BAO KT,Max,-85.37490685105962,1.0273089849795014,0.740950364236465,0.6057329821651645,5.496367521901804,8.098962142589588
12,7.688862103982574,BAO KT,Max,-85.37490685105962,1.0273089849795014,0.740950364236465,0.6057329821651645,0.1292061500836933,0.37724983822731134
12,15.377724207965148,BAO KT,Max,-85.37490685105962,1.0273089849795014,0.740950364236465,0.6057329821651645,0.3370586098126272,2.1080896492763364
12,0.0,BAO KT,Min,-185.6748461938309,-0.22712312762832243,-0.027032928529342887,-0.1670395630635145,-0.07864630964524072,-1.3845471686424755
12,7.688862103982574,BAO KT,Min,-185.6748461938309,-0.22712312762832243,-0.027032928529342887,-0.1670395630635145,-0.2035948300364162,0.18464642098951622
12,15.377724207965148,BAO KT,Min,-185.6748461938309,-0.22712312762832243,-0.027032928529342887,-0.1670395630635145,-5.897762831117877,-7.698712104789795
13,0.0,BAO KT,Max,-95.17983456256545,1.3012405118786554,0.9434559698213523,0.6063773068716022,7.048929178594075,9.747010607395413
13,7.688862103982574,BAO KT,Max,-95.17983456256545,1.3012405118786554,0.9434559698213523,0.6063773068716022,0.11391782988777768,0.4275286039626202
13,15.377724207965148,BAO KT,Max,-95.17983456256545,1.3012405118786554,0.9434559698213523,0.6063773068716022,0.6444209225213117,2.196381338089236
13,0.0,BAO KT,Min,-203.37236203028021,-0.23509281250717223,-0.06903454937803014,-0.16767762237973227,-0.4757973076623787,-1.4188110959209186
13,7.688862103982574,BAO KT,Min,-203.37236203028021,-0.23509281250717223,-0.06903454937803014,-0.16767762237973227,-0.20796342794191736,-0.3019292609167546
13,15.377724207965148,BAO KT,Min,-203.37236203028021,-0.23509281250717223,-0.06903454937803014,-0.16767762237973227,-7.459276527676971,-10.263107112505947
14,0.0,BAO KT,Max,-72.19845611559575,0.7859933209625274,1.5582022410510552,0.6353925449668875,11.99348274994514,6.168597064963734
14,7.810731000775932,BAO KT,Max,-72.19845611559575,0.7859933209625274,1.5582022410510552,0.6353925449668875,0.24449696656529774,0.3202979793880468
14,15.621462001551864,BAO KT,Max,-72.19845611559575,0.7859933209625274,1.5582022410510552,0.6353925449668875,6.40089301354829,1.5544318945037316
14,0.0,BAO KT,Min,-174.715488728764,-0.15952802865997903,-0.7900762913097565,-0.1581884511382444,-5.941253749474091,-0.9376291433906072
14,7.810731000775932,BAO KT,Min,-174.715488728764,-0.15952802865997903,-0.7900762913097565,-0.1581884511382444,-0.17721579971086707,-0.04654990655339093
14,15.621462001551864,BAO KT,Min,-174.715488728764,-0.15952802865997903,-0.7900762913097565,-0.1581884511382444,-12.347914349366874,-6.109767731925944
15,0.0,BAO KT,Max,-27.905788767048236,0.04167628505830062,0.8400156154075515,0.6328564677809478,6.227238448692337,0.021955819425641843
15,7.569340238740926,BAO KT,Max,-27.905788767048236,0.04167628505830062,0.8400156154075515,0.6328564677809478,0.15954422328682874,0.056223615285168276
15,15.138680477481852,BAO KT,Max,-27.905788767048236,0.04167628505830062,0.8400156154075515,0.6328564677809478,12.191937278247801,7.3078416595660975
15,0.0,BAO KT,Min,-158.0221656376114,-0.9695382579468268,-1.615670018614582,-0.1897427603819088,-12.267174890605512,-7.369688238185295
15,7.569340238740926,BAO KT,Min,-158.0221656376114,-0.9695382579468268,-1.615670018614582,-0.1897427603819088,-0.3543606159841267,-0.3286800979856165
15,15.138680477481852,BAO KT,Min,-158.0221656376114,-0.9695382579468268,-1.615670018614582,-0.1897427603819088,-6.4894895490578675,-0.6292510143472895
16,0.0,BAO KT,Max,-23.885067204509518,0.23048708593607722,-0.1396639269400396,0.6274937167982694,-1.1843782579480233,1.4782598617434888
16,7.569340238740927,BAO KT,Max,-23.885067204509518,0.23048708593607722,-0.1396639269400396,0.6274937167982694,0.2010808156916406,0.060634267257872555
16,15.138680477481854,BAO KT,Max,-23.885067204509518,0.23048708593607722,-0.1396639269400396,0.6274937167982694,4.89017975648891,8.158894793604027
16,0.0,BAO KT,Min,-167.33266787088644,-1.078777949574307,-0.6251828093030866,-0.16922711573560706,-4.574263033564988,-8.183666913377943
16,7.569340238740927,BAO KT,Min,-167.33266787088644,-1.078777949574307,-0.6251828093030866,-0.16922711573560706,-0.24554751517341353,-0.30012441273318075
16,15.138680477481854,BAO KT,Min,-167.33266787088644,-1.078777949574307,-0.6251828093030866,-0.16922711573560706,0.9299493062276063,-2.011010486428686
17,0.0,BAO KT,Max,-65.76546299131815,0.8721847115071977,0.5672367814676168,0.5832277374489105,4.2424357425680705,6.841078462462525
17,7.810731000775934,BAO KT,Max,-65.76546299131815,0.8721847115071977,0.5672367814676168,0.5832277374489105,0.12108086298901363,0.2919835834013295
17,15.621462001551867,BAO KT,Max,-65.76546299131815,0.8721847115071977,0.5672367814676168,0.5832277374489105,-1.1507846509038009,2.610135571929736
17,0.0,BAO KT,Min,-202.32783684593142,-0.3005882517364036,0.15378587229120558,-0.1748188292233202,1.2515755094687753,-2.0854923806833994
17,7.810731000775934,BAO KT,Min,-202.32783684593142,-0.3005882517364036,0.15378587229120558,-0.1748188292233202,-0.3494630367493051,-0.049857071366303775
17,15.621462001551867,BAO KT,Min,-202.32783684593142,-0.3005882517364036,0.15378587229120558,-0.1748188292233202,-4.694095535789584,-6.783721866681642
18,0.0,BAO KT,Max,-81.41488806957521,0.2624223851806084,0.4831790759446928,0.5457640635126387,4.205264806705855,1.818180028799039
18,8.693862103982573,BAO KT,Max,-81.41488806957521,0.2624223851806084,0.4831790759446928,0.5457640635126387,0.42818555688890814,-0.024383028567748155
18,17.387724207965146,BAO KT,Max,-81.41488806957521,0.2624223851806084,0.4831790759446928,0.5457640635126387,13.528467670259595,3.2777926332273593
18,0.0,BAO KT,Min,-180.3482252738238,-0.39196054500363386,-1.5192529564194808,-0.15654473273773517,-12.887883738098028,-3.537509223699538
18,8.693862103982573,BAO KT,Min,-180.3482252738238,-0.39196054500363386,-1.5192529564194808,-0.15654473273773517,-0.35829436152845906,-0.4632840009593706
18,17.387724207965146,BAO KT,Min,-180.3482252738238,-0.39196054500363386,-1.5192529564194808,-0.15654473273773517,-4.196119708879911,-2.7447480307177803
19,0.0,BAO KT,Max,-76.43769682496102,0.2613507542561072,0.48937416760550034,0.5491440563350323,4.159815330843082,1.7979524765462722
19,8.693862103982573,BAO KT,Max,-76.43769682496102,0.2613507542561072,0.48937416760550034,0.5491440563350323,0.32946273794656905,-0.11479212715421729
19,17.387724207965146,BAO KT,Max,-76.43769682496102,0.2613507542561072,0.48937416760550034,0.5491440563350323,12.141512903291932,2.41433470514546
19,0.0,BAO KT,Min,-165.5513197012743,-0.2981828401376718,-1.3642601046299956,-0.15723662633145896,-11.579865543944104,-2.770386282716137
19,8.693862103982573,BAO KT,Min,-165.5513197012743,-0.2981828401376718,-1.3642601046299956,-0.15723662633145896,-0.4195205893038266,-0.47419494172816024
19,17.387724207965146,BAO KT,Min,-165.5513197012743,-0.2981828401376718,-1.3642601046299956,-0.15723662633145896,-4.349287729983868,-2.7463423600025925
20,0.0,BAO KT,Max,-79.2038151547641,0.04783293272749835,0.4195656538339213,0.5480348881309296,3.5985755373118122,0.5747672218428455
20,8.693862103982573,BAO KT,Max,-79.2038151547641,0.04783293272749835,0.4195656538339213,0.5480348881309296,0.33351162352420927,0.45603280282148034
20,17.387724207965146,BAO KT,Max,-79.2038151547641,0.04783293272749835,0.4195656538339213,0.5480348881309296,9.870963062143144,2.8423481768600727
20,0.0,BAO KT,Min,-169.7661670572091,-0.2744827725005489,-1.0976307409049566,-0.15480916070958622,-9.214337542896692,-2.0955110608525196
20,8.693862103982573,BAO KT,Min,-169.7661670572091,-0.2744827725005489,-1.0976307409049566,-0.15480916070958622,-0.37383298007601506,0.15891430068089976
20,17.387724207965146,BAO KT,Min,-169.7661670572091,-0.2744827725005489,-1.0976307409049566,-0.15480916070958622,-3.696716338686985,-0.256938620481046
21,0.0,BAO KT,Max,-87.9205852389942,0.08181471447684374,0.38423598420681315,0.5474943863037067,3.317589959573757,0.7770925486929016
21,8.693862103982573,BAO KT,Max,-87.9205852389942,0.08181471447684374,0.38423598420681315,0.5474943863037067,0.44599897122088933,0.2058508406213608
21,17.387724207965146,BAO KT,Max,-87.9205852389942,0.08181471447684374,0.38423598420681315,0.5474943863037067,9.090305535510133,1.416249033781833
21,0.0,BAO KT,Min,-192.01874891961216,-0.15416048128325438,-0.9948796217334684,-0.15371786681755495,-8.208386947316102,-1.2642508985385672
21,8.693862103982573,BAO KT,Min,-192.01874891961216,-0.15416048128325438,-0.9948796217334684,-0.15371786681755495,-0.4110920778463109,0.06330556699825009
21,17.387724207965146,BAO KT,Min,-192.01874891961216,-0.15416048128325438,-0.9948796217334684,-0.15371786681755495,-3.7261161180929285,-0.645479142783871
22,0.0,BAO KT,Max,-90.62162349052173,0.15579828495671882,0.3981095012507343,0.5457032118009096,3.0818417094392547,1.2029832588068041
22,8.693862103982573,BAO KT,Max,-90.62162349052173,0.15579828495671882,0.3981095012507343,0.5457032118009096,0.47061638116134547,0.031222781877082603
22,17.387724207965146,BAO KT,Max,-90.62162349052173,0.15579828495671882,0.3981095012507343,0.5457032118009096,7.9625984766216655,0.5026740881123836
22,0.0,BAO KT,Min,-199.65047297768055,-0.05624536472187369,-0.8624130414471247,-0.15305685382154238,-7.032801641413353,-0.4753048016479683
22,8.693862103982573,BAO KT,Min,-199.65047297768055,-0.05624536472187369,-0.8624130414471247,-0.15305685382154238,-0.4217680275152113,-0.15194087461555314
22,17.387724207965146,BAO KT,Min,-199.65047297768055,-0.05624536472187369,-0.8624130414471247,-0.15305685382154238,-3.8828771336743735,-1.505994352094588
23,0.0,BAO KT,Max,-90.72416031296957,0.18739508043570058,0.40765957417529997,0.5434337099184028,3.1329360132671304,1.6245923278541636
23,8.693862103982573,BAO KT,Max,-90.72416031296957,0.18739508043570058,0.40765957417529997,0.5434337099184028,0.4667455739149743,0.19369172731451298
23,17.387724207965146,BAO KT,Max,-90.72416031296957,0.18739508043570058,0.40765957417529997,0.5434337099184028,6.740577259726941,0.7174273260155102
23,0.0,BAO KT,Min,-198.4428842310099,-0.06034307017136335,-0.7220895290975518,-0.15222032573349578,-5.814916325680711,-0.34508073363724384
23,8.693862103982573,BAO KT,Min,-198.4428842310099,-0.06034307017136335,-0.7220895290975518,-0.15222032573349578,-0.4112001099811828,-0.0532498151337445
23,17.387724207965146,BAO KT,Min,-198.4428842310099,-0.06034307017136335,-0.7220895290975518,-0.15222032573349578,-3.955336233229496,-1.6611088800390164
24,0.0,BAO KT,Max,-90.48589971010196,0.26815515750506397,0.3944513650813489,0.5413669864587871,3.0953665997005517,2.3148644245203562
24,8.693862103982573,BAO KT,Max,-90.48589971010196,0.26815515750506397,0.3944513650813489,0.5413669864587871,0.46398480169428274,0.003355805389973131
24,17.387724207965146,BAO KT,Max,-90.48589971010196,0.26815515750506397,0.3944513650813489,0.5413669864587871,5.540099461016098,0.0012749232261024604
24,0.0,BAO KT,Min,-193.74219793148444,0.00011434232269599484,-0.5838733808529695,-0.15092385590276608,-4.612129857627533,0.003263075998438572
24,8.693862103982573,BAO KT,Min,-193.74219793148444,0.00011434232269599484,-0.5838733808529695,-0.15092385590276608,-0.33393917504438225,-0.06402582618132245
24,17.387724207965146,BAO KT,Min,-193.74219793148444,0.00011434232269599484,-0.5838733808529695,-0.15092385590276608,-3.7632449497893163,-2.347743499121151
25,0.0,BAO KT,Max,-90.17877032032078,0.3937795294667884,0.392053738189113,0.5391457493765953,3.119888998093656,3.249183192372004
25,8.693862103982573,BAO KT,Max,-90.17877032032078,0.3937795294667884,0.392053738189113,0.5391457493765953,0.4720417242514756,0.09208165812493671
25,17.387724207965146,BAO KT,Max,-90.17877032032078,0.3937795294667884,0.392053738189113,0.5391457493765953,4.373822487435247,0.3034981368459252
25,0.0,BAO KT,Min,-194.24166947056335,-0.024633829225186674,-0.4487971762740985,-0.14988991094453846,-3.429739038932296,-0.12482809190773242
25,8.693862103982573,BAO KT,Min,-194.24166947056335,-0.024633829225186674,-0.4487971762740985,-0.14988991094453846,-0.28857213907337864,-0.17897716000410174
25,17.387724207965146,BAO KT,Min,-194.24166947056335,-0.024633829225186674,-0.4487971762740985,-0.14988991094453846,-3.697033276240413,-3.5977466647387972
26,0.0,BAO KT,Max,-90.18131974616787,0.45188362203840077,0.435578962388919,0.5372719388667037,3.4075613857793154,3.823334992406284
26,8.693862103982573,BAO KT,Max,-90.18131974616787,0.45188362203840077,0.435578962388919,0.5372719388667037,0.4726591733069351,0.15926413841216322
26,17.387724207965146,BAO KT,Max,-90.18131974616787,0.45188362203840077,0.435578962388919,0.5372719388667037,3.186515487894706,0.6044574707449858
26,0.0,BAO KT,Min,-196.417888445147,-0.05175708792443455,-0.3121577363579967,-0.1490996221913022,-2.2411971412808356,-0.29548049989248537
26,8.693862103982573,BAO KT,Min,-196.417888445147,-0.05175708792443455,-0.3121577363579967,-0.1490996221913022,-0.3793020486257583,-0.1100545576296657
26,17.387724207965146,BAO KT,Min,-196.417888445147,-0.05175708792443455,-0.3121577363579967,-0.1490996221913022,-4.166165483030832,-4.033892801693789
27,0.0,BAO KT,Max,-87.71377001498013,0.545377414850681,0.4703366955963504,0.5363116309652951,3.6445496324581637,4.586779947845683
27,8.693862103982573,BAO KT,Max,-87.71377001498013,0.545377414850681,0.4703366955963504,0.5363116309652951,0.4464618258220642,-0.06169277209340008
27,17.387724207965146,BAO KT,Max,-87.71377001498013,0.545377414850681,0.4703366955963504,0.5363116309652951,1.8970229390350253,-0.2851970437776124
27,0.0,BAO KT,Min,-194.39801799855545,0.02570828350058913,-0.16684887520225025,-0.14826515297193496,-1.004099287390897,0.1618114995908122
27,8.693862103982573,BAO KT,Min,-194.39801799855545,0.02570828350058913,-0.16684887520225025,-0.14826515297193496,-0.44449274149933393,-0.15704372892696586
27,17.387724207965146,BAO KT,Min,-194.39801799855545,0.02570828350058913,-0.16684887520225025,-0.14826515297193496,-4.533535115456831,-4.896092130830954
28,0.0,BAO KT,Max,-78.89528623252097,0.7165311517696136,0.499811375125598,0.5358193901104564,3.8513185460527746,5.78331323453698
28,8.693862103982573,BAO KT,Max,-78.89528623252097,0.7165311517696136,0.499811375125598,0.5358193901104564,0.33483107122483713,-0.16060332203177277
28,17.387724207965146,BAO KT,Max,-78.89528623252097,0.7165311517696136,0.499811375125598,0.5358193901104564,1.6044186413555803,-0.9868502513586256
28,0.0,BAO KT,Min,-175.63900657539986,0.08607244329235064,-0.14661718384551722,-0.14758554356281745,-0.9449205154987956,0.509753654514487
28,8.693862103982573,BAO KT,Min,-175.63900657539986,0.08607244329235064,-0.14661718384551722,-0.14758554356281745,-0.4939726272910795,-0.44769612157551836
28,17.387724207965146,BAO KT,Min,-175.63900657539986,0.08607244329235064,-0.14661718384551722,-0.14758554356281745,-4.839263800634933,-6.675532818848679
29,0.0,BAO KT,Max,-77.05959142646822,0.675474027270901,0.4673602873084153,0.5364736935652612,3.926225761638431,6.005066488200722
29,8.693862103982573,BAO KT,Max,-77.05959142646822,0.675474027270901,0.4673602873084153,0.5364736935652612,0.31884840866408815,0.2439043865646027
29,17.387724207965146,BAO KT,Max,-77.05959142646822,0.675474027270901,0.4673602873084153,0.5364736935652612,2.1510358706203876,0.8685644166910852
29,0.0,BAO KT,Min,-163.05568138796988,-0.07372787726282365,-0.21074494166602808,-0.14790962815496184,-1.5133390532922113,-0.4219673170493101
29,8.693862103982573,BAO KT,Min,-163.05568138796988,-0.07372787726282365,-0.21074494166602808,-0.14790962815496184,-0.3193272225884989,0.12617208850356973
29,17.387724207965146,BAO KT,Min,-163.05568138796988,-0.07372787726282365,-0.21074494166602808,-0.14790962815496184,-4.368217633567271,-5.739889607629232
30,0.0,BAO KT,Max,-83.44957271577107,0.8819765389610073,0.5736715644078748,0.5371662991486773,4.94204243164978,7.41382351280522
30,8.693862103982573,BAO KT,Max,-83.44957271577107,0.8819765389610073,0.5736715644078748,0.5371662991486773,0.40837575491607403,0.32242714610799844
30,17.387724207965146,BAO KT,Max,-83.44957271577107,0.8819765389610073,0.5736715644078748,0.5371662991486773,2.803010588364903,1.135380384491888
30,0.0,BAO KT,Min,-173.07975585952303,-0.09617796740561964,-0.27543970732545553,-0.14872008413037946,-1.986259078532755,-0.5369355876396874
30,8.693862103982573,BAO KT,Min,-173.07975585952303,-0.09617796740561964,-0.27543970732545553,-0.14872008413037946,-0.31124184508862335,-0.2771636435514874
30,17.387724207965146,BAO KT,Min,-173.07975585952303,-0.09617796740561964,-0.27543970732545553,-0.14872008413037946,-5.032800516226262,-7.9217413045443985
31,0.0,BAO KT,Max,-71.6092500601412,0.4103443815737864,1.1668809193714542,0.5621198131408423,10.040836952944652,3.6464150398711617
31,8.825359258513435,BAO KT,Max,-71.6092500601412,0.4103443815737864,1.1668809193714542,0.5621198131408423,0.40446748965170165,0.25343035944116404
31,17.65071851702687,BAO KT,Max,-71.6092500601412,0.4103443815737864,1.1668809193714542,0.5621198131408423,4.466701565813725,1.350550055613133
31,0.0,BAO KT,Min,-152.22555751818518,-0.12614222926783644,-0.4837280291986153,-0.1523146365487888,-4.071445716367188,-0.8759509263037166
31,8.825359258513435,BAO KT,Min,-152.22555751818518,-0.12614222926783644,-0.4837280291986153,-0.1523146365487888,-0.25730637241288074,-0.06382783550449223
31,17.65071851702687,BAO KT,Min,-152.22555751818518,-0.12614222926783644,-0.4837280291986153,-0.1523146365487888,-10.555449697770413,-3.5964581343312094
32,0.0,BAO KT,Max,-39.086469581332786,0.040286076053968826,0.5095391605505323,0.5618571168770616,4.2443951292141975,0.21656203029824841
32,8.564886864251646,BAO KT,Max,-39.086469581332786,0.040286076053968826,0.5095391605505323,0.5618571168770616,0.20654006799727384,0.06655318821054548
32,17.12977372850329,BAO KT,Max,-39.086469581332786,0.040286076053968826,0.5095391605505323,0.5618571168770616,10.244921253920317,4.491019595094826
32,0.0,BAO KT,Min,-147.3061433181697,-0.5270056062401502,-1.1912697727969264,-0.16226394902788083,-10.161260403696556,-4.5364671934516485
32,8.564886864251646,BAO KT,Min,-147.3061433181697,-0.5270056062401502,-1.1912697727969264,-0.16226394902788083,-0.3893419945016949,-0.2641552092106629
32,17.12977372850329,BAO KT,Min,-147.3061433181697,-0.5270056062401502,-1.1912697727969264,-0.16226394902788083,-4.48389539682793,-0.5940726857427159
33,0.0,BAO KT,Max,-28.4695662203508,0.050581324285435075,0.000967418397454442,0.5548948196038079,-0.15205543871804178,0.2255729422033572
33,8.564886864251646,BAO KT,Max,-28.4695662203508,0.050581324285435075,0.000967418397454442,0.5548948196038079,0.46054656988626563,0.0694349662194447
33,17.12977372850329,BAO KT,Max,-28.4695662203508,0.050581324285435075,0.000967418397454442,0.5548948196038079,4.865355415820357,6.402365418066529
33,0.0,BAO KT,Min,-150.37040947707635,-0.7420474983966041,-0.5142868686706185,-0.161113349399792,-3.9442622760478256,-6.308740325269208
33,8.564886864251646,BAO KT,Min,-150.37040947707635,-0.7420474983966041,-0.5142868686706185,-0.161113349399792,-0.29030868468032384,-0.22616927728520483
33,17.12977372850329,BAO KT,Min,-150.37040947707635,-0.7420474983966041,-0.5142868686706185,-0.161113349399792,-0.16862709696722744,-0.6408736976941941
34,0.0,BAO KT,Max,-71.56015027494887,0.5815587110125622,0.5055191387864945,0.5281136766670345,3.9240467370523993,5.144425880508541
34,8.825359258513437,BAO KT,Max,-71.56015027494887,0.5815587110125622,0.5055191387864945,0.5281136766670345,0.20468766327287657,0.2124103699785432
34,17.650718517026874,BAO KT,Max,-71.56015027494887,0.5815587110125622,0.5055191387864945,0.5281136766670345,0.4945728515143416,1.3548482557001704
34,0.0,BAO KT,Min,-180.61758578743382,-0.13124577016001418,-0.032846842802668405,-0.16133266280261863,-0.08519752496858851,-0.961733889944645
34,8.825359258513437,BAO KT,Min,-180.61758578743382,-0.13124577016001418,-0.032846842802668405,-0.16133266280261863,-0.5373412747927289,-0.07132965413302617
34,17.650718517026874,BAO KT,Min,-180.61758578743382,-0.13124577016001418,-0.032846842802668405,-0.16133266280261863,-4.998729286637857,-5.15217341154177
35,0.0,BAO KT,Max,-89.96981540818385,0.140496021627004,1.6406504724662576,0.7300603153616627,10.472245704805639,0.49375177737325127
35,6.683862103982573,BAO KT,Max,-89.96981540818385,0.140496021627004,1.6406504724662576,0.7300603153616627,0.1458576849449052,0.039353541768050976
35,13.367724207965146,BAO KT,Max,-89.96981540818385,0.140496021627004,1.6406504724662576,0.7300603153616627,18.994834747110005,10.117893235216725
35,0.0,BAO KT,Min,-209.39095574248495,-1.5483534772573513,-2.8824614436404397,-0.22067241615346062,-19.537114871568463,-10.58006902520338
35,6.683862103982573,BAO KT,Min,-209.39095574248495,-1.5483534772573513,-2.8824614436404397,-0.22067241615346062,-0.9857114011408269,-0.5998952920249184
35,13.367724207965146,BAO KT,Min,-209.39095574248495,-1.5483534772573513,-2.8824614436404397,-0.22067241615346062,-11.672953651931628,-1.3843602920528448
36,0.0,BAO KT,Max,-87.24251993225732,0.15409338216897098,1.4724575042935106,0.7328150029784337,9.577486306100054,0.5252302754573038
36,6.683862103982573,BAO KT,Max,-87.24251993225732,0.15409338216897098,1.4724575042935106,0.7328150029784337,0.2637977824571158,-0.11429035638874593
36,13.367724207965146,BAO KT,Max,-87.24251993225732,0.15409338216897098,1.4724575042935106,0.7328150029784337,16.687581805981626,8.953121390595584
36,0.0,BAO KT,Min,-193.37922676275628,-1.3755867886755413,-2.545492185302604,-0.21858957023449643,-17.33985570067409,-9.435343424539486
36,6.683862103982573,BAO KT,Min,-193.37922676275628,-1.3755867886755413,-2.545492185302604,-0.21858957023449643,-0.8869271208711661,-0.5889848205228998
36,13.367724207965146,BAO KT,Min,-193.37922676275628,-1.3755867886755413,-2.545492185302604,-0.21858957023449643,-10.300461001810088,-1.5346475596500744
37,0.0,BAO KT,Max,-73.58203794155115,0.34323222376202,0.2990110151252885,0.4469766436859655,2.625136147270796,3.227800320468138
37,10.578237103982573,BAO KT,Max,-73.58203794155115,0.34323222376202,0.2990110151252885,0.4469766436859655,0.10460757892989195,-0.025609953592022897
37,21.156474207965147,BAO KT,Max,-73.58203794155115,0.34323222376202,0.2990110151252885,0.4469766436859655,8.921267932887531,2.209649562205761
37,0.0,BAO KT,Min,-162.55612502354566,-0.21332038362374683,-0.8565279091438913,-0.12533275617018622,-9.19984268531752,-2.30345763196327
37,10.578237103982573,BAO KT,Min,-162.55612502354566,-0.21332038362374683,-0.8565279091438913,-0.12533275617018622,-0.7044478594792499,-0.40299152421371065
37,21.156474207965147,BAO KT,Min,-162.55612502354566,-0.21332038362374683,-0.8565279091438913,-0.12533275617018622,-3.867457274177071,-4.03378336889556
38,0.0,BAO KT,Max,-69.41792385199986,0.34533783955937375,0.2498022975370926,0.44889478844986874,2.2617190756449643,3.234285894031614
38,10.578237103982573,BAO KT,Max,-69.41792385199986,0.34533783955937375,0.2498022975370926,0.44889478844986874,0.17057680588218724,-0.09159883250269171
38,21.156474207965147,BAO KT,Max,-69.41792385199986,0.34533783955937375,0.2498022975370926,0.44889478844986874,8.116846478818497,1.5553387284577571
38,0.0,BAO KT,Min,-148.75952404320438,-0.15620194773035181,-0.7805063561720638,-0.12608172693863273,-8.39591611468863,-1.7493437499333513
38,10.578237103982573,BAO KT,Min,-148.75952404320438,-0.15620194773035181,-0.7805063561720638,-0.12608172693863273,-0.6004539298351077,-0.4187796538045345
38,21.156474207965147,BAO KT,Min,-148.75952404320438,-0.15620194773035181,-0.7805063561720638,-0.12608172693863273,-3.242921862302075,-4.0718452016406825
39,0.0,BAO KT,Max,-86.85269183507843,0.023669091567921408,1.379972832746889,0.7203695629202254,8.896818979812721,0.3530527008138522
39,6.683862103982573,BAO KT,Max,-86.85269183507843,0.023669091567921408,1.379972832746889,0.7203695629202254,0.19351341483035692,0.5597798897382698
39,13.367724207965146,BAO KT,Max,-86.85269183507843,0.023669091567921408,1.379972832746889,0.7203695629202254,12.56906304333668,8.395602304015508
39,0.0,BAO KT,Min,-198.77668773300854,-1.228000850793932,-1.9337697199870711,-0.20466491165241044,-13.281037255164472,-8.01997439654433
39,6.683862103982573,BAO KT,Min,-198.77668773300854,-1.228000850793932,-1.9337697199870711,-0.20466491165241044,-0.9449262118173535,0.18781395373558996
39,13.367724207965146,BAO KT,Min,-198.77668773300854,-1.228000850793932,-1.9337697199870711,-0.20466491165241044,-9.550277262832102,0.03665081248080515
40,0.0,BAO KT,Max,-72.41581979564042,0.18199964856506798,0.2233772506006983,0.44894500746073285,2.063327871883874,2.0659018722020615
40,10.578237103982573,BAO KT,Max,-72.41581979564042,0.18199964856506798,0.2233772506006983,0.44894500746073285,0.12083745621551624,0.3664291435493401
40,21.156474207965147,BAO KT,Max,-72.41581979564042,0.18199964856506798,0.2233772506006983,0.44894500746073285,6.327378779702248,2.420670226830581
40,0.0,BAO KT,Min,-152.53527813920024,-0.19435508657000125,-0.6155552523609171,-0.1256750923509551,-6.695600040448971,-1.6911981493744848
40,10.578237103982573,BAO KT,Min,-152.53527813920024,-0.19435508657000125,-0.6155552523609171,-0.1256750923509551,-0.6222975135249827,0.13772683444036932
40,21.156474207965147,BAO KT,Min,-152.53527813920024,-0.19435508657000125,-0.6155552523609171,-0.1256750923509551,-2.9062138623884533,-1.7845689985235198
41,0.0,BAO KT,Max,-80.11599558253347,0.20783222460225503,0.23249977347280265,0.4484171670931426,2.012466705645955,2.275697284265353
41,10.578237103982573,BAO KT,Max,-80.11599558253347,0.20783222460225503,0.23249977347280265,0.4484171670931426,0.13593170890699025,0.20141121094072367
41,21.156474207965147,BAO KT,Max,-80.11599558253347,0.20783222460225503,0.23249977347280265,0.4484171670931426,5.273800387680754,1.1845150961095319
41,0.0,BAO KT,Min,-171.63385511198527,-0.09294672954465104,-0.5218636794997967,-0.12511705303628587,-5.766995087730486,-0.8007298912421928
41,10.578237103982573,BAO KT,Min,-171.63385511198527,-0.09294672954465104,-0.5218636794997967,-0.12511705303628587,-0.7518338271738416,0.0738803219855065
41,21.156474207965147,BAO KT,Min,-171.63385511198527,-0.09294672954465104,-0.5218636794997967,-0.12511705303628587,-3.2112715575913864,-2.121299815116275
42,0.0,BAO KT,Max,-83.13706274005085,0.25280913649192915,0.2348642360882947,0.4474326590181471,2.0017295090808718,2.5827194206320985
42,10.578237103982573,BAO KT,Max,-83.13706274005085,0.25280913649192915,0.2348642360882947,0.4474326590181471,0.1318039985138311,0.043970122309157665
42,21.156474207965147,BAO KT,Max,-83.13706274005085,0.25280913649192915,0.2348642360882947,0.4474326590181471,4.386441581108044,0.21824134212597343
42,0.0,BAO KT,Min,-179.55904846024845,-0.01734942506244172,-0.43998237381659644,-0.12454290629692985,-4.922034162502058,-0.16306711333280477
42,10.578237103982573,BAO KT,Min,-179.55904846024845,-0.01734942506244172,-0.43998237381659644,-0.12454290629692985,-0.7967363381091641,-0.09155556723262077
42,21.156474207965147,BAO KT,Min,-179.55904846024845,-0.01734942506244172,-0.43998237381659644,-0.12454290629692985,-3.279944455311216,-2.76583055509734
43,0.0,BAO KT,Max,-83.68543799790413,0.2311288086043031,0.24352987790065395,0.4461754830022731,2.1303147294347813,2.444074263415678
43,10.578237103982573,BAO KT,Max,-83.68543799790413,0.2311288086043031,0.24352987790065395,0.4461754830022731,0.11792668098966627,0.1585669827103674
43,21.156474207965147,BAO KT,Max,-83.68543799790413,0.2311288086043031,0.24352987790065395,0.4461754830022731,3.5665603882048034,0.42335583367568996
43,0.0,BAO KT,Min,-179.201592495459,-0.025031472480951757,-0.3629566444264779,-0.12389055721983869,-4.112322498213554,-0.10622186825495519
43,10.578237103982573,BAO KT,Min,-179.201592495459,-0.025031472480951757,-0.3629566444264779,-0.12389055721983869,-0.8040197945107079,-0.04787289757064497
43,21.156474207965147,BAO KT,Min,-179.201592495459,-0.025031472480951757,-0.3629566444264779,-0.12389055721983869,-3.3784307136621696,-2.445796414538974
44,0.0,BAO KT,Max,-98.35654065847582,0.24222320856739155,1.3592288068975504,0.7218744463056551,8.677013188875607,1.6958890349170423
44,6.683862103982573,BAO KT,Max,-98.35654065847582,0.24222320856739155,1.3592288068975504,0.7218744463056551,0.21642945521899376,0.23719964053063816
44,13.367724207965146,BAO KT,Max,-98.35654065847582,0.24222320856739155,1.3592288068975504,0.7218744463056551,10.255506337213133,6.859388627860342
44,0.0,BAO KT,Min,-228.6347793896441,-1.0136108020045973,-1.598239553963445,-0.20161423250626842,-11.109319238431429,-6.69028102755148
44,6.683862103982573,BAO KT,Min,-228.6347793896441,-1.0136108020045973,-1.598239553963445,-0.20161423250626842,-1.1032753150547165,0.06170571369550742
44,13.367724207965146,BAO KT,Min,-228.6347793896441,-1.0136108020045973,-1.598239553963445,-0.20161423250626842,-9.492782637252361,-1.5420840139802676
45,0.0,BAO KT,Max,-83.67183958080638,0.23186135366453503,0.2650337869431194,0.44497894286593964,2.3476708230523267,2.4484576105094407
45,10.578237103982573,BAO KT,Max,-83.67183958080638,0.23186135366453503,0.2650337869431194,0.44497894286593964,0.04958339721793973,0.002493714830056082
45,21.156474207965147,BAO KT,Max,-83.67183958080638,0.23186135366453503,0.2650337869431194,0.44497894286593964,2.750351545409833,-0.1725189719493801
45,0.0,BAO KT,Min,-175.06767280429978,0.016456219307190004,-0.28628216403875834,-0.12308530788921779,-3.306369674276605,0.17563660738380327
45,10.578237103982573,BAO KT,Min,-175.06767280429978,0.016456219307190004,-0.28628216403875834,-0.12308530788921779,-0.8041720444294929,-0.06285279813557135
45,21.156474207965147,BAO KT,Min,-175.06767280429978,0.016456219307190004,-0.28628216403875834,-0.12308530788921779,-3.4448225799598626,-2.45691113811818
46,0.0,BAO KT,Max,-83.77176925332186,0.2657642211264644,0.2839537145795414,0.44345207953459287,2.5130159797126987,2.8074075148178896
46,10.578237103982573,BAO KT,Max,-83.77176925332186,0.2657642211264644,0.2839537145795414,0.44345207953459287,0.010446673360109062,0.067841517829392
46,21.156474207965147,BAO KT,Max,-83.77176925332186,0.2657642211264644,0.2839537145795414,0.44345207953459287,1.9232415286165492,0.05331408708941619
46,0.0,BAO KT,Min,-174.88999480774166,0.0011520865958937667,-0.20891099949590453,-0.12252143133726554,-2.4965786439787743,0.07768817744078502
46,10.578237103982573,BAO KT,Min,-174.88999480774166,0.0011520865958937667,-0.20891099949590453,-0.12252143133726554,-0.8073711154566199,-0.1387541021016459
46,21.156474207965147,BAO KT,Min,-174.88999480774166,0.0011520865958937667,-0.20891099949590453,-0.12252143133726554,-3.5076702963078557,-2.946894367010369
47,0.0,BAO KT,Max,-83.25208629751428,0.3118006790597269,0.27036107294727046,0.4419727271857704,2.4488460987952645,3.282474358895762
47,10.578237103982573,BAO KT,Max,-83.25208629751428,0.3118006790597269,0.27036107294727046,0.4419727271857704,0.09525019153689479,0.10011205372815789
47,21.156474207965147,BAO KT,Max,-83.25208629751428,0.3118006790597269,0.27036107294727046,0.4419727271857704,1.1680438463111387,0.19691183726989775
47,0.0,BAO KT,Min,-176.39236815929223,-0.009600578493639288,-0.13671674483282048,-0.1221353185470109,-1.7244004395413801,-0.006202554012326694
47,10.578237103982573,BAO KT,Min,-176.39236815929223,-0.009600578493639288,-0.13671674483282048,-0.1221353185470109,-0.7978317630918895,-0.10030245904935683
47,21.156474207965147,BAO KT,Min,-176.39236815929223,-0.009600578493639288,-0.13671674483282048,-0.1221353185470109,-3.5546448876431658,-3.3141286656573685
48,0.0,BAO KT,Max,-102.33137019633372,0.49306228380677647,1.322617919995604,0.7148852304674229,8.387231441754512,3.098592196503103
48,6.683862103982573,BAO KT,Max,-102.33137019633372,0.49306228380677647,1.322617919995604,0.7148852304674229,0.205808442023828,0.03748121273517284
48,13.367724207965146,BAO KT,Max,-102.33137019633372,0.49306228380677647,1.322617919995604,0.7148852304674229,8.221302824757071,5.476349046007699
48,0.0,BAO KT,Min,-237.71957730550065,-0.8164506033907406,-1.2948199611609612,-0.20247478557421753,-9.0874933150108,-5.4377374495464545
48,6.683862103982573,BAO KT,Min,-237.71957730550065,-0.8164506033907406,-1.2948199611609612,-0.20247478557421753,-1.1335549064029038,-0.1975571967244868
48,13.367724207965146,BAO KT,Min,-237.71957730550065,-0.8164506033907406,-1.2948199611609612,-0.20247478557421753,-9.293160145259236,-3.4925284307753244
49,0.0,BAO KT,Max,-80.38256019109487,0.369875959798804,0.255546300973203,0.4412286068437501,2.3760026180371474,3.8422040781878204
49,10.578237103982573,BAO KT,Max,-80.38256019109487,0.369875959798804,0.255546300973203,0.4412286068437501,0.16336289254226602,-0.06191069393362186
49,21.156474207965147,BAO KT,Max,-80.38256019109487,0.369875959798804,0.255546300973203,0.4412286068437501,0.7289054717703785,-0.44162453831779697
49,0.0,BAO KT,Min,-173.84792304396538,0.035895758494694514,-0.07204197022149657,-0.12165196585130675,-0.9904130216121353,0.3178031504505533
49,10.578237103982573,BAO KT,Min,-173.84792304396538,0.035895758494694514,-0.07204197022149657,-0.12165196585130675,-0.7507686030204217,-0.1565302924202774
49,21.156474207965147,BAO KT,Min,-173.84792304396538,0.035895758494694514,-0.07204197022149657,-0.12165196585130675,-3.4534115891271977,-3.9830671254419303
50,0.0,BAO KT,Max,-72.58643313025253,0.43106851861190076,0.24237562513459782,0.4408086568732407,2.23138312033413,4.423920907463028
50,10.578237103982573,BAO KT,Max,-72.58643313025253,0.43106851861190076,0.24237562513459782,0.4408086568732407,0.22339482963859947,-0.13460150908302523
50,21.156474207965147,BAO KT,Max,-72.58643313025253,0.43106851861190076,0.24237562513459782,0.4408086568732407,1.2683262696574864,-1.0050168237463963
50,0.0,BAO KT,Min,-157.85143853130435,0.07581103652581228,-0.11485720457951101,-0.12135971439528849,-1.1616472166279146,0.5988774151910548
50,10.578237103982573,BAO KT,Min,-157.85143853130435,0.07581103652581228,-0.11485720457951101,-0.12135971439528849,-0.6223440996944822,-0.36083440222004026
50,21.156474207965147,BAO KT,Min,-157.85143853130435,0.07581103652581228,-0.11485720457951101,-0.12135971439528849,-3.1847006434948613,-4.695969088415394
51,0.0,BAO KT,Max,-70.38427093578007,0.44724109904761133,0.3859679471737115,0.44111212945755307,3.5511291653672936,4.842418717773629
51,10.578237103982573,BAO KT,Max,-70.38427093578007,0.44724109904761133,0.3859679471737115,0.44111212945755307,0.08057979805123405,0.2145126100747809
51,21.156474207965147,BAO KT,Max,-70.38427093578007,0.44724109904761133,0.3859679471737115,0.44111212945755307,1.6714449468067896,0.6153934795797531
51,0.0,BAO KT,Min,-145.68156510378896,-0.03860399591822973,-0.15268794628020876,-0.12159957568945667,-1.5588936505376148,-0.20133096438866588
51,10.578237103982573,BAO KT,Min,-145.68156510378896,-0.03860399591822973,-0.15268794628020876,-0.12159957568945667,-0.5920785712813209,0.09916909296055179
51,21.156474207965147,BAO KT,Min,-145.68156510378896,-0.03860399591822973,-0.15268794628020876,-0.12159957568945667,-4.674007817800734,-4.619626058969146
52,0.0,BAO KT,Max,-103.02811882753007,0.6121996032979584,1.2645882476576236,0.7088229633505446,7.997282815906834,4.081528385438924
52,6.683862103982573,BAO KT,Max,-103.02811882753007,0.6121996032979584,1.2645882476576236,0.7088229633505446,0.20596375688138407,0.21944921748004043
52,13.367724207965146,BAO KT,Max,-103.02811882753007,0.6121996032979584,1.2645882476576236,0.7088229633505446,6.321639628089965,4.253894470749909
52,0.0,BAO KT,Min,-235.99425851993786,-0.6371969095685238,-1.0075600703942749,-0.20163003743191207,-7.14714551589865,-4.263978082529825
52,6.683862103982573,BAO KT,Min,-235.99425851993786,-0.6371969095685238,-1.0075600703942749,-0.20163003743191207,-1.116553421181147,-0.08428132143961135
52,13.367724207965146,BAO KT,Min,-235.99425851993786,-0.6371969095685238,-1.0075600703942749,-0.20163003743191207,-8.907384115414203,-4.102187071673854
53,0.0,BAO KT,Max,-75.974965423451,0.4999749748347283,0.48497140501249525,0.4416175324352196,4.559943457851361,5.365803148947608
53,10.578237103982573,BAO KT,Max,-75.974965423451,0.4999749748347283,0.48497140501249525,0.4416175324352196,0.06714314997534862,0.28825378064739127
53,21.156474207965147,BAO KT,Max,-75.974965423451,0.4999749748347283,0.48497140501249525,0.4416175324352196,1.4722572816942274,0.8598145815921855
53,0.0,BAO KT,Min,-154.2021255029327,-0.05589512543034648,-0.14326910216483218,-0.12203993003986119,-1.5588117830543677,-0.3227291979259166
53,10.578237103982573,BAO KT,Min,-154.2021255029327,-0.05589512543034648,-0.14326910216483218,-0.12203993003986119,-0.6851928852789863,-0.18593418736899542
53,21.156474207965147,BAO KT,Min,-154.2021255029327,-0.05589512543034648,-0.14326910216483218,-0.12203993003986119,-5.802117802827249,-5.211904510771346
54,0.0,BAO KT,Max,-54.960032720431045,0.11376187217946498,0.70429465329534,0.4877566360318636,7.570402498058194,1.2060779746392636
54,10.727689626717446,BAO KT,Max,-54.960032720431045,0.11376187217946498,0.70429465329534,0.4877566360318636,0.4893056110669447,0.23444561314727339
54,21.45537925343489,BAO KT,Max,-54.960032720431045,0.11376187217946498,0.70429465329534,0.4877566360318636,2.7256648682428324,2.504134638210169
54,0.0,BAO KT,Min,-142.7953033530518,-0.2115729578352273,-0.21565086077015255,-0.11935188308630917,-2.1052401178278335,-2.035243411915622
54,10.727689626717446,BAO KT,Min,-142.7953033530518,-0.2115729578352273,-0.21565086077015255,-0.11935188308630917,-0.2188407395755707,-0.05021460395700976
54,21.45537925343489,BAO KT,Min,-142.7953033530518,-0.2115729578352273,-0.21565086077015255,-0.11935188308630917,-7.543163346050557,-1.267682618155253
55,0.0,BAO KT,Max,-51.951813466789936,0.15141307248241925,0.2163077338198487,0.4638570154034709,2.1229349738588614,1.349920294934673
55,10.431633213151965,BAO KT,Max,-51.951813466789936,0.15141307248241925,0.2163077338198487,0.4638570154034709,0.1731239662356984,0.05544374503146675
55,20.86326642630393,BAO KT,Max,-51.951813466789936,0.15141307248241925,0.2163077338198487,0.4638570154034709,7.262976781935724,1.8560642011831596
55,0.0,BAO KT,Min,-143.41859973858968,-0.1728759522825924,-0.7074079457753734,-0.1663286431918956,-7.5636416913840705,-1.7506928499895704
55,10.431633213151965,BAO KT,Min,-143.41859973858968,-0.1728759522825924,-0.7074079457753734,-0.1663286431918956,-0.5361585123855755,-0.22956534087831773
55,20.86326642630393,BAO KT,Min,-143.41859973858968,-0.1728759522825924,-0.7074079457753734,-0.1663286431918956,-2.577846902790182,-1.8090509766913085
56,0.0,BAO KT,Max,-102.50036638499418,0.7815670180731331,1.2663177773107726,0.7042309914991227,7.876689574465065,5.205692455758235
56,6.683862103982573,BAO KT,Max,-102.50036638499418,0.7815670180731331,1.2663177773107726,0.7042309914991227,0.0634277148617672,-0.008867452413674336
56,13.367724207965146,BAO KT,Max,-102.50036638499418,0.7815670180731331,1.2663177773107726,0.7042309914991227,4.380726233903478,3.3020786008889242
56,0.0,BAO KT,Min,-225.48967870832766,-0.49642162585629657,-0.7164491920597587,-0.19755714471978483,-5.1965689745708294,-3.333948784427708
56,6.683862103982573,BAO KT,Min,-225.48967870832766,-0.49642162585629657,-0.7164491920597587,-0.19755714471978483,-1.1122148820130604,-0.13405365862745264
56,13.367724207965146,BAO KT,Min,-225.48967870832766,-0.49642162585629657,-0.7164491920597587,-0.19755714471978483,-9.051097232268766,-5.267464312867591
57,0.0,BAO KT,Max,-27.60192164666729,0.01739483027041013,0.09967360835989986,0.4863853556646256,0.9010159635863491,0.009666756395728504
57,10.431633213151965,BAO KT,Max,-27.60192164666729,0.01739483027041013,0.09967360835989986,0.4863853556646256,0.45771969374552035,0.15648783514025774
57,20.86326642630393,BAO KT,Max,-27.60192164666729,0.01739483027041013,0.09967360835989986,0.4863853556646256,3.32890332135822,4.6595717317630685
57,0.0,BAO KT,Min,-135.7370696618625,-0.44797423758720273,-0.28586722957609273,-0.13009645162941574,-2.676483982225851,-4.686634139139119
57,10.431633213151965,BAO KT,Min,-135.7370696618625,-0.44797423758720273,-0.28586722957609273,-0.13009645162941574,-0.24962101884049082,-0.17922029881475005
57,20.86326642630393,BAO KT,Min,-135.7370696618625,-0.44797423758720273,-0.28586722957609273,-0.13009645162941574,-1.1785010832973164,-0.3532462219761745
58,0.0,BAO KT,Max,-80.23816327860881,0.39292410341467476,0.32710349651861526,0.4368676326761809,3.00864670631234,4.231122551517843
58,10.727689626717446,BAO KT,Max,-80.23816327860881,0.39292410341467476,0.32710349651861526,0.4368676326761809,0.18250957592314435,0.18571406148096248
58,21.45537925343489,BAO KT,Max,-80.23816327860881,0.39292410341467476,0.32710349651861526,0.4368676326761809,1.2947680087395765,0.964717912034183
58,0.0,BAO KT,Min,-160.79973964868537,-0.07328732189503431,-0.10619681940543604,-0.16667176477263837,-0.9837250271125877,-0.6076893736923407
58,10.727689626717446,BAO KT,Min,-160.79973964868537,-0.07328732189503431,-0.10619681940543604,-0.16667176477263837,-0.5511520357936122,-0.13176809989595809
58,21.45537925343489,BAO KT,Min,-160.79973964868537,-0.07328732189503431,-0.10619681940543604,-0.16667176477263837,-4.060216822259367,-4.199213105059876
59,0.0,BAO KT,Max,-77.42950350714834,0.30092603773881244,0.09862372714820425,0.3600338749576093,0.8346360424704352,3.717419834086545
59,13.216362103982574,BAO KT,Max,-77.42950350714834,0.30092603773881244,0.09862372714820425,0.3600338749576093,0.010773388270201079,0.08762824868903699
59,26.432724207965148,BAO KT,Max,-77.42950350714834,0.30092603773881244,0.09862372714820425,0.3600338749576093,6.826109426514353,1.983369283961201
59,0.0,BAO KT,Min,-165.05361639683377,-0.14552406684143426,-0.5195307526276853,-0.10078879752713246,-6.906503675249819,-1.863228240479916
59,13.216362103982574,BAO KT,Min,-165.05361639683377,-0.14552406684143426,-0.5195307526276853,-0.10078879752713246,-0.4820927178236646,-0.2874609249993195
59,26.432724207965148,BAO KT,Min,-165.05361639683377,-0.14552406684143426,-0.5195307526276853,-0.10078879752713246,-1.7722577375996527,-4.236875128459197
60,0.0,BAO KT,Max,-102.53394994947065,0.9980053334381717,1.2584411236377773,0.7003152547746985,7.716392322342536,6.4571060867274666
60,6.683862103982573,BAO KT,Max,-102.53394994947065,0.9980053334381717,1.2584411236377773,0.7003152547746985,-0.04006991854732138,0.11472708685583008
60,13.367724207965146,BAO KT,Max,-102.53394994947065,0.9980053334381717,1.2584411236377773,0.7003152547746985,2.4354698938449793,3.7149506371978034
60,0.0,BAO KT,Min,-220.61099406329456,-0.5390334397579104,-0.42541758407045877,-0.19489870592670816,-3.25139504322774,-3.4906997243567384
60,6.683862103982573,BAO KT,Min,-220.61099406329456,-0.5390334397579104,-0.42541758407045877,-0.19489870592670816,-1.1206249932092247,-0.21673087622327214
60,13.367724207965146,BAO KT,Min,-220.61099406329456,-0.5390334397579104,-0.42541758407045877,-0.19489870592670816,-9.10610155040904,-6.8839539687523095
61,0.0,BAO KT,Max,-82.55618502563551,0.3380857802350538,0.14730059666489245,0.38487376032226395,1.2631797946988435,3.7925871609270727
61,12.336987103982574,BAO KT,Max,-82.55618502563551,0.3380857802350538,0.14730059666489245,0.38487376032226395,-0.024439154586638548,-0.02255575331267036
61,24.67397420796515,BAO KT,Max,-82.55618502563551,0.3380857802350538,0.14730059666489245,0.38487376032226395,7.400229073574459,1.7570438349984303
61,0.0,BAO KT,Min,-175.6336433855422,-0.14736368851580273,-0.6052684338341714,-0.10764862235016856,-7.534148651745347,-1.8790040146310956
61,12.336987103982574,BAO KT,Min,-175.6336433855422,-0.14736368851580273,-0.6052684338341714,-0.10764862235016856,-0.5540657667648732,-0.3996952701103089
61,24.67397420796515,BAO KT,Min,-175.6336433855422,-0.14736368851580273,-0.6052684338341714,-0.10764862235016856,-2.3713113282285896,-4.549332660672418
62,0.0,BAO KT,Max,-82.53577183240952,0.3583827236608746,0.18044872681951232,0.41314489522955566,1.8090584171777087,3.6672444080745663
62,11.457612103982575,BAO KT,Max,-82.53577183240952,0.3583827236608746,0.18044872681951232,0.41314489522955566,0.016835883178243492,-0.07749995114181378
62,22.91522420796515,BAO KT,Max,-82.53577183240952,0.3583827236608746,0.18044872681951232,0.41314489522955566,8.052607839573614,1.8570859225926566
62,0.0,BAO KT,Min,-175.6853371180601,-0.16917552347745632,-0.712241357946262,-0.11560658172132929,-8.268562567950537,-2.019609128393127
62,11.457612103982575,BAO KT,Min,-175.6853371180601,-0.16917552347745632,-0.712241357946262,-0.11560658172132929,-0.44968215567819486,-0.4396002882828421
62,22.91522420796515,BAO KT,Min,-175.6853371180601,-0.16917552347745632,-0.712241357946262,-0.11560658172132929,-2.3259646159332705,-4.545176056875592
63,0.0,BAO KT,Max,-77.2497871053898,0.29437422802697355,0.12864419940523067,0.3607666885653415,1.1151383856676125,3.655964107983153
63,13.216362103982574,BAO KT,Max,-77.2497871053898,0.29437422802697355,0.12864419940523067,0.3607666885653415,-0.07542330435811181,0.026102930873883157
63,26.432724207965148,BAO KT,Max,-77.2497871053898,0.29437422802697355,0.12864419940523067,0.3607666885653415,6.047047503129133,1.480376248821271
63,0.0,BAO KT,Min,-166.15901466371258,-0.11281407905337236,-0.465604400387411,-0.1010476435474016,-6.260145202326285,-1.5141149993557652
63,13.216362103982574,BAO KT,Min,-166.15901466371258,-0.11281407905337236,-0.465604400387411,-0.1010476435474016,-0.6006214578848595,-0.25353606027297426
63,26.432724207965148,BAO KT,Min,-166.15901466371258,-0.11281407905337236,-0.465604400387411,-0.1010476435474016,-2.285278258165324,-4.125148675386484
64,0.0,BAO KT,Max,-103.64078591169466,1.1250327175385784,1.1257958469275111,0.697349849303804,7.003578868876217,7.422772372233633
64,6.683862103982573,BAO KT,Max,-103.64078591169466,1.1250327175385784,1.1257958469275111,0.697349849303804,0.1483535576350635,0.22485071619842167
64,13.367724207965146,BAO KT,Max,-103.64078591169466,1.1250327175385784,1.1257958469275111,0.697349849303804,0.6463234790449541,4.213922395950469
64,0.0,BAO KT,Min,-230.1146289591177,-0.5975693389901009,-0.1522763100809319,-0.19332971937732668,-1.3892642375235262,-3.7742197228052348
64,6.683862103982573,BAO KT,Min,-230.1146289591177,-0.5975693389901009,-0.1522763100809319,-0.19332971937732668,-1.0782208021067037,-0.10179055388880562
64,13.367724207965146,BAO KT,Min,-230.1146289591177,-0.5975693389901009,-0.1522763100809319,-0.19332971937732668,-8.045749527323299,-7.6163547207596345
65,0.0,BAO KT,Max,-77.0320840870003,0.34457874972554203,0.157975488103117,0.38565510761583255,1.3000018456127878,3.840749679997514
65,12.336987103982574,BAO KT,Max,-77.0320840870003,0.34457874972554203,0.157975488103117,0.38565510761583255,-0.082821040427579,-0.09683458195746493
65,24.67397420796515,BAO KT,Max,-77.0320840870003,0.34457874972554203,0.157975488103117,0.38565510761583255,6.582396687469379,1.2232911139172862
65,0.0,BAO KT,Min,-164.94928793924245,-0.1081357221826603,-0.5436100775610953,-0.10797556504830833,-6.8306243454630176,-1.4448469061773588
65,12.336987103982574,BAO KT,Min,-164.94928793924245,-0.1081357221826603,-0.5436100775610953,-0.10797556504830833,-0.6531178810033305,-0.4242572258455082
65,24.67397420796515,BAO KT,Min,-164.94928793924245,-0.1081357221826603,-0.5436100775610953,-0.10797556504830833,-2.5978812733342265,-4.661377503343388
66,0.0,BAO KT,Max,-75.22894118079608,0.36732365516874355,0.16641390958648067,0.414518601589577,1.6574409850726126,3.7288181774971867
66,11.457612103982575,BAO KT,Max,-75.22894118079608,0.36732365516874355,0.16641390958648067,0.414518601589577,0.011736581334646713,-0.13740195588400475
66,22.91522420796515,BAO KT,Max,-75.22894118079608,0.36732365516874355,0.16641390958648067,0.414518601589577,7.308833463691688,1.2380394910743573
66,0.0,BAO KT,Min,-159.51246615438214,-0.12020344421716292,-0.648635838400225,-0.11614064818608072,-7.554802202570918,-1.5164493837315633
66,11.457612103982575,BAO KT,Min,-159.51246615438214,-0.12020344421716292,-0.648635838400225,-0.11614064818608072,-0.42244226813196917,-0.4798337800433305
66,22.91522420796515,BAO KT,Min,-159.51246615438214,-0.12020344421716292,-0.648635838400225,-0.11614064818608072,-2.1559710644256325,-4.688485737583847
67,0.0,BAO KT,Max,-76.8758834272481,0.2777395826693423,0.15990331961297968,0.36130560016159735,1.4065778138391165,3.509571954882309
67,13.216362103982574,BAO KT,Max,-76.8758834272481,0.2777395826693423,0.15990331961297968,0.36130560016159735,-0.14503913825951104,0.04816084877266279
67,26.432724207965148,BAO KT,Max,-76.8758834272481,0.2777395826693423,0.15990331961297968,0.36130560016159735,5.255361975364692,1.3484357886875695
67,0.0,BAO KT,Min,-166.73820979303287,-0.09946747144650929,-0.4109314865316367,-0.10131214393077073,-5.606676676495205,-1.2987788788364718
67,13.216362103982574,BAO KT,Min,-166.73820979303287,-0.09946747144650929,-0.4109314865316367,-0.10131214393077073,-0.7191613036932334,-0.1660958909873468
67,26.432724207965148,BAO KT,Min,-166.73820979303287,-0.09946747144650929,-0.4109314865316367,-0.10131214393077073,-2.8201025334288796,-3.831841835451753
68,0.0,BAO KT,Max,-100.9365652299115,1.323128174660991,1.019572816930336,0.6954824064189372,6.415842538585499,8.685736711771515
68,6.683862103982573,BAO KT,Max,-100.9365652299115,1.323128174660991,1.019572816930336,0.6954824064189372,0.25225440934124954,-0.05261833693751371
68,13.367724207965146,BAO KT,Max,-100.9365652299115,1.323128174660991,1.019572816930336,0.6954824064189372,-1.1113806345433856,3.0206554719569025
68,0.0,BAO KT,Min,-229.96642269481734,-0.46087118109492214,0.11712117733441102,-0.1920707616969814,0.4542629629751991,-3.1401433723191774
68,6.683862103982573,BAO KT,Min,-229.96642269481734,-0.46087118109492214,0.11712117733441102,-0.1920707616969814,-1.0029417436918466,-0.16601505766982022
68,13.367724207965146,BAO KT,Min,-229.96642269481734,-0.46087118109492214,0.11712117733441102,-0.1920707616969814,-7.213525688077365,-9.001475818884954
69,0.0,BAO KT,Max,-79.66382436698665,0.22565987479056665,0.14011891159571663,0.3612747078594683,1.2493508913410698,3.0552553579409105
69,13.216362103982574,BAO KT,Max,-79.66382436698665,0.22565987479056665,0.14011891159571663,0.3612747078594683,-0.07226446400221694,0.20177277495605467
69,26.432724207965148,BAO KT,Max,-79.66382436698665,0.22565987479056665,0.14011891159571663,0.3612747078594683,5.023014315677321,1.6694112226119913
69,0.0,BAO KT,Min,-173.00946282303963,-0.11105374360408363,-0.38795214884257995,-0.10094285640051487,-5.23161784056604,-1.2660417543368252
69,13.216362103982574,BAO KT,Min,-173.00946282303963,-0.11105374360408363,-0.38795214884257995,-0.10094285640051487,-0.6161764701979441,0.055158397396874614
69,26.432724207965148,BAO KT,Min,-173.00946282303963,-0.11105374360408363,-0.38795214884257995,-0.10094285640051487,-2.454373655188758,-2.909549877202085
70,0.0,BAO KT,Max,-79.83636394068436,0.20146906795226716,0.16656354867076853,0.3859275015206278,1.3865324329426147,2.6336235151545506
70,12.336987103982574,BAO KT,Max,-79.83636394068436,0.20146906795226716,0.16656354867076853,0.3859275015206278,-0.08197567399493248,0.38025439922929954
70,24.67397420796515,BAO KT,Max,-79.83636394068436,0.20146906795226716,0.16656354867076853,0.3859275015206278,5.370087649336517,2.4102189060060635
70,0.0,BAO KT,Min,-172.44872538981738,-0.16454297063514473,-0.4458970713553626,-0.10780801255009526,-5.631965188692895,-1.6497101075474643
70,12.336987103982574,BAO KT,Min,-172.44872538981738,-0.16454297063514473,-0.4458970713553626,-0.10780801255009526,-0.6766016115798865,0.14810222197604175
70,24.67397420796515,BAO KT,Min,-172.44872538981738,-0.16454297063514473,-0.4458970713553626,-0.10780801255009526,-2.723252270947076,-2.337419071202467
71,0.0,BAO KT,Max,-78.02918922361005,0.18784416466570403,0.14915814842607744,0.41481423301033443,1.4385271054905298,2.3341732821958003
71,11.457612103982575,BAO KT,Max,-78.02918922361005,0.18784416466570403,0.14915814842607744,0.41481423301033443,0.0008550861501142658,0.44356044078165147
71,22.91522420796515,BAO KT,Max,-78.02918922361005,0.18784416466570403,0.14915814842607744,0.41481423301033443,5.821681755190681,2.695124035040099
71,0.0,BAO KT,Min,-166.25115633409325,-0.1965787085393437,-0.5213227154550777,-0.11593209406382325,-6.124545154167643,-1.8095211456511946
71,11.457612103982575,BAO KT,Min,-166.25115633409325,-0.1965787085393437,-0.5213227154550777,-0.11593209406382325,-0.43941872642906726,0.18116871137233478
71,22.91522420796515,BAO KT,Min,-166.25115633409325,-0.1965787085393437,-0.5213227154550777,-0.11593209406382325,-1.979465308137979,-1.9703178672767325
72,0.0,BAO KT,Max,-90.02972607279405,1.6385864740652683,0.9129701577063801,0.694499365164237,5.878088741912604,10.41547649886253
72,6.683862103982573,BAO KT,Max,-90.02972607279405,1.6385864740652683,0.9129701577063801,0.694499365164237,0.346005431411801,-0.17942810741131734
72,13.367724207965146,BAO KT,Max,-90.02972607279405,1.6385864740652683,0.9129701577063801,0.694499365164237,-2.65652984864807,2.317079220919978
72,0.0,BAO KT,Min,-205.95890661780328,-0.37624237732541876,0.3626231712130566,-0.1915445932531859,2.190916695545797,-2.7124251145153795
72,6.683862103982573,BAO KT,Min,-205.95890661780328,-0.37624237732541876,0.3626231712130566,-0.1915445932531859,-0.8222094608712536,-0.5548543786271241
72,13.367724207965146,BAO KT,Min,-205.95890661780328,-0.37624237732541876,0.3626231712130566,-0.1915445932531859,-6.32624453640873,-11.488695577344009
73,0.0,BAO KT,Max,-82.87066235300313,0.23695906588888965,0.12280844971999508,0.36052025055297954,1.113778806559062,3.15377866818423
73,13.216362103982574,BAO KT,Max,-82.87066235300313,0.23695906588888965,0.12280844971999508,0.36052025055297954,0.012238532851250372,0.08563948894993796
73,26.432724207965148,BAO KT,Max,-82.87066235300313,0.23695906588888965,0.12280844971999508,0.36052025055297954,4.769917815161545,0.9320101291217436
73,0.0,BAO KT,Min,-179.94167381349865,-0.06403960738309093,-0.36380403488624324,-0.10036380292455663,-4.846413904731453,-0.7652824545578587
73,13.216362103982574,BAO KT,Min,-179.94167381349865,-0.06403960738309093,-0.36380403488624324,-0.10036380292455663,-0.5209233034691562,0.022041849575199186
73,26.432724207965148,BAO KT,Min,-179.94167381349865,-0.06403960738309093,-0.36380403488624324,-0.10036380292455663,-2.132383075297323,-3.109694969033832
74,0.0,BAO KT,Max,-88.33871984047282,0.22600342622081454,0.15742360390702234,0.3852806966254561,1.3305719564283442,2.872150389376072
74,12.336987103982574,BAO KT,Max,-88.33871984047282,0.22600342622081454,0.15742360390702234,0.3852806966254561,-0.02674774913300169,0.17374151603993565
74,24.67397420796515,BAO KT,Max,-88.33871984047282,0.22600342622081454,0.15742360390702234,0.3852806966254561,4.956250448780863,1.2576541982179767
74,0.0,BAO KT,Min,-189.49275900209153,-0.08802236646132712,-0.40872163684559554,-0.10728640376807526,-5.12853667698466,-0.9142074015728648
74,12.336987103982574,BAO KT,Min,-189.49275900209153,-0.08802236646132712,-0.40872163684559554,-0.10728640376807526,-0.6162900539494933,0.08128839109123923
74,24.67397420796515,BAO KT,Min,-189.49275900209153,-0.08802236646132712,-0.40872163684559554,-0.10728640376807526,-2.5536939860984464,-2.7042523201080604
75,0.0,BAO KT,Max,-88.21913773689349,0.21603602688253057,0.15824599788743343,0.41425310719849123,1.5357138542810542,2.5825520768765444
75,11.457612103982575,BAO KT,Max,-88.21913773689349,0.21603602688253057,0.15824599788743343,0.41425310719849123,0.020853335043728216,0.20933626386564258
75,22.91522420796515,BAO KT,Max,-88.21913773689349,0.21603602688253057,0.15824599788743343,0.41425310719849123,5.068345174987053,1.3406679909385815
75,0.0,BAO KT,Min,-187.41408334632564,-0.09969898958004024,-0.45704080124353563,-0.11543150328245652,-5.404847257696602,-0.9439567085956221
75,11.457612103982575,BAO KT,Min,-187.41408334632564,-0.09969898958004024,-0.45704080124353563,-0.11543150328245652,-0.4833295974551818,0.09820265142994482
75,22.91522420796515,BAO KT,Min,-187.41408334632564,-0.09969898958004024,-0.45704080124353563,-0.11543150328245652,-2.090528667322662,-2.3679619161346297
76,0.0,BAO KT,Max,-84.32125565690797,0.25880511296350134,0.11810172614502722,0.35937091299673146,1.0888903253274609,3.3407798127790813
76,13.216362103982574,BAO KT,Max,-84.32125565690797,0.25880511296350134,0.11810172614502722,0.35937091299673146,0.06606742599360704,0.02543117793514235
76,26.432724207965148,BAO KT,Max,-84.32125565690797,0.25880511296350134,0.11810172614502722,0.35937091299673146,4.367603481682571,0.43973693999660407
76,0.0,BAO KT,Min,-183.04380883953377,-0.03229082643482127,-0.3312206255918939,-0.09969411753348853,-4.3874599665776435,-0.41379756960229686
76,13.216362103982574,BAO KT,Min,-183.04380883953377,-0.03229082643482127,-0.3312206255918939,-0.09969411753348853,-0.4812487530628158,-0.07968227450866662
76,26.432724207965148,BAO KT,Min,-183.04380883953377,-0.03229082643482127,-0.3312206255918939,-0.09969411753348853,-2.0328600303486706,-3.5001443617964147
77,0.0,BAO KT,Max,-91.79536314231846,0.264353032064766,0.15713293062272057,0.3842718669101516,1.3470955478232753,3.180826688759138
77,12.336987103982574,BAO KT,Max,-91.79536314231846,0.264353032064766,0.15713293062272057,0.3842718669101516,-0.0051699359747437385,0.04880364697178925
77,24.67397420796515,BAO KT,Max,-91.79536314231846,0.264353032064766,0.15713293062272057,0.3842718669101516,4.430169148124459,0.4302136556494056
77,0.0,BAO KT,Min,-196.21288737399902,-0.03200355060259064,-0.3647595035141007,-0.10669605526842962,-4.569897433692634,-0.3708741026865403
77,12.336987103982574,BAO KT,Min,-196.21288737399902,-0.03200355060259064,-0.3647595035141007,-0.10669605526842962,-0.5942988407881181,-0.08070815163050854
77,24.67397420796515,BAO KT,Min,-196.21288737399902,-0.03200355060259064,-0.3647595035141007,-0.10669605526842962,-2.529998329583709,-3.3418132062042827
78,0.0,BAO KT,Max,-92.18041185934918,0.26447016097102755,0.16625594092724633,0.4133003357749624,1.624543296867421,2.944170153400139
78,11.457612103982575,BAO KT,Max,-92.18041185934918,0.26447016097102755,0.16625594092724633,0.4133003357749624,0.02927251099013259,0.05472733124611367
78,22.91522420796515,BAO KT,Max,-92.18041185934918,0.26447016097102755,0.16625594092724633,0.4133003357749624,4.3515902578935,0.3745757917726914
78,0.0,BAO KT,Min,-195.4918058053192,-0.0280622444709957,-0.3951849623705424,-0.11487492462390433,-4.70416175844375,-0.29226824669262197
78,11.457612103982575,BAO KT,Min,-195.4918058053192,-0.0280622444709957,-0.3951849623705424,-0.11487492462390433,-0.5030459433332168,-0.08639610296808792
78,22.91522420796515,BAO KT,Min,-195.4918058053192,-0.0280622444709957,-0.3951849623705424,-0.11487492462390433,-2.185248865386639,-3.116222881567591
79,0.0,BAO KT,Max,-84.59144165647075,0.24364461311074545,0.11956127651582117,0.35793851375902,1.1181217724770427,3.2196305573980872
79,13.216362103982574,BAO KT,Max,-84.59144165647075,0.24364461311074545,0.11956127651582117,0.35793851375902,0.08101794319873197,0.1399450712631865
79,26.432724207965148,BAO KT,Max,-84.59144165647075,0.24364461311074545,0.11956127651582117,0.35793851375902,3.889142878071956,0.5324491926673885
79,0.0,BAO KT,Min,-183.42844104194216,-0.029698348026188405,-0.29435513344845454,-0.09897360632623968,-3.891465183569819,-0.25255905014101554
79,13.216362103982574,BAO KT,Min,-183.42844104194216,-0.029698348026188405,-0.29435513344845454,-0.09897360632623968,-0.46945692322445165,-0.0007574525703990865
79,26.432724207965148,BAO KT,Min,-183.42844104194216,-0.029698348026188405,-0.29435513344845454,-0.09897360632623968,-2.042208475617919,-3.220560305714617
80,0.0,BAO KT,Max,-92.41408747010757,0.2470939188569494,0.16075206571874182,0.38302584389517685,1.3956006345376142,3.0521051795214498
80,12.336987103982574,BAO KT,Max,-92.41408747010757,0.2470939188569494,0.16075206571874182,0.38302584389517685,-0.004332931285152107,0.1639903925148929
80,24.67397420796515,BAO KT,Max,-92.41408747010757,0.2470939188569494,0.16075206571874182,0.38302584389517685,3.854076389007356,0.5257577325093015
80,0.0,BAO KT,Min,-197.39231318512526,-0.029380550355415577,-0.3178039540846287,-0.10605483780409439,-3.9874101772661117,-0.1991772091760437
80,12.336987103982574,BAO KT,Min,-197.39231318512526,-0.029380550355415577,-0.3178039540846287,-0.10605483780409439,-0.5907315077391595,0.001037326815599686
80,24.67397420796515,BAO KT,Min,-197.39231318512526,-0.029380550355415577,-0.3178039540846287,-0.10605483780409439,-2.57079168888374,-3.0446838012999526
81,0.0,BAO KT,Max,-92.87839196058705,0.24490615723556414,0.1769317688538719,0.4121063956088851,1.7335397551770142,2.808569346506308
81,11.457612103982575,BAO KT,Max,-92.87839196058705,0.24490615723556414,0.1769317688538719,0.4121063956088851,0.017046571834715606,0.16994998951622983
81,22.91522420796515,BAO KT,Max,-92.87839196058705,0.24490615723556414,0.1769317688538719,0.4121063956088851,3.655538648334156,0.42957567987936085
81,0.0,BAO KT,Min,-196.7753000008504,-0.02267547644115681,-0.3347387407557172,-0.11425710125404234,-4.015074647175023,-0.09003794679217905
81,11.457612103982575,BAO KT,Min,-196.7753000008504,-0.02267547644115681,-0.3347387407557172,-0.11425710125404234,-0.5077034952147028,-0.011603814729404242
81,22.91522420796515,BAO KT,Min,-196.7753000008504,-0.02267547644115681,-0.3347387407557172,-0.11425710125404234,-2.3208913976213257,-2.8035101564578104
82,0.0,BAO KT,Max,-88.46735364333347,1.6984274924493041,1.244024929147365,0.6959849809514717,7.772309041768987,11.519858582854496
82,6.683862103982573,BAO KT,Max,-88.46735364333347,1.6984274924493041,1.244024929147365,0.6959849809514717,0.13343246222871388,0.30887949935099435
82,13.367724207965146,BAO KT,Max,-88.46735364333347,1.6984274924493041,1.244024929147365,0.6959849809514717,-1.8759153048095416,4.492438033829737
82,0.0,BAO KT,Min,-186.9540101959115,-0.6263828554294869,0.2477533376601848,-0.19144937190592665,1.435982984634673,-3.890380128167915
82,6.683862103982573,BAO KT,Min,-186.9540101959115,-0.6263828554294869,0.2477533376601848,-0.19144937190592665,-0.7766375342332986,0.15466996158837346
82,13.367724207965146,BAO KT,Min,-186.9540101959115,-0.6263828554294869,0.2477533376601848,-0.19144937190592665,-8.85747311890637,-11.184251723433608
83,0.0,BAO KT,Max,-84.64018027579746,0.24308312905038115,0.12287010288618384,0.3563793277050472,1.163530166094679,3.2132965708428918
83,13.216362103982574,BAO KT,Max,-84.64018027579746,0.24308312905038115,0.12287010288618384,0.3563793277050472,0.08350629829282519,0.01859585229669445
83,26.432724207965148,BAO KT,Max,-84.64018027579746,0.24308312905038115,0.12287010288618384,0.3563793277050472,3.3883874238228584,-0.19666950084357068
83,0.0,BAO KT,Min,-183.234288741424,0.014921115017035512,-0.2562654507643675,-0.09825134723576509,-3.3854065602615395,0.19773621727705615
83,13.216362103982574,BAO KT,Min,-183.234288741424,0.014921115017035512,-0.2562654507643675,-0.09825134723576509,-0.46661535279580496,-0.0001645204275104606
83,26.432724207965148,BAO KT,Min,-183.234288741424,0.014921115017035512,-0.2562654507643675,-0.09825134723576509,-2.084261376900121,-3.2120527389550344
84,0.0,BAO KT,Max,-92.39505007435329,0.24744678117058372,0.165180368734673,0.38168173218880297,1.4506616490445186,3.0539709857432102
84,12.336987103982574,BAO KT,Max,-92.39505007435329,0.24744678117058372,0.165180368734673,0.38168173218880297,-0.008883603265560387,0.014552619840225638
84,24.67397420796515,BAO KT,Max,-92.39505007435329,0.24744678117058372,0.165180368734673,0.38168173218880297,3.2679319492463623,-0.21846376746430307
84,0.0,BAO KT,Min,-197.30465015688574,0.018795977630379435,-0.27028779684012844,-0.10540021731300514,-3.4011421787146903,0.2351148898473946
84,12.336987103982574,BAO KT,Min,-197.30465015688574,0.018795977630379435,-0.27028779684012844,-0.10540021731300514,-0.5906239107511647,-0.00015850454334649606
84,24.67397420796515,BAO KT,Min,-197.30465015688574,0.018795977630379435,-0.27028779684012844,-0.10540021731300514,-2.6249945087769757,-3.0515245107037683
85,0.0,BAO KT,Max,-92.86137902476108,0.24539298866092174,0.19029193667233213,0.4108484849956301,1.8628415309076765,2.811437707757092
85,11.457612103982575,BAO KT,Max,-92.86137902476108,0.24539298866092174,0.19029193667233213,0.4108484849956301,-0.009332662474964091,0.008857625623880807
85,22.91522420796515,BAO KT,Max,-92.86137902476108,0.24539298866092174,0.19029193667233213,0.4108484849956301,2.9627823894141967,-0.21106949574007905
85,0.0,BAO KT,Min,-196.56818973452397,0.018453983693353812,-0.27457297504389,-0.11358937606516516,-3.329118895164562,0.2118076781232564
85,11.457612103982575,BAO KT,Min,-196.56818973452397,0.018453983693353812,-0.27457297504389,-0.11358937606516516,-0.5079777371258198,-0.01214749873502751
85,22.91522420796515,BAO KT,Min,-196.56818973452397,0.018453983693353812,-0.27457297504389,-0.11358937606516516,-2.49774086290672,-2.811797646470579
86,0.0,BAO KT,Max,-97.19475197664896,2.0277389182969636,1.6000241231337415,0.6963235500325321,10.03358269572616,13.275493677212925
86,6.683862103982573,BAO KT,Max,-97.19475197664896,2.0277389182969636,1.6000241231337415,0.6963235500325321,0.13096560542505958,0.3742709519668316
86,13.367724207965146,BAO KT,Max,-97.19475197664896,2.0277389182969636,1.6000241231337415,0.6963235500325321,-1.6008187019652218,4.515236029111997
86,0.0,BAO KT,Min,-205.43426459469168,-0.6270897408064525,0.19591430956263062,-0.19172402156760887,1.018109756661934,-3.8675266796330074
86,6.683862103982573,BAO KT,Min,-205.43426459469168,-0.6270897408064525,0.19591430956263062,-0.19172402156760887,-0.8973017672010113,-0.3403644068314944
86,13.367724207965146,BAO KT,Min,-205.43426459469168,-0.6270897408064525,0.19591430956263062,-0.19172402156760887,-11.355098508416962,-13.830760948338456
87,0.0,BAO KT,Max,-84.7250319062534,0.2644504690466191,0.1268362863974086,0.35482354143150635,1.2145986717658694,3.3863593618141983
87,13.216362103982574,BAO KT,Max,-84.7250319062534,0.2644504690466191,0.1268362863974086,0.35482354143150635,0.08139920927314248,0.05543503829415157
87,26.432724207965148,BAO KT,Max,-84.7250319062534,0.2644504690466191,0.1268362863974086,0.35482354143150635,2.881361154530352,-0.06904713663363228
87,0.0,BAO KT,Min,-183.27644749517233,0.009392449103335193,-0.21785963032348024,-0.09761909884266633,-2.8772623698594417,0.17922088015217644
87,13.216362103982574,BAO KT,Min,-183.27644749517233,0.009392449103335193,-0.21785963032348024,-0.09761909884266633,-0.46831258071821047,-0.1088786287784421
87,26.432724207965148,BAO KT,Min,-183.27644749517233,0.009392449103335193,-0.21785963032348024,-0.09761909884266633,-2.1380299061393133,-3.6037869531621096
88,0.0,BAO KT,Max,-25.43927686508518,-0.10951047396746941,4.062392108142248,1.011403148403358,20.175482234493426,-0.7512940883476904
88,5.343862103982575,BAO KT,Max,-25.43927686508518,-0.10951047396746941,4.062392108142248,1.011403148403358,-0.5414768192809113,0.4493390197344047
88,10.68772420796515,BAO KT,Max,-25.43927686508518,-0.10951047396746941,4.062392108142248,1.011403148403358,27.97375334249493,20.552259729104176
88,0.0,BAO KT,Min,-143.06251033294,-3.924174052028211,-5.391842028190565,-0.34080887938108295,-29.652767227721288,-21.38823028302643
88,5.343862103982575,BAO KT,Min,-143.06251033294,-3.924174052028211,-5.391842028190565,-0.34080887938108295,-1.9264447227018715,-0.5329883720944932
88,10.68772420796515,BAO KT,Min,-143.06251033294,-3.924174052028211,-5.391842028190565,-0.34080887938108295,-23.242244241945063,0.41912365530016976
89,0.0,BAO KT,Max,-92.43838642291499,0.2762268984040752,0.16970961037329568,0.38033142215309057,1.5064257514212664,3.2752241456489917
89,12.336987103982574,BAO KT,Max,-92.43838642291499,0.2762268984040752,0.16970961037329568,0.38033142215309057,-0.009947556977768645,0.06260664986475217
89,24.67397420796515,BAO KT,Max,-92.43838642291499,0.2762268984040752,0.16970961037329568,0.38033142215309057,2.6838363458014016,-0.025417195144288085
89,0.0,BAO KT,Min,-197.3328918156209,0.0070697061831604836,-0.22294480553506768,-0.10481914668249086,-2.8170980357706643,0.14902055287690538
89,12.336987103982574,BAO KT,Min,-197.3328918156209,0.0070697061831604836,-0.22294480553506768,-0.10481914668249086,-0.5908448209722543,-0.1333885087336324
89,24.67397420796515,BAO KT,Min,-197.3328918156209,0.0070697061831604836,-0.22294480553506768,-0.10481914668249086,-2.680984797773246,-3.5403912211193695
90,0.0,BAO KT,Max,-26.540236851656086,-0.13020568839362856,3.902048497123034,0.9486607655067347,19.349382683045704,-0.8235848766712355
90,5.343862103982575,BAO KT,Max,-26.540236851656086,-0.13020568839362856,3.902048497123034,0.9486607655067347,-0.3876767606401798,0.17700559633452462
90,10.68772420796515,BAO KT,Max,-26.540236851656086,-0.13020568839362856,3.902048497123034,0.9486607655067347,24.94029999002754,19.153619073151468
90,0.0,BAO KT,Min,-144.58567375612787,-3.641162852740803,-4.8041664213322015,-0.2928118263546907,-26.405305770337932,-19.76212529322985
90,5.343862103982575,BAO KT,Min,-144.58567375612787,-3.641162852740803,-4.8041664213322015,-0.2928118263546907,-1.8097614600883412,-0.35451684774734765
90,10.68772420796515,BAO KT,Min,-144.58567375612787,-3.641162852740803,-4.8041664213322015,-0.2928118263546907,-22.35463550031018,0.5680176111881156
91,0.0,BAO KT,Max,-92.92868116921834,0.2787489534532858,0.19937275105783928,0.4095022622777223,1.9594002817358476,3.0881551846018183
91,11.457612103982575,BAO KT,Max,-92.92868116921834,0.2787489534532858,0.19937275105783928,0.4095022622777223,-0.017896998660449113,0.06594480387176607
91,22.91522420796515,BAO KT,Max,-92.92868116921834,0.2787489534532858,0.19937275105783928,0.4095022622777223,2.2757998527044236,0.012576092387423826
91,0.0,BAO KT,Min,-196.53959256519042,0.004565996855123985,-0.21484565127680783,-0.11302901136412859,-2.6474364164099224,0.11720693405545371
91,11.457612103982575,BAO KT,Min,-196.53959256519042,0.004565996855123985,-0.21484565127680783,-0.11302901136412859,-0.5072282346841188,-0.14337118686841613
91,22.91522420796515,BAO KT,Min,-196.53959256519042,0.004565996855123985,-0.21484565127680783,-0.11302901136412859,-2.60927100971336,-3.337168569927259
92,0.0,BAO KT,Max,-21.93433035950591,0.14549365759615207,3.593132912755933,0.8999641925370074,18.047998420344307,0.8323845214133918
92,5.343862103982575,BAO KT,Max,-21.93433035950591,0.14549365759615207,3.593132912755933,0.8999641925370074,-0.2999828993967676,0.06821326178330221
92,10.68772420796515,BAO KT,Max,-21.93433035950591,0.14549365759615207,3.593132912755933,0.8999641925370074,22.179008744377146,18.23109162701275
92,0.0,BAO KT,Min,-130.11650455712848,-3.4249223235009696,-4.269979168376539,-0.2644216589041566,-23.457350980987684,-18.373533600268818
92,5.343862103982575,BAO KT,Min,-130.11650455712848,-3.4249223235009696,-4.269979168376539,-0.2644216589041566,-1.6761602524669459,-0.16923765787652623
92,10.68772420796515,BAO KT,Min,-130.11650455712848,-3.4249223235009696,-4.269979168376539,-0.2644216589041566,-20.354415193753606,-0.7317583642535398
93,0.0,BAO KT,Max,-84.37388583521431,0.28013272079285456,0.1326212066814762,0.353508300963843,1.2814762721837565,3.6881125848057557
93,13.216362103982574,BAO KT,Max,-84.37388583521431,0.28013272079285456,0.1326212066814762,0.353508300963843,0.06686870502161464,0.08669062064303464
93,26.432724207965148,BAO KT,Max,-84.37388583521431,0.28013272079285456,0.1326212066814762,0.353508300963843,2.3541529680358657,0.0695815719032804
93,0.0,BAO KT,Min,-182.7083012411848,0.001294535410360665,-0.1783449717001245,-0.09709847412571988,-2.3599904827908746,0.10379966938278887
93,13.216362103982574,BAO KT,Min,-182.7083012411848,0.001294535410360665,-0.1783449717001245,-0.09709847412571988,-0.4780531677135505,-0.07273067404407048
93,26.432724207965148,BAO KT,Min,-182.7083012411848,0.001294535410360665,-0.1783449717001245,-0.09709847412571988,-2.2240635081552487,-3.7165583655386736
94,0.0,BAO KT,Max,-27.663490593525722,0.48376801687547055,3.5982204580390023,0.9330958347668888,17.859082452328956,2.594317547739778
94,5.343862103982575,BAO KT,Max,-27.663490593525722,0.48376801687547055,3.5982204580390023,0.9330958347668888,-0.3982023145124345,0.3579584396422967
94,10.68772420796515,BAO KT,Max,-27.663490593525722,0.48376801687547055,3.5982204580390023,0.9330958347668888,19.135516394540716,16.934403818340503
94,0.0,BAO KT,Min,-140.88047287929228,-3.1611109225655007,-3.706222473737868,-0.24894381795044312,-20.475567258131978,-16.85067791282585
94,5.343862103982575,BAO KT,Min,-140.88047287929228,-3.1611109225655007,-3.706222473737868,-0.24894381795044312,-1.7866836169957347,-0.006377441949201659
94,10.68772420796515,BAO KT,Min,-140.88047287929228,-3.1611109225655007,-3.706222473737868,-0.24894381795044312,-20.597705442649936,-2.576061597259482
95,0.0,BAO KT,Max,-91.7587780750602,0.29739887196607395,0.1750436996979607,0.37917277125619353,1.5685569996576052,3.6448338559011337
95,12.336987103982574,BAO KT,Max,-91.7587780750602,0.29739887196607395,0.1750436996979607,0.37917277125619353,-0.009563250761257393,0.08850353876236544
95,24.67397420796515,BAO KT,Max,-91.7587780750602,0.29739887196607395,0.1750436996979607,0.37917277125619353,2.0949223876613763,0.09667248916674387
95,0.0,BAO KT,Min,-196.00754893778452,-0.0006621511666929855,-0.1753535343460571,-0.10432959955003308,-2.2317461960687672,0.08033458835798707
95,12.336987103982574,BAO KT,Min,-196.00754893778452,-0.0006621511666929855,-0.1753535343460571,-0.10432959955003308,-0.5942592659418194,-0.09900610130536394
95,24.67397420796515,BAO KT,Min,-196.00754893778452,-0.0006621511666929855,-0.1753535343460571,-0.10432959955003308,-2.750466731956674,-3.693178240467704
96,0.0,BAO KT,Max,-28.39871634882934,0.832885565367822,3.7286635610342724,0.9208781705498844,18.119906714071256,4.40421764689821
96,5.343862103982575,BAO KT,Max,-28.39871634882934,0.832885565367822,3.7286635610342724,0.9208781705498844,-0.5488936930575727,0.1527820817987377
96,10.68772420796515,BAO KT,Max,-28.39871634882934,0.832885565367822,3.7286635610342724,0.9208781705498844,15.474510286154665,14.816629967211917
96,0.0,BAO KT,Min,-156.27253951792258,-2.781066546842672,-3.039013334762677,-0.23926168291650518,-17.005626100117297,-14.906642289440553
96,5.343862103982575,BAO KT,Min,-156.27253951792258,-2.781066546842672,-3.039013334762677,-0.23926168291650518,-1.9786303400558596,-0.11272279723487397
96,10.68772420796515,BAO KT,Min,-156.27253951792258,-2.781066546842672,-3.039013334762677,-0.23926168291650518,-21.73102109055228,-4.497433572548202
97,0.0,BAO KT,Max,-92.28021572615066,0.309553507586944,0.1998161766658873,0.4083027560473324,1.989676038972291,3.521133948329964
97,11.457612103982575,BAO KT,Max,-92.28021572615066,0.309553507586944,0.1998161766658873,0.4083027560473324,0.007571845958325177,0.09454815454957198
97,22.91522420796515,BAO KT,Max,-92.28021572615066,0.309553507586944,0.1998161766658873,0.4083027560473324,1.6130812207375003,0.14457351605208585
97,0.0,BAO KT,Min,-195.04677853566915,-0.0044922621328843775,-0.15676311073120558,-0.11257562346960245,-1.9791806092061435,0.04163232207608858
97,11.457612103982575,BAO KT,Min,-195.04677853566915,-0.0044922621328843775,-0.15676311073120558,-0.11257562346960245,-0.5023955810400156,-0.10742558674524645
97,22.91522420796515,BAO KT,Min,-195.04677853566915,-0.0044922621328843775,-0.15676311073120558,-0.11257562346960245,-2.589156449704891,-3.572354082386898
98,0.0,BAO KT,Max,-31.94119035035089,1.1215781264442968,3.684889910452837,0.8986331389230862,17.78067550967872,6.041977488210567
98,5.343862103982575,BAO KT,Max,-31.94119035035089,1.1215781264442968,3.684889910452837,0.8986331389230862,-0.64780331207562,0.04841864164911251
98,10.68772420796515,BAO KT,Max,-31.94119035035089,1.1215781264442968,3.684889910452837,0.8986331389230862,12.30425158316224,13.151555090343324
98,0.0,BAO KT,Min,-160.30053350634674,-2.4631669678648467,-2.4479218617545193,-0.27091984356162774,-13.858462157918657,-13.174094140365916
98,5.343862103982575,BAO KT,Min,-160.30053350634674,-2.4631669678648467,-2.4479218617545193,-0.27091984356162774,-2.032562875195583,-0.10736528497721896
98,10.68772420796515,BAO KT,Min,-160.30053350634674,-2.4631669678648467,-2.4479218617545193,-0.27091984356162774,-21.60241158995461,-5.9451402049123425
99,0.0,BAO KT,Max,-82.66307964883116,0.3093779302376737,0.14455847731595367,0.3526734264176355,1.4023200566010754,4.042014286501397
99,13.216362103982574,BAO KT,Max,-82.66307964883116,0.3093779302376737,0.14455847731595367,0.3526734264176355,0.013613222627832013,-0.04027536026406296
99,26.432724207965148,BAO KT,Max,-82.66307964883116,0.3093779302376737,0.14455847731595367,0.3526734264176355,1.7542718653256852,-0.43599108507350215
99,0.0,BAO KT,Min,-179.1960273789955,0.02994135010043312,-0.13473627706269928,-0.09666636351620884,-1.8071749870806249,0.3554403645453762
99,13.216362103982574,BAO KT,Min,-179.1960273789955,0.02994135010043312,-0.13473627706269928,-0.09666636351620884,-0.5148745285849756,-0.08812072110614702
99,26.432724207965148,BAO KT,Min,-179.1960273789955,0.02994135010043312,-0.13473627706269928,-0.09666636351620884,-2.4187543062149133,-4.135687219502112
100,0.0,BAO KT,Max,-37.168516276279234,1.4368002198671803,3.5268097425430986,0.8878008694310379,16.997011202111686,7.7023880798305004
100,5.343862103982575,BAO KT,Max,-37.168516276279234,1.4368002198671803,3.5268097425430986,0.8878008694310379,-0.6017791423386663,0.16547697019050636
100,10.68772420796515,BAO KT,Max,-37.168516276279234,1.4368002198671803,3.5268097425430986,0.8878008694310379,9.33159084377835,11.438468057404755
100,0.0,BAO KT,Min,-160.01040353433163,-2.1394729006739692,-1.8875021835593129,-0.2618060189197832,-10.841511936035596,-11.427628255413847
100,5.343862103982575,BAO KT,Min,-160.01040353433163,-2.1394729006739692,-1.8875021835593129,-0.2618060189197832,-2.0166088601900203,-0.14737374628649988
100,10.68772420796515,BAO KT,Min,-160.01040353433163,-2.1394729006739692,-1.8875021835593129,-0.2618060189197832,-20.696558660153524,-7.653736412053613
101,0.0,BAO KT,Max,-88.23883101871205,0.3394574311061157,0.1843013457478246,0.3784134401130549,1.662747823722359,4.101089899761802
101,12.336987103982574,BAO KT,Max,-88.23883101871205,0.3394574311061157,0.1843013457478246,0.3784134401130549,-0.022868496138007736,-0.08419073552347364
101,24.67397420796515,BAO KT,Max,-88.23883101871205,0.3394574311061157,0.1843013457478246,0.3784134401130549,1.4659841576504133,-0.6010060894868225
101,0.0,BAO KT,Min,-189.06316202430088,0.04175054572974285,-0.1253634615131504,-0.1039078285841302,-1.6272306583462912,0.4291457990173221
101,12.336987103982574,BAO KT,Min,-189.06316202430088,0.04175054572974285,-0.1253634615131504,-0.1039078285841302,-0.6133009239172093,-0.1752513871053283
101,24.67397420796515,BAO KT,Min,-189.06316202430088,0.04175054572974285,-0.1253634615131504,-0.1039078285841302,-2.884698827752733,-4.274674000052604
103,0.0,BAO KT,Max,-36.29006407670508,1.7603037411556683,3.3566596997239184,0.8853456482818547,16.202177587322847,9.409602907324714
103,5.343862103982575,BAO KT,Max,-36.29006407670508,1.7603037411556683,3.3566596997239184,0.8853456482818547,-0.5579126656541185,0.010673560528890937
103,10.68772420796515,BAO KT,Max,-36.29006407670508,1.7603037411556683,3.3566596997239184,0.8853456482818547,6.40663176404821,9.895323668591956
103,0.0,BAO KT,Min,-135.06038043354496,-1.8647145512193082,-1.3350284818097475,-0.24280102384297203,-7.861784459312789,-10.034231181419516
103,5.343862103982575,BAO KT,Min,-135.06038043354496,-1.8647145512193082,-1.3350284818097475,-0.24280102384297203,-1.985175454544073,-0.35656066473692277
103,10.68772420796515,BAO KT,Min,-135.06038043354496,-1.8647145512193082,-1.3350284818097475,-0.24280102384297203,-19.67287554331751,-9.40403800039634
104,0.0,BAO KT,Max,-88.25194188889543,0.36200753198622737,0.19723906594278467,0.4075428966347644,1.996769265308043,4.049686833979956
104,11.457612103982575,BAO KT,Max,-88.25194188889543,0.36200753198622737,0.19723906594278467,0.4075428966347644,0.03674853390901246,-0.09703002024619821
104,22.91522420796515,BAO KT,Max,-88.25194188889543,0.36200753198622737,0.19723906594278467,0.4075428966347644,0.9885508606725453,-0.6345026498535687
104,0.0,BAO KT,Min,-186.81721987804445,0.0465800529295604,-0.10121538672760431,-0.11215536207865429,-1.3308224194864073,0.4328897066461917
104,11.457612103982575,BAO KT,Min,-186.81721987804445,0.0465800529295604,-0.10121538672760431,-0.11215536207865429,-0.48237364518314113,-0.20512369487813428
104,22.91522420796515,BAO KT,Min,-186.81721987804445,0.0465800529295604,-0.10121538672760431,-0.11215536207865429,-2.523008153340491,-4.245796926456561
105,0.0,BAO KT,Max,-37.474589166191706,2.023712907150792,3.14170515187574,0.8745309446101173,15.25591714091188,10.915964815366104
105,5.343862103982575,BAO KT,Max,-37.474589166191706,2.023712907150792,3.14170515187574,0.8745309446101173,-0.5017177569555785,0.21163556009518136
105,10.68772420796515,BAO KT,Max,-37.474589166191706,2.023712907150792,3.14170515187574,0.8745309446101173,3.614890779891128,10.184888019023981
105,0.0,BAO KT,Min,-121.52981663480031,-1.8961023521658942,-0.8023086745653732,-0.24443955121806527,-4.959963063521645,-10.0895822843078
105,5.343862103982575,BAO KT,Min,-121.52981663480031,-1.8961023521658942,-0.8023086745653732,-0.24443955121806527,-1.9087745989501537,-0.1334977297750215
105,10.68772420796515,BAO KT,Min,-121.52981663480031,-1.8961023521658942,-0.8023086745653732,-0.24443955121806527,-18.321761065079297,-10.712920612360946
106,0.0,BAO KT,Max,-79.25189629121901,0.33622709157827724,0.17745249955219058,0.3523877114986189,1.7455529253015591,4.375085729988021
106,13.216362103982574,BAO KT,Max,-79.25189629121901,0.33622709157827724,0.17745249955219058,0.3523877114986189,-0.07059925678792235,-0.0569600933937654
106,26.432724207965148,BAO KT,Max,-79.25189629121901,0.33622709157827724,0.17745249955219058,0.3523877114986189,1.327331116909443,-0.5022020249139201
106,0.0,BAO KT,Min,-171.6636645006569,0.033688690429114904,-0.10724908611623443,-0.09634587847293806,-1.5075543979572856,0.3882818381263893
106,13.216362103982574,BAO KT,Min,-171.6636645006569,0.033688690429114904,-0.10724908611623443,-0.09634587847293806,-0.6078869957386528,-0.20088364863756708
106,26.432724207965148,BAO KT,Min,-171.6636645006569,0.033688690429114904,-0.10724908611623443,-0.09634587847293806,-2.945000055375553,-4.512312252946823
107,0.0,BAO KT,Max,-48.05189634649906,2.366228091924433,3.150070709287844,0.8671447911617698,15.081123697146865,12.701490455757044
107,5.343862103982575,BAO KT,Max,-48.05189634649906,2.366228091924433,3.150070709287844,0.8671447911617698,-0.5566995025826557,0.33183321106781577
107,10.68772420796515,BAO KT,Max,-48.05189634649906,2.366228091924433,3.150070709287844,0.8671447911617698,0.6745568320439039,10.731676288827225
107,0.0,BAO KT,Min,-151.2746278160599,-1.9769903765168038,-0.2500302263499463,-0.24064053264875626,-1.9976972708394238,-10.397851617185555
107,5.343862103982575,BAO KT,Min,-151.2746278160599,-1.9769903765168038,-0.2500302263499463,-0.24064053264875626,-1.906018391446768,-0.012883644362021107
107,10.68772420796515,BAO KT,Min,-151.2746278160599,-1.9769903765168038,-0.2500302263499463,-0.24064053264875626,-18.58596327931078,-12.588102803870903
108,0.0,BAO KT,Max,-79.6132352928335,0.3832420928403636,0.2119691860456923,0.3781168114231728,1.9518568854387686,4.571574672609526
108,12.336987103982574,BAO KT,Max,-79.6132352928335,0.3832420928403636,0.2119691860456923,0.3781168114231728,-0.07400793580862586,-0.15260103601848343
108,24.67397420796515,BAO KT,Max,-79.6132352928335,0.3832420928403636,0.2119691860456923,0.3781168114231728,1.1047827077605437,-0.8741332422601289
108,0.0,BAO KT,Min,-171.71657520579885,0.05832724227555979,-0.09939938673195318,-0.10356664523097558,-1.3477951967512225,0.5650316292687679
108,12.336987103982574,BAO KT,Min,-171.71657520579885,0.05832724227555979,-0.09939938673195318,-0.10356664523097558,-0.6674486051544148,-0.37796574748787337
108,24.67397420796515,BAO KT,Min,-171.71657520579885,0.05832724227555979,-0.09939938673195318,-0.10356664523097558,-3.278265343936009,-4.88453084154019
109,0.0,BAO KT,Max,-52.95744854604255,2.681313162384341,3.0555998391720505,0.8657064290342367,14.563668241993478,14.392441146698623
109,5.343862103982575,BAO KT,Max,-52.95744854604255,2.681313162384341,3.0555998391720505,0.8657064290342367,-0.5214550555554425,0.10417701270217898
109,10.68772420796515,BAO KT,Max,-52.95744854604255,2.681313162384341,3.0555998391720505,0.8657064290342367,-2.03168038588186,9.905552945615085
109,0.0,BAO KT,Min,-163.88282457470794,-1.8577725024919602,0.2694796632802622,-0.2368298487166841,0.8484439349128952,-9.974567748011266
109,5.343862103982575,BAO KT,Min,-163.88282457470794,-1.8577725024919602,0.2694796632802622,-0.2368298487166841,-1.8092629049015418,-0.05295204508708981
109,10.68772420796515,BAO KT,Min,-163.88282457470794,-1.8577725024919602,0.2694796632802622,-0.2368298487166841,-18.093740128980066,-14.264694448052092
110,0.0,BAO KT,Max,-77.92543909254898,0.41712254834639095,0.1967100537233124,0.40717279461623695,2.0194620034203457,4.5985533392042885
110,11.457612103982575,BAO KT,Max,-77.92543909254898,0.41712254834639095,0.1967100537233124,0.40717279461623695,0.0409970519483603,-0.1796899559617269
110,22.91522420796515,BAO KT,Max,-77.92543909254898,0.41712254834639095,0.1967100537233124,0.40717279461623695,0.8405992895505839,-1.0713160589210713
110,0.0,BAO KT,Min,-165.5255308895532,0.07512667942741039,-0.08651703378469905,-0.11183816163898079,-1.1419579374338906,0.6502286441579606
110,11.457612103982575,BAO KT,Min,-165.5255308895532,0.07512667942741039,-0.08651703378469905,-0.11183816163898079,-0.4395407346033945,-0.4377230038890513
110,22.91522420796515,BAO KT,Min,-165.5255308895532,0.07512667942741039,-0.08651703378469905,-0.11183816163898079,-2.4881929816102284,-4.959903378351043
111,0.0,BAO KT,Max,-56.33116302880872,2.987402699066993,2.880491162847006,0.8625320060360276,13.843791186471835,16.057326682170924
111,5.343862103982575,BAO KT,Max,-56.33116302880872,2.987402699066993,2.880491162847006,0.8625320060360276,-0.41112787636430387,0.09305860929155699
111,10.68772420796515,BAO KT,Max,-56.33116302880872,2.987402699066993,2.880491162847006,0.8625320060360276,-4.469718838310007,9.79071612524515
111,0.0,BAO KT,Min,-165.0069140597293,-1.8431977404643507,0.7512376656285418,-0.24136223643100627,3.5593021465633883,-9.90887298558236
111,5.343862103982575,BAO KT,Min,-165.0069140597293,-1.8431977404643507,0.7512376656285418,-0.24136223643100627,-1.5785610849890512,-0.16389023946338305
111,10.68772420796515,BAO KT,Min,-165.0069140597293,-1.8431977404643507,0.7512376656285418,-0.24136223643100627,-16.942103945517793,-15.871209463587808
112,0.0,BAO KT,Max,-76.51012066294612,0.34587826179120684,0.2405976103811445,0.35262550474793297,2.474754585631472,4.557276427748505
112,13.216362103982574,BAO KT,Max,-76.51012066294612,0.34587826179120684,0.2405976103811445,0.35262550474793297,-0.14397509476236298,0.10631981314433468
112,26.432724207965148,BAO KT,Max,-76.51012066294612,0.34587826179120684,0.2405976103811445,0.35262550474793297,1.1784490055204133,0.13895615889131838
112,0.0,BAO KT,Min,-165.10015285337255,-0.00265870469389436,-0.10154466634742305,-0.09627668859419397,-1.5056531548308598,0.06867935096718636
112,13.216362103982574,BAO KT,Min,-165.10015285337255,-0.00265870469389436,-0.10154466634742305,-0.09627668859419397,-0.7144406558367946,-0.04462668889447094
112,26.432724207965148,BAO KT,Min,-165.10015285337255,-0.00265870469389436,-0.10154466634742305,-0.09627668859419397,-3.884895694668773,-4.585228275708835
113,0.0,BAO KT,Max,-60.71975840511982,3.334741772299629,2.6632698425046755,0.8668985280803618,12.976268458849646,17.866421603502978
113,5.343862103982575,BAO KT,Max,-60.71975840511982,3.334741772299629,2.6632698425046755,0.8668985280803618,-0.28976844795797746,0.17341676914516344
113,10.68772420796515,BAO KT,Max,-60.71975840511982,3.334741772299629,2.6632698425046755,0.8668985280803618,-5.983770921811592,10.565864493956216
113,0.0,BAO KT,Min,-156.54566156534804,-1.95144430943184,0.9863698347973291,-0.23750947705707792,4.558277839558407,-10.290634092454297
113,5.343862103982575,BAO KT,Min,-156.54566156534804,-1.95144430943184,0.9863698347973291,-0.23750947705707792,-1.3760336897513832,-0.3036995026155096
113,10.68772420796515,BAO KT,Min,-156.54566156534804,-1.95144430943184,0.9863698347973291,-0.23750947705707792,-15.488025109231103,-17.774378763616376
114,0.0,BAO KT,Max,-77.18545148015491,0.3568011734790978,0.25106229760888343,0.35262285407589516,2.7410115019936,4.750918903013021
114,13.216362103982574,BAO KT,Max,-77.18545148015491,0.3568011734790978,0.25106229760888343,0.35262285407589516,-0.07417269730814188,0.10207841015358113
114,26.432724207965148,BAO KT,Max,-77.18545148015491,0.3568011734790978,0.25106229760888343,0.35262285407589516,1.6116916973219788,0.07895927793172348
114,0.0,BAO KT,Min,-165.20543761283335,0.0009763005094406141,-0.12884544420873004,-0.09673927653000423,-1.7940443949001423,0.1047655600418631
114,13.216362103982574,BAO KT,Min,-165.20543761283335,0.0009763005094406141,-0.12884544420873004,-0.09673927653000423,-0.5894805229752019,-0.012703394444056996
114,26.432724207965148,BAO KT,Min,-165.20543761283335,0.0009763005094406141,-0.12884544420873004,-0.09673927653000423,-3.895248969720083,-4.680308112638299
115,0.0,BAO KT,Max,-58.27991619449874,3.606976185149474,2.783073178111888,0.8735218212560895,14.561762975988653,19.414667620954372
115,5.343862103982575,BAO KT,Max,-58.27991619449874,3.606976185149474,2.783073178111888,0.8735218212560895,-0.2916776597631205,0.14811775120084142
115,10.68772420796515,BAO KT,Max,-58.27991619449874,3.606976185149474,2.783073178111888,0.8735218212560895,-5.919951438799549,10.004280346077273
115,0.0,BAO KT,Min,-130.5937703868982,-1.8738550213571323,1.030303837584666,-0.2363681277270671,5.091651827713482,-10.022965327898405
115,5.343862103982575,BAO KT,Min,-130.5937703868982,-1.8738550213571323,1.030303837584666,-0.2363681277270671,-1.4764277029936341,-0.13331172206233463
115,10.68772420796515,BAO KT,Min,-130.5937703868982,-1.8738550213571323,1.030303837584666,-0.2363681277270671,-15.182955602256277,-19.135699070621445
116,0.0,BAO KT,Max,-76.94957267546819,0.36992049984863357,0.30317183237838086,0.37815884262058286,3.099617110954191,4.686185478720052
116,12.336987103982574,BAO KT,Max,-76.94957267546819,0.36992049984863357,0.30317183237838086,0.37815884262058286,-0.08533979024541662,0.24050378863947372
116,24.67397420796515,BAO KT,Max,-76.94957267546819,0.36992049984863357,0.30317183237838086,0.37815884262058286,1.4426575439432026,0.6492949239905785
116,0.0,BAO KT,Min,-164.4922663569074,-0.03390937585305433,-0.12664731004916427,-0.103802662645907,-1.6822349177180422,-0.18738414121588015
116,12.336987103982574,BAO KT,Min,-164.4922663569074,-0.03390937585305433,-0.12664731004916427,-0.103802662645907,-0.64690210547801,0.11049205874039937
116,24.67397420796515,BAO KT,Min,-164.4922663569074,-0.03390937585305433,-0.12664731004916427,-0.103802662645907,-4.380836861731511,-4.441223393542708
117,0.0,BAO KT,Max,-59.13515331266409,3.9768514691768853,3.3778443224148944,0.8778273448877523,17.678840576261983,21.204718166521694
117,5.343862103982575,BAO KT,Max,-59.13515331266409,3.9768514691768853,3.3778443224148944,0.8778273448877523,-0.37189369144366674,0.3988475837850958
117,10.68772420796515,BAO KT,Max,-59.13515331266409,3.9768514691768853,3.3778443224148944,0.8778273448877523,-5.359669257908337,10.439602127246276
117,0.0,BAO KT,Min,-141.4541085465188,-1.9271821258784192,0.9111524955141439,-0.23828760867281473,4.378477325546038,-10.157588932662245
117,5.343862103982575,BAO KT,Min,-141.4541085465188,-1.9271821258784192,0.9111524955141439,-0.23828760867281473,-1.5620467795126178,-0.271768212671705
117,10.68772420796515,BAO KT,Min,-141.4541085465188,-1.9271821258784192,0.9111524955141439,-0.23828760867281473,-18.42262795914932,-21.398486550029226
119,0.0,BAO KT,Max,-75.55959933756493,0.3988799686275311,0.2866648493483648,0.4072595517861767,2.9609349877876365,4.719376900039592
119,11.457612103982575,BAO KT,Max,-75.55959933756493,0.3988799686275311,0.2866648493483648,0.4072595517861767,-0.011853206330466288,0.2836028705746874
119,22.91522420796515,BAO KT,Max,-75.55959933756493,0.3988799686275311,0.2866648493483648,0.4072595517861767,1.2473973059519343,0.8566639294878726
119,0.0,BAO KT,Min,-158.66119386260732,-0.05059967252502018,-0.12150904566806922,-0.11210757509265573,-1.5370097188277483,-0.3028389112725789
119,11.457612103982575,BAO KT,Min,-158.66119386260732,-0.05059967252502018,-0.12150904566806922,-0.11210757509265573,-0.41776430969349854,0.14266403254040463
119,22.91522420796515,BAO KT,Min,-158.66119386260732,-0.05059967252502018,-0.12150904566806922,-0.11210757509265573,-3.6309357485335108,-4.421047013126389
120,0.0,BAO KT,Max,-77.72737414996888,0.38080680074719286,0.26411486898081593,0.3530038821949625,3.0303148861628753,5.059764609695051
120,13.216362103982574,BAO KT,Max,-77.72737414996888,0.38080680074719286,0.26411486898081593,0.3530038821949625,0.00859817019701321,0.19662358936284216
120,26.432724207965148,BAO KT,Max,-77.72737414996888,0.38080680074719286,0.26411486898081593,0.3530038821949625,2.0091040440946175,0.4340284751151138
120,0.0,BAO KT,Min,-164.31699823941165,-0.01914735748781446,-0.15412430708430866,-0.09684552862116345,-2.064821258808642,-0.07208834467160216
120,13.216362103982574,BAO KT,Min,-164.31699823941165,-0.01914735748781446,-0.15412430708430866,-0.09684552862116345,-0.4737810093076804,-0.23677177411132516
120,26.432724207965148,BAO KT,Min,-164.31699823941165,-0.01914735748781446,-0.15412430708430866,-0.09684552862116345,-3.9509606048298815,-5.005996530973033
121,0.0,BAO KT,Max,-82.66274863610663,0.4075641667403284,0.3285320867377197,0.3785139468929809,3.5079829918543037,5.107306263679329
121,12.336987103982574,BAO KT,Max,-82.66274863610663,0.4075641667403284,0.3285320867377197,0.3785139468929809,-0.03167432549496763,0.298425759474394
121,24.67397420796515,BAO KT,Max,-82.66274863610663,0.4075641667403284,0.3285320867377197,0.3785139468929809,1.7885394891514896,0.8588254419607386
121,0.0,BAO KT,Min,-173.24464894233844,-0.04662823432661888,-0.15103134222668518,-0.10396602820881391,-1.938003953544098,-0.2916784091772109
121,12.336987103982574,BAO KT,Min,-173.24464894233844,-0.04662823432661888,-0.15103134222668518,-0.10396602820881391,-0.55147246322515,-0.1823458896882319
121,24.67397420796515,BAO KT,Min,-173.24464894233844,-0.04662823432661888,-0.15103134222668518,-0.10396602820881391,-4.598209242801161,-4.948921474562342
122,0.0,BAO KT,Max,-83.44433247365345,0.44544074364416486,0.3529351348322136,0.4077382655803626,3.7010034712982405,5.204190543549974
122,11.457612103982575,BAO KT,Max,-83.44433247365345,0.44544074364416486,0.3529351348322136,0.4077382655803626,-0.009742746353125399,0.33870068826467636
122,22.91522420796515,BAO KT,Max,-83.44433247365345,0.44544074364416486,0.3529351348322136,0.4077382655803626,1.3764002483687414,1.0469094741583476
122,0.0,BAO KT,Min,-171.51503789006875,-0.06303117677198229,-0.13416895504672782,-0.11242749232424845,-1.6981114382754239,-0.39746407366351166
122,11.457612103982575,BAO KT,Min,-171.51503789006875,-0.06303117677198229,-0.13416895504672782,-0.11242749232424845,-0.43763973275930323,-0.15770938878083107
122,22.91522420796515,BAO KT,Min,-171.51503789006875,-0.06303117677198229,-0.13416895504672782,-0.11242749232424845,-4.3968251574724,-5.00318396841879
123,0.0,BAO KT,Max,-52.511398723814594,0.10240741014656128,0.5882437742765945,0.44743072614647506,6.885401371506373,1.1986250624851675
123,11.61549490547804,BAO KT,Max,-52.511398723814594,0.10240741014656128,0.5882437742765945,0.44743072614647506,0.4062275992296285,0.24321830548115253
123,23.23098981095608,BAO KT,Max,-52.511398723814594,0.10240741014656128,0.5882437742765945,0.44743072614647506,2.2064453514885125,3.018156261277967
123,0.0,BAO KT,Min,-152.6712214264036,-0.23937476869909968,-0.16654154915980932,-0.0932648657444907,-1.662479680143859,-2.5427565513707857
123,11.61549490547804,BAO KT,Min,-152.6712214264036,-0.23937476869909968,-0.16654154915980932,-0.0932648657444907,0.018612494106858293,-0.013583097914523432
123,23.23098981095608,BAO KT,Min,-152.6712214264036,-0.23937476869909968,-0.16654154915980932,-0.0932648657444907,-6.78008375507154,-1.180400439195998
125,0.0,BAO KT,Max,-53.47254623793045,0.09228625756064394,0.49049415993367507,0.46873408884722056,6.245739069664859,1.16899589200934
125,12.50331265241408,BAO KT,Max,-53.47254623793045,0.09228625756064394,0.49049415993367507,0.46873408884722056,0.7473389673878981,0.2408548828513083
125,25.00662530482816,BAO KT,Max,-53.47254623793045,0.09228625756064394,0.49049415993367507,0.46873408884722056,3.0145776663242696,3.357452104325172
125,0.0,BAO KT,Min,-163.84756229010057,-0.249802150600909,-0.18133104097805824,-0.08139904598656174,-1.5198997315484732,-2.889256676092014
125,12.50331265241408,BAO KT,Min,-163.84756229010057,-0.249802150600909,-0.18133104097805824,-0.08139904598656174,0.11293723383092383,0.0070858153042355956
125,25.00662530482816,BAO KT,Min,-163.84756229010057,-0.249802150600909,-0.18133104097805824,-0.08139904598656174,-6.019864602003011,-1.1387719715945477
126,0.0,BAO KT,Max,-58.11387830958426,0.20956553601345082,0.16932816860179667,0.3527149742584066,1.4021344803882254,2.3153072271163544
126,12.173824496591372,BAO KT,Max,-58.11387830958426,0.20956553601345082,0.16932816860179667,0.3527149742584066,-0.1345121548093406,-0.002839160934009359
126,24.347648993182744,BAO KT,Max,-58.11387830958426,0.20956553601345082,0.16932816860179667,0.3527149742584066,5.736657983731998,1.6502169949769925
126,0.0,BAO KT,Min,-170.98168860699312,-0.13680340806242566,-0.4920111544751753,-0.17831059093378776,-6.2426569061601835,-1.6806243655980944
126,12.173824496591372,BAO KT,Min,-170.98168860699312,-0.13680340806242566,-0.4920111544751753,-0.17831059093378776,-0.7846385249929795,-0.24328384575865683
126,24.347648993182744,BAO KT,Min,-170.98168860699312,-0.13680340806242566,-0.4920111544751753,-0.17831059093378776,-2.720608333386787,-2.7871208848073437
127,0.0,BAO KT,Max,-54.34214329267447,0.19219946369523716,0.16800486259837907,0.3860996601422555,1.6795002071647662,1.9320670953839798
127,11.302734574507001,BAO KT,Max,-54.34214329267447,0.19219946369523716,0.16800486259837907,0.3860996601422555,-0.0005991967017949705,0.01777140249230836
127,22.605469149014002,BAO KT,Max,-54.34214329267447,0.19219946369523716,0.16800486259837907,0.3860996601422555,6.44889756724359,1.6317756694591738
127,0.0,BAO KT,Min,-157.2363137549822,-0.14659570034960567,-0.5892272774553352,-0.15021903162212458,-6.870861475030502,-1.6835011040727963
127,11.302734574507001,BAO KT,Min,-157.2363137549822,-0.14659570034960567,-0.5892272774553352,-0.15021903162212458,-0.48195637472397457,-0.24466660230063422
127,22.605469149014002,BAO KT,Min,-157.2363137549822,-0.14659570034960567,-0.5892272774553352,-0.15021903162212458,-2.118328531187228,-2.4126919516357406
128,0.0,BAO KT,Max,-27.91141411857532,0.008115282177036425,0.06967337382260154,0.45618845054253954,1.0244104471542343,-0.08070343449354184
128,12.173824496591356,BAO KT,Max,-27.91141411857532,0.008115282177036425,0.06967337382260154,0.45618845054253954,0.6938702339662209,-0.001946526902765989
128,24.347648993182712,BAO KT,Max,-27.91141411857532,0.008115282177036425,0.06967337382260154,0.45618845054253954,4.104186347451117,4.758608511179736
128,0.0,BAO KT,Min,-149.28500905181016,-0.39239601462982693,-0.288978895736898,-0.08581967576589186,-2.93177037238842,-4.795311919351079
128,12.173824496591356,BAO KT,Min,-149.28500905181016,-0.39239601462982693,-0.288978895736898,-0.08581967576589186,0.060734063882085916,-0.1844083729238479
128,24.347648993182712,BAO KT,Min,-149.28500905181016,-0.39239601462982693,-0.288978895736898,-0.08581967576589186,-0.6719724028492728,-0.2782914764206563
129,0.0,BAO KT,Max,-26.835771140694256,0.014310305589135566,0.06344852410472643,0.44566796288382066,0.8633523490739499,-0.024189071277808366
129,11.302734574507,BAO KT,Max,-26.835771140694256,0.014310305589135566,0.06344852410472643,0.44566796288382066,0.40177766845389895,0.04782559457268697
129,22.605469149014,BAO KT,Max,-26.835771140694256,0.014310305589135566,0.06344852410472643,0.44566796288382066,2.9654636322457963,4.743797668017942
129,0.0,BAO KT,Min,-139.94977857588333,-0.4211233997772754,-0.24145548515288145,-0.09833672231672819,-2.5260008102158893,-4.775894353575145
129,11.302734574507,BAO KT,Min,-139.94977857588333,-0.4211233997772754,-0.24145548515288145,-0.09833672231672819,-0.032325214907649044,-0.19217237368359188
129,22.605469149014,BAO KT,Min,-139.94977857588333,-0.4211233997772754,-0.24145548515288145,-0.09833672231672819,-0.5709313051259144,-0.347680242785975
132,0.0,BAO KT,Max,-69.4709464590489,0.3700796228120379,0.27446804845363576,0.3678171033876481,2.8002914517455153,4.315397455345735
132,11.61549490547804,BAO KT,Max,-69.4709464590489,0.3700796228120379,0.27446804845363576,0.3678171033876481,-0.021698863271523247,0.18973717521003286
132,23.23098981095608,BAO KT,Max,-69.4709464590489,0.3700796228120379,0.27446804845363576,0.3678171033876481,0.7419687765488463,0.9233537366803446
132,0.0,BAO KT,Min,-166.44005324855675,-0.0636530283257279,-0.0729965238369362,-0.14843091806828534,-0.9538127249422308,-0.5553691157911389
132,11.61549490547804,BAO KT,Min,-166.44005324855675,-0.0636530283257279,-0.0729965238369362,-0.14843091806828534,-0.4602401893468622,-0.03381553860175279
132,23.23098981095608,BAO KT,Min,-166.44005324855675,-0.0636530283257279,-0.0729965238369362,-0.14843091806828534,-3.5758729853138966,-4.281918491443185
135,0.0,BAO KT,Max,-70.04933867810134,0.34441221245271225,0.3248380812837548,0.33233333459751735,3.268464778800315,4.326283413104786
135,12.503312652414088,BAO KT,Max,-70.04933867810134,0.34441221245271225,0.3248380812837548,0.33233333459751735,-0.1464698226864121,0.18233700544604714
135,25.006625304828177,BAO KT,Max,-70.04933867810134,0.34441221245271225,0.3248380812837548,0.33233333459751735,0.7811598022592168,0.8542484296937584
135,0.0,BAO KT,Min,-176.5143441482242,-0.05408908578958854,-0.07419070855326695,-0.18289666972125362,-1.074099447632041,-0.4983370717271889
135,12.503312652414088,BAO KT,Min,-176.5143441482242,-0.05408908578958854,-0.07419070855326695,-0.18289666972125362,-0.7930873129007735,0.007939933004123845
135,25.006625304828177,BAO KT,Min,-176.5143441482242,-0.05408908578958854,-0.07419070855326695,-0.18289666972125362,-4.854639404601862,-4.286303734107067
136,0.0,BAO KT,Max,-54.72184429643108,1.3770370911027703,0.95756554976319,0.6311984116150136,6.4284006748950056,9.403412132641304
136,6.796009093209668,BAO KT,Max,-54.72184429643108,1.3770370911027703,0.95756554976319,0.6311984116150136,0.28523835102428613,0.3267196663963983
136,13.592018186419336,BAO KT,Max,-54.72184429643108,1.3770370911027703,0.95756554976319,0.6311984116150136,-2.710956046333446,5.369150741878091
136,0.0,BAO KT,Min,-217.19236309156003,-0.7479906985629627,0.36111364944880986,-0.23943020541700152,2.1973072443390347,-4.797552436262205
136,6.796009093209668,BAO KT,Min,-217.19236309156003,-0.7479906985629627,0.36111364944880986,-0.23943020541700152,-0.7135611963656731,-0.1804815873366944
136,13.592018186419336,BAO KT,Min,-217.19236309156003,-0.7479906985629627,0.36111364944880986,-0.23943020541700152,-6.586847692174904,-9.313301053001531
137,0.0,BAO KT,Max,-15.298810276572986,0.6897104539433205,-0.37028805609352305,0.7527889495780226,-2.221386766614283,4.260128607689184
137,6.573883335426352,BAO KT,Max,-15.298810276572986,0.6897104539433205,-0.37028805609352305,0.7527889495780226,0.5743970733948418,0.22334255194136726
137,13.147766670852704,BAO KT,Max,-15.298810276572986,0.6897104539433205,-0.37028805609352305,0.7527889495780226,7.036067545994878,10.755515766095264
137,0.0,BAO KT,Min,-184.84343610503305,-1.6445292268633165,-1.0645518884111014,-0.18822849468428787,-6.96041229184991,-10.866370792101415
137,6.573883335426352,BAO KT,Min,-184.84343610503305,-1.6445292268633165,-1.0645518884111014,-0.18822849468428787,-0.42253286779706484,-0.3145421231508775
137,13.147766670852704,BAO KT,Min,-184.84343610503305,-1.6445292268633165,-1.0645518884111014,-0.18822849468428787,2.647074195906977,-4.808023511205494
138,0.0,BAO KT,Max,-71.02858228844923,1.4749197608404603,2.11986737775075,0.7743968767773978,14.507642846826634,10.089154959330696
138,6.796009093209669,BAO KT,Max,-71.02858228844923,1.4749197608404603,2.11986737775075,0.7743968767773978,0.577788379629962,0.3753962092782187
138,13.592018186419338,BAO KT,Max,-71.02858228844923,1.4749197608404603,2.11986737775075,0.7743968767773978,9.11551558916264,2.324736341727143
138,0.0,BAO KT,Min,-191.7973587850267,-0.2956347844772395,-1.3098095630016127,-0.18776079115128674,-8.687439811901244,-1.6935370254256579
138,6.796009093209669,BAO KT,Min,-191.7973587850267,-0.2956347844772395,-1.3098095630016127,-0.18776079115128674,-0.21208071248609583,-0.018398675249969628
138,13.592018186419338,BAO KT,Min,-191.7973587850267,-0.2956347844772395,-1.3098095630016127,-0.18776079115128674,-14.308835355201792,-9.957981253522103
139,0.0,BAO KT,Max,-5.045972852692373,0.15379444573263407,1.4141161052644977,0.6817347013743603,9.194772451135206,0.7100872826135278
139,6.573883335426349,BAO KT,Max,-5.045972852692373,0.15379444573263407,1.4141161052644977,0.6817347013743603,0.26194308646049286,0.017096349116494897
139,13.147766670852699,BAO KT,Max,-5.045972852692373,0.15379444573263407,1.4141161052644977,0.6817347013743603,14.033973635320734,11.605080920139041
139,0.0,BAO KT,Min,-169.7294297695636,-1.7756751951134875,-2.1960497784275215,-0.2579788901023672,-14.839176449022085,-11.741082228433928
139,6.573883335426349,BAO KT,Min,-169.7294297695636,-1.7756751951134875,-2.1960497784275215,-0.2579788901023672,-0.8816758892241772,-0.37168224857056686
139,13.147766670852699,BAO KT,Min,-169.7294297695636,-1.7756751951134875,-2.1960497784275215,-0.2579788901023672,-9.397696146377381,-1.3119662051522623
140,0.0,BAO KT,Max,-49.1247779770755,-0.09319337703368029,5.775494855699341,1.867848424702995,32.55051699598949,-0.9092728550773375
140,6.11401440284816,BAO KT,Max,-49.1247779770755,-0.09319337703368029,5.775494855699341,1.867848424702995,-0.8507909375827732,0.8805387963561551
140,12.22802880569632,BAO KT,Max,-49.1247779770755,-0.09319337703368029,5.775494855699341,1.867848424702995,45.38665737599106,31.66109459218194
140,0.0,BAO KT,Min,-158.5648023554821,-5.300420416320918,-7.699632527176328,-0.6364860994764427,-48.764670959597446,-33.152598940891124
140,6.11401440284816,BAO KT,Min,-158.5648023554821,-5.300420416320918,-7.699632527176328,-0.6364860994764427,-3.7654912536616387,-1.0178102697884177
140,12.22802880569632,BAO KT,Min,-158.5648023554821,-5.300420416320918,-7.699632527176328,-0.6364860994764427,-38.07240046665297,0.23029844379062292
141,0.0,BAO KT,Max,-7.796219778887348,6.38106381676648,-0.21171765390487912,1.7620159225650807,-1.3568962404589917,41.60090403425895
141,6.268317312543092,BAO KT,Max,-7.796219778887348,6.38106381676648,-0.21171765390487912,1.7620159225650807,0.7932090078374087,3.589921494240003
141,12.536634625086185,BAO KT,Max,-7.796219778887348,6.38106381676648,-0.21171765390487912,1.7620159225650807,21.896734418504536,34.78733927988939
141,0.0,BAO KT,Min,-237.45047109303786,-5.165147601932392,-3.592856560221615,-0.4769236588856691,-23.14559553733781,-29.966228990177115
141,6.268317312543092,BAO KT,Min,-237.45047109303786,-5.165147601932392,-3.592856560221615,-0.4769236588856691,-0.689332117654727,0.7685318857946043
141,12.536634625086185,BAO KT,Min,-237.45047109303786,-5.165147601932392,-3.592856560221615,-0.4769236588856691,1.2973306302269294,-38.39616155590031
142,0.0,BAO KT,Max,-16.74381700460043,5.737387685191223,-0.21400361043624863,1.6951774503921877,-1.581571914588594,37.31964023202808
142,6.268317312543092,BAO KT,Max,-16.74381700460043,5.737387685191223,-0.21400361043624863,1.6951774503921877,0.5457898593223283,3.2366661627498217
142,12.536634625086185,BAO KT,Max,-16.74381700460043,5.737387685191223,-0.21400361043624863,1.6951774503921877,21.660089764280148,32.646432653962535
142,0.0,BAO KT,Min,-213.98645980374204,-4.880882983671663,-3.482217889039286,-0.45765420920400846,-21.99520359554429,-28.543413960129612
142,6.268317312543092,BAO KT,Min,-213.98645980374204,-4.880882983671663,-3.482217889039286,-0.45765420920400846,-0.43078671347419073,0.5754641264955584
142,12.536634625086185,BAO KT,Min,-213.98645980374204,-4.880882983671663,-3.482217889039286,-0.45765420920400846,0.9106558227700745,-34.607892879683284
143,0.0,BAO KT,Max,-23.453872127824166,5.005388141263606,-0.07094175793639934,1.72509487338717,-0.1973353385567833,32.72882518634298
143,6.268317312543092,BAO KT,Max,-23.453872127824166,5.005388141263606,-0.07094175793639934,1.72509487338717,0.9884847984233461,3.371336996708635
143,12.536634625086185,BAO KT,Max,-23.453872127824166,5.005388141263606,-0.07094175793639934,1.72509487338717,20.244763925306906,32.80329010058585
143,0.0,BAO KT,Min,-208.47575733223076,-4.8783985892833135,-3.230495279919038,-0.441196610861775,-20.254775057103597,-28.355410568794948
143,6.268317312543092,BAO KT,Min,-208.47575733223076,-4.8783985892833135,-3.230495279919038,-0.441196610861775,-0.005005565898347233,0.5844962967120332
143,12.536634625086185,BAO KT,Min,-208.47575733223076,-4.8783985892833135,-3.230495279919038,-0.441196610861775,0.6920355603531636,-30.021897097418123
144,0.0,BAO KT,Max,-24.62329066909504,4.129610202903632,0.421373371718909,1.7901305112782135,2.8053330826640064,27.422077582458407
144,6.268317312543092,BAO KT,Max,-24.62329066909504,4.129610202903632,0.421373371718909,1.7901305112782135,0.7708381905805962,3.745683652812612
144,12.536634625086185,BAO KT,Max,-24.62329066909504,4.129610202903632,0.421373371718909,1.7901305112782135,18.021150570987214,34.783791252229605
144,0.0,BAO KT,Min,-201.26902467275855,-5.099866927087197,-2.885462941778721,-0.43305187820698576,-18.152844054318944,-29.15137704922363
144,6.268317312543092,BAO KT,Min,-201.26902467275855,-5.099866927087197,-2.885462941778721,-0.43305187820698576,-0.06584674166586563,0.9226203585203491
144,12.536634625086185,BAO KT,Min,-201.26902467275855,-5.099866927087197,-2.885462941778721,-0.43305187820698576,-2.477270919316579,-24.34933667537245
145,0.0,BAO KT,Max,-24.39325132818807,3.3437471734166633,0.8271340387944004,1.733885162062376,5.457250064529765,22.527727488579853
145,6.268317312543092,BAO KT,Max,-24.39325132818807,3.3437471734166633,0.8271340387944004,1.733885162062376,0.6204844005390938,3.8719206988750186
145,12.536634625086185,BAO KT,Max,-24.39325132818807,3.3437471734166633,0.8271340387944004,1.733885162062376,16.168285261133256,35.640954200853834
145,0.0,BAO KT,Min,-191.99536993851618,-5.182202963036185,-2.5836520724321055,-0.44948245083691274,-16.222016769294754,-29.32643089976982
145,6.268317312543092,BAO KT,Min,-191.99536993851618,-5.182202963036185,-2.5836520724321055,-0.44948245083691274,-0.040124168880303124,1.0867640963361418
145,12.536634625086185,BAO KT,Min,-191.99536993851618,-5.182202963036185,-2.5836520724321055,-0.44948245083691274,-4.912227165807495,-19.39160910320955
146,0.0,BAO KT,Max,-29.843392832880586,2.620175797145979,1.2666735955621142,1.7017651280535768,8.24306896168801,17.923866649744415
146,6.268317312543092,BAO KT,Max,-29.843392832880586,2.620175797145979,1.2666735955621142,1.7017651280535768,0.6630420949899096,3.824045428098807
146,12.536634625086185,BAO KT,Max,-29.843392832880586,2.620175797145979,1.2666735955621142,1.7017651280535768,13.95903198013604,34.98876412083985
146,0.0,BAO KT,Min,-182.28275405303512,-5.078693384196191,-2.2391366234645105,-0.4525391291887518,-14.11220574388771,-28.68095920967025
146,6.268317312543092,BAO KT,Min,-182.28275405303512,-5.078693384196191,-2.2391366234645105,-0.4525391291887518,-0.13860544121893506,1.1354339314533415
146,12.536634625086185,BAO KT,Min,-182.28275405303512,-5.078693384196191,-2.2391366234645105,-0.4525391291887518,-7.636755095118403,-14.924319972568664
147,0.0,BAO KT,Max,-0.2737399507216569,0.46666506967412236,0.5914700292094951,1.1234592413819064,5.779920499112263,4.399905595564903
147,9.786507724849022,BAO KT,Max,-0.2737399507216569,0.46666506967412236,0.5914700292094951,1.1234592413819064,0.48698167239015183,0.061180705791566634
147,19.573015449698044,BAO KT,Max,-0.2737399507216569,0.46666506967412236,0.5914700292094951,1.1234592413819064,8.934471307482633,21.830275312074043
147,0.0,BAO KT,Min,-184.75975461929892,-2.266340008941696,-0.8730016372322499,-0.30269305266114493,-8.15280322567588,-22.52883269721058
147,9.786507724849022,BAO KT,Min,-184.75975461929892,-2.266340008941696,-0.8730016372322499,-0.30269305266114493,-0.14070568273461867,-0.46652186611893987
147,19.573015449698044,BAO KT,Min,-184.75975461929892,-2.266340008941696,-0.8730016372322499,-0.30269305266114493,-5.826890601780568,-4.734137023001108
148,0.0,BAO KT,Max,2.84326931684258,0.45893759486206015,0.4543327055756912,1.1176787750348476,4.517917003957823,4.28577706183751
148,9.786507724849022,BAO KT,Max,2.84326931684258,0.45893759486206015,0.4543327055756912,1.1176787750348476,0.47250854502902095,0.041739320084484596
148,19.573015449698044,BAO KT,Max,2.84326931684258,0.45893759486206015,0.4543327055756912,1.1176787750348476,8.245706348491037,19.71497267183779
148,0.0,BAO KT,Min,-179.72824299470605,-2.0464777408696695,-0.809597138560253,-0.2995876569057927,-7.600550952580122,-20.34076776766741
148,9.786507724849022,BAO KT,Min,-179.72824299470605,-2.0464777408696695,-0.809597138560253,-0.2995876569057927,-0.08452233161271043,-0.42268552380178614
148,19.573015449698044,BAO KT,Min,-179.72824299470605,-2.0464777408696695,-0.809597138560253,-0.2995876569057927,-4.374744061578294,-4.697015572844855
149,0.0,BAO KT,Max,-0.43402091626393435,0.4296477249881674,0.3763238928866816,1.0651919160984213,3.554989834484487,4.0460034503071665
149,9.786507724849022,BAO KT,Max,-0.43402091626393435,0.4296477249881674,0.3763238928866816,1.0651919160984213,0.178755043606167,0.05199899501083939
149,19.573015449698044,BAO KT,Max,-0.43402091626393435,0.4296477249881674,0.3763238928866816,1.0651919160984213,6.2965889792870255,17.72946504936043
149,0.0,BAO KT,Min,-167.47408430171757,-1.8375567216769957,-0.6516325704596316,-0.30976053027946837,-6.457825389845793,-18.237061053719895
149,9.786507724849022,BAO KT,Min,-167.47408430171757,-1.8375567216769957,-0.6516325704596316,-0.30976053027946837,-0.36906773269521914,-0.3175713853754593
149,19.573015449698044,BAO KT,Min,-167.47408430171757,-1.8375567216769957,-0.6516325704596316,-0.30976053027946837,-3.8108035350770444,-4.363498108813849
150,0.0,BAO KT,Max,-12.313231198153414,0.3740070016553616,0.4193839485661982,1.009501024332251,3.465689881524875,3.5804878081861875
150,9.786507724849022,BAO KT,Max,-12.313231198153414,0.3740070016553616,0.4193839485661982,1.009501024332251,-0.09408901670267344,0.07205162015192561
150,19.573015449698044,BAO KT,Max,-12.313231198153414,0.3740070016553616,0.4193839485661982,1.009501024332251,4.59611979242691,15.667807991439703
150,0.0,BAO KT,Min,-182.1667402080354,-1.6243305408652575,-0.5106542990681827,-0.3172326716951786,-5.423387307952812,-16.12523878033236
150,9.786507724849022,BAO KT,Min,-182.1667402080354,-1.6243305408652575,-0.5106542990681827,-0.3172326716951786,-0.688845844669643,-0.27633005379387465
150,19.573015449698044,BAO KT,Min,-182.1667402080354,-1.6243305408652575,-0.5106542990681827,-0.3172326716951786,-4.742918623116691,-3.7399570135094473
151,0.0,BAO KT,Max,-25.438050029851183,0.3644008271284847,0.23291362934339926,1.025792329252151,1.9025042268011276,3.4040433830612624
151,9.786507724849022,BAO KT,Max,-25.438050029851183,0.3644008271284847,0.23291362934339926,1.025792329252151,-0.030199764544459582,0.052260377216032716
151,19.573015449698044,BAO KT,Max,-25.438050029851183,0.3644008271284847,0.23291362934339926,1.025792329252151,4.618343490143085,13.469358843335096
151,0.0,BAO KT,Min,-201.2623573293587,-1.4009252282202798,-0.5066215325004964,-0.30947050259400694,-5.297767592638831,-13.950972292492201
151,9.786507724849022,BAO KT,Min,-201.2623573293587,-1.4009252282202798,-0.5066215325004964,-0.30947050259400694,-0.4866966644945041,-0.32173579394699153
151,19.573015449698044,BAO KT,Min,-201.2623573293587,-1.4009252282202798,-0.5066215325004964,-0.30947050259400694,-2.6563178387824693,-3.7283796362073156
152,0.0,BAO KT,Max,-35.94415892269403,0.3636401597464657,0.06605545307086626,1.0387210882630051,0.5475122599388531,3.3155403762713993
152,9.786507724849022,BAO KT,Max,-35.94415892269403,0.3636401597464657,0.06605545307086626,1.0387210882630051,0.07848400627911685,0.023414500935953347
152,19.573015449698044,BAO KT,Max,-35.94415892269403,0.3636401597464657,0.06605545307086626,1.0387210882630051,4.667065017701323,11.260953413762124
152,0.0,BAO KT,Min,-206.26952630297885,-1.1765035716803807,-0.49926064224441685,-0.30032128444220874,-5.104971246374816,-11.766769171362895
152,9.786507724849022,BAO KT,Min,-206.26952630297885,-1.1765035716803807,-0.49926064224441685,-0.30032128444220874,-0.3598159361086314,-0.35959972135768703
152,19.573015449698044,BAO KT,Min,-206.26952630297885,-1.1765035716803807,-0.49926064224441685,-0.30032128444220874,-0.7453921435540161,-3.801994088576837
153,0.0,BAO KT,Max,-44.323549579366485,0.37654713641566157,0.06651223361869203,1.0313836832209131,0.400081432590412,3.467834438545195
153,9.786507724849022,BAO KT,Max,-44.323549579366485,0.37654713641566157,0.06651223361869203,1.0313836832209131,0.1700791030865534,0.009134289247753752
153,19.573015449698044,BAO KT,Max,-44.323549579366485,0.37654713641566157,0.06651223361869203,1.0313836832209131,4.3272947819508625,9.09974992045077
153,0.0,BAO KT,Min,-203.58040329951126,-0.9556089407747932,-0.4659447742916133,-0.2950495196817504,-4.7926494839649525,-9.604398641203838
153,9.786507724849022,BAO KT,Min,-203.58040329951126,-0.9556089407747932,-0.4659447742916133,-0.2950495196817504,-0.47570050603302444,-0.36852339709998505
153,19.573015449698044,BAO KT,Min,-203.58040329951126,-0.9556089407747932,-0.4659447742916133,-0.2950495196817504,-0.9140161951273396,-3.902328480058105
154,0.0,BAO KT,Max,-66.2307618060046,0.5596352978988953,0.6088991503674744,1.0230125498233507,5.989832964930603,5.015924494703407
154,10.13429638461541,BAO KT,Max,-66.2307618060046,0.5596352978988953,0.6088991503674744,1.0230125498233507,0.04492681229236049,0.09987159697700485
154,20.26859276923082,BAO KT,Max,-66.2307618060046,0.5596352978988953,0.6088991503674744,1.0230125498233507,20.369235471601353,5.541766216938722
154,0.0,BAO KT,Min,-157.2895600454677,-0.5410608762680033,-2.0389383881765415,-0.29256645828431344,-20.957176399900842,-5.4247763475006225
154,10.13429638461541,BAO KT,Min,-157.2895600454677,-0.5410608762680033,-2.0389383881765415,-0.29256645828431344,-0.3839301974638781,-0.655585481496536
154,20.26859276923082,BAO KT,Min,-157.2895600454677,-0.5410608762680033,-2.0389383881765415,-0.29256645828431344,-6.351695951398378,-6.327095457696478
155,0.0,BAO KT,Max,-51.99546789876197,1.6090051363601248,0.7832991004319019,0.9589529589475309,7.517989472484734,17.230288407490157
155,10.5218269497945,BAO KT,Max,-51.99546789876197,1.6090051363601248,0.7832991004319019,0.9589529589475309,0.050680085373031133,0.40291017384277517
155,21.043653899589,BAO KT,Max,-51.99546789876197,1.6090051363601248,0.7832991004319019,0.9589529589475309,4.349018957802852,5.90755838310678
155,0.0,BAO KT,Min,-200.0264217397871,-0.5438087843652706,-0.4122550751114818,-0.2840167647524874,-4.3263341611922375,-5.5361654626322
155,10.5218269497945,BAO KT,Min,-200.0264217397871,-0.5438087843652706,-0.4122550751114818,-0.2840167647524874,-0.7237481121894389,-0.04258787464570721
155,21.043653899589,BAO KT,Min,-200.0264217397871,-0.5438087843652706,-0.4122550751114818,-0.2840167647524874,-8.965485696863611,-16.62905880473331
156,0.0,BAO KT,Max,-52.6842402578326,1.447333042455735,0.6992359182182125,0.9825610797084331,6.828436454062706,15.476674324140884
156,10.5218269497945,BAO KT,Max,-52.6842402578326,1.447333042455735,0.6992359182182125,0.9825610797084331,0.11809013201021383,0.32589897994343564
156,21.043653899589,BAO KT,Max,-52.6842402578326,1.447333042455735,0.6992359182182125,0.9825610797084331,3.524005428724722,5.623351134968053
156,0.0,BAO KT,Min,-186.36437263456136,-0.5173985171674833,-0.32860513843729944,-0.27506005021467284,-3.3910473741763365,-5.264604188465022
156,10.5218269497945,BAO KT,Min,-186.36437263456136,-0.5173985171674833,-0.32860513843729944,-0.27506005021467284,-0.5288028745099852,-0.03915933111432332
156,21.043653899589,BAO KT,Min,-186.36437263456136,-0.5173985171674833,-0.32860513843729944,-0.27506005021467284,-7.886042203082676,-14.980501298736753
157,0.0,BAO KT,Max,-57.20307846849734,1.2764092295559801,0.5332160590290331,1.0170765923399456,5.587705272188717,13.643164516543187
157,10.5218269497945,BAO KT,Max,-57.20307846849734,1.2764092295559801,0.5332160590290331,1.0170765923399456,0.5764453969572646,0.25199000526390364
157,21.043653899589,BAO KT,Max,-57.20307846849734,1.2764092295559801,0.5332160590290331,1.0170765923399456,4.370908594887352,5.079956761767731
157,0.0,BAO KT,Min,-184.12232048967354,-0.47527714289777234,-0.36225171000557566,-0.25934029776304873,-3.2521910150042634,-4.921610939758497
157,10.5218269497945,BAO KT,Min,-184.12232048967354,-0.47527714289777234,-0.36225171000557566,-0.25934029776304873,-0.04809056583700169,-0.06509838250645965
157,21.043653899589,BAO KT,Min,-184.12232048967354,-0.47527714289777234,-0.36225171000557566,-0.25934029776304873,-5.633108927721073,-13.217149544473902
158,0.0,BAO KT,Max,-63.025375447938316,1.0924789007351092,0.5095925776372039,1.0109141596572617,5.31930889476288,11.713862429475425
158,10.5218269497945,BAO KT,Max,-63.025375447938316,1.0924789007351092,0.5095925776372039,1.0109141596572617,0.47142601045571586,0.28671095385469614
158,21.043653899589,BAO KT,Max,-63.025375447938316,1.0924789007351092,0.5095925776372039,1.0109141596572617,3.044966673958019,5.219436663963152
158,0.0,BAO KT,Min,-185.85607079448164,-0.4836063828937318,-0.24611117836642435,-0.25981814458725605,-2.134111784405031,-4.957408681284659
158,10.5218269497945,BAO KT,Min,-185.85607079448164,-0.4836063828937318,-0.24611117836642435,-0.25981814458725605,-0.0573368598648592,-0.054360478019935266
158,21.043653899589,BAO KT,Min,-185.85607079448164,-0.4836063828937318,-0.24611117836642435,-0.25981814458725605,-5.404380938833874,-11.275885450197658
159,0.0,BAO KT,Max,-66.76795085289424,0.9079929897618012,0.529640518175017,0.990202923338047,5.33260918193511,9.786182570626494
159,10.5218269497945,BAO KT,Max,-66.76795085289424,0.9079929897618012,0.529640518175017,0.990202923338047,0.1631877833125463,0.32728321305440866
159,21.043653899589,BAO KT,Max,-66.76795085289424,0.9079929897618012,0.529640518175017,0.990202923338047,0.8320141440419939,5.4315376347893745
159,0.0,BAO KT,Min,-183.36555042614137,-0.49542973686180714,-0.0670456306054002,-0.2658361988434111,-0.5788709018977392,-4.994114279294945
159,10.5218269497945,BAO KT,Min,-183.36555042614137,-0.49542973686180714,-0.0670456306054002,-0.2658361988434111,-0.24017669590190788,-0.026933559036732224
159,21.043653899589,BAO KT,Min,-183.36555042614137,-0.49542973686180714,-0.0670456306054002,-0.2658361988434111,-5.812962573738925,-9.32130764917391
160,0.0,BAO KT,Max,-68.6622537552148,0.7285665732685181,0.49606697999631516,0.991094318199254,5.015582155439465,7.900871272671722
160,10.5218269497945,BAO KT,Max,-68.6622537552148,0.7285665732685181,0.49606697999631516,0.991094318199254,0.2913387770478388,0.3423114915076441
160,21.043653899589,BAO KT,Max,-68.6622537552148,0.7285665732685181,0.49606697999631516,0.991094318199254,0.738213556019472,5.441933763799137
160,0.0,BAO KT,Min,-176.91238544825646,-0.4918193818637512,-0.04898712967200723,-0.26822910887851814,-0.2926546463325349,-4.907743089251443
160,10.5218269497945,BAO KT,Min,-176.91238544825646,-0.4918193818637512,-0.04898712967200723,-0.26822910887851814,-0.20394876358893282,-0.008983409394906938
160,21.043653899589,BAO KT,Min,-176.91238544825646,-0.4918193818637512,-0.04898712967200723,-0.26822910887851814,-5.42347968261733,-7.430831538000525
168,0.0,BAO KT,Max,-17.81937311249305,-0.42847420361355537,5.522276334846369,1.5937898578748702,34.07848862962463,-1.6914641071599235
168,6.268317312543092,BAO KT,Max,-17.81937311249305,-0.42847420361355537,5.522276334846369,1.5937898578748702,0.595647535050433,2.9658400282954775
168,12.536634625086185,BAO KT,Max,-17.81937311249305,-0.42847420361355537,5.522276334846369,1.5937898578748702,9.176845494226557,33.466194724216194
168,0.0,BAO KT,Min,-136.24342157803824,-4.957659794254191,-1.511508968036444,-0.43958658103604137,-9.772390170587414,-28.809850583413844
168,6.268317312543092,BAO KT,Min,-136.24342157803824,-4.957659794254191,-1.511508968036444,-0.43958658103604137,-1.0001169935507344,0.7254671429835801
168,12.536634625086185,BAO KT,Min,-136.24342157803824,-4.957659794254191,-1.511508968036444,-0.43958658103604137,-35.152272079104385,3.6801604298180024
169,0.0,BAO KT,Max,-21.232185630112344,-0.6521500947804959,5.011724023070445,1.588017562350074,31.182588074683018,-3.18860183610874
169,6.268317312543092,BAO KT,Max,-21.232185630112344,-0.6521500947804959,5.011724023070445,1.588017562350074,0.06488949303984193,2.8504146439990627
169,12.536634625086185,BAO KT,Max,-21.232185630112344,-0.6521500947804959,5.011724023070445,1.588017562350074,9.662419219446653,28.600089694622557
169,0.0,BAO KT,Min,-117.40433744225828,-4.149369884676897,-1.59899564962477,-0.44523305510254585,-10.383605007001416,-23.83056456558001
169,6.268317312543092,BAO KT,Min,-117.40433744225828,-4.149369884676897,-1.59899564962477,-0.44523305510254585,-0.6113438020567192,0.5350125827263496
169,12.536634625086185,BAO KT,Min,-117.40433744225828,-4.149369884676897,-1.59899564962477,-0.44523305510254585,-31.647564844318165,4.98716562286966
170,0.0,BAO KT,Max,-28.71793792428516,-0.8498984062015549,4.628596379435149,1.5947285606972903,28.745841690039242,-4.589426780050065
170,6.268317312543092,BAO KT,Max,-28.71793792428516,-0.8498984062015549,4.628596379435149,1.5947285606972903,0.13277132916493403,2.5727758475146953
170,12.536634625086185,BAO KT,Max,-28.71793792428516,-0.8498984062015549,4.628596379435149,1.5947285606972903,11.05069586925904,22.894907366824945
170,0.0,BAO KT,Min,-127.67983824899943,-3.2593249087391323,-1.8016278057624069,-0.4515263494930466,-11.535653661979998,-18.464617860797723
170,6.268317312543092,BAO KT,Min,-127.67983824899943,-3.2593249087391323,-1.8016278057624069,-0.4515263494930466,-0.8370425075942858,0.3257018093758579
170,12.536634625086185,BAO KT,Min,-127.67983824899943,-3.2593249087391323,-1.8016278057624069,-0.4515263494930466,-29.281179945936,6.0654390069419115
171,0.0,BAO KT,Max,-38.624943463352935,-1.1844815092345127,4.306247517031016,1.5406854026577246,26.56107225232397,-6.552405928265571
171,6.268317312543092,BAO KT,Max,-38.624943463352935,-1.1844815092345127,4.306247517031016,1.5406854026577246,-0.0429107431762174,2.913847070489637
171,12.536634625086185,BAO KT,Max,-38.624943463352935,-1.1844815092345127,4.306247517031016,1.5406854026577246,10.393982656947882,23.925608867158797
171,0.0,BAO KT,Min,-144.6447901769114,-3.4341636107031963,-1.7304604534367256,-0.46116612781139965,-11.300167780949312,-19.127245562993885
171,6.268317312543092,BAO KT,Min,-144.6447901769114,-3.4341636107031963,-1.7304604534367256,-0.46116612781139965,-0.8420354296017536,0.6516505498040227
171,12.536634625086185,BAO KT,Min,-144.6447901769114,-3.4341636107031963,-1.7304604534367256,-0.46116612781139965,-27.42477947387848,8.297005973178162
172,0.0,BAO KT,Max,-50.51196255195844,-0.9627522978896841,3.9299419316068223,1.5421229563921752,24.158861063624666,-4.878320716810717
172,6.268317312543092,BAO KT,Max,-50.51196255195844,-0.9627522978896841,3.9299419316068223,1.5421229563921752,-0.09591699157652239,3.3576562756901636
172,12.536634625086185,BAO KT,Max,-50.51196255195844,-0.9627522978896841,3.9299419316068223,1.5421229563921752,10.892764367968615,26.580438582809816
172,0.0,BAO KT,Min,-152.4857710450698,-3.7847609825523323,-1.819006536425495,-0.4645001235863108,-12.034050069755725,-20.86772699873096
172,6.268317312543092,BAO KT,Min,-152.4857710450698,-3.7847609825523323,-1.819006536425495,-0.4645001235863108,-0.8942581383736248,0.954716418073345
172,12.536634625086185,BAO KT,Min,-152.4857710450698,-3.7847609825523323,-1.819006536425495,-0.4645001235863108,-25.11354273299061,7.191353076294385
173,0.0,BAO KT,Max,-52.28962930745095,-0.30007515065833845,3.476099624507591,1.5808829906986859,21.434308711603894,-0.5835257420836406
173,6.268317312543092,BAO KT,Max,-52.28962930745095,-0.30007515065833845,3.476099624507591,1.5808829906986859,0.4368360592956569,3.5865910312626466
173,12.536634625086185,BAO KT,Max,-52.28962930745095,-0.30007515065833845,3.476099624507591,1.5808829906986859,12.761981618942514,28.195283495329907
173,0.0,BAO KT,Min,-144.7243247851231,-4.006469477767556,-2.096275138261277,-0.4570834532341682,-13.518253863091143,-22.03236048400181
173,6.268317312543092,BAO KT,Min,-144.7243247851231,-4.006469477767556,-2.096275138261277,-0.4570834532341682,-0.7757631916293337,1.08408203122246
173,12.536634625086185,BAO KT,Min,-144.7243247851231,-4.006469477767556,-2.096275138261277,-0.4570834532341682,-22.148563458242148,3.178406781787639
174,0.0,BAO KT,Max,-44.43974108202468,0.3823803090984037,3.0574198343979195,1.570702044006406,18.875194995563632,3.811931072200113
174,6.268317312543092,BAO KT,Max,-44.43974108202468,0.3823803090984037,3.0574198343979195,1.570702044006406,0.343437175586158,3.7246069789530343
174,12.536634625086185,BAO KT,Max,-44.43974108202468,0.3823803090984037,3.0574198343979195,1.570702044006406,12.81404360593936,28.617642354027492
174,0.0,BAO KT,Min,-136.83366833164058,-4.08723391301794,-2.1256516121721267,-0.45262202905855486,-13.834473996087995,-22.622515840739716
174,6.268317312543092,BAO KT,Min,-136.83366833164058,-4.08723391301794,-2.1256516121721267,-0.45262202905855486,-0.7686597288404284,1.0275089007034819
174,12.536634625086185,BAO KT,Min,-136.83366833164058,-4.08723391301794,-2.1256516121721267,-0.45262202905855486,-19.454560363774597,-0.9818311507940933
175,0.0,BAO KT,Max,-52.66107273564994,0.7669467266985869,0.031260351489511555,1.0579027269955221,-0.04803679794239624,7.289488185004258
175,9.786507724849022,BAO KT,Max,-52.66107273564994,0.7669467266985869,0.031260351489511555,1.0579027269955221,0.3803546912710282,0.051689949312548965
175,19.573015449698044,BAO KT,Max,-52.66107273564994,0.7669467266985869,0.031260351489511555,1.0579027269955221,12.01983096886091,5.514534139662845
175,0.0,BAO KT,Min,-178.43832578241665,-0.5632836923700211,-1.1893390987712573,-0.2796874508677161,-11.817155807389488,-5.510626273658539
175,9.786507724849022,BAO KT,Min,-178.43832578241665,-0.5632836923700211,-1.1893390987712573,-0.2796874508677161,-0.6358665836147477,-0.29435762251057485
175,19.573015449698044,BAO KT,Min,-178.43832578241665,-0.5632836923700211,-1.1893390987712573,-0.2796874508677161,-0.6598961406095971,-7.721971945762527
176,0.0,BAO KT,Max,-53.56709366862961,0.5591115893666612,-0.0076689652762951845,1.0193809968155947,-0.2880811330907623,5.267133432598476
176,9.786507724849022,BAO KT,Max,-53.56709366862961,0.5591115893666612,-0.0076689652762951845,1.0193809968155947,0.1739411674551836,0.03985669856196671
176,19.573015449698044,BAO KT,Max,-53.56709366862961,0.5591115893666612,-0.0076689652762951845,1.0193809968155947,9.854366836332655,4.752517317559586
176,0.0,BAO KT,Min,-169.05557661247772,-0.48749063552071614,-1.034984746215829,-0.28441308397804665,-10.416953681419283,-4.78914442307051
176,9.786507724849022,BAO KT,Min,-169.05557661247772,-0.48749063552071614,-1.034984746215829,-0.28441308397804665,-0.44021668866292174,-0.2627867071083949
176,19.573015449698044,BAO KT,Min,-169.05557661247772,-0.48749063552071614,-1.034984746215829,-0.28441308397804665,-0.13797635725463878,-5.67636634418041
177,0.0,BAO KT,Max,-55.359004606614874,0.4313670263439807,-0.03907685603045402,1.0487679714489313,-0.45853031388795007,4.190117703606426
177,9.786507724849022,BAO KT,Max,-55.359004606614874,0.4313670263439807,-0.03907685603045402,1.0487679714489313,0.5144787121244674,0.05180437627447506
177,19.573015449698044,BAO KT,Max,-55.359004606614874,0.4313670263439807,-0.03907685603045402,1.0487679714489313,10.241005500368319,4.115552226323813
177,0.0,BAO KT,Min,-180.30950343752662,-0.421286112079132,-0.9938710581658387,-0.268662732156924,-9.22744235765342,-4.130287354144261
177,9.786507724849022,BAO KT,Min,-180.30950343752662,-0.421286112079132,-0.9938710581658387,-0.268662732156924,-0.27876229552941423,-0.24589860300417266
177,19.573015449698044,BAO KT,Min,-180.30950343752662,-0.421286112079132,-0.9938710581658387,-0.268662732156924,0.3063215929217526,-4.2530357675146115
178,0.0,BAO KT,Max,-62.350970124165016,0.41947729586055027,-0.11882060838171501,1.0751970111143405,-0.9675005864950758,4.021349301175515
178,9.786507724849022,BAO KT,Max,-62.350970124165016,0.41947729586055027,-0.11882060838171501,1.0751970111143405,0.4697861891213502,0.07289978382049786
178,19.573015449698044,BAO KT,Max,-62.350970124165016,0.41947729586055027,-0.11882060838171501,1.0751970111143405,9.220952363153256,3.6564504086366743
178,0.0,BAO KT,Min,-195.7585727380525,-0.36992253519852947,-0.8942072514602659,-0.25748330896940996,-8.281379984910554,-3.584049087995611
178,9.786507724849022,BAO KT,Min,-195.7585727380525,-0.36992253519852947,-0.8942072514602659,-0.25748330896940996,-0.05262585573887403,-0.21164619625853276
178,19.573015449698044,BAO KT,Min,-195.7585727380525,-0.36992253519852947,-0.8942072514602659,-0.25748330896940996,1.3581770171027534,-4.189086291500592
179,0.0,BAO KT,Max,-62.957652092779504,0.41812284337128924,-0.09343906387690208,1.0611502003728788,-0.7863645547416298,3.9383814071546186
179,9.786507724849022,BAO KT,Max,-62.957652092779504,0.41812284337128924,-0.09343906387690208,1.0611502003728788,0.28360699336772294,0.054785082749985115
179,19.573015449698044,BAO KT,Max,-62.957652092779504,0.41812284337128924,-0.09343906387690208,1.0611502003728788,7.583354819774734,3.7743979228710107
179,0.0,BAO KT,Min,-204.11857918219778,-0.4031571996582282,-0.7458991533693012,-0.2644841823513733,-7.016140833039288,-4.116604174696489
179,9.786507724849022,BAO KT,Min,-204.11857918219778,-0.4031571996582282,-0.7458991533693012,-0.2644841823513733,-0.10557166301066613,-0.25601693510143664
179,19.573015449698044,BAO KT,Min,-204.11857918219778,-0.4031571996582282,-0.7458991533693012,-0.2644841823513733,1.042519686126297,-4.245543466023301
180,0.0,BAO KT,Max,-57.396146916353565,0.42580797612878646,-0.019568407878419156,1.046551862192129,-0.4122626077913387,3.9401537602237893
180,9.786507724849022,BAO KT,Max,-57.396146916353565,0.42580797612878646,-0.019568407878419156,1.046551862192129,0.1998906783951514,0.02836053102449254
180,19.573015449698044,BAO KT,Max,-57.396146916353565,0.42580797612878646,-0.019568407878419156,1.046551862192129,6.12424561560368,5.3839810608147936
180,0.0,BAO KT,Min,-199.21171179591443,-0.5714253013266747,-0.605359450354894,-0.27488926898360444,-5.724464258813377,-5.800535190400571
180,9.786507724849022,BAO KT,Min,-199.21171179591443,-0.5714253013266747,-0.605359450354894,-0.27488926898360444,-0.2945193813538889,-0.30941141128523464
180,19.573015449698044,BAO KT,Min,-199.21171179591443,-0.5714253013266747,-0.605359450354894,-0.27488926898360444,-0.10301300648874334,-4.3941923351496035
181,0.0,BAO KT,Max,-63.23933320125881,2.8140345832479174,4.575333569033532,1.679140413484732,24.94216780783904,17.240441528612642
181,6.11401440284816,BAO KT,Max,-63.23933320125881,2.8140345832479174,4.575333569033532,1.679140413484732,-0.9863269104534955,0.1265792651740904
181,12.22802880569632,BAO KT,Max,-63.23933320125881,2.8140345832479174,4.575333569033532,1.679140413484732,5.188833631947489,14.781713536161115
181,0.0,BAO KT,Min,-148.81639972984667,-2.4003671778061135,-1.0900673737405013,-0.4573011447640365,-8.140541614301098,-14.572212205962357
181,6.11401440284816,BAO KT,Min,-148.81639972984667,-2.4003671778061135,-1.0900673737405013,-0.4573011447640365,-3.871140441847086,-0.2221594048204928
181,12.22802880569632,BAO KT,Min,-148.81639972984667,-2.4003671778061135,-1.0900673737405013,-0.4573011447640365,-31.005142869972346,-17.205186477063823
182,0.0,BAO KT,Max,-43.78785081813796,0.3686629051527308,1.0804073392558742,1.0114264622946376,11.283179328399976,4.040361691076571
182,10.5218269497945,BAO KT,Max,-43.78785081813796,0.3686629051527308,1.0804073392558742,1.0114264622946376,0.4656124605867453,0.2785802205583878
182,21.043653899589,BAO KT,Max,-43.78785081813796,0.3686629051527308,1.0804073392558742,1.0114264622946376,0.7770661356841622,8.827565936110226
182,0.0,BAO KT,Min,-152.9959335267645,-0.8195813395588861,-0.029600722059347294,-0.2616127828850463,0.057575652479357975,-8.419420116128503
182,10.5218269497945,BAO KT,Min,-152.9959335267645,-0.8195813395588861,-0.029600722059347294,-0.2616127828850463,-0.44264608799705074,-0.04705276125423809
182,21.043653899589,BAO KT,Min,-152.9959335267645,-0.8195813395588861,-0.029600722059347294,-0.2616127828850463,-11.452538789476474,-3.7176528905745037
183,0.0,BAO KT,Max,-46.98525106180813,0.30745673911691807,0.9668781065022511,0.9821873643211834,10.061738853401634,3.3976305252631405
183,10.5218269497945,BAO KT,Max,-46.98525106180813,0.30745673911691807,0.9668781065022511,0.9821873643211834,0.2596714717152961,0.2451806196273128
183,21.043653899589,BAO KT,Max,-46.98525106180813,0.30745673911691807,0.9668781065022511,0.9821873643211834,0.16670533156812758,7.000173843690094
183,0.0,BAO KT,Min,-145.02747571364915,-0.6469257447270959,0.0029503181457308895,-0.25693561101300755,0.22879080552056558,-6.613507627080775
183,10.5218269497945,BAO KT,Min,-145.02747571364915,-0.6469257447270959,0.0029503181457308895,-0.25693561101300755,-0.14359751019541608,-0.03923003462833548
183,21.043653899589,BAO KT,Min,-145.02747571364915,-0.6469257447270959,0.0029503181457308895,-0.25693561101300755,-10.284909382921692,-3.0723826818095104
184,0.0,BAO KT,Max,-51.683031571956704,0.24839533345834772,0.8744642929462723,0.9723069777261054,8.987864363712681,2.7711691249394885
184,10.5218269497945,BAO KT,Max,-51.683031571956704,0.24839533345834772,0.8744642929462723,0.9723069777261054,0.21657264594266226,0.24412281201078412
184,21.043653899589,BAO KT,Max,-51.683031571956704,0.24839533345834772,0.8744642929462723,0.9723069777261054,0.060983940630976896,5.225954334798181
184,0.0,BAO KT,Min,-144.92054940975274,-0.48924609207011105,0.008474582156997174,-0.26376448331674984,0.23932011448645785,-5.069571098451691
184,10.5218269497945,BAO KT,Min,-144.92054940975274,-0.48924609207011105,0.008474582156997174,-0.26376448331674984,-0.3982535519170422,-0.03931956693779243
184,21.043653899589,BAO KT,Min,-144.92054940975274,-0.48924609207011105,0.008474582156997174,-0.26376448331674984,-9.414059564597476,-2.4559763026309804
185,0.0,BAO KT,Max,-61.49553099887181,0.19234803988143334,0.7885547664903029,0.9205898168957893,7.959748269012145,2.1575740998702173
185,10.5218269497945,BAO KT,Max,-61.49553099887181,0.19234803988143334,0.7885547664903029,0.9205898168957893,-0.08180785546530255,0.19469606154650426
185,21.043653899589,BAO KT,Max,-61.49553099887181,0.19234803988143334,0.7885547664903029,0.9205898168957893,-1.3036261676019676,5.194626323933702
185,0.0,BAO KT,Min,-158.05851347354692,-0.48456383862157565,0.10495050906137432,-0.27789336824375244,0.9049160216712727,-5.02874562235319
185,10.5218269497945,BAO KT,Min,-158.05851347354692,-0.48456383862157565,0.10495050906137432,-0.27789336824375244,-0.5306144716704905,-0.06562224529669226
185,21.043653899589,BAO KT,Min,-158.05851347354692,-0.48456383862157565,0.10495050906137432,-0.27789336824375244,-8.63432531788101,-1.8901314796590076
186,0.0,BAO KT,Max,-72.86417173373697,0.20772532462314175,0.6613301083513833,0.9270151567358821,6.644860661656806,2.334403161681247
186,10.5218269497945,BAO KT,Max,-72.86417173373697,0.20772532462314175,0.6613301083513833,0.9270151567358821,-0.061662900704929205,0.22619387201709648
186,21.043653899589,BAO KT,Max,-72.86417173373697,0.20772532462314175,0.6613301083513833,0.9270151567358821,-1.143933444041196,5.34548982606618
186,0.0,BAO KT,Min,-166.55902181331658,-0.491763162247579,0.09295712479170715,-0.27576363494589134,0.8122241175763932,-5.030479136569995
186,10.5218269497945,BAO KT,Min,-166.55902181331658,-0.491763162247579,0.09295712479170715,-0.27576363494589134,-0.4499726416333283,-0.05617974840246891
186,21.043653899589,BAO KT,Min,-166.55902181331658,-0.491763162247579,0.09295712479170715,-0.27576363494589134,-7.271941251867396,-2.036896675867921
187,0.0,BAO KT,Max,-79.39962365540582,0.3408124327502263,0.5212121675855096,0.9606243048742629,5.240613247107522,3.770888810058226
187,10.5218269497945,BAO KT,Max,-79.39962365540582,0.3408124327502263,0.5212121675855096,0.9606243048742629,0.2183257923438279,0.2757527433764904
187,21.043653899589,BAO KT,Max,-79.39962365540582,0.3408124327502263,0.5212121675855096,0.9606243048742629,-0.058496458016366326,5.492680107441565
187,0.0,BAO KT,Min,-164.08124028250498,-0.497403760407751,0.02630933313017478,-0.26890811597688546,0.37890722587555337,-4.996738710561255
187,10.5218269497945,BAO KT,Min,-164.08124028250498,-0.497403760407751,0.02630933313017478,-0.26890811597688546,-0.3545509310927767,-0.03089725712641142
187,21.043653899589,BAO KT,Min,-164.08124028250498,-0.497403760407751,0.02630933313017478,-0.26890811597688546,-5.727595215816523,-3.401050069414487
188,0.0,BAO KT,Max,-77.03875401086195,0.4798936473372669,0.4010186871109721,0.9536673921893757,4.110553130566386,5.254367050855752
188,10.5218269497945,BAO KT,Max,-77.03875401086195,0.4798936473372669,0.4010186871109721,0.9536673921893757,0.20861192488888675,0.3101765956377635
188,21.043653899589,BAO KT,Max,-77.03875401086195,0.4798936473372669,0.4010186871109721,0.9536673921893757,-0.15820936269946104,5.314987533680145
188,0.0,BAO KT,Min,-164.0054913008576,-0.4786609306688119,0.032701026057105634,-0.26733945755361244,0.46085315248891,-4.7858007683745525
188,10.5218269497945,BAO KT,Min,-164.0054913008576,-0.4786609306688119,0.032701026057105634,-0.26733945755361244,-0.38030579806796816,-0.01337268125083424
188,21.043653899589,BAO KT,Min,-164.0054913008576,-0.4786609306688119,0.032701026057105634,-0.26733945755361244,-4.435752361753026,-4.844348772321114
195,0.0,BAO KT,Max,-75.75181124311388,0.4572386628451481,0.4539002897882285,1.0198520527654324,4.417998652312733,4.60506832218237
195,10.13429638461541,BAO KT,Max,-75.75181124311388,0.4572386628451481,0.4539002897882285,1.0198520527654324,0.012226736197864574,0.09107130158100946
195,20.26859276923082,BAO KT,Max,-75.75181124311388,0.4572386628451481,0.4539002897882285,1.0198520527654324,5.483259828682011,0.050004069868241297
195,0.0,BAO KT,Min,-164.85954628136713,0.0037658820859074633,-0.563001825299264,-0.27574568702862656,-5.927994896642406,0.1263332002844412
195,10.13429638461541,BAO KT,Min,-164.85954628136713,0.0037658820859074633,-0.563001825299264,-0.27574568702862656,-0.33495485389216884,-0.19300861582323706
195,20.26859276923082,BAO KT,Min,-164.85954628136713,0.0037658820859074633,-0.563001825299264,-0.27574568702862656,-4.7819214792407285,-4.662515933373569
196,0.0,BAO KT,Max,-29.949311082047462,1.8865822845131448,1.7848760874823282,1.6721770334022783,11.34281978366485,13.309575574875174
196,6.268317312543092,BAO KT,Max,-29.949311082047462,1.8865822845131448,1.7848760874823282,1.6721770334022783,0.47959850413657257,3.8116955564858377
196,12.536634625086185,BAO KT,Max,-29.949311082047462,1.8865822845131448,1.7848760874823282,1.6721770334022783,11.98322291805399,34.2359490264267
196,0.0,BAO KT,Min,-166.8769698642815,-4.960125518210915,-1.8967013065165619,-0.4436832141268655,-11.939303787282553,-27.947332289949795
196,6.268317312543092,BAO KT,Min,-166.8769698642815,-4.960125518210915,-1.8967013065165619,-0.4436832141268655,-0.6227144113634492,1.137237549726378
196,12.536634625086185,BAO KT,Min,-166.8769698642815,-4.960125518210915,-1.8967013065165619,-0.4436832141268655,-11.033519576154466,-10.341817216226513
197,0.0,BAO KT,Max,-51.70084392305456,0.41123922212668984,0.024287894660382257,1.0269801079002228,0.11597323214222277,3.7827285707969356
197,9.786507724849022,BAO KT,Max,-51.70084392305456,0.41123922212668984,0.024287894660382257,1.0269801079002228,0.2872567815050684,0.010315571423448744
197,19.573015449698044,BAO KT,Max,-51.70084392305456,0.41123922212668984,0.024287894660382257,1.0269801079002228,4.4581785439231725,6.977731107774369
197,0.0,BAO KT,Min,-192.26685592741745,-0.7378343629238933,-0.47911893285344065,-0.2926009826704282,-4.919623731060061,-7.463912277053106
197,9.786507724849022,BAO KT,Min,-192.26685592741745,-0.7378343629238933,-0.47911893285344065,-0.2926009826704282,-0.30792243490010796,-0.3581090877303883
197,19.573015449698044,BAO KT,Min,-192.26685592741745,-0.7378343629238933,-0.47911893285344065,-0.2926009826704282,-0.35941410528607776,-4.266463077410569
198,0.0,BAO KT,Max,-69.93983648539904,0.5532859265081121,0.47749043749823966,0.9679164409339033,4.836910640833668,6.049795742128986
198,10.5218269497945,BAO KT,Max,-69.93983648539904,0.5532859265081121,0.47749043749823966,0.9679164409339033,0.14382518144712236,0.33628160869028245
198,21.043653899589,BAO KT,Max,-69.93983648539904,0.5532859265081121,0.47749043749823966,0.9679164409339033,0.19387501739027957,5.370235350710207
198,0.0,BAO KT,Min,-169.08298900725708,-0.4812569608555709,-0.012442765790414772,-0.26630681650313176,-0.06855362130912711,-4.7571695703024774
198,10.5218269497945,BAO KT,Min,-169.08298900725708,-0.4812569608555709,-0.012442765790414772,-0.26630681650313176,-0.3394803094143672,-0.007798480831530202
198,21.043653899589,BAO KT,Min,-169.08298900725708,-0.4812569608555709,-0.012442765790414772,-0.26630681650313176,-5.21123286624262,-5.593361802821162
