frame,station,load_case,step_type,P,V2,V3,T,M2,M3
1,0.0,BAO KT,Max,-96.14015271049642,0.2762458381690254,1.210659513433089,0.6037523646036008,6.651829382692172,1.0467024216144774
1,5.768929953179514,BAO KT,Max,-96.14015271049642,0.2762458381690254,1.210659513433089,0.6037523646036008,0.07815678370929943,0.05047489076731884
1,11.537859906359028,BAO KT,Max,-96.14015271049642,0.2762458381690254,1.210659513433089,0.6037523646036008,21.03100704182522,9.848395616827341
1,0.0,BAO KT,Min,-211.0955081947349,-1.7273996203155189,-3.6320167566894916,-0.16401143434902782,-20.87469347440662,-10.082099204670891
1,5.768929953179514,BAO KT,Min,-211.0955081947349,-1.7273996203155189,-3.6320167566894916,-0.16401143434902782,-0.35617109596306545,-0.5560098954043903
1,11.537859906359028,BAO KT,Min,-211.0955081947349,-1.7273996203155189,-3.6320167566894916,-0.16401143434902782,-7.316590477599598,-2.140583358894466
2,0.0,BAO KT,Max,-89.81511607740629,0.2831979900631551,1.1395788854759388,0.6087955852749257,6.261650058368026,1.0490947959210704
2,5.760240309394862,BAO KT,Max,-89.81511607740629,0.2831979900631551,1.1395788854759388,0.6087955852749257,0.09139790663661568,-0.16247866809599024
2,11.520480618789724,BAO KT,Max,-89.81511607740629,0.2831979900631551,1.1395788854759388,0.6087955852749257,19.049733198278595,8.060037580624394
2,0.0,BAO KT,Min,-198.26922177224446,-1.4333237139388129,-3.2930808517812427,-0.16438449185396034,-18.888140930774767,-8.452540486259405
2,5.760240309394862,BAO KT,Min,-198.26922177224446,-1.4333237139388129,-3.2930808517812427,-0.16438449185396034,-0.33524850685341184,-0.5821936819803208
2,11.520480618789724,BAO KT,Min,-198.26922177224446,-1.4333237139388129,-3.2930808517812427,-0.16438449185396034,-6.866846405339521,-2.2134821598817123
3,0.0,BAO KT,Max,-92.53944561051756,-0.10675769065527413,1.027762423427753,0.6052077813267024,5.618483863866031,-0.404601209817115
3,5.769215039191617,BAO KT,Max,-92.53944561051756,-0.10675769065527413,1.027762423427753,0.6052077813267024,0.08974132999840853,0.6576572337466069
3,11.538430078383234,BAO KT,Max,-92.53944561051756,-0.10675769065527413,1.027762423427753,0.6052077813267024,14.883190601832732,6.615431800053131
3,0.0,BAO KT,Min,-204.4944173984546,-1.111204100019798,-2.568575102785647,-0.1569939158885736,-14.754133622735488,-6.206119010838079
3,5.769215039191617,BAO KT,Min,-204.4944173984546,-1.111204100019798,-2.568575102785647,-0.1569939158885736,-0.3639760886067187,0.2046563946075264
3,11.538430078383234,BAO KT,Min,-204.4944173984546,-1.111204100019798,-2.568575102785647,-0.1569939158885736,-6.240280996044799,0.8272149391384327
4,0.0,BAO KT,Max,-103.64495352243931,-0.024412037246853372,0.9983505992502426,0.606844062988654,5.402518608953352,-0.08911067232229827
4,5.757783504170034,BAO KT,Max,-103.64495352243931,-0.024412037246853372,0.9983505992502426,0.606844062988654,0.07438084139014917,0.19238458842663278
4,11.515567008340067,BAO KT,Max,-103.64495352243931,-0.024412037246853372,0.9983505992502426,0.606844062988654,12.850787677147501,4.639300904352272
4,0.0,BAO KT,Min,-227.88599244045872,-0.7923379311140943,-2.2226672336971283,-0.15485381024139605,-12.74448578973363,-4.484919634641617
4,5.757783504170034,BAO KT,Min,-227.88599244045872,-0.7923379311140943,-2.2226672336971283,-0.15485381024139605,-0.3923431855068216,0.05087681340641259
4,11.515567008340067,BAO KT,Min,-227.88599244045872,-0.7923379311140943,-2.2226672336971283,-0.15485381024139605,-6.094054614529276,0.1920077784039353
5,0.0,BAO KT,Max,-106.4040594481984,0.2752241502552758,0.9579571198807957,0.6043302985163972,5.145322960116072,1.3074819129947786
5,5.746675592303276,BAO KT,Max,-106.4040594481984,0.2752241502552758,0.9579571198807957,0.6043302985163972,0.0670786613304116,0.01551082921052071
5,11.493351184606553,BAO KT,Max,-106.4040594481984,0.2752241502552758,0.9579571198807957,0.6043302985163972,10.846325329739132,2.8560706802021922
5,0.0,BAO KT,Min,-233.47827623217796,-0.4967933504951154,-1.8786817667531643,-0.1542381918914013,-10.746023979672083,-2.853749763215501
5,5.746675592303276,BAO KT,Min,-233.47827623217796,-0.4967933504951154,-1.8786817667531643,-0.1542381918914013,-0.4003073768042369,-0.27641690372627464
5,11.493351184606553,BAO KT,Min,-233.47827623217796,-0.4967933504951154,-1.8786817667531643,-0.1542381918914013,-5.864814638468153,-1.8557659003740274
6,0.0,BAO KT,Max,-105.85700870400153,0.4200168985855916,0.9035455781152448,0.5998307924735707,4.834942065220996,2.3944970326679256
6,5.748015323498095,BAO KT,Max,-105.85700870400153,0.4200168985855916,0.9035455781152448,0.5998307924735707,0.06430877468859014,0.2742850591871578
6,11.49603064699619,BAO KT,Max,-105.85700870400153,0.4200168985855916,0.9035455781152448,0.5998307924735707,8.845730565494714,1.2943861786072246
6,0.0,BAO KT,Min,-232.42810733694398,-0.22766896425392363,-1.5293856167852653,-0.15262176620629475,-8.736133356143867,-1.322903211825761
6,5.748015323498095,BAO KT,Min,-232.42810733694398,-0.22766896425392363,-1.5293856167852653,-0.15262176620629475,-0.3965544749810998,-0.04277318250820379
6,11.49603064699619,BAO KT,Min,-232.42810733694398,-0.22766896425392363,-1.5293856167852653,-0.15262176620629475,-5.55224559174975,-2.4340301057283247
7,0.0,BAO KT,Max,-105.10386080675504,0.6924007909756079,0.8567748471633768,0.5952888144175436,4.557780101202143,3.9299113179030556
7,5.754601505730083,BAO KT,Max,-105.10386080675504,0.6924007909756079,0.8567748471633768,0.5952888144175436,0.05630024587250493,-0.0006449541425033239
7,11.509203011460166,BAO KT,Max,-105.10386080675504,0.6924007909756079,0.8567748471633768,0.5952888144175436,6.8340386142776,0.03504215212973516
7,0.0,BAO KT,Min,-231.01073740277067,-0.007473882630386232,-1.1782550770182003,-0.14938702040012725,-6.7267382664085,-0.050976280347205895
7,5.754601505730083,BAO KT,Min,-231.01073740277067,-0.007473882630386232,-1.1782550770182003,-0.14938702040012725,-0.39753022235125446,-0.05949097081192086
7,11.509203011460166,BAO KT,Min,-231.01073740277067,-0.007473882630386232,-1.1782550770182003,-0.14938702040012725,-5.303015549913917,-4.03906995073081
8,0.0,BAO KT,Max,-105.1527154323878,1.0422013680498896,0.807222261784079,0.5903322851326511,4.274235705158825,5.74189204910952
8,5.767268753861552,BAO KT,Max,-105.1527154323878,1.0422013680498896,0.807222261784079,0.5903322851326511,0.05288989815093832,0.14243178986509356
8,11.534537507723105,BAO KT,Max,-105.1527154323878,1.0422013680498896,0.807222261784079,0.5903322851326511,4.84163802664429,0.5221038222362261
8,0.0,BAO KT,Min,-231.0376078907267,-0.0669697638039195,-0.8303320571435102,-0.1462577329789272,-4.735858230342413,-0.25257783684953183
8,5.767268753861552,BAO KT,Min,-231.0376078907267,-0.0669697638039195,-0.8303320571435102,-0.1462577329789272,-0.402683365147376,-0.2781298931194506
8,11.534537507723105,BAO KT,Min,-231.0376078907267,-0.0669697638039195,-0.8303320571435102,-0.1462577329789272,-5.036699750458714,-6.279418721262264
9,0.0,BAO KT,Max,-105.61549456081305,1.2338960933177054,0.7554801783093943,0.5868381806299139,4.106904335885463,6.999896532717195
9,5.772321841865738,BAO KT,Max,-105.61549456081305,1.2338960933177054,0.7554801783093943,0.5868381806299139,0.05888923221921684,0.2919938826823735
9,11.544643683731476,BAO KT,Max,-105.61549456081305,1.2338960933177054,0.7554801783093943,0.5868381806299139,2.917357988456515,1.1649987118519647
9,0.0,BAO KT,Min,-231.6702425062421,-0.15282565429536368,-0.4952025951680788,-0.14389061947756157,-2.799579524018081,-0.5993190127211356
9,5.772321841865738,BAO KT,Min,-231.6702425062421,-0.15282565429536368,-0.4952025951680788,-0.14389061947756157,-0.39599032900774456,-0.13449004317533175
9,11.544643683731476,BAO KT,Min,-231.6702425062421,-0.15282565429536368,-0.4952025951680788,-0.14389061947756157,-4.705541496436194,-7.244994207383998
10,0.0,BAO KT,Max,-103.26614461730742,1.5021719772287072,0.7821911403921696,0.5837151659602873,4.280040935907188,8.531237180075605
10,5.78486661594425,BAO KT,Max,-103.26614461730742,1.5021719772287072,0.7821911403921696,0.5837151659602873,0.06875967449833577,-0.03495715886401949
10,11.5697332318885,BAO KT,Max,-103.26614461730742,1.5021719772287072,0.7821911403921696,0.5837151659602873,1.0230734266555523,-0.18796496091873435
10,0.0,BAO KT,Min,-226.26886665323224,0.024723206541035908,-0.16496728715005055,-0.1417619923001304,-0.8855540776588806,0.09807594339793192
10,5.78486661594425,BAO KT,Min,-226.26886665323224,0.024723206541035908,-0.16496728715005055,-0.1417619923001304,-0.3782100137461256,-0.17143780313466325
10,11.5697332318885,BAO KT,Min,-226.26886665323224,0.024723206541035908,-0.16496728715005055,-0.1417619923001304,-4.76970189477686,-8.848491864879026
11,0.0,BAO KT,Max,-92.20579915832205,1.9614896349653637,0.7996450038545948,0.5806406569474493,4.418793524179007,10.760149613969071
11,5.804894557309662,BAO KT,Max,-92.20579915832205,1.9614896349653637,0.7996450038545948,0.5806406569474493,0.08239156431011213,-0.19865801000956188
11,11.609789114619325,BAO KT,Max,-92.20579915832205,1.9614896349653637,0.7996450038545948,0.5806406569474493,0.2818613865029457,-0.8571259300871203
11,0.0,BAO KT,Min,-202.696203384637,0.11073314423107436,-0.03436235063764534,-0.13985920803046895,-0.11707825788272153,0.4284625224343784
11,5.804894557309662,BAO KT,Min,-202.696203384637,0.11073314423107436,-0.03436235063764534,-0.13985920803046895,-0.3446323447451647,-0.641764586077494
11,11.609789114619325,BAO KT,Min,-202.696203384637,0.11073314423107436,-0.03436235063764534,-0.13985920803046895,-4.864916337131795,-12.012331398490442
12,0.0,BAO KT,Max,-89.95379785383723,2.0924000652525385,1.1107177078463857,0.5829753932451162,6.099087736043606,12.294120921730336
12,5.784756200120405,BAO KT,Max,-89.95379785383723,2.0924000652525385,1.1107177078463857,0.5829753932451162,0.08973590329407288,0.33747572645784274
12,11.56951240024081,BAO KT,Max,-89.95379785383723,2.0924000652525385,1.1107177078463857,0.5829753932451162,1.07257099083252,1.2279946895132032
12,0.0,BAO KT,Min,-196.0106286259439,-0.16053850091716693,-0.17023907365332835,-0.13984790356706311,-0.8970120828051715,-0.6293574875640304
12,5.784756200120405,BAO KT,Min,-196.0106286259439,-0.16053850091716693,-0.17023907365332835,-0.13984790356706311,-0.3294325392525003,0.16023174749512842
12,11.56951240024081,BAO KT,Min,-196.0106286259439,-0.16053850091716693,-0.17023907365332835,-0.13984790356706311,-6.751374558052203,-11.913927579473592
13,0.0,BAO KT,Max,-96.41002025051009,2.614757032398793,1.4424420156942452,0.581556775152228,8.03165401832442,14.770964632773321
13,5.805535157699029,BAO KT,Max,-96.41002025051009,2.614757032398793,1.4424420156942452,0.581556775152228,0.05979928971341411,0.44659717442571323
13,11.611070315398058,BAO KT,Max,-96.41002025051009,2.614757032398793,1.4424420156942452,0.581556775152228,1.341241793988933,1.411317804887841
13,0.0,BAO KT,Min,-207.3643556517763,-0.1802909280648971,-0.22072771406372932,-0.1397794278216643,-1.2216432145621048,-0.6821574529988133
13,5.805535157699029,BAO KT,Min,-207.3643556517763,-0.1802909280648971,-0.22072771406372932,-0.1397794278216643,-0.3438383467413388,-0.4943157156408672
13,11.611070315398058,BAO KT,Min,-207.3643556517763,-0.1802909280648971,-0.22072771406372932,-0.1397794278216643,-8.71664165178597,-15.589163128090627
14,0.0,BAO KT,Max,-67.01467585271432,0.9043403733663323,1.649580729548783,0.5303190073651818,11.445325901822196,6.369460874842684
14,7.005482415702118,BAO KT,Max,-67.01467585271432,0.9043403733663323,1.649580729548783,0.5303190073651818,0.29860582948066305,0.3363281785947213
14,14.010964831404236,BAO KT,Max,-67.01467585271432,0.9043403733663323,1.649580729548783,0.5303190073651818,5.025699955522421,1.653930256553677
14,0.0,BAO KT,Min,-162.24377760175508,-0.18961230785399474,-0.6766418724759864,-0.11097066048778875,-4.454705523194134,-1.0027211203900366
14,7.005482415702118,BAO KT,Min,-162.24377760175508,-0.18961230785399474,-0.6766418724759864,-0.11097066048778875,-0.11078289231287286,-0.03225534797129424
14,14.010964831404236,BAO KT,Min,-162.24377760175508,-0.18961230785399474,-0.6766418724759864,-0.11097066048778875,-11.666891686447942,-6.3012202920119735
15,0.0,BAO KT,Max,-27.371803558562938,0.047945339795552905,0.7555018993693017,0.5263708984767893,4.842301924779416,0.010161596668392281
15,6.649672392383513,BAO KT,Max,-27.371803558562938,0.047945339795552905,0.7555018993693017,0.5263708984767893,0.13124516129338043,0.045464729928423576
15,13.299344784767026,BAO KT,Max,-27.371803558562938,0.047945339795552905,0.7555018993693017,0.5263708984767893,12.284191289290272,7.819288266532287
15,0.0,BAO KT,Min,-149.33851418875477,-1.181094763404205,-1.8515043148470038,-0.149919240564733,-12.339602964343873,-7.888498215463072
15,6.649672392383513,BAO KT,Min,-149.33851418875477,-1.181094763404205,-1.8515043148470038,-0.149919240564733,-0.3676984476215639,-0.34580484637252457
15,13.299344784767026,BAO KT,Min,-149.33851418875477,-1.181094763404205,-1.8515043148470038,-0.149919240564733,-5.20537832047929,-0.6534984282087075
16,0.0,BAO KT,Max,-22.534399879577393,0.14529275800216185,-0.08239740700216575,0.5241180355739954,-0.6542307232008364,0.6663006771079452
16,6.6784581032112404,BAO KT,Max,-22.534399879577393,0.14529275800216185,-0.08239740700216575,0.5241180355739954,0.23885576830984726,0.04657094242850279
16,13.356916206422481,BAO KT,Max,-22.534399879577393,0.14529275800216185,-0.08239740700216575,0.5241180355739954,4.106995751042875,8.857161431329224
16,0.0,BAO KT,Min,-152.30189765377426,-1.3275466286412125,-0.5853376221759619,-0.11994558059824251,-3.7113098208280286,-8.902628840933028
16,6.6784581032112404,BAO KT,Min,-152.30189765377426,-1.3275466286412125,-0.5853376221759619,-0.11994558059824251,-0.20076937167568243,-0.3368451587955062
16,13.356916206422481,BAO KT,Min,-152.30189765377426,-1.3275466286412125,-0.5853376221759619,-0.11994558059824251,0.44634453775358063,-1.2743625169269501
17,0.0,BAO KT,Max,-65.61006664703565,1.00115653812517,0.5096574621476192,0.4626768815184184,3.334127398541082,7.0962620207056535
17,7.051310742403244,BAO KT,Max,-65.61006664703565,1.00115653812517,0.5096574621476192,0.4626768815184184,0.06403990757682705,0.3229890669579407
17,14.102621484806487,BAO KT,Max,-65.61006664703565,1.00115653812517,0.5096574621476192,0.4626768815184184,-0.7434156620888213,1.9526833046931034
17,0.0,BAO KT,Min,-188.73941576614777,-0.23502732148486763,0.10647400177314462,-0.13006437407460036,0.7581468828904521,-1.3618180487959124
17,7.051310742403244,BAO KT,Min,-188.73941576614777,-0.23502732148486763,0.10647400177314462,-0.13006437407460036,-0.38532297393253795,-0.03227478224515886
17,14.102621484806487,BAO KT,Min,-188.73941576614777,-0.23502732148486763,0.10647400177314462,-0.13006437407460036,-3.9013632231149025,-7.022669683512852
18,0.0,BAO KT,Max,-85.94271013697382,0.4217820812631909,0.5641606331686736,0.5110300623779671,3.6128236410678416,2.459469465061514
18,6.756937517794368,BAO KT,Max,-85.94271013697382,0.4217820812631909,0.5641606331686736,0.5110300623779671,0.3274335278180603,0.1261116166667028
18,13.513875035588736,BAO KT,Max,-85.94271013697382,0.4217820812631909,0.5641606331686736,0.5110300623779671,16.234184368450435,6.119972535311811
18,0.0,BAO KT,Min,-184.43419452410225,-0.8933742211431926,-2.3665390880605965,-0.13447611821057334,-16.00334035180234,-5.952975049233713
18,6.756937517794368,BAO KT,Min,-184.43419452410225,-0.8933742211431926,-2.3665390880605965,-0.13447611821057334,-0.5464258116926344,-0.4017808546981877
18,13.513875035588736,BAO KT,Min,-184.43419452410225,-0.8933742211431926,-2.3665390880605965,-0.13447611821057334,-4.0111726555722305,-3.240440873379781
19,0.0,BAO KT,Max,-83.75438576461511,0.4321668645105078,0.5916932943928097,0.5152410810069922,3.653294127356691,2.4915747209147128
19,6.748047462337228,BAO KT,Max,-83.75438576461511,0.4321668645105078,0.5916932943928097,0.5152410810069922,0.20600324254230643,-0.0958775976355237
19,13.496094924674455,BAO KT,Max,-83.75438576461511,0.4321668645105078,0.5916932943928097,0.5152410810069922,14.460354441433214,4.4039593348020585
19,0.0,BAO KT,Min,-180.79279003551466,-0.6676402341894928,-2.1368592909276187,-0.13543143316517592,-14.558541687467537,-4.606576641351218
19,6.748047462337228,BAO KT,Min,-180.79279003551466,-0.6676402341894928,-2.1368592909276187,-0.13543143316517592,-0.6520269583655354,-0.4247077924516563
19,13.496094924674455,BAO KT,Min,-180.79279003551466,-0.6676402341894928,-2.1368592909276187,-0.13543143316517592,-4.332254740062019,-3.3409903058180253
20,0.0,BAO KT,Max,-87.28466533453837,0.17409621269773148,0.527737806106867,0.5144954064524685,3.162684008392658,1.3333583855535873
20,6.754162932829478,BAO KT,Max,-87.28466533453837,0.17409621269773148,0.527737806106867,0.5144954064524685,0.17286878116804139,0.5004130781411673
20,13.508325865658955,BAO KT,Max,-87.28466533453837,0.17409621269773148,0.527737806106867,0.5144954064524685,11.49771774155743,4.540868397393885
20,0.0,BAO KT,Min,-187.4270801102207,-0.5982264041494053,-1.716049974185522,-0.13241227542786854,-11.713168731699533,-3.5401688112976752
20,6.754162932829478,BAO KT,Min,-187.4270801102207,-0.5982264041494053,-1.716049974185522,-0.13241227542786854,-0.6298843967457708,0.15679351481134354
20,13.508325865658955,BAO KT,Min,-187.4270801102207,-0.5982264041494053,-1.716049974185522,-0.13241227542786854,-4.1943115250055225,-1.0183899875444418
21,0.0,BAO KT,Max,-95.32582449763731,0.23604696474320774,0.5915179075331022,0.5150872718340814,3.2710983185561524,1.6312273279129683
21,6.742886594129293,BAO KT,Max,-95.32582449763731,0.23604696474320774,0.5915179075331022,0.5150872718340814,0.25631257957494075,0.19863673580885804
21,13.485773188258586,BAO KT,Max,-95.32582449763731,0.23604696474320774,0.5915179075331022,0.5150872718340814,10.396597287034467,1.978049925847219
21,0.0,BAO KT,Min,-208.99653531661212,-0.27152771021752836,-1.5292146953297376,-0.13109094933524368,-10.395018747731543,-1.7099976732403905
21,6.742886594129293,BAO KT,Min,-208.99653531661212,-0.27152771021752836,-1.5292146953297376,-0.13109094933524368,-0.7174398503362125,0.038550839373321474
21,13.485773188258586,BAO KT,Min,-208.99653531661212,-0.27152771021752836,-1.5292146953297376,-0.13109094933524368,-4.705978019228578,-1.5520485003908022
22,0.0,BAO KT,Max,-97.30982586029819,0.34022404217364033,0.6258587374715828,0.5128754932667157,3.479033052910887,2.080743510726262
22,6.74644855846852,BAO KT,Max,-97.30982586029819,0.34022404217364033,0.6258587374715828,0.5128754932667157,0.26710584484253524,0.013860803147343073
22,13.49289711693704,BAO KT,Max,-97.30982586029819,0.34022404217364033,0.6258587374715828,0.5128754932667157,8.96607056900418,0.4483945362613202
22,0.0,BAO KT,Min,-215.32141058858858,-0.06606260246318296,-1.3179328861060648,-0.12997306804946634,-8.968530770745147,-0.4429813620515195
22,6.74644855846852,BAO KT,Min,-215.32141058858858,-0.06606260246318296,-1.3179328861060648,-0.12997306804946634,-0.743290724309201,-0.21456048815242623
22,13.49289711693704,BAO KT,Min,-215.32141058858858,-0.06606260246318296,-1.3179328861060648,-0.12997306804946634,-4.96561450152929,-2.509864487031115
23,0.0,BAO KT,Max,-96.71159063288572,0.27082546292680304,0.6367501431478652,0.509982840482101,3.5825011794453694,1.79755995616875
23,6.750064960472035,BAO KT,Max,-96.71159063288572,0.27082546292680304,0.6367501431478652,0.509982840482101,0.27250424694445924,0.2186636489145219
23,13.50012992094407,BAO KT,Max,-96.71159063288572,0.27082546292680304,0.6367501431478652,0.509982840482101,7.534692370142035,0.6826618494707519
23,0.0,BAO KT,Min,-212.35572302177894,-0.06990684196026505,-1.1094890059448737,-0.1285837335583945,-7.558267606932537,-0.2642992482659681
23,6.750064960472035,BAO KT,Min,-212.35572302177894,-0.06990684196026505,-1.1094890059448737,-0.1285837335583945,-0.7156036503925881,-0.08709143364315902
23,13.50012992094407,BAO KT,Min,-212.35572302177894,-0.06990684196026505,-1.1094890059448737,-0.1285837335583945,-5.013708480230546,-1.8586189792429124
24,0.0,BAO KT,Max,-95.4912512209349,0.38178018368594774,0.6005072247472417,0.5069424253578264,3.4763953677046997,2.527196401108538
24,6.757537147339443,BAO KT,Max,-95.4912512209349,0.38178018368594774,0.6005072247472417,0.5069424253578264,0.29768609971375715,-0.011229684836137063
24,13.515074294678886,BAO KT,Max,-95.4912512209349,0.38178018368594774,0.6005072247472417,0.5069424253578264,6.200368014151287,-0.21160267608484656
24,0.0,BAO KT,Min,-204.71329811686903,0.02857421697347215,-0.9087993829457667,-0.12649521640427588,-6.186190794563112,0.174579989223904
24,6.757537147339443,BAO KT,Min,-204.71329811686903,0.02857421697347215,-0.9087993829457667,-0.12649521640427588,-0.5815545107705016,-0.10105752915061203
24,13.515074294678886,BAO KT,Min,-204.71329811686903,0.02857421697347215,-0.9087993829457667,-0.12649521640427588,-4.639504389245703,-2.670952315170132
25,0.0,BAO KT,Max,-94.59974245328898,0.604824954139033,0.584100433563836,0.5031680182518404,3.459043667491102,3.8808731031186507
25,6.771628341854472,BAO KT,Max,-94.59974245328898,0.604824954139033,0.584100433563836,0.5031680182518404,0.3286173380422073,0.11809664534511635
25,13.543256683708943,BAO KT,Max,-94.59974245328898,0.604824954139033,0.584100433563836,0.5031680182518404,4.877993462902705,0.27304955259119773
25,0.0,BAO KT,Min,-203.23364511636174,-0.023409343260205245,-0.7097385021999871,-0.12448496377355381,-4.824337658427509,-0.04398919197881383
25,6.771628341854472,BAO KT,Min,-203.23364511636174,-0.023409343260205245,-0.7097385021999871,-0.12448496377355381,-0.49626738291925443,-0.219377608318268
25,13.543256683708943,BAO KT,Min,-203.23364511636174,-0.023409343260205245,-0.7097385021999871,-0.12448496377355381,-4.451578433329611,-4.310426499498764
26,0.0,BAO KT,Max,-95.4052102560976,0.7187916274823705,0.6667913605004483,0.5004316652637003,3.8815768415328074,4.774283347966186
26,6.77731049165109,BAO KT,Max,-95.4052102560976,0.7187916274823705,0.6667913605004483,0.5004316652637003,0.31061326187303545,0.23753397374135726
26,13.55462098330218,BAO KT,Max,-95.4052102560976,0.7187916274823705,0.6667913605004483,0.5004316652637003,3.3930905717804114,0.7690544963108517
26,0.0,BAO KT,Min,-208.04879185663344,-0.07952308240815215,-0.4976512738818605,-0.12290614557770646,-3.407389317394208,-0.3088507451555559
26,6.77731049165109,BAO KT,Min,-208.04879185663344,-0.07952308240815215,-0.4976512738818605,-0.12290614557770646,-0.6374752417291842,-0.10462278844475423
26,13.55462098330218,BAO KT,Min,-208.04879185663344,-0.07952308240815215,-0.4976512738818605,-0.12290614557770646,-5.156527324991176,-4.9686647285282755
27,0.0,BAO KT,Max,-94.18410876893385,0.8890864029065386,0.7271764964124036,0.49838687234166856,4.205607670849604,5.918641536559998
27,6.788429453469766,BAO KT,Max,-94.18410876893385,0.8890864029065386,0.7271764964124036,0.49838687234166856,0.2823508420193832,-0.02490003869044965
27,13.576858906939531,BAO KT,Max,-94.18410876893385,0.8890864029065386,0.7271764964124036,0.49838687234166856,2.2825110556449766,-0.2988695360202334
27,0.0,BAO KT,Min,-209.34564677107684,0.03951872600006681,-0.2955294223208047,-0.12128270901355459,-1.9902996223125786,0.2376706310646765
27,6.788429453469766,BAO KT,Min,-209.34564677107684,0.03951872600006681,-0.2955294223208047,-0.12128270901355459,-0.7307786752673078,-0.12255820139756479
27,13.576858906939531,BAO KT,Min,-209.34564677107684,0.03951872600006681,-0.2955294223208047,-0.12128270901355459,-5.6671650213842195,-6.15235911178047
28,0.0,BAO KT,Max,-86.31430651217278,1.1850202091253197,0.7590908946473438,0.496255335343616,4.404627391982742,7.589582296794093
28,6.808552955596457,BAO KT,Max,-86.31430651217278,1.1850202091253197,0.7590908946473438,0.496255335343616,0.19466407188818066,-0.15321646003971537
28,13.617105911192914,BAO KT,Max,-86.31430651217278,1.1850202091253197,0.7590908946473438,0.496255335343616,2.2112100980644662,-1.1420341178932634
28,0.0,BAO KT,Min,-192.60067866081505,0.13155950656466486,-0.29703191686157265,-0.11975582671365564,-1.833504972844217,0.6494256166220573
28,6.808552955596457,BAO KT,Min,-192.60067866081505,0.13155950656466486,-0.29703191686157265,-0.11975582671365564,-0.7636831623347898,-0.4832530725924146
28,13.617105911192914,BAO KT,Min,-192.60067866081505,0.13155950656466486,-0.29703191686157265,-0.11975582671365564,-5.931993716652322,-8.546963397769357
29,0.0,BAO KT,Max,-84.21993338158973,1.2450720323478608,0.70230114414189,0.49772921929504677,4.354473347879251,8.586814767170601
29,6.794491187150012,BAO KT,Max,-84.21993338158973,1.2450720323478608,0.70230114414189,0.49772921929504677,0.19410123422758352,0.22678587561790226
29,13.588982374300024,BAO KT,Max,-84.21993338158973,1.2450720323478608,0.70230114414189,0.49772921929504677,2.8157916438684225,0.658294792191227
29,0.0,BAO KT,Min,-178.06940120902757,-0.06717944580615681,-0.386141654436725,-0.1198655554973325,-2.4314804922552846,-0.25460551278388166
29,6.794491187150012,BAO KT,Min,-178.06940120902757,-0.06717944580615681,-0.386141654436725,-0.1198655554973325,-0.5213183035912675,0.10829438630799465
29,13.588982374300024,BAO KT,Min,-178.06940120902757,-0.06717944580615681,-0.386141654436725,-0.1198655554973325,-5.29309723818871,-8.332447135138388
30,0.0,BAO KT,Max,-88.84748481333783,1.6092458236820244,0.8592270638480097,0.49679909541937206,5.574172398272027,10.601132222388689
30,6.817562179253679,BAO KT,Max,-88.84748481333783,1.6092458236820244,0.8592270638480097,0.49679909541937206,0.2599844388764146,0.3354383710343503
30,13.635124358507358,BAO KT,Max,-88.84748481333783,1.6092458236820244,0.8592270638480097,0.49679909541937206,3.362634141051688,0.9777021673903286
30,0.0,BAO KT,Min,-184.51282093123496,-0.10047876422783615,-0.4550966490070093,-0.1202619284430087,-2.8426652632988585,-0.39233827824535794
30,6.817562179253679,BAO KT,Min,-184.51282093123496,-0.10047876422783615,-0.4550966490070093,-0.1202619284430087,-0.5346050573459452,-0.41275766872968167
30,13.635124358507358,BAO KT,Min,-184.51282093123496,-0.10047876422783615,-0.4550966490070093,-0.1202619284430087,-6.141495469490728,-11.34113470692432
31,0.0,BAO KT,Max,-71.09996869449918,0.4997674721247766,1.1957478498573562,0.4893137895851998,9.350494803827484,3.97560077973339
31,7.890930160880191,BAO KT,Max,-71.09996869449918,0.4997674721247766,1.1957478498573562,0.4893137895851998,0.552863652038775,0.2776191433664296
31,15.781860321760382,BAO KT,Max,-71.09996869449918,0.4997674721247766,1.1957478498573562,0.4893137895851998,3.775090300435516,1.525168857313771
31,0.0,BAO KT,Min,-159.68007188186584,-0.15948096890483565,-0.43031998281002626,-0.09706196149229916,-3.0161595619346473,-0.9917375179213564
31,7.890930160880191,BAO KT,Min,-159.68007188186584,-0.15948096890483565,-0.43031998281002626,-0.09706196149229916,-0.08506796941956454,-0.044911186570838
31,15.781860321760382,BAO KT,Min,-159.68007188186584,-0.15948096890483565,-0.43031998281002626,-0.09706196149229916,-9.520630742666615,-3.91165965869911
32,0.0,BAO KT,Max,-40.59561241017389,0.0533142414867878,0.46057318691819615,0.44868291245385533,3.186805730962851,0.2168818441699973
32,7.57352405055895,BAO KT,Max,-40.59561241017389,0.0533142414867878,0.46057318691819615,0.44868291245385533,0.07017687799143091,0.04758182821864111
32,15.1470481011179,BAO KT,Max,-40.59561241017389,0.0533142414867878,0.46057318691819615,0.44868291245385533,9.617781851145674,4.966017819892602
32,0.0,BAO KT,Min,-147.1959288124487,-0.6597031482938422,-1.2801173840117874,-0.1458064487395136,-9.772217739558084,-5.026537499773141
32,7.57352405055895,BAO KT,Min,-147.1959288124487,-0.6597031482938422,-1.2801173840117874,-0.1458064487395136,-0.5259402997987563,-0.29116054355729487
32,15.1470481011179,BAO KT,Min,-147.1959288124487,-0.6597031482938422,-1.2801173840117874,-0.1458064487395136,-3.7895184853722306,-0.6846362402143839
33,0.0,BAO KT,Max,-30.280784661116844,0.0440378553825963,0.051145755927984995,0.4798492185080857,0.3335890315679457,0.07933425012411213
33,7.550530637856815,BAO KT,Max,-30.280784661116844,0.0440378553825963,0.051145755927984995,0.4798492185080857,0.5985414974450064,0.04344588558354164
33,15.10106127571363,BAO KT,Max,-30.280784661116844,0.0440378553825963,0.051145755927984995,0.4798492185080857,4.86276362460238,7.056970054635113
33,0.0,BAO KT,Min,-148.84123806887857,-0.931644578103029,-0.564757939763523,-0.10659108441200962,-3.6656806297123676,-7.011851806485101
33,7.550530637856815,BAO KT,Min,-148.84123806887857,-0.931644578103029,-0.564757939763523,-0.10659108441200962,-0.15374858554907853,-0.2727038979805179
33,15.10106127571363,BAO KT,Min,-148.84123806887857,-0.931644578103029,-0.564757939763523,-0.10659108441200962,-0.43876616269324914,-0.58568410245949
34,0.0,BAO KT,Max,-73.27532502324962,0.6708483345992371,0.5284175052154034,0.408374198249633,3.5519116151061647,5.3904279704285125
34,7.997550146145808,BAO KT,Max,-73.27532502324962,0.6708483345992371,0.5284175052154034,0.408374198249633,0.06915312228716045,0.2510950008457038
34,15.995100292291616,BAO KT,Max,-73.27532502324962,0.6708483345992371,0.5284175052154034,0.408374198249633,0.6248304563025663,1.369184678957739
34,0.0,BAO KT,Min,-178.01351486643176,-0.14178518670768464,-0.06948094402173882,-0.14028858674001637,-0.4865242117282455,-0.8986836023929686
34,7.997550146145808,BAO KT,Min,-178.01351486643176,-0.14178518670768464,-0.06948094402173882,-0.14028858674001637,-0.674133880955288,-0.044905773651484376
34,15.995100292291616,BAO KT,Min,-178.01351486643176,-0.14178518670768464,-0.06948094402173882,-0.14028858674001637,-4.900179377016741,-5.36714209936951
35,0.0,BAO KT,Max,-93.18520566594461,0.16029676209818078,2.6210219400808072,0.745124927614247,11.996598657601142,0.38862341862108535
35,4.775449310855382,BAO KT,Max,-93.18520566594461,0.16029676209818078,2.6210219400808072,0.745124927614247,0.1961062617324481,0.21888724763793913
35,9.550898621710765,BAO KT,Max,-93.18520566594461,0.16029676209818078,2.6210219400808072,0.745124927614247,27.785867703930275,17.320886170824558
35,0.0,BAO KT,Min,-219.02904814371306,-3.6697945944487524,-5.938365287932509,-0.21391626808552783,-28.930857139799375,-17.72894996325765
35,4.775449310855382,BAO KT,Min,-219.02904814371306,-3.6697945944487524,-5.938365287932509,-0.21391626808552783,-1.0963126019587164,-0.5347407329422583
35,9.550898621710765,BAO KT,Min,-219.02904814371306,-3.6697945944487524,-5.938365287932509,-0.21391626808552783,-13.414008709219313,-1.142354705567128
36,0.0,BAO KT,Max,-94.68141381149458,0.18007272455348244,2.3231407621378333,0.7492181617205075,10.874419365561325,0.40986454545887424
36,4.7691141821500835,BAO KT,Max,-94.68141381149458,0.18007272455348244,2.3231407621378333,0.7492181617205075,0.4171840949589824,-0.07931587477052157
36,9.538228364300167,BAO KT,Max,-94.68141381149458,0.18007272455348244,2.3231407621378333,0.7492181617205075,25.035241173411716,15.169198563696526
36,0.0,BAO KT,Min,-214.38594810856932,-3.22517414853404,-5.357219320032091,-0.2103594177537006,-26.06314009869523,-15.593248979658494
36,4.7691141821500835,BAO KT,Min,-214.38594810856932,-3.22517414853404,-5.357219320032091,-0.2103594177537006,-0.9425741747693972,-0.539083408543109
36,9.538228364300167,BAO KT,Min,-214.38594810856932,-3.22517414853404,-5.357219320032091,-0.2103594177537006,-11.788766924381523,-1.3077102235139633
37,0.0,BAO KT,Max,-78.39839961646551,0.46731800686089814,0.22360257139093836,0.3976455752493493,1.237213276275671,3.692225404420363
37,8.658113350300727,BAO KT,Max,-78.39839961646551,0.46731800686089814,0.22360257139093836,0.3976455752493493,0.17104119642073082,0.056942800667430356
37,17.316226700601455,BAO KT,Max,-78.39839961646551,0.46731800686089814,0.22360257139093836,0.3976455752493493,10.792526028216445,3.950287472656804
37,0.0,BAO KT,Min,-167.01107428415744,-0.45264447656167284,-1.2646665618322772,-0.10093782629027435,-11.106726857141474,-3.9136945620139905
37,8.658113350300727,BAO KT,Min,-167.01107428415744,-0.45264447656167284,-1.2646665618322772,-0.10093782629027435,-0.739054069866234,-0.3538668696179061
37,17.316226700601455,BAO KT,Min,-167.01107428415744,-0.45264447656167284,-1.2646665618322772,-0.10093782629027435,-2.675030478387689,-4.399959143656175
38,0.0,BAO KT,Max,-75.8698639967513,0.4795066078892627,0.15095097496372267,0.39956919367180704,0.7830691558007028,3.7572181539315377
38,8.65770844629324,BAO KT,Max,-75.8698639967513,0.4795066078892627,0.15095097496372267,0.39956919367180704,0.2868905309442969,-0.08295494888725394
38,17.31541689258648,BAO KT,Max,-75.8698639967513,0.4795066078892627,0.15095097496372267,0.39956919367180704,10.08907096383026,2.928959208448457
38,0.0,BAO KT,Min,-160.4896751438388,-0.34833386562875673,-1.178792756688265,-0.10182154095545888,-10.32221704818831,-3.102586892719666
38,8.65770844629324,BAO KT,Min,-160.4896751438388,-0.34833386562875673,-1.178792756688265,-0.10182154095545888,-0.5952707274672996,-0.39421025524475295
38,17.31541689258648,BAO KT,Min,-160.4896751438388,-0.34833386562875673,-1.178792756688265,-0.10182154095545888,-1.9021602583869208,-4.545638664421043
39,0.0,BAO KT,Max,-99.44912841185592,-0.23674234364093266,2.1480396772001766,0.736857495580018,10.005822710676583,-0.8512228462257974
39,4.774488807456077,BAO KT,Max,-99.44912841185592,-0.23674234364093266,2.1480396772001766,0.736857495580018,0.35526145639484036,0.6092054574205923
39,9.548977614912154,BAO KT,Max,-99.44912841185592,-0.23674234364093266,2.1480396772001766,0.736857495580018,19.15353645611213,12.247362530609106
39,0.0,BAO KT,Min,-219.76756991407714,-2.5326954346227275,-4.117153060697592,-0.19205292780293728,-20.177868828201614,-11.937289479993526
39,4.774488807456077,BAO KT,Min,-219.76756991407714,-2.5326954346227275,-4.117153060697592,-0.19205292780293728,-0.9700766918057651,0.15503652530778983
39,9.548977614912154,BAO KT,Min,-219.76756991407714,-2.5326954346227275,-4.117153060697592,-0.19205292780293728,-10.505760082851033,1.4094244937033094
40,0.0,BAO KT,Max,-79.90771642206151,0.28488218311587554,0.1605397592990687,0.4019951169719334,1.019961023448528,2.6067453889003978
40,8.615790067620415,BAO KT,Max,-79.90771642206151,0.28488218311587554,0.1605397592990687,0.4019951169719334,0.2555150349592521,0.41478593486129095
40,17.23158013524083,BAO KT,Max,-79.90771642206151,0.28488218311587554,0.1605397592990687,0.4019951169719334,8.341331235775348,3.4682214818052324
40,0.0,BAO KT,Min,-167.42796181982928,-0.35474624908019714,-0.98441209472014,-0.1019165999123277,-8.62164466049503,-2.6446169368962877
40,8.615790067620415,BAO KT,Min,-167.42796181982928,-0.35474624908019714,-0.98441209472014,-0.1019165999123277,-0.5959891663342933,0.14789551977838078
40,17.23158013524083,BAO KT,Min,-167.42796181982928,-0.35474624908019714,-0.98441209472014,-0.1019165999123277,-1.9791660299613816,-2.3022247785631635
41,0.0,BAO KT,Max,-87.63018867046118,0.32603443370492147,0.21514549745321343,0.4013558369602491,1.2083050948317706,2.881241540856327
41,8.620844965481922,BAO KT,Max,-87.63018867046118,0.32603443370492147,0.21514549745321343,0.4013558369602491,0.2923508818731505,0.21491862939347461
41,17.241689930963844,BAO KT,Max,-87.63018867046118,0.32603443370492147,0.21514549745321343,0.4013558369602491,7.200087482604495,1.73144952943309
41,0.0,BAO KT,Min,-188.28310197434644,-0.18382745436252843,-0.8588702967878044,-0.10114057903564042,-7.6082878655257185,-1.4380888962972
41,8.620844965481922,BAO KT,Min,-188.28310197434644,-0.18382745436252843,-0.8588702967878044,-0.10114057903564042,-0.725869823248042,0.06864413514850416
41,17.241689930963844,BAO KT,Min,-188.28310197434644,-0.18382745436252843,-0.8588702967878044,-0.10114057903564042,-2.580445807554581,-2.7401430719013162
42,0.0,BAO KT,Max,-90.27288224487967,0.39132270835161587,0.23965459603884967,0.39986463483514634,1.368947466444215,3.2488245854783457
42,8.63171738937165,BAO KT,Max,-90.27288224487967,0.39132270835161587,0.23965459603884967,0.39986463483514634,0.2934634514155347,0.03248014130601122
42,17.2634347787433,BAO KT,Max,-90.27288224487967,0.39132270835161587,0.23965459603884967,0.39986463483514634,6.220593681662971,0.6310972032746575
42,0.0,BAO KT,Min,-195.72111172753412,-0.07145992696145925,-0.7468215245466254,-0.10022873697293677,-6.672110998709336,-0.6025465851182543
42,8.63171738937165,BAO KT,Min,-195.72111172753412,-0.07145992696145925,-0.7468215245466254,-0.10022873697293677,-0.7690788673244082,-0.1294496490429647
42,17.2634347787433,BAO KT,Min,-195.72111172753412,-0.07145992696145925,-0.7468215245466254,-0.10022873697293677,-2.837237921694756,-3.50674946759096
43,0.0,BAO KT,Max,-90.21681546878979,0.36323621265324757,0.25472891273409104,0.3987277652358927,1.5493647467796767,3.110498635465079
43,8.626830317622275,BAO KT,Max,-90.21681546878979,0.36323621265324757,0.25472891273409104,0.3987277652358927,0.2680656587835195,0.1687833558042301
43,17.25366063524455,BAO KT,Max,-90.21681546878979,0.36323621265324757,0.25472891273409104,0.3987277652358927,5.315866021512171,0.4412557562213985
43,0.0,BAO KT,Min,-193.90933196167242,-0.03173105280420725,-0.6435910746217106,-0.09936085491963399,-5.788435967883174,-0.10622106046141844
43,8.626830317622275,BAO KT,Min,-193.90933196167242,-0.03173105280420725,-0.6435910746217106,-0.09936085491963399,-0.7845323028409729,-0.07822406909905788
43,17.25366063524455,BAO KT,Min,-193.90933196167242,-0.03173105280420725,-0.6435910746217106,-0.09936085491963399,-2.980765340963832,-3.1566557080855766
44,0.0,BAO KT,Max,-108.18644140897284,-0.03281683482999109,2.0911225716614164,0.7416699551673522,9.680440513242669,-0.10272943551930425
44,4.765416506313816,BAO KT,Max,-108.18644140897284,-0.03281683482999109,2.0911225716614164,0.7416699551673522,0.42373680144573933,0.20348066415376884
44,9.530833012627632,BAO KT,Max,-108.18644140897284,-0.03281683482999109,2.0911225716614164,0.7416699551673522,16.05150096572292,9.70303617374892
44,0.0,BAO KT,Min,-246.79521123444937,-2.0260360745810244,-3.4506750933430554,-0.1881861576919795,-17.00694003631151,-9.606775330642403
44,4.765416506313816,BAO KT,Min,-246.79521123444937,-2.0260360745810244,-3.4506750933430554,-0.1881861576919795,-1.1279904250999668,0.009983635225857136
44,9.530833012627632,BAO KT,Min,-246.79521123444937,-2.0260360745810244,-3.4506750933430554,-0.1881861576919795,-10.407878492486766,0.20508087040838996
45,0.0,BAO KT,Max,-89.1536158526239,0.36302276492869984,0.27104620815477654,0.3969145461885904,1.8752979689390947,3.108332689738972
45,8.6366364458057,BAO KT,Max,-89.1536158526239,0.36302276492869984,0.27104620815477654,0.3969145461885904,0.15954063944488403,-0.01248495131763961
45,17.2732728916114,BAO KT,Max,-89.1536158526239,0.36302276492869984,0.27104620815477654,0.3969145461885904,4.365442867622534,-0.35923300318897494
45,0.0,BAO KT,Min,-186.80335093992434,0.03951004933718363,-0.5349141671687276,-0.09810332444113733,-4.874275515471937,0.32287071615619733
45,8.6366364458057,BAO KT,Min,-186.80335093992434,0.03951004933718363,-0.5349141671687276,-0.09810332444113733,-0.8060925429062715,-0.09838409410213589
45,17.2732728916114,BAO KT,Min,-186.80335093992434,0.03951004933718363,-0.5349141671687276,-0.09810332444113733,-3.1436645781063453,-3.162258594741756
46,0.0,BAO KT,Max,-88.51006836328214,0.41937032674037594,0.297717037519142,0.39435254103704936,2.127891333046961,3.630347060843003
46,8.654417338501846,BAO KT,Max,-88.51006836328214,0.41937032674037594,0.297717037519142,0.39435254103704936,0.08973342548358348,0.0844000251375312
46,17.30883467700369,BAO KT,Max,-88.51006836328214,0.41937032674037594,0.297717037519142,0.39435254103704936,3.4101226960134907,0.0190853271829442
46,0.0,BAO KT,Min,-184.84212770656512,0.007344448809156426,-0.42565349940712527,-0.09695150285479888,-3.9574433549125287,0.1462091774143494
46,8.654417338501846,BAO KT,Min,-184.84212770656512,0.007344448809156426,-0.42565349940712527,-0.09695150285479888,-0.826604409533729,-0.15993120828955673
46,17.30883467700369,BAO KT,Min,-184.84212770656512,0.007344448809156426,-0.42565349940712527,-0.09695150285479888,-3.292653166710134,-3.628464593147185
47,0.0,BAO KT,Max,-88.71275386326609,0.49613785468191635,0.28738993654782724,0.3923067608064774,2.004090349098693,4.297226087240022
47,8.661907374588477,BAO KT,Max,-88.71275386326609,0.49613785468191635,0.28738993654782724,0.3923067608064774,0.21281261556250933,0.15158459071455116
47,17.323814749176954,BAO KT,Max,-88.71275386326609,0.49613785468191635,0.28738993654782724,0.3923067608064774,2.626551304890005,0.28760977260462656
47,0.0,BAO KT,Min,-188.69820962468927,-0.016294517976977906,-0.3326362734124014,-0.09611736977499721,-3.135977874563012,0.005326561744327718
47,8.661907374588477,BAO KT,Min,-188.69820962468927,-0.016294517976977906,-0.3326362734124014,-0.09611736977499721,-0.8004961640260155,-0.09160741200974096
47,17.323814749176954,BAO KT,Min,-188.69820962468927,-0.016294517976977906,-0.3326362734124014,-0.09611736977499721,-3.285472638964253,-4.297774197323572
48,0.0,BAO KT,Max,-110.51486078761637,0.5743107304410995,2.0326681623701104,0.7340461322887823,9.349777203799832,2.4369691429446716
48,4.756680253800347,BAO KT,Max,-110.51486078761637,0.5743107304410995,2.0326681623701104,0.7340461322887823,0.42059935895638867,0.01746405646173173
48,9.513360507600694,BAO KT,Max,-110.51486078761637,0.5743107304410995,2.0326681623701104,0.7340461322887823,13.241547718257518,7.377135351302218
48,0.0,BAO KT,Min,-254.03919270413712,-1.5509842668717067,-2.867700694399872,-0.1894234004593219,-14.068618105852568,-7.377937121065093
48,4.756680253800347,BAO KT,Min,-254.03919270413712,-1.5509842668717067,-2.867700694399872,-0.1894234004593219,-1.1544838786875353,-0.29668253594527444
48,9.513360507600694,BAO KT,Min,-254.03919270413712,-1.5509842668717067,-2.867700694399872,-0.1894234004593219,-10.002157441627302,-3.0266558791249913
49,0.0,BAO KT,Max,-86.73474652109074,0.5917053022824446,0.27765804543326905,0.3907951167446172,1.8968738278829655,5.072319226602346
49,8.675400546240606,BAO KT,Max,-86.73474652109074,0.5917053022824446,0.27765804543326905,0.3907951167446172,0.3057083297548998,-0.046246763685902276
49,17.350801092481213,BAO KT,Max,-86.73474652109074,0.5917053022824446,0.27765804543326905,0.3907951167446172,2.4215348727382473,-0.5214870004519159
49,0.0,BAO KT,Min,-188.35448584425882,0.05478020688877057,-0.2694955978072852,-0.09518206325603121,-2.3460296136826964,0.4289934730801114
49,8.675400546240606,BAO KT,Min,-188.35448584425882,0.05478020688877057,-0.2694955978072852,-0.09518206325603121,-0.7419438611925002,-0.1431207004444974
49,17.350801092481213,BAO KT,Min,-188.35448584425882,0.05478020688877057,-0.2694955978072852,-0.09518206325603121,-3.1502078589882947,-5.194241778666818
50,0.0,BAO KT,Max,-79.13023820607813,0.6906841122629277,0.2510398616833551,0.3892791411072385,1.7609319228101843,5.867781409559744
50,8.697502336644302,BAO KT,Max,-79.13023820607813,0.6906841122629277,0.2510398616833551,0.3892791411072385,0.36640294911578386,-0.13944527073016466
50,17.395004673288604,BAO KT,Max,-79.13023820607813,0.6906841122629277,0.2510398616833551,0.3892791411072385,2.930306897529577,-1.1669422639310651
50,0.0,BAO KT,Min,-172.56019962221004,0.10925839019043296,-0.3170998623780872,-0.09441910155235056,-2.5856466904364224,0.7260631478838052
50,8.697502336644302,BAO KT,Min,-172.56019962221004,0.10925839019043296,-0.3170998623780872,-0.09441910155235056,-0.6076480419916521,-0.3999202403785781
50,17.395004673288604,BAO KT,Min,-172.56019962221004,0.10925839019043296,-0.3170998623780872,-0.09441910155235056,-2.789883310182797,-6.146671951020073
51,0.0,BAO KT,Max,-76.7491037366574,0.7614732126720278,0.4414834225491526,0.390074061336141,3.2507084140997007,6.727073440016939
51,8.68563806864911,BAO KT,Max,-76.7491037366574,0.7614732126720278,0.4414834225491526,0.390074061336141,0.17936488156233646,0.21891914241333835
51,17.37127613729822,BAO KT,Max,-76.7491037366574,0.7614732126720278,0.4414834225491526,0.390074061336141,3.255837735295567,0.5325841300592163
51,0.0,BAO KT,Min,-158.36209163307862,-0.0369274569924858,-0.35590418787379485,-0.09468722166010955,-2.9266721906809883,-0.10889292240545854
51,8.68563806864911,BAO KT,Min,-158.36209163307862,-0.0369274569924858,-0.35590418787379485,-0.09468722166010955,-0.5852545155580274,0.09719752267025358
51,17.37127613729822,BAO KT,Min,-158.36209163307862,-0.0369274569924858,-0.35590418787379485,-0.09468722166010955,-4.4184220290411425,-6.50068800846447
52,0.0,BAO KT,Max,-110.22830198955396,0.9125575597935007,1.9431134181989977,0.7265946166006099,8.9117486373862,4.316942679266013
52,4.754474704348334,BAO KT,Max,-110.22830198955396,0.9125575597935007,1.9431134181989977,0.7265946166006099,0.41449597310776,0.26513635573985855
52,9.508949408696669,BAO KT,Max,-110.22830198955396,0.9125575597935007,1.9431134181989977,0.7265946166006099,10.525259335230729,5.10745698728178
52,0.0,BAO KT,Min,-251.17307172030132,-1.0798917103489927,-2.2942625726299406,-0.1878730150330531,-11.29076739817364,-5.161178653297708
52,4.754474704348334,BAO KT,Min,-251.17307172030132,-1.0798917103489927,-2.2942625726299406,-0.1878730150330531,-1.1432322576715441,-0.12542314294262152
52,9.508949408696669,BAO KT,Min,-251.17307172030132,-1.0798917103489927,-2.2942625726299406,-0.1878730150330531,-9.565218551627721,-4.360520989334071
53,0.0,BAO KT,Max,-81.42597793735536,0.845210141622709,0.5642828498669219,0.38938201430601954,4.25282877766188,7.435313865579953
53,8.714407887993815,BAO KT,Max,-81.42597793735536,0.845210141622709,0.5642828498669219,0.38938201430601954,0.17029654797099844,0.30027511735855056
53,17.42881577598763,BAO KT,Max,-81.42597793735536,0.845210141622709,0.5642828498669219,0.38938201430601954,2.980597935323582,0.8081444054425779
53,0.0,BAO KT,Min,-165.69940411052337,-0.06050566248865438,-0.33569645305234574,-0.09503777971856084,-2.870193701578233,-0.24639763947626447
53,8.714407887993815,BAO KT,Min,-165.69940411052337,-0.06050566248865438,-0.33569645305234574,-0.09503777971856084,-0.6799483647094992,-0.2567996006366518
53,17.42881577598763,BAO KT,Min,-165.69940411052337,-0.06050566248865438,-0.33569645305234574,-0.09503777971856084,-5.581953058217989,-7.295697984758656
54,0.0,BAO KT,Max,-56.37902253054745,0.21635158723949177,0.8139589748317976,0.4004310828860679,7.801041310890188,2.0278991122098136
54,9.599561613836965,BAO KT,Max,-56.37902253054745,0.21635158723949177,0.8139589748317976,0.4004310828860679,0.41786696722771693,0.22143301469597695
54,19.19912322767393,BAO KT,Max,-56.37902253054745,0.21635158723949177,0.8139589748317976,0.4004310828860679,1.4074154114300108,2.6140746674604474
54,0.0,BAO KT,Min,-150.50485615054288,-0.2493968196863014,-0.10308267023110124,-0.10154611269852007,-0.7039225822194287,-2.174125606286829
54,9.599561613836965,BAO KT,Min,-150.50485615054288,-0.2493968196863014,-0.10308267023110124,-0.10154611269852007,-0.29928271483998237,-0.07770915794264202
54,19.19912322767393,BAO KT,Min,-150.50485615054288,-0.2493968196863014,-0.10308267023110124,-0.10154611269852007,-7.826257349176635,-2.14831745836959
55,0.0,BAO KT,Max,-49.64324862044625,0.17553910541140968,0.09538652131812944,0.39692806203828457,0.6723627741039329,1.4232483847017017
55,9.311690265822754,BAO KT,Max,-49.64324862044625,0.17553910541140968,0.09538652131812944,0.39692806203828457,0.2811492206806327,0.08693325675853093
55,18.62338053164551,BAO KT,Max,-49.64324862044625,0.17553910541140968,0.09538652131812944,0.39692806203828457,7.681602648275907,2.8986002628475434
55,0.0,BAO KT,Min,-147.327831564174,-0.3026303712291032,-0.8372081510645158,-0.12488589671015797,-7.910043333193931,-2.7374003009851906
55,9.311690265822754,BAO KT,Min,-147.327831564174,-0.3026303712291032,-0.8372081510645158,-0.12488589671015797,-0.45110807820333887,-0.2113173944289563
55,18.62338053164551,BAO KT,Min,-147.327831564174,-0.3026303712291032,-0.8372081510645158,-0.12488589671015797,-1.2447530971763285,-1.8458831735596142
56,0.0,BAO KT,Max,-107.28659587411471,1.3994288292952688,1.9946053702609896,0.7211748761082908,8.92293902561789,6.522364456393905
56,4.750641607786779,BAO KT,Max,-107.28659587411471,1.3994288292952688,1.9946053702609896,0.7211748761082908,0.17940712586413504,-0.03426866809080981
56,9.501283215573558,BAO KT,Max,-107.28659587411471,1.3994288292952688,1.9946053702609896,0.7211748761082908,7.686819858792869,3.2702309159699774
56,0.0,BAO KT,Min,-236.37555672284316,-0.6996529892847058,-1.703731393165387,-0.1818277337308168,-8.500814630935178,-3.377370287846664
56,4.750641607786779,BAO KT,Min,-236.37555672284316,-0.6996529892847058,-1.703731393165387,-0.1818277337308168,-1.1786579325048865,-0.20368423587507453
56,9.501283215573558,BAO KT,Min,-236.37555672284316,-0.6996529892847058,-1.703731393165387,-0.1818277337308168,-10.028371500535732,-6.774005190778985
57,0.0,BAO KT,Max,-28.317630115078718,0.0015455094754839027,0.22730783693454049,0.39901283747639144,1.8615010159602536,-0.15953837313019992
57,9.266107788651505,BAO KT,Max,-28.317630115078718,0.0015455094754839027,0.22730783693454049,0.39901283747639144,0.3972880087493409,0.1880987975159594
57,18.53221557730301,BAO KT,Max,-28.317630115078718,0.0015455094754839027,0.22730783693454049,0.39901283747639144,2.7448217972162166,5.668057013214302
57,0.0,BAO KT,Min,-139.6116332742141,-0.6124772013825561,-0.2627481036690787,-0.11042099333735299,-2.1244827025067097,-5.682502518990459
57,9.266107788651505,BAO KT,Min,-139.6116332742141,-0.6124772013825561,-0.2627481036690787,-0.11042099333735299,-0.35022124763483853,-0.18246020046785738
57,18.53221557730301,BAO KT,Min,-139.6116332742141,-0.6124772013825561,-0.2627481036690787,-0.11042099333735299,-2.3510168205210897,-0.1881800879066321
58,0.0,BAO KT,Max,-79.18616626218453,0.4909565252787071,0.2835623187269253,0.3602368549223818,2.30722714956587,4.824729411506253
58,9.80623816863987,BAO KT,Max,-79.18616626218453,0.4909565252787071,0.2835623187269253,0.3602368549223818,0.2632013784717231,0.18584691378437587
58,19.61247633727974,BAO KT,Max,-79.18616626218453,0.4909565252787071,0.2835623187269253,0.3602368549223818,2.253621119589136,0.8813428155908727
58,0.0,BAO KT,Min,-160.91927091937262,-0.07173454601720194,-0.20610025950929672,-0.1256119255258189,-1.7885153431441598,-0.5255492707370052
58,9.80623816863987,BAO KT,Min,-160.91927091937262,-0.07173454601720194,-0.20610025950929672,-0.1256119255258189,-0.47345248352212865,-0.1534444089963113
58,19.61247633727974,BAO KT,Min,-160.91927091937262,-0.07173454601720194,-0.20610025950929672,-0.1256119255258189,-3.254132116610127,-4.804143823155473
59,0.0,BAO KT,Max,-76.96523458290599,0.3585191495107314,0.10032391971588148,0.30357319739858224,0.6500628795038721,3.8351365195163103
59,11.43169401204317,BAO KT,Max,-76.96523458290599,0.3585191495107314,0.10032391971588148,0.30357319739858224,0.009364043344859626,0.11436590303740772
59,22.86338802408634,BAO KT,Max,-76.96523458290599,0.3585191495107314,0.10032391971588148,0.30357319739858224,7.576973123969452,2.7678278494287625
59,0.0,BAO KT,Min,-164.2156941519226,-0.23508558728142842,-0.6673056826258781,-0.0771085980116803,-7.679895628583809,-2.607025151456752
59,11.43169401204317,BAO KT,Min,-164.2156941519226,-0.23508558728142842,-0.6673056826258781,-0.0771085980116803,-0.514117269795796,-0.2973092491997304
59,22.86338802408634,BAO KT,Min,-164.2156941519226,-0.23508558728142842,-0.6673056826258781,-0.0771085980116803,-1.643681825057612,-4.361825909812966
60,0.0,BAO KT,Max,-105.45491788659645,1.9051695112366578,2.0099436014401584,0.7140194171857556,8.831035511086526,8.796611284836192
60,4.76027063686923,BAO KT,Max,-105.45491788659645,1.9051695112366578,2.0099436014401584,0.7140194171857556,0.0003136782712803536,0.16928152645176187
60,9.52054127373846,BAO KT,Max,-105.45491788659645,1.9051695112366578,2.0099436014401584,0.7140194171857556,4.825243664480345,3.9065582136177084
60,0.0,BAO KT,Min,-229.31485061329136,-0.7897724890949968,-1.1046340119380262,-0.17679836020292222,-5.6914700385509365,-3.6125033656743653
60,4.76027063686923,BAO KT,Min,-229.31485061329136,-0.7897724890949968,-1.1046340119380262,-0.17679836020292222,-1.2234587011133546,-0.29476530024226116
60,9.52054127373846,BAO KT,Min,-229.31485061329136,-0.7897724890949968,-1.1046340119380262,-0.17679836020292222,-10.304715504311023,-9.341633680360536
61,0.0,BAO KT,Max,-82.2921774605991,0.4220949231364276,0.13296249052546863,0.32960349273910167,0.7948266031876778,4.049966574047536
61,10.504405284545745,BAO KT,Max,-82.2921774605991,0.4220949231364276,0.13296249052546863,0.32960349273910167,-0.036818408375005524,0.007817967537280762
61,21.00881056909149,BAO KT,Max,-82.2921774605991,0.4220949231364276,0.13296249052546863,0.32960349273910167,8.400598421327473,2.6917050191006644
61,0.0,BAO KT,Min,-176.47250650153015,-0.26126045195966613,-0.8076118928690393,-0.08351949844671827,-8.566366849303588,-2.7970663253151895
61,10.504405284545745,BAO KT,Min,-176.47250650153015,-0.26126045195966613,-0.8076118928690393,-0.08351949844671827,-0.6040954987236968,-0.4153642177665571
61,21.00881056909149,BAO KT,Min,-176.47250650153015,-0.26126045195966613,-0.8076118928690393,-0.08351949844671827,-1.9985571730565144,-4.8177457083009045
62,0.0,BAO KT,Max,-84.46243528807854,0.4691800919000586,0.10273477510551045,0.360096738476815,0.7289304400470744,4.059015181526094
62,9.579174740934391,BAO KT,Max,-84.46243528807854,0.4691800919000586,0.10273477510551045,0.360096738476815,0.02940526667927921,-0.0410875132093457
62,19.158349481868783,BAO KT,Max,-84.46243528807854,0.4691800919000586,0.10273477510551045,0.360096738476815,9.412495436077265,3.081752950502758
62,0.0,BAO KT,Min,-177.7674543270717,-0.32897246113941936,-0.9957397727199775,-0.09114553327701722,-9.664235122688657,-3.220816429916734
62,9.579174740934391,BAO KT,Min,-177.7674543270717,-0.32897246113941936,-0.9957397727199775,-0.09114553327701722,-0.46560940146801677,-0.4545027688276195
62,19.158349481868783,BAO KT,Min,-177.7674543270717,-0.32897246113941936,-0.9957397727199775,-0.09114553327701722,-1.3178703786145372,-4.929700989030541
63,0.0,BAO KT,Max,-77.46055566089068,0.35170320452803017,0.13569195197677095,0.3043239921806711,0.9365453899938985,3.7833617536550923
63,11.429676037958822,BAO KT,Max,-77.46055566089068,0.35170320452803017,0.13569195197677095,0.3043239921806711,-0.08437306278755424,0.03648232751448331
63,22.859352075917645,BAO KT,Max,-77.46055566089068,0.35170320452803017,0.13569195197677095,0.3043239921806711,6.823623285911948,2.1189046793567448
63,0.0,BAO KT,Min,-166.30554641232737,-0.18672305637913214,-0.6071871564847519,-0.07742091700501386,-7.056281700148295,-2.1547081581705227
63,11.429676037958822,BAO KT,Min,-166.30554641232737,-0.18672305637913214,-0.6071871564847519,-0.07742091700501386,-0.6326776182293141,-0.25776501363024074
63,22.859352075917645,BAO KT,Min,-166.30554641232737,-0.18672305637913214,-0.6071871564847519,-0.07742091700501386,-2.1652847141116176,-4.256345624879623
64,0.0,BAO KT,Max,-108.20092423573962,2.2560069190681022,1.7495346843064428,0.7089938480104548,7.879778158420324,10.667955807092058
64,4.765159964130117,BAO KT,Max,-108.20092423573962,2.2560069190681022,1.7495346843064428,0.7089938480104548,0.29044876812021153,0.3566776199733467
64,9.530319928260234,BAO KT,Max,-108.20092423573962,2.2560069190681022,1.7495346843064428,0.7089938480104548,2.335616901483521,4.713962104401619
64,0.0,BAO KT,Min,-242.73165405231575,-0.9197789588747981,-0.5694721708876558,-0.17340239481960482,-3.0916350773167216,-4.05182563695732
64,4.765159964130117,BAO KT,Min,-242.73165405231575,-0.9197789588747981,-0.5694721708876558,-0.17340239481960482,-1.1548667146710037,-0.10788742870299378
64,9.530319928260234,BAO KT,Min,-242.73165405231575,-0.9197789588747981,-0.5694721708876558,-0.17340239481960482,-8.793847108607844,-10.832511891995653
65,0.0,BAO KT,Max,-77.74309537886532,0.4307843221303793,0.1672002106045761,0.3302503771931386,1.0553597630608693,4.109615114783733
65,10.50698584659613,BAO KT,Max,-77.74309537886532,0.4307843221303793,0.1672002106045761,0.3302503771931386,-0.09259154139836744,-0.09150283695456898
65,21.01397169319226,BAO KT,Max,-77.74309537886532,0.4307843221303793,0.1672002106045761,0.3302503771931386,7.595853537387728,1.9998537562725944
65,0.0,BAO KT,Min,-167.41550315670003,-0.20083114039613426,-0.7358982825346227,-0.08387945322608843,-7.868292140863637,-2.2204061431232915
65,10.50698584659613,BAO KT,Min,-167.41550315670003,-0.20083114039613426,-0.7358982825346227,-0.08387945322608843,-0.709077153983589,-0.43540301724645025
65,21.01397169319226,BAO KT,Min,-167.41550315670003,-0.20083114039613426,-0.7358982825346227,-0.08387945322608843,-2.4581807296794773,-4.9428744363350745
66,0.0,BAO KT,Max,-77.91535621723236,0.4832492104129331,0.10607355988698094,0.36132334830361484,0.7839184977233393,4.1459479814731
66,9.581532223222762,BAO KT,Max,-77.91535621723236,0.4832492104129331,0.10607355988698094,0.36132334830361484,0.03866980492148934,-0.134558125455127
66,19.163064446445524,BAO KT,Max,-77.91535621723236,0.4832492104129331,0.10607355988698094,0.36132334830361484,8.70106681368592,2.249418844605883
66,0.0,BAO KT,Min,-164.5638558199867,-0.2492992231412705,-0.9212434014958353,-0.09176075496422664,-8.952779860041462,-2.527918234899087
66,9.581532223222762,BAO KT,Min,-164.5638558199867,-0.2492992231412705,-0.9212434014958353,-0.09176075496422664,-0.42759944518010573,-0.4890114696368506
66,19.163064446445524,BAO KT,Min,-164.5638558199867,-0.2492992231412705,-0.9212434014958353,-0.09176075496422664,-1.2487759664547753,-5.114587781363852
67,0.0,BAO KT,Max,-77.19317116724403,0.3374726458465962,0.17304039999377688,0.30505967095584413,1.2376586286025903,3.6749657440983183
67,11.424742234366805,BAO KT,Max,-77.19317116724403,0.3374726458465962,0.17304039999377688,0.30505967095584413,-0.15471203018789645,0.0439124391551175
67,22.84948446873361,BAO KT,Max,-77.19317116724403,0.3374726458465962,0.17304039999377688,0.30505967095584413,6.048956485440414,1.860397892068503
67,0.0,BAO KT,Min,-167.05535348868517,-0.16165102414934931,-0.5458182413986236,-0.07783174867154566,-6.422708944148928,-1.8332446735869363
67,11.424742234366805,BAO KT,Min,-167.05535348868517,-0.16165102414934931,-0.5458182413986236,-0.07783174867154566,-0.7537754029373145,-0.18546583984390863
67,22.84948446873361,BAO KT,Min,-167.05535348868517,-0.16165102414934931,-0.5458182413986236,-0.07783174867154566,-2.7162253035186663,-4.0361102357959195
68,0.0,BAO KT,Max,-107.52748002650053,2.708518056370452,1.5643754330879318,0.7050885557048979,7.166120490365625,12.833938258682142
68,4.774813362459724,BAO KT,Max,-107.52748002650053,2.708518056370452,1.5643754330879318,0.7050885557048979,0.42946284410409946,0.03272385010974722
68,9.549626724919449,BAO KT,Max,-107.52748002650053,2.708518056370452,1.5643754330879318,0.7050885557048979,-0.16612472817896773,3.319989053807186
68,0.0,BAO KT,Min,-247.0880862078714,-0.6934575455485752,-0.0345725074480121,-0.17062639742025987,-0.49627926925198085,-3.302271655760534
68,4.774813362459724,BAO KT,Min,-247.0880862078714,-0.6934575455485752,-0.0345725074480121,-0.17062639742025987,-1.074707050594603,-0.12259510042535637
68,9.549626724919449,BAO KT,Min,-247.0880862078714,-0.6934575455485752,-0.0345725074480121,-0.17062639742025987,-7.773080953258326,-13.03139815736001
69,0.0,BAO KT,Max,-79.69646792995269,0.2742671234088456,0.15063000709941604,0.30577962332204905,1.0832597636113115,3.194893633771995
69,11.403508465663887,BAO KT,Max,-79.69646792995269,0.2742671234088456,0.15063000709941604,0.30577962332204905,-0.0814365736464975,0.21280797770471827
69,22.807016931327773,BAO KT,Max,-79.69646792995269,0.2742671234088456,0.15063000709941604,0.30577962332204905,5.862600508969982,2.1344270485832366
69,0.0,BAO KT,Min,-172.81472823122098,-0.16851121535661928,-0.524076090486786,-0.0775816287097634,-6.090011760066214,-1.7088110931738
69,11.403508465663887,BAO KT,Min,-172.81472823122098,-0.16851121535661928,-0.524076090486786,-0.0775816287097634,-0.6498548090775502,0.05025802561191486
69,22.807016931327773,BAO KT,Min,-172.81472823122098,-0.16851121535661928,-0.524076090486786,-0.0775816287097634,-2.352161358671093,-3.0603212935201105
70,0.0,BAO KT,Max,-80.57546262221939,0.26292513467941964,0.18586379775037745,0.33230943794713597,1.221539044428115,2.896367706153543
70,10.456782208878511,BAO KT,Max,-80.57546262221939,0.26292513467941964,0.18586379775037745,0.33230943794713597,-0.0889310740266218,0.4022126404432966
70,20.913564417757023,BAO KT,Max,-80.57546262221939,0.26292513467941964,0.18586379775037745,0.33230943794713597,6.463835699239199,3.000784954882141
70,0.0,BAO KT,Min,-175.01533214009416,-0.24850592300110083,-0.6315550070775812,-0.08414621643639672,-6.7442306246347865,-2.196359673995548
70,10.456782208878511,BAO KT,Min,-175.01533214009416,-0.24850592300110083,-0.6315550070775812,-0.08414621643639672,-0.7318715637450038,0.14701683557080114
70,20.913564417757023,BAO KT,Min,-175.01533214009416,-0.24850592300110083,-0.6315550070775812,-0.08414621643639672,-2.665535462753367,-2.602334035011941
71,0.0,BAO KT,Max,-80.98655219824788,0.2674052382367431,0.13032023499799544,0.36387580323281543,1.0028362435433076,2.7353991888959093
71,9.528769960974945,BAO KT,Max,-80.98655219824788,0.2674052382367431,0.13032023499799544,0.36387580323281543,0.041931763985824586,0.4803484558913693
71,19.05753992194989,BAO KT,Max,-80.98655219824788,0.2674052382367431,0.13032023499799544,0.36387580323281543,7.302569715872284,3.496680003487227
71,0.0,BAO KT,Min,-172.4747476359026,-0.31668696156576803,-0.78124400348,-0.09209037242709936,-7.586019069231773,-2.538594409313408
71,9.528769960974945,BAO KT,Min,-172.4747476359026,-0.31668696156576803,-0.78124400348,-0.09209037242709936,-0.4362568292292988,0.18605052857382307
71,19.05753992194989,BAO KT,Min,-172.4747476359026,-0.31668696156576803,-0.78124400348,-0.09209037242709936,-1.4807468375688817,-2.360686814139344
72,0.0,BAO KT,Max,-98.73102963532834,3.374677070218769,1.413041561810476,0.701410327235315,6.629029840229766,15.598061237771473
72,4.790074863305726,BAO KT,Max,-98.73102963532834,3.374677070218769,1.413041561810476,0.701410327235315,0.5158910016721733,-0.14664143270990831
72,9.580149726611452,BAO KT,Max,-98.73102963532834,3.374677070218769,1.413041561810476,0.701410327235315,-2.4603120476167306,2.4061440843049593
72,0.0,BAO KT,Min,-227.08733806566846,-0.5404592856674362,0.46368645588173324,-0.16865824528478643,1.9818736259320895,-2.7715367935265505
72,4.790074863305726,BAO KT,Min,-227.08733806566846,-0.5404592856674362,0.46368645588173324,-0.16865824528478643,-0.9002531571882169,-0.6029494899585571
72,9.580149726611452,BAO KT,Min,-227.08733806566846,-0.5404592856674362,0.46368645588173324,-0.16865824528478643,-6.908119891839487,-16.73185037388681
73,0.0,BAO KT,Max,-82.38859249677633,0.2883654652659377,0.13093269076586794,0.30503566093306317,0.9525598641444727,3.300843247022785
73,11.408686907194044,BAO KT,Max,-82.38859249677633,0.2883654652659377,0.13093269076586794,0.30503566093306317,0.011910470986209773,0.07670835432124164
73,22.817373814388088,BAO KT,Max,-82.38859249677633,0.2883654652659377,0.13093269076586794,0.30503566093306317,5.617129409106267,1.2170251612773562
73,0.0,BAO KT,Min,-178.78248160635476,-0.09995358385265127,-0.4965383601326192,-0.0768450327296616,-5.71257196722296,-1.1021311711208355
73,11.408686907194044,BAO KT,Min,-178.78248160635476,-0.09995358385265127,-0.4965383601326192,-0.0768450327296616,-0.5545034548120038,0.010971938956362896
73,22.817373814388088,BAO KT,Min,-178.78248160635476,-0.09995358385265127,-0.4965383601326192,-0.0768450327296616,-2.0349802855840156,-3.278899369110059
74,0.0,BAO KT,Max,-88.3832740267608,0.29584698163786766,0.17491300982603378,0.3314412614185448,1.1682359297224456,3.1685261264520577
74,10.466967667009524,BAO KT,Max,-88.3832740267608,0.29584698163786766,0.17491300982603378,0.3314412614185448,-0.03197691942522913,0.16505670041798545
74,20.933935334019047,BAO KT,Max,-88.3832740267608,0.29584698163786766,0.17491300982603378,0.3314412614185448,6.0351889447788265,1.5974462047843998
74,0.0,BAO KT,Min,-190.8347130939128,-0.13701350391732783,-0.5856347960439846,-0.08340004832401228,-6.2244520049573815,-1.2707856261083068
74,10.466967667009524,BAO KT,Min,-190.8347130939128,-0.13701350391732783,-0.5856347960439846,-0.08340004832401228,-0.6691006264725327,0.0719053352661368
74,20.933935334019047,BAO KT,Min,-190.8347130939128,-0.13701350391732783,-0.5856347960439846,-0.08340004832401228,-2.493381707054384,-3.024715455919784
75,0.0,BAO KT,Max,-90.80420686003134,0.30790221079730723,0.13963372666293225,0.36308713819510086,1.095911866893226,3.0338031379630164
75,9.53715249962732,BAO KT,Max,-90.80420686003134,0.30790221079730723,0.13963372666293225,0.36308713819510086,0.07113707679859163,0.20661989901693342
75,19.07430499925464,BAO KT,Max,-90.80420686003134,0.30790221079730723,0.13963372666293225,0.36308713819510086,6.510549897591044,1.811224093319976
75,0.0,BAO KT,Min,-192.76858063239754,-0.1695691315752322,-0.6991166219772624,-0.09135873813307184,-6.824613780051868,-1.423189240804744
75,9.53715249962732,BAO KT,Min,-192.76858063239754,-0.1695691315752322,-0.6991166219772624,-0.09135873813307184,-0.4740992373297903,0.09602422792418897
75,19.07430499925464,BAO KT,Min,-192.76858063239754,-0.1695691315752322,-0.6991166219772624,-0.09135873813307184,-1.638017604413524,-2.839217540729617
76,0.0,BAO KT,Max,-83.48901146002302,0.31617345337018854,0.12600950575394204,0.3037010936934845,0.9340689905095454,3.510578578579602
76,11.418655871289415,BAO KT,Max,-83.48901146002302,0.31617345337018854,0.12600950575394204,0.3037010936934845,0.06263515986724875,0.020174163892284158
76,22.83731174257883,BAO KT,Max,-83.48901146002302,0.31617345337018854,0.12600950575394204,0.3037010936934845,5.215490387188845,0.6741078215340275
76,0.0,BAO KT,Min,-181.18561941734103,-0.058117514930251,-0.45852915320721654,-0.07594048305157192,-5.2560828276650495,-0.6531399846320942
76,11.418655871289415,BAO KT,Min,-181.18561941734103,-0.058117514930251,-0.45852915320721654,-0.07594048305157192,-0.5156447030234569,-0.09969728109175142
76,22.83731174257883,BAO KT,Min,-181.18561941734103,-0.058117514930251,-0.45852915320721654,-0.07594048305157192,-1.94364937492151,-3.709973140763105
77,0.0,BAO KT,Max,-91.30084701717651,0.3449552802059276,0.17497651267084524,0.33002739371632356,1.1917171131843967,3.508035217179975
77,10.481057004858261,BAO KT,Max,-91.30084701717651,0.3449552802059276,0.17497651267084524,0.33002739371632356,-0.010979345826128202,0.04193984599869853
77,20.962114009716522,BAO KT,Max,-91.30084701717651,0.3449552802059276,0.17497651267084524,0.33002739371632356,5.486938255882535,0.6780917168723049
77,0.0,BAO KT,Min,-196.5589250567343,-0.06274390402360468,-0.5310371173376724,-0.08251630334206796,-5.644722341140963,-0.6371531526852076
77,10.481057004858261,BAO KT,Min,-196.5589250567343,-0.06274390402360468,-0.5310371173376724,-0.08251630334206796,-0.646897177221366,-0.1082054896291913
77,20.962114009716522,BAO KT,Min,-196.5589250567343,-0.06274390402360468,-0.5310371173376724,-0.08251630334206796,-2.4761604944444686,-3.7229566947503887
78,0.0,BAO KT,Max,-94.26905860379719,0.3725808862837029,0.1495995311504666,0.36160297224502,1.1932285470568313,3.4398870002630977
78,9.551553888390725,BAO KT,Max,-94.26905860379719,0.3725808862837029,0.1495995311504666,0.36160297224502,0.08201590485431098,0.046535449824107664
78,19.10310777678145,BAO KT,Max,-94.26905860379719,0.3725808862837029,0.1495995311504666,0.36160297224502,5.743062790805184,0.6809364970224563
78,0.0,BAO KT,Min,-199.78194034330585,-0.0689917422100027,-0.6185532935743517,-0.09047272760525757,-6.073227442028793,-0.6370201901231473
78,9.551553888390725,BAO KT,Min,-199.78194034330585,-0.0689917422100027,-0.6185532935743517,-0.09047272760525757,-0.49275408288909883,-0.11996475148732774
78,19.10310777678145,BAO KT,Min,-199.78194034330585,-0.0689917422100027,-0.6185532935743517,-0.09047272760525757,-1.7795578470710036,-3.6775658259832316
79,0.0,BAO KT,Max,-83.7239369129518,0.2955461386414315,0.12849673759744878,0.30244393910613276,0.9701980873468632,3.3714870065883034
79,11.411843410264385,BAO KT,Max,-83.7239369129518,0.2955461386414315,0.12849673759744878,0.30244393910613276,0.07608502267485064,0.15300950630189786
79,22.82368682052877,BAO KT,Max,-83.7239369129518,0.2955461386414315,0.12849673759744878,0.30244393910613276,4.754867090579683,0.7170332024629482
79,0.0,BAO KT,Min,-181.43537044742956,-0.04942441601097848,-0.4177174442025392,-0.07504511411910575,-4.778985035370773,-0.4110141898591525
79,11.411843410264385,BAO KT,Min,-181.43537044742956,-0.04942441601097848,-0.4177174442025392,-0.07504511411910575,-0.5061557455059725,-0.0017432881122341883
79,22.82368682052877,BAO KT,Min,-181.43537044742956,-0.04942441601097848,-0.4177174442025392,-0.07504511411910575,-1.962571209036972,-3.3739655027803046
80,0.0,BAO KT,Max,-91.79273151197812,0.3199887702708635,0.18063612642290058,0.3289561313581735,1.251488009024618,3.3533804052123273
80,10.47447950237354,BAO KT,Max,-91.79273151197812,0.3199887702708635,0.18063612642290058,0.3289561313581735,-0.01215924207926462,0.18180135951543394
80,20.94895900474708,BAO KT,Max,-91.79273151197812,0.3199887702708635,0.18063612642290058,0.3289561313581735,4.910692216618918,0.7192776941278088
80,0.0,BAO KT,Min,-197.48164745612274,-0.05144884297527544,-0.47613999060948464,-0.08170014842100373,-5.063944927179836,-0.3585220082029061
80,10.47447950237354,BAO KT,Min,-197.48164745612274,-0.05144884297527544,-0.47613999060948464,-0.08170014842100373,-0.6457702687319532,5.5817593332543875e-05
80,20.94895900474708,BAO KT,Min,-197.48164745612274,-0.05144884297527544,-0.47613999060948464,-0.08170014842100373,-2.5326507981850375,-3.3500512251714234
81,0.0,BAO KT,Max,-94.68828605376544,0.3441201837575446,0.16681736274184134,0.36057198549664227,1.3353342002470974,3.28026815134221
81,9.545573446558656,BAO KT,Max,-94.68828605376544,0.3441201837575446,0.16681736274184134,0.36057198549664227,0.06297329397231761,0.18822602692359033
81,19.091146893117312,BAO KT,Max,-94.68828605376544,0.3441201837575446,0.16681736274184134,0.36057198549664227,5.014085285540029,0.653086652650603
81,0.0,BAO KT,Min,-200.54507998683556,-0.04881762793725505,-0.5432171470088059,-0.08967082765729986,-5.356553062865188,-0.2788978532730806
81,9.545573446558656,BAO KT,Min,-200.54507998683556,-0.04881762793725505,-0.5432171470088059,-0.08967082765729986,-0.502322274046787,-0.01944730545690602
81,19.091146893117312,BAO KT,Min,-200.54507998683556,-0.04881762793725505,-0.5432171470088059,-0.08967082765729986,-1.885024555045809,-3.289380825659596
82,0.0,BAO KT,Max,-97.22073009393542,3.8988935741150677,2.007721578104277,0.7037607815877057,9.357068859941247,18.804320992234384
82,4.779660534917838,BAO KT,Max,-97.22073009393542,3.8988935741150677,2.007721578104277,0.7037607815877057,0.2141545666937621,0.285792186840444
82,9.559321069835676,BAO KT,Max,-97.22073009393542,3.8988935741150677,2.007721578104277,0.7037607815877057,-1.9929687953937107,4.340964318115944
82,0.0,BAO KT,Min,-205.68459095394812,-0.8556593004205894,0.36980695197449864,-0.16759170417932762,1.5421345923878236,-3.8385576609954493
82,4.779660534917838,BAO KT,Min,-205.68459095394812,-0.8556593004205894,0.36980695197449864,-0.16759170417932762,-0.8589083865780964,0.12007460478786851
82,9.559321069835676,BAO KT,Min,-205.68459095394812,-0.8556593004205894,0.36980695197449864,-0.16759170417932762,-10.179324209691751,-18.466454499850705
83,0.0,BAO KT,Max,-83.83491329053871,0.2941678570389057,0.13282198322017183,0.30081894448357166,1.0207407206576702,3.3593703141244897
83,11.411228372763816,BAO KT,Max,-83.83491329053871,0.2941678570389057,0.13282198322017183,0.30081894448357166,0.07811485285179043,0.015598439536167751
83,22.82245674552763,BAO KT,Max,-83.83491329053871,0.2941678570389057,0.13282198322017183,0.30081894448357166,4.268786292975708,-0.1475033072578537
83,0.0,BAO KT,Min,-181.2985081882988,0.013047111735886453,-0.37490017286313915,-0.07405458407776436,-4.287356686084117,0.15026383598848075
83,11.411228372763816,BAO KT,Min,-181.2985081882988,0.013047111735886453,-0.37490017286313915,-0.07405458407776436,-0.5053787115815713,0.0011245259980873683
83,22.82245674552763,BAO KT,Min,-181.2985081882988,0.013047111735886453,-0.37490017286313915,-0.07405458407776436,-2.0105832462398983,-3.3542628790704914
84,0.0,BAO KT,Max,-91.80514704425948,0.31920357109511266,0.1870656601411315,0.3275219912214616,1.317325405046095,3.3466630697609068
84,10.474341816946774,BAO KT,Max,-91.80514704425948,0.31920357109511266,0.1870656601411315,0.3275219912214616,-0.018742917247779153,0.010260499685351547
84,20.94868363389355,BAO KT,Max,-91.80514704425948,0.31920357109511266,0.1870656601411315,0.3275219912214616,4.318878736600876,-0.30495666250139586
84,0.0,BAO KT,Min,-197.3779611746192,0.02926478584625184,-0.41969345284488313,-0.08077694146673742,-4.473146630263002,0.30790783729297755
84,10.474341816946774,BAO KT,Min,-197.3779611746192,0.02926478584625184,-0.41969345284488313,-0.08077694146673742,-0.6476396714546947,0.0008292289546244199
84,20.94868363389355,BAO KT,Min,-197.3779611746192,0.02926478584625184,-0.41969345284488313,-0.08077694146673742,-2.601453928015919,-3.3402315559196554
85,0.0,BAO KT,Max,-94.44640608673083,0.34315980501923204,0.1895597937192442,0.3591880141825869,1.5125847987497836,3.273132804960007
85,9.545633395009922,BAO KT,Max,-94.44640608673083,0.34315980501923204,0.1895597937192442,0.3591880141825869,0.022717752474575376,-0.0004382029971410397
85,19.091266790019844,BAO KT,Max,-94.44640608673083,0.34315980501923204,0.1895597937192442,0.3591880141825869,4.273364577913031,-0.3140556046937283
85,0.0,BAO KT,Min,-199.979942199359,0.03264469370635742,-0.46644555462682846,-0.08871377805957957,-4.631671948486526,0.3091729521328229
85,9.545633395009922,BAO KT,Min,-199.979942199359,0.03264469370635742,-0.46644555462682846,-0.08871377805957957,-0.5116719504934747,-0.017189810143957783
85,19.091266790019844,BAO KT,Min,-199.979942199359,0.03264469370635742,-0.46644555462682846,-0.08871377805957957,-2.106351795805435,-3.278222584273343
86,0.0,BAO KT,Max,-101.93853877506582,4.605405368877494,2.6300233052866773,0.7016096191942411,12.034776933391207,21.67449255611986
86,4.795960772748376,BAO KT,Max,-101.93853877506582,4.605405368877494,2.6300233052866773,0.7016096191942411,0.2587103409244942,0.43848282876248335
86,9.591921545496753,BAO KT,Max,-101.93853877506582,4.605405368877494,2.6300233052866773,0.7016096191942411,-1.5313896346431526,4.398440871211485
86,0.0,BAO KT,Min,-220.2192299703984,-0.8543004488259716,0.2610809160705394,-0.1668763807973636,0.9728780293318833,-3.7959420102098984
86,4.795960772748376,BAO KT,Min,-220.2192299703984,-0.8543004488259716,0.2610809160705394,-0.1668763807973636,-0.9412346247139523,-0.5505896241010931
86,9.591921545496753,BAO KT,Min,-220.2192299703984,-0.8543004488259716,0.2610809160705394,-0.1668763807973636,-13.28868472895374,-22.500194427362604
87,0.0,BAO KT,Max,-83.98005224667146,0.32036378922133263,0.13754988522134082,0.2989086718334052,1.0750071284953777,3.617349267521412
87,11.419731439278236,BAO KT,Max,-83.98005224667146,0.32036378922133263,0.13754988522134082,0.2989086718334052,0.0764523874595104,0.06435254741242466
87,22.83946287855647,BAO KT,Max,-83.98005224667146,0.32036378922133263,0.13754988522134082,0.2989086718334052,3.7722932448243536,-0.08447692929660638
87,0.0,BAO KT,Min,-181.5075886975663,0.01299463321160875,-0.3310438247524894,-0.07305896087404737,-3.7885699017854817,0.2123135135603887
87,11.419731439278236,BAO KT,Min,-181.5075886975663,0.01299463321160875,-0.3310438247524894,-0.07305896087404737,-0.506594550483231,-0.12124734588256389
87,22.83946287855647,BAO KT,Min,-181.5075886975663,0.01299463321160875,-0.3310438247524894,-0.07305896087404737,-2.0665583689671396,-3.779356939728684
88,0.0,BAO KT,Max,-26.16352718081643,-0.4651074273021624,9.275047722299382,1.1520963165504163,29.917763636804615,-1.5472515253791541
88,3.4453367707144427,BAO KT,Max,-26.16352718081643,-0.4651074273021624,9.275047722299382,1.1520963165504163,-0.6409917095426022,0.8275483199859924
88,6.890673541428885,BAO KT,Max,-26.16352718081643,-0.4651074273021624,9.275047722299382,1.1520963165504163,49.05364797982994,40.48189195299853
88,0.0,BAO KT,Min,-149.5581622575796,-11.880841372879338,-14.619917110713507,-0.3885809806240991,-51.88176055513695,-41.38510734501477
88,3.4453367707144427,BAO KT,Min,-149.5581622575796,-11.880841372879338,-14.619917110713507,-0.3885809806240991,-2.7016859030078457,-0.451607696008118
88,6.890673541428885,BAO KT,Min,-149.5581622575796,-11.880841372879338,-14.619917110713507,-0.3885809806240991,-33.993562298733984,1.657651917853915
89,0.0,BAO KT,Max,-91.91417413769568,0.3553958704082804,0.19290150209927204,0.32572543231521844,1.3801457447502157,3.6839553719704794
89,10.48436570962663,BAO KT,Max,-91.91417413769568,0.3553958704082804,0.19290150209927204,0.32572543231521844,-0.020306990416010723,0.07518714241960137
89,20.96873141925326,BAO KT,Max,-91.91417413769568,0.3553958704082804,0.19290150209927204,0.32572543231521844,3.724813568142067,-0.044541857931019335
89,0.0,BAO KT,Min,-197.48949874622033,0.011289970082515028,-0.3626093523847069,-0.07982191197578875,-3.8786445521222133,0.19219449246064285
89,10.48436570962663,BAO KT,Min,-197.48949874622033,0.011289970082515028,-0.3626093523847069,-0.07982191197578875,-0.6480768224389378,-0.1503167973832672
89,20.96873141925326,BAO KT,Min,-197.48949874622033,0.011289970082515028,-0.3626093523847069,-0.07982191197578875,-2.6647540431399386,-3.8750562492799623
90,0.0,BAO KT,Max,-40.12666395102817,-0.40568752270925124,9.147314995894783,1.074199195246359,29.20772220891509,-1.3603085360264822
90,3.442824563082512,BAO KT,Max,-40.12666395102817,-0.40568752270925124,9.147314995894783,1.074199195246359,-0.5422536097490994,0.20610693025842342
90,6.885649126165024,BAO KT,Max,-40.12666395102817,-0.40568752270925124,9.147314995894783,1.074199195246359,43.509544728041845,36.404387275474946
90,0.0,BAO KT,Min,-169.4430668839375,-10.699770430299566,-12.999549657518818,-0.31634693144005954,-46.246328662586414,-37.27047763808363
90,3.442824563082512,BAO KT,Min,-169.4430668839375,-10.699770430299566,-12.999549657518818,-0.31634693144005954,-2.7047882843119817,-0.43304518130433933
90,6.885649126165024,BAO KT,Min,-169.4430668839375,-10.699770430299566,-12.999549657518818,-0.31634693144005954,-33.77747929932404,1.3591139252869238
91,0.0,BAO KT,Max,-94.44516038766241,0.38739647899694196,0.20431551583085542,0.35731212451683103,1.6397268109238934,3.70445012755489
91,9.555395928210451,BAO KT,Max,-94.44516038766241,0.38739647899694196,0.20431551583085542,0.35731212451683103,0.007192967916472132,0.08038666655393288
91,19.110791856420903,BAO KT,Max,-94.44516038766241,0.38739647899694196,0.20431551583085542,0.35731212451683103,3.540006358372501,-0.015042386372290828
91,0.0,BAO KT,Min,-199.91094603264568,0.009875248252682343,-0.3897143547601328,-0.08774288789987164,-3.9077435589077716,0.17368142751520566
91,9.555395928210451,BAO KT,Min,-199.91094603264568,0.009875248252682343,-0.3897143547601328,-0.08774288789987164,-0.5161652153228111,-0.16443272233592668
91,19.110791856420903,BAO KT,Min,-199.91094603264568,0.009875248252682343,-0.3897143547601328,-0.08774288789987164,-2.2649044851568543,-3.8427271731137393
92,0.0,BAO KT,Max,-43.704266913033734,-0.25691465568081123,8.540967449573278,1.018255826524204,27.5501928424317,-1.1040661463025578
92,3.443282090894842,BAO KT,Max,-43.704266913033734,-0.25691465568081123,8.540967449573278,1.018255826524204,-0.5043980596726084,0.062089046421692246
92,6.886564181789684,BAO KT,Max,-43.704266913033734,-0.25691465568081123,8.540967449573278,1.018255826524204,38.948282405495675,32.9858128528542
92,0.0,BAO KT,Min,-153.36589141192948,-9.647750412953773,-11.62097160115293,-0.27879921583434963,-41.18488959615753,-33.45403957583987
92,3.443282090894842,BAO KT,Min,-153.36589141192948,-9.647750412953773,-11.62097160115293,-0.27879921583434963,-2.4903584265791254,-0.2691503392695835
92,6.886564181789684,BAO KT,Min,-153.36589141192948,-9.647750412953773,-11.62097160115293,-0.27879921583434963,-31.267727673631228,0.6651931192857464
93,0.0,BAO KT,Max,-83.75455448261661,0.3527839767416626,0.14421718684390966,0.29720754105151,1.1438669543334408,4.022142760260621
93,11.428853302060368,BAO KT,Max,-83.75455448261661,0.3527839767416626,0.14421718684390966,0.29720754105151,0.06328138856999854,0.10877154417122709
93,22.857706604120736,BAO KT,Max,-83.75455448261661,0.3527839767416626,0.14421718684390966,0.29720754105151,3.258574600079444,0.09565748577461461
93,0.0,BAO KT,Min,-181.25151115916253,0.0011474518090321718,-0.2861776132415285,-0.07217195746932085,-3.2827893200629514,0.12188560256783956
93,11.428853302060368,BAO KT,Min,-181.25151115916253,0.0011474518090321718,-0.2861776132415285,-0.07217195746932085,-0.5153445018055723,-0.07299222805886103
93,22.857706604120736,BAO KT,Min,-181.25151115916253,0.0011474518090321718,-0.2861776132415285,-0.07217195746932085,-2.1526071898163073,-4.0416898747352565
94,0.0,BAO KT,Max,-51.89006818609003,-0.425462481738483,8.512637132004132,1.0748279246952586,27.189280340023313,-1.3909620089120671
94,3.440648677569227,BAO KT,Max,-51.89006818609003,-0.425462481738483,8.512637132004132,1.0748279246952586,-0.6225693512211077,0.4798380149737069
94,6.881297355138454,BAO KT,Max,-51.89006818609003,-0.425462481738483,8.512637132004132,1.0748279246952586,34.44538017064767,29.780376221892595
94,0.0,BAO KT,Min,-168.5974297622031,-8.668901837413525,-10.302774624456948,-0.25834975583979136,-36.4510756032155,-29.87291506385597
94,3.440648677569227,BAO KT,Min,-168.5974297622031,-8.668901837413525,-10.302774624456948,-0.25834975583979136,-2.500590072657701,-0.04626942098168524
94,6.881297355138454,BAO KT,Min,-168.5974297622031,-8.668901837413525,-10.302774624456948,-0.25834975583979136,-31.38870704169011,1.5367718413855984
95,0.0,BAO KT,Max,-91.41472440407335,0.399825269470251,0.19930537224890385,0.32413826102901616,1.4465586306679996,4.177307260313557
95,10.49354255374306,BAO KT,Max,-91.41472440407335,0.399825269470251,0.19930537224890385,0.32413826102901616,-0.0188836834414211,0.11831582200843598
95,20.98708510748612,BAO KT,Max,-91.41472440407335,0.399825269470251,0.19930537224890385,0.32413826102901616,3.131816051809012,0.135424555973718
95,0.0,BAO KT,Min,-196.58921343354984,-0.0016714174132776635,-0.30586123084466094,-0.07897033008718304,-3.2873196310083457,0.10034637647112538
95,10.49354255374306,BAO KT,Min,-196.58921343354984,-0.0016714174132776635,-0.30586123084466094,-0.07897033008718304,-0.6504657229060918,-0.10025262975253665
95,20.98708510748612,BAO KT,Min,-196.58921343354984,-0.0016714174132776635,-0.30586123084466094,-0.07897033008718304,-2.736280179098948,-4.213859698182172
96,0.0,BAO KT,Max,-49.248143357962036,0.7278385059563464,8.799906598400415,1.0582433430884843,27.541527488089013,2.420776717645298
96,3.434558525922368,BAO KT,Max,-49.248143357962036,0.7278385059563464,8.799906598400415,1.0582433430884843,-0.7808861257251233,0.18303738534529754
96,6.869117051844736,BAO KT,Max,-49.248143357962036,0.7278385059563464,8.799906598400415,1.0582433430884843,28.39160312663486,25.1054362699931
96,0.0,BAO KT,Min,-187.48058206558105,-7.375785893278374,-8.59652901008335,-0.2440337499219038,-30.65896088320662,-25.559700380281242
96,3.434558525922368,BAO KT,Min,-187.48058206558105,-7.375785893278374,-8.59652901008335,-0.2440337499219038,-2.751569822423292,-0.2271320551440731
96,6.869117051844736,BAO KT,Min,-187.48058206558105,-7.375785893278374,-8.59652901008335,-0.2440337499219038,-32.906060981624286,-2.578831174608636
97,0.0,BAO KT,Max,-94.05535809139249,0.4501426198255556,0.20349093022766368,0.3555958368655423,1.6674538621858717,4.28805442399275
97,9.564773646073544,BAO KT,Max,-94.05535809139249,0.4501426198255556,0.20349093022766368,0.3555958368655423,0.04065248017769385,0.13174123803878676
97,19.129547292147087,BAO KT,Max,-94.05535809139249,0.4501426198255556,0.20349093022766368,0.3555958368655423,2.85242361783458,0.19596389241012468
97,0.0,BAO KT,Min,-199.0213351884818,-0.006884444632414458,-0.316901042276219,-0.08689215554075835,-3.2097498573190553,0.06426758323418419
97,9.564773646073544,BAO KT,Min,-199.0213351884818,-0.006884444632414458,-0.316901042276219,-0.08689215554075835,-0.5077608460680076,-0.10805570877940418
97,19.129547292147087,BAO KT,Min,-199.0213351884818,-0.006884444632414458,-0.316901042276219,-0.08689215554075835,-2.2252355111272237,-4.322970110171203
98,0.0,BAO KT,Max,-51.19928588389413,1.825632513712034,8.70226866531687,1.023057463527434,27.07155160343446,6.343192868941333
98,3.4300122331682754,BAO KT,Max,-51.19928588389413,1.825632513712034,8.70226866531687,1.023057463527434,-0.8884200504811266,0.08125101363930735
98,6.860024466336551,BAO KT,Max,-51.19928588389413,1.825632513712034,8.70226866531687,1.023057463527434,23.1629044747054,21.31026462125925
98,0.0,BAO KT,Min,-191.44325495781987,-6.2570377426231065,-7.082447310137972,-0.2907875636109345,-25.422857354380582,-21.613167379926477
98,3.4300122331682754,BAO KT,Min,-191.44325495781987,-6.2570377426231065,-7.082447310137972,-0.2907875636109345,-2.875407363764658,-0.26915046033448636
98,6.860024466336551,BAO KT,Min,-191.44325495781987,-6.2570377426231065,-7.082447310137972,-0.2907875636109345,-32.62622435327319,-6.180690841662718
99,0.0,BAO KT,Max,-82.29459959250703,0.39309783293954803,0.1576533660446609,0.2958332838860592,1.2646730313028394,4.458078329320175
99,11.444324814125524,BAO KT,Max,-82.29459959250703,0.39309783293954803,0.1576533660446609,0.2958332838860592,0.010761857984721849,-0.0351241312463176
99,22.88864962825105,BAO KT,Max,-82.29459959250703,0.39309783293954803,0.1576533660446609,0.2958332838860592,2.672888916267649,-0.5043582237201106
99,0.0,BAO KT,Min,-178.31772710757707,0.04035340409663192,-0.23653823926169337,-0.07137345201341345,-2.741151965876667,0.4112339285563481
99,11.444324814125524,BAO KT,Min,-178.31772710757707,0.04035340409663192,-0.23653823926169337,-0.07137345201341345,-0.5502781614337962,-0.07597169227401077
99,22.88864962825105,BAO KT,Min,-178.31772710757707,0.04035340409663192,-0.23653823926169337,-0.07137345201341345,-2.3437996268078147,-4.539400238457903
100,0.0,BAO KT,Max,-55.32438157358017,2.962044250975607,8.313090170047484,1.0109516314966938,25.85619446849531,10.179390777702926
100,3.4263081060926854,BAO KT,Max,-55.32438157358017,2.962044250975607,8.313090170047484,1.0109516314966938,-0.8043153715417463,0.21088731168086722
100,6.852616212185371,BAO KT,Max,-55.32438157358017,2.962044250975607,8.313090170047484,1.0109516314966938,18.302400815979098,17.53116991619049
100,0.0,BAO KT,Min,-191.280894802673,-5.139020965040478,-5.650855684706157,-0.2742775969334426,-20.420744461758172,-17.684568463606404
100,3.4263081060926854,BAO KT,Min,-191.280894802673,-5.139020965040478,-5.650855684706157,-0.2742775969334426,-2.7020417453116847,-0.24964228381495837
100,6.852616212185371,BAO KT,Min,-191.280894802673,-5.139020965040478,-5.650855684706157,-0.2742775969334426,-31.110222004130925,-10.118361677742993
101,0.0,BAO KT,Max,-88.2674147509266,0.4588183351516858,0.20979915575272423,0.3227336479293651,1.5423175037240795,4.742595316660524
101,10.510301111168522,BAO KT,Max,-88.2674147509266,0.4588183351516858,0.20979915575272423,0.3227336479293651,-0.030240438892902503,-0.07816240061706606
101,21.020602222337043,BAO KT,Max,-88.2674147509266,0.4588183351516858,0.20979915575272423,0.3227336479293651,2.499156643201909,-0.6836437905369478
101,0.0,BAO KT,Min,-190.4076662217068,0.05742032394804844,-0.24619964313382897,-0.07816782128687225,-2.6761081223956436,0.5233659986527123
101,10.510301111168522,BAO KT,Min,-190.4076662217068,0.05742032394804844,-0.24619964313382897,-0.07816782128687225,-0.6672499837234369,-0.16245801962422915
101,21.020602222337043,BAO KT,Min,-190.4076662217068,0.05742032394804844,-0.24619964313382897,-0.07816782128687225,-2.867787095936071,-4.902042398877984
103,0.0,BAO KT,Max,-47.29514230504766,4.106346850668039,7.900906885149043,1.0130840024100416,24.665449925524104,14.076912283051648
103,3.4225183966047137,BAO KT,Max,-47.29514230504766,4.106346850668039,7.900906885149043,1.0130840024100416,-0.7072403732713591,0.02286464380045214
103,6.845036793209427,BAO KT,Max,-47.29514230504766,4.106346850668039,7.900906885149043,1.0130840024100416,13.323522207296154,13.896754771937598
103,0.0,BAO KT,Min,-152.54161051069335,-4.136649182482557,-4.193063391928093,-0.24512660941678394,-15.378150986711164,-14.418761082755204
103,3.4225183966047137,BAO KT,Min,-152.54161051069335,-4.136649182482557,-4.193063391928093,-0.24512660941678394,-2.6357009667152846,-0.6014537956695459
103,6.845036793209427,BAO KT,Min,-152.54161051069335,-4.136649182482557,-4.193063391928093,-0.24512660941678394,-29.416548403042786,-14.031182995450742
104,0.0,BAO KT,Max,-90.56916808081607,0.527994995510098,0.19813553746736204,0.3541123472783945,1.666351474030517,4.967845487994255
104,9.580592181426228,BAO KT,Max,-90.56916808081607,0.527994995510098,0.19813553746736204,0.3541123472783945,0.07921079049389886,-0.09065923782196658
104,19.161184362852456,BAO KT,Max,-90.56916808081607,0.527994995510098,0.19813553746736204,0.3541123472783945,2.2052050061460906,-0.7297369718556932
104,0.0,BAO KT,Min,-191.79061367263614,0.06640378763994075,-0.24724521295991717,-0.08606208368960061,-2.5323061022115994,0.5426382455049144
104,9.580592181426228,BAO KT,Min,-191.79061367263614,0.06640378763994075,-0.24724521295991717,-0.08606208368960061,-0.4823645817476313,-0.19424659566222113
104,19.161184362852456,BAO KT,Min,-191.79061367263614,0.06640378763994075,-0.24724521295991717,-0.08606208368960061,-2.130160088214467,-5.1491639636381885
105,0.0,BAO KT,Max,-42.234960773800495,5.067761966629577,7.353870860614107,0.9894164286639046,23.197234734100306,17.596893378626135
105,3.4233404588853187,BAO KT,Max,-42.234960773800495,5.067761966629577,7.353870860614107,0.9894164286639046,-0.6164986425386493,0.3984356613343828
105,6.846680917770637,BAO KT,Max,-42.234960773800495,5.067761966629577,7.353870860614107,0.9894164286639046,8.655713948741383,14.550318023347979
105,0.0,BAO KT,Min,-129.01070781529216,-4.246659601088625,-2.7955879016405807,-0.24826137229174755,-10.484784391371639,-14.558833138856908
105,3.4233404588853187,BAO KT,Min,-129.01070781529216,-4.246659601088625,-2.7955879016405807,-0.24826137229174755,-2.466347594593512,-0.2679589626593911
105,6.846680917770637,BAO KT,Min,-129.01070781529216,-4.246659601088625,-2.7955879016405807,-0.24826137229174755,-27.152372559015827,-17.100455774100393
106,0.0,BAO KT,Max,-79.2614573851697,0.4312009285657643,0.19013978700759768,0.29505552898457066,1.5486309714912623,4.877572657920231
106,11.4589539337196,BAO KT,Max,-79.2614573851697,0.4312009285657643,0.19013978700759768,0.29505552898457066,-0.08003973271729296,-0.05228049112165793
106,22.9179078674392,BAO KT,Max,-79.2614573851697,0.4312009285657643,0.19013978700759768,0.29505552898457066,2.141399750101016,-0.5713843992766168
106,0.0,BAO KT,Min,-171.4983517230608,0.045301160224357116,-0.1953159232559651,-0.0707591611888952,-2.334832584123018,0.46682341703330094
106,11.4589539337196,BAO KT,Min,-171.4983517230608,0.045301160224357116,-0.1953159232559651,-0.0707591611888952,-0.6421172843744654,-0.20707714870350732
106,22.9179078674392,BAO KT,Min,-171.4983517230608,0.045301160224357116,-0.1953159232559651,-0.0707591611888952,-2.8089751490833748,-5.004650495304188
107,0.0,BAO KT,Max,-58.1332115623655,6.277528415289512,7.504887490950425,0.9749307189652109,23.249809082694124,21.66676550566642
107,3.425332755706476,BAO KT,Max,-58.1332115623655,6.277528415289512,7.504887490950425,0.9749307189652109,-0.7401391758344906,0.5890387837729016
107,6.850665511412952,BAO KT,Max,-58.1332115623655,6.277528415289512,7.504887490950425,0.9749307189652109,3.599581139690091,15.666064088645864
107,0.0,BAO KT,Min,-173.68463364431517,-4.49503533240225,-1.3206818751511247,-0.23871144027479718,-5.447968633955904,-15.127919435624886
107,3.425332755706476,BAO KT,Min,-173.68463364431517,-4.49503533240225,-1.3206818751511247,-0.23871144027479718,-2.5532470385912482,0.001190597378078563
107,6.850665511412952,BAO KT,Min,-173.68463364431517,-4.49503533240225,-1.3206818751511247,-0.23871144027479718,-28.163664818594437,-21.33848190587225
108,0.0,BAO KT,Max,-80.15412454397227,0.5206697876915483,0.23596142643014237,0.3218030817640984,1.7692629794181898,5.3283285616329685
108,10.527796763903028,BAO KT,Max,-80.15412454397227,0.5206697876915483,0.23596142643014237,0.3218030817640984,-0.08147707740548739,-0.15050881274213965
108,21.055593527806057,BAO KT,Max,-80.15412454397227,0.5206697876915483,0.23596142643014237,0.3218030817640984,2.0034137655293454,-0.9688324672111988
108,0.0,BAO KT,Min,-174.00543211817177,0.07756755810999429,-0.20254833111711076,-0.07749920395546447,-2.2613615642080105,0.6643985072973169
108,10.527796763903028,BAO KT,Min,-174.00543211817177,0.07756755810999429,-0.20254833111711076,-0.07749920395546447,-0.7206311394664415,-0.3938888722782215
108,21.055593527806057,BAO KT,Min,-174.00543211817177,0.07756755810999429,-0.20254833111711076,-0.07749920395546447,-3.1990449037362003,-5.634682850209347
109,0.0,BAO KT,Max,-64.5188113024441,7.372949676811966,7.420247661743411,0.9766995723831264,22.799210334891228,25.488530037529706
109,3.4258543548167513,BAO KT,Max,-64.5188113024441,7.372949676811966,7.420247661743411,0.9766995723831264,-0.7416420119922815,0.3029893039071164
109,6.8517087096335025,BAO KT,Max,-64.5188113024441,7.372949676811966,7.420247661743411,0.9766995723831264,-1.2221567784251905,14.214807463046203
109,0.0,BAO KT,Min,-190.9426640967854,-4.177363341127482,0.10103182729243554,-0.23095469410098776,-0.5299161274154227,-14.420008963940186
109,3.4258543548167513,BAO KT,Min,-190.9426640967854,-4.177363341127482,0.10103182729243554,-0.23095469410098776,-2.708110432135263,-0.11488886590532729
109,6.8517087096335025,BAO KT,Min,-190.9426640967854,-4.177363341127482,0.10103182729243554,-0.23095469410098776,-28.042165196713736,-25.028773478772358
110,0.0,BAO KT,Max,-80.73231911649016,0.6104300219104237,0.19855005628745998,0.35303634127905564,1.701689913984736,5.677362780170039
110,9.597172213243915,BAO KT,Max,-80.73231911649016,0.6104300219104237,0.19855005628745998,0.35303634127905564,0.08233461175479034,-0.18103926423855374
110,19.19434442648783,BAO KT,Max,-80.73231911649016,0.6104300219104237,0.19855005628745998,0.35303634127905564,1.8875834360274528,-1.2139864326052565
110,0.0,BAO KT,Min,-171.26669929536234,0.10401105130178266,-0.21156162434947537,-0.08539124885030222,-2.173203249163612,0.7824375102422553
110,9.597172213243915,BAO KT,Min,-171.26669929536234,0.10401105130178266,-0.21156162434947537,-0.08539124885030222,-0.43904554580099375,-0.46769661246418986
110,19.19434442648783,BAO KT,Min,-171.26669929536234,0.10401105130178266,-0.21156162434947537,-0.08539124885030222,-2.1093482522953164,-6.039441308647146
111,0.0,BAO KT,Max,-68.79908467988835,8.461112539533012,7.127084308959784,0.9705450645253072,22.032882284812647,29.307855762287687
111,3.4300327935950854,BAO KT,Max,-68.79908467988835,8.461112539533012,7.127084308959784,0.9705450645253072,-0.6435396404765169,0.2859622813908562
111,6.860065587190171,BAO KT,Max,-68.79908467988835,8.461112539533012,7.127084308959784,0.9705450645253072,-5.64916050959499,13.956912505486592
111,0.0,BAO KT,Min,-192.4434513581546,-4.107735660791725,1.43403157633105,-0.2355092922325459,4.188390158137721,-14.2224235423846
111,3.4300327935950854,BAO KT,Min,-192.4434513581546,-4.107735660791725,1.43403157633105,-0.2355092922325459,-2.481200996019735,-0.29843728335163533
111,6.860065587190171,BAO KT,Min,-192.4434513581546,-4.107735660791725,1.43403157633105,-0.2355092922325459,-26.85938352008541,-28.735931199505973
112,0.0,BAO KT,Max,-76.78236685615423,0.4507778622206792,0.26128643713346794,0.2950521097140425,2.2592520883127536,5.156225006133006
112,11.46612061482126,BAO KT,Max,-76.78236685615423,0.4507778622206792,0.26128643713346794,0.2950521097140425,-0.1537836966858151,0.12606291075583362
112,22.93224122964252,BAO KT,Max,-76.78236685615423,0.4507778622206792,0.26128643713346794,0.2950521097140425,1.9620400747598754,0.15622165805287808
112,0.0,BAO KT,Min,-165.41812173501432,-0.0028876185779714916,-0.1860696256980653,-0.07055038211933033,-2.304953467257449,0.09000209224363856
112,11.46612061482126,BAO KT,Min,-165.41812173501432,-0.0028876185779714916,-0.1860696256980653,-0.07055038211933033,-0.7503585674126779,-0.042608835161376014
112,22.93224122964252,BAO KT,Min,-165.41812173501432,-0.0028876185779714916,-0.1860696256980653,-0.07055038211933033,-3.7326315180657588,-5.181121671294171
113,0.0,BAO KT,Max,-74.40903718756677,9.70721365904209,6.691432426165404,0.9735567298973619,20.96751075206509,33.476514381191606
113,3.434874727060002,BAO KT,Max,-74.40903718756677,9.70721365904209,6.691432426165404,0.9735567298973619,-0.5108344739001722,0.3219005193774815
113,6.869749454120004,BAO KT,Max,-74.40903718756677,9.70721365904209,6.691432426165404,0.9735567298973619,-7.992984767940792,15.07342839085146
113,0.0,BAO KT,Min,-182.43229602141145,-4.341225860272626,2.002194667360654,-0.22741838363219713,5.367352233284608,-14.749705592968063
113,3.434874727060002,BAO KT,Min,-182.43229602141145,-4.341225860272626,2.002194667360654,-0.22741838363219713,-2.0453118308538385,-0.4387460637881147
113,6.869749454120004,BAO KT,Min,-182.43229602141145,-4.341225860272626,2.002194667360654,-0.22741838363219713,-25.000953504865596,-33.20961135403903
114,0.0,BAO KT,Max,-77.26477144196608,0.47216039236227214,0.27054791520062343,0.29484332290001847,2.498439941506607,5.448828770288877
114,11.473632173759365,BAO KT,Max,-77.26477144196608,0.47216039236227214,0.27054791520062343,0.29484332290001847,-0.0812698008685878,0.0932518908172272
114,22.94726434751873,BAO KT,Max,-77.26477144196608,0.47216039236227214,0.27054791520062343,0.29484332290001847,2.3750738773565034,-0.006238523520189554
114,0.0,BAO KT,Min,-165.3245169045035,0.0077233977702674764,-0.21549485663729406,-0.07102764153650987,-2.5699435634301344,0.17099232677517492
114,11.473632173759365,BAO KT,Min,-165.3245169045035,0.0077233977702674764,-0.21549485663729406,-0.07102764153650987,-0.6218923650510135,-0.02414187140462143
114,22.94726434751873,BAO KT,Min,-165.3245169045035,0.0077233977702674764,-0.21549485663729406,-0.07102764153650987,-3.7098945872721796,-5.385960567676346
115,0.0,BAO KT,Max,-70.76763822314014,10.626111767275354,7.13779685856048,0.9794676985621603,24.044246797530256,36.9304922762019
115,3.438962928447939,BAO KT,Max,-70.76763822314014,10.626111767275354,7.13779685856048,0.9794676985621603,-0.5023719898513961,0.38768783499754755
115,6.877925856895878,BAO KT,Max,-70.76763822314014,10.626111767275354,7.13779685856048,0.9794676985621603,-9.063089891307667,14.039821535627308
115,0.0,BAO KT,Min,-146.49526884501293,-4.113933996775603,2.270037088034366,-0.2266429830580594,6.008051952823497,-14.255511474358613
115,3.438962928447939,BAO KT,Min,-146.49526884501293,-4.113933996775603,2.270037088034366,-0.2266429830580594,-2.0891152052642585,-0.20137365162956958
115,6.877925856895878,BAO KT,Min,-146.49526884501293,-4.113933996775603,2.270037088034366,-0.2266429830580594,-25.048990777233044,-36.15511660620681
116,0.0,BAO KT,Max,-77.707010542421,0.5303088285077087,0.34194549933327406,0.321813469468168,2.907953230330878,5.703226073600513
116,10.526675791477702,BAO KT,Max,-77.707010542421,0.5303088285077087,0.34194549933327406,0.321813469468168,-0.09311903934355267,0.2350784599666228
116,21.053351582955404,BAO KT,Max,-77.707010542421,0.5303088285077087,0.34194549933327406,0.321813469468168,2.297796905380279,0.5616333902172428
116,0.0,BAO KT,Min,-167.12567960931602,-0.03194897408358621,-0.23040276086455752,-0.07768106322140976,-2.552953424784848,-0.11099959387922814
116,10.526675791477702,BAO KT,Min,-167.12567960931602,-0.03194897408358621,-0.23040276086455752,-0.07768106322140976,-0.699575551774265,0.10729994971882267
116,21.053351582955404,BAO KT,Min,-167.12567960931602,-0.03194897408358621,-0.23040276086455752,-0.07768106322140976,-4.2911455893417845,-5.46155214051748
117,0.0,BAO KT,Max,-70.82869601082598,11.88261811766783,8.602001885137462,0.9834722567049358,29.079946941923673,41.001397070011556
117,3.4455884915080173,BAO KT,Max,-70.82869601082598,11.88261811766783,8.602001885137462,0.9834722567049358,-0.5590117574362388,0.6815243701524625
117,6.8911769830160345,BAO KT,Max,-70.82869601082598,11.88261811766783,8.602001885137462,0.9834722567049358,-9.836954777433537,14.506496985383468
117,0.0,BAO KT,Min,-163.66136188147757,-4.180351826776639,2.4406841916106843,-0.22560851386001884,6.56230839788614,-14.30104730420874
117,3.4455884915080173,BAO KT,Min,-163.66136188147757,-4.180351826776639,2.4406841916106843,-0.22560851386001884,-2.127007853845443,-0.43614890875252527
117,6.8911769830160345,BAO KT,Min,-163.66136188147757,-4.180351826776639,2.4406841916106843,-0.22560851386001884,-30.19797045679615,-41.062611055027794
119,0.0,BAO KT,Max,-78.38155229255166,0.6231406143695462,0.30909285100390815,0.3532238679697506,2.6436985471999526,6.128590099870723
119,9.592905829062355,BAO KT,Max,-78.38155229255166,0.6231406143695462,0.30909285100390815,0.3532238679697506,0.016969999972483458,0.28434542080518277
119,19.18581165812471,BAO KT,Max,-78.38155229255166,0.6231406143695462,0.30909285100390815,0.3532238679697506,2.24974430576155,0.7762632932764222
119,0.0,BAO KT,Min,-164.50571307170873,-0.05195382804421534,-0.2490520256809295,-0.08563546782384186,-2.5285209520272014,-0.220513066498491
119,9.592905829062355,BAO KT,Min,-164.50571307170873,-0.05195382804421534,-0.2490520256809295,-0.08563546782384186,-0.4201933341532512,0.14428968188602484
119,19.18581165812471,BAO KT,Min,-164.50571307170873,-0.05195382804421534,-0.2490520256809295,-0.08563546782384186,-3.381028283108642,-5.826868363951511
120,0.0,BAO KT,Max,-77.08824323917199,0.5072936053871585,0.28253199734759965,0.29493453212917226,2.7588504833939327,5.846458180037026
120,11.486212769671425,BAO KT,Max,-77.08824323917199,0.5072936053871585,0.28253199734759965,0.29493453212917226,0.008145552483775142,0.19350886654969188
120,22.97242553934285,BAO KT,Max,-77.08824323917199,0.5072936053871585,0.28253199734759965,0.29493453212917226,2.8205803513846583,0.36804079622651426
120,0.0,BAO KT,Min,-163.0219212032365,-0.016698511036926093,-0.2469029026347651,-0.07113569564577099,-2.8513781948401014,-0.015564505187165262
120,11.486212769671425,BAO KT,Min,-163.0219212032365,-0.016698511036926093,-0.2469029026347651,-0.07113569564577099,-0.5037618509163978,-0.28787592709567916
120,22.97242553934285,BAO KT,Min,-163.0219212032365,-0.016698511036926093,-0.2469029026347651,-0.07113569564577099,-3.731594788155613,-5.807306396304247
121,0.0,BAO KT,Max,-82.53373193623251,0.5851525341566973,0.36837346330238435,0.3217548015165666,3.293927350189013,6.2407279045641815
121,10.541493730623385,BAO KT,Max,-82.53373193623251,0.5851525341566973,0.36837346330238435,0.3217548015165666,-0.03801511694145859,0.30094922923613326
121,21.08298746124677,BAO KT,Max,-82.53373193623251,0.5851525341566973,0.36837346330238435,0.3217548015165666,2.6175793978682567,0.7931186501699017
121,0.0,BAO KT,Min,-174.08255440505485,-0.04836259948443664,-0.256060156177919,-0.077831733378389,-2.7809336641557,-0.22650942835377558
121,10.541493730623385,BAO KT,Min,-174.08255440505485,-0.04836259948443664,-0.256060156177919,-0.077831733378389,-0.5980654857011773,-0.24429638427959494
121,21.08298746124677,BAO KT,Min,-174.08255440505485,-0.04836259948443664,-0.256060156177919,-0.077831733378389,-4.472485757671204,-6.0960356359782395
122,0.0,BAO KT,Max,-85.41118791563686,0.6948600081042748,0.3874761556051052,0.3532603516202815,3.393791090186236,6.770677725830408
122,9.606748849864642,BAO KT,Max,-85.41118791563686,0.6948600081042748,0.3874761556051052,0.3532603516202815,0.0211781372611373,0.3477305169036233
122,19.213497699729285,BAO KT,Max,-85.41118791563686,0.6948600081042748,0.3874761556051052,0.3532603516202815,2.354202942408123,0.9901958292924304
122,0.0,BAO KT,Min,-175.59709109634298,-0.06856467571082854,-0.26119111177180243,-0.08599290864786777,-2.6641918828091375,-0.32717140976025805
122,9.606748849864642,BAO KT,Min,-175.59709109634298,-0.06856467571082854,-0.26119111177180243,-0.08599290864786777,-0.43899830708295917,-0.22590057562632365
122,19.213497699729285,BAO KT,Min,-175.59709109634298,-0.06856467571082854,-0.26119111177180243,-0.08599290864786777,-4.1480005384715515,-6.580013441514947
123,0.0,BAO KT,Max,-52.46316160415569,0.1732969351818211,0.6539512616189848,0.3667348195512389,6.938238307988736,1.832924013141317
123,10.52432643549159,BAO KT,Max,-52.46316160415569,0.1732969351818211,0.6539512616189848,0.3667348195512389,0.3711873540826349,0.24989659530184288
123,21.04865287098318,BAO KT,Max,-52.46316160415569,0.1732969351818211,0.6539512616189848,0.3667348195512389,1.1530262379979865,3.054015505579076
123,0.0,BAO KT,Min,-153.24976442952396,-0.2672423402129061,-0.08877966137331006,-0.06503245684765882,-0.715666036252251,-2.571075745991573
123,10.52432643549159,BAO KT,Min,-153.24976442952396,-0.2672423402129061,-0.08877966137331006,-0.06503245684765882,-0.0038420049161323033,-0.01787253852765735
123,21.04865287098318,BAO KT,Min,-153.24976442952396,-0.2672423402129061,-0.08877966137331006,-0.06503245684765882,-6.8265547923707794,-1.8147430191061074
125,0.0,BAO KT,Max,-53.51606768851911,0.14347937993154425,0.5297077868075287,0.3929652655381254,6.192032371552079,1.6616035871965749
125,11.453797961491746,BAO KT,Max,-53.51606768851911,0.14347937993154425,0.5297077868075287,0.3929652655381254,0.7386270353044848,0.2503661186943314
125,22.907595922983493,BAO KT,Max,-53.51606768851911,0.14347937993154425,0.5297077868075287,0.3929652655381254,2.6149824182455923,3.2925232762672034
125,0.0,BAO KT,Min,-161.2139966613741,-0.2662544249633809,-0.16496834490171652,-0.053014879822695156,-1.1640457668463033,-2.806725503500255
125,11.453797961491746,BAO KT,Min,-161.2139966613741,-0.2662544249633809,-0.16496834490171652,-0.053014879822695156,0.12486640282970193,0.010032961913054432
125,22.907595922983493,BAO KT,Min,-161.2139966613741,-0.2662544249633809,-0.16496834490171652,-0.053014879822695156,-5.942299565892675,-1.6251640715554678
126,0.0,BAO KT,Max,-51.93394709173572,0.21624951251726612,0.15654586065095424,0.2737539170720744,1.073567585025547,2.1859161540234164
126,11.23032179482927,BAO KT,Max,-51.93394709173572,0.21624951251726612,0.15654586065095424,0.2737539170720744,-0.13291991364854733,-0.005259696722024527
126,22.46064358965854,BAO KT,Max,-51.93394709173572,0.21624951251726612,0.15654586065095424,0.2737539170720744,5.697161317901843,2.151272720347454
126,0.0,BAO KT,Min,-161.52711744147442,-0.1933500269399057,-0.527733851626075,-0.1477692466751566,-6.156080633669168,-2.1914933228006452
126,11.23032179482927,BAO KT,Min,-161.52711744147442,-0.1933500269399057,-0.527733851626075,-0.1477692466751566,-0.75931462281551,-0.2508940754401949
126,22.46064358965854,BAO KT,Min,-161.52711744147442,-0.1933500269399057,-0.527733851626075,-0.1477692466751566,-2.442553196491888,-2.6711870730643015
127,0.0,BAO KT,Max,-49.071866783085525,0.21084307426511129,0.08872843099475136,0.3107578097150112,0.7053970783123646,1.9211931228355843
127,10.253855469542293,BAO KT,Max,-49.071866783085525,0.21084307426511129,0.08872843099475136,0.3107578097150112,0.03300072470055315,0.024705915789700567
127,20.507710939084586,BAO KT,Max,-49.071866783085525,0.21084307426511129,0.08872843099475136,0.3107578097150112,6.625513884751717,2.352900595609139
127,0.0,BAO KT,Min,-152.427999610024,-0.23068410131631656,-0.6631700842760637,-0.11466674934320309,-6.9745865070301605,-2.3897729965102545
127,10.253855469542293,BAO KT,Min,-152.427999610024,-0.23068410131631656,-0.6631700842760637,-0.11466674934320309,-0.43244472263608513,-0.24874813318299666
127,20.507710939084586,BAO KT,Min,-152.427999610024,-0.23068410131631656,-0.6631700842760637,-0.11466674934320309,-1.1142199366065093,-2.4027156977012623
128,0.0,BAO KT,Max,-27.48999191938644,0.003743411163966315,0.13150367002911634,0.38360759285149604,1.614490104136515,-0.15449705364818384
128,11.005799457012495,BAO KT,Max,-27.48999191938644,0.003743411163966315,0.13150367002911634,0.38360759285149604,0.6961996265200182,-0.004406275872640293
128,22.01159891402499,BAO KT,Max,-27.48999191938644,0.003743411163966315,0.13150367002911634,0.38360759285149604,3.7933125126496794,5.218543836016536
128,0.0,BAO KT,Min,-145.0977045016005,-0.47605424837308763,-0.2890981987733623,-0.0559528824009341,-2.5702010855166426,-5.260171340489502
128,11.005799457012495,BAO KT,Min,-145.0977045016005,-0.47605424837308763,-0.2890981987733623,-0.0559528824009341,0.07373847223021085,-0.2014608988993645
128,22.01159891402499,BAO KT,Min,-145.0977045016005,-0.47605424837308763,-0.2890981987733623,-0.0559528824009341,-1.2801159362666832,-0.23689551875969383
129,0.0,BAO KT,Max,-26.15701759326145,0.006583029435093233,0.13834062246219633,0.3654144681062478,1.5229969537891392,-0.13208539607613
129,10.125634570946485,BAO KT,Max,-26.15701759326145,0.006583029435093233,0.13834062246219633,0.3654144681062478,0.36851999585308987,0.053920970742067295
129,20.25126914189297,BAO KT,Max,-26.15701759326145,0.006583029435093233,0.13834062246219633,0.3654144681062478,2.5181056475880017,5.449053910655732
129,0.0,BAO KT,Min,-137.74166411358453,-0.5396991022780494,-0.22047898796035734,-0.06883203303262393,-2.010252572281514,-5.480537865215067
129,10.125634570946485,BAO KT,Min,-137.74166411358453,-0.5396991022780494,-0.22047898796035734,-0.06883203303262393,-0.06495086263723829,-0.2060279818304498
129,20.25126914189297,BAO KT,Min,-137.74166411358453,-0.5396991022780494,-0.22047898796035734,-0.06883203303262393,-1.2785762249498025,-0.26540009693520666
132,0.0,BAO KT,Max,-67.85533249333751,0.43320445537146524,0.23274860292510818,0.28872413954399523,2.155755473345281,4.6580710508520395
132,10.7143927897261,BAO KT,Max,-67.85533249333751,0.43320445537146524,0.23274860292510818,0.28872413954399523,0.001356331737292448,0.19904696648941933
132,21.4287855794522,BAO KT,Max,-67.85533249333751,0.43320445537146524,0.23274860292510818,0.28872413954399523,1.2694293270345913,0.8845944251396042
132,0.0,BAO KT,Min,-161.67855730026054,-0.06458014245399259,-0.12761818657104654,-0.11302590798263078,-1.465273429034891,-0.49927960019748097
132,10.7143927897261,BAO KT,Min,-161.67855730026054,-0.06458014245399259,-0.12761818657104654,-0.11302590798263078,-0.4136442029626636,-0.036078810996395184
132,21.4287855794522,BAO KT,Min,-161.67855730026054,-0.06458014245399259,-0.12761818657104654,-0.11302590798263078,-2.8982803004158906,-4.62497433536646
135,0.0,BAO KT,Max,-67.36173259855914,0.38079394173876446,0.3016616339307276,0.2550428577420851,2.7473986775216557,4.456749477706624
135,11.647101918007762,BAO KT,Max,-67.36173259855914,0.38079394173876446,0.3016616339307276,0.2550428577420851,-0.1474397416877491,0.19327412981830971
135,23.294203836015523,BAO KT,Max,-67.36173259855914,0.38079394173876446,0.3016616339307276,0.2550428577420851,1.220585488259303,0.8352066807514306
135,0.0,BAO KT,Min,-166.52685751891994,-0.05553741029250313,-0.11745627707025794,-0.1512532084691265,-1.5154649716348012,-0.4584930751265637
135,11.647101918007762,BAO KT,Min,-166.52685751891994,-0.05553741029250313,-0.11745627707025794,-0.1512532084691265,-0.7660851176222763,0.010416205772698455
135,23.294203836015523,BAO KT,Min,-166.52685751891994,-0.05553741029250313,-0.11745627707025794,-0.1512532084691265,-4.279568912766208,-4.413542220675974
136,0.0,BAO KT,Max,-58.36659014501165,1.6499265389840603,0.9062795378184113,0.5154440039954361,5.409611439978594,9.96026318234108
136,6.008455732415979,BAO KT,Max,-58.36659014501165,1.6499265389840603,0.9062795378184113,0.5154440039954361,0.320721431306054,0.3481602940254944
136,12.016911464831958,BAO KT,Max,-58.36659014501165,1.6499265389840603,0.9062795378184113,0.5154440039954361,-1.8746381178536367,4.260365142072268
136,0.0,BAO KT,Min,-204.18295606982426,-0.6581227945683142,0.2760413355341564,-0.18292229349972164,1.440227040035698,-3.6482382132429554
136,6.008455732415979,BAO KT,Min,-204.18295606982426,-0.6581227945683142,0.2760413355341564,-0.18292229349972164,-0.652708741096047,-0.18373576352421186
136,12.016911464831958,BAO KT,Min,-204.18295606982426,-0.6581227945683142,0.2760413355341564,-0.18292229349972164,-5.535502041857584,-9.866757960106984
137,0.0,BAO KT,Max,-15.569463537636128,0.5884158921170487,-0.2816457915709448,0.6330047626497899,-1.4443003425536387,3.0492878358051105
137,5.684761498594509,BAO KT,Max,-15.569463537636128,0.5884158921170487,-0.2816457915709448,0.6330047626497899,0.5288391757373784,0.23519488309741823
137,11.369522997189017,BAO KT,Max,-15.569463537636128,0.5884158921170487,-0.2816457915709448,0.6330047626497899,6.032717085297762,12.003750138615528
137,0.0,BAO KT,Min,-168.68276258916728,-2.1214454272679557,-1.0685703657710401,-0.13881754926757264,-6.116418262450759,-12.116072433988977
137,5.684761498594509,BAO KT,Min,-168.68276258916728,-2.1214454272679557,-1.0685703657710401,-0.13881754926757264,-0.47395401262606285,-0.3414173917634156
137,11.369522997189017,BAO KT,Min,-168.68276258916728,-2.1214454272679557,-1.0685703657710401,-0.13881754926757264,1.7578779617737235,-3.640720181531167
138,0.0,BAO KT,Max,-79.40516981466612,1.7088796177103727,2.3873447308362614,0.6387146454537687,14.49907751931522,10.339582393587726
138,6.02077667844945,BAO KT,Max,-79.40516981466612,1.7088796177103727,2.3873447308362614,0.6387146454537687,0.5203581604432399,0.35917812003876176
138,12.0415533568989,BAO KT,Max,-79.40516981466612,1.7088796177103727,2.3873447308362614,0.6387146454537687,7.273502315241199,1.4924432786719224
138,0.0,BAO KT,Min,-175.61567856448124,-0.19346347487297488,-1.168189527439941,-0.14236480522574085,-6.891021562667427,-0.8371574766220744
138,6.02077667844945,BAO KT,Min,-175.61567856448124,-0.19346347487297488,-1.168189527439941,-0.14236480522574085,-0.2623058516515602,-0.02826747104943668
138,12.0415533568989,BAO KT,Min,-175.61567856448124,-0.19346347487297488,-1.168189527439941,-0.14236480522574085,-14.248261438361064,-10.237982703588724
139,0.0,BAO KT,Max,-11.472232107534673,-0.027030613537173023,1.4111531855568376,0.5927453221214251,7.8872102135721125,-0.40627551062031886
139,5.609414368617047,BAO KT,Max,-11.472232107534673,-0.027030613537173023,1.4111531855568376,0.5927453221214251,0.3357041925617873,0.028623749837465517
139,11.218828737234094,BAO KT,Max,-11.472232107534673,-0.027030613537173023,1.4111531855568376,0.5927453221214251,15.22555390958215,12.845007315312039
139,0.0,BAO KT,Min,-159.54040927264745,-2.299293963842275,-2.7807814140996405,-0.20895779991891286,-16.02893704589961,-12.950377881590567
139,5.609414368617047,BAO KT,Min,-159.54040927264745,-2.299293963842275,-2.7807814140996405,-0.20895779991891286,-0.7439786139291253,-0.3632409987218364
139,11.218828737234094,BAO KT,Min,-159.54040927264745,-2.299293963842275,-2.7807814140996405,-0.20895779991891286,-8.064241628291848,-0.17346523859240615
140,0.0,BAO KT,Max,-58.20796601195494,-0.6207663369800968,13.510978772132564,2.172406317785393,48.08075015497162,-2.2609439089079437
140,3.831070467194721,BAO KT,Max,-58.20796601195494,-0.6207663369800968,13.510978772132564,2.172406317785393,-1.2662231141244513,1.7536388070467182
140,7.662140934389442,BAO KT,Max,-58.20796601195494,-0.6207663369800968,13.510978772132564,2.172406317785393,81.68450936242915,65.31121756219595
140,0.0,BAO KT,Min,-178.95206665763197,-17.23664230268232,-22.050402179612714,-0.7424151414964824,-87.2687797977316,-66.75836499661493
140,3.831070467194721,BAO KT,Min,-178.95206665763197,-17.23664230268232,-22.050402179612714,-0.7424151414964824,-5.52261242485418,-0.7235737172094865
140,7.662140934389442,BAO KT,Min,-178.95206665763197,-17.23664230268232,-22.050402179612714,-0.7424151414964824,-55.44227335865211,2.4954552523582465
141,0.0,BAO KT,Max,-12.15903812038783,2.7779516848293393,-0.12468445119404178,1.1364687135229614,-0.7548190809524657,21.76874863407005
141,7.4025380221052774,BAO KT,Max,-12.15903812038783,2.7779516848293393,-0.12468445119404178,1.1364687135229614,0.6656911735121018,2.6359880565600635
141,14.805076044210555,BAO KT,Max,-12.15903812038783,2.7779516848293393,-0.12468445119404178,1.1364687135229614,13.902905137762827,19.12001179179758
141,0.0,BAO KT,Min,-165.1757433294885,-2.3234868201273273,-1.9073019134852507,-0.26872629234673234,-14.33484473065461,-15.27938726790848
141,7.4025380221052774,BAO KT,Min,-165.1757433294885,-2.3234868201273273,-1.9073019134852507,-0.26872629234673234,-0.2159697964458914,0.6112692047400445
141,14.805076044210555,BAO KT,Min,-165.1757433294885,-2.3234868201273273,-1.9073019134852507,-0.26872629234673234,1.0911437005059823,-19.359037306971146
142,0.0,BAO KT,Max,-19.1756834664229,2.7041252678642316,-0.026916033029356773,1.0804993506430218,-0.4980815656993692,20.58299796354585
142,7.224252178818288,BAO KT,Max,-19.1756834664229,2.7041252678642316,-0.026916033029356773,1.0804993506430218,0.42341750006431994,2.472725325420965
142,14.448504357636576,BAO KT,Max,-19.1756834664229,2.7041252678642316,-0.026916033029356773,1.0804993506430218,13.64106825950557,19.025049364209742
142,0.0,BAO KT,Min,-159.64463488518567,-2.38155436862227,-1.893787168801941,-0.2608117417593738,-13.72132390136551,-15.384849308777554
142,7.224252178818288,BAO KT,Min,-159.64463488518567,-2.38155436862227,-1.893787168801941,-0.2608117417593738,-0.3036333554418935,0.5609340101174358
142,14.448504357636576,BAO KT,Min,-159.64463488518567,-2.38155436862227,-1.893787168801941,-0.2608117417593738,-0.10918514518441769,-18.487567752785676
143,0.0,BAO KT,Max,-23.459610989721483,2.4532690204708714,-0.16558100423375974,1.1043630773506863,-0.9654553798061271,18.555942446311793
143,7.141376082885728,BAO KT,Max,-23.459610989721483,2.4532690204708714,-0.16558100423375974,1.1043630773506863,0.7569063554554492,2.560894047296484
143,14.282752165771456,BAO KT,Max,-23.459610989721483,2.4532690204708714,-0.16558100423375974,1.1043630773506863,12.35319169739557,19.570957936473157
143,0.0,BAO KT,Min,-157.57276427666213,-2.471058370346428,-1.7308777553960983,-0.2546448978085504,-12.36850631217369,-15.722556354339972
143,7.141376082885728,BAO KT,Min,-157.57276427666213,-2.471058370346428,-1.7308777553960983,-0.2546448978085504,-0.007657307389060172,0.6581881570978826
143,14.282752165771456,BAO KT,Min,-157.57276427666213,-2.471058370346428,-1.7308777553960983,-0.2546448978085504,1.3994970670242175,-16.483490969038566
144,0.0,BAO KT,Max,-23.16526367730108,2.053585241708698,-0.15822352272403362,1.1714289569443923,-0.9669492132338448,15.719271919977345
144,7.094957642052256,BAO KT,Max,-23.16526367730108,2.053585241708698,-0.15822352272403362,1.1714289569443923,0.5816680406676845,2.7921505696777125
144,14.189915284104512,BAO KT,Max,-23.16526367730108,2.053585241708698,-0.15822352272403362,1.1714289569443923,10.581751401667171,21.318070641551078
144,0.0,BAO KT,Min,-151.89946714159717,-2.6766038980420097,-1.5006337256120943,-0.2482991072960985,-10.712114037238582,-16.66271192076895
144,7.094957642052256,BAO KT,Min,-151.89946714159717,-2.6766038980420097,-1.5006337256120943,-0.2482991072960985,-0.06518131778570527,0.8506858877698561
144,14.189915284104512,BAO KT,Min,-151.89946714159717,-2.6766038980420097,-1.5006337256120943,-0.2482991072960985,1.223648629532117,-13.420928688556362
145,0.0,BAO KT,Max,-22.225517778580915,1.7346179990940627,0.12009159605202835,1.1388962237357547,1.030865829709131,13.308647442169676
145,6.992243589090628,BAO KT,Max,-22.225517778580915,1.7346179990940627,0.12009159605202835,1.1388962237357547,0.430930433273526,2.894966821310146
145,13.984487178181256,BAO KT,Max,-22.225517778580915,1.7346179990940627,0.12009159605202835,1.1388962237357547,9.261319719711185,22.54052432158069
145,0.0,BAO KT,Min,-146.20008245055044,-2.8551321310225592,-1.3288228389361387,-0.2668524773970665,-9.321586233465663,-17.387034356717614
145,6.992243589090628,BAO KT,Min,-146.20008245055044,-2.8551321310225592,-1.3288228389361387,-0.2668524773970665,-0.07980243265079758,0.9761551269714466
145,13.984487178181256,BAO KT,Min,-146.20008245055044,-2.8551321310225592,-1.3288228389361387,-0.2668524773970665,-0.6485535554877817,-10.949095725203666
146,0.0,BAO KT,Max,-25.967231040314694,1.426246213098051,0.45798793205055444,1.1271221670530487,3.355290032761485,10.970785975996991
146,6.883420817102947,BAO KT,Max,-25.967231040314694,1.426246213098051,0.45798793205055444,1.1271221670530487,0.4816489027218439,2.8971855965203694
146,13.766841634205894,BAO KT,Max,-25.967231040314694,1.426246213098051,0.45798793205055444,1.1271221670530487,7.519148600320866,22.64569580575246
146,0.0,BAO KT,Min,-139.90700202950114,-2.9167510972906014,-1.1041407055878718,-0.2748223882299242,-7.681381635387721,-17.50875463704352
146,6.883420817102947,BAO KT,Min,-139.90700202950114,-2.9167510972906014,-1.1041407055878718,-0.2748223882299242,-0.1279079834030617,0.9028392676222937
146,13.766841634205894,BAO KT,Min,-139.90700202950114,-2.9167510972906014,-1.1041407055878718,-0.2748223882299242,-2.949757298155948,-8.664119771109753
147,0.0,BAO KT,Max,-5.473669330722872,0.07838523050163965,0.5708712620349854,0.7295223255912507,5.718283618289447,0.7124357004594261
147,10.547177295193821,BAO KT,Max,-5.473669330722872,0.07838523050163965,0.5708712620349854,0.7295223255912507,0.21151064705517852,0.0034009655909236214
147,21.094354590387642,BAO KT,Max,-5.473669330722872,0.07838523050163965,0.5708712620349854,0.7295223255912507,5.545823514061742,15.15892338969585
147,0.0,BAO KT,Min,-147.5171007935311,-1.4634811314083915,-0.5191373606281144,-0.20036525419532097,-5.405044052145648,-15.712266532574457
147,10.547177295193821,BAO KT,Min,-147.5171007935311,-1.4634811314083915,-0.5191373606281144,-0.20036525419532097,-0.4437754478532514,-0.38155691841265876
147,21.094354590387642,BAO KT,Min,-147.5171007935311,-1.4634811314083915,-0.5191373606281144,-0.20036525419532097,-6.323877208538633,-0.9410501463914297
148,0.0,BAO KT,Max,-7.983079090292897,0.1063419211925679,0.4229813031065059,0.7480426385742107,4.423454835748042,0.9492998510568379
148,10.496658097087185,BAO KT,Max,-7.983079090292897,0.1063419211925679,0.4229813031065059,0.7480426385742107,0.2758571949079073,-0.011773143967317892
148,20.99331619417437,BAO KT,Max,-7.983079090292897,0.1063419211925679,0.4229813031065059,0.7480426385742107,5.651754180628179,14.028231159094076
148,0.0,BAO KT,Min,-151.8868568145973,-1.3589324495548287,-0.5246035569189332,-0.19338794926834432,-5.361414166359538,-14.500267440934355
148,10.496658097087185,BAO KT,Min,-151.8868568145973,-1.3589324495548287,-0.5246035569189332,-0.19338794926834432,-0.21922631350030491,-0.34117340925944695
148,20.99331619417437,BAO KT,Min,-151.8868568145973,-1.3589324495548287,-0.5246035569189332,-0.19338794926834432,-4.533828725977437,-1.2831697252347123
149,0.0,BAO KT,Max,-11.896245517515133,0.12119205717023741,0.3554423205175531,0.7310604425975948,3.565360250470708,1.1167284418850534
149,10.375320761895805,BAO KT,Max,-11.896245517515133,0.12119205717023741,0.3554423205175531,0.7310604425975948,0.11824642994716625,-0.0009408281326728496
149,20.75064152379161,BAO KT,Max,-11.896245517515133,0.12119205717023741,0.3554423205175531,0.7310604425975948,4.744691746213275,13.04210205444634
149,0.0,BAO KT,Min,-144.99177830097153,-1.276337264783809,-0.46262072399330867,-0.1998338859926166,-4.854985058848815,-13.442714990539173
149,10.375320761895805,BAO KT,Min,-144.99177830097153,-1.276337264783809,-0.46262072399330867,-0.1998338859926166,-0.31952239902213353,-0.2687863892143596
149,20.75064152379161,BAO KT,Min,-144.99177830097153,-1.276337264783809,-0.46262072399330867,-0.1998338859926166,-3.8459706096985213,-1.398084491985402
150,0.0,BAO KT,Max,-20.707162722847237,0.10514953182869993,0.35702369866458405,0.6789168441881112,3.170736954347321,1.0339376693610576
150,10.533303099966487,BAO KT,Max,-20.707162722847237,0.10514953182869993,0.35702369866458405,0.6789168441881112,-0.10006425449801812,-0.006736410542592233
150,21.066606199932973,BAO KT,Max,-20.707162722847237,0.10514953182869993,0.35702369866458405,0.6789168441881112,3.3010668862746844,11.279341480908702
150,0.0,BAO KT,Min,-157.71591084449673,-1.0888615779061566,-0.3429376410914742,-0.20193604134908258,-3.9612886639620113,-11.659276587077938
150,10.533303099966487,BAO KT,Min,-157.71591084449673,-1.0888615779061566,-0.3429376410914742,-0.20193604134908258,-0.6197910067766423,-0.2629882455737637
150,21.066606199932973,BAO KT,Min,-157.71591084449673,-1.0888615779061566,-0.3429376410914742,-0.20193604134908258,-4.350540709463007,-1.181206109781482
151,0.0,BAO KT,Max,-29.793792328784306,0.12412275525218593,0.19679302823566783,0.6830235068847763,1.7605022369640233,1.1857358972365877
151,10.685442352188282,BAO KT,Max,-29.793792328784306,0.12412275525218593,0.19679302823566783,0.6830235068847763,-0.03165071404094866,-0.04006167211571304
151,21.370884704376564,BAO KT,Max,-29.793792328784306,0.12412275525218593,0.19679302823566783,0.6830235068847763,3.37452382889397,9.51260119238046
151,0.0,BAO KT,Min,-173.77223153470118,-0.9097834002551018,-0.33671975929505965,-0.1916381487146532,-3.821475324686179,-9.930274960426997
151,10.685442352188282,BAO KT,Min,-173.77223153470118,-0.9097834002551018,-0.33671975929505965,-0.1916381487146532,-0.3710342048097819,-0.3197408973168588
151,21.370884704376564,BAO KT,Min,-173.77223153470118,-0.9097834002551018,-0.33671975929505965,-0.1916381487146532,-2.445138880085555,-1.4668771944474281
152,0.0,BAO KT,Max,-36.68195356084899,0.15015264045335036,0.03803685337539009,0.6939276983910716,0.3444997139931423,1.410712512655239
152,10.734089440801373,BAO KT,Max,-36.68195356084899,0.15015264045335036,0.03803685337539009,0.6939276983910716,0.07497458155777134,-0.07004668338334866
152,21.468178881602746,BAO KT,Max,-36.68195356084899,0.15015264045335036,0.03803685337539009,0.6939276983910716,3.5422057934639763,7.9968440175177555
152,0.0,BAO KT,Min,-178.04225049035512,-0.766057973704355,-0.3403735429253517,-0.18172705121223853,-3.764994312622366,-8.449025595645473
152,10.734089440801373,BAO KT,Min,-178.04225049035512,-0.766057973704355,-0.3403735429253517,-0.18172705121223853,-0.23984480706372563,-0.36258254278103813
152,21.468178881602746,BAO KT,Min,-178.04225049035512,-0.766057973704355,-0.3403735429253517,-0.18172705121223853,-0.47208225836302775,-1.8127912321422675
153,0.0,BAO KT,Max,-41.611864306087256,0.1782616698593878,0.02698471491231835,0.6937296345460102,0.09668721502932945,1.6620676487443853
153,10.705570513904787,BAO KT,Max,-41.611864306087256,0.1782616698593878,0.02698471491231835,0.6937296345460102,0.20605574779085814,-0.08579183284113141
153,21.411141027809574,BAO KT,Max,-41.611864306087256,0.1782616698593878,0.02698471491231835,0.6937296345460102,3.4136702596174775,6.6413587563520995
153,0.0,BAO KT,Min,-175.42376127632787,-0.6422788418677368,-0.32883878818761686,-0.17469896965536336,-3.6271434096815884,-7.110564106056216
153,10.705570513904787,BAO KT,Min,-175.42376127632787,-0.6422788418677368,-0.32883878818761686,-0.17469896965536336,-0.323759290627594,-0.3817746062940297
153,21.411141027809574,BAO KT,Min,-175.42376127632787,-0.6422788418677368,-0.32883878818761686,-0.17469896965536336,-0.48108632155355485,-2.154718104467798
154,0.0,BAO KT,Max,-76.64506192391296,0.8529666941794818,0.5610747685054867,0.9701978121237081,4.0247253594747265,6.260272334338226
154,7.762463242852239,BAO KT,Max,-76.64506192391296,0.8529666941794818,0.5610747685054867,0.9701978121237081,-0.06331364299542636,0.5616160882836949
154,15.524926485704478,BAO KT,Max,-76.64506192391296,0.8529666941794818,0.5610747685054867,0.9701978121237081,27.3817776969604,11.600063878469449
154,0.0,BAO KT,Min,-178.51638977511152,-1.4460710202342402,-3.579366756085424,-0.25303571087353194,-28.187628056640325,-10.853894828071914
154,7.762463242852239,BAO KT,Min,-178.51638977511152,-1.4460710202342402,-3.579366756085424,-0.25303571087353194,-0.5513366987246613,-0.36085027660718877
154,15.524926485704478,BAO KT,Min,-178.51638977511152,-1.4460710202342402,-3.579366756085424,-0.25303571087353194,-4.685919174556611,-6.981972887552604
155,0.0,BAO KT,Max,-54.52805834637569,0.8860665093150456,0.41770541653354576,0.638526796527531,4.645528211760553,10.808605738777871
155,11.957334130897584,BAO KT,Max,-54.52805834637569,0.8860665093150456,0.41770541653354576,0.638526796527531,0.16945551166272665,0.3050102348514518
155,23.914668261795168,BAO KT,Max,-54.52805834637569,0.8860665093150456,0.41770541653354576,0.638526796527531,4.00822242289052,2.2084397458115577
155,0.0,BAO KT,Min,-159.05160190573548,-0.16889613302541764,-0.32284704473050196,-0.1569561830052184,-3.740090935534088,-1.830655246191332
155,11.957334130897584,BAO KT,Min,-159.05160190573548,-0.16889613302541764,-0.32284704473050196,-0.1569561830052184,-0.34911502201680533,0.008090324324446396
155,23.914668261795168,BAO KT,Min,-159.05160190573548,-0.16889613302541764,-0.32284704473050196,-0.1569561830052184,-5.343758255794164,-10.381380889378285
156,0.0,BAO KT,Max,-56.46208136973806,0.8421466668099037,0.42169156830474525,0.6480001657481835,4.606117474985402,10.097214986426817
156,11.772587123832244,BAO KT,Max,-56.46208136973806,0.8421466668099037,0.42169156830474525,0.6480001657481835,0.12902682425368542,0.258426613726433
156,23.545174247664487,BAO KT,Max,-56.46208136973806,0.8421466668099037,0.42169156830474525,0.6480001657481835,3.1703248927055876,2.220622109305942
156,0.0,BAO KT,Min,-155.83170670606825,-0.17587281702431334,-0.26339042496120507,-0.16349753181347276,-3.034273187860869,-1.9203340129591286
156,11.772587123832244,BAO KT,Min,-155.83170670606825,-0.17587281702431334,-0.26339042496120507,-0.16349753181347276,-0.35828325226766655,0.007004100827107521
156,23.545174247664487,BAO KT,Min,-155.83170670606825,-0.17587281702431334,-0.26339042496120507,-0.16349753181347276,-5.322683979520736,-9.73127502570221
157,0.0,BAO KT,Max,-60.09328752137035,0.7598168670333275,0.31975123867386923,0.6723761216476833,3.760599499165599,9.069968728339239
157,11.71588380400178,BAO KT,Max,-60.09328752137035,0.7598168670333275,0.31975123867386923,0.6723761216476833,0.4927934382236301,0.22657464119559945
157,23.43176760800356,BAO KT,Max,-60.09328752137035,0.7598168670333275,0.31975123867386923,0.6723761216476833,3.732908464759679,2.0664903956031115
157,0.0,BAO KT,Min,-156.53082673597356,-0.1702143035638693,-0.27749144534784076,-0.15054782634689506,-2.7692065958399454,-1.9219316090636467
157,11.71588380400178,BAO KT,Min,-156.53082673597356,-0.1702143035638693,-0.27749144534784076,-0.15054782634689506,-0.012618042171981508,0.0032253688858230184
157,23.43176760800356,BAO KT,Min,-156.53082673597356,-0.1702143035638693,-0.27749144534784076,-0.15054782634689506,-3.737437686945655,-8.733883524627032
158,0.0,BAO KT,Max,-64.31681662200403,0.6576338888640813,0.31266398006399665,0.6672645788045687,3.6476680738608187,7.883473978587745
158,11.707046973490934,BAO KT,Max,-64.31681662200403,0.6576338888640813,0.31266398006399665,0.6672645788045687,0.3947070154171526,0.27808833927921456
158,23.41409394698187,BAO KT,Max,-64.31681662200403,0.6576338888640813,0.31266398006399665,0.6672645788045687,2.620712208182019,2.440965237428688
158,0.0,BAO KT,Min,-158.75627065319728,-0.19853053302736162,-0.19102945242460373,-0.15134092458194634,-1.8520693375281565,-2.2089884830840467
158,11.707046973490934,BAO KT,Min,-158.75627065319728,-0.19853053302736162,-0.19102945242460373,-0.15134092458194634,-0.02675694632611171,0.029565311578247405
158,23.41409394698187,BAO KT,Min,-158.75627065319728,-0.19853053302736162,-0.19102945242460373,-0.15134092458194634,-3.6730757291948652,-7.514427677994888
159,0.0,BAO KT,Max,-66.86533875467617,0.5608509229860807,0.3432322555835962,0.6525809442306463,3.8064225240150122,6.744016317821933
159,11.66030164842429,BAO KT,Max,-66.86533875467617,0.5608509229860807,0.3432322555835962,0.6525809442306463,0.11089219533341432,0.32593027807524877
159,23.32060329684858,BAO KT,Max,-66.86533875467617,0.5608509229860807,0.3432322555835962,0.6525809442306463,0.7255257942462074,2.965831153216277
159,0.0,BAO KT,Min,-157.6812290027769,-0.2314405683244056,-0.0565190985902783,-0.15744724282869813,-0.5925336826731471,-2.5033103140974724
159,11.66030164842429,BAO KT,Min,-157.6812290027769,-0.2314405683244056,-0.0565190985902783,-0.15744724282869813,-0.1957691115587828,0.05990393433709133
159,23.32060329684858,BAO KT,Min,-157.6812290027769,-0.2314405683244056,-0.0565190985902783,-0.15744724282869813,-4.197960747132578,-6.335365565807833
160,0.0,BAO KT,Max,-67.70732622021866,0.4710310929502124,0.3328190785958327,0.6560766952962122,3.6755931842230143,5.665273788512615
160,11.570126214821132,BAO KT,Max,-67.70732622021866,0.4710310929502124,0.3328190785958327,0.6560766952962122,0.20819761050943844,0.3506573286170604
160,23.140252429642263,BAO KT,Max,-67.70732622021866,0.4710310929502124,0.3328190785958327,0.6560766952962122,0.41372875541073817,3.3149417752855754
160,0.0,BAO KT,Min,-154.1596180021123,-0.2593783346415788,-0.021413732814394404,-0.1624563802205401,-0.08179042737526221,-2.7186157903085215
160,11.570126214821132,BAO KT,Min,-154.1596180021123,-0.2593783346415788,-0.021413732814394404,-0.1624563802205401,-0.1751655618312446,0.0778807141457226
160,23.140252429642263,BAO KT,Min,-154.1596180021123,-0.2593783346415788,-0.021413732814394404,-0.1624563802205401,-4.025924307885504,-5.234504604565588
168,0.0,BAO KT,Max,-21.559580831758513,-0.40903470486256577,4.54884918193689,1.1193390719549465,28.354728392107422,-1.6993730690364668
168,6.339121520406376,BAO KT,Max,-21.559580831758513,-0.40903470486256577,4.54884918193689,1.1193390719549465,0.5343721794684719,2.500560560292444
168,12.678243040812752,BAO KT,Max,-21.559580831758513,-0.40903470486256577,4.54884918193689,1.1193390719549465,4.854981409395922,23.55505550201073
168,0.0,BAO KT,Min,-116.53465036893067,-3.345791032163919,-0.8120505365548446,-0.26705151200633065,-5.440392654468797,-19.213713038053584
168,6.339121520406376,BAO KT,Min,-116.53465036893067,-3.345791032163919,-0.8120505365548446,-0.26705151200633065,-0.9438990509078039,0.7120540631330496
168,12.678243040812752,BAO KT,Min,-116.53465036893067,-3.345791032163919,-0.8120505365548446,-0.26705151200633065,-29.31668709249073,3.486468331338256
169,0.0,BAO KT,Max,-24.381466177036046,-0.5973880283944208,4.369011343510541,1.145944258509846,26.747871006729664,-2.8333708462852476
169,6.178197563255508,BAO KT,Max,-24.381466177036046,-0.5973880283944208,4.369011343510541,1.145944258509846,0.03460543921109285,2.5615370644082938
169,12.356395126511016,BAO KT,Max,-24.381466177036046,-0.5973880283944208,4.369011343510541,1.145944258509846,5.487593530989153,21.25478791855557
169,0.0,BAO KT,Min,-100.95926022194584,-3.0400963899978146,-0.9396697638597928,-0.28298699780832154,-6.1625466308094055,-16.573998327921526
169,6.178197563255508,BAO KT,Min,-100.95926022194584,-3.0400963899978146,-0.9396697638597928,-0.28298699780832154,-0.5739017671837479,0.7129087670922004
169,12.356395126511016,BAO KT,Min,-100.95926022194584,-3.0400963899978146,-0.9396697638597928,-0.28298699780832154,-27.23735946589534,4.548191676403597
170,0.0,BAO KT,Max,-30.045496928328742,-0.7207249015321683,3.757137063333695,1.1419683897289765,23.36303252316628,-3.7904590976038217
170,6.28968011573966,BAO KT,Max,-30.045496928328742,-0.7207249015321683,3.757137063333695,1.1419683897289765,0.10080263442351498,2.3446032397546857
170,12.57936023147932,BAO KT,Max,-30.045496928328742,-0.7207249015321683,3.757137063333695,1.1419683897289765,6.559229076267753,16.81256243619418
170,0.0,BAO KT,Min,-111.92443770244921,-2.354316693199715,-1.0728393453063076,-0.28459376141049786,-6.936403518844723,-12.803235346550206
170,6.28968011573966,BAO KT,Min,-111.92443770244921,-2.354316693199715,-1.0728393453063076,-0.28459376141049786,-0.8050511732207857,0.6325819178390948
170,12.57936023147932,BAO KT,Min,-111.92443770244921,-2.354316693199715,-1.0728393453063076,-0.28459376141049786,-23.899348035550602,5.275799066566785
171,0.0,BAO KT,Max,-36.484629848134816,-0.9227885953537961,3.2635590498097726,1.0875940437094394,20.45978058348948,-5.0628430394802475
171,6.380155663507087,BAO KT,Max,-36.484629848134816,-0.9227885953537961,3.2635590498097726,1.0875940437094394,-0.04723652148544531,2.566504455951935
171,12.760311327014174,BAO KT,Max,-36.484629848134816,-0.9227885953537961,3.2635590498097726,1.0875940437094394,5.858276445960384,18.460280214070497
171,0.0,BAO KT,Min,-127.19378546988249,-2.530510814648964,-0.9732276441669708,-0.2871085371496206,-6.560411285666734,-13.829825597226534
171,6.380155663507087,BAO KT,Min,-127.19378546988249,-2.530510814648964,-0.9732276441669708,-0.2871085371496206,-0.6660650697118763,0.7892176320008372
171,12.760311327014174,BAO KT,Min,-127.19378546988249,-2.530510814648964,-0.9732276441669708,-0.2871085371496206,-21.184248926177773,6.7122267262522985
172,0.0,BAO KT,Max,-44.22752578567783,-0.5716236538882691,2.8388340677033077,1.0874640114299052,17.840895577691132,-2.63697488931044
172,6.413529018831361,BAO KT,Max,-44.22752578567783,-0.5716236538882691,2.8388340677033077,1.0874640114299052,-0.08128225668482852,2.8379120604011208
172,12.827058037662722,BAO KT,Max,-44.22752578567783,-0.5716236538882691,2.8388340677033077,1.0874640114299052,6.180689020211453,20.01523767791809
172,0.0,BAO KT,Min,-131.5319371302659,-2.7165063081834884,-1.0226310209744658,-0.2878878124834756,-6.998928623169396,-14.82954639682841
172,6.413529018831361,BAO KT,Min,-131.5319371302659,-2.7165063081834884,-1.0226310209744658,-0.2878878124834756,-0.6627515468517018,0.9100493015275395
172,12.827058037662722,BAO KT,Min,-131.5319371302659,-2.7165063081834884,-1.0226310209744658,-0.2878878124834756,-18.572993768033342,4.695274894815216
173,0.0,BAO KT,Max,-42.42354326207593,-0.11492049190189746,2.4287326005249397,1.1294701025445386,15.285900982633784,0.379112384747081
173,6.381763374014205,BAO KT,Max,-42.42354326207593,-0.11492049190189746,2.4287326005249397,1.1294701025445386,0.4461194534247271,2.9704629166362455
173,12.76352674802841,BAO KT,Max,-42.42354326207593,-0.11492049190189746,2.4287326005249397,1.1294701025445386,7.955489247379629,20.950713260595087
173,0.0,BAO KT,Min,-122.37274390468887,-2.860378959373655,-1.2752880815716634,-0.2809506256983228,-8.321684293202132,-15.557810096868225
173,6.381763374014205,BAO KT,Min,-122.37274390468887,-2.860378959373655,-1.2752880815716634,-0.2809506256983228,-0.528342110268892,0.9198848636746544
173,12.76352674802841,BAO KT,Min,-122.37274390468887,-2.860378959373655,-1.2752880815716634,-0.2809506256983228,-15.713292527974877,1.8459031570335318
174,0.0,BAO KT,Max,-33.36141043445474,0.3555683143126447,2.0243702677053514,1.1161862339641873,12.75577224020804,3.4603107070728054
174,6.3813917751764615,BAO KT,Max,-33.36141043445474,0.3555683143126447,2.0243702677053514,1.1161862339641873,0.34731161444870334,3.036667831685138
174,12.762783550352923,BAO KT,Max,-33.36141043445474,0.3555683143126447,2.0243702677053514,1.1161862339641873,7.6704026909510405,20.668956734250372
174,0.0,BAO KT,Min,-108.3288488149103,-2.847297782798097,-1.257538062931316,-0.27770566442266215,-8.37928341257144,-15.670488571001531
174,6.3813917751764615,BAO KT,Min,-108.3288488149103,-2.847297782798097,-1.257538062931316,-0.27770566442266215,-0.576877214562802,0.8838005133065382
174,12.762783550352923,BAO KT,Min,-108.3288488149103,-2.847297782798097,-1.257538062931316,-0.27770566442266215,-13.082820722490052,-1.0777307258633346
175,0.0,BAO KT,Max,-46.32095148502023,0.3920476913429517,0.02397492590872692,0.729499184758652,-0.006063988751082605,3.871188279751437
175,10.5457437829796,BAO KT,Max,-46.32095148502023,0.3920476913429517,0.02397492590872692,0.729499184758652,0.3870065239810554,-0.029327117000928184
175,21.0914875659592,BAO KT,Max,-46.32095148502023,0.3920476913429517,0.02397492590872692,0.729499184758652,9.548178261204537,4.883961091526948
175,0.0,BAO KT,Min,-154.28565392523188,-0.4682473695925909,-0.8974296009181056,-0.16353944391464537,-9.646779135133716,-4.9920724820282825
175,10.5457437829796,BAO KT,Min,-154.28565392523188,-0.4682473695925909,-0.8974296009181056,-0.16353944391464537,-0.44314751541961794,-0.3086478749700005
175,21.0914875659592,BAO KT,Min,-154.28565392523188,-0.4682473695925909,-0.8974296009181056,-0.16353944391464537,-0.5779931321425005,-4.408028363287954
176,0.0,BAO KT,Max,-48.06345196731081,0.2780794306858607,-0.00592201129381946,0.7035702338068375,-0.21207617682192528,2.6455742372143805
176,10.361120836791907,BAO KT,Max,-48.06345196731081,0.2780794306858607,-0.00592201129381946,0.7035702338068375,0.20135542218861271,-0.024053520661428796
176,20.722241673583813,BAO KT,Max,-48.06345196731081,0.2780794306858607,-0.00592201129381946,0.7035702338068375,8.40896633994969,4.604417352732942
176,0.0,BAO KT,Min,-150.00122277461406,-0.4502998062553651,-0.8290822228009129,-0.16843653357360344,-8.77147584820289,-4.726804058058702
176,10.361120836791907,BAO KT,Min,-150.00122277461406,-0.4502998062553651,-0.8290822228009129,-0.16843653357360344,-0.3030935832905257,-0.2727801783495738
176,20.722241673583813,BAO KT,Min,-150.00122277461406,-0.4502998062553651,-0.8290822228009129,-0.16843653357360344,-0.08935882759770566,-3.116854929910624
177,0.0,BAO KT,Max,-49.2222885516815,0.20772169214719088,-0.026387811380515845,0.7208266811617319,-0.3329160938907949,2.1161246809851813
177,10.427990595061713,BAO KT,Max,-49.2222885516815,0.20772169214719088,-0.026387811380515845,0.7208266811617319,0.4804866532171342,0.001094331263040163
177,20.855981190123426,BAO KT,Max,-49.2222885516815,0.20772169214719088,-0.026387811380515845,0.7208266811617319,8.02548949616061,4.175567160778281
177,0.0,BAO KT,Min,-160.93460373280502,-0.4048606524557445,-0.7265748872581985,-0.1552786362926571,-7.651019801920281,-4.268198991459823
177,10.427990595061713,BAO KT,Min,-160.93460373280502,-0.4048606524557445,-0.7265748872581985,-0.1552786362926571,-0.19363962276331254,-0.24756640522266465
177,20.855981190123426,BAO KT,Min,-160.93460373280502,-0.4048606524557445,-0.7265748872581985,-0.1552786362926571,0.2174276039097684,-2.216115023217241
178,0.0,BAO KT,Max,-53.96635577915692,0.19592061372774353,-0.08562146060059063,0.7294975522699203,-0.7413965502461651,1.9648173832034228
178,10.594923688166208,BAO KT,Max,-53.96635577915692,0.19592061372774353,-0.08562146060059063,0.7294975522699203,0.3903810573807953,-0.0004050078028263876
178,21.189847376332416,BAO KT,Max,-53.96635577915692,0.19592061372774353,-0.08562146060059063,0.7294975522699203,6.7105440966865375,3.7322055086416315
178,0.0,BAO KT,Min,-172.54360610855645,-0.3549868738663193,-0.599418585087664,-0.14553074982076647,-6.361046758196617,-3.7899121691870397
178,10.594923688166208,BAO KT,Min,-172.54360610855645,-0.3549868738663193,-0.599418585087664,-0.14553074982076647,-0.01025259192425336,-0.24038547616716477
178,21.189847376332416,BAO KT,Min,-172.54360610855645,-0.3549868738663193,-0.599418585087664,-0.14553074982076647,1.0729091320190096,-2.18671051956484
179,0.0,BAO KT,Max,-52.73882660337949,0.2000399737739412,-0.05527070719705973,0.7087264507571044,-0.5183060514517055,1.9423953279655406
179,10.643478346637806,BAO KT,Max,-52.73882660337949,0.2000399737739412,-0.05527070719705973,0.7087264507571044,0.1800468492758533,-0.03755205690527688
179,21.286956693275613,BAO KT,Max,-52.73882660337949,0.2000399737739412,-0.05527070719705973,0.7087264507571044,5.02171673663688,3.749447494446585
179,0.0,BAO KT,Min,-177.55244707056966,-0.36938554437115745,-0.4646081222068124,-0.15377931105221002,-5.018182519833804,-4.11364659170428
179,10.643478346637806,BAO KT,Min,-177.55244707056966,-0.36938554437115745,-0.4646081222068124,-0.15377931105221002,-0.07313603145354405,-0.3008451162559991
179,21.286956693275613,BAO KT,Min,-177.55244707056966,-0.36938554437115745,-0.4646081222068124,-0.15377931105221002,0.6582390990588216,-2.315846930684335
180,0.0,BAO KT,Max,-48.057627165207535,0.21349601079350183,0.024995912389923523,0.6940037681115522,-0.07491439328718283,2.0088220542467066
180,10.624180511458304,BAO KT,Max,-48.057627165207535,0.21349601079350183,0.024995912389923523,0.6940037681115522,0.10042536977364536,-0.07166366543002965
180,21.248361022916608,BAO KT,Max,-48.057627165207535,0.21349601079350183,0.024995912389923523,0.6940037681115522,3.733172497857889,4.664118303916976
180,0.0,BAO KT,Min,-169.76291998085452,-0.45934537109820106,-0.34193198469908176,-0.1654581824725102,-3.7276503506436063,-5.096217975383205
180,10.624180511458304,BAO KT,Min,-169.76291998085452,-0.45934537109820106,-0.34193198469908176,-0.1654581824725102,-0.3404754785663274,-0.36793984024595483
180,21.248361022916608,BAO KT,Min,-169.76291998085452,-0.45934537109820106,-0.34193198469908176,-0.1654581824725102,-0.6060365638454721,-2.527618260046122
181,0.0,BAO KT,Max,-77.79107360090711,7.508180005404935,10.96236517073545,1.9652721630585859,37.56328166247474,28.59375133863057
181,3.794242744160046,BAO KT,Max,-77.79107360090711,7.508180005404935,10.96236517073545,1.9652721630585859,-1.422285887299821,0.21996566200975504
181,7.588485488320092,BAO KT,Max,-77.79107360090711,7.508180005404935,10.96236517073545,1.9652721630585859,14.064552631302035,21.306656403008006
181,0.0,BAO KT,Min,-175.46167750297582,-5.597379676671498,-4.25042964472416,-0.47495834401351633,-18.18977104681278,-21.18181756719699
181,3.794242744160046,BAO KT,Min,-175.46167750297582,-5.597379676671498,-4.25042964472416,-0.47495834401351633,-5.183152383164446,-0.41525181454089827
181,7.588485488320092,BAO KT,Min,-175.46167750297582,-5.597379676671498,-4.25042964472416,-0.47495834401351633,-45.62446735331684,-28.453802550228737
182,0.0,BAO KT,Max,-47.05863802996808,0.31020523208540596,0.8625028818622594,0.6955624884904047,9.487469564884346,3.6086901285677535
182,11.109558372335348,BAO KT,Max,-47.05863802996808,0.31020523208540596,0.8625028818622594,0.6955624884904047,0.3928615087323424,0.3049073975904539
182,22.219116744670696,BAO KT,Max,-47.05863802996808,0.31020523208540596,0.8625028818622594,0.6955624884904047,0.7660675098167748,5.70846751954803
182,0.0,BAO KT,Min,-144.88224586594924,-0.4914557089198312,-0.0335932346342207,-0.17221049671750158,0.019655507647910075,-5.2112442517765984
182,11.109558372335348,BAO KT,Min,-144.88224586594924,-0.4914557089198312,-0.0335932346342207,-0.17221049671750158,-0.4471972153700048,0.030773962535198422
182,22.219116744670696,BAO KT,Min,-144.88224586594924,-0.4914557089198312,-0.0335932346342207,-0.17221049671750158,-9.676582659828112,-3.2848548621419504
183,0.0,BAO KT,Max,-50.022455389497914,0.27755674916171363,0.7778448186869895,0.6764511161037282,8.501014840862165,3.2279375742485614
183,11.048568245556583,BAO KT,Max,-50.022455389497914,0.27755674916171363,0.7778448186869895,0.6764511161037282,0.18336348641107839,0.25954635986371255
183,22.097136491113165,BAO KT,Max,-50.022455389497914,0.27755674916171363,0.7778448186869895,0.6764511161037282,0.12504661192360433,4.507759837511147
183,0.0,BAO KT,Min,-137.59659245512867,-0.3873908934084107,0.0018510969119361273,-0.15633624821662565,0.16595055304493506,-4.052469609548775
183,11.048568245556583,BAO KT,Min,-137.59659245512867,-0.3873908934084107,0.0018510969119361273,-0.15633624821662565,-0.13637989289339236,0.024660992451646983
183,22.097136491113165,BAO KT,Min,-137.59659245512867,-0.3873908934084107,0.0018510969119361273,-0.15633624821662565,-8.687128286569413,-2.9139573976925766
184,0.0,BAO KT,Max,-53.45208097509247,0.2429809953968543,0.7024362840278922,0.6749516011199603,7.5827710734990665,2.8333991499563274
184,11.027463572345113,BAO KT,Max,-53.45208097509247,0.2429809953968543,0.7024362840278922,0.6749516011199603,0.1710877487743509,0.24748944982673754
184,22.054927144690225,BAO KT,Max,-53.45208097509247,0.2429809953968543,0.7024362840278922,0.6749516011199603,0.11148150833885945,3.3746779737258805
184,0.0,BAO KT,Min,-142.40245322720517,-0.29646084868605016,0.0017189774105224112,-0.1614765496256743,0.14939342989129953,-3.1737971890632672
184,11.027463572345113,BAO KT,Min,-142.40245322720517,-0.29646084868605016,0.0017189774105224112,-0.1614765496256743,-0.39481565922177486,0.008167154155907783
184,22.054927144690225,BAO KT,Min,-142.40245322720517,-0.29646084868605016,0.0017189774105224112,-0.1614765496256743,-7.909409994523027,-2.562171412845786
185,0.0,BAO KT,Max,-60.13267037175875,0.19886635511186287,0.6056131632292565,0.6241335648189367,6.5143499706506685,2.3505653892576337
185,11.176992119714004,BAO KT,Max,-60.13267037175875,0.19886635511186287,0.6056131632292565,0.6241335648189367,-0.08547452819061563,0.22062970727346534
185,22.35398423942801,BAO KT,Max,-60.13267037175875,0.19886635511186287,0.6056131632292565,0.6241335648189367,-1.0631813881839915,3.3689269658929475
185,0.0,BAO KT,Min,-153.57389020951504,-0.28880712262413544,0.07970231605986676,-0.17039419204300893,0.7184829288641797,-3.1256993998772025
185,11.176992119714004,BAO KT,Min,-153.57389020951504,-0.28880712262413544,0.07970231605986676,-0.17039419204300893,-0.42721024425069465,-0.0026137061140083517
185,22.35398423942801,BAO KT,Min,-153.57389020951504,-0.28880712262413544,0.07970231605986676,-0.17039419204300893,-7.023517135366273,-2.1949963206105294
186,0.0,BAO KT,Max,-67.77746425858857,0.2268511881591686,0.4895987696174573,0.6278189670305249,5.30232386759422,2.719243802249092
186,11.27052814042898,BAO KT,Max,-67.77746425858857,0.2268511881591686,0.4895987696174573,0.6278189670305249,-0.05083644584569464,0.2692248538697509
186,22.54105628085796,BAO KT,Max,-67.77746425858857,0.2268511881591686,0.4895987696174573,0.6278189670305249,-0.8048892731490246,3.567458353171875
186,0.0,BAO KT,Min,-159.3480402578441,-0.29631481209670474,0.06134537665755588,-0.16553155329045766,0.5779003146593725,-3.1257646329516398
186,11.27052814042898,BAO KT,Min,-159.3480402578441,-0.29631481209670474,0.06134537665755588,-0.16553155329045766,-0.31369051052531977,0.026844962314647433
186,22.54105628085796,BAO KT,Min,-159.3480402578441,-0.29631481209670474,0.06134537665755588,-0.16553155329045766,-5.733749553391695,-2.394221597426226
187,0.0,BAO KT,Max,-73.43060466167478,0.3028942102291565,0.3811238370102844,0.662581020338536,4.141490069909851,3.599014463347358
187,11.232311467506008,BAO KT,Max,-73.43060466167478,0.3028942102291565,0.3811238370102844,0.662581020338536,0.27332422143443885,0.3357285437024406
187,22.464622935012017,BAO KT,Max,-73.43060466167478,0.3028942102291565,0.3811238370102844,0.662581020338536,0.4153822860713346,3.78810712792776
187,0.0,BAO KT,Min,-155.12109126255967,-0.30869638574548447,-0.01264726900138552,-0.15857642609252734,0.12918619324360012,-3.1466407792455664
187,11.232311467506008,BAO KT,Min,-155.12109126255967,-0.30869638574548447,-0.01264726900138552,-0.15857642609252734,-0.2177357335829451,0.06245220661354532
187,22.464622935012017,BAO KT,Min,-155.12109126255967,-0.30869638574548447,-0.01264726900138552,-0.15857642609252734,-4.420313220071167,-3.205389758648903
188,0.0,BAO KT,Max,-70.9662596826881,0.3697709107426563,0.28233092854798203,0.6459893961780045,3.056714601853565,4.40877585976625
188,11.353128669453284,BAO KT,Max,-70.9662596826881,0.3697709107426563,0.28233092854798203,0.6459893961780045,0.21010066919548318,0.34190445577029444
188,22.706257338906568,BAO KT,Max,-70.9662596826881,0.3697709107426563,0.28233092854798203,0.6459893961780045,0.16909168382501902,3.541410365776996
188,0.0,BAO KT,Min,-142.29775535695495,-0.2833100712336959,0.002918106860766703,-0.15888327373686595,0.23535096914801662,-2.8925613611986662
188,11.353128669453284,BAO KT,Min,-142.29775535695495,-0.2833100712336959,0.002918106860766703,-0.15888327373686595,-0.267320167776615,0.07332685588807225
188,22.706257338906568,BAO KT,Min,-142.29775535695495,-0.2833100712336959,0.002918106860766703,-0.15888327373686595,-3.3539641164893568,-3.987337595998355
195,0.0,BAO KT,Max,-87.3648334728822,0.9135906083655931,0.6209159779922386,0.9648142755355463,4.566768111165076,7.10043587554787
195,7.806004536203704,BAO KT,Max,-87.3648334728822,0.9135906083655931,0.6209159779922386,0.9648142755355463,-0.10063622271085251,0.10343639560144696
195,15.612009072407409,BAO KT,Max,-87.3648334728822,0.9135906083655931,0.6209159779922386,0.9648142755355463,9.068275636060346,-0.16454667666707123
195,0.0,BAO KT,Min,-190.3283476702434,0.03433037618997419,-1.2024225768106485,-0.23066388775460694,-9.70395654197499,0.3714194678699651
195,7.806004536203704,BAO KT,Min,-190.3283476702434,0.03433037618997419,-1.2024225768106485,-0.23066388775460694,-0.5038554249633305,-0.2455842226178504
195,15.612009072407409,BAO KT,Min,-190.3283476702434,0.03433037618997419,-1.2024225768106485,-0.23066388775460694,-5.1269777704524735,-7.162548990721973
196,0.0,BAO KT,Max,-24.364758809510725,1.0963782937208926,0.9099396715059045,1.1217434440123129,6.181150086300128,8.565130552997715
196,6.739333640642748,BAO KT,Max,-24.364758809510725,1.0963782937208926,0.9099396715059045,1.1217434440123129,0.2524960580317115,2.9540331926761665
196,13.478667281285496,BAO KT,Max,-24.364758809510725,1.0963782937208926,0.9099396715059045,1.1217434440123129,5.729218334836358,22.8051010770802
196,0.0,BAO KT,Min,-127.85533073659674,-3.0041297047485047,-0.8503622210523221,-0.27573391404745473,-5.910979721390803,-17.686563683051332
196,6.739333640642748,BAO KT,Min,-127.85533073659674,-3.0041297047485047,-0.8503622210523221,-0.27573391404745473,-0.6206262917517597,0.8991217937176251
196,13.478667281285496,BAO KT,Min,-127.85533073659674,-3.0041297047485047,-0.8503622210523221,-0.27573391404745473,-6.08362399197018,-6.2125876824896995
197,0.0,BAO KT,Max,-45.22417049880259,0.20923250516152442,-0.014644505118632278,0.6979395730415164,-0.19096420485142487,1.9510310804794497
197,10.625846230768593,BAO KT,Max,-45.22417049880259,0.20923250516152442,-0.014644505118632278,0.6979395730415164,0.3474094713594878,-0.0889921462481395
197,21.251692461537186,BAO KT,Max,-45.22417049880259,0.20923250516152442,-0.014644505118632278,0.6979395730415164,3.7377797926120238,5.347080234226395
197,0.0,BAO KT,Min,-163.14828822043634,-0.5256862532024409,-0.3627090870293199,-0.17151200087884783,-3.970402177940009,-5.824642350089647
197,10.625846230768593,BAO KT,Min,-163.14828822043634,-0.5256862532024409,-0.3627090870293199,-0.17151200087884783,-0.15816195958409063,-0.38669138953477655
197,21.251692461537186,BAO KT,Min,-163.14828822043634,-0.5256862532024409,-0.3627090870293199,-0.17151200087884783,0.12025631418115547,-2.495513772170259
198,0.0,BAO KT,Max,-67.39139870931328,0.3821462556387195,0.3429019760708224,0.6385097478991448,3.7657290696797956,4.598907871356624
198,11.456675071500502,BAO KT,Max,-67.39139870931328,0.3821462556387195,0.3429019760708224,0.6385097478991448,0.04621946245176564,0.3636801636056768
198,22.913350143001004,BAO KT,Max,-67.39139870931328,0.3821462556387195,0.3429019760708224,0.6385097478991448,-0.20079931530421388,3.5976389844609296
198,0.0,BAO KT,Min,-146.37329667834476,-0.2831771070052842,0.018141545608395482,-0.1643728776284429,0.214884271356174,-2.897560844542748
198,11.456675071500502,BAO KT,Min,-146.37329667834476,-0.2831771070052842,0.018141545608395482,-0.1643728776284429,-0.3816511041017031,0.08435568712729143
198,22.913350143001004,BAO KT,Min,-146.37329667834476,-0.2831771070052842,0.018141545608395482,-0.1643728776284429,-4.09130397275791,-4.157343089930128
