frame,station,load_case,step_type,P,V2,V3,T,M2,M3
1,0.0,BAO KT,Max,-95.76940099694986,0.25274146795751046,1.0716751217967964,0.5236770892178498,6.63951427718707,1.0566617667205416
1,6.43016282998646,BAO KT,Max,-95.76940099694986,0.25274146795751046,1.0716751217967964,0.5236770892178498,0.1074047968556106,-0.0681537307680341
1,12.86032565997292,BAO KT,Max,-95.76940099694986,0.25274146795751046,1.0716751217967964,0.5236770892178498,15.825604545690872,7.973747709484025
1,0.0,BAO KT,Min,-209.8388158977931,-1.2647372933317418,-2.4444481678651924,-0.14822159203170543,-15.610794951979651,-8.291185757074873
1,6.43016282998646,BAO KT,Min,-209.8388158977931,-1.2647372933317418,-2.4444481678651924,-0.14822159203170543,-0.27917933918322835,-0.6070112004024151
1,12.86032565997292,BAO KT,Min,-209.8388158977931,-1.2647372933317418,-2.4444481678651924,-0.14822159203170543,-7.142576790810875,-2.222965450295562
2,0.0,BAO KT,Max,-85.71370506613306,0.27178349120187756,1.0143516611982872,0.5282337454899846,6.29218216942674,1.1156400697821787
2,6.43016282998646,BAO KT,Max,-85.71370506613306,0.27178349120187756,1.0143516611982872,0.5282337454899846,0.12345947793624189,-0.2082887316526483
2,12.86032565997292,BAO KT,Max,-85.71370506613306,0.27178349120187756,1.0143516611982872,0.5282337454899846,14.207577157402197,6.446264800473445
2,0.0,BAO KT,Min,-188.51201336950217,-1.039486655278476,-2.193046630082492,-0.1485377985459725,-13.995716692964816,-6.921872105603765
2,6.43016282998646,BAO KT,Min,-188.51201336950217,-1.039486655278476,-2.193046630082492,-0.1485377985459725,-0.2698992843866847,-0.6511542061766196
2,12.86032565997292,BAO KT,Min,-188.51201336950217,-1.039486655278476,-2.193046630082492,-0.1485377985459725,-6.752710527317749,-2.3795841360783516
3,0.0,BAO KT,Max,-88.13966098564816,-0.13616254040757153,0.9266040495899255,0.524237789411238,5.727609905487968,-0.6075483094045983
3,6.43016282998646,BAO KT,Max,-88.13966098564816,-0.13616254040757153,0.9266040495899255,0.524237789411238,0.130031356001097,0.6957822379058795
3,12.86032565997292,BAO KT,Max,-88.13966098564816,-0.13616254040757153,0.9266040495899255,0.524237789411238,11.015649362883059,5.926288142330878
3,0.0,BAO KT,Min,-194.8625587021259,-0.8836333492678081,-1.6972616238743385,-0.1418544399237296,-10.811687850315405,-5.437524493265728
3,6.43016282998646,BAO KT,Min,-194.8625587021259,-0.8836333492678081,-1.6972616238743385,-0.1418544399237296,-0.28512385206190777,0.2443818245325754
3,12.86032565997292,BAO KT,Min,-194.8625587021259,-0.8836333492678081,-1.6972616238743385,-0.1418544399237296,-6.1888199300881706,1.1237453951453669
4,0.0,BAO KT,Max,-101.65617178565292,-0.04808466123880875,0.8910613646808634,0.5241718362668084,5.486447633478529,-0.21931143086770616
4,6.43016282998646,BAO KT,Max,-101.65617178565292,-0.04808466123880875,0.8910613646808634,0.5241718362668084,0.13399401602135405,0.23639658317793924
4,12.86032565997292,BAO KT,Max,-101.65617178565292,-0.04808466123880875,0.8910613646808634,0.5241718362668084,9.453565025347947,4.155600766157283
4,0.0,BAO KT,Min,-223.28833415150842,-0.63050867378579,-1.4531123748274037,-0.13962063106095435,-9.233933335469102,-3.9529461101656076
4,6.43016282998646,BAO KT,Min,-223.28833415150842,-0.63050867378579,-1.4531123748274037,-0.13962063106095435,-0.2933238267986583,0.08955871066323125
4,12.86032565997292,BAO KT,Min,-223.28833415150842,-0.63050867378579,-1.4531123748274037,-0.13962063106095435,-5.972891699337266,0.39907297191285124
5,0.0,BAO KT,Max,-105.25038867379841,0.18935055791693642,0.8529976700797166,0.5205328881414517,5.235035638079127,0.9814092888452287
5,6.43016282998646,BAO KT,Max,-105.25038867379841,0.18935055791693642,0.8529976700797166,0.5205328881414517,0.13208096000971675,0.028073432539654636
5,12.86032565997292,BAO KT,Max,-105.25038867379841,0.18935055791693642,0.8529976700797166,0.5205328881414517,7.878214847065108,2.587163130470639
5,0.0,BAO KT,Min,-230.59358281047747,-0.40092609798018564,-1.207870119664399,-0.1387903686400744,-7.655388246769525,-2.5688770551367597
5,6.43016282998646,BAO KT,Min,-230.59358281047747,-0.40092609798018564,-1.207870119664399,-0.1387903686400744,-0.29567011196577514,-0.23815266160934154
5,12.86032565997292,BAO KT,Min,-230.59358281047747,-0.40092609798018564,-1.207870119664399,-0.1387903686400744,-5.734792186344168,-1.4537005498641373
6,0.0,BAO KT,Max,-104.94875011484791,0.2857684637101664,0.8120641058186305,0.5163564238529994,4.970106746399818,1.8238560025117703
6,6.43016282998646,BAO KT,Max,-104.94875011484791,0.2857684637101664,0.8120641058186305,0.5163564238529994,0.12770619080149978,0.2538938534910416
6,12.86032565997292,BAO KT,Max,-104.94875011484791,0.2857684637101664,0.8120641058186305,0.5163564238529994,6.324863204225517,1.3026384538168096
6,0.0,BAO KT,Min,-230.03847303401855,-0.20429822940156317,-0.9660418831098987,-0.13738116225553865,-6.098750013741274,-1.3247033080431472
6,6.43016282998646,BAO KT,Min,-230.03847303401855,-0.20429822940156317,-0.9660418831098987,-0.13738116225553865,-0.2952226435631155,-0.037182424400032804
6,12.86032565997292,BAO KT,Min,-230.03847303401855,-0.20429822940156317,-0.9660418831098987,-0.13738116225553865,-5.4733021112024804,-1.8529350507640785
7,0.0,BAO KT,Max,-104.37813136843158,0.4839285330270844,0.7794600182111617,0.5127815077368316,4.7433542301749,3.0692150848674475
7,6.43016282998646,BAO KT,Max,-104.37813136843158,0.4839285330270844,0.7794600182111617,0.5127815077368316,0.1163451457461239,-0.0006271411991966543
7,12.86032565997292,BAO KT,Max,-104.37813136843158,0.4839285330270844,0.7794600182111617,0.5127815077368316,4.769697983296594,0.21121465988112845
7,0.0,BAO KT,Min,-229.0490343595092,-0.033585007334028374,-0.7247335881432504,-0.1346600967041983,-4.550611976946295,-0.2206994717270554
7,6.43016282998646,BAO KT,Min,-229.0490343595092,-0.033585007334028374,-0.7247335881432504,-0.1346600967041983,-0.29922405613706454,-0.04520559434556738
7,12.86032565997292,BAO KT,Min,-229.0490343595092,-0.033585007334028374,-0.7247335881432504,-0.1346600967041983,-5.280755442949063,-3.154263446013819
8,0.0,BAO KT,Max,-104.5646865096859,0.7543637072581248,0.7455601898075707,0.5095767713453261,4.513768080407098,4.602755435757031
8,6.43016282998646,BAO KT,Max,-104.5646865096859,0.7543637072581248,0.7455601898075707,0.5095767713453261,0.10827545186433707,0.12628967366827393
8,12.86032565997292,BAO KT,Max,-104.5646865096859,0.7543637072581248,0.7455601898075707,0.5095767713453261,3.235854812260508,0.6370908806673217
8,0.0,BAO KT,Min,-229.48726232209987,-0.08038944508715665,-0.48647799910186756,-0.13223668918185835,-3.020410682601523,-0.39674356277802275
8,6.43016282998646,BAO KT,Min,-229.48726232209987,-0.08038944508715665,-0.48647799910186756,-0.13223668918185835,-0.30372952118770735,-0.25404204966857474
8,12.86032565997292,BAO KT,Min,-229.48726232209987,-0.08038944508715665,-0.48647799910186756,-0.13223668918185835,-5.074378759629484,-5.098607505646932
9,0.0,BAO KT,Max,-104.7576460427676,0.8959515745221804,0.7016291267359038,0.5069716136964533,4.242021869639151,5.633337077721165
9,6.43016282998646,BAO KT,Max,-104.7576460427676,0.8959515745221804,0.7016291267359038,0.5069716136964533,0.11482195940348384,0.24751073379064148
9,12.86032565997292,BAO KT,Max,-104.7576460427676,0.8959515745221804,0.7016291267359038,0.5069716136964533,1.7507364279647382,1.1694752007386442
9,0.0,BAO KT,Min,-229.75469014669662,-0.14457074567400627,-0.2544126038196608,-0.1303389409772193,-1.52109250915777,-0.6897516695341976
9,6.43016282998646,BAO KT,Min,-229.75469014669662,-0.14457074567400627,-0.2544126038196608,-0.1303389409772193,-0.29702844371593573,-0.13542640242762227
9,12.86032565997292,BAO KT,Min,-229.75469014669662,-0.14457074567400627,-0.2544126038196608,-0.1303389409772193,-4.781157192706985,-5.888891946199573
10,0.0,BAO KT,Max,-101.34476231115966,1.1205221510268824,0.6958566126593302,0.5052963912692492,4.292927573471185,6.991694405742578
10,6.43016282998646,BAO KT,Max,-101.34476231115966,1.1205221510268824,0.6958566126593302,0.5052963912692492,0.12427861680735988,-0.08749359387554717
10,12.86032565997292,BAO KT,Max,-101.34476231115966,1.1205221510268824,0.6958566126593302,0.5052963912692492,0.2829341131886056,-0.21420310918887558
10,0.0,BAO KT,Min,-222.42536046664824,0.018597415399705074,-0.024673635890116286,-0.12875894895837725,-0.03437687957388591,0.024965709285127174
10,6.43016282998646,BAO KT,Min,-222.42536046664824,0.018597415399705074,-0.024673635890116286,-0.12875894895837725,-0.28105594375276766,-0.22057058604328333
10,12.86032565997292,BAO KT,Min,-222.42536046664824,0.018597415399705074,-0.024673635890116286,-0.12875894895837725,-4.656015077973436,-7.418585365676491
11,0.0,BAO KT,Max,-87.88312059512496,1.5093568579767258,0.7126419782325016,0.5043468291331678,4.4122819801517705,9.03009171303296
11,6.43016282998646,BAO KT,Max,-87.88312059512496,1.5093568579767258,0.7126419782325016,0.5043468291331678,0.12280292911845356,-0.2427019361632132
11,12.86032565997292,BAO KT,Max,-87.88312059512496,1.5093568579767258,0.7126419782325016,0.5043468291331678,-0.35343161025068515,-0.860906418366585
11,0.0,BAO KT,Min,-193.8856986955604,0.09454639654904265,0.07405421432404331,-0.1275001743121153,0.5989297024499433,0.35499103123104336
11,6.43016282998646,BAO KT,Min,-193.8856986955604,0.09454639654904265,0.07405421432404331,-0.1275001743121153,-0.26537482873205,-0.6855744097186923
11,12.86032565997292,BAO KT,Min,-193.8856986955604,0.09454639654904265,0.07405421432404331,-0.1275001743121153,-4.752525938885535,-10.38072901766123
12,0.0,BAO KT,Max,-85.6492204520177,1.4870760988310316,0.9277044377302883,0.5050313641637181,5.712466742466384,9.786400145028221
12,6.43016282998646,BAO KT,Max,-85.6492204520177,1.4870760988310316,0.9277044377302883,0.5050313641637181,0.12341130881067695,0.4210795816870083
12,12.86032565997292,BAO KT,Max,-85.6492204520177,1.4870760988310316,0.9277044377302883,0.5050313641637181,0.30047957669308467,1.7282688002177269
12,0.0,BAO KT,Min,-186.5437927612657,-0.20677376365152983,-0.02754206729342519,-0.1271344780084393,-0.05372037804925203,-0.9319869227542686
12,6.43016282998646,BAO KT,Min,-186.5437927612657,-0.20677376365152983,-0.02754206729342519,-0.1271344780084393,-0.2558264325770765,0.2018589382458967
12,12.86032565997292,BAO KT,Min,-186.5437927612657,-0.20677376365152983,-0.02754206729342519,-0.1271344780084393,-6.218114442947193,-9.33788276710092
13,0.0,BAO KT,Max,-95.51466988447352,1.9095459132935062,1.1694373143675663,0.5057017622405459,7.258293391631545,11.962751206009363
13,6.43016282998646,BAO KT,Max,-95.51466988447352,1.9095459132935062,1.1694373143675663,0.5057017622405459,0.10585680601638402,0.4675234518983389
13,12.86032565997292,BAO KT,Max,-95.51466988447352,1.9095459132935062,1.1694373143675663,0.5057017622405459,0.5578757396037695,1.7580131347322432
13,0.0,BAO KT,Min,-204.77224442524727,-0.2098956715060701,-0.07031175824238801,-0.12761725895381476,-0.36917197108856237,-0.9413135554545172
13,6.43016282998646,BAO KT,Min,-204.77224442524727,-0.2098956715060701,-0.07031175824238801,-0.12761725895381476,-0.26305427976093704,-0.37970888987929086
13,12.86032565997292,BAO KT,Min,-204.77224442524727,-0.2098956715060701,-0.07031175824238801,-0.12761725895381476,-7.781051310059487,-12.594631101615542
14,0.0,BAO KT,Max,-69.9194546878876,1.1101050142536573,1.8281306989319825,0.5459719325471643,11.838036366650654,7.31462724323954
14,6.55203172677982,BAO KT,Max,-69.9194546878876,1.1101050142536573,1.8281306989319825,0.5459719325471643,0.2851693293497678,0.368519742483004
14,13.10406345355964,BAO KT,Max,-69.9194546878876,1.1101050142536573,1.8281306989319825,0.5459719325471643,6.706837249531416,1.8842629102178048
14,0.0,BAO KT,Min,-171.52189071972793,-0.23380512678811818,-0.982451170652123,-0.12460216478322261,-6.167265230717953,-1.1795343069812523
14,6.55203172677982,BAO KT,Min,-171.52189071972793,-0.23380512678811818,-0.982451170652123,-0.12460216478322261,-0.13993397345186248,-0.041896409603593615
14,13.10406345355964,BAO KT,Min,-171.52189071972793,-0.23380512678811818,-0.982451170652123,-0.12460216478322261,-12.11790431355438,-7.232259303655113
15,0.0,BAO KT,Max,-28.14250643129118,0.06506864380729277,1.0734794759270632,0.537972748896977,6.600294346125905,0.1404231563179611
15,6.310640964744813,BAO KT,Max,-28.14250643129118,0.06506864380729277,1.0734794759270632,0.537972748896977,0.15561468676465512,0.05259149594264044
15,12.621281929489626,BAO KT,Max,-28.14250643129118,0.06506864380729277,1.0734794759270632,0.537972748896977,12.30905885495252,8.685531459951017
15,0.0,BAO KT,Min,-156.91907043481567,-1.3832771135029838,-1.954155879680903,-0.1577515660799117,-12.354893436669967,-8.773198976180764
15,6.310640964744813,BAO KT,Min,-156.91907043481567,-1.3832771135029838,-1.954155879680903,-0.1577515660799117,-0.38138136288504865,-0.3769278153399479
15,12.621281929489626,BAO KT,Min,-156.91907043481567,-1.3832771135029838,-1.954155879680903,-0.1577515660799117,-6.948392765070331,-0.7710693082077298
16,0.0,BAO KT,Max,-24.21616086539135,0.21071239297207217,-0.19308510744790697,0.5329282638283099,-1.3404214492360853,1.0099035904499458
16,6.310640964744813,BAO KT,Max,-24.21616086539135,0.21071239297207217,-0.19308510744790697,0.5329282638283099,0.2359774455903943,0.05659114034378575
16,12.621281929489626,BAO KT,Max,-24.21616086539135,0.21071239297207217,-0.19308510744790697,0.5329282638283099,5.493010704391799,9.639240360071991
16,0.0,BAO KT,Min,-161.34022537690203,-1.5327794322400077,-0.8397610875612709,-0.13348066758606217,-5.105850735133824,-9.713761166256011
16,6.310640964744813,BAO KT,Min,-161.34022537690203,-1.5327794322400077,-0.8397610875612709,-0.13348066758606217,-0.2228115013356688,-0.36495718181531345
16,12.621281929489626,BAO KT,Min,-161.34022537690203,-1.5327794322400077,-0.8397610875612709,-0.13348066758606217,1.096560128249746,-1.6495569272879855
17,0.0,BAO KT,Max,-68.18118223936918,1.2189600874394602,0.7501875550801058,0.4833756440308727,4.6745720948097595,8.031158605453975
17,6.552031726779821,BAO KT,Max,-68.18118223936918,1.2189600874394602,0.7501875550801058,0.4833756440308727,0.10218192529602663,0.352953694563551
17,13.104063453559641,BAO KT,Max,-68.18118223936918,1.2189600874394602,0.7501875550801058,0.4833756440308727,-1.3180569123844605,2.4275760171821665
17,0.0,BAO KT,Min,-199.34274391949953,-0.3226459959873964,0.20695124876898988,-0.13912593761016406,1.3938453832777895,-1.8003975872736246
17,6.552031726779821,BAO KT,Min,-199.34274391949953,-0.3226459959873964,0.20695124876898988,-0.13912593761016406,-0.3791109579638313,-0.04417391308869604
17,13.104063453559641,BAO KT,Min,-199.34274391949953,-0.3226459959873964,0.20695124876898988,-0.13912593761016406,-5.155933229030718,-7.9421717277093205
18,0.0,BAO KT,Max,-82.47435251526356,0.3549501932713073,0.5005475499632002,0.4481134047000039,3.6937319372764774,2.1666817323640526
18,7.43516282998646,BAO KT,Max,-82.47435251526356,0.3549501932713073,0.5005475499632002,0.4481134047000039,0.4274841563453342,-0.006684141624272066
18,14.87032565997292,BAO KT,Max,-82.47435251526356,0.3549501932713073,0.5005475499632002,0.4481134047000039,13.087501418186264,4.744601988988385
18,0.0,BAO KT,Min,-177.97743360482886,-0.643888410145678,-1.713515226401022,-0.12299789577548843,-12.40129959993143,-4.900435970345891
18,7.43516282998646,BAO KT,Min,-177.97743360482886,-0.643888410145678,-1.713515226401022,-0.12299789577548843,-0.39434390216052584,-0.47243075114328154
18,14.87032565997292,BAO KT,Min,-177.97743360482886,-0.643888410145678,-1.713515226401022,-0.12299789577548843,-3.749573138977876,-3.1115432346506156
19,0.0,BAO KT,Max,-76.53766098995169,0.35541259211350984,0.5101612453641703,0.4519798109053765,3.667935824214033,2.1534954689472166
19,7.43516282998646,BAO KT,Max,-76.53766098995169,0.35541259211350984,0.5101612453641703,0.4519798109053765,0.33182415926886355,-0.13643293635059645
19,14.87032565997292,BAO KT,Max,-76.53766098995169,0.35541259211350984,0.5101612453641703,0.4519798109053765,11.699666635957316,3.5021289664777497
19,0.0,BAO KT,Min,-164.69031624590696,-0.49586545456194564,-1.5338149341615932,-0.12382582542835027,-11.258049888959189,-3.8715518263888864
19,7.43516282998646,BAO KT,Min,-164.69031624590696,-0.49586545456194564,-1.5338149341615932,-0.12382582542835027,-0.4598232502000113,-0.4890550252442905
19,14.87032565997292,BAO KT,Min,-164.69031624590696,-0.49586545456194564,-1.5338149341615932,-0.12382582542835027,-3.918328033448529,-3.1316055194357975
20,0.0,BAO KT,Max,-78.62896119269718,0.09447367609453217,0.4557363968537963,0.45092530436589395,3.139560623067449,0.872940847367935
20,7.43516282998646,BAO KT,Max,-78.62896119269718,0.09447367609453217,0.4557363968537963,0.45092530436589395,0.34090074227472617,0.5045089444721863
20,14.87032565997292,BAO KT,Max,-78.62896119269718,0.09447367609453217,0.4557363968537963,0.45092530436589395,9.496369758207562,4.225165281649817
20,0.0,BAO KT,Min,-169.19774369307143,-0.5004135648747328,-1.231961846668065,-0.12111871952198672,-9.033748888139005,-3.216147392705445
20,7.43516282998646,BAO KT,Min,-169.19774369307143,-0.5004135648747328,-1.231961846668065,-0.12111871952198672,-0.40695029217969453,0.17051368245768905
20,14.87032565997292,BAO KT,Min,-169.19774369307143,-0.5004135648747328,-1.231961846668065,-0.12111871952198672,-3.7954246103389995,-0.5319134824525569
21,0.0,BAO KT,Max,-87.53135165518611,0.14372253870919866,0.48952803198587613,0.4503735597162165,3.186233046675997,1.127676899981358
21,7.43516282998646,BAO KT,Max,-87.53135165518611,0.14372253870919866,0.48952803198587613,0.4503735597162165,0.46003899517289687,0.20752015654512462
21,14.87032565997292,BAO KT,Max,-87.53135165518611,0.14372253870919866,0.48952803198587613,0.4503735597162165,8.788181130461934,1.9324733810212316
21,0.0,BAO KT,Min,-191.33783750447265,-0.23218674947958448,-1.120634217647902,-0.11970322649116358,-7.991304465872988,-1.6512429118143965
21,7.43516282998646,BAO KT,Min,-191.33783750447265,-0.23218674947958448,-1.120634217647902,-0.11970322649116358,-0.453487580981812,0.05695809642975266
21,14.87032565997292,BAO KT,Min,-191.33783750447265,-0.23218674947958448,-1.120634217647902,-0.11970322649116358,-4.093208208639622,-1.00952405530249
22,0.0,BAO KT,Max,-90.03231413819803,0.2339519192833145,0.5098978458974784,0.4483702795632707,3.3245123437197335,1.5546932444641473
22,7.43516282998646,BAO KT,Max,-90.03231413819803,0.2339519192833145,0.5098978458974784,0.4483702795632707,0.4830909636577762,0.024907860010140996
22,14.87032565997292,BAO KT,Max,-90.03231413819803,0.2339519192833145,0.5098978458974784,0.4483702795632707,7.704125392783928,0.6394759708177788
22,0.0,BAO KT,Min,-198.42558767527635,-0.08461625417542301,-0.9717456670486133,-0.11875237782556339,-6.867036286076638,-0.6187952848978047
22,7.43516282998646,BAO KT,Min,-198.42558767527635,-0.08461625417542301,-0.9717456670486133,-0.11875237782556339,-0.46666116718736267,-0.18557598637596245
22,14.87032565997292,BAO KT,Min,-198.42558767527635,-0.08461625417542301,-0.9717456670486133,-0.11875237782556339,-4.257834678094459,-1.9242479840544382
23,0.0,BAO KT,Max,-89.98080320307258,0.1711253975376154,0.5204904385362212,0.44581449304191406,3.414591702162931,1.2633916495742825
23,7.43516282998646,BAO KT,Max,-89.98080320307258,0.1711253975376154,0.5204904385362212,0.44581449304191406,0.4783432610395942,0.2142229796890517
23,14.87032565997292,BAO KT,Max,-89.98080320307258,0.1711253975376154,0.5204904385362212,0.44581449304191406,6.528355961480336,0.7595428326539767
23,0.0,BAO KT,Min,-196.87484334735973,-0.07462211865197492,-0.8140368336233152,-0.11756484220034555,-5.7322585153058565,-0.3501123731380299
23,7.43516282998646,BAO KT,Min,-196.87484334735973,-0.07462211865197492,-0.8140368336233152,-0.11756484220034555,-0.4553394598049339,-0.05721302489641941
23,14.87032565997292,BAO KT,Min,-196.87484334735973,-0.07462211865197492,-0.8140368336233152,-0.11756484220034555,-4.325270621772798,-1.2812987405023866
24,0.0,BAO KT,Max,-89.6613647786162,0.27177624384064814,0.5007261209893178,0.4435003224584108,3.355338656001873,1.9916380320275127
24,7.43516282998646,BAO KT,Max,-89.6613647786162,0.27177624384064814,0.5007261209893178,0.4435003224584108,0.47621061087446354,0.0042602137200149544
24,14.87032565997292,BAO KT,Max,-89.6613647786162,0.27177624384064814,0.5007261209893178,0.4435003224584108,5.378092267894483,-0.03790836820027203
24,0.0,BAO KT,Min,-192.29938741964244,0.0054943340875321395,-0.6592836995109824,-0.11580937060265388,-4.617473734694592,0.04379416896602104
24,7.43516282998646,BAO KT,Min,-192.29938741964244,0.0054943340875321395,-0.6592836995109824,-0.11580937060265388,-0.36764158678120634,-0.06919748704191372
24,14.87032565997292,BAO KT,Min,-192.29938741964244,0.0054943340875321395,-0.6592836995109824,-0.11580937060265388,-4.090621829564285,-2.0497632205271343
25,0.0,BAO KT,Max,-89.42390778866996,0.45496335209835603,0.49508330561288555,0.44098630932521093,3.3653848521001475,3.183271125639344
25,7.43516282998646,BAO KT,Max,-89.42390778866996,0.45496335209835603,0.49508330561288555,0.44098630932521093,0.4829151959220127,0.10526499518798113
25,14.87032565997292,BAO KT,Max,-89.42390778866996,0.45496335209835603,0.49508330561288555,0.44098630932521093,4.261929403000652,0.309097211729302
25,0.0,BAO KT,Min,-193.01407181461525,-0.027758543926382995,-0.5082624676137082,-0.11429734038788583,-3.5219121946585443,-0.10368137630267647
25,7.43516282998646,BAO KT,Min,-193.01407181461525,-0.027758543926382995,-0.5082624676137082,-0.11429734038788583,-0.31564013953960596,-0.20312090928533408
25,14.87032565997292,BAO KT,Min,-193.01407181461525,-0.027758543926382995,-0.5082624676137082,-0.11429734038788583,-3.996665131179359,-3.582182083416135
26,0.0,BAO KT,Max,-89.6180686522035,0.5485846358954133,0.5504042478906586,0.4388565623149556,3.673425907448996,3.966473743437734
26,7.43516282998646,BAO KT,Max,-89.6180686522035,0.5485846358954133,0.5504042478906586,0.4388565623149556,0.4848767966281119,0.1927692570942463
26,14.87032565997292,BAO KT,Max,-89.6180686522035,0.5485846358954133,0.5504042478906586,0.4388565623149556,3.138437464259079,0.6882362904055868
26,0.0,BAO KT,Min,-195.1539195369306,-0.06744528996413235,-0.3568934169039307,-0.11305113654339793,-2.4033723815159647,-0.31469713559236456
26,7.43516282998646,BAO KT,Min,-195.1539195369306,-0.06744528996413235,-0.3568934169039307,-0.11305113654339793,-0.4189192979342833,-0.1183420301611347
26,14.87032565997292,BAO KT,Min,-195.1539195369306,-0.06744528996413235,-0.3568934169039307,-0.11305113654339793,-4.511264503317562,-4.191158444384733
27,0.0,BAO KT,Max,-87.39456322082583,0.6875670721337986,0.5928741355373671,0.4377773765410464,3.9181222255776635,4.958977591254516
27,7.43516282998646,BAO KT,Max,-87.39456322082583,0.6875670721337986,0.5928741355373671,0.4377773765410464,0.4604438916707116,-0.058431736855758906
27,14.87032565997292,BAO KT,Max,-87.39456322082583,0.6875670721337986,0.5928741355373671,0.4377773765410464,2.245223822440038,-0.33733355453259006
27,0.0,BAO KT,Min,-193.78018008523142,0.037389631701594234,-0.24088147240228056,-0.11179376619478054,-1.3367621176356534,0.21784904660653526
27,7.43516282998646,BAO KT,Min,-193.78018008523142,0.037389631701594234,-0.24088147240228056,-0.11179376619478054,-0.4899935098301227,-0.15649487349801716
27,14.87032565997292,BAO KT,Min,-193.78018008523142,0.037389631701594234,-0.24088147240228056,-0.11179376619478054,-4.898109245237909,-5.265368684449163
28,0.0,BAO KT,Max,-78.42507408110892,0.9366592520807081,0.6276407434358974,0.4372169985565292,4.125166992954518,6.472350278200657
28,7.43516282998646,BAO KT,Max,-78.42507408110892,0.9366592520807081,0.6276407434358974,0.4372169985565292,0.342379760281065,-0.17114335388796634
28,14.87032565997292,BAO KT,Max,-78.42507408110892,0.9366592520807081,0.6276407434358974,0.4372169985565292,2.027076126892837,-1.1039511036877012
28,0.0,BAO KT,Min,-174.87264288093257,0.11442107771285828,-0.22750026801298073,-0.1107454609398,-1.3559269461913073,0.5975275842675709
28,7.43516282998646,BAO KT,Min,-174.87264288093257,0.11442107771285828,-0.22750026801298073,-0.1107454609398,-0.5414441332251343,-0.4941181688782955
28,14.87032565997292,BAO KT,Min,-174.87264288093257,0.11442107771285828,-0.22750026801298073,-0.1107454609398,-5.208055259404786,-7.456077832666142
29,0.0,BAO KT,Max,-76.79992042285511,0.928956959359442,0.5786015720822199,0.4378926698611142,3.9571140119471035,7.053328030724522
29,7.43516282998646,BAO KT,Max,-76.79992042285511,0.928956959359442,0.5786015720822199,0.4378926698611142,0.3268558659648109,0.2658209104441515
29,14.87032565997292,BAO KT,Max,-76.79992042285511,0.928956959359442,0.5786015720822199,0.4378926698611142,2.493359449371556,0.8910386356177501
29,0.0,BAO KT,Min,-162.7255382535737,-0.08781817645413736,-0.29156089418108755,-0.11073114656735197,-1.842245996814119,-0.4148462471202383
29,7.43516282998646,BAO KT,Min,-162.7255382535737,-0.08781817645413736,-0.29156089418108755,-0.11073114656735197,-0.3448828901703486,0.1373696095533099
29,14.87032565997292,BAO KT,Min,-162.7255382535737,-0.08781817645413736,-0.29156089418108755,-0.11073114656735197,-4.646879792287801,-6.760564479048612
30,0.0,BAO KT,Max,-83.4499821820724,1.228454188320424,0.6609960717272589,0.4386313802113595,4.834826885949504,8.832408022158813
30,7.43516282998646,BAO KT,Max,-83.4499821820724,1.228454188320424,0.6609960717272589,0.4386313802113595,0.419367860169455,0.3462010553351758
30,14.87032565997292,BAO KT,Max,-83.4499821820724,1.228454188320424,0.6609960717272589,0.4386313802113595,3.119063229595961,1.1353006406805861
30,0.0,BAO KT,Min,-172.5672337715586,-0.11075863486201493,-0.363098351866414,-0.11164689060341584,-2.280327509257051,-0.5117163293716057
30,7.43516282998646,BAO KT,Min,-172.5672337715586,-0.11075863486201493,-0.363098351866414,-0.11164689060341584,-0.3431358090937105,-0.3357577968630762
30,14.87032565997292,BAO KT,Min,-172.5672337715586,-0.11075863486201493,-0.363098351866414,-0.11164689060341584,-4.994399960597656,-9.435105816523594
31,0.0,BAO KT,Max,-69.36457799340444,0.5812216660721434,1.2935048134225582,0.4753860493414491,9.560036802624516,4.426549067863751
31,7.566659984517322,BAO KT,Max,-69.36457799340444,0.5812216660721434,1.2935048134225582,0.4753860493414491,0.44089578370927807,0.27874850332195794
31,15.133319969034645,BAO KT,Max,-69.36457799340444,0.5812216660721434,1.2935048134225582,0.4753860493414491,4.233822629295678,1.5757468394789338
31,0.0,BAO KT,Min,-157.23039664118966,-0.1730895431310932,-0.5308221350407027,-0.12119454526506922,-3.7992785869213934,-1.0436726000179228
31,7.566659984517322,BAO KT,Min,-157.23039664118966,-0.1730895431310932,-0.5308221350407027,-0.12119454526506922,-0.22747430888050102,-0.0608737830577077
31,15.133319969034645,BAO KT,Min,-157.23039664118966,-0.1730895431310932,-0.5308221350407027,-0.12119454526506922,-10.014985420385518,-4.369264377741405
32,0.0,BAO KT,Max,-37.78516779974717,0.060461540708849626,0.5741422651493406,0.46686547435668896,4.046778931284543,0.2950531538182477
32,7.306187590255531,BAO KT,Max,-37.78516779974717,0.060461540708849626,0.5741422651493406,0.46686547435668896,0.19538677767849774,0.06317466017446406
32,14.612375180511062,BAO KT,Max,-37.78516779974717,0.060461540708849626,0.5741422651493406,0.46686547435668896,9.93933407861666,5.410327512752105
32,0.0,BAO KT,Min,-145.97583172219188,-0.7442624274714158,-1.3531518504379723,-0.13755028557583995,-9.833428436185784,-5.465114310218126
32,7.306187590255531,BAO KT,Min,-145.97583172219188,-0.7442624274714158,-1.3531518504379723,-0.13755028557583995,-0.41929149484179107,-0.29508874197694174
32,14.612375180511062,BAO KT,Min,-145.97583172219188,-0.7442624274714158,-1.3531518504379723,-0.13755028557583995,-4.342803254066085,-0.7226779105213638
33,0.0,BAO KT,Max,-28.839739335993627,0.06176660577090791,0.027552267854082907,0.4648426462030981,0.040425629603045854,0.20602103071928424
33,7.306187590255532,BAO KT,Max,-28.839739335993627,0.06176660577090791,0.027552267854082907,0.4648426462030981,0.5039249268712754,0.06549746164162729
33,14.612375180511064,BAO KT,Max,-28.839739335993627,0.06176660577090791,0.027552267854082907,0.4648426462030981,5.244742340295497,7.3750754842481205
33,0.0,BAO KT,Min,-147.54483116425766,-1.0044483125843169,-0.6488770449512113,-0.12699737087542393,-4.2368924865529465,-7.302300108665171
33,7.306187590255532,BAO KT,Min,-147.54483116425766,-1.0044483125843169,-0.6488770449512113,-0.12699737087542393,-0.26241436688165387,-0.27041783207085257
33,14.612375180511064,BAO KT,Min,-147.54483116425766,-1.0044483125843169,-0.6488770449512113,-0.12699737087542393,-0.3621784453547481,-0.696535786431942
34,0.0,BAO KT,Max,-71.79323851932507,0.779026499290816,0.6292590114315272,0.43171232674172144,4.178447087341535,5.91519582053779
34,7.566659984517324,BAO KT,Max,-71.79323851932507,0.779026499290816,0.6292590114315272,0.43171232674172144,0.19090827719843795,0.25226482036348064
34,15.133319969034648,BAO KT,Max,-71.79323851932507,0.779026499290816,0.6292590114315272,0.43171232674172144,0.6616483896272417,1.5152767664977829
34,0.0,BAO KT,Min,-177.49551562250457,-0.1697568074050621,-0.062212404600182666,-0.13533629481036366,-0.27983183523036576,-1.0537073168848123
34,7.566659984517324,BAO KT,Min,-177.49551562250457,-0.1697568074050621,-0.062212404600182666,-0.13533629481036366,-0.5829418943543313,-0.06825261001674167
34,15.133319969034648,BAO KT,Min,-177.49551562250457,-0.1697568074050621,-0.062212404600182666,-0.13533629481036366,-5.344330876050197,-5.895236149738655
35,0.0,BAO KT,Max,-92.64192493586444,0.1998348834632052,2.2024618386529435,0.6373547983253408,11.418688108777964,0.6073880613210383
35,5.42516282998646,BAO KT,Max,-92.64192493586444,0.1998348834632052,2.2024618386529435,0.6373547983253408,0.14923674199367806,0.03999519577618591
35,10.85032565997292,BAO KT,Max,-92.64192493586444,0.1998348834632052,2.2024618386529435,0.6373547983253408,19.86049943998934,13.46372860094092
35,0.0,BAO KT,Min,-212.09986065986143,-2.5281443439492834,-3.719749218765144,-0.18989269070241957,-20.499990957042325,-13.967460846327398
35,5.42516282998646,BAO KT,Min,-212.09986065986143,-2.5281443439492834,-3.719749218765144,-0.18989269070241957,-1.062037051228622,-0.6314584548274588
35,10.85032565997292,BAO KT,Min,-212.09986065986143,-2.5281443439492834,-3.719749218765144,-0.18989269070241957,-12.478740094269208,-1.560885502477475
36,0.0,BAO KT,Max,-88.72254090782722,0.22238067918804322,1.9797300989454307,0.6408294375172636,10.465008267685407,0.6563580156731148
36,5.42516282998646,BAO KT,Max,-88.72254090782722,0.22238067918804322,1.9797300989454307,0.6408294375172636,0.2906101115804486,-0.14325357384432832
36,10.85032565997292,BAO KT,Max,-88.72254090782722,0.22238067918804322,1.9797300989454307,0.6408294375172636,17.409609464542203,11.728400428543067
36,0.0,BAO KT,Min,-197.08238201802533,-2.2104350384171227,-3.2773620328772877,-0.18692580745025333,-18.150835897807244,-12.25553958849747
36,5.42516282998646,BAO KT,Min,-197.08238201802533,-2.2104350384171227,-3.2773620328772877,-0.18692580745025333,-0.9766412879390646,-0.6314784957641963
36,10.85032565997292,BAO KT,Min,-197.08238201802533,-2.2104350384171227,-3.2773620328772877,-0.18692580745025333,-11.015708024722928,-1.7565447740031164
37,0.0,BAO KT,Max,-74.76263655693701,0.39223163639016895,0.26291217566699787,0.35634300547864123,1.925373465262507,3.2441566527985093
37,9.31953782998646,BAO KT,Max,-74.76263655693701,0.39223163639016895,0.26291217566699787,0.35634300547864123,0.08808292626490401,-0.02039813660297454
37,18.63907565997292,BAO KT,Max,-74.76263655693701,0.39223163639016895,0.26291217566699787,0.35634300547864123,8.54441866975693,3.2320636596914927
37,0.0,BAO KT,Min,-160.70411493069676,-0.3531711161756616,-0.9359711770596197,-0.09443796844863485,-8.901218915011233,-3.3507194956237503
37,9.31953782998646,BAO KT,Min,-160.70411493069676,-0.3531711161756616,-0.9359711770596197,-0.09443796844863485,-0.7680298949209112,-0.4112609206571644
37,18.63907565997292,BAO KT,Min,-160.70411493069676,-0.3531711161756616,-0.9359711770596197,-0.09443796844863485,-3.218249862013544,-4.066678494112838
38,0.0,BAO KT,Max,-69.77105040799941,0.3955172510918491,0.20976477353595713,0.3583477809869241,1.5811423537026674,3.254737007389862
38,9.31953782998646,BAO KT,Max,-69.77105040799941,0.3955172510918491,0.20976477353595713,0.3583477809869241,0.1620626035207991,-0.10806338732783913
38,18.63907565997292,BAO KT,Max,-69.77105040799941,0.3955172510918491,0.20976477353595713,0.3583477809869241,7.854975420312565,2.4364610412223935
38,0.0,BAO KT,Min,-147.67545736128423,-0.2734962029519158,-0.8609694994604002,-0.0952777061094343,-8.19270022105885,-2.6612553783136748
38,9.31953782998646,BAO KT,Min,-147.67545736128423,-0.2734962029519158,-0.8609694994604002,-0.0952777061094343,-0.6617372800061491,-0.431300976572879
38,18.63907565997292,BAO KT,Min,-147.67545736128423,-0.2734962029519158,-0.8609694994604002,-0.0952777061094343,-2.6166480223730444,-4.11733896053562
39,0.0,BAO KT,Max,-88.35647386825076,-0.23964755670278853,1.8736636405966247,0.626530516496846,9.815231155333251,-0.9588009270243455
39,5.42516282998646,BAO KT,Max,-88.35647386825076,-0.23964755670278853,1.8736636405966247,0.626530516496846,0.2085802269590092,0.644527204320281
39,10.85032565997292,BAO KT,Max,-88.35647386825076,-0.23964755670278853,1.8736636405966247,0.626530516496846,13.080091461600244,10.196858692135587
39,0.0,BAO KT,Min,-201.42591602163859,-1.8414622971247938,-2.4833365155291576,-0.17021855896558835,-13.864918455193516,-9.783606922230241
39,5.42516282998646,BAO KT,Min,-201.42591602163859,-1.8414622971247938,-2.4833365155291576,-0.17021855896558835,-1.0279198931983942,0.20662588495267317
39,10.85032565997292,BAO KT,Min,-201.42591602163859,-1.8414622971247938,-2.4833365155291576,-0.17021855896558835,-10.514629522390589,1.6414531068177367
40,0.0,BAO KT,Max,-72.22528430755007,0.2031696486327062,0.2303496265583957,0.3584494893913083,1.7942398159800113,2.0443885626318594
40,9.31953782998646,BAO KT,Max,-72.22528430755007,0.2031696486327062,0.2303496265583957,0.3584494893913083,0.10578176617600762,0.40160249865822245
40,18.63907565997292,BAO KT,Max,-72.22528430755007,0.2031696486327062,0.2303496265583957,0.3584494893913083,6.229512038104698,3.232388984194453
40,0.0,BAO KT,Min,-151.96158170804105,-0.30413004593202836,-0.6909962532549584,-0.09489054623067032,-6.650019407072282,-2.436313952403663
40,9.31953782998646,BAO KT,Min,-151.96158170804105,-0.30413004593202836,-0.6909962532549584,-0.09489054623067032,-0.6900631883975894,0.14737635353146883
40,18.63907565997292,BAO KT,Min,-151.96158170804105,-0.30413004593202836,-0.6909962532549584,-0.09489054623067032,-2.742120680409203,-1.742505890043266
41,0.0,BAO KT,Max,-80.08402525238584,0.23679452400841727,0.2726746672072142,0.357889340162442,2.0019714232769203,2.2822219817424485
41,9.31953782998646,BAO KT,Max,-80.08402525238584,0.23679452400841727,0.2726746672072142,0.357889340162442,0.12132302304872128,0.2066285375608002
41,18.63907565997292,BAO KT,Max,-80.08402525238584,0.23679452400841727,0.2726746672072142,0.357889340162442,5.225849789675822,1.68233204527457
41,0.0,BAO KT,Min,-171.0011603431414,-0.16158060825536857,-0.5907056507912828,-0.09419433102392036,-5.784357528196441,-1.3568482486308548
41,9.31953782998646,BAO KT,Min,-171.0011603431414,-0.16158060825536857,-0.5907056507912828,-0.09419433102392036,-0.8330156294462585,0.07368303503958644
41,18.63907565997292,BAO KT,Min,-171.0011603431414,-0.16158060825536857,-0.5907056507912828,-0.09419433102392036,-3.373865526432114,-2.131409067117715
42,0.0,BAO KT,Max,-83.0109348978065,0.29300869231694854,0.2950889641799589,0.35681990241541284,2.150675907621447,2.6192417352539183
42,9.31953782998646,BAO KT,Max,-83.0109348978065,0.29300869231694854,0.2950889641799589,0.35681990241541284,0.11574832872631408,0.040731891759660924
42,18.63907565997292,BAO KT,Max,-83.0109348978065,0.29300869231694854,0.2950889641799589,0.35681990241541284,4.405960503164247,0.6271832461846458
42,0.0,BAO KT,Min,-178.68159368247447,-0.06469539812352929,-0.5052216246820985,-0.09343373709516295,-5.010903584339831,-0.5841515325486794
42,9.31953782998646,BAO KT,Min,-178.68159368247447,-0.06469539812352929,-0.5052216246820985,-0.09343373709516295,-0.8815479958051315,-0.11146385730874686
42,18.63907565997292,BAO KT,Min,-178.68159368247447,-0.06469539812352929,-0.5052216246820985,-0.09343373709516295,-3.6311427093120736,-2.842169449871412
43,0.0,BAO KT,Max,-83.43862756346893,0.26322691724940067,0.30423641606399787,0.35544410519591974,2.2719418231723987,2.450606714020142
43,9.31953782998646,BAO KT,Max,-83.43862756346893,0.26322691724940067,0.30423641606399787,0.35544410519591974,0.10168210112367407,0.17114401500809687
43,18.63907565997292,BAO KT,Max,-83.43862756346893,0.26322691724940067,0.30423641606399787,0.35544410519591974,3.6611437671691918,0.5485621956005069
43,0.0,BAO KT,Min,-178.08009428573135,-0.04061440649214253,-0.42586432093534454,-0.09254933431740327,-4.276573531627685,-0.2084527998914329
43,9.31953782998646,BAO KT,Min,-178.08009428573135,-0.04061440649214253,-0.42586432093534454,-0.09254933431740327,-0.8889657573226589,-0.05139838205625672
43,18.63907565997292,BAO KT,Min,-178.08009428573135,-0.04061440649214253,-0.42586432093534454,-0.09254933431740327,-3.7232691714700943,-2.4556997123328674
44,0.0,BAO KT,Max,-100.38215482303363,-0.060259494380051404,1.8522038606332547,0.6286706964611458,9.614693481549981,-0.24934112120665297
44,5.42516282998646,BAO KT,Max,-100.38215482303363,-0.060259494380051404,1.8522038606332547,0.6286706964611458,0.23999921291240414,0.24173887458788934
44,10.85032565997292,BAO KT,Max,-100.38215482303363,-0.060259494380051404,1.8522038606332547,0.6286706964611458,10.600924593206617,8.021295516761061
44,0.0,BAO KT,Min,-232.71085568181746,-1.4632780901686182,-2.0406683548082305,-0.16639311916022265,-11.540991620463853,-7.855748292671668
44,5.42516282998646,BAO KT,Min,-232.71085568181746,-1.4632780901686182,-2.0406683548082305,-0.16639311916022265,-1.2021222060428123,0.05571145129653912
44,10.85032565997292,BAO KT,Min,-232.71085568181746,-1.4632780901686182,-2.0406683548082305,-0.16639311916022265,-10.482321594979927,0.40449401692221354
45,0.0,BAO KT,Max,-83.3458874465244,0.2637679064842796,0.32356180314521454,0.35413373856088765,2.491044353187725,2.448372396418224
45,9.31953782998646,BAO KT,Max,-83.3458874465244,0.2637679064842796,0.32356180314521454,0.35413373856088765,0.027567464304090114,0.0029939746140945685
45,18.63907565997292,BAO KT,Max,-83.3458874465244,0.2637679064842796,0.32356180314521454,0.35413373856088765,2.9211172157802094,-0.18157968001480002
45,0.0,BAO KT,Min,-174.30331112392483,0.019689495348582654,-0.34700702710216813,-0.09146230146002714,-3.546773016919377,0.18541431349411697
45,9.31953782998646,BAO KT,Min,-174.30331112392483,0.019689495348582654,-0.34700702710216813,-0.09146230146002714,-0.8892177860867234,-0.0673041852102556
45,18.63907565997292,BAO KT,Min,-174.30331112392483,0.019689495348582654,-0.34700702710216813,-0.09146230146002714,-3.781212542954375,-2.4698826957973057
46,0.0,BAO KT,Max,-83.44001847509062,0.3156215343408892,0.34544123647524005,0.35242506573480986,2.6562936144364913,2.9392483831737666
46,9.31953782998646,BAO KT,Max,-83.44001847509062,0.3156215343408892,0.34544123647524005,0.35242506573480986,-0.015928561579037524,0.07587711041330494
46,18.63907565997292,BAO KT,Max,-83.44001847509062,0.3156215343408892,0.34544123647524005,0.35242506573480986,2.168965469985398,0.07423574463863977
46,0.0,BAO KT,Min,-174.20224612721836,-2.0509855670845095e-05,-0.26726822091828134,-0.09060474915839746,-2.812667121216805,0.07385345988701576
46,9.31953782998646,BAO KT,Min,-174.20224612721836,-2.0509855670845095e-05,-0.26726822091828134,-0.09060474915839746,-0.8910861337371073,-0.15279777836836816
46,18.63907565997292,BAO KT,Min,-174.20224612721836,-2.0509855670845095e-05,-0.26726822091828134,-0.09060474915839746,-3.836364343473645,-2.9983431240134104
47,0.0,BAO KT,Max,-83.12087869717486,0.3814749003756565,0.3269068866927047,0.3507701716541963,2.5703357529081483,3.541628919842182
47,9.31953782998646,BAO KT,Max,-83.12087869717486,0.3814749003756565,0.3269068866927047,0.3507701716541963,0.07691698352942623,0.1197454780699492
47,18.63907565997292,BAO KT,Max,-83.12087869717486,0.3814749003756565,0.3269068866927047,0.3507701716541963,1.4928597443923266,0.26303261946043477
47,0.0,BAO KT,Min,-175.45420000556416,-0.015963629433722388,-0.19374742307519827,-0.08994108760858782,-2.118413133231077,-0.034514677362487534
47,9.31953782998646,BAO KT,Min,-175.45420000556416,-0.015963629433722388,-0.19374742307519827,-0.08994108760858782,-0.8820897346596926,-0.1057857730379263
47,18.63907565997292,BAO KT,Min,-175.45420000556416,-0.015963629433722388,-0.19374742307519827,-0.08994108760858782,-3.87759557929245,-3.5687106106403115
48,0.0,BAO KT,Max,-104.07182787321332,0.37974403601388856,1.8096400536327992,0.6202680293658784,9.338822226495859,1.8113674972344485
48,5.42516282998646,BAO KT,Max,-104.07182787321332,0.37974403601388856,1.8096400536327992,0.6202680293658784,0.22936236003659413,0.03207780572107325
48,10.85032565997292,BAO KT,Max,-104.07182787321332,0.37974403601388856,1.8096400536327992,0.6202680293658784,8.444019438083702,6.067185854380519
48,0.0,BAO KT,Min,-241.32414570167614,-1.1157589366922622,-1.64388740487464,-0.16712769670014962,-9.392694253133897,-6.0391619667556355
48,5.42516282998646,BAO KT,Min,-241.32414570167614,-1.1157589366922622,-1.64388740487464,-0.16712769670014962,-1.2303382513231216,-0.24957861367194925
48,10.85032565997292,BAO KT,Min,-241.32414570167614,-1.1157589366922622,-1.64388740487464,-0.16712769670014962,-10.296361682750877,-2.308978960948728
49,0.0,BAO KT,Max,-80.27999888851043,0.462238432490813,0.3137651474267925,0.3499602380642624,2.4771554425187903,4.236306095717874
49,9.31953782998646,BAO KT,Max,-80.27999888851043,0.462238432490813,0.3137651474267925,0.3499602380642624,0.15020346680339902,-0.062003982437547275
49,18.63907565997292,BAO KT,Max,-80.27999888851043,0.462238432490813,0.3137651474267925,0.3499602380642624,1.1974205694186475,-0.4671370374810299
49,0.0,BAO KT,Min,-173.2891904576658,0.0434713676186742,-0.13444889654986697,-0.08919996457207725,-1.4651159029627636,0.3431290726059353
49,9.31953782998646,BAO KT,Min,-173.2891904576658,0.0434713676186742,-0.13444889654986697,-0.08919996457207725,-0.8323400798631782,-0.1601590488957025
49,18.63907565997292,BAO KT,Min,-173.2891904576658,0.0434713676186742,-0.13444889654986697,-0.08919996457207725,-3.7564862410384503,-4.379391020425674
50,0.0,BAO KT,Max,-72.29992392816739,0.5478865764470974,0.29008619732610125,0.3495083143251533,2.30045944424309,4.961301636758051
50,9.31953782998646,BAO KT,Max,-72.29992392816739,0.5478865764470974,0.29008619732610125,0.3495083143251533,0.2165418508076603,-0.14368097276340136
50,18.63907565997292,BAO KT,Max,-72.29992392816739,0.5478865764470974,0.29008619732610125,0.3495083143251533,1.732769201714083,-1.066514187258347
50,0.0,BAO KT,Min,-157.0000581940234,0.0913148903650622,-0.18164859391592492,-0.08870432245616519,-1.6529926838125384,0.6355109631381797
50,9.31953782998646,BAO KT,Min,-157.0000581940234,0.0913148903650622,-0.18164859391592492,-0.08870432245616519,-0.6908533631859659,-0.393168917544079
50,18.63907565997292,BAO KT,Min,-157.0000581940234,0.0913148903650622,-0.18164859391592492,-0.08870432245616519,-3.392771091931749,-5.250797714722935
51,0.0,BAO KT,Max,-70.06974796478785,0.5886824850501473,0.43450088515706287,0.34988562860569866,3.462100440013646,5.606136722962534
51,9.31953782998646,BAO KT,Max,-70.06974796478785,0.5886824850501473,0.43450088515706287,0.34988562860569866,0.062376749406260645,0.22341474263710695
51,18.63907565997292,BAO KT,Max,-70.06974796478785,0.5886824850501473,0.43450088515706287,0.34988562860569866,2.064948919772333,0.6407460749787643
51,0.0,BAO KT,Min,-145.38950000352926,-0.04546944956347291,-0.21686070227955484,-0.08880563584327489,-1.9771341176911514,-0.20676243565212998
51,9.31953782998646,BAO KT,Min,-145.38950000352926,-0.04546944956347291,-0.21686070227955484,-0.08880563584327489,-0.6577953846512533,0.10818599809029383
51,18.63907565997292,BAO KT,Min,-145.38950000352926,-0.04546944956347291,-0.21686070227955484,-0.08880563584327489,-4.706742458095931,-5.366360655588041
52,0.0,BAO KT,Max,-104.48545742352822,0.6003304148219815,1.7363332628073367,0.6129566100084105,8.94461470212042,3.2423338599727964
52,5.42516282998646,BAO KT,Max,-104.48545742352822,0.6003304148219815,1.7363332628073367,0.6129566100084105,0.23458400451486858,0.25136866673117314
52,10.85032565997292,BAO KT,Max,-104.48545742352822,0.6003304148219815,1.7363332628073367,0.6129566100084105,6.440894692490685,4.286960011151034
52,0.0,BAO KT,Min,-239.3098843655268,-0.7920812747725541,-1.2702923204813152,-0.16567717080951663,-7.342190668094274,-4.307379769297669
52,5.42516282998646,BAO KT,Min,-239.3098843655268,-0.7920812747725541,-1.2702923204813152,-0.16567717080951663,-1.2093526261923322,-0.09192554436306315
52,10.85032565997292,BAO KT,Min,-239.3098843655268,-0.7920812747725541,-1.2702923204813152,-0.16567717080951663,-9.89516665358253,-3.2714466444323373
53,0.0,BAO KT,Max,-75.89428258517067,0.6643892075904316,0.5411737855309554,0.35048443383644196,4.40819727719042,6.2711510872953315
53,9.31953782998646,BAO KT,Max,-75.89428258517067,0.6643892075904316,0.5411737855309554,0.35048443383644196,0.04940970451996573,0.3000795982763571
53,18.63907565997292,BAO KT,Max,-75.89428258517067,0.6643892075904316,0.5411737855309554,0.35048443383644196,1.7941623249816665,0.8972450103193185
53,0.0,BAO KT,Min,-153.87027760511293,-0.06605288387458447,-0.1994291280362245,-0.08933978373745534,-1.9230122812879493,-0.3339196897784667
53,9.31953782998646,BAO KT,Min,-153.87027760511293,-0.06605288387458447,-0.1994291280362245,-0.08933978373745534,-0.7588286295859121,-0.21802189787280746
53,18.63907565997292,BAO KT,Min,-153.87027760511293,-0.06605288387458447,-0.1994291280362245,-0.08933978373745534,-5.791756923181232,-6.11244962065218
54,0.0,BAO KT,Max,-54.83311963419949,0.21726530955022708,0.7664943761497076,0.40742310764812373,7.308422466040709,2.059144901225137
54,9.468990352721333,BAO KT,Max,-54.83311963419949,0.21726530955022708,0.7664943761497076,0.40742310764812373,0.5259984054667826,0.2542718926260838
54,18.937980705442666,BAO KT,Max,-54.83311963419949,0.21726530955022708,0.7664943761497076,0.40742310764812373,2.204381920166913,2.7128428718454893
54,0.0,BAO KT,Min,-146.51453541267279,-0.25982713484117603,-0.19094944970924924,-0.0919154667790695,-1.571502612512794,-2.207758394527151
54,9.468990352721333,BAO KT,Min,-146.51453541267279,-0.25982713484117603,-0.19094944970924924,-0.0919154667790695,-0.19390215026024415,-0.04911532871920309
54,18.937980705442666,BAO KT,Min,-146.51453541267279,-0.25982713484117603,-0.19094944970924924,-0.0919154667790695,-7.207433240312766,-2.099065080908398
55,0.0,BAO KT,Max,-46.52355770066551,0.18861833917054535,0.19345191515324428,0.3749425295721014,1.6039193693758347,1.482638914867022
55,9.172933939155854,BAO KT,Max,-46.52355770066551,0.18861833917054535,0.19345191515324428,0.3749425295721014,0.16795505682082057,0.054218028469257676
55,18.345867878311708,BAO KT,Max,-46.52355770066551,0.18861833917054535,0.19345191515324428,0.3749425295721014,7.034671375521945,2.817748186008035
55,0.0,BAO KT,Min,-141.3535509688251,-0.30208799843585415,-0.7868505345027488,-0.14362117839650895,-7.400784570444431,-2.724318320919779
55,9.172933939155854,BAO KT,Min,-141.3535509688251,-0.30208799843585415,-0.7868505345027488,-0.14362117839650895,-0.569319037786088,-0.24754465005768345
55,18.345867878311708,BAO KT,Min,-141.3535509688251,-0.30208799843585415,-0.7868505345027488,-0.14362117839650895,-2.1045017240733825,-1.9777282149823887
56,0.0,BAO KT,Max,-103.55568473312123,0.925007878815719,1.75495007629878,0.6074895176711499,8.886364929575116,4.923563503180077
56,5.42516282998646,BAO KT,Max,-103.55568473312123,0.925007878815719,1.75495007629878,0.6074895176711499,0.06495106935904423,-0.013097771099093389
56,10.85032565997292,BAO KT,Max,-103.55568473312123,0.925007878815719,1.75495007629878,0.6074895176711499,4.383636629689914,2.759000849967596
56,0.0,BAO KT,Min,-227.62051675660044,-0.5127173520710118,-0.8906475131384236,-0.16023655208362939,-5.280178936106993,-2.8041493915218734
56,5.42516282998646,BAO KT,Min,-227.62051675660044,-0.5127173520710118,-0.8906475131384236,-0.16023655208362939,-1.2081054269650515,-0.15537423573878353
56,10.85032565997292,BAO KT,Min,-227.62051675660044,-0.5127173520710118,-0.8906475131384236,-0.16023655208362939,-10.15541491526097,-5.11307322001124
57,0.0,BAO KT,Max,-26.703037256367296,0.02287880783360387,0.15892226302869167,0.40371943084573303,1.3147657303663525,0.012507797600543047
57,9.172933939155849,BAO KT,Max,-26.703037256367296,0.02287880783360387,0.15892226302869167,0.40371943084573303,0.4996979603943119,0.16149525171459828
57,18.345867878311697,BAO KT,Max,-26.703037256367296,0.02287880783360387,0.15892226302869167,0.40371943084573303,3.4654054946344366,5.4589150852910375
57,0.0,BAO KT,Min,-133.63961148725156,-0.5972631230707118,-0.33238642082425085,-0.10067072854413486,-2.68733402652691,-5.498395259152064
57,9.172933939155849,BAO KT,Min,-133.63961148725156,-0.5972631230707118,-0.33238642082425085,-0.10067072854413486,-0.24721794671912406,-0.20706193833428288
57,18.345867878311697,BAO KT,Min,-133.63961148725156,-0.5972631230707118,-0.33238642082425085,-0.10067072854413486,-1.600801110080325,-0.4072237881280364
58,0.0,BAO KT,Max,-77.25700183529831,0.5162140089316571,0.3638724382908483,0.34819592691870216,2.9286032107667985,4.909977580171093
58,9.468990352721333,BAO KT,Max,-77.25700183529831,0.5162140089316571,0.3638724382908483,0.34819592691870216,0.17807423030193958,0.21298381101804
58,18.937980705442666,BAO KT,Max,-77.25700183529831,0.5162140089316571,0.3638724382908483,0.34819592691870216,1.6580574907337762,1.0902939425921445
58,0.0,BAO KT,Min,-159.0088674599525,-0.09364178858156623,-0.15957087595611974,-0.14358239519870902,-1.3638926792738042,-0.683092442788698
58,9.468990352721333,BAO KT,Min,-159.0088674599525,-0.09364178858156623,-0.15957087595611974,-0.14358239519870902,-0.5797775071201204,-0.13422106654896937
58,18.937980705442666,BAO KT,Min,-159.0088674599525,-0.09364178858156623,-0.15957087595611974,-0.14358239519870902,-4.025282114917352,-4.866073360855838
59,0.0,BAO KT,Max,-77.5799259032605,0.30991988618656624,0.11690780925883831,0.28008683732032114,0.911172533805609,3.432812727295801
59,11.95766282998646,BAO KT,Max,-77.5799259032605,0.30991988618656624,0.11690780925883831,0.28008683732032114,0.011630929016019708,0.09529031342725104
59,23.91532565997292,BAO KT,Max,-77.5799259032605,0.30991988618656624,0.11690780925883831,0.28008683732032114,6.565541653291035,2.5484951617505645
59,0.0,BAO KT,Min,-165.03579618908384,-0.2076828253798425,-0.5527352165821067,-0.07422931486405787,-6.653301055005711,-2.4183072411916577
59,11.95766282998646,BAO KT,Min,-165.03579618908384,-0.2076828253798425,-0.5527352165821067,-0.07422931486405787,-0.5001464074782095,-0.30330112917873364
59,23.91532565997292,BAO KT,Min,-165.03579618908384,-0.2076828253798425,-0.5527352165821067,-0.07422931486405787,-1.8847157968135062,-3.9790222793576735
60,0.0,BAO KT,Max,-103.24606757915146,1.2995438067092744,1.765465364850691,0.6028847655977109,8.804092244887158,6.796321255800168
60,5.42516282998646,BAO KT,Max,-103.24606757915146,1.2995438067092744,1.765465364850691,0.6028847655977109,-0.06653411044549037,0.13920439986642288
60,10.85032565997292,BAO KT,Max,-103.24606757915146,1.2995438067092744,1.765465364850691,0.6028847655977109,2.3223851119468093,3.2674947200566846
60,0.0,BAO KT,Min,-222.52300272989535,-0.5776161057037452,-0.5114723361234144,-0.15627394392208172,-3.2272563010593673,-2.9998281332742938
60,5.42516282998646,BAO KT,Min,-222.52300272989535,-0.5776161057037452,-0.5114723361234144,-0.15627394392208172,-1.224240935611807,-0.25928660677332493
60,10.85032565997292,BAO KT,Min,-222.52300272989535,-0.5776161057037452,-0.5114723361234144,-0.15627394392208172,-10.351781905145748,-7.304152256396363
61,0.0,BAO KT,Max,-82.66993609602994,0.361696554415475,0.15217563282734556,0.3014689669878102,1.0989758076610463,3.607323940947821
61,11.07828782998646,BAO KT,Max,-82.66993609602994,0.361696554415475,0.15217563282734556,0.3014689669878102,-0.036886001078820126,-0.019777865117871475
61,22.15657565997292,BAO KT,Max,-82.66993609602994,0.361696554415475,0.15217563282734556,0.3014689669878102,7.113430331514142,2.389418625936948
61,0.0,BAO KT,Min,-176.49452045243305,-0.22162742060794732,-0.6490087211142213,-0.07974397642188386,-7.266380501835365,-2.5210860870876783
61,11.07828782998646,BAO KT,Min,-176.49452045243305,-0.22162742060794732,-0.6490087211142213,-0.07974397642188386,-0.5888155354420903,-0.4259063969747969
61,22.15657565997292,BAO KT,Min,-176.49452045243305,-0.22162742060794732,-0.6490087211142213,-0.07974397642188386,-2.272715114682294,-4.406633132910162
62,0.0,BAO KT,Max,-83.45541873628665,0.39679557968267254,0.15095785664766073,0.3261403014677309,1.2539937778299524,3.5859825040364868
62,10.19891282998646,BAO KT,Max,-83.45541873628665,0.39679557968267254,0.15095785664766073,0.3261403014677309,-0.0021668718157106595,-0.07767188040443879
62,20.39782565997292,BAO KT,Max,-83.45541873628665,0.39679557968267254,0.15095785664766073,0.3261403014677309,7.721759806286488,2.6541048308188575
62,0.0,BAO KT,Min,-176.14766870573717,-0.26906151490123514,-0.7698662369757079,-0.08621276435474634,-7.981837477043401,-2.834165041944743
62,10.19891282998646,BAO KT,Min,-176.14766870573717,-0.26906151490123514,-0.7698662369757079,-0.08621276435474634,-0.47776122707800345,-0.4729072989348682
62,20.39782565997292,BAO KT,Min,-176.14766870573717,-0.26906151490123514,-0.7698662369757079,-0.08621276435474634,-1.825218264072216,-4.50778455297856
63,0.0,BAO KT,Max,-77.54049002327629,0.30134877717632824,0.15147968031413503,0.2808397103621507,1.2005183215149788,3.3592917429064206
63,11.95766282998646,BAO KT,Max,-77.54049002327629,0.30134877717632824,0.15147968031413503,0.2808397103621507,-0.08558320780416438,0.026092815123918
63,23.91532565997292,BAO KT,Max,-77.54049002327629,0.30134877717632824,0.15147968031413503,0.2808397103621507,5.844320700525759,1.9580323019067474
63,0.0,BAO KT,Min,-165.90384812171214,-0.16382907354891216,-0.49828521777146967,-0.0745186464824494,-6.072332554029463,-1.9844993236263846
63,11.95766282998646,BAO KT,Min,-165.90384812171214,-0.16382907354891216,-0.49828521777146967,-0.0745186464824494,-0.6257450181627574,-0.2638130141795615
63,23.91532565997292,BAO KT,Min,-165.90384812171214,-0.16382907354891216,-0.49828521777146967,-0.0745186464824494,-2.422167564066149,-3.847562400500083
64,0.0,BAO KT,Max,-104.67696377654708,1.5399733133891733,1.5863276745161594,0.5993572414924513,8.045540384318535,8.253688586355592
64,5.42516282998646,BAO KT,Max,-104.67696377654708,1.5399733133891733,1.5863276745161594,0.5993572414924513,0.16235977312405084,0.2873304367636962
64,10.85032565997292,BAO KT,Max,-104.67696377654708,1.5399733133891733,1.5863276745161594,0.5993572414924513,0.4642226308444988,3.902475126446693
64,0.0,BAO KT,Min,-233.38269362238466,-0.6684232471678762,-0.1610159341297216,-0.15359287609680972,-1.282852690907729,-3.3501347840213356
64,5.42516282998646,BAO KT,Min,-233.38269362238466,-0.6684232471678762,-0.1610159341297216,-0.15359287609680972,-1.1739527476735088,-0.11207765816545823
64,10.85032565997292,BAO KT,Min,-233.38269362238466,-0.6684232471678762,-0.1610159341297216,-0.15359287609680972,-9.166631487609319,-8.455523371584476
65,0.0,BAO KT,Max,-77.10217938089896,0.36907523651938257,0.18485930261515288,0.3022733537251458,1.3564951062659885,3.6550328878040252
65,11.07828782998646,BAO KT,Max,-77.10217938089896,0.36907523651938257,0.18485930261515288,0.3022733537251458,-0.09819850409988623,-0.10484418748274185
65,22.15657565997292,BAO KT,Max,-77.10217938089896,0.36907523651938257,0.18485930261515288,0.3022733537251458,6.366082400742705,1.754619849808147
65,0.0,BAO KT,Min,-165.34718233700514,-0.16930406404455065,-0.5868325095325827,-0.08010978769418536,-6.636116496447743,-1.9965784547358405
65,11.07828782998646,BAO KT,Min,-165.34718233700514,-0.16930406404455065,-0.5868325095325827,-0.08010978769418536,-0.6961424117203918,-0.44982392825912926
65,22.15657565997292,BAO KT,Min,-165.34718233700514,-0.16930406404455065,-0.5868325095325827,-0.08010978769418536,-2.7393540185764755,-4.522410514360074
66,0.0,BAO KT,Max,-75.61242059207653,0.4076204805793777,0.1563487505484058,0.3275655602343753,1.3161993760979618,3.6513137528847315
66,10.19891282998646,BAO KT,Max,-75.61242059207653,0.4076204805793777,0.1563487505484058,0.3275655602343753,-0.005771492134033602,-0.15241632682626802
66,20.39782565997292,BAO KT,Max,-75.61242059207653,0.4076204805793777,0.1563487505484058,0.3275655602343753,7.075075176610557,1.911433594760772
66,0.0,BAO KT,Min,-159.8054849121258,-0.20249179556889152,-0.7074478551298446,-0.08681822244287016,-7.35532283584979,-2.218958748828354
66,10.19891282998646,BAO KT,Min,-159.8054849121258,-0.20249179556889152,-0.7074478551298446,-0.08681822244287016,-0.45092220486285767,-0.507200737136567
66,20.39782565997292,BAO KT,Min,-159.8054849121258,-0.20249179556889152,-0.7074478551298446,-0.08681822244287016,-1.8729751797430154,-4.663257745407794
67,0.0,BAO KT,Max,-77.13737289629343,0.283385086230837,0.18794757052708297,0.2813798743536481,1.504988101027297,3.2163048329555695
67,11.95766282998646,BAO KT,Max,-77.13737289629343,0.283385086230837,0.18794757052708297,0.2813798743536481,-0.16092697287091248,0.04768960230722891
67,23.91532565997292,BAO KT,Max,-77.13737289629343,0.283385086230837,0.18794757052708297,0.2813798743536481,5.1002890194377315,1.7640591013929938
67,0.0,BAO KT,Min,-166.29721018684697,-0.14418785729566816,-0.4423690205761193,-0.07487947774783833,-5.479110169523422,-1.7086638984067064
67,11.95766282998646,BAO KT,Min,-166.29721018684697,-0.14418785729566816,-0.4423690205761193,-0.07487947774783833,-0.7539889158444754,-0.17725091843747104
67,23.91532565997292,BAO KT,Min,-166.29721018684697,-0.14418785729566816,-0.4423690205761193,-0.07487947774783833,-2.9898392551286204,-3.5609417914344057
68,0.0,BAO KT,Max,-102.51916814857275,1.8814209879653787,1.451108789691136,0.5970737460150549,7.4458926652408035,10.051793352878821
68,5.42516282998646,BAO KT,Max,-102.51916814857275,1.8814209879653787,1.451108789691136,0.5970737460150549,0.2783873913472573,-0.02749064952082233
68,10.85032565997292,BAO KT,Max,-102.51916814857275,1.8814209879653787,1.451108789691136,0.5970737460150549,-1.373042140248154,2.569382086526392
68,0.0,BAO KT,Min,-234.408989313275,-0.48069697152344565,0.18613175170602742,-0.15152234063125766,0.6465479814234636,-2.6463365982657225
68,5.42516282998646,BAO KT,Min,-234.408989313275,-0.48069697152344565,0.18613175170602742,-0.15152234063125766,-1.0932207435882395,-0.16626351984318258
68,10.85032565997292,BAO KT,Min,-234.408989313275,-0.48069697152344565,0.18613175170602742,-0.15152234063125766,-8.29911027095718,-10.362237070053533
69,0.0,BAO KT,Max,-79.94764115647953,0.2224375867956243,0.1634027822684776,0.2813782909988644,1.3245030054794968,2.7367935435905677
69,11.95766282998646,BAO KT,Max,-79.94764115647953,0.2224375867956243,0.1634027822684776,0.2813782909988644,-0.08282361394976953,0.21756200147394686
69,23.91532565997292,BAO KT,Max,-79.94764115647953,0.2224375867956243,0.1634027822684776,0.2813782909988644,4.965831459247099,2.090414300072774
69,0.0,BAO KT,Min,-172.60172780885054,-0.15662360824409935,-0.424618478389403,-0.07447944395095504,-5.189057732677647,-1.6552902971248806
69,11.95766282998646,BAO KT,Min,-172.60172780885054,-0.15662360824409935,-0.424618478389403,-0.07447944395095504,-0.6418405511057687,0.05739906597021167
69,23.91532565997292,BAO KT,Min,-172.60172780885054,-0.15662360824409935,-0.424618478389403,-0.07447944395095504,-2.583327746216793,-2.5828737836452795
70,0.0,BAO KT,Max,-79.88098298756775,0.20172003761392718,0.19961827411341948,0.3025603571108806,1.4992245498413013,2.39273630925912
70,11.07828782998646,BAO KT,Max,-79.88098298756775,0.20172003761392718,0.19961827411341948,0.3025603571108806,-0.09793700017274941,0.41204149102234777
70,22.15657565997292,BAO KT,Max,-79.88098298756775,0.20172003761392718,0.19961827411341948,0.3025603571108806,5.308240008005213,2.95554864563763
70,0.0,BAO KT,Min,-172.77626040912065,-0.22959388613559706,-0.49188248140954166,-0.07996122715794904,-5.59019140716052,-2.131465663592934
70,11.07828782998646,BAO KT,Min,-172.77626040912065,-0.22959388613559706,-0.49188248140954166,-0.07996122715794904,-0.7194796737718377,0.1580236714963394
70,22.15657565997292,BAO KT,Min,-172.77626040912065,-0.22959388613559706,-0.49188248140954166,-0.07996122715794904,-2.9236328436658914,-2.076688966266441
71,0.0,BAO KT,Max,-78.172489406364,0.19530936833823903,0.17909234369761035,0.3278873513969785,1.5217068889782455,2.186916700380355
71,10.19891282998646,BAO KT,Max,-78.172489406364,0.19530936833823903,0.17909234369761035,0.3278873513969785,-0.01840584597749843,0.48300605466902563
71,20.39782565997292,BAO KT,Max,-78.172489406364,0.19530936833823903,0.17909234369761035,0.3278873513969785,5.751928265776581,3.3802574263982357
71,0.0,BAO KT,Min,-166.66889307084205,-0.2842203354562034,-0.5802597197207469,-0.08663238421390396,-6.0841083345919635,-2.4172194252564205
71,10.19891282998646,BAO KT,Min,-166.66889307084205,-0.2842203354562034,-0.5802597197207469,-0.08663238421390396,-0.4724350174572794,0.19348642372081956
71,20.39782565997292,BAO KT,Min,-166.66889307084205,-0.2842203354562034,-0.5802597197207469,-0.08663238421390396,-2.1313875148015606,-1.7969697447424795
72,0.0,BAO KT,Max,-91.04638489053104,2.4129672866976186,1.3151948261535056,0.595773212542452,6.902745114286781,12.474468784961571
72,5.42516282998646,BAO KT,Max,-91.04638489053104,2.4129672866976186,1.3151948261535056,0.595773212542452,0.38070140624061743,-0.19771214628394873
72,10.85032565997292,BAO KT,Max,-91.04638489053104,2.4129672866976186,1.3151948261535056,0.595773212542452,-2.9695166849508174,1.7215549378825088
72,0.0,BAO KT,Min,-209.36782822571428,-0.35779397071210417,0.4999294905702879,-0.15031967543589175,2.4548810947611672,-2.160626163518635
72,5.42516282998646,BAO KT,Min,-209.36782822571428,-0.35779397071210417,0.4999294905702879,-0.15031967543589175,-0.8931128443838692,-0.6380951153377443
72,10.85032565997292,BAO KT,Min,-209.36782822571428,-0.35779397071210417,0.4999294905702879,-0.15031967543589175,-7.367547055790226,-13.707012082568834
73,0.0,BAO KT,Max,-83.13223399579788,0.23654844265173014,0.14232183701339393,0.28060930555692265,1.1714389197507027,2.8480241804083533
73,11.95766282998646,BAO KT,Max,-83.13223399579788,0.23654844265173014,0.14232183701339393,0.28060930555692265,0.012832233464441473,0.08602714184640431
73,23.91532565997292,BAO KT,Max,-83.13223399579788,0.23654844265173014,0.14232183701339393,0.28060930555692265,4.800630166743651,1.2218820594675306
73,0.0,BAO KT,Min,-179.52755144507472,-0.09498970942488202,-0.4049473599315178,-0.07378239855197719,-4.883817821164866,-1.049827775774722
73,11.95766282998646,BAO KT,Min,-179.52755144507472,-0.09498970942488202,-0.4049473599315178,-0.07378239855197719,-0.5409237845126921,0.019457660220575962
73,23.91532565997292,BAO KT,Min,-179.52755144507472,-0.09498970942488202,-0.4049473599315178,-0.07378239855197719,-2.2322341609502008,-2.809108859967201
74,0.0,BAO KT,Max,-88.51671649682923,0.23120854530262974,0.18807836755799792,0.301890310580754,1.4311420989014385,2.6455762354767214
74,11.07828782998646,BAO KT,Max,-88.51671649682923,0.23120854530262974,0.18807836755799792,0.301890310580754,-0.04066783681195613,0.1791220078396804
74,22.15657565997292,BAO KT,Max,-88.51671649682923,0.23120854530262974,0.18807836755799792,0.301890310580754,4.977971303198955,1.6152806308933838
74,0.0,BAO KT,Min,-190.27901093556298,-0.12980183915388604,-0.45783575857084624,-0.07930968154247803,-5.166101321417095,-1.2606836391233274
74,11.07828782998646,BAO KT,Min,-190.27901093556298,-0.12980183915388604,-0.45783575857084624,-0.07930968154247803,-0.6564845654258671,0.0839584172902876
74,22.15657565997292,BAO KT,Min,-190.27901093556298,-0.12980183915388604,-0.45783575857084624,-0.07930968154247803,-2.7360304819015386,-2.477213391753271
75,0.0,BAO KT,Max,-88.67183425059916,0.23043178546878998,0.18952053967731358,0.3272932073146096,1.6177534544705923,2.458421824563796
75,10.19891282998646,BAO KT,Max,-88.67183425059916,0.23043178546878998,0.18952053967731358,0.3272932073146096,0.0007646234620368466,0.21581892041360018
75,20.39782565997292,BAO KT,Max,-88.67183425059916,0.23043178546878998,0.18952053967731358,0.3272932073146096,5.065672657966054,1.7985100514562258
75,0.0,BAO KT,Min,-188.4441226772217,-0.15617011044508994,-0.5148646594594708,-0.08599813270352488,-5.436446904169557,-1.3870206347014347
75,10.19891282998646,BAO KT,Min,-188.4441226772217,-0.15617011044508994,-0.5148646594594708,-0.08599813270352488,-0.5205898209013768,0.10161988219110582
75,20.39782565997292,BAO KT,Min,-188.4441226772217,-0.15617011044508994,-0.5148646594594708,-0.08599813270352488,-2.2480534728512316,-2.2418855619448634
76,0.0,BAO KT,Max,-84.49971922936705,0.262661990688572,0.13629573370149972,0.2794076424130677,1.1379152830652224,3.0488373390534376
76,11.95766282998646,BAO KT,Max,-84.49971922936705,0.262661990688572,0.13629573370149972,0.2794076424130677,0.06796144971291637,0.023245529525311767
76,23.91532565997292,BAO KT,Max,-84.49971922936705,0.262661990688572,0.13629573370149972,0.2794076424130677,4.473199727828352,0.6523189896200065
76,0.0,BAO KT,Min,-182.48735651134862,-0.0535584529678931,-0.3751392684441657,-0.07295639956807896,-4.498378044857871,-0.6285488549515001
76,11.95766282998646,BAO KT,Min,-182.48735651134862,-0.0535584529678931,-0.3751392684441657,-0.07295639956807896,-0.5002805977097895,-0.09198618385354945
76,23.91532565997292,BAO KT,Min,-182.48735651134862,-0.0535584529678931,-0.3751392684441657,-0.07295639956807896,-2.1216415744710897,-3.232809706760536
77,0.0,BAO KT,Max,-91.87031610560423,0.27766769863855456,0.18709154880198348,0.30082277847010097,1.440614110550073,2.979992064802212
77,11.07828782998646,BAO KT,Max,-91.87031610560423,0.27766769863855456,0.18709154880198348,0.30082277847010097,-0.019089200520634994,0.0467251891607159
77,22.15657565997292,BAO KT,Max,-91.87031610560423,0.27766769863855456,0.18709154880198348,0.30082277847010097,4.527245176428731,0.6785063807497687
77,0.0,BAO KT,Min,-196.884614800894,-0.05810792275100865,-0.4156772716666661,-0.07855736301630512,-4.682739743384875,-0.6208199571380933
77,11.07828782998646,BAO KT,Min,-196.884614800894,-0.05810792275100865,-0.4156772716666661,-0.07855736301630512,-0.6357959937838258,-0.09646764784543259
77,22.15657565997292,BAO KT,Min,-196.884614800894,-0.05810792275100865,-0.4156772716666661,-0.07855736301630512,-2.70469394582259,-3.172173308413482
78,0.0,BAO KT,Max,-92.57979177553607,0.2899170284097452,0.1981734581954531,0.3262703962140646,1.7015865318407437,2.8524698226271963
78,10.19891282998646,BAO KT,Max,-92.57979177553607,0.2899170284097452,0.1981734581954531,0.3262703962140646,0.008609593998166142,0.052409894965199426
78,20.39782565997292,BAO KT,Max,-92.57979177553607,0.2899170284097452,0.1981734581954531,0.3262703962140646,4.420960503656303,0.6943206685984464
78,0.0,BAO KT,Min,-196.36896597172907,-0.0630994053649155,-0.4525567753248712,-0.08527252566860744,-4.810213700659954,-0.6178618308499653
78,10.19891282998646,BAO KT,Min,-196.36896597172907,-0.0630994053649155,-0.4525567753248712,-0.08527252566860744,-0.5422273140696242,-0.10479110690565638
78,20.39782565997292,BAO KT,Min,-196.36896597172907,-0.0630994053649155,-0.4525567753248712,-0.08527252566860744,-2.3407211188640393,-3.061207178732203
79,0.0,BAO KT,Max,-84.70282838006914,0.2432740821811963,0.13740791942001482,0.27789169951261145,1.1610381056847643,2.90713900930138
79,11.95766282998646,BAO KT,Max,-84.70282838006914,0.2432740821811963,0.13740791942001482,0.27789169951261145,0.08277241233772839,0.1481353331406999
79,23.91532565997292,BAO KT,Max,-84.70282838006914,0.2432740821811963,0.13740791942001482,0.27789169951261145,4.066000979600885,0.72462133842305
79,0.0,BAO KT,Min,-182.7442202417338,-0.04821059210974616,-0.34037325314468936,-0.07204092811952324,-4.074136215298763,-0.42835067214165023
79,11.95766282998646,BAO KT,Min,-182.7442202417338,-0.04821059210974616,-0.34037325314468936,-0.07204092811952324,-0.4905484848332637,-0.002286437341448048
79,23.91532565997292,BAO KT,Min,-182.7442202417338,-0.04821059210974616,-0.34037325314468936,-0.07204092811952324,-2.125117035504207,-2.910839890692945
80,0.0,BAO KT,Max,-92.39459192342257,0.25498661490456953,0.19059848773102656,0.2994911604558026,1.483061650880162,2.8266078250694036
80,11.07828782998646,BAO KT,Max,-92.39459192342257,0.25498661490456953,0.19059848773102656,0.2994911604558026,-0.018530777814390668,0.1749347801507353
80,22.15657565997292,BAO KT,Max,-92.39459192342257,0.25498661490456953,0.19059848773102656,0.2994911604558026,4.025213964366344,0.7442247238409866
80,0.0,BAO KT,Min,-197.88015468719922,-0.051471762830963635,-0.37010039979232057,-0.07772083279799359,-4.174943545418433,-0.3962132836754412
80,11.07828782998646,BAO KT,Min,-197.88015468719922,-0.051471762830963635,-0.37010039979232057,-0.07772083279799359,-0.6326579415518734,0.000242876985516006
80,22.15657565997292,BAO KT,Min,-197.88015468719922,-0.051471762830963635,-0.37010039979232057,-0.07772083279799359,-2.7399481632087483,-2.8230224003440694
81,0.0,BAO KT,Max,-93.16581811510139,0.26359512288521003,0.20956909759861872,0.32497965128618533,1.8038300894132866,2.688799797894961
81,10.19891282998646,BAO KT,Max,-93.16581811510139,0.26359512288521003,0.20956909759861872,0.32497965128618533,-0.004224358768763962,0.18214565655699674
81,20.39782565997292,BAO KT,Max,-93.16581811510139,0.26359512288521003,0.20956909759861872,0.32497965128618533,3.8007989948464123,0.7007218508140827
81,0.0,BAO KT,Min,-197.4246946434647,-0.05087150637369256,-0.3921177220894243,-0.08444951922526146,-4.197549938519378,-0.33694626725669946
81,10.19891282998646,BAO KT,Min,-197.4246946434647,-0.05087150637369256,-0.3921177220894243,-0.08444951922526146,-0.5472010280176041,-0.012910688582009618
81,20.39782565997292,BAO KT,Min,-197.4246946434647,-0.05087150637369256,-0.3921177220894243,-0.08444951922526146,-2.4709238271211875,-2.687967563536692
82,0.0,BAO KT,Max,-89.73158899496205,2.63506758881673,1.6605252718610117,0.5972051260412231,8.411822642569746,14.492665189668802
82,5.42516282998646,BAO KT,Max,-89.73158899496205,2.63506758881673,1.6605252718610117,0.5972051260412231,0.13401388664637226,0.3581417216758833
82,10.85032565997292,BAO KT,Max,-89.73158899496205,2.63506758881673,1.6605252718610117,0.5972051260412231,-2.6347072299916463,4.063191811937226
82,0.0,BAO KT,Min,-190.40092936961724,-0.6886046807904239,0.4407551114549113,-0.14904671543684292,2.147629265591802,-3.4103501079915097
82,5.42516282998646,BAO KT,Min,-190.40092936961724,-0.6886046807904239,0.4407551114549113,-0.14904671543684292,-0.844854151677953,0.1732319490570476
82,10.85032565997292,BAO KT,Min,-190.40092936961724,-0.6886046807904239,0.4407551114549113,-0.14904671543684292,-9.6054173237373,-14.098676285032337
83,0.0,BAO KT,Max,-84.73034620842279,0.24222371619857214,0.14056282103949524,0.2762261366748785,1.2003139790011026,2.89715037727827
83,11.95766282998646,BAO KT,Max,-84.73034620842279,0.24222371619857214,0.14056282103949524,0.2762261366748785,0.08507060721559628,0.015919729058431354
83,23.91532565997292,BAO KT,Max,-84.73034620842279,0.24222371619857214,0.14056282103949524,0.2762261366748785,3.6367560201907434,-0.10967273059159553
83,0.0,BAO KT,Min,-182.56598201516306,0.00920819953209534,-0.304271623728008,-0.07108943115891862,-3.63999895035331,0.1105443599604748
83,11.95766282998646,BAO KT,Min,-182.56598201516306,0.00920819953209534,-0.304271623728008,-0.07108943115891862,-0.4894098113107862,-0.00029940699277107737
83,23.91532565997292,BAO KT,Min,-182.56598201516306,0.00920819953209534,-0.304271623728008,-0.07108943115891862,-2.161291661842919,-2.89570867817944
84,0.0,BAO KT,Max,-92.35899641690303,0.25478418616671983,0.19496020803288128,0.2980435203657123,1.531714335662481,2.8238997981467757
84,11.07828782998646,BAO KT,Max,-92.35899641690303,0.25478418616671983,0.19496020803288128,0.2980435203657123,-0.023058134293763938,0.010934251961316917
84,22.15657565997292,BAO KT,Max,-92.35899641690303,0.25478418616671983,0.19496020803288128,0.2980435203657123,3.514087329083814,-0.22249148906203375
84,0.0,BAO KT,Min,-197.72750353031574,0.02027640952170594,-0.3239669532461562,-0.07684223463041724,-3.6639109818455564,0.22470344873421322
84,11.07828782998646,BAO KT,Min,-197.72750353031574,0.02027640952170594,-0.3239669532461562,-0.07684223463041724,-0.6326729204694526,-0.0002998459753855311
84,22.15657565997292,BAO KT,Min,-197.72750353031574,0.02027640952170594,-0.3239669532461562,-0.07684223463041724,-2.7879362643021133,-2.8212452996207773
85,0.0,BAO KT,Max,-93.0968789553101,0.2633516494946584,0.2240735948729694,0.32361251962423776,1.9269755970564049,2.686149827813866
85,10.19891282998646,BAO KT,Max,-93.0968789553101,0.2633516494946584,0.2240735948729694,0.32361251962423776,-0.03180084700115129,0.0038952590422851718
85,20.39782565997292,BAO KT,Max,-93.0968789553101,0.2633516494946584,0.2240735948729694,0.32361251962423776,3.1852943234560573,-0.20994368694887333
85,0.0,BAO KT,Min,-197.15482141538968,0.020626505621024593,-0.33209917543509565,-0.08354351767094598,-3.5888067588897847,0.2107921786832378
85,10.19891282998646,BAO KT,Min,-197.15482141538968,0.020626505621024593,-0.33209917543509565,-0.08354351767094598,-0.5476350947160857,-0.012283572435163448
85,20.39782565997292,BAO KT,Min,-197.15482141538968,0.020626505621024593,-0.33209917543509565,-0.08354351767094598,-2.643638526165827,-2.6856512058444717
86,0.0,BAO KT,Max,-98.15620603507884,3.1899989613179875,2.126787519970298,0.5974778258561089,10.803136796236124,16.974407889619297
86,5.42516282998646,BAO KT,Max,-98.15620603507884,3.1899989613179875,2.126787519970298,0.5974778258561089,0.13681437010896114,0.42955567033041114
86,10.85032565997292,BAO KT,Max,-98.15620603507884,3.1899989613179875,2.126787519970298,0.5974778258561089,-2.396751690579357,4.0018789228046465
86,0.0,BAO KT,Min,-209.5722163718356,-0.6760970305350978,0.38319864415983845,-0.14853644601944246,1.7610783910149705,-3.333994036241821
86,5.42516282998646,BAO KT,Min,-209.5722163718356,-0.6760970305350978,0.38319864415983845,-0.14853644601944246,-0.9741029075430316,-0.4346300930120257
86,10.85032565997292,BAO KT,Min,-209.5722163718356,-0.6760970305350978,0.38319864415983845,-0.14853644601944246,-12.27320040500777,-17.638119695656226
87,0.0,BAO KT,Max,-84.84032947713858,0.2679439111444276,0.14438746975373032,0.27454850580532836,1.2447843297512748,3.1365013745958397
87,11.95766282998646,BAO KT,Max,-84.84032947713858,0.2679439111444276,0.14438746975373032,0.27454850580532836,0.08310242571043173,0.06048105365872515
87,23.91532565997292,BAO KT,Max,-84.84032947713858,0.2679439111444276,0.14438746975373032,0.27454850580532836,3.201925690935767,-0.02941835195140606
87,0.0,BAO KT,Min,-182.74251259148002,0.007488954587774754,-0.26786527249259634,-0.07020887124524014,-3.20415953372206,0.14968243586797542
87,11.95766282998646,BAO KT,Min,-182.74251259148002,0.007488954587774754,-0.26786527249259634,-0.07020887124524014,-0.49097276951638846,-0.11825053158199725
87,23.91532565997292,BAO KT,Min,-182.74251259148002,0.007488954587774754,-0.26786527249259634,-0.07020887124524014,-2.2082890306286758,-3.321884466694473
88,0.0,BAO KT,Max,-26.283092763183383,-0.1660465931167216,6.68352503825139,0.9722536254958517,25.503042096179236,-0.8323581345656975
88,4.08516282998646,BAO KT,Max,-26.283092763183383,-0.1660465931167216,6.68352503825139,0.9722536254958517,-0.6049102093707704,0.5196276725003933
88,8.17032565997292,BAO KT,Max,-26.283092763183383,-0.1660465931167216,6.68352503825139,0.9722536254958517,32.82309196399768,29.061600055520557
88,0.0,BAO KT,Min,-145.2702296247993,-7.240701369110475,-8.284998481064852,-0.3328706587411234,-34.86804371868315,-30.09728813672381
88,4.08516282998646,BAO KT,Min,-145.2702296247993,-7.240701369110475,-8.284998481064852,-0.3328706587411234,-2.265638471472138,-0.5606405568078114
88,8.17032565997292,BAO KT,Min,-145.2702296247993,-7.240701369110475,-8.284998481064852,-0.3328706587411234,-29.103534022917597,0.5242966059269358
89,0.0,BAO KT,Max,-92.4439695878236,0.28974331566080586,0.19937984869278344,0.29657635549693917,1.5806567513318526,3.1287572329706568
89,11.07828782998646,BAO KT,Max,-92.4439695878236,0.28974331566080586,0.19937984869278344,0.29657635549693917,-0.023965565809831044,0.06946706933228416
89,22.15657565997292,BAO KT,Max,-92.4439695878236,0.28974331566080586,0.19937984869278344,0.29657635549693917,3.0057983280505196,0.011906609705143928
89,0.0,BAO KT,Min,-197.83021244976135,0.005109259911871781,-0.2780825622620783,-0.07602309067621886,-3.1555590024283475,0.1251103135089976
89,11.07828782998646,BAO KT,Min,-197.83021244976135,0.005109259911871781,-0.2780825622620783,-0.07602309067621886,-0.6328239445077986,-0.14548805637242718
89,22.15657565997292,BAO KT,Min,-197.83021244976135,0.005109259911871781,-0.2780825622620783,-0.07602309067621886,-2.8369179513037563,-3.3543892963522444
90,0.0,BAO KT,Max,-20.92701910286795,-0.16967147584102188,6.44980270576419,0.8905527419638136,24.560313315074758,-0.8293547861223607
90,4.08516282998646,BAO KT,Max,-20.92701910286795,-0.16967147584102188,6.44980270576419,0.8905527419638136,-0.4195123934656884,0.12788041515046103
90,8.17032565997292,BAO KT,Max,-20.92701910286795,-0.16967147584102188,6.44980270576419,0.8905527419638136,29.08556939399348,26.42664473071885
90,0.0,BAO KT,Min,-149.35733203631298,-6.567672000956664,-7.338152157933494,-0.2707283383005497,-30.869523478756204,-27.233374344983083
90,4.08516282998646,BAO KT,Min,-149.35733203631298,-6.567672000956664,-7.338152157933494,-0.2707283383005497,-2.1276918434485386,-0.40336480713211714
90,8.17032565997292,BAO KT,Min,-149.35733203631298,-6.567672000956664,-7.338152157933494,-0.2707283383005497,-28.13667523359318,0.5569164267070158
91,0.0,BAO KT,Max,-93.19229798306921,0.3044565997721462,0.23361866913398138,0.32213326706768797,2.0163705972604085,3.071075814000564
91,10.19891282998646,BAO KT,Max,-93.19229798306921,0.3044565997721462,0.23361866913398138,0.32213326706768797,-0.040888147953731246,0.07364621893689134
91,20.39782565997292,BAO KT,Max,-93.19229798306921,0.3044565997721462,0.23361866913398138,0.32213326706768797,2.575816702528308,0.043652499097843744
91,0.0,BAO KT,Min,-197.22882842572486,0.002852378998416387,-0.2725965156529944,-0.08273160916202368,-2.9845594992775517,0.10183482862370938
91,10.19891282998646,BAO KT,Min,-197.22882842572486,0.002852378998416387,-0.2725965156529944,-0.08273160916202368,-0.5471847821266235,-0.15728624298892063
91,20.39782565997292,BAO KT,Min,-197.22882842572486,0.002852378998416387,-0.2725965156529944,-0.08273160916202368,-2.748942286649441,-3.2622600553641834
92,0.0,BAO KT,Max,-18.480654496185572,-0.12952310160962535,5.979542457888539,0.8326060534637607,23.06610742843017,-0.7180365422983188
92,4.08516282998646,BAO KT,Max,-18.480654496185572,-0.12952310160962535,5.979542457888539,0.8326060534637607,-0.33132841015754777,0.04702116672378097
92,8.17032565997292,BAO KT,Max,-18.480654496185572,-0.12952310160962535,5.979542457888539,0.8326060534637607,25.883065938681383,24.411115962562285
92,0.0,BAO KT,Min,-133.40213951535586,-6.00839498562792,-6.52203538726032,-0.23653961440580062,-27.40408714110303,-24.67942776376614
92,4.08516282998646,BAO KT,Min,-133.40213951535586,-6.00839498562792,-6.52203538726032,-0.23653961440580062,-1.9445048768386797,-0.19846551546489652
92,8.17032565997292,BAO KT,Min,-133.40213951535586,-6.00839498562792,-6.52203538726032,-0.23653961440580062,-25.788701750154107,0.340209378342083
93,0.0,BAO KT,Max,-84.56229678660625,0.29515744352889395,0.15021405693394058,0.2731210609897631,1.3049654902135759,3.516708883980545
93,11.95766282998646,BAO KT,Max,-84.56229678660625,0.29515744352889395,0.15021405693394058,0.2731210609897631,0.06867259373415369,0.09903829487033125
93,23.91532565997292,BAO KT,Max,-84.56229678660625,0.29515744352889395,0.15021405693394058,0.2731210609897631,2.746634642636747,0.14288597361879882
93,0.0,BAO KT,Min,-182.33429039154734,-0.0036669104466225573,-0.23021754178240994,-0.06944194404640494,-2.759092841728009,0.055190616121863656
93,11.95766282998646,BAO KT,Min,-182.33429039154734,-0.0036669104466225573,-0.23021754178240994,-0.06944194404640494,-0.5006099724957225,-0.07513118382654184
93,23.91532565997292,BAO KT,Min,-182.33429039154734,-0.0036669104466225573,-0.23021754178240994,-0.06944194404640494,-2.287452600067326,-3.5420774989780206
94,0.0,BAO KT,Max,-25.890415308634235,-0.291724686384165,6.004581716718208,0.8749702525476609,22.903750361650243,-1.1049595757521915
94,4.08516282998646,BAO KT,Max,-25.890415308634235,-0.291724686384165,6.004581716718208,0.8749702525476609,-0.45085461374473806,0.4282801868281444
94,8.17032565997292,BAO KT,Max,-25.890415308634235,-0.291724686384165,6.004581716718208,0.8749702525476609,22.417003366881328,22.122013176207492
94,0.0,BAO KT,Min,-144.45675029397785,-5.409581684716171,-5.679410521070393,-0.21813918623652523,-23.985630146940277,-22.076030872148586
94,4.08516282998646,BAO KT,Min,-144.45675029397785,-5.409581684716171,-5.679410521070393,-0.21813918623652523,-2.064622869833813,-0.02136627854914851
94,8.17032565997292,BAO KT,Min,-144.45675029397785,-5.409581684716171,-5.679410521070393,-0.21813918623652523,-26.155637715856784,1.2785261150599045
95,0.0,BAO KT,Max,-91.85250574656023,0.32578729208394624,0.2046429777672574,0.2953103366638547,1.635534998485282,3.5863641161905715
95,11.07828782998646,BAO KT,Max,-91.85250574656023,0.32578729208394624,0.2046429777672574,0.2953103366638547,-0.02348271963588376,0.10392500220464457
95,22.15657565997292,BAO KT,Max,-91.85250574656023,0.32578729208394624,0.2046429777672574,0.2953103366638547,2.4928802434640565,0.17313598707606978
95,0.0,BAO KT,Min,-196.7116869057759,-0.006247444183936662,-0.2319371949173079,-0.07529998226678478,-2.6460537640831627,0.034714017333219355
95,11.07828782998646,BAO KT,Min,-196.7116869057759,-0.006247444183936662,-0.2319371949173079,-0.07529998226678478,-0.6360065357196796,-0.10320782803694044
95,22.15657565997292,BAO KT,Min,-196.7116869057759,-0.006247444183936662,-0.2319371949173079,-0.07529998226678478,-2.8986526216971122,-3.63196666992508
96,0.0,BAO KT,Max,-26.129130861393065,0.4132643397608584,6.221635685454865,0.8590044555229817,23.26742961354396,1.6161798151135613
96,4.08516282998646,BAO KT,Max,-26.129130861393065,0.4132643397608584,6.221635685454865,0.8590044555229817,-0.6193282379146258,0.16916217631809408
96,8.17032565997292,BAO KT,Max,-26.129130861393065,0.4132643397608584,6.221635685454865,0.8590044555229817,17.99869630992453,18.667479002967475
96,0.0,BAO KT,Min,-161.05686551681129,-4.595301627876433,-4.625241306181892,-0.205886727657336,-19.791031417540058,-18.87763180258667
96,4.08516282998646,BAO KT,Min,-161.05686551681129,-4.595301627876433,-4.625241306181892,-0.205886727657336,-2.284830947074689,-0.15433593825501876
96,8.17032565997292,BAO KT,Min,-161.05686551681129,-4.595301627876433,-4.625241306181892,-0.205886727657336,-27.565360074331135,-1.7603244243863454
97,0.0,BAO KT,Max,-92.65003106452637,0.35571581968866817,0.2329344119238852,0.32081140608237985,2.0358857644598913,3.6038552562903208
97,10.19891282998646,BAO KT,Max,-92.65003106452637,0.35571581968866817,0.2329344119238852,0.32081140608237985,-0.014088028778093556,0.11250353353064757
97,20.39782565997292,BAO KT,Max,-92.65003106452637,0.35571581968866817,0.2329344119238852,0.32081140608237985,1.991483264371623,0.21993841255316746
97,0.0,BAO KT,Min,-195.97969157850207,-0.010679366372166977,-0.21501100229225606,-0.08203390452276804,-2.3942736753618536,0.0021025591347280104
97,10.19891282998646,BAO KT,Min,-195.97969157850207,-0.010679366372166977,-0.21501100229225606,-0.08203390452276804,-0.5415556067069409,-0.11245844263240175
97,20.39782565997292,BAO KT,Min,-195.97969157850207,-0.010679366372166977,-0.21501100229225606,-0.08203390452276804,-2.7154697601718367,-3.6519740182134948
98,0.0,BAO KT,Max,-29.906253074008195,1.0653913047423502,6.163615524315339,0.8318069004435362,22.920154345436547,4.408276786188685
98,4.08516282998646,BAO KT,Max,-29.906253074008195,1.0653913047423502,6.163615524315339,0.8318069004435362,-0.7316846671703315,0.05597982866445847
98,8.17032565997292,BAO KT,Max,-29.906253074008195,1.0653913047423502,6.163615524315339,0.8318069004435362,14.253024910064148,15.888011467758819
98,0.0,BAO KT,Min,-164.88243603669613,-3.901440739933384,-3.7101857511753638,-0.24556379640469264,-16.060400936029833,-15.988029920582647
98,4.08516282998646,BAO KT,Min,-164.88243603669613,-3.901440739933384,-3.7101857511753638,-0.24556379640469264,-2.3484175086899755,-0.15405816110849618
98,8.17032565997292,BAO KT,Min,-164.88243603669613,-3.901440739933384,-3.7101857511753638,-0.24556379640469264,-27.438591731084518,-4.296317128859768
99,0.0,BAO KT,Max,-82.94323801948505,0.33304418409289527,0.16316390587725318,0.272207335098555,1.4216407529920374,3.9362582508833563
99,11.95766282998646,BAO KT,Max,-82.94323801948505,0.33304418409289527,0.16316390587725318,0.272207335098555,0.011685174014711457,-0.040151415579517374
99,23.91532565997292,BAO KT,Max,-82.94323801948505,0.33304418409289527,0.16316390587725318,0.272207335098555,2.2144210454692135,-0.42592712101381713
99,0.0,BAO KT,Min,-178.99518449013453,0.032261798222549196,-0.1877798293136693,-0.06878699110247533,-2.2763947249413166,0.34562428985478233
99,11.95766282998646,BAO KT,Min,-178.99518449013453,0.032261798222549196,-0.1877798293136693,-0.06878699110247533,-0.5386832478975251,-0.0872338088632704
99,23.91532565997292,BAO KT,Min,-178.99518449013453,0.032261798222549196,-0.1877798293136693,-0.06878699110247533,-2.480477192015642,-4.028601870858206
100,0.0,BAO KT,Max,-35.931165459048714,1.7404327780565831,5.917461992799847,0.8155904606746366,21.999260460814615,7.140319692901729
100,4.08516282998646,BAO KT,Max,-35.931165459048714,1.7404327780565831,5.917461992799847,0.8155904606746366,-0.6705487961884121,0.19697848790658698
100,8.17032565997292,BAO KT,Max,-35.931165459048714,1.7404327780565831,5.917461992799847,0.8155904606746366,10.765885325652341,13.086575459088504
100,0.0,BAO KT,Min,-165.89690767308508,-3.2056470007140305,-2.848921924599777,-0.23252518796574959,-12.510734578164655,-13.104604487660573
100,4.08516282998646,BAO KT,Min,-165.89690767308508,-3.2056470007140305,-2.848921924599777,-0.23252518796574959,-2.3122100798147094,-0.16067452722857756
100,8.17032565997292,BAO KT,Min,-165.89690767308508,-3.2056470007140305,-2.848921924599777,-0.23252518796574959,-26.348331100872464,-7.079582893111929
101,0.0,BAO KT,Max,-88.41150146990145,0.38066356623871456,0.2144230716996116,0.29447580738177365,1.7235234081232857,4.128334885326737
101,11.07828782998646,BAO KT,Max,-88.41150146990145,0.38066356623871456,0.2144230716996116,0.29447580738177365,-0.037056572622099326,-0.08668239194545858
101,22.15657565997292,BAO KT,Max,-88.41150146990145,0.38066356623871456,0.2144230716996116,0.29447580738177365,1.93750011563311,-0.609017728625358
101,0.0,BAO KT,Min,-189.9036613082991,0.04703035942856161,-0.18295706097530134,-0.0746671599791196,-2.1162018483924334,0.43301398836928817
101,11.07828782998646,BAO KT,Min,-189.9036613082991,0.04703035942856161,-0.18295706097530134,-0.0746671599791196,-0.6553468101344411,-0.1797117645484342
101,22.15657565997292,BAO KT,Min,-189.9036613082991,0.04703035942856161,-0.18295706097530134,-0.0746671599791196,-3.0273576032329568,-4.305866221036455
103,0.0,BAO KT,Max,-34.16333183150914,2.4373391188893896,5.649065456524436,0.813087248055942,21.071027086814674,9.96081053625835
103,4.08516282998646,BAO KT,Max,-34.16333183150914,2.4373391188893896,5.649065456524436,0.813087248055942,-0.6055946544484947,0.00642058907912367
103,8.17032565997292,BAO KT,Max,-34.16333183150914,2.4373391188893896,5.649065456524436,0.813087248055942,7.336971596252378,10.31242431211692
103,0.0,BAO KT,Min,-136.6845852722942,-2.550548188214119,-2.0010032208831943,-0.20776121182972962,-9.011876365018043,-10.526384997046339
103,4.08516282998646,BAO KT,Min,-136.6845852722942,-2.550548188214119,-2.0010032208831943,-0.20776121182972962,-2.26573089702706,-0.4395055108565467
103,8.17032565997292,BAO KT,Min,-136.6845852722942,-2.550548188214119,-2.0010032208831943,-0.20776121182972962,-25.083677367493564,-9.953043808859421
104,0.0,BAO KT,Max,-88.72593071284501,0.42574952647723974,0.22846338993222612,0.31997916537575205,2.0295536429471497,4.241103055594663
104,10.19891282998646,BAO KT,Max,-88.72593071284501,0.42574952647723974,0.22846338993222612,0.31997916537575205,0.01702223880976966,-0.1003655239858191
104,20.39782565997292,BAO KT,Max,-88.72593071284501,0.42574952647723974,0.22846338993222612,0.31997916537575205,1.4478983878280869,-0.6568635906932891
104,0.0,BAO KT,Min,-187.87244333909408,0.054245142957272244,-0.16046109845757386,-0.08139239027713868,-1.8251591237172544,0.449619378249458
104,10.19891282998646,BAO KT,Min,-187.87244333909408,0.054245142957272244,-0.16046109845757386,-0.08139239027713868,-0.5202081268898222,-0.21209139354108567
104,20.39782565997292,BAO KT,Min,-187.87244333909408,0.054245142957272244,-0.16046109845757386,-0.08139239027713868,-2.6306027545768114,-4.443261560304098
105,0.0,BAO KT,Max,-34.523936810038876,3.0273483395198495,5.305530944233853,0.8010615250399709,19.954110416241868,12.514528212809632
105,4.08516282998646,BAO KT,Max,-34.523936810038876,3.0273483395198495,5.305530944233853,0.8010615250399709,-0.5425685272794082,0.27726579166078513
105,8.17032565997292,BAO KT,Max,-34.523936810038876,3.0273483395198495,5.305530944233853,0.8010615250399709,4.091155260172729,10.691551337306077
105,0.0,BAO KT,Min,-119.6313327903105,-2.604233003511766,-1.188813779792894,-0.2092534997071309,-5.621840469798549,-10.585880395834453
105,4.08516282998646,BAO KT,Min,-119.6313327903105,-2.604233003511766,-1.188813779792894,-0.2092534997071309,-2.1598971657205217,-0.18263900778682884
105,8.17032565997292,BAO KT,Min,-119.6313327903105,-2.604233003511766,-1.188813779792894,-0.2092534997071309,-23.39380519721234,-12.219893607245808
106,0.0,BAO KT,Max,-79.56301233189586,0.36852388626019816,0.1981346944118503,0.2718744324308162,1.7421242614002337,4.33693127348527
106,11.95766282998646,BAO KT,Max,-79.56301233189586,0.36852388626019816,0.1981346944118503,0.2718744324308162,-0.08169064614153139,-0.05861225223268187
106,23.91532565997292,BAO KT,Max,-79.56301233189586,0.36852388626019816,0.1981346944118503,0.2718744324308162,1.7565875525868617,-0.4991116171607608
106,0.0,BAO KT,Min,-171.43383184926094,0.036838249346137296,-0.1551508653755494,-0.06828897656741797,-1.9538959192960192,0.38188711269539705
106,11.95766282998646,BAO KT,Min,-171.43383184926094,0.036838249346137296,-0.1551508653755494,-0.06828897656741797,-0.6375410543124099,-0.2130642745189026
106,23.91532565997292,BAO KT,Min,-171.43383184926094,0.036838249346137296,-0.1551508653755494,-0.06828897656741797,-2.996331479998382,-4.476437479906188
107,0.0,BAO KT,Max,-47.32941414309623,3.757932652617196,5.384310331531798,0.789594048879901,19.945213534816954,15.444293469495728
107,4.08516282998646,BAO KT,Max,-47.32941414309623,3.757932652617196,5.384310331531798,0.789594048879901,-0.6145606060249768,0.4210367689971912
107,8.17032565997292,BAO KT,Max,-47.32941414309623,3.757932652617196,5.384310331531798,0.789594048879901,0.6097826104398081,11.39057774577518
107,0.0,BAO KT,Min,-155.47865540636224,-2.7368554428165766,-0.3364943297306331,-0.20302087611197095,-2.1394856461937724,-10.970422506305644
107,4.08516282998646,BAO KT,Min,-155.47865540636224,-2.7368554428165766,-0.3364943297306331,-0.20302087611197095,-2.184022183615153,-0.012360239169493071
107,8.17032565997292,BAO KT,Min,-155.47865540636224,-2.7368554428165766,-0.3364943297306331,-0.20302087611197095,-24.046355328154597,-15.259240110632653
108,0.0,BAO KT,Max,-79.63796013548111,0.43845098821064604,0.24279943221023337,0.2941363543644627,1.982027227404902,4.69181535152355
108,11.07828782998646,BAO KT,Max,-79.63796013548111,0.43845098821064604,0.24279943221023337,0.2941363543644627,-0.09053777818089996,-0.16221824011025296
108,22.15657565997292,BAO KT,Max,-79.63796013548111,0.43845098821064604,0.24279943221023337,0.2941363543644627,1.5459014510284912,-0.9082636877326777
108,0.0,BAO KT,Min,-172.13137603045521,0.0672482902047458,-0.1515268502949522,-0.07415440993670672,-1.8114146720490065,0.5817281421925885
108,11.07828782998646,BAO KT,Min,-172.13137603045521,0.0672482902047458,-0.1515268502949522,-0.07415440993670672,-0.7123534408179545,-0.40676771083358343
108,22.15657565997292,BAO KT,Min,-172.13137603045521,0.0672482902047458,-0.1515268502949522,-0.07415440993670672,-3.3975767625595994,-5.022757141955523
109,0.0,BAO KT,Max,-52.91248721458443,4.432352158261747,5.274620480247884,0.7880216628204708,19.44783892412457,18.228204685549525
109,4.08516282998646,BAO KT,Max,-52.91248721458443,4.432352158261747,5.274620480247884,0.7880216628204708,-0.5827629204045897,0.17805593290554433
109,8.17032565997292,BAO KT,Max,-52.91248721458443,4.432352158261747,5.274620480247884,0.7880216628204708,-2.5854554936156697,10.362998888487969
109,0.0,BAO KT,Min,-169.10111960833996,-2.5388990271690974,0.463593565989704,-0.19773905388660992,1.2022549143883592,-10.42926114172526
109,4.08516282998646,BAO KT,Min,-169.10111960833996,-2.5388990271690974,0.463593565989704,-0.19773905388660992,-2.17296126917163,-0.07458724982214288
109,8.17032565997292,BAO KT,Min,-169.10111960833996,-2.5388990271690974,0.463593565989704,-0.19773905388660992,-23.647528132263403,-17.985555887132783
110,0.0,BAO KT,Max,-78.10957054573782,0.5001135229752058,0.22585375222901766,0.31957395006422695,2.035840022375814,4.907743444036735
110,10.19891282998646,BAO KT,Max,-78.10957054573782,0.5001135229752058,0.22585375222901766,0.31957395006422695,0.02299745014665175,-0.1922176556620055
110,20.39782565997292,BAO KT,Max,-78.10957054573782,0.5001135229752058,0.22585375222901766,0.31957395006422695,1.2796044301836114,-1.1305837345281144
110,0.0,BAO KT,Min,-165.9749930137116,0.08900896964832163,-0.1417613265198019,-0.08089647386340874,-1.6120183934938035,0.6850057105321712
110,10.19891282998646,BAO KT,Min,-165.9749930137116,0.08900896964832163,-0.1417613265198019,-0.08089647386340874,-0.4726254226201553,-0.47476507598107776
110,20.39782565997292,BAO KT,Min,-165.9749930137116,0.08900896964832163,-0.1417613265198019,-0.08089647386340874,-2.5710854402424084,-5.293485007806374
111,0.0,BAO KT,Max,-56.96295004033818,5.10279434302144,5.031634974325694,0.785273450895955,18.698923036443567,21.011414731481707
111,4.08516282998646,BAO KT,Max,-56.96295004033818,5.10279434302144,5.031634974325694,0.785273450895955,-0.46536873790326133,0.1656689523053414
111,8.17032565997292,BAO KT,Max,-56.96295004033818,5.10279434302144,5.031634974325694,0.785273450895955,-5.458245254263122,10.15099715990304
111,0.0,BAO KT,Min,-170.54775739502574,-2.504948931540694,1.2043456528542882,-0.2024801803499594,4.381650936729107,-10.315251372385644
111,4.08516282998646,BAO KT,Min,-170.54775739502574,-2.504948931540694,1.2043456528542882,-0.2024801803499594,-1.9132392459441652,-0.21875746023176545
111,8.17032565997292,BAO KT,Min,-170.54775739502574,-2.504948931540694,1.2043456528542882,-0.2024801803499594,-22.411173305906846,-20.724776376800918
112,0.0,BAO KT,Max,-76.80041070468228,0.38416347969274545,0.26360249460725327,0.27212719157520016,2.411028675757138,4.580227099511696
112,11.95766282998646,BAO KT,Max,-76.80041070468228,0.38416347969274545,0.26360249460725327,0.27212719157520016,-0.16019607395237873,0.1188417575931416
112,23.91532565997292,BAO KT,Max,-76.80041070468228,0.38416347969274545,0.26360249460725327,0.27212719157520016,1.5530752304771238,0.21191891910407717
112,0.0,BAO KT,Min,-164.85672053727723,-0.008016754830942295,-0.14476573351788932,-0.06812762437071468,-1.9090444310080557,0.020195616585931053
112,11.95766282998646,BAO KT,Min,-164.85672053727723,-0.008016754830942295,-0.14476573351788932,-0.06812762437071468,-0.7529055851988217,-0.04457166947754099
112,23.91532565997292,BAO KT,Min,-164.85672053727723,-0.008016754830942295,-0.14476573351788932,-0.06812762437071468,-3.893110827556578,-4.607167624008705
113,0.0,BAO KT,Max,-62.37608881689818,5.86236495526118,4.714431743466862,0.7880426188900083,17.756150535375806,24.03143646765898
113,4.08516282998646,BAO KT,Max,-62.37608881689818,5.86236495526118,4.714431743466862,0.7880426188900083,-0.33272637309747194,0.2428213175744423
113,8.17032565997292,BAO KT,Max,-62.37608881689818,5.86236495526118,4.714431743466862,0.7880426188900083,-7.334095580096129,11.120658238248275
113,0.0,BAO KT,Min,-162.5207865963176,-2.682585208228831,1.5940705915148192,-0.19620354038368018,5.432126264398659,-10.796936523607544
113,4.08516282998646,BAO KT,Min,-162.5207865963176,-2.682585208228831,1.5940705915148192,-0.19620354038368018,-1.5795492424827993,-0.3590975234483889
113,8.17032565997292,BAO KT,Min,-162.5207865963176,-2.682585208228831,1.5940705915148192,-0.19620354038368018,-20.76229211046237,-23.865994354437447
114,0.0,BAO KT,Max,-77.49313400144906,0.4014890022424757,0.2664546711310909,0.27216447016516193,2.582395737198971,4.837227864374034
114,11.95766282998646,BAO KT,Max,-77.49313400144906,0.4014890022424757,0.2664546711310909,0.27216447016516193,-0.08423162907724216,0.10268798484579081
114,23.91532565997292,BAO KT,Max,-77.49313400144906,0.4014890022424757,0.2664546711310909,0.27216447016516193,1.9800406485514166,0.10049439139955496
114,0.0,BAO KT,Min,-165.14335194346327,-0.0006808237272582802,-0.1738793526432768,-0.06863070799188183,-2.178340695457821,0.08421227024513661
114,11.95766282998646,BAO KT,Min,-165.14335194346327,-0.0006808237272582802,-0.1738793526432768,-0.06863070799188183,-0.6176511888513129,-0.013990411956145532
114,23.91532565997292,BAO KT,Min,-165.14335194346327,-0.0006808237272582802,-0.1738793526432768,-0.06863070799188183,-3.7899544965220517,-4.764512373152369
115,0.0,BAO KT,Max,-59.61167667654627,6.454479069921321,4.7301192463907835,0.7962499512665473,18.97172142042151,26.612990639288412
115,4.08516282998646,BAO KT,Max,-59.61167667654627,6.454479069921321,4.7301192463907835,0.7962499512665473,-0.3515859063376887,0.2522753020352775
115,8.17032565997292,BAO KT,Max,-59.61167667654627,6.454479069921321,4.7301192463907835,0.7962499512665473,-8.300624518196882,10.36748138404749
115,0.0,BAO KT,Min,-132.19981157350867,-2.5473771021173826,1.7923319420136248,-0.19511958487251407,5.966349756516543,-10.44541911900962
115,4.08516282998646,BAO KT,Min,-132.19981157350867,-2.5473771021173826,1.7923319420136248,-0.19511958487251407,-1.7095604196485814,-0.16459308131544706
115,8.17032565997292,BAO KT,Min,-132.19981157350867,-2.5473771021173826,1.7923319420136248,-0.19511958487251407,-20.117245210441773,-26.122205327447908
116,0.0,BAO KT,Max,-77.04537763726115,0.4333202537148092,0.3295136693899664,0.2942141054914806,2.966362211421556,4.931720962455448
116,11.07828782998646,BAO KT,Max,-77.04537763726115,0.4333202537148092,0.3295136693899664,0.2942141054914806,-0.10070525731591443,0.25264688404895275
116,22.15657565997292,BAO KT,Max,-77.04537763726115,0.4333202537148092,0.3295136693899664,0.2942141054914806,1.8176481838710343,0.7071551392547731
116,0.0,BAO KT,Min,-164.98485784477927,-0.04190035513329252,-0.1758447630672672,-0.0743150149101129,-2.078469613438883,-0.22121324943575732
116,11.07828782998646,BAO KT,Min,-164.98485784477927,-0.04190035513329252,-0.1758447630672672,-0.0743150149101129,-0.6899479803779376,0.11813564045526675
116,22.15657565997292,BAO KT,Min,-164.98485784477927,-0.04190035513329252,-0.1758447630672672,-0.0743150149101129,-4.334532335412538,-4.669172023975383
117,0.0,BAO KT,Max,-59.036922916133975,7.265296671268707,5.644532919578166,0.8033534545637495,22.63266533952231,29.60092103863626
117,4.08516282998646,BAO KT,Max,-59.036922916133975,7.265296671268707,5.644532919578166,0.8033534545637495,-0.4261707361733698,0.5379857331367732
117,8.17032565997292,BAO KT,Max,-59.036922916133975,7.265296671268707,5.644532919578166,0.8033534545637495,-8.737216700822398,10.747895840403187
117,0.0,BAO KT,Min,-145.47853804537277,-2.604986102498422,1.9795298319250918,-0.1968613820391958,6.483807887513344,-10.53568895671252
117,4.08516282998646,BAO KT,Min,-145.47853804537277,-2.604986102498422,1.9795298319250918,-0.1968613820391958,-1.785054211053459,-0.3654213100801156
117,8.17032565997292,BAO KT,Min,-145.47853804537277,-2.604986102498422,1.9795298319250918,-0.1968613820391958,-23.48500681186905,-29.806823557944597
119,0.0,BAO KT,Max,-75.73738062842044,0.49243891441285637,0.31051788682084774,0.3197089713390273,2.8104630306887217,5.183510034664217
119,10.19891282998646,BAO KT,Max,-75.73738062842044,0.49243891441285637,0.31051788682084774,0.3197089713390273,-0.031000324635977045,0.300014680718546
119,20.39782565997292,BAO KT,Max,-75.73738062842044,0.49243891441285637,0.31051788682084774,0.3197089713390273,1.6153327874934946,0.9200262523397156
119,0.0,BAO KT,Min,-159.22540260402775,-0.06146278835665077,-0.17402209651134484,-0.08107771812096717,-1.934339598127899,-0.33368098913506034
119,10.19891282998646,BAO KT,Min,-159.22540260402775,-0.06146278835665077,-0.17402209651134484,-0.08107771812096717,-0.4492859230635925,0.15456477129622326
119,20.39782565997292,BAO KT,Min,-159.22540260402775,-0.06146278835665077,-0.17402209651134484,-0.08107771812096717,-3.528858609604816,-4.861173089715553
120,0.0,BAO KT,Max,-77.88397843952791,0.4339023936245028,0.2725728723225205,0.27258158648284303,2.780090485498837,5.214386088289576
120,11.95766282998646,BAO KT,Max,-77.88397843952791,0.4339023936245028,0.2725728723225205,0.27258158648284303,0.008253400222604637,0.20282098565963774
120,23.91532565997292,BAO KT,Max,-77.88397843952791,0.4339023936245028,0.2725728723225205,0.27258158648284303,2.407463309921727,0.47633620950585676
120,0.0,BAO KT,Min,-164.0559297407043,-0.02421724835128481,-0.20246395712343598,-0.0687964098273031,-2.4345281590920385,-0.10282717140356168
120,11.95766282998646,BAO KT,Min,-164.0559297407043,-0.02421724835128481,-0.20246395712343598,-0.0687964098273031,-0.494033499167538,-0.26299295309401916
120,23.91532565997292,BAO KT,Min,-164.0559297407043,-0.02421724835128481,-0.20246395712343598,-0.0687964098273031,-3.738578522168459,-5.162530959882165
121,0.0,BAO KT,Max,-82.83642050118017,0.48398717184641016,0.34865914378553664,0.2946033422922402,3.2809636799610287,5.443978567760423
121,11.07828782998646,BAO KT,Max,-82.83642050118017,0.48398717184641016,0.34865914378553664,0.2946033422922402,-0.043429781291680965,0.3135260223661836
121,22.15657565997292,BAO KT,Max,-82.83642050118017,0.48398717184641016,0.34865914378553664,0.2946033422922402,2.1424650414318327,0.9227341479807087
121,0.0,BAO KT,Min,-174.0185935850492,-0.056467909528493135,-0.20079882532006782,-0.07454733746593589,-2.3065493242059354,-0.3284013618478552
121,11.07828782998646,BAO KT,Min,-174.0185935850492,-0.056467909528493135,-0.20079882532006782,-0.07454733746593589,-0.587873593115604,-0.20842848060460456
121,22.15657565997292,BAO KT,Min,-174.0185935850492,-0.056467909528493135,-0.20079882532006782,-0.07454733746593589,-4.444129018864591,-5.279519823710878
122,0.0,BAO KT,Max,-83.74816420824754,0.5566253408194105,0.3775923344351231,0.3202504591707664,3.4722652988,5.782584169458829
122,10.19891282998646,BAO KT,Max,-83.74816420824754,0.5566253408194105,0.3775923344351231,0.3202504591707664,-0.028718825140083507,0.3571680798329642
122,20.39782565997292,BAO KT,Max,-83.74816420824754,0.5566253408194105,0.3775923344351231,0.3202504591707664,1.7024546613576903,1.1143308078339669
122,0.0,BAO KT,Min,-172.5619115333742,-0.07571997179444162,-0.18426390249310562,-0.0814984713181259,-2.056128297122928,-0.43019197580712015
122,10.19891282998646,BAO KT,Min,-172.5619115333742,-0.07571997179444162,-0.18426390249310562,-0.0814984713181259,-0.4712849665378865,-0.18519588628542982
122,20.39782565997292,BAO KT,Min,-172.5619115333742,-0.07571997179444162,-0.18426390249310562,-0.0814984713181259,-4.229797309549831,-5.5713624904985135
123,0.0,BAO KT,Max,-54.13785491166442,0.18065683926583265,0.6316870125954607,0.36776047182511934,6.624274729501891,1.8849705321058103
123,10.356795631481926,BAO KT,Max,-54.13785491166442,0.18065683926583265,0.6316870125954607,0.36776047182511934,0.42332741935717216,0.26589402386915195
123,20.713591262963853,BAO KT,Max,-54.13785491166442,0.18065683926583265,0.6316870125954607,0.36776047182511934,1.867752336434851,3.1065890431255974
123,0.0,BAO KT,Min,-156.10229528952334,-0.2752203176696004,-0.153281296414016,-0.06325189392289328,-1.3072537857422832,-2.594212124345572
123,10.356795631481926,BAO KT,Min,-156.10229528952334,-0.2752203176696004,-0.153281296414016,-0.06325189392289328,0.03778918811910513,-0.010219076506449123
123,20.713591262963853,BAO KT,Min,-156.10229528952334,-0.2752203176696004,-0.153281296414016,-0.06325189392289328,-6.460231855523177,-1.8570813953056047
125,0.0,BAO KT,Max,-56.38225834925363,0.15155773881994894,0.5190304302032761,0.3946312405804889,5.9786162854658755,1.7233047104051
125,11.24461337841796,BAO KT,Max,-56.38225834925363,0.15155773881994894,0.5190304302032761,0.3946312405804889,0.7874897235566457,0.26037897604944726
125,22.48922675683592,BAO KT,Max,-56.38225834925363,0.15155773881994894,0.5190304302032761,0.3946312405804889,3.0777954638872904,3.338024887817814
125,0.0,BAO KT,Min,-166.70005400302097,-0.27447110988735035,-0.2048022585689768,-0.052467250170834,-1.5280489693825707,-2.8346181406392366
125,11.24461337841796,BAO KT,Min,-166.70005400302097,-0.27447110988735035,-0.2048022585689768,-0.052467250170834,0.14231976619608785,0.010348965457183577
125,22.48922675683592,BAO KT,Min,-166.70005400302097,-0.27447110988735035,-0.2048022585689768,-0.052467250170834,-5.6939767530736995,-1.6851116446700454
126,0.0,BAO KT,Max,-54.44759209611157,0.22664569345901509,0.20082362590623465,0.26818912176355947,1.454612373650055,2.2197262621176352
126,10.91512522259526,BAO KT,Max,-54.44759209611157,0.22664569345901509,0.20082362590623465,0.26818912176355947,-0.152004052887593,-0.0060161391348582645
126,21.83025044519052,BAO KT,Max,-54.44759209611157,0.22664569345901509,0.20082362590623465,0.26818912176355947,5.566647573072723,2.296632825723447
126,0.0,BAO KT,Min,-167.22600715145091,-0.21233039215879862,-0.532653443382804,-0.1584983312936322,-6.061310496466994,-2.3385928122286437
126,10.91512522259526,BAO KT,Min,-167.22600715145091,-0.21233039215879862,-0.532653443382804,-0.1584983312936322,-0.8114609265190791,-0.26388863850044775
126,21.83025044519052,BAO KT,Min,-167.22600715145091,-0.21233039215879862,-0.532653443382804,-0.1584983312936322,-2.9294176751942977,-2.728005988416543
127,0.0,BAO KT,Max,-49.926880102961846,0.21931187838194507,0.16202325916741883,0.3000722845375669,1.3504427804973598,1.9433281033998808
127,10.044035300510888,BAO KT,Max,-49.926880102961846,0.21931187838194507,0.16202325916741883,0.3000722845375669,-0.015809434524765315,0.014277844365652374
127,20.088070601021776,BAO KT,Max,-49.926880102961846,0.21931187838194507,0.16202325916741883,0.3000722845375669,6.290161741187779,2.4152920857497673
127,0.0,BAO KT,Min,-154.57922301280894,-0.24388280749657332,-0.6466759211923911,-0.12611523891450277,-6.70030981970577,-2.4838429696168007
127,10.044035300510888,BAO KT,Min,-154.57922301280894,-0.24388280749657332,-0.6466759211923911,-0.12611523891450277,-0.4919326668598758,-0.2687467588941123
127,20.088070601021776,BAO KT,Min,-154.57922301280894,-0.24388280749657332,-0.6466759211923911,-0.12611523891450277,-1.904291888665398,-2.4622243931793335
128,0.0,BAO KT,Max,-30.461899562135294,0.012510460933954099,0.11321689404241522,0.3799397718887225,1.418896499837739,-0.06337288802232535
128,10.915125222595242,BAO KT,Max,-30.461899562135294,0.012510460933954099,0.11321689404241522,0.3799397718887225,0.7336984346657267,-0.005712931043035012
128,21.830250445190483,BAO KT,Max,-30.461899562135294,0.012510460933954099,0.11321689404241522,0.3799397718887225,4.188886035930609,5.081284088978185
128,0.0,BAO KT,Min,-149.15464326968694,-0.46761146459710934,-0.32409312201847507,-0.05510020915630474,-2.886147985296379,-5.126791294219035
128,10.915125222595242,BAO KT,Min,-149.15464326968694,-0.46761146459710934,-0.32409312201847507,-0.05510020915630474,0.09181166227351018,-0.2062448930470412
128,21.830250445190483,BAO KT,Min,-149.15464326968694,-0.46761146459710934,-0.32409312201847507,-0.05510020915630474,-1.05265665173478,-0.336479383395315
129,0.0,BAO KT,Max,-27.841553587248654,0.019464020905194546,0.11049420910313192,0.36371826813751235,1.2615287844864471,-0.013662116584034795
129,10.044035300510886,BAO KT,Max,-27.841553587248654,0.019464020905194546,0.11049420910313192,0.36371826813751235,0.4220643351781537,0.04484838186360042
129,20.088070601021773,BAO KT,Max,-27.841553587248654,0.019464020905194546,0.11049420910313192,0.36371826813751235,2.987933881032808,5.277432296542787
129,0.0,BAO KT,Min,-139.4431513169013,-0.5275128415449959,-0.2713938688213749,-0.06626090621550626,-2.47469705469819,-5.319282907358703
129,10.044035300510886,BAO KT,Min,-139.4431513169013,-0.5275128415449959,-0.2713938688213749,-0.06626090621550626,-0.014213169440605253,-0.21724587967201742
129,20.088070601021773,BAO KT,Min,-139.4431513169013,-0.5275128415449959,-0.2713938688213749,-0.06626090621550626,-0.9580866889813293,-0.4046567427073466
132,0.0,BAO KT,Max,-68.71908663686042,0.4564887713630198,0.2959100634078217,0.28236673391558076,2.6664958327579846,4.749084596673153
132,10.356795631481923,BAO KT,Max,-68.71908663686042,0.4564887713630198,0.2959100634078217,0.28236673391558076,-0.03788020580206039,0.21353982098233573
132,20.713591262963845,BAO KT,Max,-68.71908663686042,0.4564887713630198,0.2959100634078217,0.28236673391558076,1.0606612152387709,1.0459772972279813
132,0.0,BAO KT,Min,-165.52044572086282,-0.0810949700573042,-0.11445157280299627,-0.1243195433855657,-1.3100418832058431,-0.6337907660213098
132,10.356795631481923,BAO KT,Min,-165.52044572086282,-0.0810949700573042,-0.11445157280299627,-0.1243195433855657,-0.4694130660307355,-0.030350730313720375
132,20.713591262963845,BAO KT,Min,-165.52044572086282,-0.0810949700573042,-0.11445157280299627,-0.1243195433855657,-3.46286427126935,-4.706437229472994
135,0.0,BAO KT,Max,-69.85983830088722,0.40389530936381013,0.35370817441895264,0.25301325458036855,3.152852078555296,4.565977199935617
135,11.244613378417975,BAO KT,Max,-69.85983830088722,0.40389530936381013,0.35370817441895264,0.25301325458036855,-0.16721873443145782,0.2032368304325819
135,22.48922675683595,BAO KT,Max,-69.85983830088722,0.40389530936381013,0.35370817441895264,0.25301325458036855,1.0878236804105073,0.974223327733172
135,0.0,BAO KT,Min,-172.993315964881,-0.06906639472502707,-0.11161276716287946,-0.1630977794976265,-1.4222611492734227,-0.5790264845151003
135,11.244613378417975,BAO KT,Min,-172.993315964881,-0.06906639472502707,-0.11161276716287946,-0.1630977794976265,-0.8244595915718576,0.01173651787268984
135,22.48922675683595,BAO KT,Min,-172.993315964881,-0.06906639472502707,-0.11161276716287946,-0.1630977794976265,-4.801771261699011,-4.517315998369515
136,0.0,BAO KT,Max,-60.625381255384376,2.0543874533426765,1.4073787694148252,0.5401384197260862,7.718814680621393,11.441233770708475
136,5.537309819213555,BAO KT,Max,-60.625381255384376,2.0543874533426765,1.4073787694148252,0.5401384197260862,0.3150670546649766,0.3983409459634126
136,11.07461963842711,BAO KT,Max,-60.625381255384376,2.0543874533426765,1.4073787694148252,0.5401384197260862,-3.0126804552419166,5.217930289312115
136,0.0,BAO KT,Min,-215.71495892424173,-0.8811711433117669,0.4960429647953798,-0.2062495901759333,2.4808067041846042,-4.54070495922365
136,5.537309819213555,BAO KT,Min,-215.71495892424173,-0.8811711433117669,0.4960429647953798,-0.2062495901759333,-0.731469497699996,-0.1925899067942271
136,11.07461963842711,BAO KT,Min,-215.71495892424173,-0.8811711433117669,0.4960429647953798,-0.2062495901759333,-7.867369877845412,-11.31032586501859
137,0.0,BAO KT,Max,-16.049362944295964,0.7742083314666861,-0.511922318580952,0.6591156875415813,-2.5181047684484708,3.7914219941938194
137,5.315184061430239,BAO KT,Max,-16.049362944295964,0.7742083314666861,-0.511922318580952,0.6591156875415813,0.6010371826957758,0.24399579980987712
137,10.630368122860478,BAO KT,Max,-16.049362944295964,0.7742083314666861,-0.511922318580952,0.6591156875415813,8.451154181260927,13.304518336096235
137,0.0,BAO KT,Min,-178.21365947837643,-2.517358985062415,-1.5917068716821632,-0.1485652540063031,-8.469275808407112,-13.455934372507665
137,5.315184061430239,BAO KT,Min,-178.21365947837643,-2.517358985062415,-1.5917068716821632,-0.1485652540063031,-0.474501086980444,-0.38475836088665677
137,10.630368122860478,BAO KT,Min,-178.21365947837643,-2.517358985062415,-1.5917068716821632,-0.1485652540063031,2.923817928375308,-4.438697573082639
138,0.0,BAO KT,Max,-84.69287603207773,2.180158339967413,2.7003529134686755,0.690850051740004,15.14452938143788,12.154989816367383
138,5.537309819213555,BAO KT,Max,-84.69287603207773,2.180158339967413,2.7003529134686755,0.690850051740004,0.6238845522032411,0.42376389760981464
138,11.07461963842711,BAO KT,Max,-84.69287603207773,2.180158339967413,2.7003529134686755,0.690850051740004,10.262040755112492,1.8541542622463385
138,0.0,BAO KT,Min,-182.9937694598519,-0.2661448526004399,-1.8156833723816996,-0.15492839476481834,-9.845961977831442,-1.093298749028782
138,5.537309819213555,BAO KT,Min,-182.9937694598519,-0.2661448526004399,-1.8156833723816996,-0.15492839476481834,-0.2212971585622549,-0.014151675174494203
138,11.07461963842711,BAO KT,Min,-182.9937694598519,-0.2661448526004399,-1.8156833723816996,-0.15492839476481834,-14.803714132467247,-11.989434550316382
139,0.0,BAO KT,Max,-6.928056655407161,0.005846049372390541,2.0171701501979125,0.5892607434537269,10.642737518112668,-0.16253639723851604
139,5.315184061430237,BAO KT,Max,-6.928056655407161,0.005846049372390541,2.0171701501979125,0.5892607434537269,0.29210039767828966,0.012388635053423743
139,10.630368122860475,BAO KT,Max,-6.928056655407161,0.005846049372390541,2.0171701501979125,0.5892607434537269,14.98320929498614,14.123655560249437
139,0.0,BAO KT,Min,-163.14748759923972,-2.673198690779744,-2.8963569217839873,-0.22805255514592487,-15.806130998772645,-14.293430588287903
139,5.315184061430237,BAO KT,Min,-163.14748759923972,-2.673198690779744,-2.8963569217839873,-0.22805255514592487,-0.9125587133012797,-0.419388527367483
139,10.630368122860475,BAO KT,Min,-163.14748759923972,-2.673198690779744,-2.8963569217839873,-0.22805255514592487,-10.800523744936894,-0.39972389995210883
140,0.0,BAO KT,Max,-54.45587652382044,-0.14660678455719542,9.241613873385774,1.768614211836262,40.0027651192178,-0.9991482037215133
140,4.674464986205477,BAO KT,Max,-54.45587652382044,-0.14660678455719542,9.241613873385774,1.768614211836262,-1.167301630320995,1.0513864731198481
140,9.348929972410954,BAO KT,Max,-54.45587652382044,-0.14660678455719542,9.241613873385774,1.768614211836262,52.31618966651868,44.81166824129009
140,0.0,BAO KT,Min,-166.5032453721252,-9.777823018985242,-11.63997548825686,-0.6185513931095145,-56.5051260537747,-46.60051444583078
140,4.674464986205477,BAO KT,Min,-166.5032453721252,-9.777823018985242,-11.63997548825686,-0.6185513931095145,-4.47478541178744,-1.0614057048060843
140,9.348929972410954,BAO KT,Min,-166.5032453721252,-9.777823018985242,-11.63997548825686,-0.6185513931095145,-46.39643581512735,0.37146835858404625
141,0.0,BAO KT,Max,-17.809024673789168,9.360007924853189,-0.3099171532858012,1.658325510926811,-1.491079733280168,47.12684884020342
141,4.828767895900409,BAO KT,Max,-17.809024673789168,9.360007924853189,-0.3099171532858012,1.658325510926811,0.8340474566827116,4.199818925543067
141,9.657535791800818,BAO KT,Max,-17.809024673789168,9.360007924853189,-0.3099171532858012,1.658325510926811,32.1452646305187,41.22881574311868
141,0.0,BAO KT,Min,-226.60078120437336,-7.957169525938421,-6.781685289507797,-0.42867184551256776,-33.349103781631946,-35.617833755058385
141,4.828767895900409,BAO KT,Min,-226.60078120437336,-7.957169525938421,-6.781685289507797,-0.42867184551256776,-0.6178693108720358,0.8457654390745553
141,9.657535791800818,BAO KT,Min,-226.60078120437336,-7.957169525938421,-6.781685289507797,-0.42867184551256776,1.5019562670704782,-43.26776270560556
142,0.0,BAO KT,Max,-25.655793649529738,8.405719708560976,-0.29971170225116317,1.561942157341179,-1.6871500367182224,42.19695243186864
142,4.828767895900409,BAO KT,Max,-25.655793649529738,8.405719708560976,-0.29971170225116317,1.561942157341179,0.567159689542063,3.7444703960135373
142,9.657535791800818,BAO KT,Max,-25.655793649529738,8.405719708560976,-0.29971170225116317,1.561942157341179,30.47017232032529,38.95467498159343
142,0.0,BAO KT,Min,-204.85353247287165,-7.57247279377932,-6.329329302047106,-0.39908847072112635,-30.655551952288327,-34.17675205676829
142,4.828767895900409,BAO KT,Min,-204.85353247287165,-7.57247279377932,-6.329329302047106,-0.39908847072112635,-0.5198185839283244,0.6370569444880635
142,9.657535791800818,BAO KT,Min,-204.85353247287165,-7.57247279377932,-6.329329302047106,-0.39908847072112635,0.9274196619277548,-38.981586509404536
143,0.0,BAO KT,Max,-31.76268628159051,7.3294476310118934,-0.5517769213776095,1.5939954836142491,-2.295748850690403,36.98600960142963
143,4.828767895900409,BAO KT,Max,-31.76268628159051,7.3294476310118934,-0.5517769213776095,1.5939954836142491,1.1469042699731795,3.89388974379982
143,9.657535791800818,BAO KT,Max,-31.76268628159051,7.3294476310118934,-0.5517769213776095,1.5939954836142491,27.4053865262153,39.3779573922212
143,0.0,BAO KT,Min,-202.51706808844008,-7.619025274918192,-5.662030606589236,-0.37800424781402464,-27.27587671119195,-34.2030518989363
143,4.828767895900409,BAO KT,Min,-202.51706808844008,-7.619025274918192,-5.662030606589236,-0.37800424781402464,0.0647549075116752,0.8053471636237814
143,9.657535791800818,BAO KT,Min,-202.51706808844008,-7.619025274918192,-5.662030606589236,-0.37800424781402464,3.0330565166035255,-33.79839322919745
144,0.0,BAO KT,Max,-31.733009247515724,6.001241784985704,-0.5438185380378219,1.677275175116547,-2.300933944176751,30.781918578825014
144,4.828767895900409,BAO KT,Max,-31.733009247515724,6.001241784985704,-0.5438185380378219,1.677275175116547,0.8889701786851122,4.324268886661588
144,9.657535791800818,BAO KT,Max,-31.733009247515724,6.001241784985704,-0.5438185380378219,1.677275175116547,23.510766811698872,41.987814369220935
144,0.0,BAO KT,Min,-196.89895357912852,-8.015667345673611,-4.8734288559814765,-0.3657420112970348,-23.55454679373715,-35.423779916791005
144,4.828767895900409,BAO KT,Min,-196.89895357912852,-8.015667345673611,-4.8734288559814765,-0.3657420112970348,-0.021889991019138806,1.1516892252081936
144,9.657535791800818,BAO KT,Min,-196.89895357912852,-8.015667345673611,-4.8734288559814765,-0.3657420112970348,2.8560200398627984,-27.175288754925056
145,0.0,BAO KT,Max,-30.269988039374855,4.8235017306478145,0.2981342940685723,1.6059519846868204,1.7236608977445886,25.118545799856143
145,4.828767895900409,BAO KT,Max,-30.269988039374855,4.8235017306478145,0.2981342940685723,1.6059519846868204,0.6705277825923632,4.449129647247327
145,9.657535791800818,BAO KT,Max,-30.269988039374855,4.8235017306478145,0.2981342940685723,1.6059519846868204,20.128108843942446,43.18439427236987
145,0.0,BAO KT,Min,-188.9780123954209,-8.184516255462043,-4.161568118561902,-0.38702363154040204,-20.062384211086307,-35.85786440333042
145,4.828767895900409,BAO KT,Min,-188.9780123954209,-8.184516255462043,-4.161568118561902,-0.38702363154040204,0.001015468194961483,1.362702073273213
145,9.657535791800818,BAO KT,Min,-188.9780123954209,-8.184516255462043,-4.161568118561902,-0.38702363154040204,-1.1555817179859176,-21.464594805688307
146,0.0,BAO KT,Max,-35.65972834441565,3.7463221993490947,1.212214784636576,1.5653983252725678,6.16839042376391,19.825465737387127
146,4.828767895900409,BAO KT,Max,-35.65972834441565,3.7463221993490947,1.212214784636576,1.5653983252725678,0.7407999162309664,4.370828166258469
146,9.657535791800818,BAO KT,Max,-35.65972834441565,3.7463221993490947,1.212214784636576,1.5653983252725678,16.29570816080214,42.55360628394179
146,0.0,BAO KT,Min,-181.02019795733997,-8.06032466383742,-3.3801305848725605,-0.39137784867435704,-16.348023943565252,-35.28926765060299
146,4.828767895900409,BAO KT,Min,-181.02019795733997,-8.06032466383742,-3.3801305848725605,-0.39137784867435704,-0.1170870444534906,1.2593474957281952
146,9.657535791800818,BAO KT,Min,-181.02019795733997,-8.06032466383742,-3.3801305848725605,-0.39137784867435704,-5.538617246213944,-16.354774990444717
147,0.0,BAO KT,Max,-10.908039241700216,0.3234440487984571,1.0398203602147278,0.9377605124001644,8.657019762580521,2.5080682103843923
147,8.346958308206338,BAO KT,Max,-10.908039241700216,0.3234440487984571,1.0398203602147278,0.9377605124001644,0.5373929563294371,-0.0035300079145510477
147,16.693916616412675,BAO KT,Max,-10.908039241700216,0.3234440487984571,1.0398203602147278,0.9377605124001644,9.258978102079638,22.536201466611395
147,0.0,BAO KT,Min,-179.5755773459792,-2.749344183271994,-1.0614949563862983,-0.2342507263313279,-8.461530188575834,-23.36112107875047
147,8.346958308206338,BAO KT,Min,-179.5755773459792,-2.749344183271994,-1.0614949563862983,-0.2342507263313279,-0.18674810314907672,-0.5421101680159219
147,16.693916616412675,BAO KT,Min,-179.5755773459792,-2.749344183271994,-1.0614949563862983,-0.2342507263313279,-8.717037573931481,-2.9419282213777684
148,0.0,BAO KT,Max,-7.1127418148496595,0.36380300112889935,0.829999656551462,0.9326700156345515,7.00988179895846,2.827499756952839
148,8.346958308206338,BAO KT,Max,-7.1127418148496595,0.36380300112889935,0.829999656551462,0.9326700156345515,0.4994841744463202,-0.020732265896403285
148,16.693916616412675,BAO KT,Max,-7.1127418148496595,0.36380300112889935,0.829999656551462,0.9326700156345515,8.627765778359999,20.4373303450569
148,0.0,BAO KT,Min,-174.00852814788632,-2.49291492756765,-0.9922324037840677,-0.23358274569306958,-7.936479234513941,-21.179183587567895
148,8.346958308206338,BAO KT,Min,-174.00852814788632,-2.49291492756765,-0.9922324037840677,-0.23358274569306958,-0.08286838570748727,-0.4905228189873355
148,16.693916616412675,BAO KT,Min,-174.00852814788632,-2.49291492756765,-0.9922324037840677,-0.23358274569306958,-6.846063259162804,-3.245797208693693
149,0.0,BAO KT,Max,-9.35978652237673,0.38311284309270144,0.695620207836576,0.8818404855524363,5.6627861380169024,3.0345539491651317
149,8.346958308206338,BAO KT,Max,-9.35978652237673,0.38311284309270144,0.695620207836576,0.8818404855524363,0.17930723823543393,0.00231265538807246
149,16.693916616412675,BAO KT,Max,-9.35978652237673,0.38311284309270144,0.695620207836576,0.8818404855524363,6.746247150044618,18.46080334068109
149,0.0,BAO KT,Min,-160.2018756225547,-2.248744632670236,-0.8137364391796128,-0.2469517006606269,-6.838201113356403,-19.07955204872139
149,8.346958308206338,BAO KT,Min,-160.2018756225547,-2.248744632670236,-0.8137364391796128,-0.2469517006606269,-0.35358729781054177,-0.377573755284905
149,16.693916616412675,BAO KT,Min,-160.2018756225547,-2.248744632670236,-0.8137364391796128,-0.2469517006606269,-5.949839608298554,-3.3610999081012185
150,0.0,BAO KT,Max,-20.142207988367407,0.36136926490019455,0.6918145854059108,0.8256505749260629,5.065526212614242,2.947553933149829
150,8.346958308206338,BAO KT,Max,-20.142207988367407,0.36136926490019455,0.6918145854059108,0.8256505749260629,-0.12057231822001754,0.0185076389894836
150,16.693916616412675,BAO KT,Max,-20.142207988367407,0.36136926490019455,0.6918145854059108,0.8256505749260629,5.021039078856609,16.401513659304335
150,0.0,BAO KT,Min,-176.80352774815228,-1.9992389435624032,-0.6466842055018697,-0.26091044789483575,-5.827264400554091,-16.973614560811388
150,8.346958308206338,BAO KT,Min,-176.80352774815228,-1.9992389435624032,-0.6466842055018697,-0.26091044789483575,-0.7464948304827994,-0.3513594353865082
150,16.693916616412675,BAO KT,Min,-176.80352774815228,-1.9992389435624032,-0.6466842055018697,-0.26091044789483575,-6.483568790170138,-3.0851144428283623
151,0.0,BAO KT,Max,-31.90648651893621,0.39461783769188996,0.4177183142624842,0.8453079046574458,3.0753632061122675,3.1491439811947544
151,8.346958308206338,BAO KT,Max,-31.90648651893621,0.39461783769188996,0.4177183142624842,0.8453079046574458,-0.04128464758754764,-0.007163570111832773
151,16.693916616412675,BAO KT,Max,-31.90648651893621,0.39461783769188996,0.4177183142624842,0.8453079046574458,5.150815894747618,14.193643079701687
151,0.0,BAO KT,Min,-198.33508807905446,-1.736729814254054,-0.6525512168343338,-0.24677607071906998,-5.742819707023378,-14.799179624693368
151,8.346958308206338,BAO KT,Min,-198.33508807905446,-1.736729814254054,-0.6525512168343338,-0.24677607071906998,-0.458372217806191,-0.40923034273598635
151,16.693916616412675,BAO KT,Min,-198.33508807905446,-1.736729814254054,-0.6525512168343338,-0.24677607071906998,-3.8979915013341087,-3.438573296582727
152,0.0,BAO KT,Max,-40.88699471446474,0.4374043336309915,0.1397706313556497,0.8570270333387192,1.064751211759125,3.4379462592718473
152,8.346958308206338,BAO KT,Max,-40.88699471446474,0.4374043336309915,0.1397706313556497,0.8570270333387192,0.0786019207118453,-0.036729996307160284
152,16.693916616412675,BAO KT,Max,-40.88699471446474,0.4374043336309915,0.1397706313556497,0.8570270333387192,5.233443523814211,11.984729336176496
152,0.0,BAO KT,Min,-204.5935569131228,-1.4737260298119799,-0.646793085972801,-0.23665442434272543,-5.5640663214879655,-12.617530120941597
152,8.346958308206338,BAO KT,Min,-204.5935569131228,-1.4737260298119799,-0.646793085972801,-0.23665442434272543,-0.3247237670659119,-0.4522367288469752
152,16.693916616412675,BAO KT,Min,-204.5935569131228,-1.4737260298119799,-0.646793085972801,-0.23665442434272543,-1.2685680535154462,-3.8640452140214747
153,0.0,BAO KT,Max,-47.785773045530135,0.478808146017518,0.08491128420785761,0.8445412189359035,0.42640227025124566,3.7361550744926655
153,8.346958308206338,BAO KT,Max,-47.785773045530135,0.478808146017518,0.08491128420785761,0.8445412189359035,0.16440477305401976,-0.04851128903376392
153,16.693916616412675,BAO KT,Max,-47.785773045530135,0.478808146017518,0.08491128420785761,0.8445412189359035,4.833389619387722,9.834034832741228
153,0.0,BAO KT,Min,-203.26234638288147,-1.215838514325891,-0.6034999681677158,-0.23059725572020337,-5.2413885272118295,-10.463071944438264
153,8.346958308206338,BAO KT,Min,-203.26234638288147,-1.215838514325891,-0.6034999681677158,-0.23059725572020337,-0.46556075693874377,-0.460003886441932
153,16.693916616412675,BAO KT,Min,-203.26234638288147,-1.215838514325891,-0.6034999681677158,-0.23059725572020337,-0.9910996281072475,-4.257028190382924
154,0.0,BAO KT,Max,-68.58781350797348,0.6893235872697823,0.5746576083480702,0.8362977309328176,4.743555196323776,5.359606998804564
154,8.69474696797273,BAO KT,Max,-68.58781350797348,0.6893235872697823,0.5746576083480702,0.8362977309328176,-0.014036621929077453,0.14379339849168435
154,17.38949393594546,BAO KT,Max,-68.58781350797348,0.6893235872697823,0.5746576083480702,0.8362977309328176,20.299019201520238,8.454537232349583
154,0.0,BAO KT,Min,-159.28732533564556,-0.9682860020255579,-2.3755918400962326,-0.2282580350725869,-21.011320696114716,-8.383466328134727
154,8.69474696797273,BAO KT,Min,-159.28732533564556,-0.9682860020255579,-2.3755918400962326,-0.2282580350725869,-0.4682063372376366,-0.6338871715614612
154,17.38949393594546,BAO KT,Min,-159.28732533564556,-0.9682860020255579,-2.3755918400962326,-0.2282580350725869,-5.249449799289913,-6.627381341927487
155,0.0,BAO KT,Max,-61.09856212560699,1.8778418581548608,0.894484671237666,0.7838363782728953,7.475614513415821,17.405116846036652
155,9.082277533151812,BAO KT,Max,-61.09856212560699,1.8778418581548608,0.894484671237666,0.7838363782728953,0.013532626628989634,0.46053229542168495
155,18.164555066303624,BAO KT,Max,-61.09856212560699,1.8778418581548608,0.894484671237666,0.7838363782728953,6.3494815970447,4.692667503614467
155,0.0,BAO KT,Min,-184.72768389466603,-0.48877378930784876,-0.7013160330627872,-0.23341115970229165,-6.389612104405914,-4.185690907233838
155,9.082277533151812,BAO KT,Min,-184.72768389466603,-0.48877378930784876,-0.7013160330627872,-0.23341115970229165,-0.6483435199147186,0.01512123713608185
155,18.164555066303624,BAO KT,Min,-184.72768389466603,-0.48877378930784876,-0.7013160330627872,-0.23341115970229165,-8.772301553245258,-16.70504499222724
156,0.0,BAO KT,Max,-60.41365872704413,1.6964189623993302,0.8120208554703825,0.8042156990301899,6.882759650438063,15.702961894409192
156,9.082277533151812,BAO KT,Max,-60.41365872704413,1.6964189623993302,0.8120208554703825,0.8042156990301899,0.10172935633083827,0.378565578030187
156,18.164555066303624,BAO KT,Max,-60.41365872704413,1.6964189623993302,0.8120208554703825,0.8042156990301899,5.269478402132983,4.483709371214818
156,0.0,BAO KT,Min,-173.27292674077822,-0.46638319871035716,-0.5744438661013923,-0.22322175132201091,-5.165038836166105,-4.046983169961309
156,9.082277533151812,BAO KT,Min,-173.27292674077822,-0.46638319871035716,-0.5744438661013923,-0.22322175132201091,-0.49223912165130834,0.008760022549265264
156,18.164555066303624,BAO KT,Min,-173.27292674077822,-0.46638319871035716,-0.5744438661013923,-0.22322175132201091,-7.86723789374068,-15.111733763615106
157,0.0,BAO KT,Max,-64.20147995528902,1.5028178611941634,0.6183404291368038,0.8410654062217447,5.64736555424431,13.910392420595898
157,9.082277533151812,BAO KT,Max,-64.20147995528902,1.5028178611941634,0.6183404291368038,0.8410654062217447,0.6105672924730309,0.31447146783972424
157,18.164555066303624,BAO KT,Max,-64.20147995528902,1.5028178611941634,0.6183404291368038,0.8410654062217447,5.798427588155355,4.169258392505657
157,0.0,BAO KT,Min,-172.77438078100624,-0.4510333256775573,-0.5726416121780932,-0.19631738467335177,-4.6033525095105015,-4.023561288502387
157,9.082277533151812,BAO KT,Min,-172.77438078100624,-0.4510333256775573,-0.5726416121780932,-0.19631738467335177,-0.00013896359422835292,-0.016647503531509428
157,18.164555066303624,BAO KT,Min,-172.77438078100624,-0.4510333256775573,-0.5726416121780932,-0.19631738467335177,-5.584513220532977,-13.387625373690119
158,0.0,BAO KT,Max,-69.43969487826519,1.292963900510795,0.5974919383287246,0.8312303796723036,5.426585613384958,12.014629959808218
158,9.082277533151812,BAO KT,Max,-69.43969487826519,1.292963900510795,0.5974919383287246,0.8312303796723036,0.48705487816220006,0.36070955271723404
158,18.164555066303624,BAO KT,Max,-69.43969487826519,1.292963900510795,0.5974919383287246,0.8312303796723036,4.1117140357123745,4.638250926465388
158,0.0,BAO KT,Min,-175.9015873388227,-0.49770383929579,-0.40044849165766505,-0.19660957859661005,-3.1622546422215083,-4.402317869133718
158,9.082277533151812,BAO KT,Min,-175.9015873388227,-0.49770383929579,-0.40044849165766505,-0.19660957859661005,-0.016326792151113115,-0.00026808419460480626
158,18.164555066303624,BAO KT,Min,-175.9015873388227,-0.49770383929579,-0.40044849165766505,-0.19660957859661005,-5.426589602059649,-11.471484009762838
159,0.0,BAO KT,Max,-72.48526378230648,1.0834953249436092,0.6278004826859884,0.8096494685039647,5.480312189054561,10.127757730014219
159,9.082277533151812,BAO KT,Max,-72.48526378230648,1.0834953249436092,0.6278004826859884,0.8096494685039647,0.15801737834923868,0.4073988847586976
159,18.164555066303624,BAO KT,Max,-72.48526378230648,1.0834953249436092,0.6278004826859884,0.8096494685039647,1.5216993955128402,5.200111199220288
159,0.0,BAO KT,Min,-174.5320338573692,-0.5453954207887637,-0.15414663113534044,-0.20256890500824423,-1.2783055740302445,-4.757922259646332
159,9.082277533151812,BAO KT,Min,-174.5320338573692,-0.5453954207887637,-0.15414663113534044,-0.20256890500824423,-0.22154603014625404,0.02894584598200295
159,18.164555066303624,BAO KT,Min,-174.5320338573692,-0.5453954207887637,-0.15414663113534044,-0.20256890500824423,-5.923404249347069,-9.553452764006511
160,0.0,BAO KT,Max,-73.65923333997718,0.8811192793812088,0.5846248201112296,0.8151970905030835,5.150478148792187,8.291612185347933
160,9.082277533151812,BAO KT,Max,-73.65923333997718,0.8811192793812088,0.5846248201112296,0.8151970905030835,0.30312657478953176,0.4223222539810463
160,18.164555066303624,BAO KT,Max,-73.65923333997718,0.8811192793812088,0.5846248201112296,0.8151970905030835,0.8040468594204964,5.578864676870497
160,0.0,BAO KT,Min,-169.30541918240849,-0.5772821284679125,-0.061123972779506965,-0.2044109505139335,-0.3062429100041017,-4.986447582188134
160,9.082277533151812,BAO KT,Min,-169.30541918240849,-0.5772821284679125,-0.061123972779506965,-0.2044109505139335,-0.15924672022695346,0.044044035309967366
160,18.164555066303624,BAO KT,Min,-169.30541918240849,-0.5772821284679125,-0.061123972779506965,-0.2044109505139335,-5.468971589246094,-7.713527484953801
168,0.0,BAO KT,Max,-28.73910002084486,-1.0964696089223096,9.854423387840356,1.4293313030870956,46.990647746105886,-4.159616270544651
168,4.828767895900409,BAO KT,Max,-28.73910002084486,-1.0964696089223096,9.854423387840356,1.4293313030870956,0.68700823284758,3.3518739006481093
168,9.657535791800818,BAO KT,Max,-28.73910002084486,-1.0964696089223096,9.854423387840356,1.4293313030870956,8.4918139783386,38.18852713926741
168,0.0,BAO KT,Min,-144.88243449000953,-7.377488948430476,-1.8335309134073023,-0.3685109187999667,-9.215576443265668,-33.059836433814894
168,4.828767895900409,BAO KT,Min,-144.88243449000953,-7.377488948430476,-1.8335309134073023,-0.3685109187999667,-1.1974305128010128,0.8155341261385027
168,9.657535791800818,BAO KT,Min,-144.88243449000953,-7.377488948430476,-1.8335309134073023,-0.3685109187999667,-48.178798829521426,6.4295782222444
169,0.0,BAO KT,Max,-29.55649092506416,-1.42710768093484,8.831619252033255,1.4299658591929658,42.38642328006262,-5.87641713004058
169,4.828767895900409,BAO KT,Max,-29.55649092506416,-1.42710768093484,8.831619252033255,1.4299658591929658,0.08175751003017437,3.2682780599082513
169,9.657535791800818,BAO KT,Max,-29.55649092506416,-1.42710768093484,8.831619252033255,1.4299658591929658,9.2336147966982,32.67870970659077
169,0.0,BAO KT,Min,-120.7925299425606,-6.215136232321099,-1.991972657890507,-0.365814351427986,-10.00393244316798,-27.50644424819194
169,4.828767895900409,BAO KT,Min,-120.7925299425606,-6.215136232321099,-1.991972657890507,-0.365814351427986,-0.6552863275410983,0.7677342097760367
169,9.657535791800818,BAO KT,Min,-120.7925299425606,-6.215136232321099,-1.991972657890507,-0.365814351427986,-42.90525574600569,7.9059263773414985
170,0.0,BAO KT,Max,-35.4926720620999,-1.7275815644451575,7.993159719877168,1.442487046456388,38.29104449165124,-7.522957053587639
170,4.828767895900409,BAO KT,Max,-35.4926720620999,-1.7275815644451575,7.993159719877168,1.442487046456388,0.17688796735069473,2.923801530826003
170,9.657535791800818,BAO KT,Max,-35.4926720620999,-1.7275815644451575,7.993159719877168,1.442487046456388,11.080579987609315,27.252134982645348
170,0.0,BAO KT,Min,-135.95923655610594,-5.166187475887039,-2.331424240430228,-0.3752320631544026,-11.435233060217646,-22.640505472886858
170,4.828767895900409,BAO KT,Min,-135.95923655610594,-5.166187475887039,-2.331424240430228,-0.3752320631544026,-0.9730277681612124,0.5576150916950191
170,9.657535791800818,BAO KT,Min,-135.95923655610594,-5.166187475887039,-2.331424240430228,-0.3752320631544026,-38.9031815926431,9.16122373829672
171,0.0,BAO KT,Max,-43.56943056858353,-2.233272744156591,7.2441101484960795,1.3778448579185105,34.480628739891024,-9.810476042280744
171,4.828767895900409,BAO KT,Max,-43.56943056858353,-2.233272744156591,7.2441101484960795,1.3778448579185105,-0.05751130180164492,3.3465353985578226
171,9.657535791800818,BAO KT,Max,-43.56943056858353,-2.233272744156591,7.2441101484960795,1.3778448579185105,10.354220831819323,30.428582991923776
171,0.0,BAO KT,Min,-157.68429947717155,-5.718161296857599,-2.2361663095630493,-0.39817542619813256,-11.24163533920498,-24.794764395768674
171,4.828767895900409,BAO KT,Min,-157.68429947717155,-5.718161296857599,-2.2361663095630493,-0.39817542619813256,-0.8856937314243837,0.9074545257792875
171,9.657535791800818,BAO KT,Min,-157.68429947717155,-5.718161296857599,-2.2361663095630493,-0.39817542619813256,-35.47962429895742,11.757435417264773
172,0.0,BAO KT,Max,-53.81427921647831,-1.4666830820982713,6.413370890689619,1.386986555030041,30.424313788877903,-5.73452599590197
172,4.828767895900409,BAO KT,Max,-53.81427921647831,-1.4666830820982713,6.413370890689619,1.386986555030041,-0.12545656230828695,3.8574935494123435
172,9.657535791800818,BAO KT,Max,-53.81427921647831,-1.4666830820982713,6.413370890689619,1.386986555030041,10.933976992049155,33.463370230381436
172,0.0,BAO KT,Min,-165.7128904349315,-6.24012257889205,-2.369635647146935,-0.40208030428313113,-12.046431213368935,-26.800836920492962
172,4.828767895900409,BAO KT,Min,-165.7128904349315,-6.24012257889205,-2.369635647146935,-0.40208030428313113,-0.9281751968999817,1.149678355923871
172,9.657535791800818,BAO KT,Min,-165.7128904349315,-6.24012257889205,-2.369635647146935,-0.40208030428313113,-31.513045134050596,8.43001836469082
173,0.0,BAO KT,Max,-53.893787977930906,-0.47945169510405283,5.456710416346536,1.432395198536161,25.985661116179347,-0.8167320953116723
173,4.828767895900409,BAO KT,Max,-53.893787977930906,-0.47945169510405283,5.456710416346536,1.432395198536161,0.5259370063498895,4.099300016536517
173,9.657535791800818,BAO KT,Max,-53.893787977930906,-0.47945169510405283,5.456710416346536,1.432395198536161,13.16342887296425,35.18433715135818
173,0.0,BAO KT,Min,-156.0094795307371,-6.550532564034844,-2.7893047505327204,-0.3851257108120386,-13.77438158954555,-28.0776655411651
173,4.828767895900409,BAO KT,Min,-156.0094795307371,-6.550532564034844,-2.7893047505327204,-0.3851257108120386,-0.776251221429537,1.1971527641013704
173,9.657535791800818,BAO KT,Min,-156.0094795307371,-6.550532564034844,-2.7893047505327204,-0.3851257108120386,-26.712715035179677,3.8135898105952917
174,0.0,BAO KT,Max,-44.22433839623857,0.5374922046142867,4.573993160275035,1.4226076965948646,21.782234433865593,4.225577330447075
174,4.828767895900409,BAO KT,Max,-44.22433839623857,0.5374922046142867,4.573993160275035,1.4226076965948646,0.43643695768935076,4.236253842455633
174,9.657535791800818,BAO KT,Max,-44.22433839623857,0.5374922046142867,4.573993160275035,1.4226076965948646,13.160847664332286,35.44773210956731
174,0.0,BAO KT,Min,-137.96278337344904,-6.640305174328406,-2.8253404578842405,-0.37914167858905734,-14.124978931707677,-28.681252779989432
174,4.828767895900409,BAO KT,Min,-137.96278337344904,-6.640305174328406,-2.8253404578842405,-0.37914167858905734,-0.7779266199610275,1.1853323999302725
174,9.657535791800818,BAO KT,Min,-137.96278337344904,-6.640305174328406,-2.8253404578842405,-0.37914167858905734,-22.39126822294269,-0.9652728734293277
175,0.0,BAO KT,Max,-52.787235786395804,0.8680668745400927,0.024488571640638584,0.8826250457084122,-0.1486564372729109,6.968380945817205
175,8.346958308206338,BAO KT,Max,-52.787235786395804,0.8680668745400927,0.024488571640638584,0.8826250457084122,0.4257320065843191,0.013669801304184149
175,16.693916616412675,BAO KT,Max,-52.787235786395804,0.8680668745400927,0.024488571640638584,0.8826250457084122,14.375676715777374,6.728279101961917
175,0.0,BAO KT,Min,-177.56470019905677,-0.8127406573257673,-1.7554571869088584,-0.2126675807593579,-14.929779186161468,-6.8395456622028705
175,8.346958308206338,BAO KT,Min,-177.56470019905677,-0.8127406573257673,-1.7554571869088584,-0.2126675807593579,-0.5954277800546541,-0.3691090729546074
175,16.693916616412675,BAO KT,Min,-177.56470019905677,-0.8127406573257673,-1.7554571869088584,-0.2126675807593579,-0.5865047133772857,-7.5230550752250664
176,0.0,BAO KT,Max,-53.06921879396057,0.6351228221837324,-0.02279954785907059,0.8340425763157262,-0.39701584493915193,5.038086658760535
176,8.346958308206338,BAO KT,Max,-53.06921879396057,0.6351228221837324,-0.02279954785907059,0.8340425763157262,0.20467182288949076,0.0016209554150598236
176,16.693916616412675,BAO KT,Max,-53.06921879396057,0.6351228221837324,-0.02279954785907059,0.8340425763157262,12.615791686109329,5.970847325726581
176,0.0,BAO KT,Min,-167.82605526569597,-0.7242611023566504,-1.5412880068775643,-0.21339095313157974,-13.114341782581615,-6.119907125526467
176,8.346958308206338,BAO KT,Min,-167.82605526569597,-0.7242611023566504,-1.5412880068775643,-0.21339095313157974,-0.3960112069309789,-0.33940791391242986
176,16.693916616412675,BAO KT,Min,-167.82605526569597,-0.7242611023566504,-1.5412880068775643,-0.21339095313157974,-0.016402094087917374,-5.564600775955389
177,0.0,BAO KT,Max,-54.206967943954446,0.5299161731856527,-0.05233039860279825,0.8640459101083874,-0.5225371745342718,4.374530009976231
177,8.346958308206338,BAO KT,Max,-54.206967943954446,0.5299161731856527,-0.05233039860279825,0.8640459101083874,0.5491266198707122,0.01302805289999895
177,16.693916616412675,BAO KT,Max,-54.206967943954446,0.5299161731856527,-0.05233039860279825,0.8640459101083874,11.617511713051682,5.333598992344466
177,0.0,BAO KT,Min,-180.32859304071064,-0.6465072808373565,-1.369988415114327,-0.19671496585097165,-11.535360330023671,-5.4591396458580554
177,8.346958308206338,BAO KT,Min,-180.32859304071064,-0.6465072808373565,-1.369988415114327,-0.19671496585097165,-0.2516654877104498,-0.3149973199131728
177,16.693916616412675,BAO KT,Min,-180.32859304071064,-0.6465072808373565,-1.369988415114327,-0.19671496585097165,0.3510621362444805,-4.471846398873553
178,0.0,BAO KT,Max,-60.83059126490138,0.5178015330694778,-0.15534246871006202,0.8951942965915148,-1.083495457675264,4.210439558680191
178,8.346958308206338,BAO KT,Max,-60.83059126490138,0.5178015330694778,-0.15534246871006202,0.8951942965915148,0.5014040290706476,0.029610830887212364
178,16.693916616412675,BAO KT,Max,-60.83059126490138,0.5178015330694778,-0.15534246871006202,0.8951942965915148,10.21547142404194,4.871359336031904
178,0.0,BAO KT,Min,-196.58648036706404,-0.5861897830885829,-1.1808583550213694,-0.18533309805652576,-9.859471586544064,-4.9144440242419325
178,8.346958308206338,BAO KT,Min,-196.58648036706404,-0.5861897830885829,-1.1808583550213694,-0.18533309805652576,-0.002896129283575685,-0.290791719088463
178,16.693916616412675,BAO KT,Min,-196.58648036706404,-0.5861897830885829,-1.1808583550213694,-0.18533309805652576,1.5097787619582064,-4.4336960582323215
179,0.0,BAO KT,Max,-61.33197891743266,0.5191151409023884,-0.12209475248852832,0.8768873691070656,-0.8830231288923658,4.142538459403831
179,8.346958308206338,BAO KT,Max,-61.33197891743266,0.5191151409023884,-0.12209475248852832,0.8768873691070656,0.28258222981669323,0.0034524345739584683
179,16.693916616412675,BAO KT,Max,-61.33197891743266,0.5191151409023884,-0.12209475248852832,0.8768873691070656,8.05638558382168,5.133538257128302
179,0.0,BAO KT,Min,-205.06284814033606,-0.641993582588835,-0.937513148406043,-0.193887032399368,-7.886965258872479,-5.583849078881753
179,8.346958308206338,BAO KT,Min,-205.06284814033606,-0.641993582588835,-0.937513148406043,-0.193887032399368,-0.061582095731976545,-0.34721594391532373
179,16.693916616412675,BAO KT,Min,-205.06284814033606,-0.641993582588835,-0.937513148406043,-0.193887032399368,1.1552164884526699,-4.523526417137957
180,0.0,BAO KT,Max,-57.15460189752531,0.5331928892743864,-0.031183152335826587,0.8620907519701072,-0.4845012843077594,4.177781182213488
180,8.346958308206338,BAO KT,Max,-57.15460189752531,0.5331928892743864,-0.031183152335826587,0.8620907519701072,0.2014234745183487,-0.02739913198093874
180,16.693916616412675,BAO KT,Max,-57.15460189752531,0.5331928892743864,-0.031183152335826587,0.8620907519701072,6.175028058046468,6.575818167661292
180,0.0,BAO KT,Min,-199.39957775595096,-0.8197498164729766,-0.7156624440851886,-0.20571717668244013,-5.889881083507635,-7.109016914858174
180,8.346958308206338,BAO KT,Min,-199.39957775595096,-0.8197498164729766,-0.7156624440851886,-0.20571717668244013,-0.32753659755109593,-0.4031970278750625
180,16.693916616412675,BAO KT,Min,-199.39957775595096,-0.8197498164729766,-0.7156624440851886,-0.20571717668244013,-0.06725212508550443,-4.723296451797275
181,0.0,BAO KT,Max,-65.35259522352234,4.144853911421171,7.496160611886017,1.5364233029914813,31.609798184532707,19.421031120332614
181,4.674464986205477,BAO KT,Max,-65.35259522352234,4.144853911421171,7.496160611886017,1.5364233029914813,-1.2191167575885797,0.14680412922232075
181,9.348929972410954,BAO KT,Max,-65.35259522352234,4.144853911421171,7.496160611886017,1.5364233029914813,5.68217298904435,15.088194690716962
181,0.0,BAO KT,Min,-153.680455752181,-3.203967369545583,-1.5820774866794687,-0.3883234596062366,-9.108558644849925,-14.86547188105442
181,4.674464986205477,BAO KT,Min,-153.680455752181,-3.203967369545583,-1.5820774866794687,-0.3883234596062366,-4.43454706027046,-0.2933279122723909
181,9.348929972410954,BAO KT,Min,-153.680455752181,-3.203967369545583,-1.5820774866794687,-0.3883234596062366,-38.47128243793492,-19.539462309591112
182,0.0,BAO KT,Max,-48.332544072249505,0.5125770219023044,1.507364537330555,0.8320872562661258,13.631641861655492,4.858771060505301
182,9.082277533151812,BAO KT,Max,-48.332544072249505,0.5125770219023044,1.507364537330555,0.8320872562661258,0.5213960809053366,0.3515495619217027
182,18.164555066303624,BAO KT,Max,-48.332544072249505,0.5125770219023044,1.507364537330555,0.8320872562661258,0.8798255847094303,8.737485334692698
182,0.0,BAO KT,Min,-155.65010729103818,-0.9335967477982052,-0.0394647160357924,-0.20849726513925299,0.12022725708879411,-8.220884200409776
182,9.082277533151812,BAO KT,Min,-155.65010729103818,-0.9335967477982052,-0.0394647160357924,-0.20849726513925299,-0.4743883844326949,-0.01128718213379732
182,18.164555066303624,BAO KT,Min,-155.65010729103818,-0.9335967477982052,-0.0394647160357924,-0.20849726513925299,-13.748964281678663,-4.4519624795610255
183,0.0,BAO KT,Max,-50.50033610384757,0.44425142712034815,1.3392040558002383,0.8009575029549921,12.08493276004464,4.237344659445832
183,9.082277533151812,BAO KT,Max,-50.50033610384757,0.44425142712034815,1.3392040558002383,0.8009575029549921,0.24634538368572106,0.3127196072644244
183,18.164555066303624,BAO KT,Max,-50.50033610384757,0.44425142712034815,1.3392040558002383,0.8009575029549921,0.09254508501972741,7.020631156229255
183,0.0,BAO KT,Min,-146.07160528824144,-0.7460083007906149,0.011409035465417678,-0.18888064360226617,0.29978513798471784,-6.530277703401466
183,9.082277533151812,BAO KT,Min,-146.07160528824144,-0.7460083007906149,0.011409035465417678,-0.18888064360226617,-0.11838296254225972,-0.00395649850738434
183,18.164555066303624,BAO KT,Min,-146.07160528824144,-0.7460083007906149,0.011409035465417678,-0.18888064360226617,-12.241113056555939,-3.832284851765703
184,0.0,BAO KT,Max,-53.76279025493862,0.3783191234953215,1.1975748048617603,0.7929992653563277,10.69809349290729,3.632087608481692
184,9.082277533151812,BAO KT,Max,-53.76279025493862,0.3783191234953215,1.1975748048617603,0.7929992653563277,0.227416234203967,0.30564995031851094
184,18.164555066303624,BAO KT,Max,-53.76279025493862,0.3783191234953215,1.1975748048617603,0.7929992653563277,0.10841473848591332,5.57945916682422
184,0.0,BAO KT,Min,-147.75993799027162,-0.6015302314277724,0.007582033544519209,-0.196001839032799,0.24613900431989374,-5.347069845991914
184,9.082277533151812,BAO KT,Min,-147.75993799027162,-0.6015302314277724,0.007582033544519209,-0.196001839032799,-0.4300487765550691,-0.0032241452422957255
184,18.164555066303624,BAO KT,Min,-147.75993799027162,-0.6015302314277724,0.007582033544519209,-0.196001839032799,-11.055319996021971,-3.239910942884796
185,0.0,BAO KT,Max,-62.190266409415095,0.3145912763405925,1.0659799044586036,0.7394453874069762,9.37211811683212,3.0301623069776267
185,9.082277533151812,BAO KT,Max,-62.190266409415095,0.3145912763405925,1.0659799044586036,0.7394453874069762,-0.10513401379770615,0.2623459507506455
185,18.164555066303624,BAO KT,Max,-62.190266409415095,0.3145912763405925,1.0659799044586036,0.7394453874069762,-1.3867225862889434,5.6108031834566745
185,0.0,BAO KT,Min,-161.76459491895747,-0.60177844056311,0.1300359650585956,-0.21131288176692212,0.9753228616178502,-5.364236916825602
185,9.082277533151812,BAO KT,Min,-161.76459491895747,-0.60177844056311,0.1300359650585956,-0.21131288176692212,-0.5204982097919817,-0.026655549195585077
185,18.164555066303624,BAO KT,Min,-161.76459491895747,-0.60177844056311,0.1300359650585956,-0.21131288176692212,-9.990932557279264,-2.684248255489805
186,0.0,BAO KT,Max,-72.14491281693633,0.35353474293934545,0.8835153384224619,0.7461258691645687,7.742544997271707,3.405692515579922
186,9.082277533151812,BAO KT,Max,-72.14491281693633,0.35353474293934545,0.8835153384224619,0.7461258691645687,-0.08093253757678505,0.304297227567765
186,18.164555066303624,BAO KT,Max,-72.14491281693633,0.35353474293934545,0.8835153384224619,0.7461258691645687,-1.2107532921600184,5.828558673467741
186,0.0,BAO KT,Min,-170.51346675602005,-0.6163609279559021,0.11486368920803589,-0.209204361421708,0.8756945155781346,-5.393724913255861
186,9.082277533151812,BAO KT,Min,-170.51346675602005,-0.6163609279559021,0.11486368920803589,-0.209204361421708,-0.4202920501113879,-0.01009156864046079
186,18.164555066303624,BAO KT,Min,-170.51346675602005,-0.6163609279559021,0.11486368920803589,-0.209204361421708,-8.306118019426986,-3.016108790393315
187,0.0,BAO KT,Max,-79.70258598373333,0.48862421644313336,0.6862498689235872,0.7808921386096586,6.024897054201199,4.672818658265512
187,9.082277533151812,BAO KT,Max,-79.70258598373333,0.48862421644313336,0.6862498689235872,0.7808921386096586,0.2512955399513655,0.3567612204699778
187,18.164555066303624,BAO KT,Max,-79.70258598373333,0.48862421644313336,0.6862498689235872,0.7808921386096586,-0.046814260780645434,6.02100469995816
187,0.0,BAO KT,Min,-167.81963393204876,-0.626753072966135,0.03282324280929106,-0.20263617389770627,0.4010411797489056,-5.3751233983564735
187,9.082277533151812,BAO KT,Min,-167.81963393204876,-0.626753072966135,0.03282324280929106,-0.20263617389770627,-0.3275267491078352,0.019961681267599757
187,18.164555066303624,BAO KT,Min,-167.81963393204876,-0.626753072966135,0.03282324280929106,-0.20263617389770627,-6.440526479104945,-4.202822828045246
188,0.0,BAO KT,Max,-79.47538236263362,0.6317728615406992,0.5115567783214925,0.7725402361936292,4.442569983253948,5.994273543764866
188,9.082277533151812,BAO KT,Max,-79.47538236263362,0.6317728615406992,0.5115567783214925,0.7725402361936292,0.21474388349200071,0.38732096493312174
188,18.164555066303624,BAO KT,Max,-79.47538236263362,0.6317728615406992,0.5115567783214925,0.7725402361936292,-0.16386545940081174,5.8415845055079565
188,0.0,BAO KT,Min,-159.8064186431325,-0.604732145453432,0.04166417397845561,-0.2025795451461452,0.5276427711911129,-5.153888182687174
188,9.082277533151812,BAO KT,Min,-159.8064186431325,-0.604732145453432,0.04166417397845561,-0.2025795451461452,-0.36215186403705124,0.038794109802253146
188,18.164555066303624,BAO KT,Min,-159.8064186431325,-0.604732145453432,0.04166417397845561,-0.2025795451461452,-4.8496312861076785,-5.481599389087378
195,0.0,BAO KT,Max,-75.45273771837346,0.6145256706493105,0.5728915865560809,0.8341744008093487,4.762160655329907,5.3166688252688035
195,8.69474696797273,BAO KT,Max,-75.45273771837346,0.6145256706493105,0.5728915865560809,0.8341744008093487,-0.042561165147091934,0.09978779413231718
195,17.38949393594546,BAO KT,Max,-75.45273771837346,0.6145256706493105,0.5728915865560809,0.8341744008093487,6.180055476745615,0.030894604810173698
195,0.0,BAO KT,Min,-163.8104664625148,0.007923541602293072,-0.7427560246385687,-0.20794613071580736,-6.736095909593731,0.16868098345446067
195,8.69474696797273,BAO KT,Min,-163.8104664625148,0.007923541602293072,-0.7427560246385687,-0.20794613071580736,-0.41819614248142667,-0.21014794468527145
195,17.38949393594546,BAO KT,Min,-163.8104664625148,0.007923541602293072,-0.7427560246385687,-0.20794613071580736,-5.200134115041234,-5.369621597970198
196,0.0,BAO KT,Max,-33.92393479690831,2.6569271971948467,2.252420277172428,1.5266126832477003,10.990338499498153,14.544593792814382
196,4.828767895900409,BAO KT,Max,-33.92393479690831,2.6569271971948467,2.252420277172428,1.5266126832477003,0.467765282465023,4.353352607695916
196,9.657535791800818,BAO KT,Max,-33.92393479690831,2.6569271971948467,2.252420277172428,1.5266126832477003,12.26077018940358,41.78094423604868
196,0.0,BAO KT,Min,-165.81730372464946,-7.908178080301091,-2.567735813830106,-0.38152532546889817,-12.537230336549468,-34.592568622393784
196,4.828767895900409,BAO KT,Min,-165.81730372464946,-7.908178080301091,-2.567735813830106,-0.38152532546889817,-0.7517665324355925,1.2474033006403789
196,9.657535791800818,BAO KT,Min,-165.81730372464946,-7.908178080301091,-2.567735813830106,-0.38152532546889817,-10.76249094547249,-11.114775710303878
197,0.0,BAO KT,Max,-53.76489482184036,0.5227794516956672,0.024722492836992002,0.840428133462063,0.07942940245867569,4.075188556796618
197,8.346958308206338,BAO KT,Max,-53.76489482184036,0.5227794516956672,0.024722492836992002,0.840428133462063,0.3047395402444629,-0.046142264904397295
197,16.693916616412675,BAO KT,Max,-53.76489482184036,0.5227794516956672,0.024722492836992002,0.840428133462063,5.252444084273205,7.726847092918187
197,0.0,BAO KT,Min,-191.8760843423285,-0.9620470357728412,-0.6536555777419903,-0.22727555507820993,-5.659627626404635,-8.333485903340605
197,8.346958308206338,BAO KT,Min,-191.8760843423285,-0.9620470357728412,-0.6536555777419903,-0.22727555507820993,-0.2807260220653585,-0.44645504559367893
197,16.693916616412675,BAO KT,Min,-191.8760843423285,-0.9620470357728412,-0.6536555777419903,-0.22727555507820993,-0.3332858315119285,-4.652048018584789
198,0.0,BAO KT,Max,-74.23428197073693,0.6840509271739438,0.5808091972227136,0.7877955978010165,5.133443449685262,6.493366644308196
198,9.082277533151812,BAO KT,Max,-74.23428197073693,0.6840509271739438,0.5808091972227136,0.7877955978010165,0.1354062880805681,0.41378979781821457
198,18.164555066303624,BAO KT,Max,-74.23428197073693,0.6840509271739438,0.5808091972227136,0.7877955978010165,0.24600732437391543,5.865156558571261
198,0.0,BAO KT,Min,-162.97506877229375,-0.6046094477163391,-0.018042384644564126,-0.2017330683301167,-0.0817245650297006,-5.156598071337365
198,9.082277533151812,BAO KT,Min,-162.97506877229375,-0.6046094477163391,-0.018042384644564126,-0.2017330683301167,-0.37034415707419166,0.044364632199946324
198,18.164555066303624,BAO KT,Min,-162.97506877229375,-0.6046094477163391,-0.018042384644564126,-0.2017330683301167,-5.416697196282321,-5.932114090498957
