frame,station,load_case,step_type,P,V2,V3,T,M2,M3
1,0.0,BAO KT,Max,-91.4457615888796,0.1411870195088052,0.28824002741662363,0.6434900393092583,3.710194571079157,1.4127441276504302
1,12.87410714285715,BAO KT,Max,-91.4457615888796,0.1411870195088052,0.28824002741662363,0.6434900393092583,0.2500594386318537,-0.05445574308207283
1,25.7482142857143,BAO KT,Max,-91.4457615888796,0.1411870195088052,0.28824002741662363,0.6434900393092583,11.188070435272744,3.3816617238496285
1,0.0,BAO KT,Min,-205.35841797614728,-0.2734798386753402,-0.8496131712488932,-0.2318110660571765,-10.687951558009038,-3.6599557651856083
1,12.87410714285715,BAO KT,Min,-205.35841797614728,-0.2734798386753402,-0.8496131712488932,-0.2318110660571765,-0.0006384247425381961,-0.48096399005500234
1,25.7482142857143,BAO KT,Min,-205.35841797614728,-0.2734798386753402,-0.8496131712488932,-0.2318110660571765,-3.711471420564233,-2.2225695050236105
2,0.0,BAO KT,Max,-84.39330882463156,0.1732472610107775,0.25914336677320154,0.6456871629300023,3.3405720833291928,1.774010834602039
2,12.87410714285715,BAO KT,Max,-84.39330882463156,0.1732472610107775,0.25914336677320154,0.6456871629300023,0.2521904724867444,-0.12185888643167445
2,25.7482142857143,BAO KT,Max,-84.39330882463156,0.1732472610107775,0.25914336677320154,0.6456871629300023,10.212058158170816,2.9399383920501525
2,0.0,BAO KT,Min,-184.7141545769935,-0.24176021735041864,-0.7736356063503816,-0.23196199794147487,-9.707677213197327,-3.284955490049291
2,12.87410714285715,BAO KT,Min,-184.7141545769935,-0.24176021735041864,-0.7736356063503816,-0.23196199794147487,0.0043326141302682825,-0.5029505330129541
2,25.7482142857143,BAO KT,Min,-184.7141545769935,-0.24176021735041864,-0.7736356063503816,-0.23196199794147487,-3.3319068550686564,-2.6867967663165366
3,0.0,BAO KT,Max,-87.293455953995,0.0852865701282754,0.20732516410464757,0.6429513547818301,2.718923648684126,1.2744257459626762
3,12.87410714285715,BAO KT,Max,-87.293455953995,0.0852865701282754,0.20732516410464757,0.6429513547818301,0.25812658203066663,0.43851426212503464
3,25.7482142857143,BAO KT,Max,-87.293455953995,0.0852865701282754,0.20732516410464757,0.6429513547818301,8.281844159585843,3.709081331329587
3,0.0,BAO KT,Min,-191.4704451885807,-0.27452249133636336,-0.6232445860920863,-0.22806565991175853,-7.7655909955245095,-3.3593826018472446
3,12.87410714285715,BAO KT,Min,-191.4704451885807,-0.27452249133636336,-0.6232445860920863,-0.22806565991175853,0.008336694815768667,0.17484936474117105
3,25.7482142857143,BAO KT,Min,-191.4704451885807,-0.27452249133636336,-0.6232445860920863,-0.22806565991175853,-2.619329103503223,-0.9215511373937586
4,0.0,BAO KT,Max,-98.95174191622526,0.12819164045897297,0.18651475663764364,0.6426301564196979,2.46033222402367,1.7447443162728584
4,12.87410714285715,BAO KT,Max,-98.95174191622526,0.12819164045897297,0.18651475663764364,0.6426301564196979,0.2667008173940088,0.2223321793065811
4,25.7482142857143,BAO KT,Max,-98.95174191622526,0.12819164045897297,0.18651475663764364,0.6426301564196979,7.339149054663482,3.095163242664801
4,0.0,BAO KT,Min,-215.79713447126466,-0.2328136439714441,-0.549354464646772,-0.22694930070723585,-6.805747419875464,-2.899372350949939
4,12.87410714285715,BAO KT,Min,-215.79713447126466,-0.2328136439714441,-0.549354464646772,-0.22694930070723585,0.00997480883874359,0.09439140218541893
4,25.7482142857143,BAO KT,Min,-215.79713447126466,-0.2328136439714441,-0.549354464646772,-0.22694930070723585,-2.3420896973302314,-1.5559615119020207
5,0.0,BAO KT,Max,-103.64596883091123,0.1835831884762954,0.16635459521948154,0.640543732980019,2.2075833220979293,2.2750229231354324
5,12.87410714285715,BAO KT,Max,-103.64596883091123,0.1835831884762954,0.16635459521948154,0.640543732980019,0.27090955524502336,0.056120825066828556
5,25.7482142857143,BAO KT,Max,-103.64596883091123,0.1835831884762954,0.16635459521948154,0.640543732980019,6.382508979826141,2.504835396123622
5,0.0,BAO KT,Min,-225.10430930366357,-0.19248108537408676,-0.4747202549088596,-0.22671083470357434,-5.840689869336094,-2.451208836035233
5,12.87410714285715,BAO KT,Min,-225.10430930366357,-0.19248108537408676,-0.4747202549088596,-0.22671083470357434,0.011764381556380238,-0.08863478486738574
5,25.7482142857143,BAO KT,Min,-225.10430930366357,-0.19248108537408676,-0.4747202549088596,-0.22671083470357434,-2.0757504430265445,-2.4519163530068977
6,0.0,BAO KT,Max,-104.37010583405991,0.1973354457117636,0.14718855569336997,0.6382084329410199,1.9631359245697702,2.541890655629718
6,12.87410714285715,BAO KT,Max,-104.37010583405991,0.1973354457117636,0.14718855569336997,0.6382084329410199,0.2728935103934356,0.16832126044060497
6,25.7482142857143,BAO KT,Max,-104.37010583405991,0.1973354457117636,0.14718855569336997,0.6382084329410199,5.423017376497298,2.526975380884237
6,0.0,BAO KT,Min,-226.73308541147892,-0.18333030835526695,-0.40003736251032124,-0.22629775530287485,-4.877230355710426,-2.1945480173503937
6,12.87410714285715,BAO KT,Min,-226.73308541147892,-0.18333030835526695,-0.40003736251032124,-0.22629775530287485,0.013494315958094177,-0.021741194405027232
6,25.7482142857143,BAO KT,Min,-226.73308541147892,-0.18333030835526695,-0.40003736251032124,-0.22629775530287485,-1.8267065478279134,-2.5391446867237124
7,0.0,BAO KT,Max,-104.25204554401571,0.2212402540182955,0.12990295105314725,0.6361857950679737,1.7354617655971991,2.8490902780799074
7,12.87410714285715,BAO KT,Max,-104.25204554401571,0.2212402540182955,0.12990295105314725,0.6361857950679737,0.2719252736944415,0.008385891750282686
7,25.7482142857143,BAO KT,Max,-104.25204554401571,0.2212402540182955,0.12990295105314725,0.6361857950679737,4.4568582666351855,1.895792307937124
7,0.0,BAO KT,Min,-226.50435601061267,-0.14755164051409841,-0.32506588196779457,-0.2252880705509938,-3.913007719246302,-1.903398950228566
7,12.87410714285715,BAO KT,Min,-226.50435601061267,-0.14755164051409841,-0.32506588196779457,-0.2252880705509938,0.015005681275507936,-0.022609771134271057
7,25.7482142857143,BAO KT,Min,-226.50435601061267,-0.14755164051409841,-0.32506588196779457,-0.2252880705509938,-1.6093072544658926,-2.8474511910090294
8,0.0,BAO KT,Max,-104.19120370678965,0.2674068332316403,0.11189623406311992,0.6343718682600704,1.5019140532220288,3.300343496567575
8,12.87410714285715,BAO KT,Max,-104.19120370678965,0.2674068332316403,0.11189623406311992,0.6343718682600704,0.2693360877251811,0.06567119231166757
8,25.7482142857143,BAO KT,Max,-104.19120370678965,0.2674068332316403,0.11189623406311992,0.6343718682600704,3.488360585209197,2.1054782530700518
8,0.0,BAO KT,Min,-226.4211453041692,-0.15878937897524847,-0.25003865990582536,-0.2245495348653347,-2.949688409758835,-1.9830647030801427
8,12.87410714285715,BAO KT,Min,-226.4211453041692,-0.15878937897524847,-0.25003865990582536,-0.2245495348653347,0.011287892232504372,-0.1467451425054086
8,25.7482142857143,BAO KT,Min,-226.4211453041692,-0.15878937897524847,-0.25003865990582536,-0.2245495348653347,-1.379214159199627,-3.584904946944966
9,0.0,BAO KT,Max,-103.28857441158337,0.28589338141583065,0.0921333032420795,0.6329372414597487,1.2527289373658612,3.577393795244286
9,12.87410714285715,BAO KT,Max,-103.28857441158337,0.28589338141583065,0.0921333032420795,0.6329372414597487,0.26447119992268275,0.09532081778155116
9,25.7482142857143,BAO KT,Max,-103.28857441158337,0.28589338141583065,0.0921333032420795,0.6329372414597487,2.514503784602266,2.2778023900092577
9,0.0,BAO KT,Min,-224.76550326332082,-0.16974401300690578,-0.17477193250857423,-0.22413257881569443,-1.9855613847569005,-2.092802830609628
9,12.87410714285715,BAO KT,Min,-224.76550326332082,-0.16974401300690578,-0.17477193250857423,-0.22413257881569443,0.017567711280804338,-0.1060492666185796
9,25.7482142857143,BAO KT,Min,-224.76550326332082,-0.16974401300690578,-0.17477193250857423,-0.22413257881569443,-1.1195390973618977,-3.7838502523179725
10,0.0,BAO KT,Max,-98.813578046152,0.3319623829093967,0.08504409509682842,0.632059107903038,1.114411258233616,4.07838113544376
10,12.87410714285715,BAO KT,Max,-98.813578046152,0.3319623829093967,0.08504409509682842,0.632059107903038,0.256340990497298,-0.09408178160955016
10,25.7482142857143,BAO KT,Max,-98.813578046152,0.3319623829093967,0.08504409509682842,0.632059107903038,1.5218565135197508,1.3855381676292284
10,0.0,BAO KT,Min,-215.3772543564279,-0.11511133900623698,-0.09845133042469612,-0.22384483848409137,-1.0130894389689888,-1.5977774103288631
10,12.87410714285715,BAO KT,Min,-215.3772543564279,-0.11511133900623698,-0.09845133042469612,-0.22384483848409137,0.014704079963316517,-0.20407661093963744
10,25.7482142857143,BAO KT,Min,-215.3772543564279,-0.11511133900623698,-0.09845133042469612,-0.22384483848409137,-1.0753223260541869,-4.46905743450373
11,0.0,BAO KT,Max,-87.31836433393714,0.4060319159091835,0.09326451955010034,0.6316140666463631,1.2173410007481342,4.794395310862074
11,12.87410714285715,BAO KT,Max,-87.31836433393714,0.4060319159091835,0.09326451955010034,0.6316140666463631,0.24872769881895018,-0.17404467250949215
11,25.7482142857143,BAO KT,Max,-87.31836433393714,0.4060319159091835,0.09326451955010034,0.6316140666463631,1.0364547170065408,1.0583701255716471
11,0.0,BAO KT,Min,-190.96307174269933,-0.09605345141899795,-0.061186924222907356,-0.22374155050364347,-0.5389993193686407,-1.4148347244471604
11,12.87410714285715,BAO KT,Min,-190.96307174269933,-0.09605345141899795,-0.061186924222907356,-0.22374155050364347,0.008590184064875345,-0.43709070490058494
11,25.7482142857143,BAO KT,Min,-190.96307174269933,-0.09605345141899795,-0.061186924222907356,-0.22374155050364347,-1.1840538338820399,-5.660201466806714
12,0.0,BAO KT,Max,-84.43890337226941,0.33155580689396774,0.2012894992998237,0.6322887179915765,2.598639255627443,4.408904977778386
12,12.87410714285715,BAO KT,Max,-84.43890337226941,0.33155580689396774,0.2012894992998237,0.6322887179915765,0.24584404648037186,0.27750987325412213
12,25.7482142857143,BAO KT,Max,-84.43890337226941,0.33155580689396774,0.2012894992998237,0.6322887179915765,1.637389908409459,2.9485450693105797
12,0.0,BAO KT,Min,-182.83970450697234,-0.20836309829134034,-0.108088727745376,-0.22455391407817962,-1.1457018154487153,-2.4205744332745356
12,12.87410714285715,BAO KT,Min,-182.83970450697234,-0.20836309829134034,-0.108088727745376,-0.22455391407817962,0.00534581527029176,0.13699409571925614
12,25.7482142857143,BAO KT,Min,-182.83970450697234,-0.20836309829134034,-0.108088727745376,-0.22455391407817962,-2.5842059058085565,-4.128064985800407
13,0.0,BAO KT,Max,-93.23463617634633,0.4084116773211989,0.2722353620105691,0.6328500531781938,3.5142312115730396,5.1237924458706825
13,12.87410714285715,BAO KT,Max,-93.23463617634633,0.4084116773211989,0.2722353620105691,0.6328500531781938,0.23786999064339054,0.3305051348185676
13,25.7482142857143,BAO KT,Max,-93.23463617634633,0.4084116773211989,0.2722353620105691,0.6328500531781938,1.9137303334932685,3.1421502718873624
13,0.0,BAO KT,Min,-197.83466273562095,-0.21900088721758754,-0.13017293737373342,-0.2252693394599288,-1.4379903522064874,-2.496731500952631
13,12.87410714285715,BAO KT,Min,-197.83466273562095,-0.21900088721758754,-0.13017293737373342,-0.2252693394599288,0.006987358110436567,-0.14656964380527632
13,25.7482142857143,BAO KT,Min,-197.83466273562095,-0.21900088721758754,-0.13017293737373342,-0.2252693394599288,-3.4953432256240995,-5.39207893858355
14,0.0,BAO KT,Max,-55.06169372348635,0.3340015673883072,0.6883864404231292,0.6295900755897531,8.503518602058241,4.297600790352913
14,12.875713472382882,BAO KT,Max,-55.06169372348635,0.3340015673883072,0.6883864404231292,0.6295900755897531,0.05030929035480873,0.20627345988361767
14,25.751426944765765,BAO KT,Max,-55.06169372348635,0.3340015673883072,0.6883864404231292,0.6295900755897531,2.8973167872755496,2.6223987879155333
14,0.0,BAO KT,Min,-198.4645934211986,-0.1890689566329556,-0.22156116134453976,-0.22531145710586734,-2.841923787690775,-2.2463966363411094
14,12.875713472382882,BAO KT,Min,-198.4645934211986,-0.1890689566329556,-0.22156116134453976,-0.22531145710586734,-0.3599479631035402,-0.08112088873182417
14,25.751426944765765,BAO KT,Min,-198.4645934211986,-0.1890689566329556,-0.22156116134453976,-0.22531145710586734,-9.223414528265321,-4.303416171684339
15,0.0,BAO KT,Max,-22.924524128060966,0.14760704388719642,0.20556530191231487,0.6580355541915865,2.718668485289083,1.7115291266737014
15,12.875713472382879,BAO KT,Max,-22.924524128060966,0.14760704388719642,0.20556530191231487,0.6580355541915865,0.2531285332483614,0.08429418592060756
15,25.751426944765758,BAO KT,Max,-22.924524128060966,0.14760704388719642,0.20556530191231487,0.6580355541915865,8.18227620494944,4.791840994256814
15,0.0,BAO KT,Min,-181.4555739558387,-0.3719489753914925,-0.6272496671351362,-0.22662834365148998,-7.970297774409661,-4.786375872717683
15,12.875713472382879,BAO KT,Min,-181.4555739558387,-0.3719489753914925,-0.6272496671351362,-0.22662834365148998,-0.09982676537414412,-0.20804739327593044
15,25.751426944765758,BAO KT,Min,-181.4555739558387,-0.3719489753914925,-0.6272496671351362,-0.22662834365148998,-2.574931369284612,-2.08956288052027
16,0.0,BAO KT,Max,-25.593897022895007,0.17786301361426066,0.030650639501223535,0.6200092980689331,0.16472342396319173,2.155130303277666
16,12.875713472382888,BAO KT,Max,-25.593897022895007,0.17786301361426066,0.030650639501223535,0.6200092980689331,0.018070491537133093,0.08448892603176283
16,25.751426944765775,BAO KT,Max,-25.593897022895007,0.17786301361426066,0.030650639501223535,0.6200092980689331,1.3043411974489447,4.843640396554792
16,0.0,BAO KT,Min,-187.16334364570577,-0.3707395447689969,-0.10447437387814407,-0.23237895594068092,-1.3860230090742283,-4.724611174552098
16,12.875713472382888,BAO KT,Min,-187.16334364570577,-0.3707395447689969,-0.10447437387814407,-0.23237895594068092,-0.33920462984803695,-0.1459072558162644
16,25.751426944765775,BAO KT,Min,-187.16334364570577,-0.3707395447689969,-0.10447437387814407,-0.23237895594068092,-0.6245742799629183,-2.4250960979858482
17,0.0,BAO KT,Max,-53.40860282046067,0.3245739520233943,0.15437916142013894,0.6347753820766904,1.8623852212453542,4.167479815838117
17,12.875713472382888,BAO KT,Max,-53.40860282046067,0.3245739520233943,0.15437916142013894,0.6347753820766904,0.2672434757366856,0.1440801147934561
17,25.751426944765775,BAO KT,Max,-53.40860282046067,0.3245739520233943,0.15437916142013894,0.6347753820766904,0.6948338484691644,2.8548234969748094
17,0.0,BAO KT,Min,-208.9157895783074,-0.21129275515256457,-0.033209062445325246,-0.21915758635667865,-0.16034689699579324,-2.5862664512947395
17,12.875713472382888,BAO KT,Min,-208.9157895783074,-0.21129275515256457,-0.033209062445325246,-0.21915758635667865,-0.13127440672629903,-0.07962587897287701
17,25.751426944765775,BAO KT,Min,-208.9157895783074,-0.21129275515256457,-0.033209062445325246,-0.21915758635667865,-2.113098475859556,-4.190762597866232
18,0.0,BAO KT,Max,-81.29184247272107,0.10245894541071168,0.2430586470285894,0.6657540044657261,3.2104014937749863,0.9295308735657677
18,12.3732142857143,BAO KT,Max,-81.29184247272107,0.10245894541071168,0.2430586470285894,0.6657540044657261,0.6024721159307809,-0.019881190515255893
18,24.7464285714286,BAO KT,Max,-81.29184247272107,0.10245894541071168,0.2430586470285894,0.6657540044657261,12.846465791209756,2.4647719048334262
18,0.0,BAO KT,Min,-186.11817152491233,-0.21156308002088559,-1.0000784446369297,-0.23800518224255687,-11.901904004823436,-2.7706587432548515
18,12.3732142857143,BAO KT,Min,-186.11817152491233,-0.21156308002088559,-1.0000784446369297,-0.23800518224255687,-0.16275857158650595,-0.45369680823352354
18,24.7464285714286,BAO KT,Min,-186.11817152491233,-0.21156308002088559,-1.0000784446369297,-0.23800518224255687,-2.8044319535860773,-1.6059621005443112
19,0.0,BAO KT,Max,-77.79290277908513,0.1339612281719321,0.22880535722597678,0.668088724160489,2.964735610586491,1.2863748515847555
19,12.3732142857143,BAO KT,Max,-77.79290277908513,0.1339612281719321,0.22880535722597678,0.668088724160489,0.5007850423631941,-0.07950844233039281
19,24.7464285714286,BAO KT,Max,-77.79290277908513,0.1339612281719321,0.22880535722597678,0.668088724160489,11.71530863724117,2.044644517577409
19,0.0,BAO KT,Min,-168.23429190019354,-0.17934893941386854,-0.9102991645291013,-0.23837047737906727,-10.811344616409365,-2.393601200989364
19,12.3732142857143,BAO KT,Min,-168.23429190019354,-0.17934893941386854,-0.9102991645291013,-0.23837047737906727,-0.216411085925657,-0.45470149509701546
19,24.7464285714286,BAO KT,Min,-168.23429190019354,-0.17934893941386854,-0.9102991645291013,-0.23837047737906727,-2.697379818766348,-2.0286871127128108
20,0.0,BAO KT,Max,-79.06588707198686,0.07192764341532323,0.16955387071409803,0.666833049835828,2.296143368102457,1.0304998850414542
20,12.3732142857143,BAO KT,Max,-79.06588707198686,0.07192764341532323,0.16955387071409803,0.666833049835828,0.5165981346517489,0.36682318201072955
20,24.7464285714286,BAO KT,Max,-79.06588707198686,0.07192764341532323,0.16955387071409803,0.666833049835828,9.87491674870666,2.6335685819232246
20,0.0,BAO KT,Min,-173.55814539532525,-0.20149588898634688,-0.7563369063170364,-0.2362644209493504,-8.841720479403163,-2.352735042313915
20,12.3732142857143,BAO KT,Min,-173.55814539532525,-0.20149588898634688,-0.7563369063170364,-0.2362644209493504,-0.1751752875926283,0.13978452463648977
20,24.7464285714286,BAO KT,Min,-173.55814539532525,-0.20149588898634688,-0.7563369063170364,-0.2362644209493504,-1.9727979850083,-0.7494524050470284
21,0.0,BAO KT,Max,-88.08550426110718,0.11502786977323477,0.13597121698407927,0.6663193110188694,1.9352182796695887,1.4967667450150637
21,12.3732142857143,BAO KT,Max,-88.08550426110718,0.11502786977323477,0.13597121698407927,0.6663193110188694,0.6265203430436767,0.20360763264706797
21,24.7464285714286,BAO KT,Max,-88.08550426110718,0.11502786977323477,0.13597121698407927,0.6663193110188694,9.265633585130898,2.070796597259255
21,0.0,BAO KT,Min,-195.33434250334676,-0.16070404630029866,-0.6982109129122296,-0.23549811617201474,-8.012592899043543,-1.9060546056506404
21,12.3732142857143,BAO KT,Min,-195.33434250334676,-0.16070404630029866,-0.6982109129122296,-0.23549811617201474,-0.18388891864302853,0.07350226348159125
21,24.7464285714286,BAO KT,Min,-195.33434250334676,-0.16070404630029866,-0.6982109129122296,-0.23549811617201474,-1.4295837291971485,-1.3497622180518813
22,0.0,BAO KT,Max,-91.99448749797227,0.17356811380175174,0.10968737377125212,0.6648982462571229,1.632092315580587,2.0592816612024722
22,12.3732142857143,BAO KT,Max,-91.99448749797227,0.17356811380175174,0.10968737377125212,0.6648982462571229,0.6609948406165135,0.04880830444239652
22,24.7464285714286,BAO KT,Max,-91.99448749797227,0.17356811380175174,0.10968737377125212,0.6648982462571229,8.358586295372927,1.5129059569906578
22,0.0,BAO KT,Min,-204.1363005505517,-0.1202116147164626,-0.6221173639289345,-0.2351002923855824,-7.0365966141399,-1.461902180046379
22,12.3732142857143,BAO KT,Min,-204.1363005505517,-0.1202116147164626,-0.6221173639289345,-0.2351002923855824,-0.18100249978959085,-0.08831380403384792
22,24.7464285714286,BAO KT,Min,-204.1363005505517,-0.1202116147164626,-0.6221173639289345,-0.2351002923855824,-1.434809701696723,-2.235909269270168
23,0.0,BAO KT,Max,-92.79577979344691,0.1866488306209164,0.10735866310679282,0.6631248883471992,1.3472327044926433,2.3087820135808963
23,12.3732142857143,BAO KT,Max,-92.79577979344691,0.1866488306209164,0.10735866310679282,0.6631248883471992,0.6651369771435296,0.15805252485757926
23,24.7464285714286,BAO KT,Max,-92.79577979344691,0.1866488306209164,0.10735866310679282,0.6631248883471992,7.335472905689981,1.4153504517101831
23,0.0,BAO KT,Min,-203.83106647803797,-0.10163753809225377,-0.53909483619368,-0.2346390498561721,-6.005198951402922,-1.0998156248656281
23,12.3732142857143,BAO KT,Min,-203.83106647803797,-0.10163753809225377,-0.53909483619368,-0.2346390498561721,-0.16965268941472372,-0.042825231248289214
23,24.7464285714286,BAO KT,Min,-203.83106647803797,-0.10163753809225377,-0.53909483619368,-0.2346390498561721,-1.4980244334628812,-2.3101099413202864
24,0.0,BAO KT,Max,-92.52348291735123,0.2137403243592923,0.10231682164787259,0.6614840884143891,1.1535821061718632,2.642945265013605
24,12.3732142857143,BAO KT,Max,-92.52348291735123,0.2137403243592923,0.10231682164787259,0.6614840884143891,0.6678591538082144,0.0017304131092462836
24,24.7464285714286,BAO KT,Max,-92.52348291735123,0.2137403243592923,0.10231682164787259,0.6614840884143891,6.311407564317161,0.8093133252774026
24,0.0,BAO KT,Min,-199.643542707034,-0.06582070741690775,-0.45611013275869633,-0.23389319009420692,-4.975689256700733,-0.8195141093360057
24,12.3732142857143,BAO KT,Min,-199.643542707034,-0.06582070741690775,-0.45611013275869633,-0.23389319009420692,-0.11240585311047611,-0.05494052080721661
24,24.7464285714286,BAO KT,Min,-199.643542707034,-0.06582070741690775,-0.45611013275869633,-0.23389319009420692,-1.3783938123928154,-2.6463644045776027
25,0.0,BAO KT,Max,-92.18884800495259,0.26506677640866033,0.10263500519097295,0.6597983300612432,1.1923099562911292,3.1458931998384982
25,12.3732142857143,BAO KT,Max,-92.18884800495259,0.26506677640866033,0.10263500519097295,0.6597983300612432,0.6758413711805543,0.0642484186522181
25,24.7464285714286,BAO KT,Max,-92.18884800495259,0.26506677640866033,0.10263500519097295,0.6597983300612432,5.3119822149869655,1.0361087112777336
25,0.0,BAO KT,Min,-199.48016773974635,-0.07871685121524225,-0.3746917120120634,-0.23338990659091774,-3.960299472625857,-0.9118522246880314
25,12.3732142857143,BAO KT,Min,-199.48016773974635,-0.07871685121524225,-0.3746917120120634,-0.23338990659091774,-0.07761495615217831,-0.13595500004674285
25,24.7464285714286,BAO KT,Min,-199.48016773974635,-0.07871685121524225,-0.3746917120120634,-0.23338990659091774,-1.347539868595486,-3.41356284921725
26,0.0,BAO KT,Max,-91.87620318043271,0.2858518119716557,0.1281185362442396,0.6584052288442683,1.4371741402118154,3.442051752754239
26,12.3732142857143,BAO KT,Max,-91.87620318043271,0.2858518119716557,0.1281185362442396,0.6584052288442683,0.6660875254548254,0.09987159277090994
26,24.7464285714286,BAO KT,Max,-91.87620318043271,0.2858518119716557,0.1281185362442396,0.6584052288442683,4.246101400492946,1.2282858977723397
26,0.0,BAO KT,Min,-200.60960051995156,-0.09119815425036802,-0.289335801706068,-0.23310573380501548,-2.9139263495832948,-1.02854271223052
26,12.3732142857143,BAO KT,Min,-200.60960051995156,-0.09119815425036802,-0.289335801706068,-0.23310573380501548,-0.14806396271021546,-0.09654962451163027
26,24.7464285714286,BAO KT,Min,-200.60960051995156,-0.09119815425036802,-0.289335801706068,-0.23310573380501548,-1.7333020656322464,-3.6317596942157775
27,0.0,BAO KT,Max,-89.04710219845178,0.3266719416044861,0.15099796852452105,0.6576544309835919,1.6604753508257013,3.890328898874997
27,12.3732142857143,BAO KT,Max,-89.04710219845178,0.3266719416044861,0.15099796852452105,0.6576544309835919,0.6239458357416517,-0.06541496031517245
27,24.7464285714286,BAO KT,Max,-89.04710219845178,0.3266719416044861,0.15099796852452105,0.6576544309835919,3.0533377633753815,0.461063323591718
27,0.0,BAO KT,Min,-197.05767295473046,-0.042915677947405965,-0.19634283150164344,-0.2327998757591117,-1.8054460918920783,-0.6074673264643212
27,12.3732142857143,BAO KT,Min,-197.05767295473046,-0.042915677947405965,-0.19634283150164344,-0.2327998757591117,-0.20785487043574072,-0.15883273076751492
27,24.7464285714286,BAO KT,Min,-197.05767295473046,-0.042915677947405965,-0.19634283150164344,-0.2327998757591117,-2.0761850916971825,-4.193634970330313
28,0.0,BAO KT,Max,-80.52139938059729,0.4010501523758608,0.172710532799009,0.6572619776226813,1.8743678286986225,4.597865110939087
28,12.3732142857143,BAO KT,Max,-80.52139938059729,0.4010501523758608,0.172710532799009,0.6572619776226813,0.5111622914705862,-0.13817457994151477
28,24.7464285714286,BAO KT,Max,-80.52139938059729,0.4010501523758608,0.172710532799009,0.6572619776226813,2.5012801969477167,0.18905065604135102
28,0.0,BAO KT,Min,-178.6949799291978,-0.026446259510810314,-0.16084081787663326,-0.23260739533293567,-1.4789556140065443,-0.4653998159243806
28,12.3732142857143,BAO KT,Min,-178.6949799291978,-0.026446259510810314,-0.16084081787663326,-0.23260739533293567,-0.2626166030234037,-0.3644143637258107
28,24.7464285714286,BAO KT,Min,-178.6949799291978,-0.026446259510810314,-0.16084081787663326,-0.23260739533293567,-2.3996010347454297,-5.3266938383907085
29,0.0,BAO KT,Max,-77.8237691520724,0.3490085288341012,0.17899243697626155,0.6578632602865644,2.324018122918179,4.423085866178811
29,12.3732142857143,BAO KT,Max,-77.8237691520724,0.3490085288341012,0.17899243697626155,0.6578632602865644,0.4914819709872094,0.22193394360555455
29,24.7464285714286,BAO KT,Max,-77.8237691520724,0.3490085288341012,0.17899243697626155,0.6578632602865644,3.0977023229668847,1.6719742031035718
29,0.0,BAO KT,Min,-166.50801243893562,-0.11719188126986416,-0.21063405933159424,-0.23340938196258532,-2.114738380992466,-1.2281063158924628
29,12.3732142857143,BAO KT,Min,-166.50801243893562,-0.11719188126986416,-0.21063405933159424,-0.23340938196258532,-0.14243761707305738,0.1011353057077837
29,24.7464285714286,BAO KT,Min,-166.50801243893562,-0.11719188126986416,-0.21063405933159424,-0.23340938196258532,-2.13345136236065,-4.213628763433654
30,0.0,BAO KT,Max,-83.4975561904904,0.43455979388981897,0.24213433652116342,0.6584495321686846,3.189832616454049,5.208113031694875
30,12.3732142857143,BAO KT,Max,-83.4975561904904,0.43455979388981897,0.24213433652116342,0.6584495321686846,0.5801270709119359,0.28642071445770173
30,24.7464285714286,BAO KT,Max,-83.4975561904904,0.43455979388981897,0.24213433652116342,0.6584495321686846,3.790191389870232,1.928834491274463
30,0.0,BAO KT,Min,-176.73913521810675,-0.13273945952047703,-0.25943657362052885,-0.2342406282573299,-2.6299372480463608,-1.3559930623590595
30,12.3732142857143,BAO KT,Min,-176.73913521810675,-0.13273945952047703,-0.25943657362052885,-0.2342406282573299,-0.11818553028507149,-0.17442876266137103
30,24.7464285714286,BAO KT,Min,-176.73913521810675,-0.13273945952047703,-0.25943657362052885,-0.2342406282573299,-2.8427923289911643,-5.545689867814265
31,0.0,BAO KT,Max,-56.30096069988516,0.2876841266549571,0.816196467345834,0.647090436012428,9.60003846841871,3.563997249590175
31,12.371705516386525,BAO KT,Max,-56.30096069988516,0.2876841266549571,0.816196467345834,0.647090436012428,0.21080008725102722,0.18416834906108082
31,24.74341103277305,BAO KT,Max,-56.30096069988516,0.2876841266549571,0.816196467345834,0.647090436012428,2.6242711919796493,2.1410465301254504
31,0.0,BAO KT,Min,-171.99015008109018,-0.16097634116039622,-0.21491600365341762,-0.25509173805029106,-2.693483823937818,-1.842057245758136
31,12.371705516386525,BAO KT,Min,-171.99015008109018,-0.16097634116039622,-0.21491600365341762,-0.25509173805029106,-0.49770386909893805,-0.11073814173623588
31,24.74341103277305,BAO KT,Min,-171.99015008109018,-0.16097634116039622,-0.21491600365341762,-0.25509173805029106,-10.595446206616586,-3.5542893438377696
32,0.0,BAO KT,Max,-29.481283347456646,0.12041445797528115,0.19445669516134273,0.6929216112912818,2.5401442244555117,1.3356892452592655
32,12.371705516386534,BAO KT,Max,-29.481283347456646,0.12041445797528115,0.19445669516134273,0.6929216112912818,0.405315346565581,0.11298202030781852
32,24.743411032773068,BAO KT,Max,-29.481283347456646,0.12041445797528115,0.19445669516134273,0.6929216112912818,9.493614096827184,4.06069190206182
32,0.0,BAO KT,Min,-166.65916473319203,-0.3283150933996417,-0.7488665741776915,-0.22518867116759184,-9.035899356756081,-4.062943402188795
32,12.371705516386534,BAO KT,Min,-166.65916473319203,-0.3283150933996417,-0.7488665741776915,-0.22518867116759184,-0.205955561178693,-0.18681587823961257
32,24.743411032773068,BAO KT,Min,-166.65916473319203,-0.3283150933996417,-0.7488665741776915,-0.22518867116759184,-2.271377711996245,-1.6437751827116946
33,0.0,BAO KT,Max,-25.076213567774694,0.09712961996272483,0.08180388284625424,0.6315639035156594,0.678990104434476,1.0916062013020909
33,12.371705516386585,BAO KT,Max,-25.076213567774694,0.09712961996272483,0.08180388284625424,0.6315639035156594,0.24797113426586995,0.11032465415220583
33,24.74341103277317,BAO KT,Max,-25.076213567774694,0.09712961996272483,0.08180388284625424,0.6315639035156594,2.395582714133546,5.030970206733236
33,0.0,BAO KT,Min,-164.68635700120188,-0.398735072392617,-0.17359058353135864,-0.2621669342749345,-1.8996404456018063,-4.835095582659854
33,12.371705516386585,BAO KT,Min,-164.68635700120188,-0.398735072392617,-0.17359058353135864,-0.2621669342749345,-0.49439571325326914,-0.11475501969962622
33,24.74341103277317,BAO KT,Min,-164.68635700120188,-0.398735072392617,-0.17359058353135864,-0.2621669342749345,-1.345116992907215,-1.3117119088926599
34,0.0,BAO KT,Max,-61.52691225246866,0.34138626819627216,0.19264697893597366,0.6758269738056353,2.0573740653499737,4.187247844474864
34,12.37170551638657,BAO KT,Max,-61.52691225246866,0.34138626819627216,0.19264697893597366,0.6758269738056353,0.4154170993009141,0.11063624694173903
34,24.74341103277314,BAO KT,Max,-61.52691225246866,0.34138626819627216,0.19264697893597366,0.6758269738056353,1.741791422619052,1.7070431561556538
34,0.0,BAO KT,Min,-192.51892491486697,-0.12926074531278373,-0.10721030512416652,-0.22238035735790182,-0.9109572240172241,-1.491308595521158
34,12.37170551638657,BAO KT,Min,-192.51892491486697,-0.12926074531278373,-0.10721030512416652,-0.22238035735790182,-0.3259976266674189,-0.11140441163372083
34,24.74341103277314,BAO KT,Min,-192.51892491486697,-0.12926074531278373,-0.10721030512416652,-0.22238035735790182,-2.7093693186848116,-4.319610722601123
35,0.0,BAO KT,Max,-78.51943048541065,0.1281246631769124,0.42021589308689966,0.6273383522109292,4.908860337673355,1.4457795834796765
35,13.375,BAO KT,Max,-78.51943048541065,0.1281246631769124,0.42021589308689966,0.6273383522109292,0.17502920798816227,0.007024494824378891
35,26.75,BAO KT,Max,-78.51943048541065,0.1281246631769124,0.42021589308689966,0.6273383522109292,8.808954362693354,4.072423365419315
35,0.0,BAO KT,Min,-190.8182325685567,-0.3157119804863916,-0.6649235753277347,-0.22905386108920062,-8.977751277323552,-4.3728721125916605
35,13.375,BAO KT,Min,-190.8182325685567,-0.3157119804863916,-0.6649235753277347,-0.22905386108920062,-0.7271521638137439,-0.4234152897124971
35,26.75,BAO KT,Min,-190.8182325685567,-0.3157119804863916,-0.6649235753277347,-0.22905386108920062,-6.33191480240121,-1.9815551565027305
36,0.0,BAO KT,Max,-76.52165718744537,0.1570686895214345,0.3701567803905834,0.6284640038312229,4.358642616031401,1.7804506458204599
36,13.375,BAO KT,Max,-76.52165718744537,0.1570686895214345,0.3701567803905834,0.6284640038312229,0.22241685046888374,-0.05968580976032895
36,26.75,BAO KT,Max,-76.52165718744537,0.1570686895214345,0.3701567803905834,0.6284640038312229,7.829699478974391,3.752913494612045
36,0.0,BAO KT,Min,-173.81311804590095,-0.2924602648445582,-0.5933010984610294,-0.22800249220390384,-8.041104904858146,-4.070398589979888
36,13.375,BAO KT,Min,-173.81311804590095,-0.2924602648445582,-0.5933010984610294,-0.22800249220390384,-0.5996075742358704,-0.4211364685293616
36,26.75,BAO KT,Min,-173.81311804590095,-0.2924602648445582,-0.5933010984610294,-0.22800249220390384,-5.543051259416705,-2.421136798877913
37,0.0,BAO KT,Max,-71.46367685699339,0.2727791562296832,0.39193668551703437,0.7224219126582904,3.9650295191109834,2.661032038189063
37,11.35,BAO KT,Max,-71.46367685699339,0.2727791562296832,0.39193668551703437,0.7224219126582904,0.26445024973934744,-0.0043228981524560586
37,22.7,BAO KT,Max,-71.46367685699339,0.2727791562296832,0.39193668551703437,0.7224219126582904,14.081320030548946,1.0824448577875885
37,0.0,BAO KT,Min,-166.52547152854748,-0.09776268957415984,-1.2176884152309913,-0.2557775670765222,-13.560206995194555,-1.13676819554584
37,11.35,BAO KT,Min,-166.52547152854748,-0.09776268957415984,-1.2176884152309913,-0.2557775670765222,-0.4834518615073564,-0.435011385017841
37,22.7,BAO KT,Min,-166.52547152854748,-0.09776268957415984,-1.2176884152309913,-0.2557775670765222,-4.931933242125696,-3.531054808224745
38,0.0,BAO KT,Max,-68.87938040880168,0.2712986318872046,0.32859261478637647,0.7245994439291872,3.3505902688384865,2.6415809488352897
38,11.35,BAO KT,Max,-68.87938040880168,0.2712986318872046,0.32859261478637647,0.7245994439291872,0.31083228864203033,-0.07066496863437827
38,22.7,BAO KT,Max,-68.87938040880168,0.2712986318872046,0.32859261478637647,0.7245994439291872,12.843529651101584,0.4761833485097564
38,0.0,BAO KT,Min,-150.01611086334975,-0.0490086091765847,-1.1084594989770586,-0.2564614392669745,-12.318500975677642,-0.6363120797987165
38,11.35,BAO KT,Min,-150.01611086334975,-0.0490086091765847,-1.1084594989770586,-0.2564614392669745,-0.37893590898688556,-0.43765852308448217
38,22.7,BAO KT,Min,-150.01611086334975,-0.0490086091765847,-1.1084594989770586,-0.2564614392669745,-4.108462086812258,-3.5168979950042543
39,0.0,BAO KT,Max,-81.4910148125426,0.11321048092776173,0.32614375893661635,0.6215594616806877,3.7672983256166916,1.6415995544946613
39,13.375,BAO KT,Max,-81.4910148125426,0.11321048092776173,0.32614375893661635,0.6215594616806877,0.17274171733833624,0.33072883395681546
39,26.75,BAO KT,Max,-81.4910148125426,0.11321048092776173,0.32614375893661635,0.6215594616806877,5.9189015493882415,4.296466054154857
39,0.0,BAO KT,Min,-177.93782820686954,-0.31218257470744737,-0.4536318572086216,-0.22033183612074617,-6.215750630942386,-4.05441781926936
39,13.375,BAO KT,Min,-177.93782820686954,-0.31218257470744737,-0.4536318572086216,-0.22033183612074617,-0.5970504783704702,0.1210241174427485
39,26.75,BAO KT,Min,-177.93782820686954,-0.31218257470744737,-0.4536318572086216,-0.22033183612074617,-4.957047225937795,-1.386780810322965
40,0.0,BAO KT,Max,-72.88712732262756,0.11940712778857322,0.2573250961704495,0.7243915211447471,2.5397111025280013,1.4874299745497557
40,11.35,BAO KT,Max,-72.88712732262756,0.11940712778857322,0.2573250961704495,0.7243915211447471,0.26396074938895137,0.34685337679594863
40,22.7,BAO KT,Max,-72.88712732262756,0.11940712778857322,0.2573250961704495,0.7243915211447471,10.15565584638897,1.3543513310826298
40,0.0,BAO KT,Min,-152.95017676555034,-0.08887670004282033,-0.8758954240581405,-0.25578372873198135,-9.727170279730819,-0.6631497598893921
40,11.35,BAO KT,Min,-152.95017676555034,-0.08887670004282033,-0.8758954240581405,-0.25578372873198135,-0.3934470352163407,0.12948373829214385
40,22.7,BAO KT,Min,-152.95017676555034,-0.08887670004282033,-0.8758954240581405,-0.25578372873198135,-3.3015685805412027,-1.2231118262508565
41,0.0,BAO KT,Max,-80.36625027742167,0.13757962300277438,0.24922962628723305,0.7238126034267028,2.342670815662631,1.6402762798074877
41,11.35,BAO KT,Max,-80.36625027742167,0.13757962300277438,0.24922962628723305,0.7238126034267028,0.29128228911705584,0.19849477595540058
41,22.7,BAO KT,Max,-80.36625027742167,0.13757962300277438,0.24922962628723305,0.7238126034267028,8.653129131197057,0.6765936408391574
41,0.0,BAO KT,Min,-172.85642070320336,-0.04212324800737946,-0.7491870598090719,-0.25524574071405876,-8.400175624768018,-0.2796040889283563
41,11.35,BAO KT,Min,-172.85642070320336,-0.04212324800737946,-0.7491870598090719,-0.25524574071405876,-0.49580209464859193,0.07135545877346286
41,22.7,BAO KT,Min,-172.85642070320336,-0.04212324800737946,-0.7491870598090719,-0.25524574071405876,-3.3148417010575595,-1.4827811623554905
42,0.0,BAO KT,Max,-83.28278151468143,0.17679926615198857,0.22192350621581036,0.7227864471855866,2.0012606319867547,1.926999026923031
42,11.35,BAO KT,Max,-83.28278151468143,0.17679926615198857,0.22192350621581036,0.7227864471855866,0.29651510922837276,0.04423083672997538
42,22.7,BAO KT,Max,-83.28278151468143,0.17679926615198857,0.22192350621581036,0.7227864471855866,7.3494643943815205,0.06171898567419589
42,0.0,BAO KT,Min,-180.86547553694083,-0.0015652955953271638,-0.6356544691729809,-0.25476345288126445,-7.1791580038959655,0.02316637877771583
42,11.35,BAO KT,Min,-180.86547553694083,-0.0015652955953271638,-0.6356544691729809,-0.25476345288126445,-0.5229363153490073,-0.08281890214025686
42,22.7,BAO KT,Min,-180.86547553694083,-0.0015652955953271638,-0.6356544691729809,-0.25476345288126445,-3.03640295911214,-2.0863443147271092
43,0.0,BAO KT,Max,-83.73194561036811,0.15914781478048648,0.18731492558231647,0.7214951820643088,1.6968718312571478,1.807435337968793
43,11.35,BAO KT,Max,-83.73194561036811,0.15914781478048648,0.18731492558231647,0.7214951820643088,0.2840383775505008,0.1501557218027726
43,22.7,BAO KT,Max,-83.73194561036811,0.15914781478048648,0.18731492558231647,0.7214951820643088,6.110399377916426,0.48054126947892967
43,0.0,BAO KT,Min,-180.44307778739176,-0.029108858826093133,-0.5264691672670452,-0.25426706213897277,-5.983745562107213,-0.18022982587338446
43,11.35,BAO KT,Min,-180.44307778739176,-0.029108858826093133,-0.5264691672670452,-0.25426706213897277,-0.524048099974388,-0.04985450435181976
43,22.7,BAO KT,Min,-180.44307778739176,-0.029108858826093133,-0.5264691672670452,-0.25426706213897277,-2.6468559041804003,-1.8078489809097913
44,0.0,BAO KT,Max,-89.64098076344794,0.148535866686556,0.3320370967351246,0.6219989958910557,3.722927313479427,2.050776887782024
44,13.375,BAO KT,Max,-89.64098076344794,0.148535866686556,0.3320370967351246,0.6219989958910557,0.17922590374534275,0.1969828170061117
44,26.75,BAO KT,Max,-89.64098076344794,0.148535866686556,0.3320370967351246,0.6219989958910557,4.80119613971982,3.79878181591509
44,0.0,BAO KT,Min,-201.27623771707005,-0.27891805482478993,-0.3745656648687899,-0.2185926412624999,-5.21843539552031,-3.6622761506480397
44,13.375,BAO KT,Min,-201.27623771707005,-0.27891805482478993,-0.3745656648687899,-0.2185926412624999,-0.7263188578246155,0.05992828949589687
44,26.75,BAO KT,Min,-201.27623771707005,-0.27891805482478993,-0.3745656648687899,-0.2185926412624999,-5.159065024185157,-1.9225575460833486
45,0.0,BAO KT,Max,-83.56859291697,0.19460351503543225,0.15245174932852168,0.7202677996655269,1.5187182120319749,2.207420660348146
45,11.35,BAO KT,Max,-83.56859291697,0.19460351503543225,0.15245174932852168,0.7202677996655269,0.2142127199473874,-4.4854737772350686e-05
45,22.7,BAO KT,Max,-83.56859291697,0.19460351503543225,0.15245174932852168,0.7202677996655269,4.862108093630389,-0.09786244996174524
45,0.0,BAO KT,Min,-175.91729051850237,0.008491448905140789,-0.4167700989829766,-0.25367242595654055,-4.785451449969257,0.09489344018495066
45,11.35,BAO KT,Min,-175.91729051850237,0.008491448905140789,-0.4167700989829766,-0.25367242595654055,-0.5269188399652716,-0.06563343491475779
45,22.7,BAO KT,Min,-175.91729051850237,0.008491448905140789,-0.4167700989829766,-0.25367242595654055,-2.2529690943353446,-2.2233188091989993
46,0.0,BAO KT,Max,-83.04321127741878,0.25927431494128733,0.14570559171491748,0.7188369589950279,1.448044168763684,2.8169992014830045
46,11.35,BAO KT,Max,-83.04321127741878,0.25927431494128733,0.14570559171491748,0.7188369589950279,0.17168354988762297,0.0636044264492959
46,22.7,BAO KT,Max,-83.04321127741878,0.25927431494128733,0.14570559171491748,0.7188369589950279,3.5896557771231254,0.12575102445565617
46,0.0,BAO KT,Min,-174.29685538704837,-0.005711991709178259,-0.3055533780815871,-0.2533553703448808,-3.5773688291872814,-0.003911187342690331
46,11.35,BAO KT,Min,-174.29685538704837,-0.005711991709178259,-0.3055533780815871,-0.2533553703448808,-0.5373863878906462,-0.13105957623353195
46,22.7,BAO KT,Min,-174.29685538704837,-0.005711991709178259,-0.3055533780815871,-0.2533553703448808,-2.032738369081896,-3.068527747684217
47,0.0,BAO KT,Max,-82.63004635824542,0.2866644810533363,0.14215573887978933,0.7174606011852629,1.4516056595937759,3.164363546473915
47,11.35,BAO KT,Max,-82.63004635824542,0.2866644810533363,0.14215573887978933,0.7174606011852629,0.2550169858002473,0.09512470904619372
47,22.7,BAO KT,Max,-82.63004635824542,0.2866644810533363,0.14215573887978933,0.7174606011852629,2.3895968641346013,0.26772787577788953
47,0.0,BAO KT,Min,-177.2646135472304,-0.01563428984787102,-0.19924767780213276,-0.25324994317611643,-2.4086185389450283,-0.0871705037687826
47,11.35,BAO KT,Min,-177.2646135472304,-0.01563428984787102,-0.19924767780213276,-0.25324994317611643,-0.5292424709573329,-0.09329257101609814
47,22.7,BAO KT,Min,-177.2646135472304,-0.01563428984787102,-0.19924767780213276,-0.25324994317611643,-2.133868062291212,-3.342920173436819
48,0.0,BAO KT,Max,-92.72267033329938,0.18773668757053608,0.32091836049220757,0.6182583976953477,3.527310395005538,2.433782638091397
48,13.375,BAO KT,Max,-92.72267033329938,0.18773668757053608,0.32091836049220757,0.6182583976953477,0.1695226782383585,0.04992829395094654
48,26.75,BAO KT,Max,-92.72267033329938,0.18773668757053608,0.32091836049220757,0.6182583976953477,3.852031589121711,3.32504348400803
48,0.0,BAO KT,Min,-210.8997736840902,-0.24700823155734739,-0.3050628426620694,-0.21909015147366814,-4.308399452088645,-3.282426710151012
48,13.375,BAO KT,Min,-210.8997736840902,-0.24700823155734739,-0.3050628426620694,-0.21909015147366814,-0.7774655847413033,-0.07805480513190104
48,26.75,BAO KT,Min,-210.8997736840902,-0.24700823155734739,-0.3050628426620694,-0.21909015147366814,-5.057255748161015,-2.5881737544204424
49,0.0,BAO KT,Max,-80.04309119231364,0.33623099621034447,0.14378259065432364,0.716700232527135,1.4586384886573707,3.6727522763468787
49,11.35,BAO KT,Max,-80.04309119231364,0.33623099621034447,0.14378259065432364,0.716700232527135,0.31970009607570204,-0.05743483957498051
49,22.7,BAO KT,Max,-80.04309119231364,0.33623099621034447,0.14378259065432364,0.716700232527135,1.6281169552814254,-0.31395713477853704
49,0.0,BAO KT,Min,-175.0371196955951,0.022601083277846393,-0.12962689900769972,-0.25306447646141794,-1.3144136521933576,0.199087455628576
49,11.35,BAO KT,Min,-175.0371196955951,0.022601083277846393,-0.12962689900769972,-0.25306447646141794,-0.4910734228629867,-0.1479619802542173
49,22.7,BAO KT,Min,-175.0371196955951,0.022601083277846393,-0.12962689900769972,-0.25306447646141794,-2.1208489734607667,-3.9596913376279392
50,0.0,BAO KT,Max,-72.78693004962452,0.41804810000710174,0.14792379974467934,0.7162500631996469,1.4188006667368467,4.411422987327829
50,11.35,BAO KT,Max,-72.78693004962452,0.41804810000710174,0.14792379974467934,0.7162500631996469,0.3687915974607039,-0.12697624553280407
50,22.7,BAO KT,Max,-72.78693004962452,0.41804810000710174,0.14792379974467934,0.7162500631996469,2.295295292437891,-0.8795337125239266
50,0.0,BAO KT,Min,-159.43014318802324,0.06040130164088275,-0.18231346139530558,-0.25305344379691824,-1.8432202812355454,0.4915758347241117
50,11.35,BAO KT,Min,-159.43014318802324,0.06040130164088275,-0.18231346139530558,-0.25305344379691824,-0.38366980730122224,-0.34014149906918034
50,22.7,BAO KT,Min,-159.43014318802324,0.06040130164088275,-0.18231346139530558,-0.25305344379691824,-2.0606983517746165,-5.07826888283338
51,0.0,BAO KT,Max,-70.86026971620099,0.37403123464505816,0.35647741651186005,0.7164796277797859,3.686201415973417,4.336764000136827
51,11.35,BAO KT,Max,-70.86026971620099,0.37403123464505816,0.35647741651186005,0.7164796277797859,0.22495756332599495,0.2105118490692699
51,22.7,BAO KT,Max,-70.86026971620099,0.37403123464505816,0.35647741651186005,0.7164796277797859,3.0429297660891153,0.6677750248790686
51,0.0,BAO KT,Min,-145.87731653178156,-0.04146324334681191,-0.2490398165392341,-0.2537302368860494,-2.6102740693514987,-0.27344059909356166
51,11.35,BAO KT,Min,-145.87731653178156,-0.04146324334681191,-0.2490398165392341,-0.2537302368860494,-0.3684469763933811,0.09041052207469759
51,22.7,BAO KT,Min,-145.87731653178156,-0.04146324334681191,-0.2490398165392341,-0.2537302368860494,-4.405835938845806,-4.153745026305993
52,0.0,BAO KT,Max,-93.64014960492861,0.2035437321724704,0.2990044519498526,0.6150485374823482,3.233846477447246,2.7290839153267505
52,13.375,BAO KT,Max,-93.64014960492861,0.2035437321724704,0.2990044519498526,0.6150485374823482,0.1636735281961458,0.14899058657864928
52,26.75,BAO KT,Max,-93.64014960492861,0.2035437321724704,0.2990044519498526,0.6150485374823482,2.9909401130026074,3.3352729902804086
52,0.0,BAO KT,Min,-211.08744578435983,-0.2389712180175112,-0.24064105905056934,-0.21888438910634175,-3.446208216600122,-3.0729354734187955
52,13.375,BAO KT,Min,-211.08744578435983,-0.2389712180175112,-0.24064105905056934,-0.21888438910634175,-0.7743732669756538,-0.0495943770099738
52,26.75,BAO KT,Min,-211.08744578435983,-0.2389712180175112,-0.24064105905056934,-0.21888438910634175,-4.7645226122113105,-2.7157109202868335
53,0.0,BAO KT,Max,-75.27228914878974,0.48116141893131903,0.4811964013747815,0.7168635496970901,5.035758697603786,5.2853950190784715
53,11.35,BAO KT,Max,-75.27228914878974,0.48116141893131903,0.4811964013747815,0.7168635496970901,0.20645451680758908,0.2811026305813459
53,22.7,BAO KT,Max,-75.27228914878974,0.48116141893131903,0.4811964013747815,0.7168635496970901,3.0539158783800304,0.8962320241224029
53,0.0,BAO KT,Min,-154.6531011030016,-0.05653038846833604,-0.2585006695216272,-0.2541857763641112,-2.8140493197609064,-0.3870077941088252
53,11.35,BAO KT,Min,-154.6531011030016,-0.05653038846833604,-0.2585006695216272,-0.2541857763641112,-0.4579418722340661,-0.1768092763852115
53,22.7,BAO KT,Min,-154.6531011030016,-0.05653038846833604,-0.2585006695216272,-0.2541857763641112,-5.887399613603753,-5.636969190662471
54,0.0,BAO KT,Max,-58.8374217080447,0.1589887641681054,1.0572278243173474,0.7316520351445883,11.570005631526852,1.820039980544084
54,11.347939845902141,BAO KT,Max,-58.8374217080447,0.1589887641681054,1.0572278243173474,0.7316520351445883,0.31695076609674544,0.21006109545327933
54,22.695879691804283,BAO KT,Max,-58.8374217080447,0.1589887641681054,1.0572278243173474,0.7316520351445883,3.3580226675767344,1.5012969575322002
54,0.0,BAO KT,Min,-134.61307849976242,-0.11649261752517037,-0.2679844925841893,-0.2576556552047016,-2.7241211353832435,-1.1426054748024383
54,11.347939845902141,BAO KT,Min,-134.61307849976242,-0.11649261752517037,-0.2679844925841893,-0.2576556552047016,-0.42735212224040403,-0.08478717263402316
54,22.695879691804283,BAO KT,Min,-134.61307849976242,-0.11649261752517037,-0.2679844925841893,-0.2576556552047016,-12.42470987600766,-1.78834988336388
55,0.0,BAO KT,Max,-45.62326517109338,0.07095985857566794,0.23797510568718114,0.742637502137491,2.516936983852152,0.6390428848799683
55,11.347939845902097,BAO KT,Max,-45.62326517109338,0.07095985857566794,0.23797510568718114,0.742637502137491,0.34776869376685443,0.09107773189481078
55,22.695879691804194,BAO KT,Max,-45.62326517109338,0.07095985857566794,0.23797510568718114,0.742637502137491,11.281777339461279,2.3108343319216655
55,0.0,BAO KT,Min,-139.1931280193152,-0.20513974239782007,-0.9809843013110777,-0.2573498033413772,-10.98252434264354,-2.344992581546963
55,11.347939845902097,BAO KT,Min,-139.1931280193152,-0.20513974239782007,-0.9809843013110777,-0.2573498033413772,-0.38173239566615935,-0.20220893225219772
55,22.695879691804194,BAO KT,Min,-139.1931280193152,-0.20513974239782007,-0.9809843013110777,-0.2573498033413772,-2.8841173844685004,-0.9714535283008321
56,0.0,BAO KT,Max,-93.93561974418147,0.2250215185064419,0.27589267734820705,0.6125697073748955,2.930889050986412,3.014732975368336
56,13.375,BAO KT,Max,-93.93561974418147,0.2250215185064419,0.27589267734820705,0.6125697073748955,0.09265693686059034,0.008209577596839459
56,26.75,BAO KT,Max,-93.93561974418147,0.2250215185064419,0.27589267734820705,0.6125697073748955,2.118289056587057,2.8015723384167326
56,0.0,BAO KT,Min,-205.45152467719575,-0.21011307830669013,-0.175669904810166,-0.21703578678910135,-2.5808808970848833,-2.818952506287229
56,13.375,BAO KT,Min,-205.45152467719575,-0.21011307830669013,-0.175669904810166,-0.21703578678910135,-0.7625513965683677,-0.07185773634874534
56,26.75,BAO KT,Min,-205.45152467719575,-0.21011307830669013,-0.175669904810166,-0.21703578678910135,-4.449240068078128,-3.004592644678985
57,0.0,BAO KT,Max,-25.917716337956893,0.009113820233006394,0.15851440585095683,0.7167106022438494,1.5319345832429696,-0.022552538434037983
57,11.347939845902099,BAO KT,Max,-25.917716337956893,0.009113820233006394,0.15851440585095683,0.7167106022438494,0.26633468354156753,0.17956671629611998
57,22.695879691804198,BAO KT,Max,-25.917716337956893,0.009113820233006394,0.15851440585095683,0.7167106022438494,2.3085317467787503,4.9485817787182205
57,0.0,BAO KT,Min,-138.76125784883246,-0.42961045816881527,-0.1969900598317919,-0.2677631135815422,-2.162330951644909,-4.801805494222091
57,11.347939845902099,BAO KT,Min,-138.76125784883246,-0.42961045816881527,-0.1969900598317919,-0.2677631135815422,-0.4601116450372468,-0.13345806906094726
57,22.695879691804198,BAO KT,Min,-138.76125784883246,-0.42961045816881527,-0.1969900598317919,-0.2677631135815422,-2.0656893013681694,-0.229398705975082
58,0.0,BAO KT,Max,-77.52044007953432,0.3786985807193566,0.28755031038071616,0.7283781377176661,2.857464389612777,4.2297037162180455
58,11.347939845902106,BAO KT,Max,-77.52044007953432,0.3786985807193566,0.28755031038071616,0.7283781377176661,0.33686007994453,0.14584081946901417
58,22.695879691804212,BAO KT,Max,-77.52044007953432,0.3786985807193566,0.28755031038071616,0.7283781377176661,2.425412267302389,0.8159362088319364
58,0.0,BAO KT,Min,-172.1323682928064,-0.05975082640890255,-0.18404681516813493,-0.2626855094392178,-1.7516921074133283,-0.5401613588303937
58,11.347939845902106,BAO KT,Min,-172.1323682928064,-0.05975082640890255,-0.18404681516813493,-0.2626855094392178,-0.40563923525807,-0.1579028117320925
58,22.695879691804212,BAO KT,Min,-172.1323682928064,-0.05975082640890255,-0.18404681516813493,-0.2626855094392178,-3.668742860128917,-4.365193711245476
59,0.0,BAO KT,Max,-76.97923757519162,0.7829817339974539,0.32345077468438266,0.813447417790219,2.903241395214054,7.634107229491403
59,10.115,BAO KT,Max,-76.97923757519162,0.7829817339974539,0.32345077468438266,0.813447417790219,0.23267063247426212,0.13058786004450443
59,20.23,BAO KT,Max,-76.97923757519162,0.7829817339974539,0.32345077468438266,0.813447417790219,18.461670892093164,2.753317995930209
59,0.0,BAO KT,Min,-166.18903734728872,-0.2645632403684762,-1.8247271840204777,-0.2870180779378631,-18.452560040641103,-2.663051433160926
59,10.115,BAO KT,Min,-166.18903734728872,-0.2645632403684762,-1.8247271840204777,-0.2870180779378631,-0.4390653621941383,-0.33908005033427513
59,20.23,BAO KT,Min,-166.18903734728872,-0.2645632403684762,-1.8247271840204777,-0.2870180779378631,-3.6401677766510074,-8.20561324927709
60,0.0,BAO KT,Max,-94.30648374806037,0.26010787154089227,0.25295399967527077,0.6104063528137571,2.693352906725032,3.3614161465375907
60,13.375,BAO KT,Max,-94.30648374806037,0.26010787154089227,0.25295399967527077,0.6104063528137571,0.051436213444655085,0.062399535782938984
60,26.75,BAO KT,Max,-94.30648374806037,0.26010787154089227,0.25295399967527077,0.6104063528137571,1.2438788136059977,2.973903835452039
60,0.0,BAO KT,Min,-203.08349652825967,-0.21864005224414151,-0.11067516912750149,-0.21601026430339773,-1.716681960554667,-2.8747175620787457
60,13.375,BAO KT,Min,-203.08349652825967,-0.21864005224414151,-0.11067516912750149,-0.21601026430339773,-0.7591430606809505,-0.13033303441813565
60,26.75,BAO KT,Min,-203.08349652825967,-0.21864005224414151,-0.11067516912750149,-0.21601026430339773,-4.136027358522723,-3.596469417181278
61,0.0,BAO KT,Max,-82.91704471775085,0.5990488339936713,0.3622808055991934,0.7825043194283583,3.364537921068825,5.881063380337949
61,10.5,BAO KT,Max,-82.91704471775085,0.5990488339936713,0.3622808055991934,0.7825043194283583,0.08662580110385884,-0.013656405499164866
61,21.0,BAO KT,Max,-82.91704471775085,0.5990488339936713,0.3622808055991934,0.7825043194283583,16.710179998740944,1.8627383582454187
61,0.0,BAO KT,Min,-176.7773151887601,-0.18359951921325185,-1.5900500067094814,-0.27614913672416025,-16.680870142158163,-1.9928515452328694
61,10.5,BAO KT,Min,-176.7773151887601,-0.18359951921325185,-1.5900500067094814,-0.27614913672416025,-0.4394105377227052,-0.4401452518685328
61,21.0,BAO KT,Min,-176.7773151887601,-0.18359951921325185,-1.5900500067094814,-0.27614913672416025,-4.243358996514235,-6.698962133529147
62,0.0,BAO KT,Max,-81.51169769739819,0.4265977671534776,0.332099033027344,0.748977076564217,3.394244137650707,4.210371443846855
62,10.95,BAO KT,Max,-81.51169769739819,0.4265977671534776,0.332099033027344,0.748977076564217,0.1570653667727294,-0.06923280703393078
62,21.9,BAO KT,Max,-81.51169769739819,0.4265977671534776,0.332099033027344,0.748977076564217,14.936006847730583,1.316281868226541
62,0.0,BAO KT,Min,-175.9043336010433,-0.12706973984649042,-1.362880320927414,-0.2647090443275769,-14.91107218057978,-1.4665454344115991
62,10.95,BAO KT,Min,-175.9043336010433,-0.12706973984649042,-1.362880320927414,-0.2647090443275769,-0.2839007531406065,-0.46087410648372445
62,21.9,BAO KT,Min,-175.9043336010433,-0.12706973984649042,-1.362880320927414,-0.2647090443275769,-3.920385164790023,-5.132119656814304
63,0.0,BAO KT,Max,-77.02272953618595,0.7751564694248401,0.31603955199910905,0.8147492377582743,2.685005955866721,7.585896196013591
63,10.115,BAO KT,Max,-77.02272953618595,0.7751564694248401,0.31603955199910905,0.8147492377582743,0.08331300144759907,0.04069075381187716
63,20.23,BAO KT,Max,-77.02272953618595,0.7751564694248401,0.31603955199910905,0.8147492377582743,16.627331570264435,2.0697850414585197
63,0.0,BAO KT,Min,-168.59826251338353,-0.20741804363217514,-1.6515885136649116,-0.2874157004560418,-16.784304061176723,-2.1262819812203837
63,10.115,BAO KT,Min,-168.59826251338353,-0.20741804363217514,-1.6515885136649116,-0.2874157004560418,-0.5858225705195033,-0.28822003179836636
63,20.23,BAO KT,Min,-168.59826251338353,-0.20741804363217514,-1.6515885136649116,-0.2874157004560418,-3.708474181075256,-8.095519180450925
64,0.0,BAO KT,Max,-93.73619318590013,0.2779793052390148,0.22891807531297617,0.6088127591553828,2.320190239263778,3.633259219524374
64,13.375,BAO KT,Max,-93.73619318590013,0.2779793052390148,0.22891807531297617,0.6088127591553828,0.1413541456479118,0.08419837194692782
64,26.75,BAO KT,Max,-93.73619318590013,0.2779793052390148,0.22891807531297617,0.6088127591553828,0.42209768091872124,3.1383960840352683
64,0.0,BAO KT,Min,-206.97338819660655,-0.228827136728742,-0.04868829764131083,-0.2155907173524077,-0.8803142809863436,-2.9827298234585804
64,13.375,BAO KT,Min,-206.97338819660655,-0.228827136728742,-0.04868829764131083,-0.2155907173524077,-0.7495207136302203,-0.09107922970603273
64,26.75,BAO KT,Min,-206.97338819660655,-0.228827136728742,-0.04868829764131083,-0.2155907173524077,-3.803368275358335,-3.8026871956192725
65,0.0,BAO KT,Max,-76.95919958768994,0.6088567849277917,0.34813617246097944,0.7837240602868838,3.10950759880828,5.948749876484839
65,10.5,BAO KT,Max,-76.95919958768994,0.6088567849277917,0.34813617246097944,0.7837240602868838,0.013167541749386672,-0.10411128270669709
65,21.0,BAO KT,Max,-76.95919958768994,0.6088567849277917,0.34813617246097944,0.7837240602868838,15.024409284780328,1.1628484990843837
65,0.0,BAO KT,Min,-165.36275165352544,-0.12264130269534201,-1.4364166007859867,-0.27657475791129726,-15.140339331725393,-1.4126188575177985
65,10.5,BAO KT,Min,-165.36275165352544,-0.12264130269534201,-1.4364166007859867,-0.27657475791129726,-0.5691064906705552,-0.4650202617669843
65,21.0,BAO KT,Min,-165.36275165352544,-0.12264130269534201,-1.4364166007859867,-0.27657475791129726,-4.201352022872287,-6.837242606998787
66,0.0,BAO KT,Max,-74.64301845053797,0.43537988463264216,0.283743999696628,0.7507930850342072,2.9805202353690263,4.2694796825466925
66,10.95,BAO KT,Max,-74.64301845053797,0.43537988463264216,0.283743999696628,0.7507930850342072,0.14125346745856648,-0.1351524361316775
66,21.9,BAO KT,Max,-74.64301845053797,0.43537988463264216,0.283743999696628,0.7507930850342072,13.50393275929994,0.6378466403684406
66,0.0,BAO KT,Min,-158.84394875558462,-0.07093060565048091,-1.2354464382923316,-0.26528173662033355,-13.55234423930212,-0.9155336233770912
66,10.95,BAO KT,Min,-158.84394875558462,-0.07093060565048091,-1.2354464382923316,-0.26528173662033355,-0.25274221372825983,-0.49793005418073866
66,21.9,BAO KT,Min,-158.84394875558462,-0.07093060565048091,-1.2354464382923316,-0.26528173662033355,-3.3597390104063365,-5.26533979090817
67,0.0,BAO KT,Max,-76.53140836060498,0.7560536000289443,0.31146002458174205,0.8155785497882713,2.485577944637442,7.457253413103891
67,10.115,BAO KT,Max,-76.53140836060498,0.7560536000289443,0.31146002458174205,0.8155785497882713,-0.079419410944408,0.05246755069370405
67,20.23,BAO KT,Max,-76.53140836060498,0.7560536000289443,0.31146002458174205,0.8155785497882713,14.793121847585786,1.7477066312664564
67,0.0,BAO KT,Min,-169.1366867836755,-0.17120897358234627,-1.4783723687368693,-0.28755812322430085,-15.114351171961076,-1.7158509043044088
67,10.115,BAO KT,Min,-169.1366867836755,-0.17120897358234627,-1.4783723687368693,-0.28755812322430085,-0.7265132945459395,-0.19888879032222545
67,20.23,BAO KT,Min,-169.1366867836755,-0.17120897358234627,-1.4783723687368693,-0.28755812322430085,-3.8152583526511985,-7.837710915481653
68,0.0,BAO KT,Max,-89.8287346605763,0.31337500065701523,0.20347181231975583,0.6078990834796115,2.020446028186847,4.049363762411774
68,13.375,BAO KT,Max,-89.8287346605763,0.31337500065701523,0.20347181231975583,0.6078990834796115,0.20286707768596438,-0.059882207037791645
68,26.75,BAO KT,Max,-89.8287346605763,0.31337500065701523,0.20347181231975583,0.6078990834796115,-0.259615664317302,2.3912909603011103
68,0.0,BAO KT,Min,-203.56200366359369,-0.1859160218319751,0.010697385260720456,-0.21522215930058497,-0.06755595159379435,-2.581962623704223
68,13.375,BAO KT,Min,-203.56200366359369,-0.1859160218319751,0.010697385260720456,-0.21522215930058497,-0.7082186489674342,-0.15421197444998214
68,26.75,BAO KT,Min,-203.56200366359369,-0.1859160218319751,0.010697385260720456,-0.21522215930058497,-3.422424951366622,-4.333417505163384
69,0.0,BAO KT,Max,-79.38002823965128,0.6743127070989141,0.22197679988099095,0.8154084869428366,1.7162358286336694,6.903188738321212
69,10.115,BAO KT,Max,-79.38002823965128,0.6743127070989141,0.22197679988099095,0.8154084869428366,0.073020541033575,0.25011078394235664
69,20.23,BAO KT,Max,-79.38002823965128,0.6743127070989141,0.22197679988099095,0.8154084869428366,13.66831280835029,1.9165118255153504
69,0.0,BAO KT,Min,-175.32246920488768,-0.16474553055590646,-1.3576335370634491,-0.2869324178137618,-13.796613646443287,-1.416290257630637
69,10.115,BAO KT,Min,-175.32246920488768,-0.16474553055590646,-1.3576335370634491,-0.2869324178137618,-0.5888231736677996,0.05856847066904729
69,20.23,BAO KT,Min,-175.32246920488768,-0.16474553055590646,-1.3576335370634491,-0.2869324178137618,-2.7743548329587777,-6.738157326289819
70,0.0,BAO KT,Max,-79.75489222801632,0.4200192345549958,0.2629429034791361,0.7840195646468731,2.202563308331089,4.59352637683211
70,10.5,BAO KT,Max,-79.75489222801632,0.4200192345549958,0.2629429034791361,0.7840195646468731,0.017012760097673996,0.43193294346530237
70,21.0,BAO KT,Max,-79.75489222801632,0.4200192345549958,0.2629429034791361,0.7840195646468731,12.201467370312683,2.2802213806583906
70,0.0,BAO KT,Min,-172.97821946016035,-0.17602747020886556,-1.1680780735614245,-0.2761593330751238,-12.32817217447723,-1.416355493727786
70,10.5,BAO KT,Min,-172.97821946016035,-0.17602747020886556,-1.1680780735614245,-0.2761593330751238,-0.5896235998862931,0.16291436654205688
70,21.0,BAO KT,Min,-172.97821946016035,-0.17602747020886556,-1.1680780735614245,-0.2761593330751238,-3.3192376647307698,-4.247287596285399
71,0.0,BAO KT,Max,-77.73032492862423,0.24095742283779178,0.2187559772860288,0.7510098934445432,2.3304079692799418,2.823637175237704
71,10.95,BAO KT,Max,-77.73032492862423,0.24095742283779178,0.2187559772860288,0.7510098934445432,0.1308759953751653,0.456960984167066
71,21.9,BAO KT,Max,-77.73032492862423,0.24095742283779178,0.2187559772860288,0.7510098934445432,10.765298122086675,2.0641251381967916
71,0.0,BAO KT,Min,-164.93386403407015,-0.14680834736339005,-0.9889991030082559,-0.2648267704150078,-10.893782233794125,-1.1509776690614502
71,10.95,BAO KT,Min,-164.93386403407015,-0.14680834736339005,-0.9889991030082559,-0.2648267704150078,-0.26499706294407926,0.18450074175788422
71,21.9,BAO KT,Min,-164.93386403407015,-0.14680834736339005,-0.9889991030082559,-0.2648267704150078,-2.49291318147365,-2.4533303849099357
72,0.0,BAO KT,Max,-80.79871156221189,0.36963540383828825,0.1634164071309937,0.6074968110729535,1.625192946346234,4.619736419639524
72,13.375,BAO KT,Max,-80.79871156221189,0.36963540383828825,0.1634164071309937,0.6074968110729535,0.26304747427915864,-0.11997139834707378
72,26.75,BAO KT,Max,-80.79871156221189,0.36963540383828825,0.1634164071309937,0.6074968110729535,-0.10968477885392347,2.1086684341232402
72,0.0,BAO KT,Min,-184.98257581009963,-0.16771507455504517,0.027867832009950057,-0.2153143971523444,0.5357499341668466,-2.377709810224218
72,13.375,BAO KT,Min,-184.98257581009963,-0.16771507455504517,0.027867832009950057,-0.2153143971523444,-0.5954190643145596,-0.3386863964009975
72,26.75,BAO KT,Min,-184.98257581009963,-0.16771507455504517,0.027867832009950057,-0.2153143971523444,-2.770457050231647,-5.268010633034689
73,0.0,BAO KT,Max,-82.54717335313792,0.6941770465914336,0.13758597070394457,0.8143255163454114,0.9815465214334195,7.035061513175562
73,10.115,BAO KT,Max,-82.54717335313792,0.6941770465914336,0.13758597070394457,0.8143255163454114,0.24759345706805608,0.09057325437663644
73,20.23,BAO KT,Max,-82.54717335313792,0.6941770465914336,0.13758597070394457,0.8143255163454114,12.522842030343478,0.8668712890466059
73,0.0,BAO KT,Min,-181.94791025513427,-0.08126682612910088,-1.2353904242243063,-0.2861603406547622,-12.46910625171424,-0.777156603545105
73,10.115,BAO KT,Min,-181.94791025513427,-0.08126682612910088,-1.2353904242243063,-0.2861603406547622,-0.45999909536565486,0.013460686903210211
73,20.23,BAO KT,Min,-181.94791025513427,-0.08126682612910088,-1.2353904242243063,-0.2861603406547622,-1.8018176659073795,-7.008140139369142
74,0.0,BAO KT,Max,-88.7402265534498,0.45799765902056466,0.19912453990448398,0.7832139862669997,1.6016214761394374,4.895610789483516
74,10.5,BAO KT,Max,-88.7402265534498,0.45799765902056466,0.19912453990448398,0.7832139862669997,0.08934710951056576,0.1854259877170263
74,21.0,BAO KT,Max,-88.7402265534498,0.45799765902056466,0.19912453990448398,0.7832139862669997,11.03311164303746,0.8672101120055006
74,0.0,BAO KT,Min,-190.70844520403026,-0.06517836383258263,-1.0512615857968095,-0.27557859470963125,-11.043381658695543,-0.5015355284787345
74,10.5,BAO KT,Min,-190.70844520403026,-0.06517836383258263,-1.0512615857968095,-0.27557859470963125,-0.5111574064910804,0.0866353697675872
74,21.0,BAO KT,Min,-190.70844520403026,-0.06517836383258263,-1.0512615857968095,-0.27557859470963125,-2.579993861854726,-4.722340049948342
75,0.0,BAO KT,Max,-87.94811253983323,0.2715511059404651,0.18636591278013362,0.750395929526862,1.9833393046788228,3.08122269643473
75,10.95,BAO KT,Max,-87.94811253983323,0.2715511059404651,0.18636591278013362,0.750395929526862,0.16241271086411233,0.21258492801762566
75,21.9,BAO KT,Max,-87.94811253983323,0.2715511059404651,0.18636591278013362,0.750395929526862,9.437452924842399,0.6244498931810081
75,0.0,BAO KT,Min,-186.17638629141558,-0.03893253387913149,-0.8686378317777249,-0.2643308310546839,-9.585715591089777,-0.22817259877197119
75,10.95,BAO KT,Min,-186.17638629141558,-0.03893253387913149,-0.8686378317777249,-0.2643308310546839,-0.2935030832286842,0.09856679633009717
75,21.9,BAO KT,Min,-186.17638629141558,-0.03893253387913149,-0.8686378317777249,-0.2643308310546839,-2.1902752526339198,-2.8657465236614565
76,0.0,BAO KT,Max,-83.78159936953878,0.7325454520747617,0.0746777928076517,0.8126693499898414,0.7784223754421934,7.294819386852641
76,10.115,BAO KT,Max,-83.78159936953878,0.7325454520747617,0.0746777928076517,0.8126693499898414,0.3180116911191848,0.022580060428350854
76,20.23,BAO KT,Max,-83.78159936953878,0.7325454520747617,0.0746777928076517,0.8126693499898414,11.187342002350439,0.23706647118273927
76,0.0,BAO KT,Min,-184.43452492070134,-0.022279859603852398,-1.099149795669238,-0.28531969990803735,-11.048458364038245,-0.21365508860319493
76,10.115,BAO KT,Min,-184.43452492070134,-0.022279859603852398,-1.099149795669238,-0.28531969990803735,-0.40238660431122547,-0.11487786088357389
76,20.23,BAO KT,Min,-184.43452492070134,-0.022279859603852398,-1.099149795669238,-0.28531969990803735,-1.119093351964005,-7.524575108619789
77,0.0,BAO KT,Max,-92.21971231538738,0.5108107246086736,0.147957346145756,0.7819266144156811,1.0894147789176059,5.261921946506389
77,10.5,BAO KT,Max,-92.21971231538738,0.5108107246086736,0.147957346145756,0.7819266144156811,0.13234461824259017,0.04851748764601493
77,21.0,BAO KT,Max,-92.21971231538738,0.5108107246086736,0.147957346145756,0.7819266144156811,9.730755472762816,-0.09451427012441582
77,0.0,BAO KT,Min,-197.33759910614137,0.0112445561265829,-0.924949430790134,-0.27494925022066513,-9.693182573829999,0.1416214085338251
77,10.5,BAO KT,Min,-197.33759910614137,0.0112445561265829,-0.924949430790134,-0.27494925022066513,-0.4794124993630331,-0.10291351433110482
77,21.0,BAO KT,Min,-197.33759910614137,0.0112445561265829,-0.924949430790134,-0.27494925022066513,-2.0176894901432707,-5.465103270275756
78,0.0,BAO KT,Max,-91.80047574571827,0.3243701546574307,0.15455253411066788,0.7493125025858898,1.6408542345654367,3.4597444502572374
78,10.95,BAO KT,Max,-91.80047574571827,0.3243701546574307,0.15455253411066788,0.7493125025858898,0.17767951054209216,0.05439799402284375
78,21.9,BAO KT,Max,-91.80047574571827,0.3243701546574307,0.15455253411066788,0.7493125025858898,8.143197207909086,-0.03450525808502209
78,0.0,BAO KT,Min,-194.17534661370104,0.007728484980291445,-0.7506259333244282,-0.2638131187417058,-8.29551073189589,0.13264600961229833
78,10.95,BAO KT,Min,-194.17534661370104,0.007728484980291445,-0.7506259333244282,-0.2638131187417058,-0.3018738215215456,-0.09418467433859985
78,21.9,BAO KT,Min,-194.17534661370104,0.007728484980291445,-0.7506259333244282,-0.2638131187417058,-1.8067217722518794,-3.6439619367404945
79,0.0,BAO KT,Max,-83.87192666393689,0.7063075241409071,0.07532714393205014,0.8106188326701069,0.9180836762556408,7.139886344411137
79,10.115,BAO KT,Max,-83.87192666393689,0.7063075241409071,0.07532714393205014,0.8106188326701069,0.33873854151278426,0.1675417860765327
79,20.23,BAO KT,Max,-83.87192666393689,0.7063075241409071,0.07532714393205014,0.8106188326701069,9.753463795657854,0.10557876170653152
79,0.0,BAO KT,Min,-184.2630747159319,0.006059012999196107,-0.9557230376382115,-0.28448312512616336,-9.580813255763168,0.22815259468026883
79,10.115,BAO KT,Min,-184.2630747159319,0.006059012999196107,-0.9557230376382115,-0.28448312512616336,-0.38135664418802206,-0.004693359239853348
79,20.23,BAO KT,Min,-184.2630747159319,0.006059012999196107,-0.9557230376382115,-0.28448312512616336,-1.0295276461217675,-7.148714868959415
80,0.0,BAO KT,Max,-92.73128954751942,0.4861149845146835,0.10284125540922158,0.7803366736481812,0.9086696374522711,5.107054280816008
80,10.5,BAO KT,Max,-92.73128954751942,0.4861149845146835,0.10284125540922158,0.7803366736481812,0.13809026233375832,0.18317167069299764
80,21.0,BAO KT,Max,-92.73128954751942,0.4861149845146835,0.10284125540922158,0.7803366736481812,8.365041347643093,0.2843913742406505
80,0.0,BAO KT,Min,-198.29641593823487,-0.009879007689585453,-0.7942059357495423,-0.2743098600290882,-8.313283303097297,0.07693221275935591
80,10.5,BAO KT,Min,-198.29641593823487,-0.009879007689585453,-0.7942059357495423,-0.2743098600290882,-0.4705776011449841,-0.0002920843259705035
80,21.0,BAO KT,Min,-198.29641593823487,-0.009879007689585453,-0.7942059357495423,-0.2743098600290882,-1.5397501450165152,-5.101360393992345
81,0.0,BAO KT,Max,-92.37779076229106,0.30239626070288633,0.12790014769172917,0.7479528919114746,1.3362836718782487,3.3132746065507432
81,10.95,BAO KT,Max,-92.37779076229106,0.30239626070288633,0.12790014769172917,0.7479528919114746,0.1654712793571605,0.1744043051773704
81,21.9,BAO KT,Max,-92.37779076229106,0.30239626070288633,0.12790014769172917,0.7479528919114746,6.858852583796465,0.4271304989101372
81,0.0,BAO KT,Min,-195.38053055336738,-0.023176484189098796,-0.6333715301951434,-0.2632791860977772,-7.011983927477175,-0.08043450483112641
81,10.95,BAO KT,Min,-195.38053055336738,-0.023176484189098796,-0.6333715301951434,-0.2632791860977772,-0.3028356424258087,-0.014475303883181878
81,21.9,BAO KT,Min,-195.38053055336738,-0.023176484189098796,-0.6333715301951434,-0.2632791860977772,-1.4647295625706194,-3.309203502842467
82,0.0,BAO KT,Max,-78.6760348370972,0.3312035616752147,0.2833371224768656,0.6085422196189525,3.2379579334944815,4.528111024356421
82,13.375,BAO KT,Max,-78.6760348370972,0.3312035616752147,0.2833371224768656,0.6085422196189525,0.13712706874589345,0.20146840190078533
82,26.75,BAO KT,Max,-78.6760348370972,0.3312035616752147,0.2833371224768656,0.6085422196189525,-0.12969260154018225,3.5690540798886117
82,0.0,BAO KT,Min,-168.77971699250386,-0.2523075442047889,-7.092460135943446e-06,-0.21594718929378415,-0.12988232484881856,-3.1899368251343425
82,13.375,BAO KT,Min,-168.77971699250386,-0.2523075442047889,-7.092460135943446e-06,-0.21594718929378415,-0.5516760796335965,0.08965691300655973
82,26.75,BAO KT,Min,-168.77971699250386,-0.2523075442047889,-7.092460135943446e-06,-0.21594718929378415,-4.341310092761675,-4.331584250455572
83,0.0,BAO KT,Max,-83.87143783745765,0.703942605109168,0.0906383835948953,0.8084270296247305,1.0748880571162078,7.121358540728316
83,10.115,BAO KT,Max,-83.87143783745765,0.703942605109168,0.0906383835948953,0.8084270296247305,0.3427215996736326,0.013609219745636511
83,20.23,BAO KT,Max,-83.87143783745765,0.703942605109168,0.0906383835948953,0.8084270296247305,8.290613137367464,-0.5502779649855178
83,0.0,BAO KT,Min,-183.76192483756512,0.054407959655972754,-0.8102592040031453,-0.2837220145949947,-8.100930559616167,0.550395058854811
83,10.115,BAO KT,Min,-183.76192483756512,0.054407959655972754,-0.8102592040031453,-0.2837220145949947,-0.37198017197019595,-0.0005391701726095044
83,20.23,BAO KT,Min,-183.76192483756512,0.054407959655972754,-0.8102592040031453,-0.2837220145949947,-1.1715624112388157,-7.11940036063015
84,0.0,BAO KT,Max,-92.66719424489617,0.4855987902798484,0.11134949067980873,0.7786421500996069,1.068900451818088,5.101844808048228
84,10.5,BAO KT,Max,-92.66719424489617,0.4855987902798484,0.11134949067980873,0.7786421500996069,0.13348858944501998,0.010972184823959579
84,21.0,BAO KT,Max,-92.66719424489617,0.4855987902798484,0.11134949067980873,0.7786421500996069,6.984538955888065,-0.37797319186838885
84,0.0,BAO KT,Min,-198.1366251969408,0.03601811980124666,-0.6625057000778617,-0.27370851002265006,-6.92808074574703,0.37840732395779103
84,10.5,BAO KT,Min,-198.1366251969408,0.03601811980124666,-0.6625057000778617,-0.27370851002265006,-0.4679552219184159,-0.0002454735809757011
84,21.0,BAO KT,Min,-198.1366251969408,0.03601811980124666,-0.6625057000778617,-0.27370851002265006,-1.626638462304004,-5.0957297878285885
85,0.0,BAO KT,Max,-92.28731791871938,0.30261624775727736,0.11119768514188103,0.7465336197358043,1.1270091174524328,3.3137963589567176
85,10.95,BAO KT,Max,-92.28731791871938,0.30261624775727736,0.11119768514188103,0.7465336197358043,0.13490027298473523,0.006675421600430345
85,21.9,BAO KT,Max,-92.28731791871938,0.30261624775727736,0.11119768514188103,0.7465336197358043,5.569113134040116,-0.22750140511626749
85,0.0,BAO KT,Min,-195.18482832750527,0.02075985464885714,-0.5158385809776983,-0.2627394278254891,-5.727751789371477,0.2271394116937038
85,10.95,BAO KT,Min,-195.18482832750527,0.02075985464885714,-0.5158385809776983,-0.2627394278254891,-0.3051744235733729,-0.014345957201496291
85,21.9,BAO KT,Min,-195.18482832750527,0.02075985464885714,-0.5158385809776983,-0.2627394278254891,-1.3082201871547618,-3.3134994669276567
86,0.0,BAO KT,Max,-85.55531058061547,0.39143281786470685,0.3624145652806542,0.6088799258078246,4.235941071858109,5.0998059608368855
86,13.375,BAO KT,Max,-85.55531058061547,0.39143281786470685,0.3624145652806542,0.6088799258078246,0.1246474938096458,0.25000475011498835
86,26.75,BAO KT,Max,-85.55531058061547,0.39143281786470685,0.3624145652806542,0.6088799258078246,0.005626385747857121,3.762229828039553
86,0.0,BAO KT,Min,-181.63636335660757,-0.26259626750837867,-0.01356356194446895,-0.21657638520393588,-0.3571988962666872,-3.2622203278095765
86,13.375,BAO KT,Min,-181.63636335660757,-0.26259626750837867,-0.01356356194446895,-0.21657638520393588,-0.623372030796145,-0.14345556484008365
86,26.75,BAO KT,Min,-181.63636335660757,-0.26259626750837867,-0.01356356194446895,-0.21657638520393588,-5.458648549399391,-5.371021917044023
87,0.0,BAO KT,Max,-84.01461587237775,0.7366951673392501,0.10669181046750587,0.8062977714361057,1.2363758084761187,7.315047648999944
87,10.115,BAO KT,Max,-84.01461587237775,0.7366951673392501,0.10669181046750587,0.8062977714361057,0.34037788500375554,0.07207895869161693
87,20.23,BAO KT,Max,-84.01461587237775,0.7366951673392501,0.10669181046750587,0.8062977714361057,6.819756350666761,-0.34837217083487493
87,0.0,BAO KT,Min,-183.75358712513338,0.041325492032487664,-0.6643075511824501,-0.28315261376621603,-6.619185409754204,0.4876425329823506
87,10.115,BAO KT,Min,-183.75358712513338,0.041325492032487664,-0.6643075511824501,-0.28315261376621603,-0.3668859425305507,-0.13683907033028367
87,20.23,BAO KT,Min,-183.75358712513338,0.041325492032487664,-0.6643075511824501,-0.28315261376621603,-1.3294997908319262,-7.588295586273086
88,0.0,BAO KT,Max,-22.055615540225798,0.09177820105919587,0.4689488053759109,0.6326671409780084,5.590967654858307,1.2892812260517241
88,14.1,BAO KT,Max,-22.055615540225798,0.09177820105919587,0.4689488053759109,0.6326671409780084,-0.06820487643460554,0.15798193206335345
88,28.2,BAO KT,Max,-22.055615540225798,0.09177820105919587,0.4689488053759109,0.6326671409780084,7.140737307568738,4.793458484415092
88,0.0,BAO KT,Min,-120.09701607146177,-0.3521290318247481,-0.5264582591535732,-0.24308026715814707,-7.705385600562027,-5.136580213042802
88,14.1,BAO KT,Min,-120.09701607146177,-0.3521290318247481,-0.5264582591535732,-0.24308026715814707,-1.0988543453995763,-0.29059425158600394
88,28.2,BAO KT,Min,-120.09701607146177,-0.3521290318247481,-0.5264582591535732,-0.24308026715814707,-7.63338865674238,-1.2988640438175991
89,0.0,BAO KT,Max,-92.76432590951458,0.5232603259538818,0.12493209950167546,0.776978998000186,1.2201749163635993,5.344057560982247
89,10.5,BAO KT,Max,-92.76432590951458,0.5232603259538818,0.12493209950167546,0.776978998000186,0.13181495861480955,0.07418439486362441
89,21.0,BAO KT,Max,-92.76432590951458,0.5232603259538818,0.12493209950167546,0.776978998000186,5.605384595908123,-0.1466727618226143
89,0.0,BAO KT,Min,-198.27683617054873,0.020815661007772445,-0.5309960683039325,-0.27324417034127707,-5.545532838474461,0.290456119340607
89,10.5,BAO KT,Min,-198.27683617054873,0.020815661007772445,-0.5309960683039325,-0.27324417034127707,-0.4662891864121218,-0.15246857763814
89,21.0,BAO KT,Min,-198.27683617054873,0.020815661007772445,-0.5309960683039325,-0.27324417034127707,-1.7696070986497319,-5.644409284049271
90,0.0,BAO KT,Max,-36.22130758688348,0.10469852469881918,0.4225002475864732,0.609217488472945,5.05657953837145,1.5172265090717028
90,14.1,BAO KT,Max,-36.22130758688348,0.10469852469881918,0.4225002475864732,0.609217488472945,-0.09417958085999334,0.112198213254676
90,28.2,BAO KT,Max,-36.22130758688348,0.10469852469881918,0.4225002475864732,0.609217488472945,6.382081576669349,4.710306087845782
90,0.0,BAO KT,Min,-115.42448743940247,-0.3428614343734392,-0.4712482043798845,-0.22515994046317878,-6.907117786843394,-4.958386361485203
90,14.1,BAO KT,Min,-115.42448743940247,-0.3428614343734392,-0.4712482043798845,-0.22515994046317878,-0.9472132559770609,-0.2135779810882633
90,28.2,BAO KT,Min,-115.42448743940247,-0.3428614343734392,-0.4712482043798845,-0.22515994046317878,-6.8579274435670925,-1.4832144463905204
91,0.0,BAO KT,Max,-92.26407925290822,0.3385168874883648,0.12944270276676906,0.7450707300152634,1.3164411027991347,3.59467094761466
91,10.95,BAO KT,Max,-92.26407925290822,0.3385168874883648,0.12944270276676906,0.7450707300152634,0.1239057960731524,0.06959160470135858
91,21.9,BAO KT,Max,-92.26407925290822,0.3385168874883648,0.12944270276676906,0.7450707300152634,4.281414240879375,0.008793614111274078
91,0.0,BAO KT,Min,-195.30591541405636,0.005406241773651371,-0.3985291838990172,-0.2623589962544468,-4.446374886509101,0.1271903089542391
91,10.95,BAO KT,Min,-195.30591541405636,0.005406241773651371,-0.3985291838990172,-0.2623589962544468,-0.3084278502154008,-0.14816821313886167
91,21.9,BAO KT,Min,-195.30591541405636,0.005406241773651371,-0.3985291838990172,-0.2623589962544468,-1.518354087793107,-3.8540250251732866
92,0.0,BAO KT,Max,-43.63613736713854,0.1283452661155055,0.38904722888433674,0.5893523844889296,4.65129690876785,1.8366724024139893
92,14.1,BAO KT,Max,-43.63613736713854,0.1283452661155055,0.38904722888433674,0.5893523844889296,0.0230061080870198,0.05917332776862154
92,28.2,BAO KT,Max,-43.63613736713854,0.1283452661155055,0.38904722888433674,0.5893523844889296,5.667169892028098,4.833197236021893
92,0.0,BAO KT,Min,-106.9198463595249,-0.344548516557013,-0.41923255231032674,-0.21294633153383302,-6.155188083123116,-4.883070930885872
92,14.1,BAO KT,Min,-106.9198463595249,-0.344548516557013,-0.41923255231032674,-0.21294633153383302,-0.8904458962148356,-0.10379719155066242
92,28.2,BAO KT,Min,-106.9198463595249,-0.344548516557013,-0.41923255231032674,-0.21294633153383302,-6.319834945770445,-1.8468444477433998
93,0.0,BAO KT,Max,-83.78995469041789,0.7719680800070218,0.12518882407369458,0.8045230299350521,1.4138943371946762,7.795394409281444
93,10.115,BAO KT,Max,-83.78995469041789,0.7719680800070218,0.12518882407369458,0.8045230299350521,0.32135538427449867,0.12146187955181517
93,20.23,BAO KT,Max,-83.78995469041789,0.7719680800070218,0.12518882407369458,0.8045230299350521,5.322247530055414,-0.1572858219242002
93,0.0,BAO KT,Min,-183.20890022687166,0.027444206894881872,-0.5164759634864696,-0.28278043644787615,-5.126061211275868,0.39791048355926006
93,10.115,BAO KT,Min,-183.20890022687166,0.027444206894881872,-0.5164759634864696,-0.28278043644787615,-0.3734562545656977,-0.08461632342664908
93,20.23,BAO KT,Min,-183.20890022687166,0.027444206894881872,-0.5164759634864696,-0.28278043644787615,-1.5305885104058812,-7.821519849260607
94,0.0,BAO KT,Max,-45.21818158294492,0.1514163811455153,0.39020566563502845,0.6013453207703108,4.573719153607286,2.146965654295239
94,14.1,BAO KT,Max,-45.21818158294492,0.1514163811455153,0.39020566563502845,0.6013453207703108,-0.03583671436287941,0.17483894932057004
94,28.2,BAO KT,Max,-45.21818158294492,0.1514163811455153,0.39020566563502845,0.6013453207703108,4.765087747930611,4.737058078581443
94,0.0,BAO KT,Min,-112.49032533479654,-0.3348426656428931,-0.35782101503229513,-0.20551609965729103,-5.325464875980113,-4.705505092548144
94,14.1,BAO KT,Min,-112.49032533479654,-0.3348426656428931,-0.35782101503229513,-0.20551609965729103,-0.9762062727626559,0.004151469075598678
94,28.2,BAO KT,Min,-112.49032533479654,-0.3348426656428931,-0.35782101503229513,-0.20551609965729103,-6.430080617300516,-2.122976294008293
95,0.0,BAO KT,Max,-92.18606122934074,0.5578841682413376,0.13982613118027398,0.7755655632872814,1.36720669618821,5.83512968066369
95,10.5,BAO KT,Max,-92.18606122934074,0.5578841682413376,0.13982613118027398,0.7755655632872814,0.127993338836454,0.11098168357670798
95,21.0,BAO KT,Max,-92.18606122934074,0.5578841682413376,0.13982613118027398,0.7755655632872814,4.2188328086242235,0.010062933311576538
95,0.0,BAO KT,Min,-197.1654070014189,0.009564534962596977,-0.39904301173786483,-0.2729200684276715,-4.161070437870937,0.2109181675261131
95,10.5,BAO KT,Min,-197.1654070014189,0.009564534962596977,-0.39904301173786483,-0.2729200684276715,-0.4688852542253401,-0.10710791388439961
95,21.0,BAO KT,Min,-197.1654070014189,0.009564534962596977,-0.39904301173786483,-0.2729200684276715,-1.9313231505127173,-5.880437852404397
96,0.0,BAO KT,Max,-41.092648107664324,0.1769006899843614,0.3994462936551952,0.5965222490962567,4.574159531576072,2.470238663842407
96,14.1,BAO KT,Max,-41.092648107664324,0.1769006899843614,0.3994462936551952,0.5965222490962567,-0.1678898526694338,0.09343872642516197
96,28.2,BAO KT,Max,-41.092648107664324,0.1769006899843614,0.3994462936551952,0.5965222490962567,3.712319916400353,4.403837494743565
96,0.0,BAO KT,Min,-122.08532729918836,-0.3124387086079071,-0.28745886323066416,-0.20073629623009775,-4.394020026704377,-4.406934087999415
96,14.1,BAO KT,Min,-122.08532729918836,-0.3124387086079071,-0.28745886323066416,-0.20073629623009775,-1.0932294656853314,-0.050417340536322575
96,28.2,BAO KT,Min,-122.08532729918836,-0.3124387086079071,-0.28745886323066416,-0.20073629623009775,-6.690225949500432,-2.5183607937165844
97,0.0,BAO KT,Max,-91.60880185838498,0.3731452957656161,0.13778798133707504,0.7437769573117443,1.4332550740636782,4.062572828946736
97,10.95,BAO KT,Max,-91.60880185838498,0.3731452957656161,0.13778798133707504,0.7437769573117443,0.15119747019406707,0.10330519524134707
97,21.9,BAO KT,Max,-91.60880185838498,0.3731452957656161,0.13778798133707504,0.7437769573117443,3.0179679467126994,0.15724237266548657
97,0.0,BAO KT,Min,-194.07542680390935,-0.005086257933628994,-0.28295547560821743,-0.2621249982948163,-3.1787569691072624,0.04585332391901162
97,10.95,BAO KT,Min,-194.07542680390935,-0.005086257933628994,-0.28295547560821743,-0.2621249982948163,-0.30583201269236,-0.10778402968542969
97,21.9,BAO KT,Min,-194.07542680390935,-0.005086257933628994,-0.28295547560821743,-0.2621249982948163,-1.5843017172182652,-4.109309148320255
98,0.0,BAO KT,Max,-36.15856644015057,0.18771259619726333,0.39924115509486835,0.5871975933641187,4.487703485103583,2.6620440497955915
98,14.1,BAO KT,Max,-36.15856644015057,0.18771259619726333,0.39924115509486835,0.5871975933641187,-0.1812993905579387,0.01677289363561135
98,28.2,BAO KT,Max,-36.15856644015057,0.18771259619726333,0.39924115509486835,0.5871975933641187,2.8366163541222367,4.179210128378898
98,0.0,BAO KT,Min,-125.51687580861173,-0.2957525050224545,-0.22693683230121234,-0.21351375171742595,-3.563002316771951,-4.161010513254319
98,14.1,BAO KT,Min,-125.51687580861173,-0.2957525050224545,-0.22693683230121234,-0.21351375171742595,-1.1851842765180085,-0.034391158750439625
98,28.2,BAO KT,Min,-125.51687580861173,-0.2957525050224545,-0.22693683230121234,-0.21351375171742595,-6.770897088571706,-2.631451162967234
99,0.0,BAO KT,Max,-82.18389452384054,0.832120177542808,0.15164226713904705,0.8033925661769912,1.6445887831969652,8.364292168318288
99,10.115,BAO KT,Max,-82.18389452384054,0.832120177542808,0.15164226713904705,0.8033925661769912,0.24930868757975921,-0.04266746510458229
99,20.23,BAO KT,Max,-82.18389452384054,0.832120177542808,0.15164226713904705,0.8033925661769912,3.7298798995504114,-0.7678933361030001
99,0.0,BAO KT,Min,-179.81882243893978,0.07169805941655144,-0.36169312355849753,-0.2825274121719259,-3.5871719900379935,0.6739801023327453
99,10.115,BAO KT,Min,-179.81882243893978,0.07169805941655144,-0.36169312355849753,-0.2825274121719259,-0.423958578740639,-0.09606849465761688
99,20.23,BAO KT,Min,-179.81882243893978,0.07169805941655144,-0.36169312355849753,-0.2825274121719259,-1.8735056106566397,-8.469499023372718
100,0.0,BAO KT,Max,-41.26712507113,0.20351097486917719,0.3796437519931181,0.5834367600105727,4.223483850654628,2.890730005799073
100,14.1,BAO KT,Max,-41.26712507113,0.20351097486917719,0.3796437519931181,0.5834367600105727,-0.18175569962212323,0.09645962470432837
100,28.2,BAO KT,Max,-41.26712507113,0.20351097486917719,0.3796437519931181,0.5834367600105727,2.050968042802214,4.0284716964091905
100,0.0,BAO KT,Min,-124.57373157962738,-0.282181439316736,-0.17137582592367018,-0.21158318674547813,-2.781830248245285,-3.929044892322765
100,14.1,BAO KT,Min,-124.57373157962738,-0.282181439316736,-0.17137582592367018,-0.21158318674547813,-1.170177886515614,-0.07343773762184151
100,28.2,BAO KT,Min,-124.57373157962738,-0.282181439316736,-0.17137582592367018,-0.21158318674547813,-6.49373893931939,-2.848279485511724
101,0.0,BAO KT,Max,-88.63721176724165,0.6214734217925219,0.16054941163109906,0.774626788399707,1.5475965553123128,6.43194697175527
101,10.5,BAO KT,Max,-88.63721176724165,0.6214734217925219,0.16054941163109906,0.774626788399707,0.0937265167518792,-0.09023074893137625
101,21.0,BAO KT,Max,-88.63721176724165,0.6214734217925219,0.16054941163109906,0.774626788399707,2.7830331438979075,-0.7716624555173485
101,0.0,BAO KT,Min,-190.24869150086693,0.06468354801094836,-0.2636398408362378,-0.27267235340085316,-2.7534035136630863,0.5866920527125672
101,10.5,BAO KT,Min,-190.24869150086693,0.06468354801094836,-0.2636398408362378,-0.27267235340085316,-0.4939903736142217,-0.18791522924180615
101,21.0,BAO KT,Min,-190.24869150086693,0.06468354801094836,-0.2636398408362378,-0.27267235340085316,-2.1750072228334294,-6.6189948858876875
103,0.0,BAO KT,Max,-43.480291144881946,0.22262402474632184,0.3577205700160646,0.581765701942542,3.9608062917230398,3.1529657767087453
103,14.1,BAO KT,Max,-43.480291144881946,0.22262402474632184,0.3577205700160646,0.581765701942542,-0.15985466418381236,0.02477867453055141
103,28.2,BAO KT,Max,-43.480291144881946,0.22262402474632184,0.3577205700160646,0.581765701942542,1.3036536720564544,3.76578627778878
103,0.0,BAO KT,Min,-113.31077290802934,-0.268319199054077,-0.11792818680629136,-0.20497863232463398,-2.021921195880962,-3.800815135536191
103,14.1,BAO KT,Min,-113.31077290802934,-0.268319199054077,-0.11792818680629136,-0.20497863232463398,-1.157253284619737,-0.14299035945581678
103,28.2,BAO KT,Min,-113.31077290802934,-0.268319199054077,-0.11792818680629136,-0.20497863232463398,-6.168789841453462,-3.12503172113753
104,0.0,BAO KT,Max,-87.67666848083208,0.43187695291372546,0.1438480722780221,0.7429203494149416,1.5331983915419451,4.631142271003694
104,10.95,BAO KT,Max,-87.67666848083208,0.43187695291372546,0.1438480722780221,0.7429203494149416,0.18050297257485698,-0.09694403936118445
104,21.9,BAO KT,Max,-87.67666848083208,0.43187695291372546,0.1438480722780221,0.7429203494149416,1.7898212110974319,-0.6346220119411697
104,0.0,BAO KT,Min,-186.09200938688,0.04870796202730403,-0.16984930428449088,-0.26192956909565174,-1.9298785527329183,0.4320823564567883
104,10.95,BAO KT,Min,-186.09200938688,0.04870796202730403,-0.16984930428449088,-0.26192956909565174,-0.28939128549788307,-0.20476676387626874
104,21.9,BAO KT,Min,-186.09200938688,0.04870796202730403,-0.16984930428449088,-0.26192956909565174,-1.6170743913467382,-4.826962997806893
105,0.0,BAO KT,Max,-44.32306594795468,0.2369698057060958,0.33771646261460125,0.577493900116311,3.655672147242783,3.371657649658873
105,14.1,BAO KT,Max,-44.32306594795468,0.2369698057060958,0.33771646261460125,0.577493900116311,-0.10402021253929253,0.0835373783040933
105,28.2,BAO KT,Max,-44.32306594795468,0.2369698057060958,0.33771646261460125,0.577493900116311,0.5954476384264813,3.8485019683219917
105,0.0,BAO KT,Min,-108.42735453792922,-0.27132427111107554,-0.06662778248248388,-0.2047469443241114,-1.283455827579564,-3.819441395599058
105,14.1,BAO KT,Min,-108.42735453792922,-0.27132427111107554,-0.06662778248248388,-0.2047469443241114,-1.1396006412729287,-0.055290810522287785
105,28.2,BAO KT,Min,-108.42735453792922,-0.27132427111107554,-0.06662778248248388,-0.2047469443241114,-5.8785265810365495,-3.310890871253028
106,0.0,BAO KT,Max,-78.70346476408841,0.8893773786642911,0.22613285463663918,0.8030204957662688,1.976485149314998,8.914194158879326
106,10.115,BAO KT,Max,-78.70346476408841,0.8893773786642911,0.22613285463663918,0.8030204957662688,0.07486542544947289,-0.06381817170978277
106,20.23,BAO KT,Max,-78.70346476408841,0.8893773786642911,0.22613285463663918,0.8030204957662688,3.5124649667019034,-0.8513717309848021
106,0.0,BAO KT,Min,-172.02090337609053,0.0778599663148808,-0.342651410756153,-0.28235628064855384,-3.4193730728950724,0.7237353875652366
106,10.115,BAO KT,Min,-172.02090337609053,0.0778599663148808,-0.342651410756153,-0.28235628064855384,-0.547436451325017,-0.2483432173887924
106,20.23,BAO KT,Min,-172.02090337609053,0.0778599663148808,-0.342651410756153,-0.28235628064855384,-2.815557190773322,-9.077910211499281
107,0.0,BAO KT,Max,-46.298348636837616,0.26038977532347285,0.31518023220578784,0.5762250123010493,3.5220883584988463,3.675683338182494
107,14.1,BAO KT,Max,-46.298348636837616,0.26038977532347285,0.31518023220578784,0.5762250123010493,-0.1549832616772449,0.13365745634951515
107,28.2,BAO KT,Max,-46.298348636837616,0.26038977532347285,0.31518023220578784,0.5762250123010493,-0.1186789257037364,3.9675494567688316
107,0.0,BAO KT,Min,-120.94212585106663,-0.278611579801898,-0.015078342145523185,-0.20309155259660056,-0.5438881742074902,-3.889297093644692
107,14.1,BAO KT,Min,-120.94212585106663,-0.278611579801898,-0.015078342145523185,-0.20309155259660056,-1.1178981430156212,-0.03288816691713387
107,28.2,BAO KT,Min,-120.94212585106663,-0.278611579801898,-0.015078342145523185,-0.20309155259660056,-5.541467279505818,-3.6673083259394397
108,0.0,BAO KT,Max,-79.50248449244614,0.6883603188949355,0.22023940801845224,0.7742499801444563,1.819080814917732,7.051855549975878
108,10.5,BAO KT,Max,-79.50248449244614,0.6883603188949355,0.22023940801845224,0.7742499801444563,0.02911866309119162,-0.17003721178208908
108,21.0,BAO KT,Max,-79.50248449244614,0.6883603188949355,0.22023940801845224,0.7742499801444563,2.520738241633689,-1.0890767662218124
108,0.0,BAO KT,Min,-172.03309231419902,0.08730271533887249,-0.24334259480899928,-0.272467912346033,-2.5894562493552957,0.7442802558945096
108,10.5,BAO KT,Min,-172.03309231419902,0.08730271533887249,-0.24334259480899928,-0.272467912346033,-0.561700115494993,-0.42914705085777094
108,21.0,BAO KT,Min,-172.03309231419902,0.08730271533887249,-0.24334259480899928,-0.272467912346033,-2.8659030255520244,-7.403711146817768
109,0.0,BAO KT,Max,-46.033805796285,0.28052048732584933,0.29281952531825456,0.5752578013341609,3.297215060067282,3.9492728665240726
109,14.1,BAO KT,Max,-46.033805796285,0.28052048732584933,0.29281952531825456,0.5752578013341609,-0.14911499077332804,0.018073581915090328
109,28.2,BAO KT,Max,-46.033805796285,0.28052048732584933,0.29281952531825456,0.5752578013341609,-0.7184699724554509,3.6950034842752753
109,0.0,BAO KT,Min,-127.08478427026172,-0.26408180790361113,0.030390102909169922,-0.201920414518233,0.13853092958314084,-3.7521034986065582
109,14.1,BAO KT,Min,-127.08478427026172,-0.26408180790361113,0.030390102909169922,-0.201920414518233,-1.041470917000513,-0.033829278903382554
109,28.2,BAO KT,Min,-127.08478427026172,-0.26408180790361113,0.030390102909169922,-0.201920414518233,-5.063150345164211,-3.961404876064879
110,0.0,BAO KT,Max,-77.28679715051813,0.4938707329502163,0.15418929754669744,0.7424613460705081,1.6642771034441965,5.2235106821796276
110,10.95,BAO KT,Max,-77.28679715051813,0.4938707329502163,0.15418929754669744,0.7424613460705081,0.17769888818964125,-0.18307067332010515
110,21.9,BAO KT,Max,-77.28679715051813,0.4938707329502163,0.15418929754669744,0.7424613460705081,1.8000910159304333,-1.1029534899011333
110,0.0,BAO KT,Min,-164.76649958537473,0.08072651357367742,-0.16914875710599625,-0.2618143295380261,-1.9042667646908842,0.6649571573624021
110,10.95,BAO KT,Min,-164.76649958537473,0.08072651357367742,-0.16914875710599625,-0.2618143295380261,-0.25531119009298175,-0.4496368184442815
110,21.9,BAO KT,Min,-164.76649958537473,0.08072651357367742,-0.16914875710599625,-0.2618143295380261,-1.7124685128284767,-5.592258369430108
111,0.0,BAO KT,Max,-46.28614916670342,0.2958278941249928,0.259395806626999,0.5730609897864336,2.944064870216576,4.178434697249395
111,14.1,BAO KT,Max,-46.28614916670342,0.2958278941249928,0.259395806626999,0.5730609897864336,-0.07962767055376256,0.007261390086997707
111,28.2,BAO KT,Max,-46.28614916670342,0.2958278941249928,0.259395806626999,0.5730609897864336,-1.210421674957497,3.6942169136692287
111,0.0,BAO KT,Min,-126.4737909747669,-0.2641559694619158,0.07010967276508168,-0.20450240679470424,0.7666710970178062,-3.754981425156796
111,14.1,BAO KT,Min,-126.4737909747669,-0.2641559694619158,0.07010967276508168,-0.20450240679470424,-0.9162800146125911,-0.06745130953305928
111,28.2,BAO KT,Min,-126.4737909747669,-0.2641559694619158,0.07010967276508168,-0.20450240679470424,-4.440428808821264,-4.194153942175797
112,0.0,BAO KT,Max,-75.87002841435884,0.9175630832914956,0.41817230786019444,0.8033337754755384,3.5660004365286837,9.269428213030006
112,10.115,BAO KT,Max,-75.87002841435884,0.9175630832914956,0.41817230786019444,0.8033337754755384,-0.0731624854572725,0.14580461628359456
112,20.23,BAO KT,Max,-75.87002841435884,0.9175630832914956,0.41817230786019444,0.8033337754755384,3.481237720996382,-0.07910726187529865
112,0.0,BAO KT,Min,-165.21014597442942,0.021597399211763943,-0.3551903584498014,-0.28251454898308737,-3.704263230443101,0.35780812417868596
112,10.115,BAO KT,Min,-165.21014597442942,0.021597399211763943,-0.3551903584498014,-0.28251454898308737,-0.6904014930340777,-0.045368145357851976
112,20.23,BAO KT,Min,-165.21014597442942,0.021597399211763943,-0.3551903584498014,-0.28251454898308737,-4.893625351483049,-9.29287296195695
113,0.0,BAO KT,Max,-48.312775781069696,0.3136004750202441,0.2502785998484821,0.5761153602108114,2.728064283431827,4.430506820479678
113,14.1,BAO KT,Max,-48.312775781069696,0.3136004750202441,0.2502785998484821,0.5761153602108114,0.014234655096388119,0.060618065592480966
113,28.2,BAO KT,Max,-48.312775781069696,0.3136004750202441,0.2502785998484821,0.5761153602108114,-1.0673302937207225,4.026104172509298
113,0.0,BAO KT,Min,-119.46444891434805,-0.281567274948043,0.0638654756436082,-0.20373964242602355,0.712881020828201,-3.9140929810255143
113,14.1,BAO KT,Min,-119.46444891434805,-0.281567274948043,0.0638654756436082,-0.20373964242602355,-0.8270999758895456,-0.15604607930559988
113,28.2,BAO KT,Min,-119.46444891434805,-0.281567274948043,0.0638654756436082,-0.20373964242602355,-4.329792232295368,-4.413026575091203
114,0.0,BAO KT,Max,-76.76346487965647,0.9472016232151756,0.5217044800887647,0.8031622510383304,4.778633742274229,9.634965851746665
114,10.115,BAO KT,Max,-76.76346487965647,0.9472016232151756,0.5217044800887647,0.8031622510383304,0.07579350427317014,0.12078934068307623
114,20.23,BAO KT,Max,-76.76346487965647,0.9472016232151756,0.5217044800887647,0.8031622510383304,4.453517023545418,-0.22178476411017067
114,0.0,BAO KT,Min,-166.09376019297764,0.031877185424284166,-0.43730125785502266,-0.2833555228747677,-4.437455779912982,0.423090697023098
114,10.115,BAO KT,Min,-166.09376019297764,0.031877185424284166,-0.43730125785502266,-0.2833555228747677,-0.5356199056096886,-0.013172527166822344
114,20.23,BAO KT,Min,-166.09376019297764,0.031877185424284166,-0.43730125785502266,-0.2833555228747677,-5.775447889921481,-9.526922985896336
115,0.0,BAO KT,Max,-48.34805824397297,0.3286353712460458,0.3123041008133813,0.5785406650190045,3.574561623031876,4.657074240601716
115,14.1,BAO KT,Max,-48.34805824397297,0.3286353712460458,0.3123041008133813,0.5785406650190045,0.04426767065588255,0.042048906416614226
115,28.2,BAO KT,Max,-48.34805824397297,0.3286353712460458,0.3123041008133813,0.5785406650190045,-0.8785486955725637,3.9077101423770655
115,0.0,BAO KT,Min,-105.87687481317509,-0.2742244097742198,0.04765382089750703,-0.20302008520231105,0.46528905373713436,-3.845481192253138
115,14.1,BAO KT,Min,-105.87687481317509,-0.2742244097742198,0.04765382089750703,-0.20302008520231105,-0.862000427791846,-0.06644346280473354
115,28.2,BAO KT,Min,-105.87687481317509,-0.2742244097742198,0.04765382089750703,-0.20302008520231105,-5.232414019905475,-4.610443228536775
116,0.0,BAO KT,Max,-76.88044164298255,0.6840593330675948,0.48624661091652266,0.7741610807698692,4.573979905363003,7.330680038417403
116,10.5,BAO KT,Max,-76.88044164298255,0.6840593330675948,0.48624661091652266,0.7741610807698692,0.011513148997977033,0.27181133208206903
116,21.0,BAO KT,Max,-76.88044164298255,0.6840593330675948,0.48624661091652266,0.7741610807698692,3.53189657561112,0.580457421474878
116,0.0,BAO KT,Min,-164.9191868958004,-0.031068202803144852,-0.3399587924992973,-0.2731427663813568,-3.6072380668741237,-0.0719748373911639
116,10.5,BAO KT,Min,-164.9191868958004,-0.031068202803144852,-0.3399587924992973,-0.2731427663813568,-0.548010040755,0.12635506214620354
116,21.0,BAO KT,Min,-164.9191868958004,-0.031068202803144852,-0.3399587924992973,-0.2731427663813568,-5.637198923883973,-7.034565956002088
117,0.0,BAO KT,Max,-50.08000785690547,0.353058191158028,0.3805760308381704,0.579512785517168,4.479874862712088,4.915257468050438
117,14.1,BAO KT,Max,-50.08000785690547,0.353058191158028,0.3805760308381704,0.579512785517168,-0.08149175751281725,0.15282115554665562
117,28.2,BAO KT,Max,-50.08000785690547,0.353058191158028,0.3805760308381704,0.579512785517168,-0.7265987644727958,4.244597321382277
117,0.0,BAO KT,Min,-109.74393449181821,-0.2920843235635193,0.03448590157622883,-0.2036917239781568,0.24590365997685737,-3.9921806031089666
117,14.1,BAO KT,Min,-109.74393449181821,-0.2920843235635193,0.03448590157622883,-0.2036917239781568,-0.9184894774130274,-0.08408302728510132
117,28.2,BAO KT,Min,-109.74393449181821,-0.2920843235635193,0.03448590157622883,-0.2036917239781568,-6.252369206924317,-5.059608512250168
119,0.0,BAO KT,Max,-75.33636724857597,0.4778756733457697,0.3555580519656568,0.7424469652547272,3.681251475165096,5.391451125271474
119,10.95,BAO KT,Max,-75.33636724857597,0.4778756733457697,0.3555580519656568,0.7424469652547272,0.11234363406086441,0.2935120707083087
119,21.9,BAO KT,Max,-75.33636724857597,0.4778756733457697,0.3555580519656568,0.7424469652547272,2.741589276635675,0.8602554810186598
119,0.0,BAO KT,Min,-157.90028736671474,-0.0528243471455693,-0.2551590659807531,-0.2625078318249107,-2.846394268342818,-0.29659772146930785
119,10.95,BAO KT,Min,-157.90028736671474,-0.0528243471455693,-0.2551590659807531,-0.2625078318249107,-0.24213317316040703,0.14741674053977522
119,21.9,BAO KT,Min,-157.90028736671474,-0.0528243471455693,-0.2551590659807531,-0.2625078318249107,-4.128031110166177,-5.074026121000881
120,0.0,BAO KT,Max,-77.25419354258467,0.997063534668573,0.630942945129126,0.8035206148471619,6.029993479251084,10.136755204938952
120,10.115,BAO KT,Max,-77.25419354258467,0.997063534668573,0.630942945129126,0.8035206148471619,0.24134948085753388,0.2452129437201485
120,20.23,BAO KT,Max,-77.25419354258467,0.997063534668573,0.630942945129126,0.8035206148471619,5.584508903008822,0.2157847835360775
120,0.0,BAO KT,Min,-165.47165464053262,-0.0004972172262010799,-0.5335337095780174,-0.28339272733668674,-5.20887804175447,0.20572607905002968
120,10.115,BAO KT,Min,-165.47165464053262,-0.0004972172262010799,-0.5335337095780174,-0.28339272733668674,-0.3948902596950181,-0.3051767221568724
120,20.23,BAO KT,Min,-165.47165464053262,-0.0004972172262010799,-0.5335337095780174,-0.28339272733668674,-6.733982300711134,-10.03384010140628
121,0.0,BAO KT,Max,-83.05201840641318,0.7410851630675532,0.5921259689500628,0.7744875592347622,5.792849504980323,7.883444404947668
121,10.5,BAO KT,Max,-83.05201840641318,0.7410851630675532,0.5921259689500628,0.7744875592347622,0.07845143038860915,0.3398429605413433
121,21.0,BAO KT,Max,-83.05201840641318,0.7410851630675532,0.5921259689500628,0.7744875592347622,4.2408294434775495,0.8103985730493217
121,0.0,BAO KT,Min,-174.58249338721492,-0.04745875664541499,-0.40280392978519275,-0.27326081705311966,-4.218053082011498,-0.18623531650439298
121,10.5,BAO KT,Min,-174.58249338721492,-0.04745875664541499,-0.40280392978519275,-0.27326081705311966,-0.4433296996477931,-0.216484966434837
121,21.0,BAO KT,Min,-174.58249338721492,-0.04745875664541499,-0.40280392978519275,-0.27326081705311966,-6.6417958429709945,-7.679344019470951
122,0.0,BAO KT,Max,-83.15992843161573,0.5298829676812556,0.4795769806671378,0.7428542909783002,5.053001407631266,5.912426838674673
122,10.95,BAO KT,Max,-83.15992843161573,0.5298829676812556,0.4795769806671378,0.7428542909783002,0.11632963081586753,0.3518462724098764
122,21.9,BAO KT,Max,-83.15992843161573,0.5298829676812556,0.4795769806671378,0.7428542909783002,3.138267535264418,1.0526219874337701
122,0.0,BAO KT,Min,-171.35706897158363,-0.06597507362913727,-0.29314132559333544,-0.2628065484570802,-3.2815274952296276,-0.3922321250443361
122,10.95,BAO KT,Min,-171.35706897158363,-0.06597507362913727,-0.29314132559333544,-0.2628065484570802,-0.26688390121134287,-0.16920682699951192
122,21.9,BAO KT,Min,-171.35706897158363,-0.06597507362913727,-0.29314132559333544,-0.2628065484570802,-5.50263169226037,-5.692010153544825
123,0.0,BAO KT,Max,-55.81271480264534,0.07185190283005696,1.1556964263607412,0.7594043643744235,12.55811631377981,0.7834260870392717
123,10.9507540321988,BAO KT,Max,-55.81271480264534,0.07185190283005696,1.1556964263607412,0.7594043643744235,0.2722710852283708,0.22178758813409444
123,21.9015080643976,BAO KT,Max,-55.81271480264534,0.07185190283005696,1.1556964263607412,0.7594043643744235,2.980025478989283,2.5651470372733636
123,0.0,BAO KT,Min,-144.9965917709289,-0.21407009381528533,-0.25857290508163266,-0.2522968338994854,-2.716547146641369,-2.123310848768459
123,10.9507540321988,BAO KT,Min,-144.9965917709289,-0.21407009381528533,-0.25857290508163266,-0.2522968338994854,-0.13740834534481441,-0.0333784607295498
123,21.9015080643976,BAO KT,Min,-144.9965917709289,-0.21407009381528533,-0.25857290508163266,-0.2522968338994854,-12.75337828815545,-0.7902389422355336
125,0.0,BAO KT,Max,-51.041352293773215,0.08300136888087203,1.3517564786693403,0.8515710198170634,14.180367493834503,0.8732270655446712
125,10.498819876732792,BAO KT,Max,-51.041352293773215,0.08300136888087203,1.3517564786693403,0.8515710198170634,0.7000287991118869,0.2419534382488256
125,20.997639753465585,BAO KT,Max,-51.041352293773215,0.08300136888087203,1.3517564786693403,0.8515710198170634,4.413591414944283,4.237578222043894
125,0.0,BAO KT,Min,-158.78687929607236,-0.3814149498074651,-0.3537123847664341,-0.25781467722493323,-3.013533816720509,-3.7712354905994174
125,10.498819876732792,BAO KT,Min,-158.78687929607236,-0.3814149498074651,-0.3537123847664341,-0.25781467722493323,-0.01148029292149646,-0.021029134930951168
125,20.997639753465585,BAO KT,Min,-158.78687929607236,-0.3814149498074651,-0.3537123847664341,-0.25781467722493323,-14.203328079677496,-0.8696057772603889
126,0.0,BAO KT,Max,-62.47538615050101,0.2914962027136645,0.31050187824842573,0.7542567435615685,2.7347011006006796,2.830667653546356
126,10.498819876732785,BAO KT,Max,-62.47538615050101,0.2914962027136645,0.31050187824842573,0.7542567435615685,-0.018725207704721927,0.02805601784497391
126,20.99763975346557,BAO KT,Max,-62.47538615050101,0.2914962027136645,0.31050187824842573,0.7542567435615685,12.932472720015124,1.3997695088135926
126,0.0,BAO KT,Min,-170.64959633387647,-0.13201895146193318,-1.2582101831864423,-0.3147492731033702,-13.486971440675717,-1.372316874614337
126,10.498819876732785,BAO KT,Min,-170.64959633387647,-0.13201895146193318,-1.2582101831864423,-0.3147492731033702,-0.791408898009449,-0.2384545218462041
126,20.99763975346557,BAO KT,Min,-170.64959633387647,-0.13201895146193318,-1.2582101831864423,-0.3147492731033702,-3.7851054816341905,-3.290064600538344
127,0.0,BAO KT,Max,-56.645927377817095,0.13711108791542806,0.2346198696664697,0.7305586560629778,2.561417470837628,1.2811904481884513
127,10.950754032198793,BAO KT,Max,-56.645927377817095,0.13711108791542806,0.2346198696664697,0.7305586560629778,0.1130753063546643,0.03810880057382518
127,21.901508064397586,BAO KT,Max,-56.645927377817095,0.13711108791542806,0.2346198696664697,0.7305586560629778,11.49120437915068,1.3443710129475146
127,0.0,BAO KT,Min,-149.73058514310065,-0.12261130132583904,-1.066823404242885,-0.2652791857237468,-11.873837012162953,-1.341001391826632
127,10.950754032198793,BAO KT,Min,-149.73058514310065,-0.12261130132583904,-1.066823404242885,-0.2652791857237468,-0.3822078245020136,-0.22027935066058585
127,21.901508064397586,BAO KT,Min,-149.73058514310065,-0.12261130132583904,-1.066823404242885,-0.2652791857237468,-2.6277366573911913,-1.7217491495096233
128,0.0,BAO KT,Max,-16.773609117005535,-0.010589797630934913,0.19467955657481845,0.8192013544864474,2.1728530074617054,-0.25458476919248896
128,10.498819876732837,BAO KT,Max,-16.773609117005535,-0.010589797630934913,0.19467955657481845,0.8192013544864474,0.6206002290900248,0.023640427394967373
128,20.997639753465673,BAO KT,Max,-16.773609117005535,-0.010589797630934913,0.19467955657481845,0.8192013544864474,4.459205039220427,7.021662717874966
128,0.0,BAO KT,Min,-147.0193912319155,-0.669840442296928,-0.3875471160790231,-0.2622984995774251,-3.678369691701444,-7.043405581778037
128,10.498819876732837,BAO KT,Min,-147.0193912319155,-0.669840442296928,-0.3875471160790231,-0.2622984995774251,-0.10939722395214022,-0.18829749331289206
128,20.997639753465673,BAO KT,Min,-147.0193912319155,-0.669840442296928,-0.3875471160790231,-0.2622984995774251,-1.9149581888607718,-0.06686802668512115
129,0.0,BAO KT,Max,-24.74767618679688,0.00408353354819915,0.1348577907497066,0.7415021612467512,1.558141257449936,-0.11794409935897743
129,10.950754032198802,BAO KT,Max,-24.74767618679688,0.00408353354819915,0.1348577907497066,0.7415021612467512,0.25228910295150087,0.07287862844963351
129,21.901508064397603,BAO KT,Max,-24.74767618679688,0.00408353354819915,0.1348577907497066,0.7415021612467512,2.5893558539274126,5.126835621966073
129,0.0,BAO KT,Min,-138.23405917001043,-0.4684456894843264,-0.2320596792554928,-0.2575586481652119,-2.4931010827082845,-5.132831424007197
129,10.950754032198802,BAO KT,Min,-138.23405917001043,-0.4684456894843264,-0.2320596792554928,-0.2575586481652119,-0.16475251312482925,-0.1719696946764807
129,21.901508064397603,BAO KT,Min,-138.23405917001043,-0.4684456894843264,-0.2320596792554928,-0.2575586481652119,-1.3954477342016076,-0.2073796422960993
132,0.0,BAO KT,Max,-69.91397757881256,0.45705440122798446,0.3201482550546565,0.7175265759437973,3.188762686826152,5.010289077353921
132,10.950754032198802,BAO KT,Max,-69.91397757881256,0.45705440122798446,0.3201482550546565,0.7175265759437973,0.08824597394334452,0.17530822527018802
132,21.901508064397603,BAO KT,Max,-69.91397757881256,0.45705440122798446,0.3201482550546565,0.7175265759437973,1.8860511692137902,0.8081492127397117
132,0.0,BAO KT,Min,-176.42840853520414,-0.058633379832022756,-0.17042818832068002,-0.26479603150454956,-1.8465831716922563,-0.47601022849422253
132,10.950754032198802,BAO KT,Min,-176.42840853520414,-0.058633379832022756,-0.17042818832068002,-0.26479603150454956,-0.3588351155267947,-0.05750246931570028
132,21.901508064397603,BAO KT,Min,-176.42840853520414,-0.058633379832022756,-0.17042818832068002,-0.26479603150454956,-3.8646999104679844,-4.999891577009198
135,0.0,BAO KT,Max,-69.9262093236371,0.656604419109781,0.503277161071227,0.7427903701671701,4.499614898802099,6.907372440298493
135,10.49881987673283,BAO KT,Max,-69.9262093236371,0.656604419109781,0.503277161071227,0.7427903701671701,-0.0344429869768626,0.1916243824575413
135,20.99763975346566,BAO KT,Max,-69.9262093236371,0.656604419109781,0.503277161071227,0.7427903701671701,2.3869237794087907,0.7344852075050904
135,0.0,BAO KT,Min,-185.58366863611764,-0.05264394187165614,-0.23063228008624226,-0.32517498645583465,-2.455809753362516,-0.37091331911833203
135,10.49881987673283,BAO KT,Min,-185.58366863611764,-0.05264394187165614,-0.23063228008624226,-0.32517498645583465,-0.7842013633581688,-0.014643914348244374
135,20.99763975346566,BAO KT,Min,-185.58366863611764,-0.05264394187165614,-0.23063228008624226,-0.32517498645583465,-6.068017625518436,-6.87977061270227
136,0.0,BAO KT,Max,-38.146809360216025,0.3076787769121708,0.1837413929750819,0.5684295287919283,2.0782472810173536,4.125348548491164
136,13.375834303550386,BAO KT,Max,-38.146809360216025,0.3076787769121708,0.1837413929750819,0.5684295287919283,0.22282429844592966,0.16660063851424545
136,26.751668607100772,BAO KT,Max,-38.146809360216025,0.3076787769121708,0.1837413929750819,0.5684295287919283,-0.28152148839003155,3.7901738557507776
136,0.0,BAO KT,Min,-204.2245741582891,-0.2717182488635005,0.03770574420932316,-0.24793361096745403,0.62758829591009,-3.478742692347323
136,13.375834303550386,BAO KT,Min,-204.2245741582891,-0.2717182488635005,0.03770574420932316,-0.24793361096745403,-0.5623453607869999,-0.14038657815278593
136,26.751668607100772,BAO KT,Min,-204.2245741582891,-0.2717182488635005,0.03770574420932316,-0.24793361096745403,-3.0200397879252323,-4.105572128901317
137,0.0,BAO KT,Max,-18.876017225254373,0.24214065491090087,-0.021719109700555843,0.6464356526431597,-0.584070128770065,3.0872713300666472
137,13.375834303550395,BAO KT,Max,-18.876017225254373,0.24214065491090087,-0.021719109700555843,0.6464356526431597,0.4882375811989519,0.1598611250403591
137,26.75166860710079,BAO KT,Max,-18.876017225254373,0.24214065491090087,-0.021719109700555843,0.6464356526431597,2.786749025571479,4.459359640554272
137,0.0,BAO KT,Min,-185.53141114356617,-0.33427935393548575,-0.1725556942126102,-0.20717746999558548,-1.8883707274005215,-4.483170858123596
137,13.375834303550395,BAO KT,Min,-185.53141114356617,-0.33427935393548575,-0.1725556942126102,-0.20717746999558548,-0.29355891619479607,-0.1616394460133147
137,26.75166860710079,BAO KT,Min,-185.53141114356617,-0.33427935393548575,-0.1725556942126102,-0.20717746999558548,-0.003047703619526998,-3.390395226416125
138,0.0,BAO KT,Max,-46.14988021804142,0.3619186773104205,0.5259784253239924,0.6517559727092638,7.047673287544631,4.8639725494664905
138,13.375834303550386,BAO KT,Max,-46.14988021804142,0.3619186773104205,0.5259784253239924,0.6517559727092638,0.4841825931143083,0.23070431069102001
138,26.751668607100772,BAO KT,Max,-46.14988021804142,0.3619186773104205,0.5259784253239924,0.6517559727092638,4.482594448271153,2.9044002578407118
138,0.0,BAO KT,Min,-204.44000185527995,-0.20238752033553659,-0.2989280342756291,-0.20543691572963352,-3.514229262042537,-2.5098036163884316
138,13.375834303550386,BAO KT,Min,-204.44000185527995,-0.20238752033553659,-0.2989280342756291,-0.20543691572963352,-0.2010422424842595,-0.02694760712886313
138,26.751668607100772,BAO KT,Min,-204.44000185527995,-0.20238752033553659,-0.2989280342756291,-0.20543691572963352,-7.063887786290838,-4.817955968662122
139,0.0,BAO KT,Max,-9.323477558179587,0.1649524486474689,0.29470698142062196,0.5933485871110145,3.490132062606159,2.016089762854966
139,13.375834303550404,BAO KT,Max,-9.323477558179587,0.1649524486474689,0.29470698142062196,0.5933485871110145,0.20523001619971393,0.02453477609574744
139,26.751668607100807,BAO KT,Max,-9.323477558179587,0.1649524486474689,0.29470698142062196,0.5933485871110145,5.996617669009687,5.266186374322432
139,0.0,BAO KT,Min,-172.7951241392021,-0.39567186882715344,-0.463044644631532,-0.26433198284208237,-6.441198773220407,-5.3186963376938365
139,13.375834303550404,BAO KT,Min,-172.7951241392021,-0.39567186882715344,-0.463044644631532,-0.26433198284208237,-0.5829547456317943,-0.2277204827847393
139,26.751668607100807,BAO KT,Min,-172.7951241392021,-0.39567186882715344,-0.463044644631532,-0.26433198284208237,-4.393771440557334,-2.3966634792919366
140,0.0,BAO KT,Max,-37.80315996468667,0.17605682259813416,0.9850975729325997,1.3387200570356426,11.84415332168626,2.4711292851025766
140,14.307121586374588,BAO KT,Max,-37.80315996468667,0.17605682259813416,0.9850975729325997,1.3387200570356426,-0.09523074561633522,0.312017746738978
140,28.614243172749177,BAO KT,Max,-37.80315996468667,0.17605682259813416,0.9850975729325997,1.3387200570356426,15.218393894456375,9.539653673577442
140,0.0,BAO KT,Min,-136.32195605884922,-0.6919664648487239,-1.107587606498526,-0.5180725287249426,-16.47438721301567,-10.260443018991541
140,14.307121586374588,BAO KT,Min,-136.32195605884922,-0.6919664648487239,-1.107587606498526,-0.5180725287249426,-2.40183478051683,-0.6344902498245444
140,28.614243172749177,BAO KT,Min,-136.32195605884922,-0.6919664648487239,-1.107587606498526,-0.5180725287249426,-16.343668179092163,-2.566603448941996
141,0.0,BAO KT,Max,-1.6881668495719708,0.9928013785088049,0.07761921741195761,1.2901666827213898,1.421074413861089,14.912927016734905
141,14.353052936946609,BAO KT,Max,-1.6881668495719708,0.9928013785088049,0.07761921741195761,1.2901666827213898,0.5386194692901435,2.0927153590849263
141,28.706105873893218,BAO KT,Max,-1.6881668495719708,0.9928013785088049,0.07761921741195761,1.2901666827213898,6.3315676912268,15.262382103648502
141,0.0,BAO KT,Min,-221.11492054261765,-0.9237933409693632,-0.47328650376688713,-0.4394290176458494,-7.254644794590224,-11.256127347815577
141,14.353052936946609,BAO KT,Min,-221.11492054261765,-0.9237933409693632,-0.47328650376688713,-0.4394290176458494,-0.5703351563667602,0.0929136596894412
141,28.706105873893218,BAO KT,Min,-221.11492054261765,-0.9237933409693632,-0.47328650376688713,-0.4394290176458494,-0.8651382909385339,-13.586534466485984
142,0.0,BAO KT,Max,-9.623795715719346,0.8969241217830564,0.13760667559229833,1.2660129126903217,2.2228600039805237,13.462096337447756
142,14.353052936946607,BAO KT,Max,-9.623795715719346,0.8969241217830564,0.13760667559229833,1.2660129126903217,0.44600329706426695,1.964728263863591
142,28.706105873893215,BAO KT,Max,-9.623795715719346,0.8969241217830564,0.13760667559229833,1.2660129126903217,6.931630513348097,14.05641152712689
142,0.0,BAO KT,Min,-202.78710190666436,-0.8526442860132177,-0.4993700392577868,-0.42974817364410706,-7.403338703836143,-10.419685619938626
142,14.353052936946607,BAO KT,Min,-202.78710190666436,-0.8526442860132177,-0.4993700392577868,-0.42974817364410706,-0.35169585713740076,-0.015136579397446009
142,28.706105873893215,BAO KT,Min,-202.78710190666436,-0.8526442860132177,-0.4993700392577868,-0.42974817364410706,-1.838694163353788,-12.285102463305352
143,0.0,BAO KT,Max,-16.300328256357595,0.7784563684644051,0.18669282145708072,1.285771196678474,2.896327667599899,11.803859193375235
143,14.353052936946607,BAO KT,Max,-16.300328256357595,0.7784563684644051,0.18669282145708072,1.285771196678474,0.6157638477216041,2.0965176801755794
143,28.706105873893215,BAO KT,Max,-16.300328256357595,0.7784563684644051,0.18669282145708072,1.285771196678474,7.088443734262252,14.242894002542041
143,0.0,BAO KT,Min,-194.76317666862928,-0.8545370764548925,-0.5021783570349305,-0.42251514788673006,-7.32714135036021,-10.287537787339284
143,14.353052936946607,BAO KT,Min,-194.76317666862928,-0.8545370764548925,-0.5021783570349305,-0.42251514788673006,-0.11934880804897917,-0.02089761669923772
143,28.706105873893215,BAO KT,Min,-194.76317666862928,-0.8545370764548925,-0.5021783570349305,-0.42251514788673006,-2.4628962310429032,-10.542591737970406
144,0.0,BAO KT,Max,-19.403334926980556,0.6350821066923942,0.24067570588367537,1.3165985560885047,3.6174661453584607,9.882404647740655
144,14.353052936946607,BAO KT,Max,-19.403334926980556,0.6350821066923942,0.24067570588367537,1.3165985560885047,0.5204815914542047,2.363742018506564
144,28.706105873893215,BAO KT,Max,-19.403334926980556,0.6350821066923942,0.24067570588367537,1.3165985560885047,6.769813609595024,15.015978619199778
144,0.0,BAO KT,Min,-187.26285370860418,-0.8870528943621643,-0.48037849745368044,-0.419961951372534,-7.01998239785207,-10.44785568210392
144,14.353052936946607,BAO KT,Min,-187.26285370860418,-0.8870528943621643,-0.48037849745368044,-0.419961951372534,-0.1250843941285229,0.15446838286005832
144,28.706105873893215,BAO KT,Min,-187.26285370860418,-0.8870528943621643,-0.48037849745368044,-0.419961951372534,-3.291396149012309,-8.348329545586356
145,0.0,BAO KT,Max,-21.59425929011377,0.5096785710849505,0.2714665123645273,1.291844487746153,4.118446297863431,8.140865910039878
145,14.353052936946607,BAO KT,Max,-21.59425929011377,0.5096785710849505,0.2714665123645273,1.291844487746153,0.4782398935100097,2.561487647392038
145,28.706105873893215,BAO KT,Max,-21.59425929011377,0.5096785710849505,0.2714665123645273,1.291844487746153,6.561871736603312,15.335302995614606
145,0.0,BAO KT,Min,-178.7901536198694,-0.8959177310751092,-0.4642910327485571,-0.42572511004801256,-6.766115805775989,-10.383006246925667
145,14.353052936946607,BAO KT,Min,-178.7901536198694,-0.8959177310751092,-0.4642910327485571,-0.42572511004801256,-0.10212203458633845,0.2577111551833369
145,28.706105873893215,BAO KT,Min,-178.7901536198694,-0.8959177310751092,-0.4642910327485571,-0.42572511004801256,-3.6743001472892307,-6.490021113179319
146,0.0,BAO KT,Max,-27.127780185822854,0.3987040711907375,0.3071347738393039,1.2776614719297124,4.665471741797685,6.544179305308273
146,14.353052936946607,BAO KT,Max,-27.127780185822854,0.3987040711907375,0.3071347738393039,1.2776614719297124,0.5108894419616509,2.5272231562624783
146,28.706105873893215,BAO KT,Max,-27.127780185822854,0.3987040711907375,0.3071347738393039,1.2776614719297124,6.47655347312971,14.848846623495726
146,0.0,BAO KT,Min,-169.7504988973667,-0.8623773841966517,-0.442461137531449,-0.42537728601282165,-6.422246844693957,-9.90664987050444
146,14.353052936946607,BAO KT,Min,-169.7504988973667,-0.8623773841966517,-0.442461137531449,-0.42537728601282165,-0.12983500882558668,0.3025820413154354
146,28.706105873893215,BAO KT,Min,-169.7504988973667,-0.8623773841966517,-0.442461137531449,-0.42537728601282165,-4.151171593587621,-4.901061974645295
147,0.0,BAO KT,Max,28.53442784939593,0.430865471881983,0.15144308643173968,1.4784127889824985,1.9978858565922377,5.658809069410222
147,12.755590340147789,BAO KT,Max,28.53442784939593,0.430865471881983,0.15144308643173968,1.4784127889824985,0.492530706728075,0.4562401058798797
147,25.511180680295578,BAO KT,Max,28.53442784939593,0.430865471881983,0.15144308643173968,1.4784127889824985,6.515117290217411,23.14532843322424
147,0.0,BAO KT,Min,-187.44167640487925,-1.7960503402857793,-0.4737474110736743,-0.5033750629100806,-5.570738510505356,-22.688517615834197
147,12.755590340147789,BAO KT,Min,-187.44167640487925,-1.7960503402857793,-0.4737474110736743,-0.5033750629100806,-0.019208181690338652,-0.0726144815052913
147,25.511180680295578,BAO KT,Min,-187.44167640487925,-1.7960503402857793,-0.4737474110736743,-0.5033750629100806,-1.8656060841494928,-5.33307783267186
148,0.0,BAO KT,Max,31.973842437388804,0.38209841286935003,0.08206018733938644,1.4758033449857901,1.1538337128374416,5.026547515744861
148,12.755590340147789,BAO KT,Max,31.973842437388804,0.38209841286935003,0.08206018733938644,1.4758033449857901,0.5118624870313593,0.42283050623845214
148,25.511180680295578,BAO KT,Max,31.973842437388804,0.38209841286935003,0.08206018733938644,1.4758033449857901,5.684789602463814,20.946607719710208
148,0.0,BAO KT,Min,-182.23305402162475,-1.6243438454368937,-0.41739461154409974,-0.49693108489905613,-4.963439747619502,-20.496186484914016
148,12.755590340147789,BAO KT,Min,-182.23305402162475,-1.6243438454368937,-0.41739461154409974,-0.49693108489905613,-0.03562518258069852,-0.05854469539973247
148,25.511180680295578,BAO KT,Min,-182.23305402162475,-1.6243438454368937,-0.41739461154409974,-0.49693108489905613,-0.9396185530365497,-4.721234132619305
149,0.0,BAO KT,Max,27.257049950848334,0.329099265490313,0.043675380188380575,1.417315606977961,0.6050551000060025,4.360277262453068
149,12.755590340147789,BAO KT,Max,27.257049950848334,0.329099265490313,0.043675380188380575,1.417315606977961,0.25621619163555304,0.4326418349073038
149,25.511180680295578,BAO KT,Max,27.257049950848334,0.329099265490313,0.043675380188380575,1.417315606977961,3.5475162205524895,19.02273741436847
149,0.0,BAO KT,Min,-171.47207447181185,-1.4694382531000936,-0.2847971933274307,-0.5018380779500822,-3.717996435664665,-18.46576234938432
149,12.755590340147789,BAO KT,Min,-171.47207447181185,-1.4694382531000936,-0.2847971933274307,-0.5018380779500822,-0.33092022399962,-0.009610112488107937
149,25.511180680295578,BAO KT,Min,-171.47207447181185,-1.4694382531000936,-0.2847971933274307,-0.5018380779500822,-0.5740556146618444,-4.03543356122287
150,0.0,BAO KT,Max,13.25093154002495,0.27657102450928384,0.13664893779810516,1.3651418620910332,1.211789026699578,3.6941519393749056
150,12.755590340147789,BAO KT,Max,13.25093154002495,0.27657102450928384,0.13664893779810516,1.3651418620910332,0.004767899198735631,0.4712484946278257
150,25.511180680295578,BAO KT,Max,13.25093154002495,0.27657102450928384,0.13664893779810516,1.3651418620910332,1.8067511565933954,17.23396870284421
150,0.0,BAO KT,Min,-183.41479930069335,-1.3235724990672029,-0.17469972067220552,-0.5065777274420512,-2.6500449822724077,-16.531928464329553
150,12.755590340147789,BAO KT,Min,-183.41479930069335,-1.3235724990672029,-0.17469972067220552,-0.5065777274420512,-0.629403511987593,0.03690996077628546
150,25.511180680295578,BAO KT,Min,-183.41479930069335,-1.3235724990672029,-0.17469972067220552,-0.5065777274420512,-2.276617687890081,-3.3615014378158916
151,0.0,BAO KT,Max,-2.64422074870709,0.22743423834694948,0.09040333557615736,1.3722654983025486,0.8629318708621596,3.0580869297881383
151,12.755590340147789,BAO KT,Max,-2.64422074870709,0.22743423834694948,0.09040333557615736,1.3722654983025486,0.06853151671595477,0.4878887431681852
151,25.511180680295578,BAO KT,Max,-2.64422074870709,0.22743423834694948,0.09040333557615736,1.3722654983025486,2.2559278102060545,15.322489319390177
151,0.0,BAO KT,Min,-199.3278754928518,-1.1707296149473376,-0.17148530449471583,-0.4993931067714408,-2.450914023848785,-14.544205415304221
151,12.755590340147789,BAO KT,Min,-199.3278754928518,-1.1707296149473376,-0.17148530449471583,-0.4993931067714408,-0.47305726043161866,0.052961849467035894
151,25.511180680295578,BAO KT,Min,-199.3278754928518,-1.1707296149473376,-0.17148530449471583,-0.4993931067714408,-1.4695275259235194,-2.7440290175663
152,0.0,BAO KT,Max,-16.301355094449118,0.18010859420511266,0.03876473204309215,1.3877307549793574,0.4390538178769906,2.441926191635442
152,12.755590340147789,BAO KT,Max,-16.301355094449118,0.18010859420511266,0.03876473204309215,1.3877307549793574,0.17294815773478422,0.4847443349330825
152,25.511180680295578,BAO KT,Max,-16.301355094449118,0.18010859420511266,0.03876473204309215,1.3877307549793574,3.4205503737289535,13.30296156422327
152,0.0,BAO KT,Min,-203.08771278186245,-1.011314644711291,-0.2546022668799931,-0.49096607337199505,-3.0746540582593846,-12.496869061635401
152,12.755590340147789,BAO KT,Min,-203.08771278186245,-1.011314644711291,-0.2546022668799931,-0.49096607337199505,-0.374842648655413,0.05845281704701892
152,25.511180680295578,BAO KT,Min,-203.08771278186245,-1.011314644711291,-0.2546022668799931,-0.49096607337199505,-0.5498802652975768,-2.152856697205224
153,0.0,BAO KT,Max,-27.800570167854975,0.13972296168871914,0.03674288362278708,1.389928922513515,0.2963125749565937,2.1121418714161146
153,12.755590340147789,BAO KT,Max,-27.800570167854975,0.13972296168871914,0.03674288362278708,1.389928922513515,0.2839445871574921,0.4772856527978696
153,25.511180680295578,BAO KT,Max,-27.800570167854975,0.13972296168871914,0.03674288362278708,1.389928922513515,4.2560185626275695,11.253509406645588
153,0.0,BAO KT,Min,-199.32344186707408,-0.8500069351340459,-0.3200355196552845,-0.4859378635122388,-3.908465403410679,-10.43117109506334
153,12.755590340147789,BAO KT,Min,-199.32344186707408,-0.8500069351340459,-0.3200355196552845,-0.4859378635122388,-0.44878906318825207,0.06454603876312294
153,25.511180680295578,BAO KT,Min,-199.32344186707408,-0.8500069351340459,-0.3200355196552845,-0.4859378635122388,-0.6410417678594009,-1.5592474139104149
154,0.0,BAO KT,Max,-64.03539533799429,0.26271089899245453,0.5308184278593031,1.4514024367956846,6.746334432453139,2.484512325825795
154,12.412744584387141,BAO KT,Max,-64.03539533799429,0.26271089899245453,0.5308184278593031,1.4514024367956846,0.4572110768025953,0.12473078328579143
154,24.825489168774283,BAO KT,Max,-64.03539533799429,0.26271089899245453,0.5308184278593031,1.4514024367956846,25.2481457887248,2.680035090891247
154,0.0,BAO KT,Min,-165.1531472832727,-0.24646768569893784,-2.0100709138501367,-0.5181852218947914,-24.652847911529992,-3.4386457708805986
154,12.412744584387141,BAO KT,Min,-165.1531472832727,-0.24646768569893784,-2.0100709138501367,-0.5181852218947914,-0.008219061065525094,-0.7764509629022722
154,24.825489168774283,BAO KT,Min,-165.1531472832727,-0.24646768569893784,-2.0100709138501367,-0.5181852218947914,-6.431492698953786,-4.03741425163034
155,0.0,BAO KT,Max,-35.7673908091121,1.7282888615250187,0.6152170205251183,1.3934557401190124,6.594206395545551,21.481876969490553
155,12.388845808456422,BAO KT,Max,-35.7673908091121,1.7282888615250187,0.6152170205251183,1.3934557401190124,0.11275793835987907,0.07037275158440334
155,24.777691616912843,BAO KT,Max,-35.7673908091121,1.7282888615250187,0.6152170205251183,1.3934557401190124,1.8268685058047838,5.85842130375096
155,0.0,BAO KT,Min,-250.88941530168057,-0.4862573076560936,-0.14378913131696885,-0.5126337156666801,-1.7358942478308563,-6.339587028663606
155,12.388845808456422,BAO KT,Min,-250.88941530168057,-0.4862573076560936,-0.14378913131696885,-0.5126337156666801,-1.027622410478109,-0.44244813820620693
155,24.777691616912843,BAO KT,Min,-250.88941530168057,-0.4862573076560936,-0.14378913131696885,-0.5126337156666801,-8.649451216501769,-21.443774708986084
156,0.0,BAO KT,Max,-39.76524071846134,1.5591159192909347,0.5103639677201386,1.428445461967591,5.60274566962255,19.34268207942394
156,12.388845808456422,BAO KT,Max,-39.76524071846134,1.5591159192909347,0.5103639677201386,1.428445461967591,0.12438179715205733,0.027035357818764948
156,24.777691616912843,BAO KT,Max,-39.76524071846134,1.5591159192909347,0.5103639677201386,1.428445461967591,1.1521263262630863,5.205385319808013
156,0.0,BAO KT,Min,-230.63054159533158,-0.4457240417334137,-0.08659911146242844,-0.510418402500617,-0.9935997518516282,-5.838627532506502
156,12.388845808456422,BAO KT,Min,-230.63054159533158,-0.4457240417334137,-0.08659911146242844,-0.510418402500617,-0.7200748326542776,-0.4350159031504534
156,24.777691616912843,BAO KT,Min,-230.63054159533158,-0.4457240417334137,-0.08659911146242844,-0.510418402500617,-7.042895334931105,-19.400695318575114
157,0.0,BAO KT,Max,-46.6496027275107,1.3888900365414918,0.3519363339891887,1.4670756580866102,4.182001047950264,17.178930494475598
157,12.388845808456422,BAO KT,Max,-46.6496027275107,1.3888900365414918,0.3519363339891887,1.4670756580866102,0.5106103225176385,-0.027814013138349906
157,24.777691616912843,BAO KT,Max,-46.6496027275107,1.3888900365414918,0.3519363339891887,1.4670756580866102,2.1733928511774905,4.47053811521769
157,0.0,BAO KT,Min,-224.29994489808934,-0.38527464552377905,-0.13666354951697168,-0.49694726645394605,-1.212814434026732,-5.204561606106771
157,12.388845808456422,BAO KT,Min,-224.29994489808934,-0.38527464552377905,-0.13666354951697168,-0.49694726645394605,-0.17808392823521652,-0.4763952483106705
157,24.777691616912843,BAO KT,Min,-224.29994489808934,-0.38527464552377905,-0.13666354951697168,-0.49694726645394605,-4.538168904420697,-17.469801736573384
158,0.0,BAO KT,Max,-54.55922057064497,1.211186584419277,0.32175602574125645,1.4626063908151612,3.8065365385501764,14.935366323459036
158,12.388845808456422,BAO KT,Max,-54.55922057064497,1.211186584419277,0.32175602574125645,1.4626063908151612,0.4163602177958952,-0.05077448982663306
158,24.777691616912843,BAO KT,Max,-54.55922057064497,1.211186584419277,0.32175602574125645,1.4626063908151612,1.4406477214074966,3.9998785997551707
158,0.0,BAO KT,Min,-223.21009272425005,-0.3576687229264374,-0.09136939188600088,-0.49797841141395194,-0.850820286273211,-4.862326717931141
158,12.388845808456422,BAO KT,Min,-223.21009272425005,-0.3576687229264374,-0.09136939188600088,-0.49797841141395194,-0.1796492522999848,-0.5003299668596851
158,24.777691616912843,BAO KT,Min,-223.21009272425005,-0.3576687229264374,-0.09136939188600088,-0.49797841141395194,-4.165835043150146,-15.397300787670705
159,0.0,BAO KT,Max,-60.386223535621696,1.034378854124826,0.3322687356812012,1.4411619685420818,3.7470658846613287,12.672940018606877
159,12.388845808456422,BAO KT,Max,-60.386223535621696,1.034378854124826,0.3322687356812012,1.4411619685420818,0.12150714188918316,-0.05756640356974656
159,24.777691616912843,BAO KT,Max,-60.386223535621696,1.034378854124826,0.3322687356812012,1.4411619685420818,0.30999520462927865,3.79008469639196
159,0.0,BAO KT,Min,-218.24294142385722,-0.33692032640157404,-0.025602627891279175,-0.5045394141569414,-0.3243788138434084,-4.558023250655861
159,12.388845808456422,BAO KT,Min,-218.24294142385722,-0.33692032640157404,-0.025602627891279175,-0.5045394141569414,-0.36936024866383527,-0.5002103725638699
159,24.777691616912843,BAO KT,Min,-218.24294142385722,-0.33692032640157404,-0.025602627891279175,-0.5045394141569414,-4.485786381989,-13.225062529068559
160,0.0,BAO KT,Max,-64.2273034980683,0.8573686034630024,0.30393251754276696,1.4315226044792868,3.541309264284959,10.427685066178958
160,12.388845808456422,BAO KT,Max,-64.2273034980683,0.8573686034630024,0.30393251754276696,1.4315226044792868,0.24807081055712524,-0.06342492300909029
160,24.777691616912843,BAO KT,Max,-64.2273034980683,0.8573686034630024,0.30393251754276696,1.4315226044792868,0.4596904842585499,3.4914988526636117
160,0.0,BAO KT,Min,-208.9025660853188,-0.3099653043125187,-0.02665163029635851,-0.5080918374698961,-0.20067539231259268,-4.188725869534521
160,12.388845808456422,BAO KT,Min,-208.9025660853188,-0.3099653043125187,-0.02665163029635851,-0.5080918374698961,-0.36492004745591655,-0.4927143800585065
160,24.777691616912843,BAO KT,Min,-208.9025660853188,-0.3099653043125187,-0.02665163029635851,-0.5080918374698961,-4.130293143469233,-11.041036519106157
168,0.0,BAO KT,Max,-13.74945877934076,0.022468940355194034,0.7317883057169241,1.2218896188431627,10.224067702070505,0.888363521524465
168,14.353052936946607,BAO KT,Max,-13.74945877934076,0.022468940355194034,0.7317883057169241,1.2218896188431627,0.34456714295916374,2.018368495743682
168,28.706105873893215,BAO KT,Max,-13.74945877934076,0.022468940355194034,0.7317883057169241,1.2218896188431627,5.661102760616604,14.957707797755683
168,0.0,BAO KT,Min,-126.47246949382335,-0.906071927562585,-0.40432424195472827,-0.4369030887686669,-5.945471736317444,-11.052088884218389
168,14.353052936946607,BAO KT,Min,-126.47246949382335,-0.906071927562585,-0.40432424195472827,-0.4369030887686669,-0.5414879636789884,0.17377400280233082
168,28.706105873893215,BAO KT,Min,-126.47246949382335,-0.906071927562585,-0.40432424195472827,-0.4369030887686669,-10.782724879116458,0.2433677408140733
169,0.0,BAO KT,Max,-17.988605451261563,-0.01384217000689758,0.6784328618363542,1.2109684874303555,9.61174993589328,0.320812514128749
169,14.353052936946607,BAO KT,Max,-17.988605451261563,-0.01384217000689758,0.6784328618363542,1.2109684874303555,0.06613286841084758,1.9403658612037922
169,28.706105873893215,BAO KT,Max,-17.988605451261563,-0.01384217000689758,0.6784328618363542,1.2109684874303555,5.549887926326758,13.021006558957978
169,0.0,BAO KT,Min,-113.89170091742587,-0.7762081900937681,-0.402927403585163,-0.4357102638450384,-6.016588780481831,-9.26090792605676
169,14.353052936946607,BAO KT,Min,-113.89170091742587,-0.7762081900937681,-0.402927403585163,-0.4357102638450384,-0.42538665774606343,-0.020308455530642422
169,28.706105873893215,BAO KT,Min,-113.89170091742587,-0.7762081900937681,-0.402927403585163,-0.4357102638450384,-9.863415624309466,0.7181673118711793
170,0.0,BAO KT,Max,-25.248323717092003,-0.0438607961227519,0.6563758371316455,1.212228190937651,9.24991904439146,-0.1877410806690607
170,14.353052936946607,BAO KT,Max,-25.248323717092003,-0.0438607961227519,0.6563758371316455,1.212228190937651,0.06371795046860457,1.8040834515703654
170,28.706105873893215,BAO KT,Max,-25.248323717092003,-0.0438607961227519,0.6563758371316455,1.212228190937651,5.786392199861304,10.85686442798988
170,0.0,BAO KT,Min,-121.12877914584116,-0.6346971642257655,-0.42181025313525317,-0.4388468653093563,-6.322137585332971,-7.3628195661347355
170,14.353052936946607,BAO KT,Min,-121.12877914584116,-0.6346971642257655,-0.42181025313525317,-0.4388468653093563,-0.5028458961662384,-0.16811946824328225
170,28.706105873893215,BAO KT,Min,-121.12877914584116,-0.6346971642257655,-0.42181025313525317,-0.4388468653093563,-9.592075229374844,1.0713315765439
171,0.0,BAO KT,Max,-34.804069917952816,-0.10818956685450026,0.6475861615883083,1.181129810173155,9.014951819453268,-1.0242289802875688
171,14.353052936946607,BAO KT,Max,-34.804069917952816,-0.10818956685450026,0.6475861615883083,1.181129810173155,0.0005418653187425904,1.9890148572492112
171,28.706105873893215,BAO KT,Max,-34.804069917952816,-0.10818956685450026,0.6475861615883083,1.181129810173155,5.285041838827407,10.150386093588265
171,0.0,BAO KT,Min,-129.76185010653532,-0.5696113353763914,-0.3930830536771111,-0.4428775945659491,-6.008255363528884,-6.200937206696123
171,14.353052936946607,BAO KT,Min,-129.76185010653532,-0.5696113353763914,-0.3930830536771111,-0.4428775945659491,-0.6373285435933159,-0.018318044854112037
171,28.706105873893215,BAO KT,Min,-129.76185010653532,-0.5696113353763914,-0.3930830536771111,-0.4428775945659491,-9.574725097568827,2.081472180288363
172,0.0,BAO KT,Max,-46.16017533284998,-0.17636358138737032,0.6275692923664964,1.176431115926836,8.673254325391047,-1.8712185300983686
172,14.353052936946607,BAO KT,Max,-46.16017533284998,-0.17636358138737032,0.6275692923664964,1.176431115926836,-0.035947369434550604,2.254611156805634
172,28.706105873893215,BAO KT,Max,-46.16017533284998,-0.17636358138737032,0.6275692923664964,1.176431115926836,5.353941320572326,10.06675176413682
172,0.0,BAO KT,Min,-132.0423711575679,-0.550250139247666,-0.40096134982678866,-0.4461510694095851,-6.225138525115194,-6.267769220543259
172,14.353052936946607,BAO KT,Min,-132.0423711575679,-0.550250139247666,-0.40096134982678866,-0.4461510694095851,-0.6899548543493934,0.15955998767580887
172,28.706105873893215,BAO KT,Min,-132.0423711575679,-0.550250139247666,-0.40096134982678866,-0.4461510694095851,-9.341816224485841,3.1833009348684196
173,0.0,BAO KT,Max,-53.386795231562424,-0.0842157548446562,0.5874352157702035,1.1945429610435336,8.140344268612145,-0.46836835592345083
173,14.353052936946607,BAO KT,Max,-53.386795231562424,-0.0842157548446562,0.5874352157702035,1.1945429610435336,0.21741188222452879,2.413678246930298
173,28.706105873893215,BAO KT,Max,-53.386795231562424,-0.0842157548446562,0.5874352157702035,1.1945429610435336,5.988685129682747,11.070919649877748
173,0.0,BAO KT,Min,-130.11921093295726,-0.6093939733407931,-0.44584498070606193,-0.4446585746584356,-6.809788089809344,-6.932871618208416
173,14.353052936946607,BAO KT,Min,-130.11921093295726,-0.6093939733407931,-0.44584498070606193,-0.4446585746584356,-0.6481282543137874,0.2789327502551045
173,28.706105873893215,BAO KT,Min,-130.11921093295726,-0.6093939733407931,-0.44584498070606193,-0.4446585746584356,-8.722633229340623,1.9491380188970855
174,0.0,BAO KT,Max,-49.37526279049536,0.012964469617121221,0.5439748091304866,1.188996022570539,7.576552497277019,0.9862464933617714
174,14.353052936946607,BAO KT,Max,-49.37526279049536,0.012964469617121221,0.5439748091304866,1.188996022570539,0.1661884874326605,2.505372026042535
174,28.706105873893215,BAO KT,Max,-49.37526279049536,0.012964469617121221,0.5439748091304866,1.188996022570539,6.025585139656243,11.863532199626016
174,0.0,BAO KT,Min,-130.36979751622653,-0.6549132263758075,-0.45006927132479846,-0.43958434598651713,-6.8941510135793935,-7.316746808496786
174,14.353052936946607,BAO KT,Min,-130.36979751622653,-0.6549132263758075,-0.45006927132479846,-0.43958434598651713,-0.62251917388385,0.29317704612970497
174,28.706105873893215,BAO KT,Min,-130.36979751622653,-0.6549132263758075,-0.45006927132479846,-0.43958434598651713,-8.038845966353582,0.6140870559338181
175,0.0,BAO KT,Max,-40.46684160465329,0.4486326748924528,0.07359959500921809,1.3849731705604182,0.5547024974873016,5.911228568705997
175,12.755590340147789,BAO KT,Max,-40.46684160465329,0.4486326748924528,0.07359959500921809,1.3849731705604182,0.3075357461999221,0.4223676690020513
175,25.511180680295578,BAO KT,Max,-40.46684160465329,0.4486326748924528,0.07359959500921809,1.3849731705604182,9.615635462004956,7.193107328633186
175,0.0,BAO KT,Min,-179.6316156007066,-0.5339936536322168,-0.7297270818198125,-0.48700228063648665,-9.000563969605114,-6.4297012513094725
175,12.755590340147789,BAO KT,Min,-179.6316156007066,-0.5339936536322168,-0.7297270818198125,-0.48700228063648665,-0.7390548048732798,0.08125622200996822
175,25.511180680295578,BAO KT,Min,-179.6316156007066,-0.5339936536322168,-0.7297270818198125,-0.48700228063648665,-1.322910068789442,-5.556032479061285
176,0.0,BAO KT,Max,-43.77174457467632,0.2918521932524868,0.048195921253528104,1.3577239706422892,0.35205439877948774,3.8888514486915016
176,12.755590340147789,BAO KT,Max,-43.77174457467632,0.2918521932524868,0.048195921253528104,1.3577239706422892,0.1234348115243913,0.39535052851862557
176,25.511180680295578,BAO KT,Max,-43.77174457467632,0.2918521932524868,0.048195921253528104,1.3577239706422892,8.028195351771474,6.2660596461496345
176,0.0,BAO KT,Min,-164.21379138320526,-0.46423299661163503,-0.6254944354541577,-0.4917159950355934,-7.928906205619023,-5.577072208164831
176,12.755590340147789,BAO KT,Min,-164.21379138320526,-0.46423299661163503,-0.6254944354541577,-0.4917159950355934,-0.5633725331267935,0.06820474179956051
176,25.511180680295578,BAO KT,Min,-164.21379138320526,-0.46423299661163503,-0.6254944354541577,-0.4917159950355934,-0.8774804563725653,-3.6036854656765818
177,0.0,BAO KT,Max,-47.61546900636453,0.13390350317829183,0.02395201657067248,1.384240839462595,0.18110094210301836,1.900664566570832
177,12.755590340147789,BAO KT,Max,-47.61546900636453,0.13390350317829183,0.02395201657067248,1.384240839462595,0.41135676457380604,0.40775447838684586
177,25.511180680295578,BAO KT,Max,-47.61546900636453,0.13390350317829183,0.02395201657067248,1.384240839462595,8.516905137902242,5.516751083486498
177,0.0,BAO KT,Min,-169.2147857104801,-0.40493311595282866,-0.6354506657223459,-0.4781959311085519,-7.694191608754632,-4.813570801021192
177,12.755590340147789,BAO KT,Min,-169.2147857104801,-0.40493311595282866,-0.6354506657223459,-0.4781959311085519,-0.4003091133536981,0.07628935781397142
177,25.511180680295578,BAO KT,Min,-169.2147857104801,-0.40493311595282866,-0.6354506657223459,-0.4781959311085519,-0.4299432802888409,-1.575564536684804
178,0.0,BAO KT,Max,-55.93024039131736,0.11616162515491169,-0.029483397253030855,1.4044687270256984,-0.26892273684064044,1.6743038262544765
178,12.755590340147789,BAO KT,Max,-55.93024039131736,0.11616162515491169,-0.029483397253030855,1.4044687270256984,0.3809568885527905,0.4477868103174575
178,25.511180680295578,BAO KT,Max,-55.93024039131736,0.11616162515491169,-0.029483397253030855,1.4044687270256984,8.22369110106146,5.056585317087892
178,0.0,BAO KT,Min,-182.6841345597088,-0.36327641579563025,-0.6148468242840889,-0.4682783129228154,-7.467840673311494,-4.211024963164613
178,12.755590340147789,BAO KT,Min,-182.6841345597088,-0.36327641579563025,-0.6148468242840889,-0.4682783129228154,-0.18426104328412538,0.11411344331168322
178,25.511180680295578,BAO KT,Min,-182.6841345597088,-0.36327641579563025,-0.6148468242840889,-0.4682783129228154,0.2561872323196841,-1.289116381189243
179,0.0,BAO KT,Max,-61.09013324269218,0.10652147922807767,0.010461211658031083,1.3933848362534804,-0.0531393173105353,1.5133700689992293
179,12.755590340147789,BAO KT,Max,-61.09013324269218,0.10652147922807767,0.010461211658031083,1.3933848362534804,0.21422886056212243,0.46895386737092487
179,25.511180680295578,BAO KT,Max,-61.09013324269218,0.10652147922807767,0.010461211658031083,1.3933848362534804,7.061579606211544,4.453803081624889
179,0.0,BAO KT,Min,-190.07072612917767,-0.3133040403888765,-0.5368117478732143,-0.47397572243184355,-6.6331218850873,-3.5389529006023634
179,12.755590340147789,BAO KT,Min,-190.07072612917767,-0.3133040403888765,-0.5368117478732143,-0.47397572243184355,-0.24413853216514697,0.11638547166793427
179,25.511180680295578,BAO KT,Min,-190.07072612917767,-0.3133040403888765,-0.5368117478732143,-0.47397572243184355,-0.3775774625365697,-1.204118633920612
180,0.0,BAO KT,Max,-52.433599619952886,0.10381864516896916,0.07589789283867227,1.379004918237236,0.5636895283468426,1.4290041993673674
180,12.755590340147789,BAO KT,Max,-52.433599619952886,0.10381864516896916,0.07589789283867227,1.379004918237236,0.14627266993850477,0.46920193663541704
180,25.511180680295578,BAO KT,Max,-52.433599619952886,0.10381864516896916,0.07589789283867227,1.379004918237236,6.246440249954539,5.978315771738791
180,0.0,BAO KT,Min,-185.56952921742317,-0.4339572507574112,-0.4782348301682253,-0.48292685190757767,-5.953894910077528,-5.092446059857861
180,12.755590340147789,BAO KT,Min,-185.56952921742317,-0.4339572507574112,-0.4782348301682253,-0.48292685190757767,-0.40443290038369734,0.09599395029481787
180,25.511180680295578,BAO KT,Min,-185.56952921742317,-0.4339572507574112,-0.4782348301682253,-0.48292685190757767,-1.3725553291142374,-1.2195320155217007
181,0.0,BAO KT,Max,-60.358821215311515,0.4774626877272944,0.7186932834933669,1.250423764831416,7.790369688989315,6.875035250002936
181,14.307121586374588,BAO KT,Max,-60.358821215311515,0.4774626877272944,0.7186932834933669,1.250423764831416,-0.2672833759369801,0.1018962504391724
181,28.614243172749177,BAO KT,Max,-60.358821215311515,0.4774626877272944,0.7186932834933669,1.250423764831416,1.1129936601856616,7.434568880141213
181,0.0,BAO KT,Min,-129.62473561324796,-0.517195264880172,-0.13516088684440444,-0.4359281074608687,-2.754532823424562,-7.403791418543736
181,14.307121586374588,BAO KT,Min,-129.62473561324796,-0.517195264880172,-0.13516088684440444,-0.4359281074608687,-2.5546466449875855,-0.11822498665913944
181,28.614243172749177,BAO KT,Min,-129.62473561324796,-0.517195264880172,-0.13516088684440444,-0.4359281074608687,-12.774494691511446,-6.787198202540269
182,0.0,BAO KT,Max,-37.90187542909337,0.4989459588232295,0.7718119993110366,1.4677499672293413,9.390464773813598,5.804195365122087
182,12.388845808456422,BAO KT,Max,-37.90187542909337,0.4989459588232295,0.7718119993110366,1.4677499672293413,0.48714541938377276,-0.07437023487211598
182,24.777691616912843,BAO KT,Max,-37.90187542909337,0.4989459588232295,0.7718119993110366,1.4677499672293413,1.1331031960837143,7.685782079862087
182,0.0,BAO KT,Min,-166.38526711544222,-0.6362735779287387,-0.06388988953875187,-0.4991291078844804,-0.4499407843461053,-8.158012758821318
182,12.388845808456422,BAO KT,Min,-166.38526711544222,-0.6362735779287387,-0.06388988953875187,-0.4991291078844804,-0.4134691015306903,-0.438498473059123
182,24.777691616912843,BAO KT,Min,-166.38526711544222,-0.6362735779287387,-0.06388988953875187,-0.4991291078844804,-9.733254931348213,-6.579178542034297
183,0.0,BAO KT,Max,-43.98406237792064,0.4236255089015044,0.6433058016002573,1.4447893838932702,8.134715091527656,4.886231231856506
183,12.388845808456422,BAO KT,Max,-43.98406237792064,0.4236255089015044,0.6433058016002573,1.4447893838932702,0.3541449131004781,-0.07264949096791251
183,24.777691616912843,BAO KT,Max,-43.98406237792064,0.4236255089015044,0.6433058016002573,1.4447893838932702,0.8042148055547742,5.4127570558498865
183,0.0,BAO KT,Min,-160.43803668368943,-0.45462395440906,-0.04481508516573979,-0.4935540013224151,-0.3061995544676116,-5.932836749404277
183,12.388845808456422,BAO KT,Min,-160.43803668368943,-0.45462395440906,-0.04481508516573979,-0.4935540013224151,-0.162849708207916,-0.41270559785494143
183,24.777691616912843,BAO KT,Min,-160.43803668368943,-0.45462395440906,-0.04481508516573979,-0.4935540013224151,-7.804917675894434,-5.610230988762737
184,0.0,BAO KT,Max,-51.897856300161465,0.35420514880346315,0.6481450575313352,1.437337433923045,7.829436838441367,4.040879656688739
184,12.388845808456422,BAO KT,Max,-51.897856300161465,0.35420514880346315,0.6481450575313352,1.437337433923045,0.28976320403357175,-0.06968627309023473
184,24.777691616912843,BAO KT,Max,-51.897856300161465,0.35420514880346315,0.6481450575313352,1.437337433923045,0.6012845440430861,3.1407798221938203
184,0.0,BAO KT,Min,-157.6631731345546,-0.27173355340226096,-0.03471805625817009,-0.4989960653929433,-0.2589487474604834,-3.662067272174134
184,12.388845808456422,BAO KT,Min,-157.6631731345546,-0.27173355340226096,-0.03471805625817009,-0.4989960653929433,-0.3452629084321987,-0.4093670410655851
184,24.777691616912843,BAO KT,Min,-157.6631731345546,-0.27173355340226096,-0.03471805625817009,-0.4989960653929433,-8.230101520096287,-4.735506289486196
185,0.0,BAO KT,Max,-64.94566712482049,0.3031134894488979,0.6255448764954392,1.3928785998664561,7.6110991970725514,3.3365031338267346
185,12.388845808456422,BAO KT,Max,-64.94566712482049,0.3031134894488979,0.6255448764954392,1.3928785998664561,0.00628169459858148,-0.10986191388426894
185,24.777691616912843,BAO KT,Max,-64.94566712482049,0.3031134894488979,0.6255448764954392,1.3928785998664561,-0.6765853948904053,2.7571334190472543
185,0.0,BAO KT,Min,-169.3874229821667,-0.23878667655190833,0.042280455216461475,-0.5110389038273712,0.37102668588577103,-3.159449214783443
185,12.388845808456422,BAO KT,Min,-169.3874229821667,-0.23878667655190833,0.042280455216461475,-0.5110389038273712,-0.5383413734928797,-0.4528750169675505
185,24.777691616912843,BAO KT,Min,-169.3874229821667,-0.23878667655190833,0.042280455216461475,-0.5110389038273712,-7.888458845271271,-4.173949432664422
186,0.0,BAO KT,Max,-79.57664991296377,0.24503190639560382,0.559876206685803,1.3998170004740706,6.868765553605049,2.5711496411883457
186,12.388845808456422,BAO KT,Max,-79.57664991296377,0.24503190639560382,0.559876206685803,1.3998170004740706,0.02825582290549794,-0.1253051002115482
186,24.777691616912843,BAO KT,Max,-79.57664991296377,0.24503190639560382,0.559876206685803,1.3998170004740706,-0.48734522802075075,2.7057353138725166
186,0.0,BAO KT,Min,-177.00108621978495,-0.23187404638561246,0.030110773293655125,-0.5078783707746553,0.2587302269962109,-3.039568301435933
186,12.388845808456422,BAO KT,Min,-177.00108621978495,-0.23187404638561246,0.030110773293655125,-0.5078783707746553,-0.4561975673941434,-0.47961250569747127
186,24.777691616912843,BAO KT,Min,-177.00108621978495,-0.23187404638561246,0.030110773293655125,-0.5078783707746553,-7.003674439302733,-3.500175371786179
187,0.0,BAO KT,Max,-83.23137318666414,0.3356407193454438,0.4916151699541268,1.4280542688713977,6.112536415396963,4.05394735982364
187,12.388845808456422,BAO KT,Max,-83.23137318666414,0.3356407193454438,0.4916151699541268,1.4280542688713977,0.3148478787717118,-0.104253759186459
187,24.777691616912843,BAO KT,Max,-83.23137318666414,0.3356407193454438,0.4916151699541268,1.4280542688713977,0.5889321348495321,2.6812536567378356
187,0.0,BAO KT,Min,-173.81660542585257,-0.22560056847130724,-0.028628444012691184,-0.4996150979959836,-0.2034661373891926,-2.9086076574444455
187,12.388845808456422,BAO KT,Min,-173.81660542585257,-0.22560056847130724,-0.028628444012691184,-0.4996150979959836,-0.3658271390821333,-0.4829843735722642
187,24.777691616912843,BAO KT,Min,-173.81660542585257,-0.22560056847130724,-0.028628444012691184,-0.4996150979959836,-6.068552659922586,-4.37295323610521
188,0.0,BAO KT,Max,-80.1067714788707,0.49329517835894243,0.43534954731164993,1.426800503805088,5.423696684563107,6.020037687883327
188,12.388845808456422,BAO KT,Max,-80.1067714788707,0.49329517835894243,0.43534954731164993,1.426800503805088,0.3155504929892305,-0.09132021486061959
188,24.777691616912843,BAO KT,Max,-80.1067714788707,0.49329517835894243,0.43534954731164993,1.426800503805088,0.5330847167441476,2.4065865221241776
188,0.0,BAO KT,Min,-183.71366511944987,-0.2033840903618851,-0.02733761734058052,-0.49666383097894784,-0.14427833526192563,-2.632801748648948
188,12.388845808456422,BAO KT,Min,-183.71366511944987,-0.2033840903618851,-0.02733761734058052,-0.49666383097894784,-0.3864654131493216,-0.4809796388586491
188,24.777691616912843,BAO KT,Min,-183.71366511944987,-0.2033840903618851,-0.02733761734058052,-0.49666383097894784,-5.363260144287563,-6.514392144890655
195,0.0,BAO KT,Max,-76.4475887204122,0.46361564071159267,0.1430878103640017,1.4452808304076854,1.924922409655988,5.603874933779339
195,12.412744584387141,BAO KT,Max,-76.4475887204122,0.46361564071159267,0.1430878103640017,1.4452808304076854,0.4891523452305086,0.07209615154204145
195,24.825489168774283,BAO KT,Max,-76.4475887204122,0.46361564071159267,0.1430878103640017,1.4452808304076854,7.7183583426308635,0.2837146401399973
195,0.0,BAO KT,Min,-168.4601294531684,-0.01780230930306385,-0.5856334327910041,-0.5029522882299265,-6.820278099994312,-0.1747213521451826
195,12.412744584387141,BAO KT,Min,-168.4601294531684,-0.01780230930306385,-0.5856334327910041,-0.5029522882299265,0.08710431978838705,-0.18036108984092247
195,24.825489168774283,BAO KT,Min,-168.4601294531684,-0.01780230930306385,-0.5856334327910041,-0.5029522882299265,-1.6273024767191648,-5.905610133180654
196,0.0,BAO KT,Max,-31.145207369088165,0.2861951271335318,0.3585102734959471,1.26515371575364,5.360937726502368,4.93920467195934
196,14.353052936946607,BAO KT,Max,-31.145207369088165,0.2861951271335318,0.3585102734959471,1.26515371575364,0.4602915108490303,2.5440725550411223
196,28.706105873893215,BAO KT,Max,-31.145207369088165,0.2861951271335318,0.3585102734959471,1.26515371575364,6.567511637253405,14.397710495658917
196,0.0,BAO KT,Min,-158.17372223918065,-0.8308039363480826,-0.45138846873071986,-0.4184026531114582,-6.422364446527645,-9.461130412976347
196,14.353052936946607,BAO KT,Min,-158.17372223918065,-0.8308039363480826,-0.45138846873071986,-0.4184026531114582,-0.326389626325159,0.33691825734494135
196,28.706105873893215,BAO KT,Min,-158.17372223918065,-0.8308039363480826,-0.45138846873071986,-0.4184026531114582,-4.930496141350701,-3.2763429481281534
197,0.0,BAO KT,Max,-38.08266440119686,0.11732056160210855,0.008922295170078708,1.3885277079645715,0.07345202788706663,1.7999624948048918
197,12.755590340147789,BAO KT,Max,-38.08266440119686,0.11732056160210855,0.008922295170078708,1.3885277079645715,0.3837149276683678,0.47154809035579526
197,25.511180680295578,BAO KT,Max,-38.08266440119686,0.11732056160210855,0.008922295170078708,1.3885277079645715,5.0794085865724945,9.207559009142512
197,0.0,BAO KT,Min,-187.26364270500343,-0.6889358596430042,-0.3832085287352671,-0.4837395407384483,-4.70773509205002,-8.368008183344921
197,12.755590340147789,BAO KT,Min,-187.26364270500343,-0.6889358596430042,-0.3832085287352671,-0.4837395407384483,-0.29702476708779196,0.07225203434473372
197,25.511180680295578,BAO KT,Min,-187.26364270500343,-0.6889358596430042,-0.3832085287352671,-0.4837395407384483,-0.15416625627973987,-1.1930235497402482
198,0.0,BAO KT,Max,-67.21159777358355,0.6817855381213455,0.3565444187172689,1.4143256265268933,4.403031442553201,8.201437579568465
198,12.388845808456422,BAO KT,Max,-67.21159777358355,0.6817855381213455,0.3565444187172689,1.4143256265268933,0.10888418906424042,-0.071262717241172
198,24.777691616912843,BAO KT,Max,-67.21159777358355,0.6817855381213455,0.3565444187172689,1.4143256265268933,-0.05539045938046558,3.164306817811158
198,0.0,BAO KT,Min,-197.48069705305355,-0.28045474062982767,0.0036502027384054513,-0.5075818492780124,0.03505313841095549,-3.784714258015989
198,12.388845808456422,BAO KT,Min,-197.48069705305355,-0.28045474062982767,0.0036502027384054513,-0.5075818492780124,-0.3982670337813248,-0.48641533643438195
198,24.777691616912843,BAO KT,Min,-197.48069705305355,-0.28045474062982767,0.0036502027384054513,-0.5075818492780124,-4.697848151744689,-8.874778866162332
