frame,station,load_case,step_type,P,V2,V3,T,M2,M3
1,0.0,BAO KT,Max,-90.81427145861251,1.498151498250853,3.127653255255357,0.1646396576869479,3.680622302622329,1.8529473861618204
1,1.8519794833411192,BAO KT,Max,-90.81427145861251,1.498151498250853,3.127653255255357,0.1646396576869479,-1.006321273072627,0.2452421263359427
1,3.7039589666822383,BAO KT,Max,-90.81427145861251,1.498151498250853,3.127653255255357,0.1646396576869479,15.040763300095458,70.38567614971024
1,0.0,BAO KT,Min,-214.82065850155806,-38.193318450972335,-8.90790873855297,-0.5172804914680311,-17.953765146454884,-71.18539789226159
1,1.8519794833411192,BAO KT,Min,-214.82065850155806,-38.193318450972335,-8.90790873855297,-0.5172804914680311,-2.3346684587617457,-1.4569315101333573
1,3.7039589666822383,BAO KT,Min,-214.82065850155806,-38.193318450972335,-8.90790873855297,-0.5172804914680311,-7.904077016853641,-3.696144289232856
2,0.0,BAO KT,Max,-82.98972365716386,1.6967069585786323,3.1106404245585493,0.1795213674350989,3.753765187822923,2.061352422679871
2,1.8519794833411192,BAO KT,Max,-82.98972365716386,1.6967069585786323,3.1106404245585493,0.1795213674350989,-0.9006092389023038,-0.37308078032992736
2,3.7039589666822383,BAO KT,Max,-82.98972365716386,1.6967069585786323,3.1106404245585493,0.1795213674350989,16.285589913113625,58.28720480283102
2,0.0,BAO KT,Min,-196.54271328065232,-31.798190987194733,-9.418393933553453,-0.4043778226829239,-18.599754748817283,-59.49198982846325
2,1.8519794833411192,BAO KT,Min,-196.54271328065232,-31.798190987194733,-9.418393933553453,-0.4043778226829239,-2.126395950002774,-1.3315958994784465
2,3.7039589666822383,BAO KT,Min,-196.54271328065232,-31.798190987194733,-9.418393933553453,-0.4043778226829239,-7.767919304844961,-4.2231805303796035
3,0.0,BAO KT,Max,-84.83656230317226,-0.34464053505714476,3.4269635758861994,0.15596552670050942,4.293183907226,-0.1690657614800215
3,1.8519794833411192,BAO KT,Max,-84.83656230317226,-0.34464053505714476,3.4269635758861994,0.15596552670050942,-0.9243052961935805,1.5545731186506926
3,3.7039589666822383,BAO KT,Max,-84.83656230317226,-0.34464053505714476,3.4269635758861994,0.15596552670050942,16.264987744817883,43.42493980412852
3,0.0,BAO KT,Min,-199.60661374819176,-22.66420700574622,-9.366044551316655,-0.28031108404924804,-18.426456953376768,-40.5223529575476
3,1.8519794833411192,BAO KT,Min,-199.60661374819176,-22.66420700574622,-9.366044551316655,-0.28031108404924804,-2.1752089193910953,0.3649259159366425
3,3.7039589666822383,BAO KT,Min,-199.60661374819176,-22.66420700574622,-9.366044551316655,-0.28031108404924804,-8.400148558171114,1.1074686386270542
4,0.0,BAO KT,Max,-99.0092292137634,0.22340005640305538,3.848689295753948,0.15854845614573554,4.835526297591188,0.4508630522958591
4,1.8519794833411192,BAO KT,Max,-99.0092292137634,0.22340005640305538,3.848689295753948,0.15854845614573554,-1.0737124230830724,0.2311202330389901
4,3.7039589666822383,BAO KT,Max,-99.0092292137634,0.22340005640305538,3.848689295753948,0.15854845614573554,15.397555472777006,29.11188160319553
4,0.0,BAO KT,Min,-229.29457335232757,-15.70553608985189,-8.95472244433654,-0.21423577942719738,-17.770369019074007,-29.060779623362883
4,1.8519794833411192,BAO KT,Min,-229.29457335232757,-15.70553608985189,-8.95472244433654,-0.21423577942719738,-2.336492784810731,-0.04981403350925216
4,3.7039589666822383,BAO KT,Min,-229.29457335232757,-15.70553608985189,-8.95472244433654,-0.21423577942719738,-9.419860929390596,-0.3766015897755557
5,0.0,BAO KT,Max,-100.54580594013142,1.2521725153402141,4.044154651071538,0.14907297882270426,5.121438134612015,1.551559182997487
5,1.8519794833411192,BAO KT,Max,-100.54580594013142,1.2521725153402141,4.044154651071538,0.14907297882270426,-1.1117282832049133,-0.005632980982060856
5,3.7039589666822383,BAO KT,Max,-100.54580594013142,1.2521725153402141,4.044154651071538,0.14907297882270426,14.642736861538712,18.909102368974615
5,0.0,BAO KT,Min,-231.68296088331783,-10.247548811341733,-8.56004262092626,-0.15791767443983135,-17.06330975942324,-19.04739793730851
5,1.8519794833411192,BAO KT,Min,-231.68296088331783,-10.247548811341733,-8.56004262092626,-0.15791767443983135,-2.396401440219055,-0.8356722736426158
5,3.7039589666822383,BAO KT,Min,-231.68296088331783,-10.247548811341733,-8.56004262092626,-0.15791767443983135,-9.857944747874084,-3.086436433029951
6,0.0,BAO KT,Max,-99.62345413576625,0.2809687554420416,4.086405321465134,0.13810944196423655,5.235899204192208,0.5064829701143485
6,1.8519794833411192,BAO KT,Max,-99.62345413576625,0.2809687554420416,4.086405321465134,0.13810944196423655,-1.1052031566412583,0.7439081026669672
6,3.7039589666822383,BAO KT,Max,-99.62345413576625,0.2809687554420416,4.086405321465134,0.13810944196423655,13.918356189087367,11.246454157884768
6,0.0,BAO KT,Min,-229.98030737928318,-5.693942341252975,-8.16133365315589,-0.10002910376634536,-16.3108887756049,-9.843674632770846
6,1.8519794833411192,BAO KT,Min,-229.98030737928318,-5.693942341252975,-8.16133365315589,-0.10002910376634536,-2.3705301294599224,-0.057356356409492555
6,3.7039589666822383,BAO KT,Min,-229.98030737928318,-5.693942341252975,-8.16133365315589,-0.10002910376634536,-9.89997842774659,-0.5342137709627505
7,0.0,BAO KT,Max,-100.00304318815316,1.0265726133045059,4.1078584020754025,0.12916630517508873,5.328021081598045,1.6051952649212669
7,1.8519794833411192,BAO KT,Max,-100.00304318815316,1.0265726133045059,4.1078584020754025,0.12916630517508873,-1.1073304502577561,0.012696397712676367
7,3.7039589666822383,BAO KT,Max,-100.00304318815316,1.0265726133045059,4.1078584020754025,0.12916630517508873,13.058185651272588,0.0036624105201147027
7,0.0,BAO KT,Min,-229.70395047792078,0.0009458377997169226,-7.68799533571743,-0.03741394307670905,-15.417833608269213,0.0071657549194031975
7,1.8519794833411192,BAO KT,Min,-229.70395047792078,0.0009458377997169226,-7.68799533571743,-0.03741394307670905,-2.350025025790191,-0.29838637166160326
7,3.7039589666822383,BAO KT,Min,-229.70395047792078,0.0009458377997169226,-7.68799533571743,-0.03741394307670905,-9.887317880630112,-2.197187571078376
8,0.0,BAO KT,Max,-101.16088976364898,6.788929697931583,4.170713264717729,0.17373334231347448,5.455469410212269,11.872793884593724
8,1.8519794833411192,BAO KT,Max,-101.16088976364898,6.788929697931583,4.170713264717729,0.17373334231347448,-1.1160237285221704,0.3995275235620288
8,3.7039589666822383,BAO KT,Max,-101.16088976364898,6.788929697931583,4.170713264717729,0.17373334231347448,11.994856345802436,1.2107405663247097
8,0.0,BAO KT,Min,-230.53660702932333,-0.45665544657337015,-7.1076200960593825,0.008894531130100154,-14.331476840767586,-0.48069246969500645
8,1.8519794833411192,BAO KT,Min,-230.53660702932333,-0.45665544657337015,-7.1076200960593825,0.008894531130100154,-2.3603787317826583,-0.7346681050679685
8,3.7039589666822383,BAO KT,Min,-230.53660702932333,-0.45665544657337015,-7.1076200960593825,0.008894531130100154,-9.992681384099514,-13.273123144235306
9,0.0,BAO KT,Max,-101.06641309734101,11.519206828256026,4.2815436001425216,0.22576243880781793,5.608448562591879,21.048241560880484
9,1.8519794833411192,BAO KT,Max,-101.06641309734101,11.519206828256026,4.2815436001425216,0.22576243880781793,-1.1118445660043266,0.8366143089550955
9,3.7039589666822383,BAO KT,Max,-101.06641309734101,11.519206828256026,4.2815436001425216,0.22576243880781793,10.725249357449657,2.5831046452365727
9,0.0,BAO KT,Min,-232.09892213396154,-0.979256228023927,-6.417007548519937,0.007674097259859915,-13.043083291158371,-1.0440202412320783
9,1.8519794833411192,BAO KT,Min,-232.09892213396154,-0.979256228023927,-6.417007548519937,0.007674097259859915,-2.36705115325152,-0.352165256365449
9,3.7039589666822383,BAO KT,Min,-232.09892213396154,-0.979256228023927,-6.417007548519937,0.007674097259859915,-10.250213246396967,-21.618427859705687
10,0.0,BAO KT,Max,-99.36591802904499,16.639839394441143,4.307900042099294,0.2801575763444807,5.663248001369873,30.67761759280023
10,1.8519794833411192,BAO KT,Max,-99.36591802904499,16.639839394441143,4.307900042099294,0.2801575763444807,-1.0686447543859643,0.2413532244459245
10,3.7039589666822383,BAO KT,Max,-99.36591802904499,16.639839394441143,4.307900042099294,0.2801575763444807,9.379371374830663,0.5053478143200912
10,0.0,BAO KT,Min,-229.5353819013942,-0.1906121252256098,-5.66377313669423,0.0073393491248109006,-11.599011920081916,-0.20067167606766392
10,1.8519794833411192,BAO KT,Min,-229.5353819013942,-0.1906121252256098,-5.66377313669423,0.0073393491248109006,-2.3510352485252235,-0.22803872711578946
10,3.7039589666822383,BAO KT,Min,-229.5353819013942,-0.1906121252256098,-5.66377313669423,0.0073393491248109006,-10.293036987134599,-30.955664736392386
11,0.0,BAO KT,Max,-84.26320355741414,23.693046118652056,4.093352490916098,0.34123809688920204,5.457024588054474,42.45454840502278
11,1.8519794833411192,BAO KT,Max,-84.26320355741414,23.693046118652056,4.093352490916098,0.34123809688920204,-0.935216895397279,-0.35727704114289094
11,3.7039589666822383,BAO KT,Max,-84.26320355741414,23.693046118652056,4.093352490916098,0.34123809688920204,9.066950050329526,-1.6793744253796736
11,0.0,BAO KT,Min,-199.83957609719604,0.6425529623393159,-5.429470232397183,0.00744305409525457,-11.043584901292316,0.7006153810452704
11,1.8519794833411192,BAO KT,Min,-199.83957609719604,0.6425529623393159,-5.429470232397183,0.00744305409525457,-2.1318284123997713,-1.5277369852392488
11,3.7039589666822383,BAO KT,Min,-199.83957609719604,0.6425529623393159,-5.429470232397183,0.00744305409525457,-9.704585074465287,-45.30352221417431
12,0.0,BAO KT,Max,-83.5680691197987,32.555872962314645,4.506120339691257,0.4489225236094066,6.381481559479653,60.90439925074599
12,1.8519794833411192,BAO KT,Max,-83.5680691197987,32.555872962314645,4.506120339691257,0.4489225236094066,-0.8669978626718746,1.016866097759413
12,3.7039589666822383,BAO KT,Max,-83.5680691197987,32.555872962314645,4.506120339691257,0.4489225236094066,6.768359685580329,2.6768937307327354
12,0.0,BAO KT,Min,-195.9071764320868,-1.0176552876718767,-4.2086008869440725,0.012380179026295715,-8.820125306802991,-1.0924596970311051
12,1.8519794833411192,BAO KT,Min,-195.9071764320868,-1.0176552876718767,-4.2086008869440725,0.012380179026295715,-2.064951083248908,0.3918746284277398
12,3.7039589666822383,BAO KT,Min,-195.9071764320868,-1.0176552876718767,-4.2086008869440725,0.012380179026295715,-10.309003277668992,-59.6812183261872
13,0.0,BAO KT,Max,-93.00509876114378,40.690923412393545,5.146213034433254,0.5686050066356584,7.49554254068245,74.46430087582962
13,1.8519794833411192,BAO KT,Max,-93.00509876114378,40.690923412393545,5.146213034433254,0.5686050066356584,-0.9723166625188346,1.1147127841043354
13,3.7039589666822383,BAO KT,Max,-93.00509876114378,40.690923412393545,5.146213034433254,0.5686050066356584,4.086727635467355,2.0760482683043344
13,0.0,BAO KT,Min,-211.21785053483538,-0.7881886658183495,-2.903585392290924,0.011283772988142385,-6.668033513836176,-0.843370207890851
13,1.8519794833411192,BAO KT,Min,-211.21785053483538,-0.7881886658183495,-2.903585392290924,0.011283772988142385,-2.3534746926561567,-1.392828196025615
13,3.7039589666822383,BAO KT,Min,-211.21785053483538,-0.7881886658183495,-2.903585392290924,0.011283772988142385,-11.565819372663611,-76.25320976008567
14,0.0,BAO KT,Max,-59.91334155832658,19.3282198673801,3.614192779925091,0.3954068273662483,8.490246534757441,41.092531066624744
14,2.0941109474021062,BAO KT,Max,-59.91334155832658,19.3282198673801,3.614192779925091,0.3954068273662483,1.879496989880777,1.4306504199291328
14,4.1882218948042125,BAO KT,Max,-59.91334155832658,19.3282198673801,3.614192779925091,0.3954068273662483,7.070684717176723,4.746411663787902
14,0.0,BAO KT,Min,-203.77645740896727,-1.8023431401366266,-2.538540269573965,-0.2665394001124467,-3.5612852206951446,-2.8022013376824946
14,2.0941109474021062,BAO KT,Min,-203.77645740896727,-1.8023431401366266,-2.538540269573965,-0.2665394001124467,0.8029356581136079,0.1494040940337849
14,4.1882218948042125,BAO KT,Min,-203.77645740896727,-1.8023431401366266,-2.538540269573965,-0.2665394001124467,-6.646794798168127,-39.85834256952635
15,0.0,BAO KT,Max,17.52108036237214,0.7735145205475207,3.7939431424971284,0.06187873016334071,4.413610066439222,0.0422748265324665
15,1.6113294233320945,BAO KT,Max,17.52108036237214,0.7735145205475207,3.7939431424971284,0.06187873016334071,-0.6718398492793435,-0.16268343791472262
15,3.222658846664189,BAO KT,Max,17.52108036237214,0.7735145205475207,3.7939431424971284,0.06187873016334071,9.209154115084983,62.07915020970325
15,0.0,BAO KT,Min,-147.8300672900059,-39.02433786482673,-6.32968645779556,-0.7091452419735773,-11.189265944740391,-63.6829774455929
15,1.6113294233320945,BAO KT,Min,-147.8300672900059,-39.02433786482673,-6.32968645779556,-0.7091452419735773,-2.1781867024782104,-1.8157080111100292
15,3.222658846664189,BAO KT,Min,-147.8300672900059,-39.02433786482673,-6.32968645779556,-0.7091452419735773,-7.812974365470081,-2.4504985861332096
16,0.0,BAO KT,Max,14.383473411647532,0.8775926357124024,-0.008050580126153839,0.6562407859881769,0.7715947069988496,0.18647539853935258
16,1.611329423332087,BAO KT,Max,14.383473411647532,0.8775926357124024,-0.008050580126153839,0.6562407859881769,1.9363417601960542,-0.16240228400142795
16,3.222658846664174,BAO KT,Max,14.383473411647532,0.8775926357124024,-0.008050580126153839,0.6562407859881769,9.476812173368298,62.3829441356693
16,0.0,BAO KT,Min,-148.2471369173005,-39.31133429949496,-4.714383765768219,0.11244866652761736,-5.716038375954615,-64.30407511877091
16,1.611329423332087,BAO KT,Min,-148.2471369173005,-39.31133429949496,-4.714383765768219,0.11244866652761736,0.7086808894547115,-1.8612829867939293
16,3.222658846664174,BAO KT,Min,-148.2471369173005,-39.31133429949496,-4.714383765768219,0.11244866652761736,0.7975389802631778,-2.6417062727065503
17,0.0,BAO KT,Max,-58.9079316017981,19.315664094008284,3.191153468283732,0.31710030703021064,4.91050473831496,41.06368756524486
17,2.094110947402099,BAO KT,Max,-58.9079316017981,19.315664094008284,3.191153468283732,0.31710030703021064,-0.8228188853379463,1.4603156385771663
17,4.188221894804198,BAO KT,Max,-58.9079316017981,19.315664094008284,3.191153468283732,0.31710030703021064,-0.11253034547118468,4.887962814878319
17,0.0,BAO KT,Min,-206.1218211379158,-1.8634404940243836,-0.3406973385412386,-0.23477365577384862,-1.5394463982511184,-2.9165394618593563
17,2.094110947402099,BAO KT,Min,-206.1218211379158,-1.8634404940243836,-0.3406973385412386,-0.23477365577384862,-1.786408496262307,0.14566712336844542
17,4.188221894804198,BAO KT,Min,-206.1218211379158,-1.8634404940243836,-0.3406973385412386,-0.23477365577384862,-8.454754087231322,-39.83459970596392
18,0.0,BAO KT,Max,-78.07270172296951,0.41280993805713667,0.6845345981053617,0.06283180940309936,1.9970008003589075,1.3223323317909241
18,4.362872340483968,BAO KT,Max,-78.07270172296951,0.41280993805713667,0.6845345981053617,0.06283180940309936,-0.11639651485051258,0.11441899583752743
18,8.725744680967937,BAO KT,Max,-78.07270172296951,0.41280993805713667,0.6845345981053617,0.06283180940309936,5.94544701941902,16.31631774993629
18,0.0,BAO KT,Min,-173.6069680589281,-3.753323299644822,-1.439932249689787,-0.164983692551853,-6.619034149265834,-16.434223067892546
18,4.362872340483968,BAO KT,Min,-173.6069680589281,-3.753323299644822,-1.439932249689787,-0.164983692551853,-0.989536263819285,-0.6510053663076966
18,8.725744680967937,BAO KT,Min,-173.6069680589281,-3.753323299644822,-1.439932249689787,-0.164983692551853,-3.976073327997477,-2.2797417894618395
19,0.0,BAO KT,Max,-75.14255821697121,0.4366695856023126,0.7182665699337285,0.06837610521227613,2.1076843468222357,1.3885821164772354
19,4.362872340483968,BAO KT,Max,-75.14255821697121,0.4366695856023126,0.7182665699337285,0.06837610521227613,-0.18656300847390156,-0.1441549968398776
19,8.725744680967937,BAO KT,Max,-75.14255821697121,0.4366695856023126,0.7182665699337285,0.06837610521227613,6.023102248501244,13.181566999673402
19,0.0,BAO KT,Min,-162.44645298374041,-3.071127332399112,-1.4606768276731419,-0.14212941379032276,-6.722390811180793,-13.616305985583399
19,4.362872340483968,BAO KT,Min,-162.44645298374041,-3.071127332399112,-1.4606768276731419,-0.14212941379032276,-1.0260210042359221,-0.5897660365928115
19,8.725744680967937,BAO KT,Min,-162.44645298374041,-3.071127332399112,-1.4606768276731419,-0.14212941379032276,-4.15972635529408,-2.421685197432617
20,0.0,BAO KT,Max,-75.40050085414092,-0.03675936962733786,0.685298591609882,0.06481020924446151,2.04465316540002,0.036182276344945086
20,4.362872340483968,BAO KT,Max,-75.40050085414092,-0.03675936962733786,0.685298591609882,0.06481020924446151,-0.21189775888145262,0.6728720313917591
20,8.725744680967937,BAO KT,Max,-75.40050085414092,-0.03675936962733786,0.685298591609882,0.06481020924446151,6.010497713102839,11.70734902443419
20,0.0,BAO KT,Min,-162.50768778784592,-2.53027386445288,-1.4582704544400227,-0.10327056160612515,-6.713997948139886,-10.371174689707711
20,4.362872340483968,BAO KT,Min,-162.50768778784592,-2.53027386445288,-1.4582704544400227,-0.10327056160612515,-0.9452171049073536,0.1907854686795961
20,8.725744680967937,BAO KT,Min,-162.50768778784592,-2.53027386445288,-1.4582704544400227,-0.10327056160612515,-3.935087375214726,0.35693515034642276
21,0.0,BAO KT,Max,-83.92593966077581,0.08314690597860733,0.7911759967953259,0.06424180386277833,2.359295159800512,0.3800882509583993
21,4.362872340483968,BAO KT,Max,-83.92593966077581,0.08314690597860733,0.7911759967953259,0.06424180386277833,-0.13887368890185925,0.19426980220801662
21,8.725744680967937,BAO KT,Max,-83.92593966077581,0.08314690597860733,0.7911759967953259,0.06424180386277833,6.05317636242465,7.23382012140235
21,0.0,BAO KT,Min,-184.2995012111422,-1.630009974875191,-1.4607897237866303,-0.08152274369765568,-6.693301799919162,-6.989230746789526
21,4.362872340483968,BAO KT,Min,-184.2995012111422,-1.630009974875191,-1.4607897237866303,-0.08152274369765568,-1.0925047130726482,0.017328914667512258
21,8.725744680967937,BAO KT,Min,-184.2995012111422,-1.630009974875191,-1.4607897237866303,-0.08152274369765568,-4.544304585945808,-0.3454304216233748
22,0.0,BAO KT,Max,-85.46399083922917,0.3089060992365551,0.8304349584020325,0.061804382174634714,2.482943456117391,1.0182736552960552
22,4.362872340483968,BAO KT,Max,-85.46399083922917,0.3089060992365551,0.8304349584020325,0.061804382174634714,-0.1484664432021819,0.004194478509566186
22,8.725744680967937,BAO KT,Max,-85.46399083922917,0.3089060992365551,0.8304349584020325,0.061804382174634714,5.906033496127481,4.43599487088557
22,0.0,BAO KT,Min,-189.03993001354948,-1.0180896161869926,-1.428242334235896,-0.060345340654976536,-6.55644445496462,-4.447595182306769
22,4.362872340483968,BAO KT,Min,-189.03993001354948,-1.0180896161869926,-1.428242334235896,-0.060345340654976536,-1.1401382544657916,-0.33426399001251933
22,8.725744680967937,BAO KT,Min,-189.03993001354948,-1.0180896161869926,-1.428242334235896,-0.060345340654976536,-4.763219965048975,-1.677162097035869
23,0.0,BAO KT,Max,-85.0536737075847,0.09788480441106265,0.8254445468964434,0.05865521082326903,2.480072412279036,0.4187356372965562
23,4.362872340483968,BAO KT,Max,-85.0536737075847,0.09788480441106265,0.8254445468964434,0.05865521082326903,-0.15849100521447837,0.3254959287861827
23,8.725744680967937,BAO KT,Max,-85.0536737075847,0.09788480441106265,0.8254445468964434,0.05865521082326903,5.736539812849733,3.3789679292136126
23,0.0,BAO KT,Min,-186.6392686847847,-0.7017201749087272,-1.3897838629048032,-0.03832613913158328,-6.390359336586925,-2.7440631545241043
23,4.362872340483968,BAO KT,Min,-186.6392686847847,-0.7017201749087272,-1.3897838629048032,-0.03832613913158328,-1.1212367699787789,-0.0786193265270379
23,8.725744680967937,BAO KT,Min,-186.6392686847847,-0.7017201749087272,-1.3897838629048032,-0.03832613913158328,-4.722545952236594,-0.43538217414086056
24,0.0,BAO KT,Max,-84.66357795736192,0.14857935231401215,0.7345953027706169,0.0559655501223002,2.232811335717285,0.5605127109644095
24,4.362872340483968,BAO KT,Max,-84.66357795736192,0.14857935231401215,0.7345953027706169,0.0559655501223002,-0.16592347892454556,0.011650789784650445
24,8.725744680967937,BAO KT,Max,-84.66357795736192,0.14857935231401215,0.7345953027706169,0.0559655501223002,5.561133595310099,0.011982916944854665
24,0.0,BAO KT,Min,-180.98342452138985,-0.0006055680737025422,-1.3480361753901111,-0.015059469207309458,-6.201485891852524,0.006698884546780707
24,4.362872340483968,BAO KT,Min,-180.98342452138985,-0.0006055680737025422,-1.3480361753901111,-0.015059469207309458,-0.9721341921900861,-0.09663688444950477
24,8.725744680967937,BAO KT,Min,-180.98342452138985,-0.0006055680737025422,-1.3480361753901111,-0.015059469207309458,-4.177079720097457,-0.7359527821912433
25,0.0,BAO KT,Max,-84.69558862751927,0.7747749422033966,0.6849402118815213,0.0724662750217085,2.1021999969367537,3.0627251232778967
25,4.362872340483968,BAO KT,Max,-84.69558862751927,0.7747749422033966,0.6849402118815213,0.0724662750217085,-0.17835841530050223,0.1626525047142818
25,8.725744680967937,BAO KT,Max,-84.69558862751927,0.7747749422033966,0.6849402118815213,0.0724662750217085,5.35288409041784,0.5879694824755413
25,0.0,BAO KT,Min,-181.46368425173117,-0.09797483285056319,-1.2980014041377226,0.0039309225408133835,-5.973144757625805,-0.26693389413898316
25,4.362872340483968,BAO KT,Min,-181.46368425173117,-0.09797483285056319,-1.2980014041377226,0.0039309225408133835,-0.8861067083663647,-0.31972381221015267
25,8.725744680967937,BAO KT,Min,-181.46368425173117,-0.09797483285056319,-1.2980014041377226,0.0039309225408133835,-3.874413413669483,-3.697763207600632
26,0.0,BAO KT,Max,-85.21148285366701,1.1922635852238372,0.8010337809474218,0.09202816196662966,2.4375341299292472,5.051035962105539
26,4.362872340483968,BAO KT,Max,-85.21148285366701,1.1922635852238372,0.8010337809474218,0.09202816196662966,-0.16026450536534528,0.3377993290501704
26,8.725744680967937,BAO KT,Max,-85.21148285366701,1.1922635852238372,0.8010337809474218,0.09202816196662966,5.264495590489969,1.218071474144492
26,0.0,BAO KT,Min,-185.49914214893957,-0.20524801243983756,-1.2464565449421665,0.003204234930687483,-5.679487290473437,-0.5728702786816614
26,4.362872340483968,BAO KT,Min,-185.49914214893957,-0.20524801243983756,-1.2464565449421665,0.003204234930687483,-1.0572739967595532,-0.16585658775254605
26,8.725744680967937,BAO KT,Min,-185.49914214893957,-0.20524801243983756,-1.2464565449421665,0.003204234930687483,-4.552082123448354,-5.3523516749731215
27,0.0,BAO KT,Max,-83.95455911529525,1.7045454721998752,0.8654431931050734,0.11204368985514027,2.62547176893327,7.377345479693618
27,4.362872340483968,BAO KT,Max,-83.95455911529525,1.7045454721998752,0.8654431931050734,0.11204368985514027,-0.14087615991575475,0.02804771732156853
27,8.725744680967937,BAO KT,Max,-83.95455911529525,1.7045454721998752,0.8654431931050734,0.11204368985514027,5.179453317125687,0.03868065588375674
27,0.0,BAO KT,Min,-187.14534608710056,-0.004679862421478276,-1.2253557626596412,0.0034051851608721167,-5.512688211195086,-0.0021546287481190307
27,4.362872340483968,BAO KT,Min,-187.14534608710056,-0.004679862421478276,-1.2253557626596412,0.0034051851608721167,-1.1503464005249806,-0.13190244271781423
27,8.725744680967937,BAO KT,Min,-187.14534608710056,-0.004679862421478276,-1.2253557626596412,0.0034051851608721167,-4.926164569983231,-7.558832032722085
28,0.0,BAO KT,Max,-75.57097378165999,2.5893258853635053,0.8781467084152687,0.1323850373379286,2.6669316299405703,10.646881563439875
28,4.362872340483968,BAO KT,Max,-75.57097378165999,2.5893258853635053,0.8781467084152687,0.1323850373379286,-0.20909964327229924,-0.19112408094891198
28,8.725744680967937,BAO KT,Max,-75.57097378165999,2.5893258853635053,0.8781467084152687,0.1323850373379286,4.720814474016198,-1.1551453642169471
28,0.0,BAO KT,Min,-170.16955901107136,0.20612064980098396,-1.137449700571828,0.0036671583454776784,-5.204281200617005,0.5943498405317171
28,4.362872340483968,BAO KT,Min,-170.16955901107136,0.20612064980098396,-1.137449700571828,0.0036671583454776784,-1.1643103550914462,-0.65957981415971
28,8.725744680967937,BAO KT,Min,-170.16955901107136,0.20612064980098396,-1.137449700571828,0.0036671583454776784,-4.995552340123462,-11.946915008063323
29,0.0,BAO KT,Max,-74.6522497478128,3.1947247090276836,0.7451840451445515,0.16930728104965118,2.3898575133474713,14.140038508576593
29,4.362872340483968,BAO KT,Max,-74.6522497478128,3.1947247090276836,0.7451840451445515,0.16930728104965118,-0.1941815238192966,0.3425780004589061
29,8.725744680967937,BAO KT,Max,-74.6522497478128,3.1947247090276836,0.7451840451445515,0.16930728104965118,4.293599371787024,1.1071126744595179
29,0.0,BAO KT,Min,-158.49343235770544,-0.18628101018810356,-1.033763606208989,0.0049448732109960035,-4.726757916469294,-0.5183278593546605
29,4.362872340483968,BAO KT,Min,-158.49343235770544,-0.18628101018810356,-1.033763606208989,0.0049448732109960035,-0.8836830943054876,0.15403647146351193
29,8.725744680967937,BAO KT,Min,-158.49343235770544,-0.18628101018810356,-1.033763606208989,0.0049448732109960035,-4.11242820491477,-13.736313628378559
30,0.0,BAO KT,Max,-78.40708337631621,4.181746006140954,0.7360158315144326,0.19521307890024242,2.440233923387125,17.75618225797367
30,4.362872340483968,BAO KT,Max,-78.40708337631621,4.181746006140954,0.7360158315144326,0.19521307890024242,-0.14979506433442813,0.456650276595155
30,8.725744680967937,BAO KT,Max,-78.40708337631621,4.181746006140954,0.7360158315144326,0.19521307890024242,4.138677137345432,1.2371159960208737
30,0.0,BAO KT,Min,-167.9695210499701,-0.2083547440347693,-0.9829671295066029,0.004564642782944285,-4.438443064513129,-0.5809343034949505
30,4.362872340483968,BAO KT,Min,-167.9695210499701,-0.2083547440347693,-0.9829671295066029,0.004564642782944285,-0.8888893650927325,-0.6168011574801917
30,8.725744680967937,BAO KT,Min,-167.9695210499701,-0.2083547440347693,-0.9829671295066029,0.004564642782944285,-4.015698102675913,-18.73266571226967
31,0.0,BAO KT,Max,-63.23561403500984,2.220522899493577,0.8399764284529931,0.18786519146969166,4.254801919360271,10.407226493464297
31,4.627375418873466,BAO KT,Max,-63.23561403500984,2.220522899493577,0.8399764284529931,0.18786519146969166,0.9599438775011868,0.5319933648960087
31,9.254750837746933,BAO KT,Max,-63.23561403500984,2.220522899493577,0.8399764284529931,0.18786519146969166,3.7515723327173496,2.520142878654555
31,0.0,BAO KT,Min,-168.90896051143628,-0.44590941343937074,-0.6057793973447214,-0.07467543908637711,-1.898730855296459,-1.6066376389327044
31,4.627375418873466,BAO KT,Min,-168.90896051143628,-0.44590941343937074,-0.6057793973447214,-0.07467543908637711,0.3509972795861376,0.03841500989233341
31,9.254750837746933,BAO KT,Min,-168.90896051143628,-0.44590941343937074,-0.6057793973447214,-0.07467543908637711,-3.5189706355527437,-10.143159670860133
32,0.0,BAO KT,Max,-23.932736777216,0.19793258562368696,0.7078225048463839,0.018445290867835445,1.9541660387534163,0.29450419677671463
32,4.106430630349877,BAO KT,Max,-23.932736777216,0.19793258562368696,0.7078225048463839,0.018445290867835445,-0.33358319312571494,-0.051936805462891554
32,8.212861260699754,BAO KT,Max,-23.932736777216,0.19793258562368696,0.7078225048463839,0.018445290867835445,4.314904367400875,13.791788610811572
32,0.0,BAO KT,Min,-137.00498455448675,-3.396650508571974,-1.1395978010997787,-0.26837377376230587,-5.0444542660301215,-14.104430767175307
32,4.106430630349877,BAO KT,Min,-137.00498455448675,-3.396650508571974,-1.1395978010997787,-0.26837377376230587,-1.021187390820283,-0.6219736725481336
32,8.212861260699754,BAO KT,Min,-137.00498455448675,-3.396650508571974,-1.1395978010997787,-0.26837377376230587,-3.904216631538274,-1.3310886679222012
33,0.0,BAO KT,Max,-22.46778780061971,0.17455213015949478,0.6264231014020736,0.2440041091176181,2.9167184997125983,0.20995091698867507
33,4.106430630349829,BAO KT,Max,-22.46778780061971,0.17455213015949478,0.6264231014020736,0.2440041091176181,1.0807927077831947,-0.053297806752863476
33,8.212861260699658,BAO KT,Max,-22.46778780061971,0.17455213015949478,0.6264231014020736,0.2440041091176181,4.734746461679122,14.195163206793653
33,0.0,BAO KT,Min,-137.49098897880592,-3.4951140887476897,-0.8898126092500545,0.05021224196403248,-2.5731610461127326,-14.509723894407834
33,4.106430630349829,BAO KT,Min,-137.49098897880592,-3.4951140887476897,-0.8898126092500545,0.05021224196403248,0.3275485778377154,-0.6088499503042355
33,8.212861260699658,BAO KT,Min,-137.49098897880592,-3.4951140887476897,-0.8898126092500545,0.05021224196403248,-2.2280075225998246,-1.223621510770844
34,0.0,BAO KT,Max,-63.67962477432471,2.298723468309644,0.7809530804528201,0.10293404080382865,2.5176520109449765,10.765289807149962
34,4.627375418873427,BAO KT,Max,-63.67962477432471,2.298723468309644,0.7809530804528201,0.10293404080382865,-0.354238202557679,0.5146211783337868
34,9.254750837746855,BAO KT,Max,-63.67962477432471,2.298723468309644,0.7809530804528201,0.10293404080382865,1.774863548897322,2.3794479436245126
34,0.0,BAO KT,Min,-170.65438915253955,-0.41870188789147805,-0.46381406875867914,-0.14006365979168175,-2.5176200925058407,-1.4955337041053336
34,4.627375418873427,BAO KT,Min,-170.65438915253955,-0.41870188789147805,-0.46381406875867914,-0.14006365979168175,-1.0961110768358853,0.032979806630406
34,9.254750837746855,BAO KT,Min,-170.65438915253955,-0.41870188789147805,-0.46381406875867914,-0.14006365979168175,-4.709874164616747,-10.508823136937071
35,0.0,BAO KT,Max,248.86032258027896,1.532225975373769,63.130489954698575,0.5938351179405342,40.80300704306995,0.03651964491642775
35,0.658913373801731,BAO KT,Max,248.86032258027896,1.532225975373769,63.130489954698575,0.5938351179405342,2.877445123966967,1.3164925330407007
35,1.317826747603462,BAO KT,Max,248.86032258027896,1.532225975373769,63.130489954698575,0.5938351179405342,29.369759094369407,209.32542419818142
35,0.0,BAO KT,Min,73.06048068421627,-326.3442597136409,-44.994605427681975,-0.6089021275115567,-30.728719362227793,-220.73977017930542
35,0.658913373801731,BAO KT,Min,73.06048068421627,-326.3442597136409,-44.994605427681975,-0.6089021275115567,-3.5601943513478362,-6.277818097737873
35,1.317826747603462,BAO KT,Min,73.06048068421627,-326.3442597136409,-44.994605427681975,-0.6089021275115567,-43.33050734368826,-2.126288640289981
36,0.0,BAO KT,Max,255.42579042488984,-1.5791726541712672,51.2587200746577,0.6102419812064425,33.04370175211663,0.02821923002879772
36,0.658913373801731,BAO KT,Max,255.42579042488984,-1.5791726541712672,51.2587200746577,0.6102419812064425,3.283712878810022,1.7121757336006591
36,1.317826747603462,BAO KT,Max,255.42579042488984,-1.5791726541712672,51.2587200746577,0.6102419812064425,26.400561794010127,183.38134762164555
36,0.0,BAO KT,Min,104.79550488701284,-279.512310337633,-38.3988901567973,-0.6322674787104643,-24.20252273290465,-184.96745122572688
36,0.658913373801731,BAO KT,Min,104.79550488701284,-279.512310337633,-38.3988901567973,-0.6322674787104643,-2.210900859585727,-0.79305180204067
36,1.317826747603462,BAO KT,Min,104.79550488701284,-279.512310337633,-38.3988901567973,-0.6322674787104643,-35.328419000814485,2.048405132285567
37,0.0,BAO KT,Max,-74.8457723981246,0.1481618603505255,0.3324183061834073,0.029754691935337002,2.016185065988676,0.9772677317274885
37,9.154836626198271,BAO KT,Max,-74.8457723981246,0.1481618603505255,0.3324183061834073,0.029754691935337002,-0.08867182099052073,-0.022182124944980314
37,18.309673252396543,BAO KT,Max,-74.8457723981246,0.1481618603505255,0.3324183061834073,0.029754691935337002,1.6049114004864813,3.8888629773305707
37,0.0,BAO KT,Min,-158.86848465811318,-0.4318854342560432,-0.21518900087507759,-0.0398872622372462,-2.335128893045863,-4.018818206366969
37,9.154836626198271,BAO KT,Min,-158.86848465811318,-0.4318854342560432,-0.21518900087507759,-0.0398872622372462,-1.0270502186779726,-0.4194399192687012
37,18.309673252396543,BAO KT,Min,-158.86848465811318,-0.4318854342560432,-0.21518900087507759,-0.0398872622372462,-4.070285503344621,-1.7355275197578404
38,0.0,BAO KT,Max,-69.97750065582655,0.15590535866228641,0.2936173972497407,0.03106322131279659,1.7832550178937647,1.02362340155966
38,9.154836626198271,BAO KT,Max,-69.97750065582655,0.15590535866228641,0.2936173972497407,0.03106322131279659,-0.00711279191064617,-0.10957432016527503
38,18.309673252396543,BAO KT,Max,-69.97750065582655,0.15590535866228641,0.2936173972497407,0.03106322131279659,1.855125827343164,3.039097637848473
38,0.0,BAO KT,Min,-147.48176569320938,-0.3460050068402613,-0.2325361471323756,-0.0412362652225171,-2.4445300090074262,-3.296140981089942
38,9.154836626198271,BAO KT,Min,-147.48176569320938,-0.3460050068402613,-0.2325361471323756,-0.0412362652225171,-0.9047642845371691,-0.4229426776058346
38,18.309673252396543,BAO KT,Min,-147.48176569320938,-0.3460050068402613,-0.2325361471323756,-0.0412362652225171,-3.5927835869681024,-1.8309527738444955
39,0.0,BAO KT,Max,254.67311097210242,4.094143353721927,37.79551514621232,0.4157456222018997,24.0906844820159,-0.17872952419329718
39,0.658913373801731,BAO KT,Max,254.67311097210242,4.094143353721927,37.79551514621232,0.4157456222018997,2.5925713056705697,-0.7820517122913896
39,1.317826747603462,BAO KT,Max,254.67311097210242,4.094143353721927,37.79551514621232,0.4157456222018997,17.936104002884132,116.95384107788344
39,0.0,BAO KT,Min,106.97195137648995,-180.1810725994758,-25.99350170042661,-0.4712563190435197,-16.318827801814127,-120.49359580558703
39,0.658913373801731,BAO KT,Min,106.97195137648995,-180.1810725994758,-25.99350170042661,-0.4712563190435197,-2.1625188472532306,-3.833653542240854
39,1.317826747603462,BAO KT,Min,106.97195137648995,-180.1810725994758,-25.99350170042661,-0.4712563190435197,-26.675987484198306,-5.588095514257767
40,0.0,BAO KT,Max,-72.37929597806483,-0.02547118011621672,0.30853200144321613,0.030719378995957277,1.8787609211683778,-0.08029895849851043
40,9.154836626198271,BAO KT,Max,-72.37929597806483,-0.02547118011621672,0.30853200144321613,0.030719378995957277,-0.07052001869747643,0.4091451648404196
40,18.309673252396543,BAO KT,Max,-72.37929597806483,-0.02547118011621672,0.30853200144321613,0.030719378995957277,1.9409183319807162,3.9614874334387453
40,0.0,BAO KT,Min,-151.6118062125605,-0.38820835431571526,-0.2298334710380342,-0.03386168243594798,-2.4009211300448663,-3.1464806879325864
40,9.154836626198271,BAO KT,Min,-151.6118062125605,-0.38820835431571526,-0.2298334710380342,-0.03386168243594798,-0.9457991459982354,0.15111867434922607
40,18.309673252396543,BAO KT,Min,-151.6118062125605,-0.38820835431571526,-0.2298334710380342,-0.03386168243594798,-3.7703592131648485,0.3860700267823576
41,0.0,BAO KT,Max,-80.39736173700744,-2.1598253313506732e-05,0.3630940546917727,0.030143030727873138,2.212145048604122,0.07652275954162857
41,9.154836626198271,BAO KT,Max,-80.39736173700744,-2.1598253313506732e-05,0.3630940546917727,0.030143030727873138,-0.07226869303933911,0.2081426604080636
41,18.309673252396543,BAO KT,Max,-80.39736173700744,-2.1598253313506732e-05,0.3630940546917727,0.030143030727873138,1.5568427525615636,2.394045900050986
41,0.0,BAO KT,Min,-170.9439996877697,-0.2437190897650701,-0.20015317549162004,-0.027973089510878252,-2.2286457950401357,-2.06837099891895
41,9.154836626198271,BAO KT,Min,-170.9439996877697,-0.2437190897650701,-0.20015317549162004,-0.027973089510878252,-1.1119217020429568,0.07672048802212499
41,18.309673252396543,BAO KT,Min,-170.9439996877697,-0.2437190897650701,-0.20015317549162004,-0.027973089510878252,-4.435988452690036,0.0769182165026214
42,0.0,BAO KT,Max,-83.3604870715981,0.060645495195297765,0.3841868275950623,0.029270906535147745,2.3422042783651085,0.4435921937040155
42,9.154836626198271,BAO KT,Max,-83.3604870715981,0.060645495195297765,0.3841868275950623,0.029270906535147745,-0.08877956206440878,0.04297914376411449
42,18.309673252396543,BAO KT,Max,-83.3604870715981,0.060645495195297765,0.3841868275950623,0.029270906535147745,1.4323797022589597,1.3210002263795286
42,0.0,BAO KT,Min,-178.7744358783518,-0.13995949697879795,-0.19128474029920944,-0.021417147670620633,-2.14301635477081,-1.241699486828928
42,9.154836626198271,BAO KT,Min,-178.7744358783518,-0.13995949697879795,-0.19128474029920944,-0.021417147670620633,-1.1749633622050883,-0.11183290910308892
42,18.309673252396543,BAO KT,Min,-178.7744358783518,-0.13995949697879795,-0.19128474029920944,-0.021417147670620633,-4.692131002775286,-0.6668070075516711
43,0.0,BAO KT,Max,-83.83763113899865,0.023566266744282992,0.3885680862852694,0.028210900485297417,2.37070168281289,0.21894172295574926
43,9.154836626198271,BAO KT,Max,-83.83763113899865,0.023566266744282992,0.3885680862852694,0.028210900485297417,-0.10310546169149379,0.175561029125046
43,18.309673252396543,BAO KT,Max,-83.83763113899865,0.023566266744282992,0.3885680862852694,0.028210900485297417,1.429109445350336,1.2544260268068108
43,0.0,BAO KT,Min,-178.390787856574,-0.11822721960529312,-0.1919016004540532,-0.014326280904201343,-2.092824262195465,-0.9102757337054368
43,9.154836626198271,BAO KT,Min,-178.390787856574,-0.11822721960529312,-0.1919016004540532,-0.014326280904201343,-1.1865756652832644,-0.046640620580524116
43,18.309673252396543,BAO KT,Min,-178.390787856574,-0.11822721960529312,-0.1919016004540532,-0.014326280904201343,-4.743853013379419,-0.2125489209108912
44,0.0,BAO KT,Max,290.8672728615107,0.10745513021793751,30.718656756327373,0.36415591982739526,18.735001902690534,-0.1633721552394753
44,0.658913373801731,BAO KT,Max,290.8672728615107,0.10745513021793751,30.718656756327373,0.36415591982739526,3.191907098208308,0.06896719073502672
44,1.317826747603462,BAO KT,Max,290.8672728615107,0.10745513021793751,30.718656756327373,0.36415591982739526,15.34883807880703,89.09908547330765
44,0.0,BAO KT,Min,121.07414597412999,-136.57279869875927,-21.96989396898352,-0.5026027003756743,-13.603675835531435,-90.88020164698061
44,0.658913373801731,BAO KT,Min,121.07414597412999,-136.57279869875927,-21.96989396898352,-0.5026027003756743,-2.920809323305401,-0.9620327816835599
44,1.317826747603462,BAO KT,Min,121.07414597412999,-136.57279869875927,-21.96989396898352,-0.5026027003756743,-22.8567223832106,-0.39659428274953196
45,0.0,BAO KT,Max,-83.90790776405981,0.025787695896929176,0.38812815612009643,0.027257177086269437,2.3698856961540704,0.23140926078274632
45,9.154836626198271,BAO KT,Max,-83.90790776405981,0.025787695896929176,0.38812815612009643,0.027257177086269437,-0.17210029810878266,0.006582461291048425
45,18.309673252396543,BAO KT,Max,-83.90790776405981,0.025787695896929176,0.38812815612009643,0.027257177086269437,1.442457606820314,0.005118648349507687
45,0.0,BAO KT,Min,-175.59138478354663,2.9624297167594852e-05,-0.1934309442135173,-0.006802011166619217,-2.099199778631732,0.005661059550978244
45,9.154836626198271,BAO KT,Min,-175.59138478354663,2.9624297167594852e-05,-0.1934309442135173,-0.006802011166619217,-1.1833641631529894,-0.0637369490948919
45,18.309673252396543,BAO KT,Min,-175.59138478354663,2.9624297167594852e-05,-0.1934309442135173,-0.006802011166619217,-4.736614022460049,-0.2783477039170775
46,0.0,BAO KT,Max,-84.10608207762236,0.11550726172089255,0.3863881739051829,0.03168789855187702,2.3613511819804405,0.9033541736204218
46,9.154836626198271,BAO KT,Max,-84.10608207762236,0.11550726172089255,0.3863881739051829,0.03168789855187702,-0.2140008883625553,0.07466164660635004
46,18.309673252396543,BAO KT,Max,-84.10608207762236,0.11550726172089255,0.3863881739051829,0.03168789855187702,1.439278883178106,0.27545339366224236
46,0.0,BAO KT,Min,-175.71774663603384,-0.021932859673463673,-0.19312751529197913,0.0005988048897471662,-2.096822817865249,-0.12613010044954226
46,9.154836626198271,BAO KT,Min,-175.71774663603384,-0.021932859673463673,-0.19312751529197913,0.0005988048897471662,-1.1811169396578316,-0.15414435934420861
46,18.309673252396543,BAO KT,Min,-175.71774663603384,-0.021932859673463673,-0.19312751529197913,0.0005988048897471662,-4.7132900308136305,-1.2115460467681718
47,0.0,BAO KT,Max,-83.49546747724526,0.16372236969006077,0.3843859076683108,0.037649746436557094,2.3500430094872,1.4138397674409529
47,9.154836626198271,BAO KT,Max,-83.49546747724526,0.16372236969006077,0.3843859076683108,0.037649746436557094,-0.12300541430231665,0.11913125861516263
47,18.309673252396543,BAO KT,Max,-83.49546747724526,0.16372236969006077,0.3843859076683108,0.037649746436557094,1.4622274777474313,0.42597354427934614
47,0.0,BAO KT,Min,-175.52976815145863,-0.03428905279929761,-0.19458038207078052,0.0015994350151682423,-2.1004757392950384,-0.20184780860996604
47,9.154836626198271,BAO KT,Min,-175.52976815145863,-0.03428905279929761,-0.19458038207078052,0.0015994350151682423,-1.1689471766291193,-0.11120150522484121
47,18.309673252396543,BAO KT,Min,-175.52976815145863,-0.03428905279929761,-0.19458038207078052,0.0015994350151682423,-4.687937362745439,-1.6029846610109106
48,0.0,BAO KT,Max,291.73636237130626,-0.2653226589257501,23.612843535656655,0.3171858017971393,14.033701783667505,-0.1447713221723796
48,0.658913373801731,BAO KT,Max,291.73636237130626,-0.2653226589257501,23.612843535656655,0.3171858017971393,3.220557442224393,1.664542990952865
48,1.317826747603462,BAO KT,Max,291.73636237130626,-0.2653226589257501,23.612843535656655,0.3171858017971393,13.027463552357355,60.234338592947545
48,0.0,BAO KT,Min,121.83681146290726,-92.3209221715665,-18.466152090084307,-0.44451768559266774,-11.307725597269318,-61.42864200816027
48,0.658913373801731,BAO KT,Min,121.83681146290726,-92.3209221715665,-18.466152090084307,-0.44451768559266774,-2.986471160317305,-0.5971517076063604
48,1.317826747603462,BAO KT,Min,121.83681146290726,-92.3209221715665,-18.466152090084307,-0.44451768559266774,-18.31232783053291,0.13739241169082078
49,0.0,BAO KT,Max,-80.27250344964574,0.24711794129841208,0.365821862451225,0.043579272354777265,2.2382358715942443,2.1187357024440763
49,9.154836626198271,BAO KT,Max,-80.27250344964574,0.24711794129841208,0.365821862451225,0.043579272354777265,-0.04674444569797099,-0.06520564589890367
49,18.309673252396543,BAO KT,Max,-80.27250344964574,0.24711794129841208,0.365821862451225,0.043579272354777265,1.607749122807741,-0.2842927849469326
49,0.0,BAO KT,Min,-172.98890573247064,0.023931299704581323,-0.20567380371357014,0.0016345430143514653,-2.1580710197652713,0.15388149314912533
49,9.154836626198271,BAO KT,Min,-172.98890573247064,0.023931299704581323,-0.20567380371357014,0.0016345430143514653,-1.1108035134382968,-0.1678130981614337
49,18.309673252396543,BAO KT,Min,-172.98890573247064,0.023931299704581323,-0.20567380371357014,0.0016345430143514653,-4.459842898470837,-2.424623905471275
50,0.0,BAO KT,Max,-72.09556527903838,0.388240332226777,0.3162281601114473,0.04906754399804438,1.9484370281714372,3.15541147076938
50,9.154836626198271,BAO KT,Max,-72.09556527903838,0.388240332226777,0.3162281601114473,0.04906754399804438,0.032385073362181604,-0.149936834501662
50,18.309673252396543,BAO KT,Max,-72.09556527903838,0.388240332226777,0.3162281601114473,0.04906754399804438,2.0131913475983936,-0.8195218447753903
50,0.0,BAO KT,Min,-156.2997453168499,0.07271123159764067,-0.23763258532648637,0.0017134180968893333,-2.337783643851813,0.45221625066924476
50,9.154836626198271,BAO KT,Min,-156.2997453168499,0.07271123159764067,-0.23763258532648637,0.0017134180968893333,-0.9465810282725209,-0.40279090657536537
50,18.309673252396543,BAO KT,Min,-156.2997453168499,0.07271123159764067,-0.23763258532648637,0.0017134180968893333,-3.8415972566757004,-3.953142155704786
51,0.0,BAO KT,Max,-69.74559623150071,0.3725701713650882,0.3117144461584161,0.057000561051226,1.952656536389059,3.528165760671061
51,9.154836626198271,BAO KT,Max,-69.74559623150071,0.3725701713650882,0.3117144461584161,0.057000561051226,-0.10493980100114224,0.225480540080707
51,18.309673252396543,BAO KT,Max,-69.74559623150071,0.3725701713650882,0.3117144461584161,0.057000561051226,1.9560506361169554,0.856343265498671
51,0.0,BAO KT,Min,-145.96427126009013,-0.06936227668033386,-0.22964792714145216,0.0020285551260009254,-2.248727872933202,-0.4136573565605663
51,9.154836626198271,BAO KT,Min,-145.96427126009013,-0.06936227668033386,-0.22964792714145216,0.0020285551260009254,-0.9010382922171181,0.10977265620559792
51,18.309673252396543,BAO KT,Min,-145.96427126009013,-0.06936227668033386,-0.22964792714145216,0.0020285551260009254,-3.754733120823295,-3.2934723406130906
52,0.0,BAO KT,Max,292.03518002796983,2.0070387403557746,17.57469401922517,0.23934372974212717,11.192977361584497,-0.22144537151726637
52,0.658913373801731,BAO KT,Max,292.03518002796983,2.0070387403557746,17.57469401922517,0.23934372974212717,3.3196581972464845,0.18025554945180444
52,1.317826747603462,BAO KT,Max,292.03518002796983,2.0070387403557746,17.57469401922517,0.23934372974212717,12.711434499336482,31.5235007732136
52,0.0,BAO KT,Min,122.09238544728312,-48.28688044011033,-15.324559254599642,-0.39709084382525406,-9.043623867629336,-32.11024182909422
52,0.658913373801731,BAO KT,Min,122.09238544728312,-48.28688044011033,-15.324559254599642,-0.39709084382525406,-2.925523593640582,-1.8360477421395862
52,1.317826747603462,BAO KT,Min,122.09238544728312,-48.28688044011033,-15.324559254599642,-0.39709084382525406,-14.330352559536855,-2.9087743265300743
53,0.0,BAO KT,Max,-75.02290149140545,0.5221706091985924,0.3526451042749139,0.056910267422848465,2.218470918138138,4.575570649738747
53,9.154836626198271,BAO KT,Max,-75.02290149140545,0.5221706091985924,0.3526451042749139,0.056910267422848465,-0.12710043067394555,0.29952722211869276
53,18.309673252396543,BAO KT,Max,-75.02290149140545,0.5221706091985924,0.3526451042749139,0.056910267422848465,1.4379591024200626,1.111672457395168
53,0.0,BAO KT,Min,-154.74659617088338,-0.09021796791845477,-0.18539610768888265,0.0018430047154166563,-1.956583051629501,-0.5401890566869326
53,9.154836626198271,BAO KT,Min,-154.74659617088338,-0.09021796791845477,-0.18539610768888265,0.0018430047154166563,-1.0100973851009634,-0.21854388690828047
53,18.309673252396543,BAO KT,Min,-154.74659617088338,-0.09021796791845477,-0.18539610768888265,0.0018430047154166563,-4.238345715192843,-4.985202586692328
54,0.0,BAO KT,Max,-61.6348798462293,0.30132159190812696,0.18517911241795515,0.12452256471211132,1.9847540933242798,2.8505792757948236
54,9.45580182576587,BAO KT,Max,-61.6348798462293,0.30132159190812696,0.18517911241795515,0.12452256471211132,0.7291187516660382,0.29230072396841944
54,18.91160365153174,BAO KT,Max,-61.6348798462293,0.30132159190812696,0.18517911241795515,0.12452256471211132,2.90078543683446,1.5917435273143554
54,0.0,BAO KT,Min,-153.62455442521028,-0.1384415355517385,-0.22966499564858728,-0.024203310431799498,-1.4425479335023836,-1.0264079219495628
54,9.45580182576587,BAO KT,Min,-153.62455442521028,-0.1384415355517385,-0.22966499564858728,-0.024203310431799498,0.019139364097220418,-0.016321390343872488
54,18.91160365153174,BAO KT,Min,-153.62455442521028,-0.1384415355517385,-0.22966499564858728,-0.024203310431799498,-1.6710861163327972,-2.855586678376577
55,0.0,BAO KT,Max,-40.71026365879645,0.07334455652882818,0.25004101902028536,0.026550924802252497,1.4717046725557965,0.36530476598627176
55,8.863688998634958,BAO KT,Max,-40.71026365879645,0.07334455652882818,0.25004101902028536,0.026550924802252497,0.010236933532439402,0.01956554068849383
55,17.727377997269915,BAO KT,Max,-40.71026365879645,0.07334455652882818,0.25004101902028536,0.026550924802252497,1.9507350692614305,3.8538030454925813
55,0.0,BAO KT,Min,-131.00705863952246,-0.4338671634383062,-0.22329798399529427,-0.12690391048243677,-2.2110121863956644,-3.837524161381559
55,8.863688998634958,BAO KT,Min,-131.00705863952246,-0.4338671634383062,-0.22329798399529427,-0.12690391048243677,-0.7479961684432452,-0.29575745758172955
55,17.727377997269915,BAO KT,Min,-131.00705863952246,-0.4338671634383062,-0.22329798399529427,-0.12690391048243677,-2.960866986439359,-0.9349019116423963
56,0.0,BAO KT,Max,273.4048363415866,7.7475102583707764,12.68486398197353,0.1266833639559155,8.28987168211377,5.248858770959716
56,0.658913373801731,BAO KT,Max,273.4048363415866,7.7475102583707764,12.68486398197353,0.1266833639559155,2.1010952867937682,1.0684531448870747
56,1.317826747603462,BAO KT,Max,273.4048363415866,7.7475102583707764,12.68486398197353,0.1266833639559155,10.805864653607173,4.6774550853965495
56,0.0,BAO KT,Min,120.20046072732673,-5.627967511782571,-13.210794791718246,-0.3631655151833828,-7.957258204600993,-2.8624456130144753
56,0.658913373801731,BAO KT,Min,120.20046072732673,-5.627967511782571,-13.210794791718246,-0.3631655151833828,-3.097887101633823,0.04457952772739526
56,1.317826747603462,BAO KT,Min,120.20046072732673,-5.627967511782571,-13.210794791718246,-0.3631655151833828,-11.275372136123245,-4.961017474853501
57,0.0,BAO KT,Max,-39.38003236439431,0.04063393506382024,0.2322165078276895,0.11695310689570514,2.0829741793693852,0.11806916749594079
57,8.86368899863495,BAO KT,Max,-39.38003236439431,0.04063393506382024,0.2322165078276895,0.11695310689570514,0.743550643923274,0.12755791223069388
57,17.7273779972699,BAO KT,Max,-39.38003236439431,0.04063393506382024,0.2322165078276895,0.11695310689570514,3.1043728368807155,3.9058592829570187
57,0.0,BAO KT,Min,-131.81905862611058,-0.4395401228338002,-0.26693616291419336,-0.00884274001940947,-1.6277054242400106,-3.8860346194841995
57,8.86368899863495,BAO KT,Min,-131.81905862611058,-0.4395401228338002,-0.26693616291419336,-0.00884274001940947,-0.07310248610034022,-0.24836993686047937
57,17.7273779972699,BAO KT,Min,-131.81905862611058,-0.4395401228338002,-0.26693616291419336,-0.00884274001940947,-2.0336156320980505,-0.6022639588969199
58,0.0,BAO KT,Max,-63.604419722411215,0.31897880020559327,0.24720299075737542,0.017913923447386623,1.6030614646186405,3.0514181227244044
58,9.45580182576591,BAO KT,Max,-63.604419722411215,0.31897880020559327,0.24720299075737542,0.017913923447386623,0.025727820588425848,0.24425488414525703
58,18.91160365153182,BAO KT,Max,-63.604419722411215,0.31897880020559327,0.24720299075737542,0.017913923447386623,1.7591628037816671,1.2663989658813053
58,0.0,BAO KT,Min,-153.99170127106657,-0.10868473425687385,-0.19173842422707507,-0.09521324477589826,-1.8669182799700432,-0.7890036513567558
58,9.45580182576591,BAO KT,Min,-153.99170127106657,-0.10868473425687385,-0.19173842422707507,-0.09521324477589826,-0.7344410267197433,-0.10020304239074604
58,18.91160365153182,BAO KT,Min,-153.99170127106657,-0.10868473425687385,-0.19173842422707507,-0.09521324477589826,-3.071943518058127,-2.9809825200049325
59,0.0,BAO KT,Max,-78.08304175126551,0.05682930442894834,0.10200577960991146,0.018351680134264373,1.062880749541203,0.641475216560174
59,15.66608662619827,BAO KT,Max,-78.08304175126551,0.05682930442894834,0.10200577960991146,0.018351680134264373,-0.08005723801488576,0.06031528053115042
59,31.33217325239654,BAO KT,Max,-78.08304175126551,0.05682930442894834,0.10200577960991146,0.018351680134264373,1.3371056142138484,1.6994722724707
59,0.0,BAO KT,Min,-164.42588554717383,-0.10524134337782934,-0.09113322416890293,-0.02088052354493419,-1.5182963544957102,-1.5979677315584038
59,15.66608662619827,BAO KT,Min,-164.42588554717383,-0.10524134337782934,-0.09113322416890293,-0.02088052354493419,-0.5367096989023739,-0.25838059960532594
59,31.33217325239654,BAO KT,Min,-164.42588554717383,-0.10524134337782934,-0.09113322416890293,-0.02088052354493419,-2.1331820099423213,-1.1391103956208215
60,0.0,BAO KT,Max,265.1978946099862,52.24668102042494,8.28705668721787,0.020646900700196633,4.799017518418067,33.98899694354316
60,0.658913373801731,BAO KT,Max,265.1978946099862,52.24668102042494,8.28705668721787,0.020646900700196633,1.0855405899890391,1.9459329761287472
60,1.317826747603462,BAO KT,Max,265.1978946099862,52.24668102042494,8.28705668721787,0.020646900700196633,9.209469264682662,5.6425238825229584
60,0.0,BAO KT,Min,118.44768549375478,-6.159760737208567,-12.329281811083924,-0.4060989070118319,-7.913142462570171,-2.601812248293614
60,0.658913373801731,BAO KT,Min,118.44768549375478,-6.159760737208567,-12.329281811083924,-0.4060989070118319,-3.329961315797613,-0.9654576959061141
60,1.317826747603462,BAO KT,Min,118.44768549375478,-6.159760737208567,-12.329281811083924,-0.4060989070118319,-8.697990189665102,-35.02933673424585
61,0.0,BAO KT,Max,-82.4924530456611,0.09302412275385195,0.14468016380327992,0.020777774588244282,1.3003731848396338,0.891944517440427
61,13.52233662619827,BAO KT,Max,-82.4924530456611,0.09302412275385195,0.14468016380327992,0.020777774588244282,-0.11419153561552152,-0.03172322128385631
61,27.04467325239654,BAO KT,Max,-82.4924530456611,0.09302412275385195,0.14468016380327992,0.020777774588244282,1.4125156564951316,1.8005400883519966
61,0.0,BAO KT,Min,-174.97429813809936,-0.13637834030015905,-0.1151489814851493,-0.022660649374662396,-1.7016509231169898,-1.8877675637699476
61,13.52233662619827,BAO KT,Min,-174.97429813809936,-0.13637834030015905,-0.1151489814851493,-0.022660649374662396,-0.6560406932418231,-0.3778495012190681
61,27.04467325239654,BAO KT,Min,-174.97429813809936,-0.13637834030015905,-0.1151489814851493,-0.022660649374662396,-2.61245457132328,-1.6238624870283251
62,0.0,BAO KT,Max,-83.12082593131272,0.13117626823443004,0.16594253285714639,0.02420874735907134,1.2460947329219403,1.050769339643159
62,11.313586626198273,BAO KT,Max,-83.12082593131272,0.13117626823443004,0.16594253285714639,0.02420874735907134,-0.12002455911944301,-0.07302835545907695
62,22.627173252396545,BAO KT,Max,-83.12082593131272,0.13117626823443004,0.16594253285714639,0.02420874735907134,1.45517716895189,2.413925734162486
62,0.0,BAO KT,Min,-176.13436804824167,-0.22145514867215074,-0.15009997368274391,-0.027541568224766756,-1.9411609407477184,-2.596978282477504
62,11.313586626198273,BAO KT,Min,-176.13436804824167,-0.22145514867215074,-0.15009997368274391,-0.027541568224766756,-0.6313104875281387,-0.45190692593342024
62,22.627173252396545,BAO KT,Min,-176.13436804824167,-0.22145514867215074,-0.15009997368274391,-0.027541568224766756,-2.508715707978218,-1.917378808300131
63,0.0,BAO KT,Max,-77.79492684534223,0.05256239587857722,0.12143724899314587,0.01874807051438245,1.2663641213633,0.5966955067685504
63,15.66608662619827,BAO KT,Max,-77.79492684534223,0.05256239587857722,0.12143724899314587,0.01874807051438245,-0.13730906411036345,0.013496029166168825
63,31.33217325239654,BAO KT,Max,-77.79492684534223,0.05256239587857722,0.12143724899314587,0.01874807051438245,1.1165019440425878,1.3172463569273647
63,0.0,BAO KT,Min,-164.71902667967458,-0.08361527882890064,-0.08058140532850964,-0.02209296175180017,-1.408288608631866,-1.3026020458871952
63,15.66608662619827,BAO KT,Min,-164.71902667967458,-0.08361527882890064,-0.08058140532850964,-0.02209296175180017,-0.6380996954799641,-0.23292541399185118
63,31.33217325239654,BAO KT,Min,-164.71902667967458,-0.08361527882890064,-0.08058140532850964,-0.02209296175180017,-2.538528803384364,-1.050198587460085
64,0.0,BAO KT,Max,284.0245953582117,96.92387536412907,3.7707639102569894,-0.021299513615437228,0.9871838109751732,62.83821938031166
64,0.658913373801731,BAO KT,Max,284.0245953582117,96.92387536412907,3.7707639102569894,-0.021299513615437228,2.735206739151487,1.3751319116282668
64,1.317826747603462,BAO KT,Max,284.0245953582117,96.92387536412907,3.7707639102569894,-0.021299513615437228,12.648543779594835,3.885459005765902
64,0.0,BAO KT,Min,122.5522277809998,-4.762695811455718,-15.044977738494499,-0.46278847582474936,-8.547572697965382,-2.4298089521921162
64,0.658913373801731,BAO KT,Min,122.5522277809998,-4.762695811455718,-15.044977738494499,-0.46278847582474936,-3.099233472864732,-1.797214207447867
64,1.317826747603462,BAO KT,Min,122.5522277809998,-4.762695811455718,-15.044977738494499,-0.46278847582474936,-5.530536584147381,-65.03377505418462
65,0.0,BAO KT,Max,-77.26474661570869,0.09932638427775292,0.16468057898385324,0.02122718128269394,1.4814482855028246,0.948229257818568
65,13.52233662619827,BAO KT,Max,-77.26474661570869,0.09932638427775292,0.16468057898385324,0.02122718128269394,-0.1648578855146237,-0.09650203889320283
65,27.04467325239654,BAO KT,Max,-77.26474661570869,0.09932638427775292,0.16468057898385324,0.02122718128269394,1.2384552506730666,1.2876918230816488
65,0.0,BAO KT,Min,-164.361027547927,-0.1028794874417106,-0.10551725234443937,-0.02416688566352837,-1.6152243614729689,-1.4946502991534474
65,13.52233662619827,BAO KT,Min,-164.361027547927,-0.1028794874417106,-0.10551725234443937,-0.02416688566352837,-0.745417939314071,-0.40187274539103063
65,27.04467325239654,BAO KT,Min,-164.361027547927,-0.1028794874417106,-0.10551725234443937,-0.02416688566352837,-2.9722841641309667,-1.7380203503152365
66,0.0,BAO KT,Max,-75.92396753034679,0.1420925148715308,0.15916722654428184,0.02505525399047789,1.1967733611882598,1.1323164623979833
66,11.313586626198273,BAO KT,Max,-75.92396753034679,0.1420925148715308,0.15916722654428184,0.02505525399047789,-0.11890297478184401,-0.1376230463725144
66,22.627173252396545,BAO KT,Max,-75.92396753034679,0.1420925148715308,0.15916722654428184,0.02505525399047789,1.4941510404487097,1.796561622284493
66,0.0,BAO KT,Min,-159.82071339536543,-0.17175983359431832,-0.1527527734292907,-0.029613575605319263,-1.962212428719926,-2.089877890256948
66,11.313586626198273,BAO KT,Min,-159.82071339536543,-0.17175983359431832,-0.1527527734292907,-0.029613575605319263,-0.6039788443721977,-0.4843803617228466
66,22.627173252396545,BAO KT,Min,-159.82071339536543,-0.17175983359431832,-0.1527527734292907,-0.029613575605319263,-2.4047310499326553,-2.0828354894688763
67,0.0,BAO KT,Max,-77.49767824312201,0.03735070506216926,0.14203686686822942,0.018823226036079662,1.482051739454907,0.4379614129986257
67,15.66608662619827,BAO KT,Max,-77.49767824312201,0.03735070506216926,0.14203686686822942,0.018823226036079662,-0.19773179433513804,0.04411530315336822
67,31.33217325239654,BAO KT,Max,-77.49767824312201,0.03735070506216926,0.14203686686822942,0.018823226036079662,0.8678788683462533,1.2513319255392972
67,0.0,BAO KT,Min,-165.04664194867172,-0.077121902796565,-0.06869675081672659,-0.021972367526261794,-1.2845396301201375,-1.1650648944371624
67,15.66608662619827,BAO KT,Min,-165.04664194867172,-0.077121902796565,-0.06869675081672659,-0.021972367526261794,-0.747438750615645,-0.148159755657201
67,31.33217325239654,BAO KT,Min,-165.04664194867172,-0.077121902796565,-0.06869675081672659,-0.021972367526261794,-2.968271981488039,-0.7323173491084259
68,0.0,BAO KT,Max,293.0406080935665,139.02763825235849,-0.36096885871101514,-0.019731144944162327,-1.622111459694096,91.85753131610615
68,0.658913373801731,BAO KT,Max,293.0406080935665,139.02763825235849,-0.36096885871101514,-0.019731144944162327,3.345074677361214,0.9961369530049778
68,1.317826747603462,BAO KT,Max,293.0406080935665,139.02763825235849,-0.36096885871101514,-0.019731144944162327,14.02676836452698,2.548826827377345
68,0.0,BAO KT,Min,124.13831778347048,-3.656958538944367,-17.035695929313174,-0.5191013853603563,-10.103666433961386,-2.2797804290982473
68,0.658913373801731,BAO KT,Min,124.13831778347048,-3.656958538944367,-17.035695929313174,-0.5191013853603563,-2.961744109241259,-0.7889268565493239
68,1.317826747603462,BAO KT,Min,124.13831778347048,-3.656958538944367,-17.035695929313174,-0.5191013853603563,-2.7100619809207966,-91.55089616453338
69,0.0,BAO KT,Max,-80.27902951475679,-0.0016437866481805036,0.12570620007026156,0.018735856295721033,1.3126821647940743,0.029392644343510674
69,15.66608662619827,BAO KT,Max,-80.27902951475679,-0.0016437866481805036,0.12570620007026156,0.018735856295721033,-0.1374606988073508,0.17602104171826966
69,31.33217325239654,BAO KT,Max,-80.27902951475679,-0.0016437866481805036,0.12570620007026156,0.018735856295721033,1.1066324397518208,1.568114036172653
69,0.0,BAO KT,Min,-171.39346404820586,-0.08886028959691808,-0.08009860655325625,-0.019775163157556567,-1.4030309780503487,-1.216071952736114
69,15.66608662619827,BAO KT,Min,-171.39346404820586,-0.08886028959691808,-0.08009860655325625,-0.019775163157556567,-0.6599277360324864,0.053059524266569194
69,31.33217325239654,BAO KT,Min,-171.39346404820586,-0.08886028959691808,-0.08009860655325625,-0.019775163157556567,-2.625966274707783,0.08089605239427841
70,0.0,BAO KT,Max,-80.06115912738231,-0.019592199060383373,0.17055528271631404,0.021127222511455313,1.536756050361409,-0.12354517670118884
70,13.52233662619827,BAO KT,Max,-80.06115912738231,-0.019592199060383373,0.17055528271631404,0.021127222511455313,-0.16774245570769816,0.352903727062679
70,27.04467325239654,BAO KT,Max,-80.06115912738231,-0.019592199060383373,0.17055528271631404,0.021127222511455313,1.21443521104221,2.5395668648350944
70,0.0,BAO KT,Min,-171.65095577671894,-0.16170749170198578,-0.10417759605648862,-0.021284738694235715,-1.6030138345256786,-1.8337594107097361
70,13.52233662619827,BAO KT,Min,-171.65095577671894,-0.16170749170198578,-0.10417759605648862,-0.021284738694235715,-0.7696698397969364,0.14138713424080057
70,27.04467325239654,BAO KT,Min,-171.65095577671894,-0.16170749170198578,-0.10417759605648862,-0.021284738694235715,-3.0758558421714186,0.40631944518279
71,0.0,BAO KT,Max,-78.72832457358798,-0.032003520267485736,0.167369479981951,0.02494465527775442,1.2616815823677743,-0.17875895722214227
71,11.313586626198273,BAO KT,Max,-78.72832457358798,-0.032003520267485736,0.167369479981951,0.02494465527775442,-0.13517449789119806,0.44816527859061983
71,22.627173252396545,BAO KT,Max,-78.72832457358798,-0.032003520267485736,0.167369479981951,0.02494465527775442,1.436379246305758,3.363064091005454
71,0.0,BAO KT,Min,-166.75608326356837,-0.2576458649872321,-0.1489398611230526,-0.02545803664881943,-1.9337087955134336,-2.4667335338242147
71,11.313586626198273,BAO KT,Min,-166.75608326356837,-0.2576458649872321,-0.1489398611230526,-0.02545803664881943,-0.6318675279897865,0.1833156416673497
71,22.627173252396545,BAO KT,Min,-166.75608326356837,-0.2576458649872321,-0.1489398611230526,-0.02545803664881943,-2.5254166383473473,0.5453902405568417
72,0.0,BAO KT,Max,266.2793914984314,180.84805444510877,-2.5518019491908612,-0.01805164179175545,-3.7158026139697666,120.9446151473608
72,0.658913373801731,BAO KT,Max,266.2793914984314,180.84805444510877,-2.5518019491908612,-0.01805164179175545,3.643005027915227,3.9175029747335746
72,1.317826747603462,BAO KT,Max,266.2793914984314,180.84805444510877,-2.5518019491908612,-0.01805164179175545,16.06163246396136,7.740366913603334
72,0.0,BAO KT,Min,110.20876738007068,-7.392122794213929,-21.5796580520732,-0.5542875956490403,-12.376618121197122,-2.1205480081822707
72,0.658913373801731,BAO KT,Min,110.20876738007068,-7.392122794213929,-21.5796580520732,-0.5542875956490403,-2.2805613610441493,0.7335088164326423
72,1.317826747603462,BAO KT,Min,110.20876738007068,-7.392122794213929,-21.5796580520732,-0.5542875956490403,-0.5686865239845584,-117.38178825245069
73,0.0,BAO KT,Max,-83.53296813501281,0.0038260482114904383,0.11125170318701665,0.01821117227561133,1.162820382294567,0.08796616402261795
73,15.66608662619827,BAO KT,Max,-83.53296813501281,0.0038260482114904383,0.11125170318701665,0.01821117227561133,-0.08202569611301576,0.08291736126430593
73,31.33217325239654,BAO KT,Max,-83.53296813501281,0.0038260482114904383,0.11125170318701665,0.01821117227561133,1.3123860669291618,0.9852893304733839
73,0.0,BAO KT,Min,-178.64292166152975,-0.05760034338761082,-0.08987016773753112,-0.0164540513515386,-1.503441598845101,-0.8194546079447719
73,15.66608662619827,BAO KT,Min,-178.64292166152975,-0.05760034338761082,-0.08987016773753112,-0.0164540513515386,-0.5836324297862869,0.028026961305397773
73,31.33217325239654,BAO KT,Min,-178.64292166152975,-0.05760034338761082,-0.08987016773753112,-0.0164540513515386,-2.322937256585235,-0.03191224141182242
74,0.0,BAO KT,Max,-88.24265851719375,-0.005915418447273238,0.16054283528954838,0.02064514184917806,1.4478152901682475,-0.0009373400006753296
74,13.52233662619827,BAO KT,Max,-88.24265851719375,-0.005915418447273238,0.16054283528954838,0.02064514184917806,-0.12284521676766476,0.16687327405374258
74,27.04467325239654,BAO KT,Max,-88.24265851719375,-0.005915418447273238,0.16054283528954838,0.02064514184917806,1.347546494484393,1.5144218783851688
74,0.0,BAO KT,Min,-188.39676801437048,-0.09965353189926335,-0.11144403960231399,-0.017808564309279788,-1.6664211424873288,-1.181800712965878
74,13.52233662619827,BAO KT,Min,-188.39676801437048,-0.09965353189926335,-0.11144403960231399,-0.017808564309279788,-0.723098971541329,0.07905293952817648
74,27.04467325239654,BAO KT,Min,-188.39676801437048,-0.09965353189926335,-0.11144403960231399,-0.017808564309279788,-2.894013233250905,0.15904321905702826
75,0.0,BAO KT,Max,-88.94478845320101,-0.009850853203498936,0.18220324438099839,0.02443137332720391,1.3745755052758861,-0.012652756671488907
75,11.313586626198273,BAO KT,Max,-88.94478845320101,-0.009850853203498936,0.18220324438099839,0.02443137332720391,-0.12727905550088614,0.20940652604678897
75,22.627173252396545,BAO KT,Max,-88.94478845320101,-0.009850853203498936,0.18220324438099839,0.02443137332720391,1.328891978821673,2.0058528863574523
75,0.0,BAO KT,Min,-188.29615889530544,-0.15897582561221832,-0.14164027670142837,-0.021227290507536148,-1.8760271016189325,-1.5913206627129919
75,11.313586626198273,BAO KT,Min,-188.29615889530544,-0.15897582561221832,-0.14164027670142837,-0.021227290507536148,-0.6867966836029127,0.09879572438825907
75,22.627173252396545,BAO KT,Min,-188.29615889530544,-0.15897582561221832,-0.14164027670142837,-0.021227290507536148,-2.7481688724817115,0.21024420544800704
76,0.0,BAO KT,Max,-85.12820631666634,0.02065417128252663,0.10578122958828182,0.017468767379511238,1.106567869433578,0.26250961814985163
76,15.66608662619827,BAO KT,Max,-85.12820631666634,0.02065417128252663,0.10578122958828182,0.017468767379511238,-0.05922609190505,0.027444349917650015
76,31.33217325239654,BAO KT,Max,-85.12820631666634,0.02065417128252663,0.10578122958828182,0.017468767379511238,1.3864281780157046,0.5498925737275181
76,0.0,BAO KT,Min,-182.29496362931303,-0.03334899367504978,-0.09328041112536238,-0.012560561686639724,-1.536249824418927,-0.495003873892218
76,15.66608662619827,BAO KT,Min,-182.29496362931303,-0.03334899367504978,-0.09328041112536238,-0.012560561686639724,-0.554561286952474,-0.061060418354547195
76,31.33217325239654,BAO KT,Min,-182.29496362931303,-0.03334899367504978,-0.09328041112536238,-0.012560561686639724,-2.207787942878003,-0.384630454858946
77,0.0,BAO KT,Max,-91.65165671974411,0.02726666769383087,0.15751528946517232,0.01994040370059857,1.421630896878542,0.2987709678398661
77,13.52233662619827,BAO KT,Max,-91.65165671974411,0.02726666769383087,0.15751528946517232,0.01994040370059857,-0.10659248233955067,0.04889158931291032
77,27.04467325239654,BAO KT,Max,-91.65165671974411,0.02726666769383087,0.15751528946517232,0.01994040370059857,1.379967831926344,0.7646597418829534
77,0.0,BAO KT,Min,-195.2860107217957,-0.052971589009479576,-0.11303600475338707,-0.013728074049573236,-1.6770539823853514,-0.6679395745386614
77,13.52233662619827,BAO KT,Min,-195.2860107217957,-0.052971589009479576,-0.11303600475338707,-0.013728074049573236,-0.7086550476064539,-0.0699396456237393
77,27.04467325239654,BAO KT,Min,-195.2860107217957,-0.052971589009479576,-0.11303600475338707,-0.013728074049573236,-2.838318638963702,-0.4386471506214664
78,0.0,BAO KT,Max,-92.89569371593745,0.03955067839729855,0.18962068016987116,0.023682155492002015,1.4316483286232247,0.36014855277250696
78,11.313586626198273,BAO KT,Max,-92.89569371593745,0.03955067839729855,0.18962068016987116,0.023682155492002015,-0.12574595529370847,0.05546420051387853
78,22.627173252396545,BAO KT,Max,-92.89569371593745,0.03955067839729855,0.18962068016987116,0.023682155492002015,1.2613555325811294,1.0067732781447802
78,0.0,BAO KT,Min,-196.61504085262857,-0.08419222701926207,-0.1368175996814454,-0.0163687791231185,-1.8344399993879699,-0.8982943201362724
78,11.313586626198273,BAO KT,Min,-196.61504085262857,-0.08419222701926207,-0.1368175996814454,-0.0163687791231185,-0.7136416625972497,-0.08731147340023884
78,22.627173252396545,BAO KT,Min,-196.61504085262857,-0.08419222701926207,-0.1368175996814454,-0.0163687791231185,-2.8589316538177245,-0.5347714995729846
79,0.0,BAO KT,Max,-85.51584097526806,0.008709846874044821,0.1045472525341923,0.016580829317531787,1.0944380219086711,0.13801849017760542
79,15.66608662619827,BAO KT,Max,-85.51584097526806,0.008709846874044821,0.1045472525341923,0.016580829317531787,-0.05370062844702147,0.12595484595709588
79,31.33217325239654,BAO KT,Max,-85.51584097526806,0.008709846874044821,0.1045472525341923,0.016580829317531787,1.3940928527992724,0.7254337207963117
79,0.0,BAO KT,Min,-183.07205150347522,-0.038266025788259855,-0.09345069341702766,-0.008341403905578752,-1.533920463899631,-0.47352402888212
79,15.66608662619827,BAO KT,Min,-183.07205150347522,-0.038266025788259855,-0.09345069341702766,-0.008341403905578752,-0.5476216496816608,0.0009498530474278542
79,31.33217325239654,BAO KT,Min,-183.07205150347522,-0.038266025788259855,-0.09345069341702766,-0.008341403905578752,-2.1812546075546955,-0.13487994108181137
80,0.0,BAO KT,Max,-92.32913572288862,0.011068289719417899,0.1572810288941161,0.01910152252326261,1.420509453157908,0.15257248372598295
80,13.52233662619827,BAO KT,Max,-92.32913572288862,0.011068289719417899,0.1572810288941161,0.01910152252326261,-0.10673365836713578,0.1538766274632143
80,27.04467325239654,BAO KT,Max,-92.32913572288862,0.011068289719417899,0.1572810288941161,0.01910152252326261,1.3679111535253716,0.9001304878876044
80,0.0,BAO KT,Min,-196.66774873408633,-0.05518675366937639,-0.11206297871899121,-0.00926631661846148,-1.6627954896200126,-0.5923772329611758
80,13.52233662619827,BAO KT,Min,-196.66774873408633,-0.05518675366937639,-0.11206297871899121,-0.00926631661846148,-0.7070629604590366,0.0018203321708028695
80,27.04467325239654,BAO KT,Min,-196.66774873408633,-0.05518675366937639,-0.11206297871899121,-0.00926631661846148,-2.833104582084201,-0.14687345403277605
81,0.0,BAO KT,Max,-93.592476956464,0.01570806227235399,0.19180117402575492,0.02278985576486888,1.4492915709284913,0.18128242383154958
81,11.313586626198273,BAO KT,Max,-93.592476956464,0.01570806227235399,0.19180117402575492,0.02278985576486888,-0.13807078531448927,0.171979907741736
81,22.627173252396545,BAO KT,Max,-93.592476956464,0.01570806227235399,0.19180117402575492,0.02278985576486888,1.2198730803232314,1.0731628207274246
81,0.0,BAO KT,Min,-198.05525255472872,-0.07974234690334629,-0.13354904251177296,-0.011074235644945061,-1.8019642422823265,-0.7311810782072992
81,11.313586626198273,BAO KT,Min,-198.05525255472872,-0.07974234690334629,-0.13354904251177296,-0.011074235644945061,-0.7206676264184171,-0.009483866458645174
81,22.627173252396545,BAO KT,Min,-198.05525255472872,-0.07974234690334629,-0.13354904251177296,-0.011074235644945061,-2.8906268237653254,-0.17511009099578967
82,0.0,BAO KT,Max,240.30376797233703,280.55765098151255,-3.3716751195483683,-0.03892780423890214,-4.208722679160017,185.1287534847706
82,0.658913373801731,BAO KT,Max,240.30376797233703,280.55765098151255,-3.3716751195483683,-0.03892780423890214,1.7817649426485118,0.9700572971206243
82,1.317826747603462,BAO KT,Max,240.30376797233703,280.55765098151255,-3.3716751195483683,-0.03892780423890214,21.40230403109379,1.079871171518424
82,0.0,BAO KT,Min,110.6523013170804,-2.371404911538399,-32.621565707940434,-0.6275918172122628,-21.587267807533976,-2.0637860958924112
82,0.658913373801731,BAO KT,Min,110.6523013170804,-2.371404911538399,-32.621565707940434,-0.6275918172122628,-2.2588914271401785,-1.3484187267981587
82,1.317826747603462,BAO KT,Min,110.6523013170804,-2.371404911538399,-32.621565707940434,-0.6275918172122628,0.07210223263625837,-184.74899909762803
83,0.0,BAO KT,Max,-85.59331046683668,0.008897255452157781,0.10448584585347155,0.015622724319167062,1.0944853243576018,0.13926167585028632
83,15.66608662619827,BAO KT,Max,-85.59331046683668,0.008897255452157781,0.10448584585347155,0.015622724319167062,-0.053172636858242715,0.021013906767501263
83,31.33217325239654,BAO KT,Max,-85.59331046683668,0.008897255452157781,0.10448584585347155,0.015622724319167062,1.3801492960388813,0.09161568675247911
83,0.0,BAO KT,Min,-183.0494584207203,-0.0045066899555888575,-0.09252018891274805,-0.00395952311512941,-1.5187092923197982,-0.04958870373086625
83,15.66608662619827,BAO KT,Min,-183.0494584207203,-0.0045066899555888575,-0.09252018891274805,-0.00395952311512941,-0.5467378392398458,-0.00016959924859583843
83,31.33217325239654,BAO KT,Min,-183.0494584207203,-0.0045066899555888575,-0.09252018891274805,-0.00395952311512941,-2.1792833003465675,-0.139508673447551
84,0.0,BAO KT,Max,-92.34608439506944,0.011742634431967838,0.15744386530327772,0.018206641020326594,1.4229019869488053,0.15879053852601394
84,13.52233662619827,BAO KT,Max,-92.34608439506944,0.011742634431967838,0.15744386530327772,0.018206641020326594,-0.11050749701540916,0.01572609072404316
84,27.04467325239654,BAO KT,Max,-92.34608439506944,0.011742634431967838,0.15744386530327772,0.018206641020326594,1.3440579088769384,0.0672202813047664
84,0.0,BAO KT,Min,-196.6643777212452,-0.0038098006313972994,-0.11033220726656023,-0.0046063529545424305,-1.6398405858628737,-0.03581453192814759
84,13.52233662619827,BAO KT,Min,-196.6643777212452,-0.0038098006313972994,-0.11033220726656023,-0.0046063529545424305,-0.7073349716499986,-7.609580422362236e-05
84,27.04467325239654,BAO KT,Min,-196.6643777212452,-0.0038098006313972994,-0.11033220726656023,-0.0046063529545424305,-2.8351159057726734,-0.15878517280889728
85,0.0,BAO KT,Max,-93.58289582899246,0.016229286832931848,0.19193327543906288,0.0218682427316241,1.4514912415595769,0.18465773408007022
85,11.313586626198273,BAO KT,Max,-93.58289582899246,0.016229286832931848,0.19193327543906288,0.0218682427316241,-0.1612635306783939,0.008586401845139039
85,22.627173252396545,BAO KT,Max,-93.58289582899246,0.016229286832931848,0.19193327543906288,0.0218682427316241,1.1808661329362984,0.027824926352865993
85,0.0,BAO KT,Min,-197.97941456148658,-0.001803559922367197,-0.13026957989713528,-0.005515124341729836,-1.7667662209130959,-0.012984536481615442
85,11.313586626198273,BAO KT,Min,-197.97941456148658,-0.001803559922367197,-0.13026957989713528,-0.005515124341729836,-0.7199624965702345,-0.01046582236927614
85,22.627173252396545,BAO KT,Min,-197.97941456148658,-0.001803559922367197,-0.13026957989713528,-0.005515124341729836,-2.8914162347000456,-0.1825651508515167
86,0.0,BAO KT,Max,243.84849986178648,327.8754759022777,-3.3152302183394475,-0.03593563046205491,-4.639101910027277,220.94440861940285
86,0.658913373801731,BAO KT,Max,243.84849986178648,327.8754759022777,-3.3152302183394475,-0.03593563046205491,2.1013073010810714,8.701047513995459
86,1.317826747603462,BAO KT,Max,243.84849986178648,327.8754759022777,-3.3152302183394475,-0.03593563046205491,26.039053569579522,8.179416250887392
86,0.0,BAO KT,Min,77.87943494336025,-7.522846785281565,-41.14489097857346,-0.5988774584152659,-28.18278428921296,-2.0320971915062023
86,0.658913373801731,BAO KT,Min,77.87943494336025,-7.522846785281565,-41.14489097857346,-0.5988774584152659,-3.0631215570631625,-0.8733677438333305
86,1.317826747603462,BAO KT,Min,77.87943494336025,-7.522846785281565,-41.14489097857346,-0.5988774584152659,-0.44305189001483347,-211.4363681384598
87,0.0,BAO KT,Max,-85.63396677339443,0.03154873267764832,0.10478150116174896,0.018115871630277655,1.0981755902189585,0.3995836708104359
87,15.66608662619827,BAO KT,Max,-85.63396677339443,0.03154873267764832,0.10478150116174896,0.018115871630277655,-0.053923256042452065,0.04733284151788523
87,31.33217325239654,BAO KT,Max,-85.63396677339443,0.03154873267764832,0.10478150116174896,0.018115871630277655,1.3568465005047872,0.17532057480627533
87,0.0,BAO KT,Min,-183.07544065565432,-0.008171000166768125,-0.0910728578304659,0.00040685815038064496,-1.4966640596302492,-0.08069461806426456
87,15.66608662619827,BAO KT,Min,-183.07544065565432,-0.008171000166768125,-0.0910728578304659,0.00040685815038064496,-0.5476559728306789,-0.09466150826437492
87,31.33217325239654,BAO KT,Min,-183.07544065565432,-0.008171000166768125,-0.0910728578304659,0.00040685815038064496,-2.1848565578271493,-0.5889066873391857
88,0.0,BAO KT,Max,123.22277515706386,0.21782127319524616,0.9589989345199923,0.07891870144902888,3.729911827452033,0.5480010875314711
88,4.06391337380173,BAO KT,Max,123.22277515706386,0.21782127319524616,0.9589989345199923,0.07891870144902888,0.26352148925630414,0.11710022565831063
88,8.12782674760346,BAO KT,Max,123.22277515706386,0.21782127319524616,0.9589989345199923,0.07891870144902888,6.623771343383875,17.486572699782325
88,0.0,BAO KT,Min,13.735257023257956,-4.383191916850547,-1.6464045476152809,-0.2619192911723775,-6.757919576099581,-18.13925180187483
88,4.06391337380173,BAO KT,Min,13.735257023257956,-4.383191916850547,-1.6464045476152809,-0.2619192911723775,-0.6309169570920933,-0.774350590750195
88,8.12782674760346,BAO KT,Min,13.735257023257956,-4.383191916850547,-1.6464045476152809,-0.2619192911723775,-4.06466536346278,-1.2224124829418914
89,0.0,BAO KT,Max,-92.36603482145331,0.048060422320257395,0.15755528641411606,0.020919400121604065,1.4247336147656986,0.526247682752979
89,13.52233662619827,BAO KT,Max,-92.36603482145331,0.048060422320257395,0.15755528641411606,0.020919400121604065,-0.11107924756800676,0.05671608886008575
89,27.04467325239654,BAO KT,Max,-92.36603482145331,0.048060422320257395,0.15755528641411606,0.020919400121604065,1.3162489026889783,0.2106228031189335
89,0.0,BAO KT,Min,-196.66717381351555,-0.0113839007519391,-0.10827475988756645,3.804495800086016e-05,-1.6120065999519477,-0.09725107305497073
89,13.52233662619827,BAO KT,Min,-196.66717381351555,-0.0113839007519391,-0.10827475988756645,3.804495800086016e-05,-0.7071552935951577,-0.12364152625879446
89,27.04467325239654,BAO KT,Min,-196.66717381351555,-0.0113839007519391,-0.10827475988756645,3.804495800086016e-05,-2.836297625491822,-0.7735307352705678
90,0.0,BAO KT,Max,122.60727941154522,0.0029100863052777294,0.7968692254625632,0.051071021472371886,2.971523925055807,-0.014768642522431479
90,4.06391337380173,BAO KT,Max,122.60727941154522,0.0029100863052777294,0.7968692254625632,0.051071021472371886,0.2375239866734162,0.12725213876467142
90,8.12782674760346,BAO KT,Max,122.60727941154522,0.0029100863052777294,0.7968692254625632,0.051071021472371886,6.679637004933378,14.954022142699904
90,0.0,BAO KT,Min,45.72263922302654,-3.7281174759258766,-1.6271593895259528,-0.15389883210773395,-6.5456326038697785,-15.347470796338335
90,4.06391337380173,BAO KT,Min,45.72263922302654,-3.7281174759258766,-1.6271593895259528,-0.15389883210773395,-0.48451227403209174,-0.3642825419978948
90,8.12782674760346,BAO KT,Min,45.72263922302654,-3.7281174759258766,-1.6271593895259528,-0.15389883210773395,-3.5052910800008674,-0.038421319832302334
91,0.0,BAO KT,Max,-93.62471413133726,0.07335828058239022,0.19161682231469154,0.025142073038458085,1.4502458476790616,0.6848479831700545
91,11.313586626198273,BAO KT,Max,-93.62471413133726,0.07335828058239022,0.19161682231469154,0.025142073038458085,-0.16854815498532125,0.0654674415130623
91,22.627173252396545,BAO KT,Max,-93.62471413133726,0.07335828058239022,0.19161682231469154,0.025142073038458085,1.1389623332561774,0.242705243327541
91,0.0,BAO KT,Min,-198.05151191015335,-0.015665925198650846,-0.1266158718390063,8.19814502847193e-06,-1.7259969353482545,-0.1117703603014164
91,11.313586626198273,BAO KT,Min,-198.05151191015335,-0.015665925198650846,-0.1266158718390063,8.19814502847193e-06,-0.7176276706150433,-0.14509727894777588
91,22.627173252396545,BAO KT,Min,-198.05151191015335,-0.015665925198650846,-0.1266158718390063,8.19814502847193e-06,-2.8855011889091484,-0.9750425410656062
92,0.0,BAO KT,Max,104.31224705827648,0.017507134212193666,0.6300004400149131,0.03538296890841206,2.3811510250271515,0.02827451353500777
92,4.06391337380173,BAO KT,Max,104.31224705827648,0.017507134212193666,0.6300004400149131,0.03538296890841206,0.3169349625183656,0.1749940570058642
92,8.12782674760346,BAO KT,Max,104.31224705827648,0.017507134212193666,0.6300004400149131,0.03538296890841206,6.808169806225029,12.134038650211425
92,0.0,BAO KT,Min,51.7214052107339,-3.0330857188983216,-1.6291161167223926,-0.09095716143380278,-6.439587935889506,-12.518356583624424
92,4.06391337380173,BAO KT,Min,51.7214052107339,-3.0330857188983216,-1.6291161167223926,-0.09095716143380278,-0.3036200735960808,-0.19215896670649932
92,8.12782674760346,BAO KT,Min,51.7214052107339,-3.0330857188983216,-1.6291161167223926,-0.09095716143380278,-2.7393834023280084,-0.11402044018874355
93,0.0,BAO KT,Max,-85.20187818833703,0.03992063381172881,0.10623568534778408,0.021481627879784998,1.1138217112202375,0.5854313877577221
93,15.66608662619827,BAO KT,Max,-85.20187818833703,0.03992063381172881,0.10623568534778408,0.021481627879784998,-0.0595290606522623,0.06928606368900314
93,31.33217325239654,BAO KT,Max,-85.20187818833703,0.03992063381172881,0.10623568534778408,0.021481627879784998,1.3119981138913157,0.26446783216876085
93,0.0,BAO KT,Min,-182.29927087386494,-0.012458872029556943,-0.08852451947108818,0.0009712187493808135,-1.46166746726197,-0.12589570479075457
93,15.66608662619827,BAO KT,Min,-182.29927087386494,-0.012458872029556943,-0.08852451947108818,0.0009712187493808135,-0.5546058138519167,-0.06633885534491127
93,31.33217325239654,BAO KT,Min,-182.29927087386494,-0.012458872029556943,-0.08852451947108818,0.0009712187493808135,-2.2147731876836176,-0.6917389628121945
94,0.0,BAO KT,Max,114.64776320558857,0.23937497796406212,0.6440633485959033,0.029277519219668525,2.3998992809049438,0.6154135276017179
94,4.06391337380173,BAO KT,Max,114.64776320558857,0.23937497796406212,0.6440633485959033,0.029277519219668525,0.25316545751101444,-0.025923498887838105
94,8.12782674760346,BAO KT,Max,114.64776320558857,0.23937497796406212,0.6440633485959033,0.029277519219668525,6.240127906146037,10.063762667137826
94,0.0,BAO KT,Min,56.05572019051021,-2.4925909692161277,-1.5075699656712664,-0.1233261611792551,-6.013570841684151,-10.195584883291849
94,4.06391337380173,BAO KT,Min,56.05572019051021,-2.4925909692161277,-1.5075699656712664,-0.1233261611792551,-0.36647197034775963,-0.35738564669992884
94,8.12782674760346,BAO KT,Min,56.05572019051021,-2.4925909692161277,-1.5075699656712664,-0.1233261611792551,-2.8349360309638905,-1.3301848210015754
95,0.0,BAO KT,Max,-91.64341539168718,0.06253812758316671,0.1581176599168106,0.024569281870983457,1.430427759757242,0.7588064799883253
95,13.52233662619827,BAO KT,Max,-91.64341539168718,0.06253812758316671,0.1581176599168106,0.024569281870983457,-0.11019099884207058,0.07788355983648211
95,27.04467325239654,BAO KT,Max,-91.64341539168718,0.06253812758316671,0.1581176599168106,0.024569281870983457,1.2777969118975496,0.29672655150493316
95,0.0,BAO KT,Min,-195.2859716483738,-0.016183814803461045,-0.10551873745143525,0.001190888381501728,-1.5759228644819343,-0.1409594318319689
95,13.52233662619827,BAO KT,Min,-195.2859716483738,-0.016183814803461045,-0.10551873745143525,0.001190888381501728,-0.7087334453683675,-0.09434022547663656
95,27.04467325239654,BAO KT,Min,-195.2859716483738,-0.016183814803461045,-0.10551873745143525,0.001190888381501728,-2.845812688126458,-0.9400018386283522
96,0.0,BAO KT,Max,128.0990944463389,0.0810236340279864,0.5509628311864806,0.022741062054043363,1.9215307413852114,0.1966349120714068
96,4.06391337380173,BAO KT,Max,128.0990944463389,0.0810236340279864,0.5509628311864806,0.022741062054043363,0.18206106491869287,0.06175799034945084
96,8.12782674760346,BAO KT,Max,128.0990944463389,0.0810236340279864,0.5509628311864806,0.022741062054043363,5.564168063031476,7.575455505878673
96,0.0,BAO KT,Min,47.991608159003036,-1.8785634480045976,-1.3739006817940527,-0.10678852375501983,-5.6026586470048585,-7.693182733883278
96,4.06391337380173,BAO KT,Min,47.991608159003036,-1.8785634480045976,-1.3739006817940527,-0.10678852375501983,-0.5314685267428534,-0.13263811784894414
96,8.12782674760346,BAO KT,Min,47.991608159003036,-1.8785634480045976,-1.3739006817940527,-0.10678852375501983,-2.5565996948675958,-0.4619111477692951
97,0.0,BAO KT,Max,-92.90944537294291,0.09860943804364347,0.1900384583903496,0.02955221120931013,1.4391278155120428,1.0141809506309296
97,11.313586626198273,BAO KT,Max,-92.90944537294291,0.09860943804364347,0.1900384583903496,0.02955221120931013,-0.1443348423464336,0.09467368129957733
97,22.627173252396545,BAO KT,Max,-92.90944537294291,0.09860943804364347,0.1900384583903496,0.02955221120931013,1.1088949044157057,0.35645060486187474
97,0.0,BAO KT,Min,-196.6172455093763,-0.023234041371020236,-0.12356460785666847,0.001414978031503112,-1.6870228854215708,-0.1692700745935491
97,11.313586626198273,BAO KT,Min,-196.6172455093763,-0.023234041371020236,-0.12356460785666847,0.001414978031503112,-0.7108887457963534,-0.10911442261983002
97,22.627173252396545,BAO KT,Min,-196.6172455093763,-0.023234041371020236,-0.12356460785666847,0.001414978031503112,-2.8609053071047494,-1.223659546181549
98,0.0,BAO KT,Max,130.5065287440004,0.010021379754318849,0.4641522701795953,0.06292149102100152,1.5524613571042847,0.011188189335274629
98,4.06391337380173,BAO KT,Max,130.5065287440004,0.010021379754318849,0.4641522701795953,0.06292149102100152,0.19280271164454138,0.11087957165888893
98,8.12782674760346,BAO KT,Max,130.5065287440004,0.010021379754318849,0.4641522701795953,0.06292149102100152,5.303350421932938,5.026421569264165
98,0.0,BAO KT,Min,36.79157190977422,-1.2576303845009749,-1.3140204331079743,-0.08631084001398304,-5.37678000117954,-5.195380308481683
98,4.06391337380173,BAO KT,Min,36.79157190977422,-1.2576303845009749,-1.3140204331079743,-0.08631084001398304,-0.6479501744604682,-0.0844793696087589
98,8.12782674760346,BAO KT,Min,36.79157190977422,-1.2576303845009749,-1.3140204331079743,-0.08631084001398304,-2.220087879422298,-0.0702638490797699
99,0.0,BAO KT,Max,-83.43879869865117,0.05702706988954667,0.11193856288843115,0.024813575100427736,1.1736957553207015,0.8522061934019296
99,15.66608662619827,BAO KT,Max,-83.43879869865117,0.05702706988954667,0.11193856288843115,0.024813575100427736,-0.08190835975387162,-0.038771530635980524
99,31.33217325239654,BAO KT,Max,-83.43879869865117,0.05702706988954667,0.11193856288843115,0.024813575100427736,1.2008928278383526,-0.17003053745230667
99,0.0,BAO KT,Min,-178.64764134317628,0.00837854468370057,-0.08273499999396244,0.0009032675711511144,-1.3913745260095052,0.09248747618034558
99,15.66608662619827,BAO KT,Min,-178.64764134317628,0.00837854468370057,-0.08273499999396244,0.0009032675711511144,-0.5836602948529089,-0.08289398969845506
99,31.33217325239654,BAO KT,Min,-178.64764134317628,0.00837854468370057,-0.08273499999396244,0.0009032675711511144,-2.333582690723909,-0.9707955655442532
100,0.0,BAO KT,Max,132.84410402364676,0.07993863835794096,0.3903779589299371,0.052221609442919335,1.2514236461203145,0.19719088534482296
100,4.06391337380173,BAO KT,Max,132.84410402364676,0.07993863835794096,0.3903779589299371,0.052221609442919335,0.16789793569770306,0.08144063043484119
100,8.12782674760346,BAO KT,Max,132.84410402364676,0.07993863835794096,0.3903779589299371,0.052221609442919335,5.255154585935626,2.932209574951729
100,0.0,BAO KT,Min,50.92229693493058,-0.7253806498971341,-1.285681755749373,-0.06697903209767937,-5.194643977349907,-2.963558673476179
100,4.06391337380173,BAO KT,Min,50.92229693493058,-0.7253806498971341,-1.285681755749373,-0.06697903209767937,-0.507304220648217,-0.2025204786986305
100,8.12782674760346,BAO KT,Min,50.92229693493058,-0.7253806498971341,-1.285681755749373,-0.06697903209767937,-1.9215007701452733,-0.4525365176678496
101,0.0,BAO KT,Max,-88.19469153641387,0.09941511280359336,0.16157479418619508,0.028101284036861556,1.46206941550305,1.1775275004323937
101,13.52233662619827,BAO KT,Max,-88.19469153641387,0.09941511280359336,0.16157479418619508,0.028101284036861556,-0.12025916127300895,-0.07930905000479381
101,27.04467325239654,BAO KT,Max,-88.19469153641387,0.09941511280359336,0.16157479418619508,0.028101284036861556,1.196195405392566,-0.3425648476861284
101,0.0,BAO KT,Min,-188.3663832896077,0.019308024808974398,-0.10026004519734101,0.0011142787283037853,-1.5153047572400307,0.17961437442175027
101,13.52233662619827,BAO KT,Min,-188.3663832896077,0.019308024808974398,-0.10026004519734101,0.0011142787283037853,-0.7227993417913828,-0.16679712062926924
101,27.04467325239654,BAO KT,Min,-188.3663832896077,0.019308024808974398,-0.10026004519734101,0.0011142787283037853,-2.9076680990858152,-1.5111217416909322
103,0.0,BAO KT,Max,108.1268823611808,0.11052559174857865,0.32366049437467415,0.015735567726004485,0.9801668495246136,0.5019991850766033
103,4.06391337380173,BAO KT,Max,108.1268823611808,0.11052559174857865,0.32366049437467415,0.015735567726004485,0.17289902114725614,0.36388878320354345
103,8.12782674760346,BAO KT,Max,108.1268823611808,0.11052559174857865,0.32366049437467415,0.015735567726004485,5.2034243677040255,1.507286526698265
103,0.0,BAO KT,Min,48.37070235827872,-0.2813538671531992,-1.273026683378679,-0.07055078453994715,-5.143515959874124,-0.9088783277024517
103,4.06391337380173,BAO KT,Min,48.37070235827872,-0.2813538671531992,-1.273026683378679,-0.07055078453994715,-0.45748617763998645,0.035689055556575075
103,8.12782674760346,BAO KT,Min,48.37070235827872,-0.2813538671531992,-1.273026683378679,-0.07055078453994715,-1.6504895737964222,-0.39633367583219453
104,0.0,BAO KT,Max,-88.89503168807273,0.15966586914919415,0.18365129741952135,0.033835318141166096,1.3917779734476663,1.5993591849190656
104,11.313586626198273,BAO KT,Max,-88.89503168807273,0.15966586914919415,0.18365129741952135,0.033835318141166096,-0.1136827430756954,-0.09875629634671103
104,22.627173252396545,BAO KT,Max,-88.89503168807273,0.15966586914919415,0.18365129741952135,0.033835318141166096,1.1090869505290433,-0.42263427853757746
104,0.0,BAO KT,Min,-188.31257183498712,0.028439501978875438,-0.1223244774763957,0.0013507119250236348,-1.658770194338241,0.22087125995031148
104,11.313586626198273,BAO KT,Min,-188.31257183498712,0.028439501978875438,-0.1223244774763957,0.0013507119250236348,-0.6859768889217919,-0.20782847245612265
104,22.627173252396545,BAO KT,Min,-188.31257183498712,0.028439501978875438,-0.1223244774763957,0.0013507119250236348,-2.7637317512912496,-2.013428098814226
105,0.0,BAO KT,Max,91.05814631601454,0.7357078869152179,0.22107420062942115,0.015602038890354733,0.6241687460110856,2.918798021903176
105,4.06391337380173,BAO KT,Max,91.05814631601454,0.7357078869152179,0.22107420062942115,0.015602038890354733,0.350406824192934,0.15010539985941257
105,8.12782674760346,BAO KT,Max,91.05814631601454,0.7357078869152179,0.22107420062942115,0.015602038890354733,5.552476345763184,1.0677872120483798
105,0.0,BAO KT,Min,45.05613834598474,-0.2345619049813023,-1.3320155283329975,-0.06175820278191278,-5.293022912458289,-0.8386913132274705
105,4.06391337380173,BAO KT,Min,45.05613834598474,-0.2345619049813023,-1.3320155283329975,-0.06175820278191278,-0.369646961229918,-0.15028364023549778
105,8.12782674760346,BAO KT,Min,45.05613834598474,-0.2345619049813023,-1.3320155283329975,-0.06175820278191278,-1.1726840550697775,-3.0609082197891544
106,0.0,BAO KT,Max,-80.08603502944545,0.08784150203792933,0.12729441100039393,0.027884724848311147,1.3377258994615242,1.2010497170718855
106,15.66608662619827,BAO KT,Max,-80.08603502944545,0.08784150203792933,0.12729441100039393,0.027884724848311147,-0.13737941300284753,-0.05318379554129048
106,31.33217325239654,BAO KT,Max,-80.08603502944545,0.08784150203792933,0.12729441100039393,0.027884724848311147,0.9756179843676203,-0.22738236223889335
106,0.0,BAO KT,Min,-171.33334008209323,0.011119469134448166,-0.07171253303760768,0.000911402619440997,-1.2712915251349144,0.12101477115631237
106,15.66608662619827,BAO KT,Min,-171.33334008209323,0.011119469134448166,-0.07171253303760768,0.000911402619440997,-0.659958954245998,-0.17508286322968752
106,31.33217325239654,BAO KT,Min,-171.33334008209323,0.011119469134448166,-0.07171253303760768,0.000911402619440997,-2.6506846400645907,-1.5512154435312604
107,0.0,BAO KT,Max,122.36020513869911,1.3584935999479004,0.21222420792289615,0.01700828226272191,0.5283880076185455,5.358293506996261
107,4.06391337380173,BAO KT,Max,122.36020513869911,1.3584935999479004,0.21222420792289615,0.01700828226272191,0.16658520919906009,0.0398748693095579
107,8.12782674760346,BAO KT,Max,122.36020513869911,1.3584935999479004,0.21222420792289615,0.01700828226272191,5.381004882894075,0.6502401231307414
107,0.0,BAO KT,Min,52.36045290693238,-0.1563480364241618,-1.3034549681604872,-0.05566431545309491,-5.2132512716173505,-0.620529629252841
107,4.06391337380173,BAO KT,Min,52.36045290693238,-0.1563480364241618,-1.3034549681604872,-0.05566431545309491,-0.406834995882277,-0.31227060027679543
107,8.12782674760346,BAO KT,Min,52.36045290693238,-0.1563480364241618,-1.3034549681604872,-0.05566431545309491,-1.1965335860261281,-5.683307111108399
108,0.0,BAO KT,Max,-79.94536929059412,0.16050445061929336,0.17302415903283025,0.03130162438597947,1.570346006850184,1.82034896723822
108,13.52233662619827,BAO KT,Max,-79.94536929059412,0.16050445061929336,0.17302415903283025,0.03130162438597947,-0.16260659211421996,-0.1417490061923894
108,27.04467325239654,BAO KT,Max,-79.94536929059412,0.16050445061929336,0.17302415903283025,0.03130162438597947,1.0379825348461638,-0.5922215234281982
108,0.0,BAO KT,Min,-171.5989680345817,0.03313586389961798,-0.09111145629830351,0.0011228840513914295,-1.4260970302914613,0.30392708867285245
108,13.52233662619827,BAO KT,Min,-171.5989680345817,0.03313586389961798,-0.09111145629830351,0.0011228840513914295,-0.7695711987115118,-0.35004624403888207
108,27.04467325239654,BAO KT,Min,-171.5989680345817,0.03313586389961798,-0.09111145629830351,0.0011228840513914295,-3.1090358389634054,-2.520441455315984
109,0.0,BAO KT,Max,132.48836927778478,1.798759815521537,0.16055642530602943,0.001537881141589619,0.31996305849298956,7.3206411005276655
109,4.06391337380173,BAO KT,Max,132.48836927778478,1.798759815521537,0.16055642530602943,0.001537881141589619,0.17086648898299078,0.08024323775665833
109,8.12782674760346,BAO KT,Max,132.48836927778478,1.798759815521537,0.16055642530602943,0.001537881141589619,5.500862853121445,0.5932584970072485
109,0.0,BAO KT,Min,52.310721748429906,-0.1437462181781647,-1.3386532738767012,-0.061174548457223143,-5.379479032060548,-0.5780214874255115
109,4.06391337380173,BAO KT,Min,52.310721748429906,-0.1437462181781647,-1.3386532738767012,-0.061174548457223143,-0.411538239065894,-0.058446759607300995
109,8.12782674760346,BAO KT,Min,52.310721748429906,-0.1437462181781647,-1.3386532738767012,-0.061174548457223143,-0.9850117496089534,-7.299367040582548
110,0.0,BAO KT,Max,-78.62615101477024,0.25639816438869595,0.1714080068875467,0.037749117728474536,1.3072265465931723,2.4583299805933576
110,11.313586626198273,BAO KT,Max,-78.62615101477024,0.25639816438869595,0.1714080068875467,0.037749117728474536,-0.10085907588496412,-0.18299362881964726
110,22.627173252396545,BAO KT,Max,-78.62615101477024,0.25639816438869595,0.1714080068875467,0.037749117728474536,1.182168546184477,-0.8462925902595877
110,0.0,BAO KT,Min,-166.78676684383265,0.05647682469380798,-0.12650830736437202,0.0013721468426989227,-1.6803568424166029,0.43161830683243296
110,11.313586626198273,BAO KT,Min,-166.78676684383265,0.05647682469380798,-0.12650830736437202,0.0013721468426989227,-0.632197557684987,-0.44301508380805027
110,22.627173252396545,BAO KT,Min,-166.78676684383265,0.05647682469380798,-0.12650830736437202,0.0013721468426989227,-2.571252122099327,-3.3432357066261162
111,0.0,BAO KT,Max,133.54573581056812,2.354855892231142,0.08839406798721691,0.011579681719477571,0.10830655796144317,9.646448782299005
111,4.06391337380173,BAO KT,Max,133.54573581056812,2.354855892231142,0.08839406798721691,0.011579681719477571,0.24117270631245422,0.22213722628870575
111,8.12782674760346,BAO KT,Max,133.54573581056812,2.354855892231142,0.08839406798721691,0.011579681719477571,5.9589198242261645,1.0535235805920014
111,0.0,BAO KT,Min,53.55337330222246,-0.22664126676721763,-1.4328197562376135,-0.051542029930910685,-5.696737897150872,-0.7885773695493214
111,4.06391337380173,BAO KT,Min,53.55337330222246,-0.22664126676721763,-1.4328197562376135,-0.051542029930910685,-0.3452963738843744,-0.013145692282304205
111,8.12782674760346,BAO KT,Min,53.55337330222246,-0.22664126676721763,-1.4328197562376135,-0.051542029930910685,-0.6101451121545372,-9.493411925328884
112,0.0,BAO KT,Max,-77.39302671979475,0.0792016613198163,0.1448476058449438,0.030162863973877956,1.526211024471697,1.2249356432139653
112,15.66608662619827,BAO KT,Max,-77.39302671979475,0.0792016613198163,0.1448476058449438,0.030162863973877956,-0.19805258140223014,0.08635383055697976
112,31.33217325239654,BAO KT,Max,-77.39302671979475,0.0792016613198163,0.1448476058449438,0.030162863973877956,0.7170691988921732,0.3283213482993559
112,0.0,BAO KT,Min,-164.96502318751214,-0.015522473328535045,-0.05905941819234366,0.0010689549815791736,-1.1333907240960783,-0.1580314753360086
112,15.66608662619827,BAO KT,Min,-164.96502318751214,-0.015522473328535045,-0.05905941819234366,0.0010689549815791736,-0.7475490976717896,-0.04414779496895349
112,31.33217325239654,BAO KT,Min,-164.96502318751214,-0.015522473328535045,-0.05905941819234366,0.0010689549815791736,-3.0121792570569266,-1.2566245311361528
113,0.0,BAO KT,Max,127.97181693021604,3.0675496684079255,0.007842573873617642,0.03356620539074891,-0.10416757358573003,12.413539218916036
113,4.06391337380173,BAO KT,Max,127.97181693021604,3.0675496684079255,0.007842573873617642,0.03356620539074891,0.315438187973029,0.3447019757864941
113,8.12782674760346,BAO KT,Max,127.97181693021604,3.0675496684079255,0.007842573873617642,0.03356620539074891,6.519874953173442,1.275514127205357
113,0.0,BAO KT,Min,58.338351134924054,-0.24044665929175352,-1.5623888834967645,-0.047951299331510516,-6.178951204269868,-0.6787946615580535
113,4.06391337380173,BAO KT,Min,58.338351134924054,-0.24044665929175352,-1.5623888834967645,-0.047951299331510516,-0.23025868194910568,-0.14058599004611236
113,8.12782674760346,BAO KT,Min,58.338351134924054,-0.24044665929175352,-1.5623888834967645,-0.047951299331510516,-0.16791065528577542,-12.518973025572027
114,0.0,BAO KT,Max,-77.89115411818226,0.08561657217667189,0.12541746999582953,0.03066412230395777,1.32927940540031,1.362059043206979
114,15.66608662619827,BAO KT,Max,-77.89115411818226,0.08561657217667189,0.12541746999582953,0.03066412230395777,-0.13808830835470698,0.09105201501563623
114,31.33217325239654,BAO KT,Max,-77.89115411818226,0.08561657217667189,0.12541746999582953,0.03066412230395777,0.9461158956530357,0.32658668582089084
114,0.0,BAO KT,Min,-164.64626737180458,-0.01541742273474093,-0.06970512419439574,0.0009664741714435353,-1.2378971321855896,-0.15647467440944918
114,15.66608662619827,BAO KT,Min,-164.64626737180458,-0.01541742273474093,-0.06970512419439574,0.0009664741714435353,-0.6383962414641067,-0.013142641113545045
114,31.33217325239654,BAO KT,Min,-164.64626737180458,-0.01541742273474093,-0.06970512419439574,0.0009664741714435353,-2.600322493386266,-1.3204942295088178
115,0.0,BAO KT,Max,100.8141033417533,3.530415877804339,0.06262928147898933,0.02850989355997863,0.027081982322152753,14.573606861990507
115,4.06391337380173,BAO KT,Max,100.8141033417533,3.530415877804339,0.06262928147898933,0.02850989355997863,0.3642694060855873,0.34744273643914275
115,8.12782674760346,BAO KT,Max,100.8141033417533,3.530415877804339,0.06262928147898933,0.02850989355997863,6.700811612457094,0.8253627288909082
115,0.0,BAO KT,Min,55.05305683081221,-0.18646716755768145,-1.6224578718492826,-0.05994184975840668,-6.486244875219293,-0.6902101031342713
115,4.06391337380173,BAO KT,Min,55.05305683081221,-0.18646716755768145,-1.6224578718492826,-0.05994184975840668,-0.3375824157551578,0.012756218342693037
115,8.12782674760346,BAO KT,Min,55.05305683081221,-0.18646716755768145,-1.6224578718492826,-0.05994184975840668,-0.4819579668659628,-14.12100173979155
116,0.0,BAO KT,Max,-77.26324013590924,0.11259119359712656,0.17078592510036295,0.034482685027552584,1.565071951259646,1.6261481618863278
116,13.52233662619827,BAO KT,Max,-77.26324013590924,0.11259119359712656,0.17078592510036295,0.034482685027552584,-0.1682866515486744,0.22286928406247708
116,27.04467325239654,BAO KT,Max,-77.26324013590924,0.11259119359712656,0.17078592510036295,0.034482685027552584,1.00546780043041,0.84908756135861
116,0.0,BAO KT,Min,-164.32730969401047,-0.046762741432341895,-0.08836944517326015,0.0011557672156206687,-1.3844549697759811,-0.41559550106538234
116,13.52233662619827,BAO KT,Min,-164.32730969401047,-0.046762741432341895,-0.08836944517326015,0.0011557672156206687,-0.7446213577873986,0.0974903033282457
116,27.04467325239654,BAO KT,Min,-164.32730969401047,-0.046762741432341895,-0.08836944517326015,0.0011557672156206687,-3.053777589187938,-1.4188438800452816
117,0.0,BAO KT,Max,109.32410777431072,4.13748194825903,0.04557355102102617,0.06112689736255132,-0.03194837695271624,17.167674351586328
117,4.06391337380173,BAO KT,Max,109.32410777431072,4.13748194825903,0.04557355102102617,0.06112689736255132,0.208918365347708,0.6965612655461786
117,8.12782674760346,BAO KT,Max,109.32410777431072,4.13748194825903,0.04557355102102617,0.06112689736255132,7.254226783292602,1.9633806049926363
117,0.0,BAO KT,Min,44.21332563582068,-0.3949559800170675,-1.742251828675732,-0.07266470784054865,-6.906494230879056,-1.2467531735160227
117,4.06391337380173,BAO KT,Min,44.21332563582068,-0.3949559800170675,-1.742251828675732,-0.07266470784054865,-0.2501483175862377,-0.24313871289754846
117,8.12782674760346,BAO KT,Min,44.21332563582068,-0.3949559800170675,-1.742251828675732,-0.07266470784054865,-0.40236230392468375,-16.461062095199892
119,0.0,BAO KT,Max,-75.85920050138394,0.18691190203614616,0.1688764177078799,0.0422761125418768,1.309055003424684,2.2586618701218417
119,11.313586626198273,BAO KT,Max,-75.85920050138394,0.18691190203614616,0.1688764177078799,0.0422761125418768,-0.14143884073960575,0.2837204125138757
119,22.627173252396545,BAO KT,Max,-75.85920050138394,0.18691190203614616,0.1688764177078799,0.0422761125418768,1.146932161977359,1.0909141445467472
119,0.0,BAO KT,Min,-159.78631649575652,-0.0717971282258617,-0.12252185678282243,0.0014685129359910338,-1.625391118652881,-0.5336519148443559
119,11.313586626198273,BAO KT,Min,-159.78631649575652,-0.0717971282258617,-0.12252185678282243,0.0014685129359910338,-0.6015712734145894,0.13890844267375377
119,22.627173252396545,BAO KT,Min,-159.78631649575652,-0.0717971282258617,-0.12252185678282243,0.0014685129359910338,-2.512140958295602,-1.9706261201850082
120,0.0,BAO KT,Max,-78.37558549107656,0.1315943129605078,0.10720662363585456,0.029800283958775417,1.1452596148248793,1.8682143813995045
120,15.66608662619827,BAO KT,Max,-78.37558549107656,0.1315943129605078,0.10720662363585456,0.029800283958775417,-0.08183655165257035,0.17128969272160527
120,31.33217325239654,BAO KT,Max,-78.37558549107656,0.1315943129605078,0.10720662363585456,0.029800283958775417,1.1462940596772524,0.6349959653346825
120,0.0,BAO KT,Min,-163.6465034606369,-0.030168603833549516,-0.07899114188309293,0.0009769579546426229,-1.3286700832084521,-0.31025195676100537
120,15.66608662619827,BAO KT,Min,-163.6465034606369,-0.030168603833549516,-0.07899114188309293,0.0009769579546426229,-0.5372723263109181,-0.20227121338962326
120,31.33217325239654,BAO KT,Min,-163.6465034606369,-0.030168603833549516,-0.07899114188309293,0.0009769579546426229,-2.2137568907381864,-2.2549214313092176
121,0.0,BAO KT,Max,-82.58043664767571,0.18010693342323145,0.15255716667318875,0.03338972277970065,1.4090093915050066,2.2783520334235443
121,13.52233662619827,BAO KT,Max,-82.58043664767571,0.18010693342323145,0.15255716667318875,0.03338972277970065,-0.12070307360675184,0.275457962091875
121,27.04467325239654,BAO KT,Max,-82.58043664767571,0.18010693342323145,0.15255716667318875,0.03338972277970065,1.1470617063747126,1.043102409297851
121,0.0,BAO KT,Min,-172.472669936515,-0.05751005454611872,-0.09575266109967058,0.00110282734691594,-1.4425377261133385,-0.512238224629432
121,13.52233662619827,BAO KT,Min,-172.472669936515,-0.05751005454611872,-0.09575266109967058,0.00110282734691594,-0.6540384529474783,-0.16714041879533745
121,27.04467325239654,BAO KT,Min,-172.472669936515,-0.05751005454611872,-0.09575266109967058,0.00110282734691594,-2.7168493334827817,-2.592581131498888
122,0.0,BAO KT,Max,-83.1840461001324,0.2846475669544178,0.17781124424591915,0.0409492169941847,1.3874265121988496,3.070830756393178
122,11.313586626198273,BAO KT,Max,-83.1840461001324,0.2846475669544178,0.17781124424591915,0.0409492169941847,-0.1435788483227451,0.33637428445466944
122,22.627173252396545,BAO KT,Max,-83.1840461001324,0.2846475669544178,0.17781124424591915,0.0409492169941847,1.0434298641306625,1.2757140715852269
122,0.0,BAO KT,Min,-172.70085182741587,-0.08402593941885775,-0.11482016992987877,0.0013682573395839373,-1.5546260137423165,-0.6255554173406435
122,11.313586626198273,BAO KT,Min,-172.70085182741587,-0.08402593941885775,-0.11482016992987877,0.0013682573395839373,-0.6242603936558649,-0.160849107614578
122,22.627173252396545,BAO KT,Min,-172.70085182741587,-0.08402593941885775,-0.11482016992987877,0.0013682573395839373,-2.6359393175777615,-3.3699390569575787
123,0.0,BAO KT,Max,-66.02029295252314,0.16560197573122387,0.1166974389868031,0.09758994895015558,1.5746824016718146,1.9522185378289882
123,11.628598196990401,BAO KT,Max,-66.02029295252314,0.16560197573122387,0.1166974389868031,0.09758994895015558,0.5574160802150857,0.2723351558908793
123,23.257196393980802,BAO KT,Max,-66.02029295252314,0.16560197573122387,0.1166974389868031,0.09758994895015558,2.2218075617888715,1.4881751375896002
123,0.0,BAO KT,Min,-161.402898561882,-0.10497937529348829,-0.1431291591109019,0.004385516594746677,-1.1069754013587003,-0.953350810928473
123,11.628598196990401,BAO KT,Min,-161.402898561882,-0.10497937529348829,-0.1431291591109019,0.004385516594746677,0.14213377419262424,0.008085464640240549
123,23.257196393980802,BAO KT,Min,-161.402898561882,-0.10497937529348829,-0.1431291591109019,0.004385516594746677,-1.139372855518857,-1.899219134983328
125,0.0,BAO KT,Max,-70.48813692955108,0.09960601896640596,0.0718789617545148,0.1263571814659301,1.226938858782654,1.4059036278090113
125,13.856167846328484,BAO KT,Max,-70.48813692955108,0.09960601896640596,0.0718789617545148,0.1263571814659301,0.8110898744068148,0.2470191391373341
125,27.712335692656968,BAO KT,Max,-70.48813692955108,0.09960601896640596,0.0718789617545148,0.1263571814659301,3.235304053281992,1.3579221773923142
125,0.0,BAO KT,Min,-168.65779687143018,-0.08034761592041206,-0.17495560141598096,0.009401034451697482,-1.6131243044683627,-0.8686979270988142
125,13.856167846328484,BAO KT,Min,-168.65779687143018,-0.08034761592041206,-0.17495560141598096,0.009401034451697482,0.21902392247592142,0.020098230155317056
125,27.712335692656968,BAO KT,Min,-168.65779687143018,-0.08034761592041206,-0.17495560141598096,0.009401034451697482,-0.7649950585981116,-1.354411806797187
126,0.0,BAO KT,Max,-54.00473644353442,0.045910696878336425,0.1777824939050815,-0.008717315182993533,1.5610917233844357,0.3541989827637991
126,13.197191534683087,BAO KT,Max,-54.00473644353442,0.045910696878336425,0.1777824939050815,-0.008717315182993533,-0.20774300308965693,-0.0175145631293425
126,26.394383069366175,BAO KT,Max,-54.00473644353442,0.045910696878336425,0.1777824939050815,-0.008717315182993533,0.9080947561426502,1.9366598254799572
126,0.0,BAO KT,Min,-153.19575081819326,-0.14949634358179312,-0.0858858764492278,-0.11789503825282373,-1.3588099671065228,-2.0092039344874717
126,13.197191534683087,BAO KT,Min,-153.19575081819326,-0.14949634358179312,-0.0858858764492278,-0.11789503825282373,-0.7896549327385716,-0.25467679649662456
126,26.394383069366175,BAO KT,Min,-153.19575081819326,-0.14949634358179312,-0.0858858764492278,-0.11789503825282373,-3.1313675237735428,-0.8575855376245662
127,0.0,BAO KT,Max,-47.52962619906544,0.05961323836846093,0.15756539942828413,-0.005231102602253332,1.152921755494484,0.3800815611784273
127,11.003077535048332,BAO KT,Max,-47.52962619906544,0.05961323836846093,0.15756539942828413,-0.005231102602253332,-0.12100294972382813,-0.006003791215523345
127,22.006155070096664,BAO KT,Max,-47.52962619906544,0.05961323836846093,0.15756539942828413,-0.005231102602253332,1.2953392505422208,2.589177781331157
127,0.0,BAO KT,Min,-143.38478148191132,-0.2395080193327292,-0.13759450211426397,-0.09536454004270833,-1.7325866997770156,-2.6814728326365915
127,11.003077535048332,BAO KT,Min,-143.38478148191132,-0.2395080193327292,-0.13759450211426397,-0.09536454004270833,-0.5846485178094546,-0.28165310757323575
127,22.006155070096664,BAO KT,Min,-143.38478148191132,-0.2395080193327292,-0.13759450211426397,-0.09536454004270833,-2.3144868580060565,-0.93177660658856
128,0.0,BAO KT,Max,-52.63095927555713,0.02130599981112545,0.06886163429930763,0.11446993638401526,1.1302575018626895,0.09197724280659911
128,13.197191534682997,BAO KT,Max,-52.63095927555713,0.02130599981112545,0.06886163429930763,0.11446993638401526,0.7841696690943458,-0.016516207827435254
128,26.394383069365993,BAO KT,Max,-52.63095927555713,0.02130599981112545,0.06886163429930763,0.11446993638401526,3.202444457931949,1.9519705351493397
128,0.0,BAO KT,Min,-151.79184250459315,-0.14998968367562987,-0.18354631662730814,0.02677867664675041,-1.642147334100362,-2.015716575003934
128,13.197191534682997,BAO KT,Min,-151.79184250459315,-0.14998968367562987,-0.18354631662730814,0.02677867664675041,0.20529377182918673,-0.19187630981453507
128,26.394383069365993,BAO KT,Min,-151.79184250459315,-0.14998968367562987,-0.18354631662730814,0.02677867664675041,-0.6873028526158284,-0.4703814778840855
129,0.0,BAO KT,Max,-46.1442442201826,0.030516862785530046,0.10810530292043012,0.09112857340350039,1.405100446732338,0.11629347484857233
129,11.003077535048321,BAO KT,Max,-46.1442442201826,0.030516862785530046,0.10810530292043012,0.09112857340350039,0.5798081984759191,0.021651751653078193
129,22.006155070096643,BAO KT,Max,-46.1442442201826,0.030516862785530046,0.10810530292043012,0.09112857340350039,2.410627075493409,2.647863010537461
129,0.0,BAO KT,Min,-141.97844122334953,-0.24308790541533418,-0.16680077676030336,0.014510175418764202,-1.2600166837063986,-2.7041331830196618
129,11.003077535048321,BAO KT,Min,-141.97844122334953,-0.24308790541533418,-0.16680077676030336,0.014510175418764202,0.1072758854950816,-0.22342700648905842
129,22.006155070096643,BAO KT,Min,-141.97844122334953,-0.24308790541533418,-0.16680077676030336,0.014510175418764202,-0.9738816132344185,-0.5552653398626632
132,0.0,BAO KT,Max,-68.39600600097053,0.17922062117619822,0.1533004963401025,0.008139844584663571,1.2214281885918383,2.1101265264458635
132,11.628598196990396,BAO KT,Max,-68.39600600097053,0.17922062117619822,0.1533004963401025,0.008139844584663571,-0.13436337111101368,0.2141024134607158
132,23.25719639398079,BAO KT,Max,-68.39600600097053,0.17922062117619822,0.1533004963401025,0.008139844584663571,0.8221490720008439,1.1214135877088665
132,0.0,BAO KT,Min,-161.5830898399447,-0.07832193538718352,-0.08979740145264369,-0.07341222895755105,-1.2662867292524262,-0.7001350455475346
132,11.628598196990396,BAO KT,Min,-161.5830898399447,-0.07832193538718352,-0.08979740145264369,-0.07341222895755105,-0.5612416867464103,-0.010093503043294101
132,23.25719639398079,BAO KT,Min,-161.5830898399447,-0.07832193538718352,-0.08979740145264369,-0.07341222895755105,-2.343911562084659,-2.0580426581002116
135,0.0,BAO KT,Max,-70.69256428175129,0.10871188237236629,0.18158679847020948,0.0006581121747966101,1.702155244954788,1.5323273196353133
135,13.856167846328484,BAO KT,Max,-70.69256428175129,0.10871188237236629,0.18158679847020948,0.0006581121747966101,-0.2189132829351129,0.1853990981687244
135,27.712335692656968,BAO KT,Max,-70.69256428175129,0.10871188237236629,0.18158679847020948,0.0006581121747966101,0.5392519125931206,0.9838636102947256
135,0.0,BAO KT,Min,-168.65222212681272,-0.05778877105973942,-0.05578020118055432,-0.10509630505502249,-1.0065477475263414,-0.617598212578873
135,13.856167846328484,BAO KT,Min,-168.65222212681272,-0.05778877105973942,-0.05578020118055432,-0.10509630505502249,-0.8139419133258585,0.020573111308424107
135,27.712335692656968,BAO KT,Min,-168.65222212681272,-0.05778877105973942,-0.05578020118055432,-0.10509630505502249,-3.3300390716065054,-1.4803328584483386
136,0.0,BAO KT,Max,377.91237485866975,395.3158267770643,-7.699134998563448,0.30897792283719716,-4.3612421533246035,180.1002340267347
136,0.43545369889792723,BAO KT,Max,377.91237485866975,395.3158267770643,-7.699134998563448,0.30897792283719716,3.7795710642569023,8.187989559114499
136,0.8709073977958545,BAO KT,Max,377.91237485866975,395.3158267770643,-7.699134998563448,0.30897792283719716,44.37775652917474,5.884761624805378
136,0.0,BAO KT,Min,82.52212598453367,-14.308100747305254,-101.83241183195099,-1.124227474634936,-44.578711944581435,-7.066139647259687
136,0.43545369889792723,BAO KT,Min,82.52212598453367,-14.308100747305254,-101.83241183195099,-1.124227474634936,-2.4982657661245877,-2.9950336104336266
136,0.8709073977958545,BAO KT,Min,82.52212598453367,-14.308100747305254,-101.83241183195099,-1.124227474634936,1.173194922156696,-166.75775981292804
137,0.0,BAO KT,Max,152.6773899589572,1.8028853472012107,41.23890745412994,0.8913598939681056,34.90424470271776,1.5170730361976168
137,0.8797052144645674,BAO KT,Max,152.6773899589572,1.8028853472012107,41.23890745412994,0.8913598939681056,-0.05695786678016682,1.1273740902970333
137,1.7594104289291348,BAO KT,Max,152.6773899589572,1.8028853472012107,41.23890745412994,0.8913598939681056,-3.233091388945681,111.09650371944105
137,0.0,BAO KT,Min,-56.94680922887516,-128.93872574889505,3.549509760377978,-0.1847526699108189,2.9788658044684246,-115.75963505599849
137,0.8797052144645674,BAO KT,Min,-56.94680922887516,-128.93872574889505,3.549509760377978,-0.1847526699108189,-3.252484665418588,-3.8844139559066275
137,1.7594104289291348,BAO KT,Min,-56.94680922887516,-128.93872574889505,3.549509760377978,-0.1847526699108189,-38.92716611482053,-2.205958799016971
138,0.0,BAO KT,Max,368.2560884922848,406.8096612459022,108.01277756971818,0.9918951702938538,48.36192796438404,185.61141571041833
138,0.4354536988979265,BAO KT,Max,368.2560884922848,406.8096612459022,108.01277756971818,0.9918951702938538,2.5649473225986146,8.46464397347773
138,0.870907397795853,BAO KT,Max,368.2560884922848,406.8096612459022,108.01277756971818,0.9918951702938538,32.32789944767055,2.7722440772535446
138,0.0,BAO KT,Min,88.9413781061266,-6.977006610079682,-72.12889430349755,-1.002956762483052,-32.424641620409886,-3.3091999222657624
138,0.4354536988979265,BAO KT,Min,88.9413781061266,-6.977006610079682,-72.12889430349755,-1.002956762483052,-2.769082950591868,-2.724514625989701
138,0.870907397795853,BAO KT,Min,88.9413781061266,-6.977006610079682,-72.12889430349755,-1.002956762483052,-46.59779851763849,-168.68212776346286
139,0.0,BAO KT,Max,139.37448366648147,-0.7694816457762101,22.058000098712164,-0.07662909898003911,20.203773483105135,-0.8970533478577092
139,0.8797052144645829,BAO KT,Max,139.37448366648147,-0.7694816457762101,22.058000098712164,-0.07662909898003911,2.457787512610763,1.029389901512485
139,1.7594104289291659,BAO KT,Max,139.37448366648147,-0.7694816457762101,22.058000098712164,-0.07662909898003911,39.55589228810307,111.54536899609441
139,0.0,BAO KT,Min,-62.54185422667571,-130.98865340723492,-43.27817679051464,-1.0548368703723747,-36.873570390087465,-118.91743387998265
139,0.8797052144645829,BAO KT,Min,-62.54185422667571,-130.98865340723492,-43.27817679051464,-1.0548368703723747,0.04890917155940022,-3.6860324419441213
139,1.7594104289291659,BAO KT,Min,-62.54185422667571,-130.98865340723492,-43.27817679051464,-1.0548368703723747,-18.97707876058496,0.4567806845905331
140,0.0,BAO KT,Max,165.12163072791162,0.9366098005892338,5.2691942861762815,0.15004768066375695,14.171556084828355,1.4530464377295098
140,2.8179446499219605,BAO KT,Max,165.12163072791162,0.9366098005892338,5.2691942861762815,0.15004768066375695,1.0206776599160434,0.332475674910815
140,5.635889299843921,BAO KT,Max,165.12163072791162,0.9366098005892338,5.2691942861762815,0.15004768066375695,20.946759751290763,68.09202485596485
140,0.0,BAO KT,Min,26.259171480305675,-24.56247639182437,-7.550534728478109,-0.771955494815149,-21.607218133038938,-70.33937301838702
140,2.8179446499219605,BAO KT,Min,26.259171480305675,-24.56247639182437,-7.550534728478109,-0.771955494815149,-2.0164944457874254,-2.5166396252514334
140,5.635889299843921,BAO KT,Min,26.259171480305675,-24.56247639182437,-7.550534728478109,-0.771955494815149,-15.525039611431279,-3.8255827155403024
141,0.0,BAO KT,Max,198.5209259305198,4.763301087877386,27.709045594413574,0.2238603846401466,71.04965265828524,11.10009455560969
141,2.5552701811041154,BAO KT,Max,198.5209259305198,4.763301087877386,27.709045594413574,0.2238603846401466,1.1859728440993025,0.8212449321719958
141,5.110540362208231,BAO KT,Max,198.5209259305198,4.763301087877386,27.709045594413574,0.2238603846401466,0.1451634759083399,15.898146304630545
141,0.0,BAO KT,Min,55.66185459503483,-6.332098283792835,-0.010023755652107835,-0.5113955992971911,0.09393666806732998,-16.655845922970826
141,2.5552701811041154,BAO KT,Min,55.66185459503483,-6.332098283792835,-0.010023755652107835,-0.5113955992971911,-0.5699441476523515,-1.7328258439338733
141,5.110540362208231,BAO KT,Min,55.66185459503483,-6.332098283792835,-0.010023755652107835,-0.5113955992971911,-70.55854325023348,-13.242947911338064
142,0.0,BAO KT,Max,160.51985417265527,3.685658749517618,23.01717903553312,0.286622212717413,59.06483699749437,8.671392288032875
142,2.555270181104115,BAO KT,Max,160.51985417265527,3.685658749517618,23.01717903553312,0.286622212717413,0.540540967875747,1.0230030619375152
142,5.11054036220823,BAO KT,Max,160.51985417265527,3.685658749517618,23.01717903553312,0.286622212717413,0.1621680893956745,17.738805476946585
142,0.0,BAO KT,Min,67.31362480405807,-6.867812444750565,-0.011353210271569283,-0.2554856091028445,0.10414705006218261,-17.35942722202716
142,2.555270181104115,BAO KT,Min,67.31362480405807,-6.867812444750565,-0.011353210271569283,-0.2554856091028445,-1.2627759654353685,-1.194089432511441
142,5.11054036220823,BAO KT,Min,67.31362480405807,-6.867812444750565,-0.011353210271569283,-0.2554856091028445,-58.565385487770726,-10.18883119536227
143,0.0,BAO KT,Max,165.2098241165209,3.502618353108931,18.5647742094813,0.15590115403003102,47.56884050730634,8.086340756556648
143,2.555270181104115,BAO KT,Max,165.2098241165209,3.502618353108931,18.5647742094813,0.15590115403003102,1.1497810796802466,1.2431426196531696
143,5.11054036220823,BAO KT,Max,165.2098241165209,3.502618353108931,18.5647742094813,0.15590115403003102,2.9700882030495817,17.63817398755844
143,0.0,BAO KT,Min,71.53979102912568,-6.907707633103984,-0.7481123520098214,-0.24178455208770638,-0.8531701673631427,-17.663944681753357
143,2.555270181104115,BAO KT,Min,71.53979102912568,-6.907707633103984,-0.7481123520098214,-0.24178455208770638,-0.043987349218248706,-1.4012397994521326
143,5.11054036220823,BAO KT,Min,71.53979102912568,-6.907707633103984,-0.7481123520098214,-0.24178455208770638,-47.30718740553024,-9.847067220320312
144,0.0,BAO KT,Max,202.71320985739658,2.9031773861560346,14.48516691160058,0.17968021127717101,36.955780861156136,6.160796133544411
144,2.555270181104115,BAO KT,Max,202.71320985739658,2.9031773861560346,14.48516691160058,0.17968021127717101,0.5051908040685105,0.8933579031909596
144,5.11054036220823,BAO KT,Max,202.71320985739658,2.9031773861560346,14.48516691160058,0.17968021127717101,1.0136145009396396,16.61847137996272
144,0.0,BAO KT,Min,63.205509940514375,-6.762113188359149,-0.21018082627461898,-0.3995124328799837,-0.06052309509907666,-18.086267102366765
144,2.555270181104115,BAO KT,Min,63.205509940514375,-6.762113188359149,-0.21018082627461898,-0.3995124328799837,-0.19149480096405683,-1.9428472303809512
144,5.11054036220823,BAO KT,Min,63.205509940514375,-6.762113188359149,-0.21018082627461898,-0.3995124328799837,-37.07124929390176,-8.71622306383584
145,0.0,BAO KT,Max,206.16539595551384,2.240994033021279,10.220929175150133,0.22708800531607176,26.203103125218547,4.397229510538326
145,2.555270181104115,BAO KT,Max,206.16539595551384,2.240994033021279,10.220929175150133,0.22708800531607176,0.39414028017160313,0.8304794487342719
145,5.11054036220823,BAO KT,Max,206.16539595551384,2.240994033021279,10.220929175150133,0.22708800531607176,0.45656266912918075,16.599951208088452
145,0.0,BAO KT,Min,52.765123014760704,-6.856955788891243,-0.08210652168027043,-0.28844703854889364,0.036953976081633616,-18.56816281309209
145,2.555270181104115,BAO KT,Min,52.765123014760704,-6.856955788891243,-0.08210652168027043,-0.28844703854889364,-0.43580875216921233,-2.3085648248323185
145,5.11054036220823,BAO KT,Min,52.765123014760704,-6.856955788891243,-0.08210652168027043,-0.28844703854889364,-26.031367963657875,-7.1021178512713625
146,0.0,BAO KT,Max,206.88227440613394,1.6226143372373796,6.248452148759933,0.1545608669437967,15.961134423055706,2.8787985609969007
146,2.555270181104115,BAO KT,Max,206.88227440613394,1.6226143372373796,6.248452148759933,0.1545608669437967,0.7043818211291828,0.7901940336723784
146,5.11054036220823,BAO KT,Max,206.88227440613394,1.6226143372373796,6.248452148759933,0.1545608669437967,0.803375819599994,18.145655612925943
146,0.0,BAO KT,Min,61.76630459099354,-7.203628162305898,-0.17851859421314661,-0.2550533375643581,-0.10895066153096428,-19.161745899938538
146,2.555270181104115,BAO KT,Min,61.76630459099354,-7.203628162305898,-0.17851859421314661,-0.2550533375643581,-0.4571191596829066,-1.8944623487565497
146,5.11054036220823,BAO KT,Min,61.76630459099354,-7.203628162305898,-0.17851859421314661,-0.2550533375643581,-15.971832484508676,-5.466484058830739
147,0.0,BAO KT,Max,-54.555302631308905,0.3972979661121996,2.9099794950991464,0.14913036378448233,17.564102264844713,1.0805470477999868
147,6.07857324030656,BAO KT,Max,-54.555302631308905,0.3972979661121996,2.9099794950991464,0.14913036378448233,0.6092869859581522,-0.7079270086710386
147,12.15714648061312,BAO KT,Max,-54.555302631308905,0.3972979661121996,2.9099794950991464,0.14913036378448233,2.5815957046892626,12.05316569798798
147,0.0,BAO KT,Min,-183.31669635650724,-2.1188532883514193,-0.36842975670569955,-0.19283101046495796,-1.8974588153985814,-13.706044099429013
147,6.07857324030656,BAO KT,Min,-183.31669635650724,-2.1188532883514193,-0.36842975670569955,-0.19283101046495796,-0.4352893534918776,-1.522454707308965
147,12.15714648061312,BAO KT,Min,-183.31669635650724,-2.1188532883514193,-0.36842975670569955,-0.19283101046495796,-17.812944712656222,-3.824930752586215
148,0.0,BAO KT,Max,-48.721863465149994,0.35154900703468484,2.3833265314869965,0.15089463066978198,14.46459828254135,0.9648379921169348
148,6.07857324030656,BAO KT,Max,-48.721863465149994,0.35154900703468484,2.3833265314869965,0.15089463066978198,0.4795339195221464,-0.6549258405318099
148,12.15714648061312,BAO KT,Max,-48.721863465149994,0.35154900703468484,2.3833265314869965,0.15089463066978198,2.4895162432908284,11.777995969761074
148,0.0,BAO KT,Min,-179.39162394282982,-2.065817940962105,-0.3542887076703403,-0.16911946312122925,-1.8176234722846194,-13.336455340793826
148,6.07857324030656,BAO KT,Min,-179.39162394282982,-2.065817940962105,-0.3542887076703403,-0.16911946312122925,-0.1662141286871984,-1.3882817309827482
148,12.15714648061312,BAO KT,Min,-179.39162394282982,-2.065817940962105,-0.3542887076703403,-0.16911946312122925,-14.509851471877665,-3.3865347255007965
149,0.0,BAO KT,Max,-46.71759232543027,0.33312864437111145,2.045846005206988,0.10725866455138781,12.126048237133196,0.8790471218589919
149,6.07857324030656,BAO KT,Max,-46.71759232543027,0.33312864437111145,2.045846005206988,0.10725866455138781,0.07922107526278552,-0.6073561323331729
149,12.15714648061312,BAO KT,Max,-46.71759232543027,0.33312864437111145,2.045846005206988,0.10725866455138781,1.2035979406926471,11.440668195698532
149,0.0,BAO KT,Min,-162.72019514259728,-2.0042336460023114,-0.1949873444826182,-0.18659412281958015,-1.166891768048313,-12.925093820124868
149,6.07857324030656,BAO KT,Min,-162.72019514259728,-2.0042336460023114,-0.1949873444826182,-0.18659412281958015,-0.3706445328466928,-1.3293839007885686
149,12.15714648061312,BAO KT,Min,-162.72019514259728,-2.0042336460023114,-0.1949873444826182,-0.18659412281958015,-12.74591154570959,-3.195667698454834
150,0.0,BAO KT,Max,-52.333622409211046,0.36631770677026776,1.7843322949580858,0.06187980970859356,10.076492050397189,1.0208111863862832
150,6.07857324030656,BAO KT,Max,-52.333622409211046,0.36631770677026776,1.7843322949580858,0.06187980970859356,-0.2669653934390854,-0.6541697341399288
150,12.15714648061312,BAO KT,Max,-52.333622409211046,0.36631770677026776,1.7843322949580858,0.06187980970859356,-0.08245936256769504,10.877705855524304
150,0.0,BAO KT,Min,-181.34456073584406,-1.916809475774964,-0.03501232037746331,-0.2397858038618643,-0.5081092700226721,-12.42522771689918
150,6.07857324030656,BAO KT,Min,-181.34456073584406,-1.916809475774964,-0.03501232037746331,-0.2397858038618643,-1.047360661031412,-1.421368531018686
150,12.15714648061312,BAO KT,Min,-181.34456073584406,-1.916809475774964,-0.03501232037746331,-0.2397858038618643,-11.889172668548511,-3.51309752987762
151,0.0,BAO KT,Max,-58.42348003971331,0.44441098102583365,1.2028158666169027,0.07110369349669872,6.798962608580528,1.3067951184508722
151,6.07857324030656,BAO KT,Max,-58.42348003971331,0.44441098102583365,1.2028158666169027,0.07110369349669872,-0.19957274618742585,-0.752520814725528
151,12.15714648061312,BAO KT,Max,-58.42348003971331,0.44441098102583365,1.2028158666169027,0.07110369349669872,0.1683874752640544,10.059633522265113
151,0.0,BAO KT,Min,-204.82965176254382,-1.7961958571393428,-0.06401518829005118,-0.17385299256399556,-0.6098545457621276,-11.776982620848315
151,6.07857324030656,BAO KT,Min,-204.82965176254382,-1.7961958571393428,-0.06401518829005118,-0.17385299256399556,-0.6767404576726425,-1.6075396699732152
151,12.15714648061312,BAO KT,Min,-204.82965176254382,-1.7961958571393428,-0.06401518829005118,-0.17385299256399556,-7.988144797506293,-4.205174301324984
152,0.0,BAO KT,Max,-61.58129083715327,0.5026962752615629,0.6833574550174533,0.07996370324064339,3.8281443062404628,1.5217102536327598
152,6.07857324030656,BAO KT,Max,-61.58129083715327,0.5026962752615629,0.6833574550174533,0.07996370324064339,-0.08168190623876517,-0.811019041797494
152,12.15714648061312,BAO KT,Max,-61.58129083715327,0.5026962752615629,0.6833574550174533,0.07996370324064339,0.5587499395328028,9.269052952059763
152,0.0,BAO KT,Min,-210.25052649094116,-1.6755347812348482,-0.10855995154457292,-0.11763487443569946,-0.7610292933228326,-11.100668816774347
152,6.07857324030656,BAO KT,Min,-210.25052649094116,-1.6755347812348482,-0.10855995154457292,-0.11763487443569946,-0.3429454198692864,-1.73073354162591
152,12.15714648061312,BAO KT,Min,-210.25052649094116,-1.6755347812348482,-0.10855995154457292,-0.11763487443569946,-4.479532373025707,-4.683612629355498
153,0.0,BAO KT,Max,-62.94484858932948,0.5256421833146234,0.32502002885419734,0.06422734118866916,1.4663680426373729,1.6133067013244187
153,6.07857324030656,BAO KT,Max,-62.94484858932948,0.5256421833146234,0.32502002885419734,0.06422734118866916,0.08365292243830226,-0.828053808514539
153,12.15714648061312,BAO KT,Max,-62.94484858932948,0.5256421833146234,0.32502002885419734,0.06422734118866916,0.3339308123536352,8.56351653420234
153,0.0,BAO KT,Min,-208.0714390216613,-1.5624847933942925,-0.06784044378317072,-0.11553808017956055,-0.5763348940606647,-10.4318399728226
153,6.07857324030656,BAO KT,Min,-208.0714390216613,-1.5624847933942925,-0.06784044378317072,-0.11553808017956055,-0.5323260220485109,-1.771530797143309
153,12.15714648061312,BAO KT,Min,-208.0714390216613,-1.5624847933942925,-0.06784044378317072,-0.11553808017956055,-2.484948057276207,-4.862101494482923
154,0.0,BAO KT,Max,-66.65889067860816,0.28759382379724097,0.4864507098263894,0.0781721520220292,2.3005653533743042,1.5441340792632294
154,7.116996315599993,BAO KT,Max,-66.65889067860816,0.28759382379724097,0.4864507098263894,0.0781721520220292,-0.6242015149983838,0.20586402677988735
154,14.233992631199985,BAO KT,Max,-66.65889067860816,0.28759382379724097,0.4864507098263894,0.0781721520220292,5.864101888038932,14.396391332248605
154,0.0,BAO KT,Min,-161.62436550331222,-2.0297019891484465,-0.9200973441311642,-0.15476298596305707,-7.232556928310736,-14.494371824822336
154,7.116996315599993,BAO KT,Min,-161.62436550331222,-2.0297019891484465,-0.9200973441311642,-0.15476298596305707,-1.2734877143044412,-0.7066925567503244
154,14.233992631199985,BAO KT,Min,-161.62436550331222,-2.0297019891484465,-0.9200973441311642,-0.15476298596305707,-4.671284813707391,-2.5494742894453246
155,0.0,BAO KT,Max,-64.6720063201652,0.7862578800847253,0.17892578782709767,0.09677824824373141,1.1790646712364423,6.824441337162409
155,7.915956221888879,BAO KT,Max,-64.6720063201652,0.7862578800847253,0.17892578782709767,0.09677824824373141,0.13465872464178377,1.0734389622840124
155,15.831912443777759,BAO KT,Max,-64.6720063201652,0.7862578800847253,0.17892578782709767,0.09677824824373141,9.405219345891824,5.031821104962144
155,0.0,BAO KT,Min,-161.39080048549914,-0.5122836426488219,-1.1795162292669288,-0.16442954391641867,-9.268778321877083,-3.078608671833538
155,7.915956221888879,BAO KT,Min,-161.39080048549914,-0.5122836426488219,-1.1795162292669288,-0.16442954391641867,-0.28199072302061867,0.51184639692933
155,15.831912443777759,BAO KT,Min,-161.39080048549914,-0.5122836426488219,-1.1795162292669288,-0.16442954391641867,-1.6536727355761243,-5.623524578569274
156,0.0,BAO KT,Max,-62.549784478599584,0.7683446777047714,0.1693978829361581,0.10159798037885479,1.11673827668344,6.651032406930488
156,7.915956221888879,BAO KT,Max,-62.549784478599584,0.7683446777047714,0.1693978829361581,0.10159798037885479,0.1821096217174142,1.0225321488596009
156,15.831912443777759,BAO KT,Max,-62.549784478599584,0.7683446777047714,0.1693978829361581,0.10159798037885479,8.1157989176155,4.786769795579367
156,0.0,BAO KT,Min,-145.89745141734232,-0.4869255000795628,-1.0022401682768498,-0.13911276967179872,-7.751579674180671,-2.922192088322972
156,7.915956221888879,BAO KT,Min,-145.89745141734232,-0.4869255000795628,-1.0022401682768498,-0.13911276967179872,-0.24602550232047551,0.47053173681662247
156,15.831912443777759,BAO KT,Min,-145.89745141734232,-0.4869255000795628,-1.0022401682768498,-0.13911276967179872,-1.5651541741231294,-5.513333257134094
157,0.0,BAO KT,Max,-64.59045296484581,0.7274223412776847,0.014705379887861511,0.13716192612354505,0.2969347079440169,6.334941692512061
157,7.915956221888879,BAO KT,Max,-64.59045296484581,0.7274223412776847,0.014705379887861511,0.13716192612354505,0.73954831667655,1.0592241943582477
157,15.831912443777759,BAO KT,Max,-64.59045296484581,0.7274223412776847,0.014705379887861511,0.13716192612354505,8.028861948302092,4.818203834976928
157,0.0,BAO KT,Min,-151.6692964653066,-0.4853862651815337,-0.9208380424678738,-0.06909216225701295,-6.671506786904208,-2.8838864250485674
157,7.915956221888879,BAO KT,Min,-151.6692964653066,-0.4853862651815337,-0.9208380424678738,-0.06909216225701295,0.18052756452545998,0.4913501029095709
157,15.831912443777759,BAO KT,Min,-151.6692964653066,-0.4853862651815337,-0.9208380424678738,-0.06909216225701295,0.06412042110690308,-5.181545124244066
158,0.0,BAO KT,Max,-67.90676293765493,0.6612001105565193,0.0169625419138828,0.12125565799154114,0.2962690031332922,5.872156812202899
158,7.915956221888879,BAO KT,Max,-67.90676293765493,0.6612001105565193,0.0169625419138828,0.12125565799154114,0.6072279452410217,1.1962432418297224
158,15.831912443777759,BAO KT,Max,-67.90676293765493,0.6612001105565193,0.0169625419138828,0.12125565799154114,6.003163566011198,5.472417968999356
158,0.0,BAO KT,Min,-172.35559692454373,-0.5567596728130869,-0.6816530396984202,-0.05260600384428444,-4.791079930553499,-3.3780116475004838
158,7.915956221888879,BAO KT,Min,-172.35559692454373,-0.5567596728130869,-0.6816530396984202,-0.05260600384428444,0.16199426393104074,0.5612150714308093
158,15.831912443777759,BAO KT,Min,-172.35559692454373,-0.5567596728130869,-0.6816530396984202,-0.05260600384428444,0.027719524728789247,-4.595905445944087
159,0.0,BAO KT,Max,-69.14767273873514,0.5969230871656337,0.07262267231053368,0.10342152541886525,0.575770733830719,5.414761356788448
159,7.915956221888879,BAO KT,Max,-69.14767273873514,0.5969230871656337,0.07262267231053368,0.10342152541886525,0.28000774045669874,1.30678869893182
159,15.831912443777759,BAO KT,Max,-69.14767273873514,0.5969230871656337,0.07262267231053368,0.10342152541886525,3.460135043984451,6.12741719593904
159,0.0,BAO KT,Min,-179.29222186561213,-0.6243601636037295,-0.4018306582245209,-0.05476157096906133,-2.9022658774076637,-3.757398247617963
159,7.915956221888879,BAO KT,Min,-179.29222186561213,-0.6243601636037295,-0.4018306582245209,-0.05476157096906133,0.0008928391039527139,0.6146062674665033
159,15.831912443777759,BAO KT,Min,-179.29222186561213,-0.6243601636037295,-0.4018306582245209,-0.05476157096906133,-0.5739850556228137,-4.035672694887384
160,0.0,BAO KT,Max,-68.9069876600108,0.5422719000655418,0.03483441350615679,0.11607167808116339,0.3652916837696733,5.002680940831307
160,7.915956221888879,BAO KT,Max,-68.9069876600108,0.5422719000655418,0.03483441350615679,0.11607167808116339,0.3996860690673432,1.3514195826947262
160,15.831912443777759,BAO KT,Max,-68.9069876600108,0.5422719000655418,0.03483441350615679,0.11607167808116339,2.2911877046921756,6.387795755004598
160,0.0,BAO KT,Min,-178.43749659117844,-0.649594403966505,-0.23912255807490457,-0.027343526969323968,-1.4945796980818757,-3.8965259725611077
160,7.915956221888879,BAO KT,Min,-178.43749659117844,-0.649594403966505,-0.23912255807490457,-0.027343526969323968,-0.045833232727625024,0.6344650330583176
160,15.831912443777759,BAO KT,Min,-178.43749659117844,-0.649594403966505,-0.23912255807490457,-0.027343526969323968,-0.18620370089015043,-3.5825203017273544
168,0.0,BAO KT,Max,166.85867274927764,-0.7611451384443678,1.6196919734467168,0.4992057651616422,2.8920209216107855,-2.6475727597224274
168,2.555270181104115,BAO KT,Max,166.85867274927764,-0.7611451384443678,1.6196919734467168,0.4992057651616422,1.1886526334622436,0.7283024349928997
168,5.11054036220823,BAO KT,Max,166.85867274927764,-0.7611451384443678,1.6196919734467168,0.4992057651616422,79.39633737497287,15.309508692539872
168,0.0,BAO KT,Min,43.25427376899678,-5.781698826273985,-31.544359546843598,-0.19395209157981408,-81.81238528917986,-14.238096521265271
168,2.555270181104115,BAO KT,Min,43.25427376899678,-5.781698826273985,-31.544359546843598,-0.19395209157981408,-2.3819742525074656,-0.9133777513655907
168,5.11054036220823,BAO KT,Min,43.25427376899678,-5.781698826273985,-31.544359546843598,-0.19395209157981408,-5.385480283033362,1.063614839216092
169,0.0,BAO KT,Max,145.40232955069825,-0.6199585718337156,0.7482237874998724,0.01911388063633201,1.6795847739875969,-2.468728985629963
169,2.5552701811041154,BAO KT,Max,145.40232955069825,-0.6199585718337156,0.7482237874998724,0.01911388063633201,0.02865420759305297,1.1188586460389995
169,5.110540362208231,BAO KT,Max,145.40232955069825,-0.6199585718337156,0.7482237874998724,0.01911388063633201,69.35648696774705,15.499778042829494
169,0.0,BAO KT,Min,67.1743401745386,-5.980742888005784,-27.323209477445857,-0.2127208315959536,-70.27987789181046,-15.065049882313883
169,2.5552701811041154,BAO KT,Min,67.1743401745386,-5.980742888005784,-27.323209477445857,-0.2127208315959536,-0.7226788286283703,-1.275227326709042
169,5.110540362208231,BAO KT,Min,67.1743401745386,-5.980742888005784,-27.323209477445857,-0.2127208315959536,-2.144243091994815,0.5447165417334427
170,0.0,BAO KT,Max,182.52594296997898,-0.9163529505933125,0.7602514325829456,0.06842202181167176,1.6391357027561078,-2.812699144722152
170,2.555270181104115,BAO KT,Max,182.52594296997898,-0.9163529505933125,0.7602514325829456,0.06842202181167176,0.6127823408025017,1.4727201122997582
170,5.11054036220823,BAO KT,Max,182.52594296997898,-0.9163529505933125,0.7602514325829456,0.06842202181167176,59.95505051532254,16.102303292116037
170,0.0,BAO KT,Min,72.17757473439495,-6.22784220867163,-23.33409547129925,-0.23594426057724183,-59.294786206372564,-15.72533568476438
170,2.555270181104115,BAO KT,Min,72.17757473439495,-6.22784220867163,-23.33409547129925,-0.23594426057724183,-1.0997131522336538,-0.9348096678004909
170,5.11054036220823,BAO KT,Min,72.17757473439495,-6.22784220867163,-23.33409547129925,-0.23594426057724183,-2.787838080111846,1.712155110886735
171,0.0,BAO KT,Max,205.97733077247258,-0.5170304046733463,0.9081396043423806,0.01873284162443062,2.050264973782041,-2.2538939980743655
171,2.555270181104115,BAO KT,Max,205.97733077247258,-0.5170304046733463,0.9081396043423806,0.01873284162443062,0.08000447160523604,1.0731923815801718
171,5.11054036220823,BAO KT,Max,205.97733077247258,-0.5170304046733463,0.9081396043423806,0.01873284162443062,47.37975466322522,15.641903517675775
171,0.0,BAO KT,Min,70.36596150607473,-6.259218391346567,-18.562306705856134,-0.28884579835860796,-47.48366297274105,-16.346084707176928
171,2.555270181104115,BAO KT,Min,70.36596150607473,-6.259218391346567,-18.562306705856134,-0.28884579835860796,-0.4039272851054995,-1.383257769123253
171,5.11054036220823,BAO KT,Min,70.36596150607473,-6.259218391346567,-18.562306705856134,-0.28884579835860796,-2.5908191287295077,0.260708680576327
172,0.0,BAO KT,Max,208.80827843233027,-0.2473269865145239,0.9629107257341089,0.013253408412983452,2.2005219894450136,-1.8945904256557573
172,2.555270181104115,BAO KT,Max,208.80827843233027,-0.2473269865145239,0.9629107257341089,0.013253408412983452,0.24263020426081144,0.8352501823672467
172,5.11054036220823,BAO KT,Max,208.80827843233027,-0.2473269865145239,0.9629107257341089,0.013253408412983452,36.54798946415834,15.330098776192683
172,0.0,BAO KT,Min,69.51331229234424,-6.25877933290065,-14.315837417465843,-0.28881093595718915,-36.61367547661168,-16.655645622750786
172,2.555270181104115,BAO KT,Min,69.51331229234424,-6.25877933290065,-14.315837417465843,-0.28881093595718915,-0.3609420595062478,-1.6373684446539776
172,5.11054036220823,BAO KT,Min,69.51331229234424,-6.25877933290065,-14.315837417465843,-0.28881093595718915,-2.720472139622369,-0.7299537784067964
173,0.0,BAO KT,Max,193.54289791879492,0.05319351422509869,0.8576982206894836,-0.01028952204542126,2.1481448324316643,-1.1633372876589356
173,2.555270181104115,BAO KT,Max,193.54289791879492,0.05319351422509869,0.8576982206894836,-0.01028952204542126,1.242386865665458,0.6362817810860054
173,5.11054036220823,BAO KT,Max,193.54289791879492,0.05319351422509869,0.8576982206894836,-0.01028952204542126,28.092311439080213,15.824449396711382
173,0.0,BAO KT,Min,68.91257231008134,-6.310536526394262,-10.780202482752902,-0.259975132129397,-27.00034846180586,-16.842696257373134
173,2.555270181104115,BAO KT,Min,68.91257231008134,-6.310536526394262,-10.780202482752902,-0.259975132129397,-0.12102327581433195,-1.6372853860451848
173,5.11054036220823,BAO KT,Min,68.91257231008134,-6.310536526394262,-10.780202482752902,-0.259975132129397,-2.236037556247705,-1.5064601433397808
174,0.0,BAO KT,Max,138.12843669245927,0.5445927748591808,1.0310889809094008,-0.01422867441885594,2.524407783290403,0.013637386674895335
174,2.555270181104115,BAO KT,Max,138.12843669245927,0.5445927748591808,1.0310889809094008,-0.01422867441885594,1.1588301309220386,0.7062420941324309
174,5.11054036220823,BAO KT,Max,138.12843669245927,0.5445927748591808,1.0310889809094008,-0.01422867441885594,17.424861778668735,16.418872533623443
174,0.0,BAO KT,Min,56.98229666151454,-6.525747188564291,-6.5536753891111665,-0.24772005143345538,-16.476050598185335,-17.105615241621138
174,2.555270181104115,BAO KT,Min,56.98229666151454,-6.525747188564291,-6.5536753891111665,-0.24772005143345538,-0.18861056298659915,-1.7636438717229033
174,5.11054036220823,BAO KT,Min,56.98229666151454,-6.525747188564291,-6.5536753891111665,-0.24772005143345538,-2.7450140706752406,-2.810825370480492
175,0.0,BAO KT,Max,-54.72171400282268,0.5449339585592755,0.2015573155614429,0.2379062679224242,0.7259970776069627,2.001205095704656
175,6.07857324030656,BAO KT,Max,-54.72171400282268,0.5449339585592755,0.2015573155614429,0.2379062679224242,0.6743745626642063,-0.6922028543114312
175,12.15714648061312,BAO KT,Max,-54.72171400282268,0.5449339585592755,0.2015573155614429,0.2379062679224242,19.79102968386896,10.038003001384078
175,0.0,BAO KT,Min,-174.50096298754656,-1.7859490641647406,-3.155325800859099,-0.041107910946747775,-18.56872827123301,-11.674041378580595
175,6.07857324030656,BAO KT,Min,-174.50096298754656,-1.7859490641647406,-3.155325800859099,-0.041107910946747775,-0.4991838271528492,-1.4664448262055705
175,12.15714648061312,BAO KT,Min,-174.50096298754656,-1.7859490641647406,-3.155325800859099,-0.041107910946747775,-1.724364731912661,-4.680916816035708
176,0.0,BAO KT,Max,-52.126088036051684,0.4651693108790705,0.01721389572442142,0.2097475204231819,0.025031040689398154,1.617594296226406
176,6.07857324030656,BAO KT,Max,-52.126088036051684,0.4651693108790705,0.01721389572442142,0.2097475204231819,0.3930863578066555,-0.6398321370256892
176,12.15714648061312,BAO KT,Max,-52.126088036051684,0.4651693108790705,0.01721389572442142,0.2097475204231819,15.126547488280607,9.9922745840741
176,0.0,BAO KT,Min,-164.3015490627445,-1.775813392468705,-2.4935677620383934,0.003925439230859773,-15.188121054154783,-11.596548950402463
176,6.07857324030656,BAO KT,Min,-164.3015490627445,-1.775813392468705,-2.4935677620383934,0.003925439230859773,-0.11762284946625921,-1.3841625729063454
176,12.15714648061312,BAO KT,Min,-164.3015490627445,-1.775813392468705,-2.4935677620383934,0.003925439230859773,-0.18424081113439292,-4.1045990904412495
177,0.0,BAO KT,Max,-50.74140052772088,0.39419399232555313,-0.025694224625514732,0.20837277825838002,-0.13939367502983985,1.2736142899972824
177,6.07857324030656,BAO KT,Max,-50.74140052772088,0.39419399232555313,-0.025694224625514732,0.20837277825838002,0.7852833639767981,-0.595314535407241
177,12.15714648061312,BAO KT,Max,-50.74140052772088,0.39419399232555313,-0.025694224625514732,0.20837277825838002,13.607067598626339,9.884068053968265
177,0.0,BAO KT,Min,-180.27622827424545,-1.7550804855004492,-2.1115955173979826,0.014190788819290813,-12.589396297770245,-11.452702493526285
177,6.07857324030656,BAO KT,Min,-180.27622827424545,-1.7550804855004492,-2.1115955173979826,0.014190788819290813,0.00040777114384388247,-1.3312112739386546
177,12.15714648061312,BAO KT,Min,-180.27622827424545,-1.7550804855004492,-2.1115955173979826,0.014190788819290813,0.17297477744831957,-3.5947492126717897
178,0.0,BAO KT,Max,-55.825172238574915,0.3933122866470927,-0.19492551099334166,0.20240756211778346,-0.8074541699457993,1.1667944449880359
178,6.07857324030656,BAO KT,Max,-55.825172238574915,0.3933122866470927,-0.19492551099334166,0.20240756211778346,0.707546697751521,-0.6462043219544868
178,12.15714648061312,BAO KT,Max,-55.825172238574915,0.3933122866470927,-0.19492551099334166,0.20240756211778346,11.606808793935269,9.617570386270467
178,0.0,BAO KT,Min,-199.10376254391934,-1.7165301000172049,-1.794124827590167,0.0597425368999791,-10.204629539583149,-11.250537478020181
178,6.07857324030656,BAO KT,Min,-199.10376254391934,-1.7165301000172049,-1.794124827590167,0.0597425368999791,0.2522406634805253,-1.423736642241915
178,12.15714648061312,BAO KT,Min,-199.10376254391934,-1.7165301000172049,-1.794124827590167,0.0597425368999791,1.5622838200086182,-3.697369714668767
179,0.0,BAO KT,Max,-60.66138370234213,0.4637784979421154,-0.1050825747811206,0.17327698560141835,-0.4759540470838375,1.401423016645753
179,6.07857324030656,BAO KT,Max,-60.66138370234213,0.4637784979421154,-0.1050825747811206,0.17327698560141835,0.4763216606004499,-0.7400517836691919
179,12.15714648061312,BAO KT,Max,-60.66138370234213,0.4637784979421154,-0.1050825747811206,0.17327698560141835,7.938369248216326,9.001560853910988
179,0.0,BAO KT,Min,-208.72599227251732,-1.6326820128953825,-1.2304470582687905,0.033279099374114676,-7.080931308361505,-10.847193533120457
179,6.07857324030656,BAO KT,Min,-208.72599227251732,-1.6326820128953825,-1.2304470582687905,0.033279099374114676,0.16279808000319518,-1.6082264223454938
179,12.15714648061312,BAO KT,Min,-208.72599227251732,-1.6326820128953825,-1.2304470582687905,0.033279099374114676,0.8015502070902277,-4.317362978825779
180,0.0,BAO KT,Max,-62.02231844855338,0.5229596891839078,0.10701927535100458,0.1421289956385175,0.36234633897747176,1.5642370602374864
180,6.07857324030656,BAO KT,Max,-62.02231844855338,0.5229596891839078,0.10701927535100458,0.1421289956385175,0.3825087837510718,-0.8004814085854808
180,12.15714648061312,BAO KT,Max,-62.02231844855338,0.5229596891839078,0.10701927535100458,0.1421289956385175,4.794058694137424,8.595514367152802
180,0.0,BAO KT,Min,-202.39273581560994,-1.5635485526200867,-0.7308417974626794,-0.0256101749675136,-4.191578233992706,-10.412774416600223
180,6.07857324030656,BAO KT,Min,-202.39273581560994,-1.5635485526200867,-0.7308417974626794,-0.0256101749675136,-0.28817816436814425,-1.7281710537283135
180,12.15714648061312,BAO KT,Min,-202.39273581560994,-1.5635485526200867,-0.7308417974626794,-0.0256101749675136,-0.9387026677137603,-4.801634171538303
181,0.0,BAO KT,Max,131.9438089251184,3.4361119292431317,1.2937225615219925,0.013174892212238581,2.370915763666658,9.631611825769246
181,2.8179446499219605,BAO KT,Max,131.9438089251184,3.4361119292431317,1.2937225615219925,0.013174892212238581,0.800709466857239,0.5119504113298617
181,5.635889299843921,BAO KT,Max,131.9438089251184,3.4361119292431317,1.2937225615219925,0.013174892212238581,14.287760321708516,3.587025852340862
181,0.0,BAO KT,Min,62.89152043209339,-1.1097992107015338,-5.081739117657798,-0.18388122066515333,-14.495975539075536,-2.6676796442271407
181,2.8179446499219605,BAO KT,Min,62.89152043209339,-1.1097992107015338,-5.081739117657798,-0.18388122066515333,-1.5994905950078093,-0.10343870904746388
181,5.635889299843921,BAO KT,Min,62.89152043209339,-1.1097992107015338,-5.081739117657798,-0.18388122066515333,-4.920361377781808,-9.73393462931817
182,0.0,BAO KT,Max,-59.79884448039066,0.628845668888162,1.5911959506812476,0.1756163576377765,12.032439584802932,5.564570999589038
182,7.915956221888879,BAO KT,Max,-59.79884448039066,0.628845668888162,1.5911959506812476,0.1756163576377765,0.47830784221985545,1.1416343693370856
182,15.831912443777759,BAO KT,Max,-59.79884448039066,0.628845668888162,1.5911959506812476,0.1756163576377765,1.748567977377156,5.773162384013747
182,0.0,BAO KT,Min,-158.9392733644229,-0.5903989658530132,-0.16046831229875036,-0.05396356729715038,-0.7919522929374452,-3.5933002779934777
182,7.915956221888879,BAO KT,Min,-158.9392733644229,-0.5903989658530132,-0.16046831229875036,-0.05396356729715038,-0.5722892839942917,0.5380456020963378
182,15.831912443777759,BAO KT,Min,-158.9392733644229,-0.5903989658530132,-0.16046831229875036,-0.05396356729715038,-13.159235387276293,-4.391258570897203
183,0.0,BAO KT,Max,-59.04119823350024,0.6292455843771674,1.2325198573449725,0.16165760179246877,9.71529434977582,5.552939717335472
183,7.915956221888879,BAO KT,Max,-59.04119823350024,0.6292455843771674,1.2325198573449725,0.16165760179246877,0.09042192349160857,1.0679740418907835
183,15.831912443777759,BAO KT,Max,-59.04119823350024,0.6292455843771674,1.2325198573449725,0.16165760179246877,0.27798301267780956,5.305764977321888
183,0.0,BAO KT,Min,-145.3170603341201,-0.5442481290319775,-0.02369405336875976,-0.0024770227939524426,-0.0971391656945924,-3.31072374920224
183,7.915956221888879,BAO KT,Min,-145.3170603341201,-0.5442481290319775,-0.02369405336875976,-0.0024770227939524426,-0.11454019486778284,0.5014057907579711
183,15.831912443777759,BAO KT,Min,-145.3170603341201,-0.5442481290319775,-0.02369405336875976,-0.0024770227939524426,-9.797852116927237,-4.409221280157611
184,0.0,BAO KT,Max,-57.63353022148498,0.6255509980594478,1.059035347596863,0.1344744459087672,8.094743674951225,5.508411321017349
184,7.915956221888879,BAO KT,Max,-57.63353022148498,0.6255509980594478,1.059035347596863,0.1344744459087672,0.12253120191780466,1.0230776434228366
184,15.831912443777759,BAO KT,Max,-57.63353022148498,0.6255509980594478,1.059035347596863,0.1344744459087672,0.4119025607193748,4.874458993081258
184,0.0,BAO KT,Min,-153.70865874213726,-0.4984659950387599,-0.03655545213873371,-0.053371517976072445,-0.16684015688376558,-3.0172109965729472
184,7.915956221888879,BAO KT,Min,-153.70865874213726,-0.4984659950387599,-0.03655545213873371,-0.053371517976072445,-0.5434700009363322,0.4621233606511851
184,15.831912443777759,BAO KT,Min,-153.70865874213726,-0.4984659950387599,-0.03655545213873371,-0.053371517976072445,-8.925803782153043,-4.395257309377618
185,0.0,BAO KT,Max,-60.73241004934852,0.6031823951394246,0.9117336880498089,0.10141415146193344,6.730310154025771,5.344042256084476
185,7.915956221888879,BAO KT,Max,-60.73241004934852,0.6031823951394246,0.9117336880498089,0.10141415146193344,-0.21126844158870955,1.06100903443925
185,15.831912443777759,BAO KT,Max,-60.73241004934852,0.6031823951394246,0.9117336880498089,0.10141415146193344,-1.111890424282414,5.057108876676015
185,0.0,BAO KT,Min,-168.58510779156902,-0.5238448337964683,0.10672500185765915,-0.053139906483258906,0.5777704606900644,-3.2363566661149825
185,7.915956221888879,BAO KT,Min,-168.58510779156902,-0.5238448337964683,0.10672500185765915,-0.053139906483258906,-0.5364509200659772,0.4822462374297127
185,15.831912443777759,BAO KT,Min,-168.58510779156902,-0.5238448337964683,0.10672500185765915,-0.053139906483258906,-7.704177767221389,-4.2054886113910515
186,0.0,BAO KT,Max,-65.27265800452943,0.5627019339453156,0.6681520295771867,0.08756288704974105,4.896520768015726,5.085628155092025
186,7.915956221888879,BAO KT,Max,-65.27265800452943,0.5627019339453156,0.6681520295771867,0.08756288704974105,-0.1523141379095506,1.1971156896457447
186,15.831912443777759,BAO KT,Max,-65.27265800452943,0.5627019339453156,0.6681520295771867,0.08756288704974105,-0.7028354178855203,5.784316207082992
186,0.0,BAO KT,Min,-177.5848886703859,-0.5941906598720801,0.06954577116706263,-0.03878633284830724,0.3982071420664191,-3.6228582949223096
186,7.915956221888879,BAO KT,Min,-177.5848886703859,-0.5941906598720801,0.06954577116706263,-0.03878633284830724,-0.39494818791495423,0.5520955212497253
186,15.831912443777759,BAO KT,Min,-177.5848886703859,-0.5941906598720801,0.06954577116706263,-0.03878633284830724,-5.681603663382702,-3.8230195950746264
187,0.0,BAO KT,Max,-67.95007756057853,0.537187202716793,0.4199296487248027,0.07952053198365461,3.0862258111965026,4.93662139571923
187,7.915956221888879,BAO KT,Max,-67.95007756057853,0.537187202716793,0.4199296487248027,0.07952053198365461,0.20310358917768023,1.305606384345495
187,15.831912443777759,BAO KT,Max,-67.95007756057853,0.537187202716793,0.4199296487248027,0.07952053198365461,0.6891663707616241,6.334443887450995
187,0.0,BAO KT,Min,-175.11669521178342,-0.6452522188533404,-0.06140291431121145,-0.029322602855757482,-0.28295919240626377,-3.8811327455884133
187,7.915956221888879,BAO KT,Min,-175.11669521178342,-0.6452522188533404,-0.06140291431121145,-0.029322602855757482,-0.3071312110423956,0.6064117676451588
187,15.831912443777759,BAO KT,Min,-175.11669521178342,-0.6452522188533404,-0.06140291431121145,-0.029322602855757482,-3.6083879355092265,-3.5680793636109303
188,0.0,BAO KT,Max,-69.15942587322667,0.5222851050389263,0.23423538224450957,0.06430046632747019,1.5158281746586328,4.835250049371684
188,7.915956221888879,BAO KT,Max,-69.15942587322667,0.5222851050389263,0.23423538224450957,0.06430046632747019,0.1624943188742227,1.3460458512482938
188,15.831912443777759,BAO KT,Max,-69.15942587322667,0.5222851050389263,0.23423538224450957,0.06430046632747019,0.5332000595633364,6.3616220066933575
188,0.0,BAO KT,Min,-161.66543478022197,-0.6446876561536344,-0.046830190857303305,-0.036982225223314985,-0.20821142181489105,-3.8450165191152834
188,7.915956221888879,BAO KT,Min,-161.66543478022197,-0.6446876561536344,-0.046830190857303305,-0.036982225223314985,-0.34295841929885046,0.6304486478432133
188,15.831912443777759,BAO KT,Min,-161.66543478022197,-0.6446876561536344,-0.046830190857303305,-0.036982225223314985,-2.192565888271258,-3.4335220042938666
195,0.0,BAO KT,Max,-74.73423423741765,0.35641350001833794,0.6152734896119756,0.09073081176909463,3.003780424521862,2.3187760828795634
195,7.116996315599993,BAO KT,Max,-74.73423423741765,0.35641350001833794,0.6152734896119756,0.09073081176909463,-0.7140115269287263,0.1195347898960044
195,14.233992631199985,BAO KT,Max,-74.73423423741765,0.35641350001833794,0.6152734896119756,0.09073081176909463,4.909467813314329,0.41503937434901045
195,0.0,BAO KT,Min,-158.61989567641464,-0.0415209691489202,-0.8015881329069983,0.006148452766277318,-6.500331763741238,-0.17596979455700162
195,7.116996315599993,BAO KT,Min,-158.61989567641464,-0.0415209691489202,-0.8015881329069983,0.006148452766277318,-1.5247843377832793,-0.239885533594084
195,14.233992631199985,BAO KT,Min,-158.61989567641464,-0.0415209691489202,-0.8015881329069983,0.006148452766277318,-5.805416296277882,-2.776226695780141
196,0.0,BAO KT,Max,176.93871974551143,1.3082501861195295,2.4947686053862417,0.20098674215455606,6.11263985940886,1.9304700038155298
196,2.555270181104115,BAO KT,Max,176.93871974551143,1.3082501861195295,2.4947686053862417,0.20098674215455606,0.06927674141285686,0.5559467807940434
196,5.11054036220823,BAO KT,Max,176.93871974551143,1.3082501861195295,2.4947686053862417,0.20098674215455606,-0.6285489087702358,18.595358931507107
196,0.0,BAO KT,Min,60.584280972963356,-7.464349944981435,0.22060740692138037,-0.18285154358859243,0.485789518064042,-19.55150273996729
196,2.555270181104115,BAO KT,Min,60.584280972963356,-7.464349944981435,0.22060740692138037,-0.18285154358859243,-1.5666746690217839,-1.8531376666918948
196,5.11054036220823,BAO KT,Min,60.584280972963356,-7.464349944981435,0.22060740692138037,-0.18285154358859243,-6.6369757927874655,-4.795752256189834
197,0.0,BAO KT,Max,-63.8466203464253,0.5515305879652885,0.14980367912937662,0.0601247980306915,0.5792238392324146,1.6894611759235223
197,6.07857324030656,BAO KT,Max,-63.8466203464253,0.5515305879652885,0.14980367912937662,0.0601247980306915,0.3001179093808749,-0.8255813988520733
197,12.15714648061312,BAO KT,Max,-63.8466203464253,0.5515305879652885,0.14980367912937662,0.0601247980306915,2.5350926946146335,7.877335580925109
197,0.0,BAO KT,Min,-193.8950642898313,-1.449508119495589,-0.40621007380174934,-0.06286434092578568,-2.6300752750821235,-9.744546952620832
197,6.07857324030656,BAO KT,Min,-193.8950642898313,-1.449508119495589,-0.40621007380174934,-0.06286434092578568,-0.3458870740249121,-1.7724871069072736
197,12.15714648061312,BAO KT,Min,-193.8950642898313,-1.449508119495589,-0.40621007380174934,-0.06286434092578568,-1.2419614312781835,-5.015576970509169
198,0.0,BAO KT,Max,-68.57727119459844,0.49132538070601434,0.15949289649105963,0.09183871096389547,1.179109686464288,4.601774211914952
198,7.915956221888879,BAO KT,Max,-68.57727119459844,0.49132538070601434,0.15949289649105963,0.09183871096389547,0.2408262229904369,1.357652340940899
198,15.831912443777759,BAO KT,Max,-68.57727119459844,0.49132538070601434,0.15949289649105963,0.09183871096389547,0.9235276088895745,6.496170261628598
198,0.0,BAO KT,Min,-168.3558417432242,-0.6583274329346271,-0.08624370407852427,-0.03962594149784249,-0.44187516290870066,-3.9264120159293925
198,7.915956221888879,BAO KT,Min,-168.3558417432242,-0.6583274329346271,-0.08624370407852427,-0.03962594149784249,-0.29445567077214485,0.6353249679905444
198,15.831912443777759,BAO KT,Min,-168.3558417432242,-0.6583274329346271,-0.08624370407852427,-0.03962594149784249,-1.4260828572774167,-3.1768461968284414
