 
To get started, type doc.
For product information, visit www.mathworks.com.
 
Da xac nhan cache vet can: D:\ResearchLab\02_Projects\02_Projects\MOFDA\Wharf100DWT\results\Wharf100DWT_BRUTEFORCE_FINAL.mat (4080 to hop, 59 nghiem Pareto that).
=== E-MOSFOA doc lap lan 1/30 (RunTag=run01) ===
[Wharf100DWT E-MOSFOA - SONG SONG] Np=50 Max_it=250 Nr=100 Num_work=8 (FE uoc tinh=12550)
ERROR: The process "SAP2000.exe" not found. 
Starting parallel pool (parpool) using the 'local' profile ...
Connected to parallel pool with 8 workers.
Worker 1: 
  wharf100dwt_evaluate: da nap cache tu D:\ResearchLab\02_Projects\02_Projects\MOFDA\Wharf100DWT\results\Wharf100DWT_BRUTEFORCE_FINAL.mat (4080 to hop).
Worker 2: 
  wharf100dwt_evaluate: da nap cache tu D:\ResearchLab\02_Projects\02_Projects\MOFDA\Wharf100DWT\results\Wharf100DWT_BRUTEFORCE_FINAL.mat (4080 to hop).
Worker 3: 
  wharf100dwt_evaluate: da nap cache tu D:\ResearchLab\02_Projects\02_Projects\MOFDA\Wharf100DWT\results\Wharf100DWT_BRUTEFORCE_FINAL.mat (4080 to hop).
Worker 4: 
  wharf100dwt_evaluate: da nap cache tu D:\ResearchLab\02_Projects\02_Projects\MOFDA\Wharf100DWT\results\Wharf100DWT_BRUTEFORCE_FINAL.mat (4080 to hop).
Worker 5: 
  wharf100dwt_evaluate: da nap cache tu D:\ResearchLab\02_Projects\02_Projects\MOFDA\Wharf100DWT\results\Wharf100DWT_BRUTEFORCE_FINAL.mat (4080 to hop).
Worker 6: 
  wharf100dwt_evaluate: da nap cache tu D:\ResearchLab\02_Projects\02_Projects\MOFDA\Wharf100DWT\results\Wharf100DWT_BRUTEFORCE_FINAL.mat (4080 to hop).
Worker 7: 
  wharf100dwt_evaluate: da nap cache tu D:\ResearchLab\02_Projects\02_Projects\MOFDA\Wharf100DWT\results\Wharf100DWT_BRUTEFORCE_FINAL.mat (4080 to hop).
Worker 8: 
  wharf100dwt_evaluate: da nap cache tu D:\ResearchLab\02_Projects\02_Projects\MOFDA\Wharf100DWT\results\Wharf100DWT_BRUTEFORCE_FINAL.mat (4080 to hop).
The he #0 - Kich thuoc Repository: 2
Vong lap 1/250 - Repository: 6 - FE luy ke: 100 - Thoi gian: 0.0 phut
Vong lap 2/250 - Repository: 15 - FE luy ke: 150 - Thoi gian: 0.0 phut
Vong lap 3/250 - Repository: 17 - FE luy ke: 200 - Thoi gian: 0.0 phut
Vong lap 4/250 - Repository: 26 - FE luy ke: 250 - Thoi gian: 0.0 phut
Vong lap 5/250 - Repository: 43 - FE luy ke: 300 - Thoi gian: 0.0 phut
Vong lap 6/250 - Repository: 56 - FE luy ke: 350 - Thoi gian: 0.0 phut
Vong lap 7/250 - Repository: 68 - FE luy ke: 400 - Thoi gian: 0.0 phut
Vong lap 8/250 - Repository: 83 - FE luy ke: 450 - Thoi gian: 0.0 phut
Vong lap 9/250 - Repository: 94 - FE luy ke: 500 - Thoi gian: 0.0 phut
Vong lap 10/250 - Repository: 100 - FE luy ke: 550 - Thoi gian: 0.0 phut
Vong lap 11/250 - Repository: 100 - FE luy ke: 600 - Thoi gian: 0.0 phut
Vong lap 12/250 - Repository: 100 - FE luy ke: 650 - Thoi gian: 0.0 phut
Vong lap 13/250 - Repository: 100 - FE luy ke: 700 - Thoi gian: 0.0 phut
Vong lap 14/250 - Repository: 100 - FE luy ke: 750 - Thoi gian: 0.0 phut
Vong lap 15/250 - Repository: 100 - FE luy ke: 800 - Thoi gian: 0.0 phut
Vong lap 16/250 - Repository: 100 - FE luy ke: 850 - Thoi gian: 0.0 phut
Vong lap 17/250 - Repository: 100 - FE luy ke: 900 - Thoi gian: 0.0 phut
Vong lap 18/250 - Repository: 100 - FE luy ke: 950 - Thoi gian: 0.0 phut
Vong lap 19/250 - Repository: 100 - FE luy ke: 1000 - Thoi gian: 0.0 phut
Vong lap 20/250 - Repository: 100 - FE luy ke: 1050 - Thoi gian: 0.0 phut
Vong lap 21/250 - Repository: 100 - FE luy ke: 1100 - Thoi gian: 0.0 phut
Vong lap 22/250 - Repository: 100 - FE luy ke: 1150 - Thoi gian: 0.0 phut
Vong lap 23/250 - Repository: 100 - FE luy ke: 1200 - Thoi gian: 0.0 phut
Vong lap 24/250 - Repository: 100 - FE luy ke: 1250 - Thoi gian: 0.0 phut
Vong lap 25/250 - Repository: 100 - FE luy ke: 1300 - Thoi gian: 0.0 phut
Vong lap 26/250 - Repository: 100 - FE luy ke: 1350 - Thoi gian: 0.0 phut
Vong lap 27/250 - Repository: 100 - FE luy ke: 1400 - Thoi gian: 0.0 phut
Vong lap 28/250 - Repository: 100 - FE luy ke: 1450 - Thoi gian: 0.0 phut
Vong lap 29/250 - Repository: 100 - FE luy ke: 1500 - Thoi gian: 0.0 phut
Vong lap 30/250 - Repository: 100 - FE luy ke: 1550 - Thoi gian: 0.0 phut
Vong lap 31/250 - Repository: 100 - FE luy ke: 1600 - Thoi gian: 0.0 phut
Vong lap 32/250 - Repository: 100 - FE luy ke: 1650 - Thoi gian: 0.0 phut
Vong lap 33/250 - Repository: 100 - FE luy ke: 1700 - Thoi gian: 0.1 phut
Vong lap 34/250 - Repository: 100 - FE luy ke: 1750 - Thoi gian: 0.1 phut
Vong lap 35/250 - Repository: 100 - FE luy ke: 1800 - Thoi gian: 0.1 phut
Vong lap 36/250 - Repository: 100 - FE luy ke: 1850 - Thoi gian: 0.1 phut
Vong lap 37/250 - Repository: 100 - FE luy ke: 1900 - Thoi gian: 0.1 phut
Vong lap 38/250 - Repository: 100 - FE luy ke: 1950 - Thoi gian: 0.1 phut
Vong lap 39/250 - Repository: 100 - FE luy ke: 2000 - Thoi gian: 0.1 phut
Vong lap 40/250 - Repository: 100 - FE luy ke: 2050 - Thoi gian: 0.1 phut
Vong lap 41/250 - Repository: 100 - FE luy ke: 2100 - Thoi gian: 0.1 phut
Vong lap 42/250 - Repository: 100 - FE luy ke: 2150 - Thoi gian: 0.1 phut
Vong lap 43/250 - Repository: 100 - FE luy ke: 2200 - Thoi gian: 0.1 phut
Vong lap 44/250 - Repository: 100 - FE luy ke: 2250 - Thoi gian: 0.1 phut
Vong lap 45/250 - Repository: 100 - FE luy ke: 2300 - Thoi gian: 0.1 phut
Vong lap 46/250 - Repository: 100 - FE luy ke: 2350 - Thoi gian: 0.1 phut
Vong lap 47/250 - Repository: 100 - FE luy ke: 2400 - Thoi gian: 0.1 phut
Vong lap 48/250 - Repository: 100 - FE luy ke: 2450 - Thoi gian: 0.1 phut
Vong lap 49/250 - Repository: 100 - FE luy ke: 2500 - Thoi gian: 0.1 phut
Vong lap 50/250 - Repository: 100 - FE luy ke: 2550 - Thoi gian: 0.1 phut
Vong lap 51/250 - Repository: 100 - FE luy ke: 2600 - Thoi gian: 0.1 phut
Vong lap 52/250 - Repository: 100 - FE luy ke: 2650 - Thoi gian: 0.1 phut
Vong lap 53/250 - Repository: 100 - FE luy ke: 2700 - Thoi gian: 0.1 phut
Vong lap 54/250 - Repository: 100 - FE luy ke: 2750 - Thoi gian: 0.1 phut
Vong lap 55/250 - Repository: 100 - FE luy ke: 2800 - Thoi gian: 0.1 phut
Vong lap 56/250 - Repository: 100 - FE luy ke: 2850 - Thoi gian: 0.1 phut
Vong lap 57/250 - Repository: 100 - FE luy ke: 2900 - Thoi gian: 0.1 phut
Vong lap 58/250 - Repository: 100 - FE luy ke: 2950 - Thoi gian: 0.1 phut
Vong lap 59/250 - Repository: 100 - FE luy ke: 3000 - Thoi gian: 0.1 phut
Vong lap 60/250 - Repository: 100 - FE luy ke: 3050 - Thoi gian: 0.1 phut
Vong lap 61/250 - Repository: 100 - FE luy ke: 3100 - Thoi gian: 0.1 phut
Vong lap 62/250 - Repository: 100 - FE luy ke: 3150 - Thoi gian: 0.1 phut
Vong lap 63/250 - Repository: 100 - FE luy ke: 3200 - Thoi gian: 0.1 phut
Vong lap 64/250 - Repository: 100 - FE luy ke: 3250 - Thoi gian: 0.1 phut
Vong lap 65/250 - Repository: 100 - FE luy ke: 3300 - Thoi gian: 0.1 phut
Vong lap 66/250 - Repository: 100 - FE luy ke: 3350 - Thoi gian: 0.1 phut
Vong lap 67/250 - Repository: 100 - FE luy ke: 3400 - Thoi gian: 0.1 phut
Vong lap 68/250 - Repository: 100 - FE luy ke: 3450 - Thoi gian: 0.1 phut
Vong lap 69/250 - Repository: 100 - FE luy ke: 3500 - Thoi gian: 0.1 phut
Vong lap 70/250 - Repository: 100 - FE luy ke: 3550 - Thoi gian: 0.1 phut
Vong lap 71/250 - Repository: 100 - FE luy ke: 3600 - Thoi gian: 0.1 phut
Vong lap 72/250 - Repository: 100 - FE luy ke: 3650 - Thoi gian: 0.1 phut
Vong lap 73/250 - Repository: 100 - FE luy ke: 3700 - Thoi gian: 0.1 phut
Vong lap 74/250 - Repository: 100 - FE luy ke: 3750 - Thoi gian: 0.1 phut
Vong lap 75/250 - Repository: 100 - FE luy ke: 3800 - Thoi gian: 0.1 phut
Vong lap 76/250 - Repository: 100 - FE luy ke: 3850 - Thoi gian: 0.1 phut
Vong lap 77/250 - Repository: 100 - FE luy ke: 3900 - Thoi gian: 0.1 phut
Vong lap 78/250 - Repository: 100 - FE luy ke: 3950 - Thoi gian: 0.1 phut
Vong lap 79/250 - Repository: 100 - FE luy ke: 4000 - Thoi gian: 0.1 phut
Vong lap 80/250 - Repository: 100 - FE luy ke: 4050 - Thoi gian: 0.1 phut
Vong lap 81/250 - Repository: 100 - FE luy ke: 4100 - Thoi gian: 0.1 phut
Vong lap 82/250 - Repository: 100 - FE luy ke: 4150 - Thoi gian: 0.1 phut
Vong lap 83/250 - Repository: 100 - FE luy ke: 4200 - Thoi gian: 0.1 phut
Vong lap 84/250 - Repository: 100 - FE luy ke: 4250 - Thoi gian: 0.1 phut
Vong lap 85/250 - Repository: 100 - FE luy ke: 4300 - Thoi gian: 0.1 phut
Vong lap 86/250 - Repository: 100 - FE luy ke: 4350 - Thoi gian: 0.1 phut
Vong lap 87/250 - Repository: 100 - FE luy ke: 4400 - Thoi gian: 0.1 phut
Vong lap 88/250 - Repository: 100 - FE luy ke: 4450 - Thoi gian: 0.1 phut
Vong lap 89/250 - Repository: 100 - FE luy ke: 4500 - Thoi gian: 0.1 phut
Vong lap 90/250 - Repository: 100 - FE luy ke: 4550 - Thoi gian: 0.1 phut
Vong lap 91/250 - Repository: 100 - FE luy ke: 4600 - Thoi gian: 0.1 phut
Vong lap 92/250 - Repository: 100 - FE luy ke: 4650 - Thoi gian: 0.1 phut
Vong lap 93/250 - Repository: 100 - FE luy ke: 4700 - Thoi gian: 0.1 phut
Vong lap 94/250 - Repository: 100 - FE luy ke: 4750 - Thoi gian: 0.1 phut
Vong lap 95/250 - Repository: 100 - FE luy ke: 4800 - Thoi gian: 0.1 phut
Vong lap 96/250 - Repository: 100 - FE luy ke: 4850 - Thoi gian: 0.1 phut
Vong lap 97/250 - Repository: 100 - FE luy ke: 4900 - Thoi gian: 0.1 phut
Vong lap 98/250 - Repository: 100 - FE luy ke: 4950 - Thoi gian: 0.1 phut
Vong lap 99/250 - Repository: 100 - FE luy ke: 5000 - Thoi gian: 0.2 phut
Vong lap 100/250 - Repository: 100 - FE luy ke: 5050 - Thoi gian: 0.2 phut
Vong lap 101/250 - Repository: 100 - FE luy ke: 5100 - Thoi gian: 0.2 phut
Vong lap 102/250 - Repository: 100 - FE luy ke: 5150 - Thoi gian: 0.2 phut
Vong lap 103/250 - Repository: 100 - FE luy ke: 5200 - Thoi gian: 0.2 phut
Vong lap 104/250 - Repository: 100 - FE luy ke: 5250 - Thoi gian: 0.2 phut
Vong lap 105/250 - Repository: 100 - FE luy ke: 5300 - Thoi gian: 0.2 phut
Vong lap 106/250 - Repository: 100 - FE luy ke: 5350 - Thoi gian: 0.2 phut
Vong lap 107/250 - Repository: 100 - FE luy ke: 5400 - Thoi gian: 0.2 phut
Vong lap 108/250 - Repository: 100 - FE luy ke: 5450 - Thoi gian: 0.2 phut
Vong lap 109/250 - Repository: 100 - FE luy ke: 5500 - Thoi gian: 0.2 phut
Vong lap 110/250 - Repository: 100 - FE luy ke: 5550 - Thoi gian: 0.2 phut
Vong lap 111/250 - Repository: 100 - FE luy ke: 5600 - Thoi gian: 0.2 phut
Vong lap 112/250 - Repository: 100 - FE luy ke: 5650 - Thoi gian: 0.2 phut
Vong lap 113/250 - Repository: 100 - FE luy ke: 5700 - Thoi gian: 0.2 phut
Vong lap 114/250 - Repository: 100 - FE luy ke: 5750 - Thoi gian: 0.2 phut
Vong lap 115/250 - Repository: 100 - FE luy ke: 5800 - Thoi gian: 0.2 phut
Vong lap 116/250 - Repository: 100 - FE luy ke: 5850 - Thoi gian: 0.2 phut
Vong lap 117/250 - Repository: 100 - FE luy ke: 5900 - Thoi gian: 0.2 phut
Vong lap 118/250 - Repository: 100 - FE luy ke: 5950 - Thoi gian: 0.2 phut
Vong lap 119/250 - Repository: 100 - FE luy ke: 6000 - Thoi gian: 0.2 phut
Vong lap 120/250 - Repository: 100 - FE luy ke: 6050 - Thoi gian: 0.2 phut
Vong lap 121/250 - Repository: 100 - FE luy ke: 6100 - Thoi gian: 0.2 phut
Vong lap 122/250 - Repository: 100 - FE luy ke: 6150 - Thoi gian: 0.2 phut
Vong lap 123/250 - Repository: 100 - FE luy ke: 6200 - Thoi gian: 0.2 phut
Vong lap 124/250 - Repository: 100 - FE luy ke: 6250 - Thoi gian: 0.2 phut
Vong lap 125/250 - Repository: 100 - FE luy ke: 6300 - Thoi gian: 0.2 phut
Vong lap 126/250 - Repository: 100 - FE luy ke: 6350 - Thoi gian: 0.2 phut
Vong lap 127/250 - Repository: 100 - FE luy ke: 6400 - Thoi gian: 0.2 phut
Vong lap 128/250 - Repository: 100 - FE luy ke: 6450 - Thoi gian: 0.2 phut
Vong lap 129/250 - Repository: 100 - FE luy ke: 6500 - Thoi gian: 0.2 phut
Vong lap 130/250 - Repository: 100 - FE luy ke: 6550 - Thoi gian: 0.2 phut
Vong lap 131/250 - Repository: 100 - FE luy ke: 6600 - Thoi gian: 0.2 phut
Vong lap 132/250 - Repository: 100 - FE luy ke: 6650 - Thoi gian: 0.2 phut
Vong lap 133/250 - Repository: 100 - FE luy ke: 6700 - Thoi gian: 0.2 phut
Vong lap 134/250 - Repository: 100 - FE luy ke: 6750 - Thoi gian: 0.2 phut
Vong lap 135/250 - Repository: 100 - FE luy ke: 6800 - Thoi gian: 0.2 phut
Vong lap 136/250 - Repository: 100 - FE luy ke: 6850 - Thoi gian: 0.2 phut
Vong lap 137/250 - Repository: 100 - FE luy ke: 6900 - Thoi gian: 0.2 phut
Vong lap 138/250 - Repository: 100 - FE luy ke: 6950 - Thoi gian: 0.2 phut
Vong lap 139/250 - Repository: 100 - FE luy ke: 7000 - Thoi gian: 0.2 phut
Vong lap 140/250 - Repository: 100 - FE luy ke: 7050 - Thoi gian: 0.2 phut
Vong lap 141/250 - Repository: 100 - FE luy ke: 7100 - Thoi gian: 0.2 phut
Vong lap 142/250 - Repository: 100 - FE luy ke: 7150 - Thoi gian: 0.2 phut
Vong lap 143/250 - Repository: 100 - FE luy ke: 7200 - Thoi gian: 0.2 phut
Vong lap 144/250 - Repository: 100 - FE luy ke: 7250 - Thoi gian: 0.2 phut
Vong lap 145/250 - Repository: 100 - FE luy ke: 7300 - Thoi gian: 0.2 phut
Vong lap 146/250 - Repository: 100 - FE luy ke: 7350 - Thoi gian: 0.2 phut
Vong lap 147/250 - Repository: 100 - FE luy ke: 7400 - Thoi gian: 0.2 phut
Vong lap 148/250 - Repository: 100 - FE luy ke: 7450 - Thoi gian: 0.2 phut
Vong lap 149/250 - Repository: 100 - FE luy ke: 7500 - Thoi gian: 0.2 phut
Vong lap 150/250 - Repository: 100 - FE luy ke: 7550 - Thoi gian: 0.2 phut
Vong lap 151/250 - Repository: 100 - FE luy ke: 7600 - Thoi gian: 0.2 phut
Vong lap 152/250 - Repository: 100 - FE luy ke: 7650 - Thoi gian: 0.2 phut
Vong lap 153/250 - Repository: 100 - FE luy ke: 7700 - Thoi gian: 0.2 phut
Vong lap 154/250 - Repository: 100 - FE luy ke: 7750 - Thoi gian: 0.2 phut
Vong lap 155/250 - Repository: 100 - FE luy ke: 7800 - Thoi gian: 0.2 phut
Vong lap 156/250 - Repository: 100 - FE luy ke: 7850 - Thoi gian: 0.2 phut
Vong lap 157/250 - Repository: 100 - FE luy ke: 7900 - Thoi gian: 0.2 phut
Vong lap 158/250 - Repository: 100 - FE luy ke: 7950 - Thoi gian: 0.2 phut
Vong lap 159/250 - Repository: 100 - FE luy ke: 8000 - Thoi gian: 0.2 phut
Vong lap 160/250 - Repository: 100 - FE luy ke: 8050 - Thoi gian: 0.2 phut
Vong lap 161/250 - Repository: 100 - FE luy ke: 8100 - Thoi gian: 0.2 phut
Vong lap 162/250 - Repository: 100 - FE luy ke: 8150 - Thoi gian: 0.3 phut
Vong lap 163/250 - Repository: 100 - FE luy ke: 8200 - Thoi gian: 0.3 phut
Vong lap 164/250 - Repository: 100 - FE luy ke: 8250 - Thoi gian: 0.3 phut
Vong lap 165/250 - Repository: 100 - FE luy ke: 8300 - Thoi gian: 0.3 phut
Vong lap 166/250 - Repository: 100 - FE luy ke: 8350 - Thoi gian: 0.3 phut
Vong lap 167/250 - Repository: 100 - FE luy ke: 8400 - Thoi gian: 0.3 phut
Vong lap 168/250 - Repository: 100 - FE luy ke: 8450 - Thoi gian: 0.3 phut
Vong lap 169/250 - Repository: 100 - FE luy ke: 8500 - Thoi gian: 0.3 phut
Vong lap 170/250 - Repository: 100 - FE luy ke: 8550 - Thoi gian: 0.3 phut
Vong lap 171/250 - Repository: 100 - FE luy ke: 8600 - Thoi gian: 0.3 phut
Vong lap 172/250 - Repository: 100 - FE luy ke: 8650 - Thoi gian: 0.3 phut
Vong lap 173/250 - Repository: 100 - FE luy ke: 8700 - Thoi gian: 0.3 phut
Vong lap 174/250 - Repository: 100 - FE luy ke: 8750 - Thoi gian: 0.3 phut
Vong lap 175/250 - Repository: 100 - FE luy ke: 8800 - Thoi gian: 0.3 phut
Vong lap 176/250 - Repository: 100 - FE luy ke: 8850 - Thoi gian: 0.3 phut
Vong lap 177/250 - Repository: 100 - FE luy ke: 8900 - Thoi gian: 0.3 phut
Vong lap 178/250 - Repository: 100 - FE luy ke: 8950 - Thoi gian: 0.3 phut
Vong lap 179/250 - Repository: 100 - FE luy ke: 9000 - Thoi gian: 0.3 phut
Vong lap 180/250 - Repository: 100 - FE luy ke: 9050 - Thoi gian: 0.3 phut
Vong lap 181/250 - Repository: 100 - FE luy ke: 9100 - Thoi gian: 0.3 phut
Vong lap 182/250 - Repository: 100 - FE luy ke: 9150 - Thoi gian: 0.3 phut
Vong lap 183/250 - Repository: 100 - FE luy ke: 9200 - Thoi gian: 0.3 phut
Vong lap 184/250 - Repository: 100 - FE luy ke: 9250 - Thoi gian: 0.3 phut
Vong lap 185/250 - Repository: 100 - FE luy ke: 9300 - Thoi gian: 0.3 phut
Vong lap 186/250 - Repository: 100 - FE luy ke: 9350 - Thoi gian: 0.3 phut
Vong lap 187/250 - Repository: 100 - FE luy ke: 9400 - Thoi gian: 0.3 phut
Vong lap 188/250 - Repository: 100 - FE luy ke: 9450 - Thoi gian: 0.3 phut
Vong lap 189/250 - Repository: 100 - FE luy ke: 9500 - Thoi gian: 0.3 phut
Vong lap 190/250 - Repository: 100 - FE luy ke: 9550 - Thoi gian: 0.3 phut
Vong lap 191/250 - Repository: 100 - FE luy ke: 9600 - Thoi gian: 0.3 phut
Vong lap 192/250 - Repository: 100 - FE luy ke: 9650 - Thoi gian: 0.3 phut
Vong lap 193/250 - Repository: 100 - FE luy ke: 9700 - Thoi gian: 0.3 phut
Vong lap 194/250 - Repository: 100 - FE luy ke: 9750 - Thoi gian: 0.3 phut
Vong lap 195/250 - Repository: 100 - FE luy ke: 9800 - Thoi gian: 0.3 phut
Vong lap 196/250 - Repository: 100 - FE luy ke: 9850 - Thoi gian: 0.3 phut
Vong lap 197/250 - Repository: 100 - FE luy ke: 9900 - Thoi gian: 0.3 phut
Vong lap 198/250 - Repository: 100 - FE luy ke: 9950 - Thoi gian: 0.3 phut
Vong lap 199/250 - Repository: 100 - FE luy ke: 10000 - Thoi gian: 0.3 phut
Vong lap 200/250 - Repository: 100 - FE luy ke: 10050 - Thoi gian: 0.3 phut
Vong lap 201/250 - Repository: 100 - FE luy ke: 10100 - Thoi gian: 0.3 phut
Vong lap 202/250 - Repository: 100 - FE luy ke: 10150 - Thoi gian: 0.3 phut
Vong lap 203/250 - Repository: 100 - FE luy ke: 10200 - Thoi gian: 0.3 phut
Vong lap 204/250 - Repository: 100 - FE luy ke: 10250 - Thoi gian: 0.3 phut
Vong lap 205/250 - Repository: 100 - FE luy ke: 10300 - Thoi gian: 0.3 phut
Vong lap 206/250 - Repository: 100 - FE luy ke: 10350 - Thoi gian: 0.3 phut
Vong lap 207/250 - Repository: 100 - FE luy ke: 10400 - Thoi gian: 0.3 phut
Vong lap 208/250 - Repository: 100 - FE luy ke: 10450 - Thoi gian: 0.3 phut
Vong lap 209/250 - Repository: 100 - FE luy ke: 10500 - Thoi gian: 0.3 phut
Vong lap 210/250 - Repository: 100 - FE luy ke: 10550 - Thoi gian: 0.3 phut
Vong lap 211/250 - Repository: 100 - FE luy ke: 10600 - Thoi gian: 0.3 phut
Vong lap 212/250 - Repository: 100 - FE luy ke: 10650 - Thoi gian: 0.3 phut
Vong lap 213/250 - Repository: 100 - FE luy ke: 10700 - Thoi gian: 0.3 phut
Vong lap 214/250 - Repository: 100 - FE luy ke: 10750 - Thoi gian: 0.3 phut
Vong lap 215/250 - Repository: 100 - FE luy ke: 10800 - Thoi gian: 0.3 phut
Vong lap 216/250 - Repository: 100 - FE luy ke: 10850 - Thoi gian: 0.3 phut
Vong lap 217/250 - Repository: 100 - FE luy ke: 10900 - Thoi gian: 0.3 phut
Vong lap 218/250 - Repository: 100 - FE luy ke: 10950 - Thoi gian: 0.3 phut
Vong lap 219/250 - Repository: 100 - FE luy ke: 11000 - Thoi gian: 0.3 phut
Vong lap 220/250 - Repository: 100 - FE luy ke: 11050 - Thoi gian: 0.3 phut
Vong lap 221/250 - Repository: 100 - FE luy ke: 11100 - Thoi gian: 0.3 phut
Vong lap 222/250 - Repository: 100 - FE luy ke: 11150 - Thoi gian: 0.4 phut
Vong lap 223/250 - Repository: 100 - FE luy ke: 11200 - Thoi gian: 0.4 phut
Vong lap 224/250 - Repository: 100 - FE luy ke: 11250 - Thoi gian: 0.4 phut
Vong lap 225/250 - Repository: 100 - FE luy ke: 11300 - Thoi gian: 0.4 phut
Vong lap 226/250 - Repository: 100 - FE luy ke: 11350 - Thoi gian: 0.4 phut
Vong lap 227/250 - Repository: 100 - FE luy ke: 11400 - Thoi gian: 0.4 phut
Vong lap 228/250 - Repository: 100 - FE luy ke: 11450 - Thoi gian: 0.4 phut
Vong lap 229/250 - Repository: 100 - FE luy ke: 11500 - Thoi gian: 0.4 phut
Vong lap 230/250 - Repository: 100 - FE luy ke: 11550 - Thoi gian: 0.4 phut
Vong lap 231/250 - Repository: 100 - FE luy ke: 11600 - Thoi gian: 0.4 phut
Vong lap 232/250 - Repository: 100 - FE luy ke: 11650 - Thoi gian: 0.4 phut
Vong lap 233/250 - Repository: 100 - FE luy ke: 11700 - Thoi gian: 0.4 phut
Vong lap 234/250 - Repository: 100 - FE luy ke: 11750 - Thoi gian: 0.4 phut
Vong lap 235/250 - Repository: 100 - FE luy ke: 11800 - Thoi gian: 0.4 phut
Vong lap 236/250 - Repository: 100 - FE luy ke: 11850 - Thoi gian: 0.4 phut
Vong lap 237/250 - Repository: 100 - FE luy ke: 11900 - Thoi gian: 0.4 phut
Vong lap 238/250 - Repository: 100 - FE luy ke: 11950 - Thoi gian: 0.4 phut
Vong lap 239/250 - Repository: 100 - FE luy ke: 12000 - Thoi gian: 0.4 phut
Vong lap 240/250 - Repository: 100 - FE luy ke: 12050 - Thoi gian: 0.4 phut
Vong lap 241/250 - Repository: 100 - FE luy ke: 12100 - Thoi gian: 0.4 phut
Vong lap 242/250 - Repository: 100 - FE luy ke: 12150 - Thoi gian: 0.4 phut
Vong lap 243/250 - Repository: 100 - FE luy ke: 12200 - Thoi gian: 0.4 phut
Vong lap 244/250 - Repository: 100 - FE luy ke: 12250 - Thoi gian: 0.4 phut
Vong lap 245/250 - Repository: 100 - FE luy ke: 12300 - Thoi gian: 0.4 phut
Vong lap 246/250 - Repository: 100 - FE luy ke: 12350 - Thoi gian: 0.4 phut
Vong lap 247/250 - Repository: 100 - FE luy ke: 12400 - Thoi gian: 0.4 phut
Vong lap 248/250 - Repository: 100 - FE luy ke: 12450 - Thoi gian: 0.4 phut
Vong lap 249/250 - Repository: 100 - FE luy ke: 12500 - Thoi gian: 0.4 phut
Vong lap 250/250 - Repository: 100 - FE luy ke: 12550 - Thoi gian: 0.4 phut
HOAN THANH campaign E-MOSFOA. Tong thoi gian: 0.01 gio. So nghiem Pareto: 100
=== E-MOSFOA doc lap lan 2/30 (RunTag=run02) ===
[Wharf100DWT E-MOSFOA - SONG SONG] Np=50 Max_it=250 Nr=100 Num_work=8 (FE uoc tinh=12550)
SUCCESS: The process "SAP2000.exe" with PID 2312 has been terminated. 
SUCCESS: The process "SAP2000.exe" with PID 11576 has been terminated. 
SUCCESS: The process "SAP2000.exe" with PID 7060 has been terminated. 
SUCCESS: The process "SAP2000.exe" with PID 10360 has been terminated. 
SUCCESS: The process "SAP2000.exe" with PID 17616 has been terminated. 
SUCCESS: The process "SAP2000.exe" with PID 4268 has been terminated. 
SUCCESS: The process "SAP2000.exe" with PID 10336 has been terminated. 
SUCCESS: The process "SAP2000.exe" with PID 384 has been terminated. 
[Warning: Files that have already been attached are being ignored. To see which files are attached see the 'AttachedFiles' property of the parallel pool.] 
Worker 1: 
  wharf100dwt_evaluate: da nap cache tu D:\ResearchLab\02_Projects\02_Projects\MOFDA\Wharf100DWT\results\Wharf100DWT_BRUTEFORCE_FINAL.mat (4080 to hop).
Worker 2: 
  wharf100dwt_evaluate: da nap cache tu D:\ResearchLab\02_Projects\02_Projects\MOFDA\Wharf100DWT\results\Wharf100DWT_BRUTEFORCE_FINAL.mat (4080 to hop).
Worker 3: 
  wharf100dwt_evaluate: da nap cache tu D:\ResearchLab\02_Projects\02_Projects\MOFDA\Wharf100DWT\results\Wharf100DWT_BRUTEFORCE_FINAL.mat (4080 to hop).
Worker 4: 
  wharf100dwt_evaluate: da nap cache tu D:\ResearchLab\02_Projects\02_Projects\MOFDA\Wharf100DWT\results\Wharf100DWT_BRUTEFORCE_FINAL.mat (4080 to hop).
Worker 5: 
  wharf100dwt_evaluate: da nap cache tu D:\ResearchLab\02_Projects\02_Projects\MOFDA\Wharf100DWT\results\Wharf100DWT_BRUTEFORCE_FINAL.mat (4080 to hop).
Worker 6: 
  wharf100dwt_evaluate: da nap cache tu D:\ResearchLab\02_Projects\02_Projects\MOFDA\Wharf100DWT\results\Wharf100DWT_BRUTEFORCE_FINAL.mat (4080 to hop).
Worker 7: 
  wharf100dwt_evaluate: da nap cache tu D:\ResearchLab\02_Projects\02_Projects\MOFDA\Wharf100DWT\results\Wharf100DWT_BRUTEFORCE_FINAL.mat (4080 to hop).
Worker 8: 
  wharf100dwt_evaluate: da nap cache tu D:\ResearchLab\02_Projects\02_Projects\MOFDA\Wharf100DWT\results\Wharf100DWT_BRUTEFORCE_FINAL.mat (4080 to hop).
The he #0 - Kich thuoc Repository: 1
Vong lap 1/250 - Repository: 2 - FE luy ke: 100 - Thoi gian: 0.0 phut
Vong lap 2/250 - Repository: 15 - FE luy ke: 150 - Thoi gian: 0.0 phut
Vong lap 3/250 - Repository: 23 - FE luy ke: 200 - Thoi gian: 0.0 phut
Vong lap 4/250 - Repository: 36 - FE luy ke: 250 - Thoi gian: 0.0 phut
Vong lap 5/250 - Repository: 44 - FE luy ke: 300 - Thoi gian: 0.0 phut
Vong lap 6/250 - Repository: 55 - FE luy ke: 350 - Thoi gian: 0.0 phut
Vong lap 7/250 - Repository: 61 - FE luy ke: 400 - Thoi gian: 0.0 phut
Vong lap 8/250 - Repository: 71 - FE luy ke: 450 - Thoi gian: 0.0 phut
Vong lap 9/250 - Repository: 86 - FE luy ke: 500 - Thoi gian: 0.0 phut
Vong lap 10/250 - Repository: 100 - FE luy ke: 550 - Thoi gian: 0.0 phut
Vong lap 11/250 - Repository: 100 - FE luy ke: 600 - Thoi gian: 0.0 phut
Vong lap 12/250 - Repository: 100 - FE luy ke: 650 - Thoi gian: 0.0 phut
Vong lap 13/250 - Repository: 100 - FE luy ke: 700 - Thoi gian: 0.0 phut
Vong lap 14/250 - Repository: 100 - FE luy ke: 750 - Thoi gian: 0.0 phut
Vong lap 15/250 - Repository: 100 - FE luy ke: 800 - Thoi gian: 0.0 phut
Vong lap 16/250 - Repository: 100 - FE luy ke: 850 - Thoi gian: 0.0 phut
Vong lap 17/250 - Repository: 100 - FE luy ke: 900 - Thoi gian: 0.0 phut
Vong lap 18/250 - Repository: 100 - FE luy ke: 950 - Thoi gian: 0.0 phut
Vong lap 19/250 - Repository: 100 - FE luy ke: 1000 - Thoi gian: 0.0 phut
Vong lap 20/250 - Repository: 100 - FE luy ke: 1050 - Thoi gian: 0.0 phut
Vong lap 21/250 - Repository: 100 - FE luy ke: 1100 - Thoi gian: 0.0 phut
Vong lap 22/250 - Repository: 100 - FE luy ke: 1150 - Thoi gian: 0.0 phut
Vong lap 23/250 - Repository: 100 - FE luy ke: 1200 - Thoi gian: 0.0 phut
Vong lap 24/250 - Repository: 100 - FE luy ke: 1250 - Thoi gian: 0.0 phut
Vong lap 25/250 - Repository: 100 - FE luy ke: 1300 - Thoi gian: 0.0 phut
Vong lap 26/250 - Repository: 100 - FE luy ke: 1350 - Thoi gian: 0.0 phut
Vong lap 27/250 - Repository: 100 - FE luy ke: 1400 - Thoi gian: 0.0 phut
Vong lap 28/250 - Repository: 100 - FE luy ke: 1450 - Thoi gian: 0.0 phut
Vong lap 29/250 - Repository: 100 - FE luy ke: 1500 - Thoi gian: 0.0 phut
Vong lap 30/250 - Repository: 100 - FE luy ke: 1550 - Thoi gian: 0.0 phut
Vong lap 31/250 - Repository: 100 - FE luy ke: 1600 - Thoi gian: 0.0 phut
Vong lap 32/250 - Repository: 100 - FE luy ke: 1650 - Thoi gian: 0.0 phut
Vong lap 33/250 - Repository: 100 - FE luy ke: 1700 - Thoi gian: 0.0 phut
Vong lap 34/250 - Repository: 100 - FE luy ke: 1750 - Thoi gian: 0.0 phut
Vong lap 35/250 - Repository: 100 - FE luy ke: 1800 - Thoi gian: 0.0 phut
Vong lap 36/250 - Repository: 100 - FE luy ke: 1850 - Thoi gian: 0.1 phut
Vong lap 37/250 - Repository: 100 - FE luy ke: 1900 - Thoi gian: 0.1 phut
Vong lap 38/250 - Repository: 100 - FE luy ke: 1950 - Thoi gian: 0.1 phut
Vong lap 39/250 - Repository: 100 - FE luy ke: 2000 - Thoi gian: 0.1 phut
Vong lap 40/250 - Repository: 100 - FE luy ke: 2050 - Thoi gian: 0.1 phut
Vong lap 41/250 - Repository: 100 - FE luy ke: 2100 - Thoi gian: 0.1 phut
Vong lap 42/250 - Repository: 100 - FE luy ke: 2150 - Thoi gian: 0.1 phut
Vong lap 43/250 - Repository: 100 - FE luy ke: 2200 - Thoi gian: 0.1 phut
Vong lap 44/250 - Repository: 100 - FE luy ke: 2250 - Thoi gian: 0.1 phut
Vong lap 45/250 - Repository: 100 - FE luy ke: 2300 - Thoi gian: 0.1 phut
Vong lap 46/250 - Repository: 100 - FE luy ke: 2350 - Thoi gian: 0.1 phut
Vong lap 47/250 - Repository: 100 - FE luy ke: 2400 - Thoi gian: 0.1 phut
Vong lap 48/250 - Repository: 100 - FE luy ke: 2450 - Thoi gian: 0.1 phut
Vong lap 49/250 - Repository: 100 - FE luy ke: 2500 - Thoi gian: 0.1 phut
Vong lap 50/250 - Repository: 100 - FE luy ke: 2550 - Thoi gian: 0.1 phut
Vong lap 51/250 - Repository: 100 - FE luy ke: 2600 - Thoi gian: 0.1 phut
Vong lap 52/250 - Repository: 100 - FE luy ke: 2650 - Thoi gian: 0.1 phut
Vong lap 53/250 - Repository: 100 - FE luy ke: 2700 - Thoi gian: 0.1 phut
Vong lap 54/250 - Repository: 100 - FE luy ke: 2750 - Thoi gian: 0.1 phut
Vong lap 55/250 - Repository: 100 - FE luy ke: 2800 - Thoi gian: 0.1 phut
Vong lap 56/250 - Repository: 100 - FE luy ke: 2850 - Thoi gian: 0.1 phut
Vong lap 57/250 - Repository: 100 - FE luy ke: 2900 - Thoi gian: 0.1 phut
Vong lap 58/250 - Repository: 100 - FE luy ke: 2950 - Thoi gian: 0.1 phut
Vong lap 59/250 - Repository: 100 - FE luy ke: 3000 - Thoi gian: 0.1 phut
Vong lap 60/250 - Repository: 100 - FE luy ke: 3050 - Thoi gian: 0.1 phut
Vong lap 61/250 - Repository: 100 - FE luy ke: 3100 - Thoi gian: 0.1 phut
Vong lap 62/250 - Repository: 100 - FE luy ke: 3150 - Thoi gian: 0.1 phut
Vong lap 63/250 - Repository: 100 - FE luy ke: 3200 - Thoi gian: 0.1 phut
Vong lap 64/250 - Repository: 100 - FE luy ke: 3250 - Thoi gian: 0.1 phut
Vong lap 65/250 - Repository: 100 - FE luy ke: 3300 - Thoi gian: 0.1 phut
Vong lap 66/250 - Repository: 100 - FE luy ke: 3350 - Thoi gian: 0.1 phut
Vong lap 67/250 - Repository: 100 - FE luy ke: 3400 - Thoi gian: 0.1 phut
Vong lap 68/250 - Repository: 100 - FE luy ke: 3450 - Thoi gian: 0.1 phut
Vong lap 69/250 - Repository: 100 - FE luy ke: 3500 - Thoi gian: 0.1 phut
Vong lap 70/250 - Repository: 100 - FE luy ke: 3550 - Thoi gian: 0.1 phut
Vong lap 71/250 - Repository: 100 - FE luy ke: 3600 - Thoi gian: 0.1 phut
Vong lap 72/250 - Repository: 100 - FE luy ke: 3650 - Thoi gian: 0.1 phut
Vong lap 73/250 - Repository: 100 - FE luy ke: 3700 - Thoi gian: 0.1 phut
Vong lap 74/250 - Repository: 100 - FE luy ke: 3750 - Thoi gian: 0.1 phut
Vong lap 75/250 - Repository: 100 - FE luy ke: 3800 - Thoi gian: 0.1 phut
Vong lap 76/250 - Repository: 100 - FE luy ke: 3850 - Thoi gian: 0.1 phut
Vong lap 77/250 - Repository: 100 - FE luy ke: 3900 - Thoi gian: 0.1 phut
Vong lap 78/250 - Repository: 100 - FE luy ke: 3950 - Thoi gian: 0.1 phut
Vong lap 79/250 - Repository: 100 - FE luy ke: 4000 - Thoi gian: 0.1 phut
Vong lap 80/250 - Repository: 100 - FE luy ke: 4050 - Thoi gian: 0.1 phut
Vong lap 81/250 - Repository: 100 - FE luy ke: 4100 - Thoi gian: 0.1 phut
Vong lap 82/250 - Repository: 100 - FE luy ke: 4150 - Thoi gian: 0.1 phut
Vong lap 83/250 - Repository: 100 - FE luy ke: 4200 - Thoi gian: 0.1 phut
Vong lap 84/250 - Repository: 100 - FE luy ke: 4250 - Thoi gian: 0.1 phut
Vong lap 85/250 - Repository: 100 - FE luy ke: 4300 - Thoi gian: 0.1 phut
Vong lap 86/250 - Repository: 100 - FE luy ke: 4350 - Thoi gian: 0.1 phut
Vong lap 87/250 - Repository: 100 - FE luy ke: 4400 - Thoi gian: 0.1 phut
Vong lap 88/250 - Repository: 100 - FE luy ke: 4450 - Thoi gian: 0.1 phut
Vong lap 89/250 - Repository: 100 - FE luy ke: 4500 - Thoi gian: 0.1 phut
Vong lap 90/250 - Repository: 100 - FE luy ke: 4550 - Thoi gian: 0.1 phut
Vong lap 91/250 - Repository: 100 - FE luy ke: 4600 - Thoi gian: 0.1 phut
Vong lap 92/250 - Repository: 100 - FE luy ke: 4650 - Thoi gian: 0.1 phut
Vong lap 93/250 - Repository: 100 - FE luy ke: 4700 - Thoi gian: 0.1 phut
Vong lap 94/250 - Repository: 100 - FE luy ke: 4750 - Thoi gian: 0.1 phut
Vong lap 95/250 - Repository: 100 - FE luy ke: 4800 - Thoi gian: 0.1 phut
Vong lap 96/250 - Repository: 100 - FE luy ke: 4850 - Thoi gian: 0.1 phut
Vong lap 97/250 - Repository: 100 - FE luy ke: 4900 - Thoi gian: 0.1 phut
Vong lap 98/250 - Repository: 100 - FE luy ke: 4950 - Thoi gian: 0.1 phut
Vong lap 99/250 - Repository: 100 - FE luy ke: 5000 - Thoi gian: 0.1 phut
Vong lap 100/250 - Repository: 100 - FE luy ke: 5050 - Thoi gian: 0.1 phut
Vong lap 101/250 - Repository: 100 - FE luy ke: 5100 - Thoi gian: 0.1 phut
Vong lap 102/250 - Repository: 100 - FE luy ke: 5150 - Thoi gian: 0.1 phut
Vong lap 103/250 - Repository: 100 - FE luy ke: 5200 - Thoi gian: 0.2 phut
Vong lap 104/250 - Repository: 100 - FE luy ke: 5250 - Thoi gian: 0.2 phut
Vong lap 105/250 - Repository: 100 - FE luy ke: 5300 - Thoi gian: 0.2 phut
Vong lap 106/250 - Repository: 100 - FE luy ke: 5350 - Thoi gian: 0.2 phut
Vong lap 107/250 - Repository: 100 - FE luy ke: 5400 - Thoi gian: 0.2 phut
Vong lap 108/250 - Repository: 100 - FE luy ke: 5450 - Thoi gian: 0.2 phut
Vong lap 109/250 - Repository: 100 - FE luy ke: 5500 - Thoi gian: 0.2 phut
Vong lap 110/250 - Repository: 100 - FE luy ke: 5550 - Thoi gian: 0.2 phut
Vong lap 111/250 - Repository: 100 - FE luy ke: 5600 - Thoi gian: 0.2 phut
Vong lap 112/250 - Repository: 100 - FE luy ke: 5650 - Thoi gian: 0.2 phut
Vong lap 113/250 - Repository: 100 - FE luy ke: 5700 - Thoi gian: 0.2 phut
Vong lap 114/250 - Repository: 100 - FE luy ke: 5750 - Thoi gian: 0.2 phut
Vong lap 115/250 - Repository: 100 - FE luy ke: 5800 - Thoi gian: 0.2 phut
Vong lap 116/250 - Repository: 100 - FE luy ke: 5850 - Thoi gian: 0.2 phut
Vong lap 117/250 - Repository: 100 - FE luy ke: 5900 - Thoi gian: 0.2 phut
Vong lap 118/250 - Repository: 100 - FE luy ke: 5950 - Thoi gian: 0.2 phut
Vong lap 119/250 - Repository: 100 - FE luy ke: 6000 - Thoi gian: 0.2 phut
Vong lap 120/250 - Repository: 100 - FE luy ke: 6050 - Thoi gian: 0.2 phut
Vong lap 121/250 - Repository: 100 - FE luy ke: 6100 - Thoi gian: 0.2 phut
Vong lap 122/250 - Repository: 100 - FE luy ke: 6150 - Thoi gian: 0.2 phut
Vong lap 123/250 - Repository: 100 - FE luy ke: 6200 - Thoi gian: 0.2 phut
Vong lap 124/250 - Repository: 100 - FE luy ke: 6250 - Thoi gian: 0.2 phut
Vong lap 125/250 - Repository: 100 - FE luy ke: 6300 - Thoi gian: 0.2 phut
Vong lap 126/250 - Repository: 100 - FE luy ke: 6350 - Thoi gian: 0.2 phut
Vong lap 127/250 - Repository: 100 - FE luy ke: 6400 - Thoi gian: 0.2 phut
Vong lap 128/250 - Repository: 100 - FE luy ke: 6450 - Thoi gian: 0.2 phut
Vong lap 129/250 - Repository: 100 - FE luy ke: 6500 - Thoi gian: 0.2 phut
Vong lap 130/250 - Repository: 100 - FE luy ke: 6550 - Thoi gian: 0.2 phut
Vong lap 131/250 - Repository: 100 - FE luy ke: 6600 - Thoi gian: 0.2 phut
Vong lap 132/250 - Repository: 100 - FE luy ke: 6650 - Thoi gian: 0.2 phut
Vong lap 133/250 - Repository: 100 - FE luy ke: 6700 - Thoi gian: 0.2 phut
Vong lap 134/250 - Repository: 100 - FE luy ke: 6750 - Thoi gian: 0.2 phut
Vong lap 135/250 - Repository: 100 - FE luy ke: 6800 - Thoi gian: 0.2 phut
Vong lap 136/250 - Repository: 100 - FE luy ke: 6850 - Thoi gian: 0.2 phut
Vong lap 137/250 - Repository: 100 - FE luy ke: 6900 - Thoi gian: 0.2 phut
Vong lap 138/250 - Repository: 100 - FE luy ke: 6950 - Thoi gian: 0.2 phut
Vong lap 139/250 - Repository: 100 - FE luy ke: 7000 - Thoi gian: 0.2 phut
Vong lap 140/250 - Repository: 100 - FE luy ke: 7050 - Thoi gian: 0.2 phut
Vong lap 141/250 - Repository: 100 - FE luy ke: 7100 - Thoi gian: 0.2 phut
Vong lap 142/250 - Repository: 100 - FE luy ke: 7150 - Thoi gian: 0.2 phut
Vong lap 143/250 - Repository: 100 - FE luy ke: 7200 - Thoi gian: 0.2 phut
Vong lap 144/250 - Repository: 100 - FE luy ke: 7250 - Thoi gian: 0.2 phut
Vong lap 145/250 - Repository: 100 - FE luy ke: 7300 - Thoi gian: 0.2 phut
Vong lap 146/250 - Repository: 100 - FE luy ke: 7350 - Thoi gian: 0.2 phut
Vong lap 147/250 - Repository: 100 - FE luy ke: 7400 - Thoi gian: 0.2 phut
Vong lap 148/250 - Repository: 100 - FE luy ke: 7450 - Thoi gian: 0.2 phut
Vong lap 149/250 - Repository: 100 - FE luy ke: 7500 - Thoi gian: 0.2 phut
Vong lap 150/250 - Repository: 100 - FE luy ke: 7550 - Thoi gian: 0.2 phut
Vong lap 151/250 - Repository: 100 - FE luy ke: 7600 - Thoi gian: 0.2 phut
Vong lap 152/250 - Repository: 100 - FE luy ke: 7650 - Thoi gian: 0.2 phut
Vong lap 153/250 - Repository: 100 - FE luy ke: 7700 - Thoi gian: 0.2 phut
Vong lap 154/250 - Repository: 100 - FE luy ke: 7750 - Thoi gian: 0.2 phut
Vong lap 155/250 - Repository: 100 - FE luy ke: 7800 - Thoi gian: 0.2 phut
Vong lap 156/250 - Repository: 100 - FE luy ke: 7850 - Thoi gian: 0.2 phut
Vong lap 157/250 - Repository: 100 - FE luy ke: 7900 - Thoi gian: 0.2 phut
Vong lap 158/250 - Repository: 100 - FE luy ke: 7950 - Thoi gian: 0.2 phut
Vong lap 159/250 - Repository: 100 - FE luy ke: 8000 - Thoi gian: 0.2 phut
Vong lap 160/250 - Repository: 100 - FE luy ke: 8050 - Thoi gian: 0.2 phut
Vong lap 161/250 - Repository: 100 - FE luy ke: 8100 - Thoi gian: 0.2 phut
Vong lap 162/250 - Repository: 100 - FE luy ke: 8150 - Thoi gian: 0.2 phut
Vong lap 163/250 - Repository: 100 - FE luy ke: 8200 - Thoi gian: 0.2 phut
Vong lap 164/250 - Repository: 100 - FE luy ke: 8250 - Thoi gian: 0.2 phut
Vong lap 165/250 - Repository: 100 - FE luy ke: 8300 - Thoi gian: 0.2 phut
Vong lap 166/250 - Repository: 100 - FE luy ke: 8350 - Thoi gian: 0.2 phut
Vong lap 167/250 - Repository: 100 - FE luy ke: 8400 - Thoi gian: 0.3 phut
Vong lap 168/250 - Repository: 100 - FE luy ke: 8450 - Thoi gian: 0.3 phut
Vong lap 169/250 - Repository: 100 - FE luy ke: 8500 - Thoi gian: 0.3 phut
Vong lap 170/250 - Repository: 100 - FE luy ke: 8550 - Thoi gian: 0.3 phut
Vong lap 171/250 - Repository: 100 - FE luy ke: 8600 - Thoi gian: 0.3 phut
Vong lap 172/250 - Repository: 100 - FE luy ke: 8650 - Thoi gian: 0.3 phut
Vong lap 173/250 - Repository: 100 - FE luy ke: 8700 - Thoi gian: 0.3 phut
Vong lap 174/250 - Repository: 100 - FE luy ke: 8750 - Thoi gian: 0.3 phut
Vong lap 175/250 - Repository: 100 - FE luy ke: 8800 - Thoi gian: 0.3 phut
Vong lap 176/250 - Repository: 100 - FE luy ke: 8850 - Thoi gian: 0.3 phut
Vong lap 177/250 - Repository: 100 - FE luy ke: 8900 - Thoi gian: 0.3 phut
Vong lap 178/250 - Repository: 100 - FE luy ke: 8950 - Thoi gian: 0.3 phut
Vong lap 179/250 - Repository: 100 - FE luy ke: 9000 - Thoi gian: 0.3 phut
Vong lap 180/250 - Repository: 100 - FE luy ke: 9050 - Thoi gian: 0.3 phut
Vong lap 181/250 - Repository: 100 - FE luy ke: 9100 - Thoi gian: 0.3 phut
Vong lap 182/250 - Repository: 100 - FE luy ke: 9150 - Thoi gian: 0.3 phut
Vong lap 183/250 - Repository: 100 - FE luy ke: 9200 - Thoi gian: 0.3 phut
Vong lap 184/250 - Repository: 100 - FE luy ke: 9250 - Thoi gian: 0.3 phut
Vong lap 185/250 - Repository: 100 - FE luy ke: 9300 - Thoi gian: 0.3 phut
Vong lap 186/250 - Repository: 100 - FE luy ke: 9350 - Thoi gian: 0.3 phut
Vong lap 187/250 - Repository: 100 - FE luy ke: 9400 - Thoi gian: 0.3 phut
Vong lap 188/250 - Repository: 100 - FE luy ke: 9450 - Thoi gian: 0.3 phut
Vong lap 189/250 - Repository: 100 - FE luy ke: 9500 - Thoi gian: 0.3 phut
Vong lap 190/250 - Repository: 100 - FE luy ke: 9550 - Thoi gian: 0.3 phut
Vong lap 191/250 - Repository: 100 - FE luy ke: 9600 - Thoi gian: 0.3 phut
Vong lap 192/250 - Repository: 100 - FE luy ke: 9650 - Thoi gian: 0.3 phut
Vong lap 193/250 - Repository: 100 - FE luy ke: 9700 - Thoi gian: 0.3 phut
Vong lap 194/250 - Repository: 100 - FE luy ke: 9750 - Thoi gian: 0.3 phut
Vong lap 195/250 - Repository: 100 - FE luy ke: 9800 - Thoi gian: 0.3 phut
Vong lap 196/250 - Repository: 100 - FE luy ke: 9850 - Thoi gian: 0.3 phut
Vong lap 197/250 - Repository: 100 - FE luy ke: 9900 - Thoi gian: 0.3 phut
Vong lap 198/250 - Repository: 100 - FE luy ke: 9950 - Thoi gian: 0.3 phut
Vong lap 199/250 - Repository: 100 - FE luy ke: 10000 - Thoi gian: 0.3 phut
Vong lap 200/250 - Repository: 100 - FE luy ke: 10050 - Thoi gian: 0.3 phut
Vong lap 201/250 - Repository: 100 - FE luy ke: 10100 - Thoi gian: 0.3 phut
Vong lap 202/250 - Repository: 100 - FE luy ke: 10150 - Thoi gian: 0.3 phut
Vong lap 203/250 - Repository: 100 - FE luy ke: 10200 - Thoi gian: 0.3 phut
Vong lap 204/250 - Repository: 100 - FE luy ke: 10250 - Thoi gian: 0.3 phut
Vong lap 205/250 - Repository: 100 - FE luy ke: 10300 - Thoi gian: 0.3 phut
Vong lap 206/250 - Repository: 100 - FE luy ke: 10350 - Thoi gian: 0.3 phut
Vong lap 207/250 - Repository: 100 - FE luy ke: 10400 - Thoi gian: 0.3 phut
Vong lap 208/250 - Repository: 100 - FE luy ke: 10450 - Thoi gian: 0.3 phut
Vong lap 209/250 - Repository: 100 - FE luy ke: 10500 - Thoi gian: 0.3 phut
Vong lap 210/250 - Repository: 100 - FE luy ke: 10550 - Thoi gian: 0.3 phut
Vong lap 211/250 - Repository: 100 - FE luy ke: 10600 - Thoi gian: 0.3 phut
Vong lap 212/250 - Repository: 100 - FE luy ke: 10650 - Thoi gian: 0.3 phut
Vong lap 213/250 - Repository: 100 - FE luy ke: 10700 - Thoi gian: 0.3 phut
Vong lap 214/250 - Repository: 100 - FE luy ke: 10750 - Thoi gian: 0.3 phut
Vong lap 215/250 - Repository: 100 - FE luy ke: 10800 - Thoi gian: 0.3 phut
Vong lap 216/250 - Repository: 100 - FE luy ke: 10850 - Thoi gian: 0.3 phut
Vong lap 217/250 - Repository: 100 - FE luy ke: 10900 - Thoi gian: 0.3 phut
Vong lap 218/250 - Repository: 100 - FE luy ke: 10950 - Thoi gian: 0.3 phut
Vong lap 219/250 - Repository: 100 - FE luy ke: 11000 - Thoi gian: 0.3 phut
Vong lap 220/250 - Repository: 100 - FE luy ke: 11050 - Thoi gian: 0.3 phut
Vong lap 221/250 - Repository: 100 - FE luy ke: 11100 - Thoi gian: 0.3 phut
Vong lap 222/250 - Repository: 100 - FE luy ke: 11150 - Thoi gian: 0.3 phut
Vong lap 223/250 - Repository: 100 - FE luy ke: 11200 - Thoi gian: 0.3 phut
Vong lap 224/250 - Repository: 100 - FE luy ke: 11250 - Thoi gian: 0.3 phut
Vong lap 225/250 - Repository: 100 - FE luy ke: 11300 - Thoi gian: 0.3 phut
Vong lap 226/250 - Repository: 100 - FE luy ke: 11350 - Thoi gian: 0.3 phut
Vong lap 227/250 - Repository: 100 - FE luy ke: 11400 - Thoi gian: 0.4 phut
Vong lap 228/250 - Repository: 100 - FE luy ke: 11450 - Thoi gian: 0.4 phut
Vong lap 229/250 - Repository: 100 - FE luy ke: 11500 - Thoi gian: 0.4 phut
Vong lap 230/250 - Repository: 100 - FE luy ke: 11550 - Thoi gian: 0.4 phut
Vong lap 231/250 - Repository: 100 - FE luy ke: 11600 - Thoi gian: 0.4 phut
Vong lap 232/250 - Repository: 100 - FE luy ke: 11650 - Thoi gian: 0.4 phut
Vong lap 233/250 - Repository: 100 - FE luy ke: 11700 - Thoi gian: 0.4 phut
Vong lap 234/250 - Repository: 100 - FE luy ke: 11750 - Thoi gian: 0.4 phut
Vong lap 235/250 - Repository: 100 - FE luy ke: 11800 - Thoi gian: 0.4 phut
Vong lap 236/250 - Repository: 100 - FE luy ke: 11850 - Thoi gian: 0.4 phut
Vong lap 237/250 - Repository: 100 - FE luy ke: 11900 - Thoi gian: 0.4 phut
Vong lap 238/250 - Repository: 100 - FE luy ke: 11950 - Thoi gian: 0.4 phut
Vong lap 239/250 - Repository: 100 - FE luy ke: 12000 - Thoi gian: 0.4 phut
Vong lap 240/250 - Repository: 100 - FE luy ke: 12050 - Thoi gian: 0.4 phut
Vong lap 241/250 - Repository: 100 - FE luy ke: 12100 - Thoi gian: 0.4 phut
Vong lap 242/250 - Repository: 100 - FE luy ke: 12150 - Thoi gian: 0.4 phut
Vong lap 243/250 - Repository: 100 - FE luy ke: 12200 - Thoi gian: 0.4 phut
Vong lap 244/250 - Repository: 100 - FE luy ke: 12250 - Thoi gian: 0.4 phut
Vong lap 245/250 - Repository: 100 - FE luy ke: 12300 - Thoi gian: 0.4 phut
Vong lap 246/250 - Repository: 100 - FE luy ke: 12350 - Thoi gian: 0.4 phut
Vong lap 247/250 - Repository: 100 - FE luy ke: 12400 - Thoi gian: 0.4 phut
Vong lap 248/250 - Repository: 100 - FE luy ke: 12450 - Thoi gian: 0.4 phut
Vong lap 249/250 - Repository: 100 - FE luy ke: 12500 - Thoi gian: 0.4 phut
Vong lap 250/250 - Repository: 100 - FE luy ke: 12550 - Thoi gian: 0.4 phut
HOAN THANH campaign E-MOSFOA. Tong thoi gian: 0.01 gio. So nghiem Pareto: 100
=== E-MOSFOA doc lap lan 3/30 (RunTag=run03) ===
[Wharf100DWT E-MOSFOA - SONG SONG] Np=50 Max_it=250 Nr=100 Num_work=8 (FE uoc tinh=12550)
SUCCESS: The process "SAP2000.exe" with PID 24104 has been terminated. 
SUCCESS: The process "SAP2000.exe" with PID 21164 has been terminated. 
SUCCESS: The process "SAP2000.exe" with PID 12964 has been terminated. 
SUCCESS: The process "SAP2000.exe" with PID 26280 has been terminated. 
SUCCESS: The process "SAP2000.exe" with PID 14548 has been terminated. 
SUCCESS: The process "SAP2000.exe" with PID 25456 has been terminated. 
SUCCESS: The process "SAP2000.exe" with PID 14220 has been terminated. 
SUCCESS: The process "SAP2000.exe" with PID 12624 has been terminated. 
[Warning: Files that have already been attached are being ignored. To see which files are attached see the 'AttachedFiles' property of the parallel pool.] 
Worker 1: 
  wharf100dwt_evaluate: da nap cache tu D:\ResearchLab\02_Projects\02_Projects\MOFDA\Wharf100DWT\results\Wharf100DWT_BRUTEFORCE_FINAL.mat (4080 to hop).
Worker 2: 
  wharf100dwt_evaluate: da nap cache tu D:\ResearchLab\02_Projects\02_Projects\MOFDA\Wharf100DWT\results\Wharf100DWT_BRUTEFORCE_FINAL.mat (4080 to hop).
Worker 3: 
  wharf100dwt_evaluate: da nap cache tu D:\ResearchLab\02_Projects\02_Projects\MOFDA\Wharf100DWT\results\Wharf100DWT_BRUTEFORCE_FINAL.mat (4080 to hop).
Worker 4: 
  wharf100dwt_evaluate: da nap cache tu D:\ResearchLab\02_Projects\02_Projects\MOFDA\Wharf100DWT\results\Wharf100DWT_BRUTEFORCE_FINAL.mat (4080 to hop).
Worker 5: 
  wharf100dwt_evaluate: da nap cache tu D:\ResearchLab\02_Projects\02_Projects\MOFDA\Wharf100DWT\results\Wharf100DWT_BRUTEFORCE_FINAL.mat (4080 to hop).
Worker 6: 
  wharf100dwt_evaluate: da nap cache tu D:\ResearchLab\02_Projects\02_Projects\MOFDA\Wharf100DWT\results\Wharf100DWT_BRUTEFORCE_FINAL.mat (4080 to hop).
Worker 7: 
  wharf100dwt_evaluate: da nap cache tu D:\ResearchLab\02_Projects\02_Projects\MOFDA\Wharf100DWT\results\Wharf100DWT_BRUTEFORCE_FINAL.mat (4080 to hop).
Worker 8: 
  wharf100dwt_evaluate: da nap cache tu D:\ResearchLab\02_Projects\02_Projects\MOFDA\Wharf100DWT\results\Wharf100DWT_BRUTEFORCE_FINAL.mat (4080 to hop).
The he #0 - Kich thuoc Repository: 5
Vong lap 1/250 - Repository: 12 - FE luy ke: 100 - Thoi gian: 0.0 phut
Vong lap 2/250 - Repository: 14 - FE luy ke: 150 - Thoi gian: 0.0 phut
Vong lap 3/250 - Repository: 20 - FE luy ke: 200 - Thoi gian: 0.0 phut
Vong lap 4/250 - Repository: 30 - FE luy ke: 250 - Thoi gian: 0.0 phut
Vong lap 5/250 - Repository: 41 - FE luy ke: 300 - Thoi gian: 0.0 phut
Vong lap 6/250 - Repository: 46 - FE luy ke: 350 - Thoi gian: 0.0 phut
Vong lap 7/250 - Repository: 52 - FE luy ke: 400 - Thoi gian: 0.0 phut
Vong lap 8/250 - Repository: 64 - FE luy ke: 450 - Thoi gian: 0.0 phut
Vong lap 9/250 - Repository: 72 - FE luy ke: 500 - Thoi gian: 0.0 phut
Vong lap 10/250 - Repository: 87 - FE luy ke: 550 - Thoi gian: 0.0 phut
Vong lap 11/250 - Repository: 100 - FE luy ke: 600 - Thoi gian: 0.0 phut
Vong lap 12/250 - Repository: 100 - FE luy ke: 650 - Thoi gian: 0.0 phut
Vong lap 13/250 - Repository: 100 - FE luy ke: 700 - Thoi gian: 0.0 phut
Vong lap 14/250 - Repository: 100 - FE luy ke: 750 - Thoi gian: 0.0 phut
Vong lap 15/250 - Repository: 100 - FE luy ke: 800 - Thoi gian: 0.0 phut
Vong lap 16/250 - Repository: 100 - FE luy ke: 850 - Thoi gian: 0.0 phut
Vong lap 17/250 - Repository: 100 - FE luy ke: 900 - Thoi gian: 0.0 phut
Vong lap 18/250 - Repository: 100 - FE luy ke: 950 - Thoi gian: 0.0 phut
Vong lap 19/250 - Repository: 100 - FE luy ke: 1000 - Thoi gian: 0.0 phut
Vong lap 20/250 - Repository: 100 - FE luy ke: 1050 - Thoi gian: 0.0 phut
Vong lap 21/250 - Repository: 100 - FE luy ke: 1100 - Thoi gian: 0.0 phut
Vong lap 22/250 - Repository: 100 - FE luy ke: 1150 - Thoi gian: 0.0 phut
Vong lap 23/250 - Repository: 100 - FE luy ke: 1200 - Thoi gian: 0.0 phut
Vong lap 24/250 - Repository: 100 - FE luy ke: 1250 - Thoi gian: 0.0 phut
Vong lap 25/250 - Repository: 100 - FE luy ke: 1300 - Thoi gian: 0.0 phut
Vong lap 26/250 - Repository: 100 - FE luy ke: 1350 - Thoi gian: 0.0 phut
Vong lap 27/250 - Repository: 100 - FE luy ke: 1400 - Thoi gian: 0.0 phut
Vong lap 28/250 - Repository: 100 - FE luy ke: 1450 - Thoi gian: 0.0 phut
Vong lap 29/250 - Repository: 100 - FE luy ke: 1500 - Thoi gian: 0.0 phut
Vong lap 30/250 - Repository: 100 - FE luy ke: 1550 - Thoi gian: 0.0 phut
Vong lap 31/250 - Repository: 100 - FE luy ke: 1600 - Thoi gian: 0.0 phut
Vong lap 32/250 - Repository: 100 - FE luy ke: 1650 - Thoi gian: 0.0 phut
Vong lap 33/250 - Repository: 100 - FE luy ke: 1700 - Thoi gian: 0.0 phut
Vong lap 34/250 - Repository: 100 - FE luy ke: 1750 - Thoi gian: 0.0 phut
Vong lap 35/250 - Repository: 100 - FE luy ke: 1800 - Thoi gian: 0.0 phut
Vong lap 36/250 - Repository: 100 - FE luy ke: 1850 - Thoi gian: 0.1 phut
Vong lap 37/250 - Repository: 100 - FE luy ke: 1900 - Thoi gian: 0.1 phut
Vong lap 38/250 - Repository: 100 - FE luy ke: 1950 - Thoi gian: 0.1 phut
Vong lap 39/250 - Repository: 100 - FE luy ke: 2000 - Thoi gian: 0.1 phut
Vong lap 40/250 - Repository: 100 - FE luy ke: 2050 - Thoi gian: 0.1 phut
Vong lap 41/250 - Repository: 100 - FE luy ke: 2100 - Thoi gian: 0.1 phut
Vong lap 42/250 - Repository: 100 - FE luy ke: 2150 - Thoi gian: 0.1 phut
Vong lap 43/250 - Repository: 100 - FE luy ke: 2200 - Thoi gian: 0.1 phut
Vong lap 44/250 - Repository: 100 - FE luy ke: 2250 - Thoi gian: 0.1 phut
Vong lap 45/250 - Repository: 100 - FE luy ke: 2300 - Thoi gian: 0.1 phut
Vong lap 46/250 - Repository: 100 - FE luy ke: 2350 - Thoi gian: 0.1 phut
Vong lap 47/250 - Repository: 100 - FE luy ke: 2400 - Thoi gian: 0.1 phut
Vong lap 48/250 - Repository: 100 - FE luy ke: 2450 - Thoi gian: 0.1 phut
Vong lap 49/250 - Repository: 100 - FE luy ke: 2500 - Thoi gian: 0.1 phut
Vong lap 50/250 - Repository: 100 - FE luy ke: 2550 - Thoi gian: 0.1 phut
Vong lap 51/250 - Repository: 100 - FE luy ke: 2600 - Thoi gian: 0.1 phut
Vong lap 52/250 - Repository: 100 - FE luy ke: 2650 - Thoi gian: 0.1 phut
Vong lap 53/250 - Repository: 100 - FE luy ke: 2700 - Thoi gian: 0.1 phut
Vong lap 54/250 - Repository: 100 - FE luy ke: 2750 - Thoi gian: 0.1 phut
Vong lap 55/250 - Repository: 100 - FE luy ke: 2800 - Thoi gian: 0.1 phut
Vong lap 56/250 - Repository: 100 - FE luy ke: 2850 - Thoi gian: 0.1 phut
Vong lap 57/250 - Repository: 100 - FE luy ke: 2900 - Thoi gian: 0.1 phut
Vong lap 58/250 - Repository: 100 - FE luy ke: 2950 - Thoi gian: 0.1 phut
Vong lap 59/250 - Repository: 100 - FE luy ke: 3000 - Thoi gian: 0.1 phut
Vong lap 60/250 - Repository: 100 - FE luy ke: 3050 - Thoi gian: 0.1 phut
Vong lap 61/250 - Repository: 100 - FE luy ke: 3100 - Thoi gian: 0.1 phut
Vong lap 62/250 - Repository: 100 - FE luy ke: 3150 - Thoi gian: 0.1 phut
Vong lap 63/250 - Repository: 100 - FE luy ke: 3200 - Thoi gian: 0.1 phut
Vong lap 64/250 - Repository: 100 - FE luy ke: 3250 - Thoi gian: 0.1 phut
Vong lap 65/250 - Repository: 100 - FE luy ke: 3300 - Thoi gian: 0.1 phut
Vong lap 66/250 - Repository: 100 - FE luy ke: 3350 - Thoi gian: 0.1 phut
Vong lap 67/250 - Repository: 100 - FE luy ke: 3400 - Thoi gian: 0.1 phut
Vong lap 68/250 - Repository: 100 - FE luy ke: 3450 - Thoi gian: 0.1 phut
Vong lap 69/250 - Repository: 100 - FE luy ke: 3500 - Thoi gian: 0.1 phut
Vong lap 70/250 - Repository: 100 - FE luy ke: 3550 - Thoi gian: 0.1 phut
Vong lap 71/250 - Repository: 100 - FE luy ke: 3600 - Thoi gian: 0.1 phut
Vong lap 72/250 - Repository: 100 - FE luy ke: 3650 - Thoi gian: 0.1 phut
Vong lap 73/250 - Repository: 100 - FE luy ke: 3700 - Thoi gian: 0.1 phut
Vong lap 74/250 - Repository: 100 - FE luy ke: 3750 - Thoi gian: 0.1 phut
Vong lap 75/250 - Repository: 100 - FE luy ke: 3800 - Thoi gian: 0.1 phut
Vong lap 76/250 - Repository: 100 - FE luy ke: 3850 - Thoi gian: 0.1 phut
Vong lap 77/250 - Repository: 100 - FE luy ke: 3900 - Thoi gian: 0.1 phut
Vong lap 78/250 - Repository: 100 - FE luy ke: 3950 - Thoi gian: 0.1 phut
Vong lap 79/250 - Repository: 100 - FE luy ke: 4000 - Thoi gian: 0.1 phut
Vong lap 80/250 - Repository: 100 - FE luy ke: 4050 - Thoi gian: 0.1 phut
Vong lap 81/250 - Repository: 100 - FE luy ke: 4100 - Thoi gian: 0.1 phut
Vong lap 82/250 - Repository: 100 - FE luy ke: 4150 - Thoi gian: 0.1 phut
Vong lap 83/250 - Repository: 100 - FE luy ke: 4200 - Thoi gian: 0.1 phut
Vong lap 84/250 - Repository: 100 - FE luy ke: 4250 - Thoi gian: 0.1 phut
Vong lap 85/250 - Repository: 100 - FE luy ke: 4300 - Thoi gian: 0.1 phut
Vong lap 86/250 - Repository: 100 - FE luy ke: 4350 - Thoi gian: 0.1 phut
Vong lap 87/250 - Repository: 100 - FE luy ke: 4400 - Thoi gian: 0.1 phut
Vong lap 88/250 - Repository: 100 - FE luy ke: 4450 - Thoi gian: 0.1 phut
Vong lap 89/250 - Repository: 100 - FE luy ke: 4500 - Thoi gian: 0.1 phut
Vong lap 90/250 - Repository: 100 - FE luy ke: 4550 - Thoi gian: 0.1 phut
Vong lap 91/250 - Repository: 100 - FE luy ke: 4600 - Thoi gian: 0.1 phut
Vong lap 92/250 - Repository: 100 - FE luy ke: 4650 - Thoi gian: 0.1 phut
Vong lap 93/250 - Repository: 100 - FE luy ke: 4700 - Thoi gian: 0.1 phut
Vong lap 94/250 - Repository: 100 - FE luy ke: 4750 - Thoi gian: 0.1 phut
Vong lap 95/250 - Repository: 100 - FE luy ke: 4800 - Thoi gian: 0.1 phut
Vong lap 96/250 - Repository: 100 - FE luy ke: 4850 - Thoi gian: 0.1 phut
Vong lap 97/250 - Repository: 100 - FE luy ke: 4900 - Thoi gian: 0.1 phut
Vong lap 98/250 - Repository: 100 - FE luy ke: 4950 - Thoi gian: 0.1 phut
Vong lap 99/250 - Repository: 100 - FE luy ke: 5000 - Thoi gian: 0.1 phut
Vong lap 100/250 - Repository: 100 - FE luy ke: 5050 - Thoi gian: 0.1 phut
Vong lap 101/250 - Repository: 100 - FE luy ke: 5100 - Thoi gian: 0.1 phut
Vong lap 102/250 - Repository: 100 - FE luy ke: 5150 - Thoi gian: 0.1 phut
Vong lap 103/250 - Repository: 100 - FE luy ke: 5200 - Thoi gian: 0.1 phut
Vong lap 104/250 - Repository: 100 - FE luy ke: 5250 - Thoi gian: 0.2 phut
Vong lap 105/250 - Repository: 100 - FE luy ke: 5300 - Thoi gian: 0.2 phut
Vong lap 106/250 - Repository: 100 - FE luy ke: 5350 - Thoi gian: 0.2 phut
Vong lap 107/250 - Repository: 100 - FE luy ke: 5400 - Thoi gian: 0.2 phut
Vong lap 108/250 - Repository: 100 - FE luy ke: 5450 - Thoi gian: 0.2 phut
Vong lap 109/250 - Repository: 100 - FE luy ke: 5500 - Thoi gian: 0.2 phut
Vong lap 110/250 - Repository: 100 - FE luy ke: 5550 - Thoi gian: 0.2 phut
Vong lap 111/250 - Repository: 100 - FE luy ke: 5600 - Thoi gian: 0.2 phut
Vong lap 112/250 - Repository: 100 - FE luy ke: 5650 - Thoi gian: 0.2 phut
Vong lap 113/250 - Repository: 100 - FE luy ke: 5700 - Thoi gian: 0.2 phut
Vong lap 114/250 - Repository: 100 - FE luy ke: 5750 - Thoi gian: 0.2 phut
Vong lap 115/250 - Repository: 100 - FE luy ke: 5800 - Thoi gian: 0.2 phut
Vong lap 116/250 - Repository: 100 - FE luy ke: 5850 - Thoi gian: 0.2 phut
Vong lap 117/250 - Repository: 100 - FE luy ke: 5900 - Thoi gian: 0.2 phut
Vong lap 118/250 - Repository: 100 - FE luy ke: 5950 - Thoi gian: 0.2 phut
Vong lap 119/250 - Repository: 100 - FE luy ke: 6000 - Thoi gian: 0.2 phut
Vong lap 120/250 - Repository: 100 - FE luy ke: 6050 - Thoi gian: 0.2 phut
Vong lap 121/250 - Repository: 100 - FE luy ke: 6100 - Thoi gian: 0.2 phut
Vong lap 122/250 - Repository: 100 - FE luy ke: 6150 - Thoi gian: 0.2 phut
Vong lap 123/250 - Repository: 100 - FE luy ke: 6200 - Thoi gian: 0.2 phut
Vong lap 124/250 - Repository: 100 - FE luy ke: 6250 - Thoi gian: 0.2 phut
Vong lap 125/250 - Repository: 100 - FE luy ke: 6300 - Thoi gian: 0.2 phut
Vong lap 126/250 - Repository: 100 - FE luy ke: 6350 - Thoi gian: 0.2 phut
Vong lap 127/250 - Repository: 100 - FE luy ke: 6400 - Thoi gian: 0.2 phut
Vong lap 128/250 - Repository: 100 - FE luy ke: 6450 - Thoi gian: 0.2 phut
Vong lap 129/250 - Repository: 100 - FE luy ke: 6500 - Thoi gian: 0.2 phut
Vong lap 130/250 - Repository: 100 - FE luy ke: 6550 - Thoi gian: 0.2 phut
Vong lap 131/250 - Repository: 100 - FE luy ke: 6600 - Thoi gian: 0.2 phut
Vong lap 132/250 - Repository: 100 - FE luy ke: 6650 - Thoi gian: 0.2 phut
Vong lap 133/250 - Repository: 100 - FE luy ke: 6700 - Thoi gian: 0.2 phut
Vong lap 134/250 - Repository: 100 - FE luy ke: 6750 - Thoi gian: 0.2 phut
Vong lap 135/250 - Repository: 100 - FE luy ke: 6800 - Thoi gian: 0.2 phut
Vong lap 136/250 - Repository: 100 - FE luy ke: 6850 - Thoi gian: 0.2 phut
Vong lap 137/250 - Repository: 100 - FE luy ke: 6900 - Thoi gian: 0.2 phut
Vong lap 138/250 - Repository: 100 - FE luy ke: 6950 - Thoi gian: 0.2 phut
Vong lap 139/250 - Repository: 100 - FE luy ke: 7000 - Thoi gian: 0.2 phut
Vong lap 140/250 - Repository: 100 - FE luy ke: 7050 - Thoi gian: 0.2 phut
Vong lap 141/250 - Repository: 100 - FE luy ke: 7100 - Thoi gian: 0.2 phut
Vong lap 142/250 - Repository: 100 - FE luy ke: 7150 - Thoi gian: 0.2 phut
Vong lap 143/250 - Repository: 100 - FE luy ke: 7200 - Thoi gian: 0.2 phut
Vong lap 144/250 - Repository: 100 - FE luy ke: 7250 - Thoi gian: 0.2 phut
Vong lap 145/250 - Repository: 100 - FE luy ke: 7300 - Thoi gian: 0.2 phut
Vong lap 146/250 - Repository: 100 - FE luy ke: 7350 - Thoi gian: 0.2 phut
Vong lap 147/250 - Repository: 100 - FE luy ke: 7400 - Thoi gian: 0.2 phut
Vong lap 148/250 - Repository: 100 - FE luy ke: 7450 - Thoi gian: 0.2 phut
Vong lap 149/250 - Repository: 100 - FE luy ke: 7500 - Thoi gian: 0.2 phut
Vong lap 150/250 - Repository: 100 - FE luy ke: 7550 - Thoi gian: 0.2 phut
Vong lap 151/250 - Repository: 100 - FE luy ke: 7600 - Thoi gian: 0.2 phut
Vong lap 152/250 - Repository: 100 - FE luy ke: 7650 - Thoi gian: 0.2 phut
Vong lap 153/250 - Repository: 100 - FE luy ke: 7700 - Thoi gian: 0.2 phut
Vong lap 154/250 - Repository: 100 - FE luy ke: 7750 - Thoi gian: 0.2 phut
Vong lap 155/250 - Repository: 100 - FE luy ke: 7800 - Thoi gian: 0.2 phut
Vong lap 156/250 - Repository: 100 - FE luy ke: 7850 - Thoi gian: 0.2 phut
Vong lap 157/250 - Repository: 100 - FE luy ke: 7900 - Thoi gian: 0.2 phut
Vong lap 158/250 - Repository: 100 - FE luy ke: 7950 - Thoi gian: 0.2 phut
Vong lap 159/250 - Repository: 100 - FE luy ke: 8000 - Thoi gian: 0.2 phut
Vong lap 160/250 - Repository: 100 - FE luy ke: 8050 - Thoi gian: 0.2 phut
Vong lap 161/250 - Repository: 100 - FE luy ke: 8100 - Thoi gian: 0.2 phut
Vong lap 162/250 - Repository: 100 - FE luy ke: 8150 - Thoi gian: 0.2 phut
Vong lap 163/250 - Repository: 100 - FE luy ke: 8200 - Thoi gian: 0.2 phut
Vong lap 164/250 - Repository: 100 - FE luy ke: 8250 - Thoi gian: 0.2 phut
Vong lap 165/250 - Repository: 100 - FE luy ke: 8300 - Thoi gian: 0.2 phut
Vong lap 166/250 - Repository: 100 - FE luy ke: 8350 - Thoi gian: 0.2 phut
Vong lap 167/250 - Repository: 100 - FE luy ke: 8400 - Thoi gian: 0.3 phut
Vong lap 168/250 - Repository: 100 - FE luy ke: 8450 - Thoi gian: 0.3 phut
Vong lap 169/250 - Repository: 100 - FE luy ke: 8500 - Thoi gian: 0.3 phut
Vong lap 170/250 - Repository: 100 - FE luy ke: 8550 - Thoi gian: 0.3 phut
Vong lap 171/250 - Repository: 100 - FE luy ke: 8600 - Thoi gian: 0.3 phut
Vong lap 172/250 - Repository: 100 - FE luy ke: 8650 - Thoi gian: 0.3 phut
Vong lap 173/250 - Repository: 100 - FE luy ke: 8700 - Thoi gian: 0.3 phut
Vong lap 174/250 - Repository: 100 - FE luy ke: 8750 - Thoi gian: 0.3 phut
Vong lap 175/250 - Repository: 100 - FE luy ke: 8800 - Thoi gian: 0.3 phut
Vong lap 176/250 - Repository: 100 - FE luy ke: 8850 - Thoi gian: 0.3 phut
Vong lap 177/250 - Repository: 100 - FE luy ke: 8900 - Thoi gian: 0.3 phut
Vong lap 178/250 - Repository: 100 - FE luy ke: 8950 - Thoi gian: 0.3 phut
Vong lap 179/250 - Repository: 100 - FE luy ke: 9000 - Thoi gian: 0.3 phut
Vong lap 180/250 - Repository: 100 - FE luy ke: 9050 - Thoi gian: 0.3 phut
Vong lap 181/250 - Repository: 100 - FE luy ke: 9100 - Thoi gian: 0.3 phut
Vong lap 182/250 - Repository: 100 - FE luy ke: 9150 - Thoi gian: 0.3 phut
Vong lap 183/250 - Repository: 100 - FE luy ke: 9200 - Thoi gian: 0.3 phut
Vong lap 184/250 - Repository: 100 - FE luy ke: 9250 - Thoi gian: 0.3 phut
Vong lap 185/250 - Repository: 100 - FE luy ke: 9300 - Thoi gian: 0.3 phut
Vong lap 186/250 - Repository: 100 - FE luy ke: 9350 - Thoi gian: 0.3 phut
Vong lap 187/250 - Repository: 100 - FE luy ke: 9400 - Thoi gian: 0.3 phut
Vong lap 188/250 - Repository: 100 - FE luy ke: 9450 - Thoi gian: 0.3 phut
Vong lap 189/250 - Repository: 100 - FE luy ke: 9500 - Thoi gian: 0.3 phut
Vong lap 190/250 - Repository: 100 - FE luy ke: 9550 - Thoi gian: 0.3 phut
Vong lap 191/250 - Repository: 100 - FE luy ke: 9600 - Thoi gian: 0.3 phut
Vong lap 192/250 - Repository: 100 - FE luy ke: 9650 - Thoi gian: 0.3 phut
Vong lap 193/250 - Repository: 100 - FE luy ke: 9700 - Thoi gian: 0.3 phut
Vong lap 194/250 - Repository: 100 - FE luy ke: 9750 - Thoi gian: 0.3 phut
Vong lap 195/250 - Repository: 100 - FE luy ke: 9800 - Thoi gian: 0.3 phut
Vong lap 196/250 - Repository: 100 - FE luy ke: 9850 - Thoi gian: 0.3 phut
Vong lap 197/250 - Repository: 100 - FE luy ke: 9900 - Thoi gian: 0.3 phut
Vong lap 198/250 - Repository: 100 - FE luy ke: 9950 - Thoi gian: 0.3 phut
Vong lap 199/250 - Repository: 100 - FE luy ke: 10000 - Thoi gian: 0.3 phut
Vong lap 200/250 - Repository: 100 - FE luy ke: 10050 - Thoi gian: 0.3 phut
Vong lap 201/250 - Repository: 100 - FE luy ke: 10100 - Thoi gian: 0.3 phut
Vong lap 202/250 - Repository: 100 - FE luy ke: 10150 - Thoi gian: 0.3 phut
Vong lap 203/250 - Repository: 100 - FE luy ke: 10200 - Thoi gian: 0.3 phut
Vong lap 204/250 - Repository: 100 - FE luy ke: 10250 - Thoi gian: 0.3 phut
Vong lap 205/250 - Repository: 100 - FE luy ke: 10300 - Thoi gian: 0.3 phut
Vong lap 206/250 - Repository: 100 - FE luy ke: 10350 - Thoi gian: 0.3 phut
Vong lap 207/250 - Repository: 100 - FE luy ke: 10400 - Thoi gian: 0.3 phut
Vong lap 208/250 - Repository: 100 - FE luy ke: 10450 - Thoi gian: 0.3 phut
Vong lap 209/250 - Repository: 100 - FE luy ke: 10500 - Thoi gian: 0.3 phut
Vong lap 210/250 - Repository: 100 - FE luy ke: 10550 - Thoi gian: 0.3 phut
Vong lap 211/250 - Repository: 100 - FE luy ke: 10600 - Thoi gian: 0.3 phut
Vong lap 212/250 - Repository: 100 - FE luy ke: 10650 - Thoi gian: 0.3 phut
Vong lap 213/250 - Repository: 100 - FE luy ke: 10700 - Thoi gian: 0.3 phut
Vong lap 214/250 - Repository: 100 - FE luy ke: 10750 - Thoi gian: 0.3 phut
Vong lap 215/250 - Repository: 100 - FE luy ke: 10800 - Thoi gian: 0.3 phut
Vong lap 216/250 - Repository: 100 - FE luy ke: 10850 - Thoi gian: 0.3 phut
Vong lap 217/250 - Repository: 100 - FE luy ke: 10900 - Thoi gian: 0.3 phut
Vong lap 218/250 - Repository: 100 - FE luy ke: 10950 - Thoi gian: 0.3 phut
Vong lap 219/250 - Repository: 100 - FE luy ke: 11000 - Thoi gian: 0.3 phut
Vong lap 220/250 - Repository: 100 - FE luy ke: 11050 - Thoi gian: 0.3 phut
Vong lap 221/250 - Repository: 100 - FE luy ke: 11100 - Thoi gian: 0.3 phut
Vong lap 222/250 - Repository: 100 - FE luy ke: 11150 - Thoi gian: 0.3 phut
Vong lap 223/250 - Repository: 100 - FE luy ke: 11200 - Thoi gian: 0.3 phut
Vong lap 224/250 - Repository: 100 - FE luy ke: 11250 - Thoi gian: 0.3 phut
Vong lap 225/250 - Repository: 100 - FE luy ke: 11300 - Thoi gian: 0.3 phut
Vong lap 226/250 - Repository: 100 - FE luy ke: 11350 - Thoi gian: 0.4 phut
Vong lap 227/250 - Repository: 100 - FE luy ke: 11400 - Thoi gian: 0.4 phut
Vong lap 228/250 - Repository: 100 - FE luy ke: 11450 - Thoi gian: 0.4 phut
Vong lap 229/250 - Repository: 100 - FE luy ke: 11500 - Thoi gian: 0.4 phut
Vong lap 230/250 - Repository: 100 - FE luy ke: 11550 - Thoi gian: 0.4 phut
Vong lap 231/250 - Repository: 100 - FE luy ke: 11600 - Thoi gian: 0.4 phut
Vong lap 232/250 - Repository: 100 - FE luy ke: 11650 - Thoi gian: 0.4 phut
Vong lap 233/250 - Repository: 100 - FE luy ke: 11700 - Thoi gian: 0.4 phut
Vong lap 234/250 - Repository: 100 - FE luy ke: 11750 - Thoi gian: 0.4 phut
Vong lap 235/250 - Repository: 100 - FE luy ke: 11800 - Thoi gian: 0.4 phut
Vong lap 236/250 - Repository: 100 - FE luy ke: 11850 - Thoi gian: 0.4 phut
Vong lap 237/250 - Repository: 100 - FE luy ke: 11900 - Thoi gian: 0.4 phut
Vong lap 238/250 - Repository: 100 - FE luy ke: 11950 - Thoi gian: 0.4 phut
Vong lap 239/250 - Repository: 100 - FE luy ke: 12000 - Thoi gian: 0.4 phut
Vong lap 240/250 - Repository: 100 - FE luy ke: 12050 - Thoi gian: 0.4 phut
Vong lap 241/250 - Repository: 100 - FE luy ke: 12100 - Thoi gian: 0.4 phut
Vong lap 242/250 - Repository: 100 - FE luy ke: 12150 - Thoi gian: 0.4 phut
Vong lap 243/250 - Repository: 100 - FE luy ke: 12200 - Thoi gian: 0.4 phut
Vong lap 244/250 - Repository: 100 - FE luy ke: 12250 - Thoi gian: 0.4 phut
Vong lap 245/250 - Repository: 100 - FE luy ke: 12300 - Thoi gian: 0.4 phut
Vong lap 246/250 - Repository: 100 - FE luy ke: 12350 - Thoi gian: 0.4 phut
Vong lap 247/250 - Repository: 100 - FE luy ke: 12400 - Thoi gian: 0.4 phut
Vong lap 248/250 - Repository: 100 - FE luy ke: 12450 - Thoi gian: 0.4 phut
Vong lap 249/250 - Repository: 100 - FE luy ke: 12500 - Thoi gian: 0.4 phut
Vong lap 250/250 - Repository: 100 - FE luy ke: 12550 - Thoi gian: 0.4 phut
HOAN THANH campaign E-MOSFOA. Tong thoi gian: 0.01 gio. So nghiem Pareto: 100
=== E-MOSFOA doc lap lan 4/30 (RunTag=run04) ===
[Wharf100DWT E-MOSFOA - SONG SONG] Np=50 Max_it=250 Nr=100 Num_work=8 (FE uoc tinh=12550)
SUCCESS: The process "SAP2000.exe" with PID 16460 has been terminated. 
SUCCESS: The process "SAP2000.exe" with PID 1704 has been terminated. 
SUCCESS: The process "SAP2000.exe" with PID 16184 has been terminated. 
SUCCESS: The process "SAP2000.exe" with PID 10920 has been terminated. 
SUCCESS: The process "SAP2000.exe" with PID 23624 has been terminated. 
SUCCESS: The process "SAP2000.exe" with PID 22840 has been terminated. 
SUCCESS: The process "SAP2000.exe" with PID 16944 has been terminated. 
SUCCESS: The process "SAP2000.exe" with PID 20360 has been terminated. 
[Warning: Files that have already been attached are being ignored. To see which files are attached see the 'AttachedFiles' property of the parallel pool.] 
Worker 1: 
  wharf100dwt_evaluate: da nap cache tu D:\ResearchLab\02_Projects\02_Projects\MOFDA\Wharf100DWT\results\Wharf100DWT_BRUTEFORCE_FINAL.mat (4080 to hop).
Worker 2: 
  wharf100dwt_evaluate: da nap cache tu D:\ResearchLab\02_Projects\02_Projects\MOFDA\Wharf100DWT\results\Wharf100DWT_BRUTEFORCE_FINAL.mat (4080 to hop).
Worker 3: 
  wharf100dwt_evaluate: da nap cache tu D:\ResearchLab\02_Projects\02_Projects\MOFDA\Wharf100DWT\results\Wharf100DWT_BRUTEFORCE_FINAL.mat (4080 to hop).
Worker 4: 
  wharf100dwt_evaluate: da nap cache tu D:\ResearchLab\02_Projects\02_Projects\MOFDA\Wharf100DWT\results\Wharf100DWT_BRUTEFORCE_FINAL.mat (4080 to hop).
Worker 5: 
  wharf100dwt_evaluate: da nap cache tu D:\ResearchLab\02_Projects\02_Projects\MOFDA\Wharf100DWT\results\Wharf100DWT_BRUTEFORCE_FINAL.mat (4080 to hop).
Worker 6: 
  wharf100dwt_evaluate: da nap cache tu D:\ResearchLab\02_Projects\02_Projects\MOFDA\Wharf100DWT\results\Wharf100DWT_BRUTEFORCE_FINAL.mat (4080 to hop).
Worker 7: 
  wharf100dwt_evaluate: da nap cache tu D:\ResearchLab\02_Projects\02_Projects\MOFDA\Wharf100DWT\results\Wharf100DWT_BRUTEFORCE_FINAL.mat (4080 to hop).
Worker 8: 
  wharf100dwt_evaluate: da nap cache tu D:\ResearchLab\02_Projects\02_Projects\MOFDA\Wharf100DWT\results\Wharf100DWT_BRUTEFORCE_FINAL.mat (4080 to hop).
The he #0 - Kich thuoc Repository: 5
Vong lap 1/250 - Repository: 8 - FE luy ke: 100 - Thoi gian: 0.0 phut
Vong lap 2/250 - Repository: 15 - FE luy ke: 150 - Thoi gian: 0.0 phut
Vong lap 3/250 - Repository: 25 - FE luy ke: 200 - Thoi gian: 0.0 phut
Vong lap 4/250 - Repository: 26 - FE luy ke: 250 - Thoi gian: 0.0 phut
Vong lap 5/250 - Repository: 35 - FE luy ke: 300 - Thoi gian: 0.0 phut
Vong lap 6/250 - Repository: 42 - FE luy ke: 350 - Thoi gian: 0.0 phut
Vong lap 7/250 - Repository: 54 - FE luy ke: 400 - Thoi gian: 0.0 phut
Vong lap 8/250 - Repository: 64 - FE luy ke: 450 - Thoi gian: 0.0 phut
Vong lap 9/250 - Repository: 75 - FE luy ke: 500 - Thoi gian: 0.0 phut
Vong lap 10/250 - Repository: 90 - FE luy ke: 550 - Thoi gian: 0.0 phut
Vong lap 11/250 - Repository: 100 - FE luy ke: 600 - Thoi gian: 0.0 phut
Vong lap 12/250 - Repository: 100 - FE luy ke: 650 - Thoi gian: 0.0 phut
Vong lap 13/250 - Repository: 100 - FE luy ke: 700 - Thoi gian: 0.0 phut
Vong lap 14/250 - Repository: 100 - FE luy ke: 750 - Thoi gian: 0.0 phut
Vong lap 15/250 - Repository: 100 - FE luy ke: 800 - Thoi gian: 0.0 phut
Vong lap 16/250 - Repository: 100 - FE luy ke: 850 - Thoi gian: 0.0 phut
Vong lap 17/250 - Repository: 100 - FE luy ke: 900 - Thoi gian: 0.0 phut
Vong lap 18/250 - Repository: 100 - FE luy ke: 950 - Thoi gian: 0.0 phut
Vong lap 19/250 - Repository: 100 - FE luy ke: 1000 - Thoi gian: 0.0 phut
Vong lap 20/250 - Repository: 100 - FE luy ke: 1050 - Thoi gian: 0.0 phut
Vong lap 21/250 - Repository: 100 - FE luy ke: 1100 - Thoi gian: 0.0 phut
Vong lap 22/250 - Repository: 100 - FE luy ke: 1150 - Thoi gian: 0.0 phut
Vong lap 23/250 - Repository: 100 - FE luy ke: 1200 - Thoi gian: 0.0 phut
Vong lap 24/250 - Repository: 100 - FE luy ke: 1250 - Thoi gian: 0.0 phut
Vong lap 25/250 - Repository: 100 - FE luy ke: 1300 - Thoi gian: 0.0 phut
Vong lap 26/250 - Repository: 100 - FE luy ke: 1350 - Thoi gian: 0.0 phut
Vong lap 27/250 - Repository: 100 - FE luy ke: 1400 - Thoi gian: 0.0 phut
Vong lap 28/250 - Repository: 100 - FE luy ke: 1450 - Thoi gian: 0.0 phut
Vong lap 29/250 - Repository: 100 - FE luy ke: 1500 - Thoi gian: 0.0 phut
Vong lap 30/250 - Repository: 100 - FE luy ke: 1550 - Thoi gian: 0.0 phut
Vong lap 31/250 - Repository: 100 - FE luy ke: 1600 - Thoi gian: 0.0 phut
Vong lap 32/250 - Repository: 100 - FE luy ke: 1650 - Thoi gian: 0.0 phut
Vong lap 33/250 - Repository: 100 - FE luy ke: 1700 - Thoi gian: 0.0 phut
Vong lap 34/250 - Repository: 100 - FE luy ke: 1750 - Thoi gian: 0.0 phut
Vong lap 35/250 - Repository: 100 - FE luy ke: 1800 - Thoi gian: 0.0 phut
Vong lap 36/250 - Repository: 100 - FE luy ke: 1850 - Thoi gian: 0.0 phut
Vong lap 37/250 - Repository: 100 - FE luy ke: 1900 - Thoi gian: 0.1 phut
Vong lap 38/250 - Repository: 100 - FE luy ke: 1950 - Thoi gian: 0.1 phut
Vong lap 39/250 - Repository: 100 - FE luy ke: 2000 - Thoi gian: 0.1 phut
Vong lap 40/250 - Repository: 100 - FE luy ke: 2050 - Thoi gian: 0.1 phut
Vong lap 41/250 - Repository: 100 - FE luy ke: 2100 - Thoi gian: 0.1 phut
Vong lap 42/250 - Repository: 100 - FE luy ke: 2150 - Thoi gian: 0.1 phut
Vong lap 43/250 - Repository: 100 - FE luy ke: 2200 - Thoi gian: 0.1 phut
Vong lap 44/250 - Repository: 100 - FE luy ke: 2250 - Thoi gian: 0.1 phut
Vong lap 45/250 - Repository: 100 - FE luy ke: 2300 - Thoi gian: 0.1 phut
Vong lap 46/250 - Repository: 100 - FE luy ke: 2350 - Thoi gian: 0.1 phut
Vong lap 47/250 - Repository: 100 - FE luy ke: 2400 - Thoi gian: 0.1 phut
Vong lap 48/250 - Repository: 100 - FE luy ke: 2450 - Thoi gian: 0.1 phut
Vong lap 49/250 - Repository: 100 - FE luy ke: 2500 - Thoi gian: 0.1 phut
Vong lap 50/250 - Repository: 100 - FE luy ke: 2550 - Thoi gian: 0.1 phut
Vong lap 51/250 - Repository: 100 - FE luy ke: 2600 - Thoi gian: 0.1 phut
Vong lap 52/250 - Repository: 100 - FE luy ke: 2650 - Thoi gian: 0.1 phut
Vong lap 53/250 - Repository: 100 - FE luy ke: 2700 - Thoi gian: 0.1 phut
Vong lap 54/250 - Repository: 100 - FE luy ke: 2750 - Thoi gian: 0.1 phut
Vong lap 55/250 - Repository: 100 - FE luy ke: 2800 - Thoi gian: 0.1 phut
Vong lap 56/250 - Repository: 100 - FE luy ke: 2850 - Thoi gian: 0.1 phut
Vong lap 57/250 - Repository: 100 - FE luy ke: 2900 - Thoi gian: 0.1 phut
Vong lap 58/250 - Repository: 100 - FE luy ke: 2950 - Thoi gian: 0.1 phut
Vong lap 59/250 - Repository: 100 - FE luy ke: 3000 - Thoi gian: 0.1 phut
Vong lap 60/250 - Repository: 100 - FE luy ke: 3050 - Thoi gian: 0.1 phut
Vong lap 61/250 - Repository: 100 - FE luy ke: 3100 - Thoi gian: 0.1 phut
Vong lap 62/250 - Repository: 100 - FE luy ke: 3150 - Thoi gian: 0.1 phut
Vong lap 63/250 - Repository: 100 - FE luy ke: 3200 - Thoi gian: 0.1 phut
Vong lap 64/250 - Repository: 100 - FE luy ke: 3250 - Thoi gian: 0.1 phut
Vong lap 65/250 - Repository: 100 - FE luy ke: 3300 - Thoi gian: 0.1 phut
Vong lap 66/250 - Repository: 100 - FE luy ke: 3350 - Thoi gian: 0.1 phut
Vong lap 67/250 - Repository: 100 - FE luy ke: 3400 - Thoi gian: 0.1 phut
Vong lap 68/250 - Repository: 100 - FE luy ke: 3450 - Thoi gian: 0.1 phut
Vong lap 69/250 - Repository: 100 - FE luy ke: 3500 - Thoi gian: 0.1 phut
Vong lap 70/250 - Repository: 100 - FE luy ke: 3550 - Thoi gian: 0.1 phut
Vong lap 71/250 - Repository: 100 - FE luy ke: 3600 - Thoi gian: 0.1 phut
Vong lap 72/250 - Repository: 100 - FE luy ke: 3650 - Thoi gian: 0.1 phut
Vong lap 73/250 - Repository: 100 - FE luy ke: 3700 - Thoi gian: 0.1 phut
Vong lap 74/250 - Repository: 100 - FE luy ke: 3750 - Thoi gian: 0.1 phut
Vong lap 75/250 - Repository: 100 - FE luy ke: 3800 - Thoi gian: 0.1 phut
Vong lap 76/250 - Repository: 100 - FE luy ke: 3850 - Thoi gian: 0.1 phut
Vong lap 77/250 - Repository: 100 - FE luy ke: 3900 - Thoi gian: 0.1 phut
Vong lap 78/250 - Repository: 100 - FE luy ke: 3950 - Thoi gian: 0.1 phut
Vong lap 79/250 - Repository: 100 - FE luy ke: 4000 - Thoi gian: 0.1 phut
Vong lap 80/250 - Repository: 100 - FE luy ke: 4050 - Thoi gian: 0.1 phut
Vong lap 81/250 - Repository: 100 - FE luy ke: 4100 - Thoi gian: 0.1 phut
Vong lap 82/250 - Repository: 100 - FE luy ke: 4150 - Thoi gian: 0.1 phut
Vong lap 83/250 - Repository: 100 - FE luy ke: 4200 - Thoi gian: 0.1 phut
Vong lap 84/250 - Repository: 100 - FE luy ke: 4250 - Thoi gian: 0.1 phut
Vong lap 85/250 - Repository: 100 - FE luy ke: 4300 - Thoi gian: 0.1 phut
Vong lap 86/250 - Repository: 100 - FE luy ke: 4350 - Thoi gian: 0.1 phut
Vong lap 87/250 - Repository: 100 - FE luy ke: 4400 - Thoi gian: 0.1 phut
Vong lap 88/250 - Repository: 100 - FE luy ke: 4450 - Thoi gian: 0.1 phut
Vong lap 89/250 - Repository: 100 - FE luy ke: 4500 - Thoi gian: 0.1 phut
Vong lap 90/250 - Repository: 100 - FE luy ke: 4550 - Thoi gian: 0.1 phut
Vong lap 91/250 - Repository: 100 - FE luy ke: 4600 - Thoi gian: 0.1 phut
Vong lap 92/250 - Repository: 100 - FE luy ke: 4650 - Thoi gian: 0.1 phut
Vong lap 93/250 - Repository: 100 - FE luy ke: 4700 - Thoi gian: 0.1 phut
Vong lap 94/250 - Repository: 100 - FE luy ke: 4750 - Thoi gian: 0.1 phut
Vong lap 95/250 - Repository: 100 - FE luy ke: 4800 - Thoi gian: 0.1 phut
Vong lap 96/250 - Repository: 100 - FE luy ke: 4850 - Thoi gian: 0.1 phut
Vong lap 97/250 - Repository: 100 - FE luy ke: 4900 - Thoi gian: 0.1 phut
Vong lap 98/250 - Repository: 100 - FE luy ke: 4950 - Thoi gian: 0.1 phut
Vong lap 99/250 - Repository: 100 - FE luy ke: 5000 - Thoi gian: 0.1 phut
Vong lap 100/250 - Repository: 100 - FE luy ke: 5050 - Thoi gian: 0.1 phut
Vong lap 101/250 - Repository: 100 - FE luy ke: 5100 - Thoi gian: 0.1 phut
Vong lap 102/250 - Repository: 100 - FE luy ke: 5150 - Thoi gian: 0.1 phut
Vong lap 103/250 - Repository: 100 - FE luy ke: 5200 - Thoi gian: 0.1 phut
Vong lap 104/250 - Repository: 100 - FE luy ke: 5250 - Thoi gian: 0.2 phut
Vong lap 105/250 - Repository: 100 - FE luy ke: 5300 - Thoi gian: 0.2 phut
Vong lap 106/250 - Repository: 100 - FE luy ke: 5350 - Thoi gian: 0.2 phut
Vong lap 107/250 - Repository: 100 - FE luy ke: 5400 - Thoi gian: 0.2 phut
Vong lap 108/250 - Repository: 100 - FE luy ke: 5450 - Thoi gian: 0.2 phut
Vong lap 109/250 - Repository: 100 - FE luy ke: 5500 - Thoi gian: 0.2 phut
Vong lap 110/250 - Repository: 100 - FE luy ke: 5550 - Thoi gian: 0.2 phut
Vong lap 111/250 - Repository: 100 - FE luy ke: 5600 - Thoi gian: 0.2 phut
Vong lap 112/250 - Repository: 100 - FE luy ke: 5650 - Thoi gian: 0.2 phut
Vong lap 113/250 - Repository: 100 - FE luy ke: 5700 - Thoi gian: 0.2 phut
Vong lap 114/250 - Repository: 100 - FE luy ke: 5750 - Thoi gian: 0.2 phut
Vong lap 115/250 - Repository: 100 - FE luy ke: 5800 - Thoi gian: 0.2 phut
Vong lap 116/250 - Repository: 100 - FE luy ke: 5850 - Thoi gian: 0.2 phut
Vong lap 117/250 - Repository: 100 - FE luy ke: 5900 - Thoi gian: 0.2 phut
Vong lap 118/250 - Repository: 100 - FE luy ke: 5950 - Thoi gian: 0.2 phut
Vong lap 119/250 - Repository: 100 - FE luy ke: 6000 - Thoi gian: 0.2 phut
Vong lap 120/250 - Repository: 100 - FE luy ke: 6050 - Thoi gian: 0.2 phut
Vong lap 121/250 - Repository: 100 - FE luy ke: 6100 - Thoi gian: 0.2 phut
Vong lap 122/250 - Repository: 100 - FE luy ke: 6150 - Thoi gian: 0.2 phut
Vong lap 123/250 - Repository: 100 - FE luy ke: 6200 - Thoi gian: 0.2 phut
Vong lap 124/250 - Repository: 100 - FE luy ke: 6250 - Thoi gian: 0.2 phut
Vong lap 125/250 - Repository: 100 - FE luy ke: 6300 - Thoi gian: 0.2 phut
Vong lap 126/250 - Repository: 100 - FE luy ke: 6350 - Thoi gian: 0.2 phut
Vong lap 127/250 - Repository: 100 - FE luy ke: 6400 - Thoi gian: 0.2 phut
Vong lap 128/250 - Repository: 100 - FE luy ke: 6450 - Thoi gian: 0.2 phut
Vong lap 129/250 - Repository: 100 - FE luy ke: 6500 - Thoi gian: 0.2 phut
Vong lap 130/250 - Repository: 100 - FE luy ke: 6550 - Thoi gian: 0.2 phut
Vong lap 131/250 - Repository: 100 - FE luy ke: 6600 - Thoi gian: 0.2 phut
Vong lap 132/250 - Repository: 100 - FE luy ke: 6650 - Thoi gian: 0.2 phut
Vong lap 133/250 - Repository: 100 - FE luy ke: 6700 - Thoi gian: 0.2 phut
Vong lap 134/250 - Repository: 100 - FE luy ke: 6750 - Thoi gian: 0.2 phut
Vong lap 135/250 - Repository: 100 - FE luy ke: 6800 - Thoi gian: 0.2 phut
Vong lap 136/250 - Repository: 100 - FE luy ke: 6850 - Thoi gian: 0.2 phut
Vong lap 137/250 - Repository: 100 - FE luy ke: 6900 - Thoi gian: 0.2 phut
Vong lap 138/250 - Repository: 100 - FE luy ke: 6950 - Thoi gian: 0.2 phut
Vong lap 139/250 - Repository: 100 - FE luy ke: 7000 - Thoi gian: 0.2 phut
Vong lap 140/250 - Repository: 100 - FE luy ke: 7050 - Thoi gian: 0.2 phut
Vong lap 141/250 - Repository: 100 - FE luy ke: 7100 - Thoi gian: 0.2 phut
Vong lap 142/250 - Repository: 100 - FE luy ke: 7150 - Thoi gian: 0.2 phut
Vong lap 143/250 - Repository: 100 - FE luy ke: 7200 - Thoi gian: 0.2 phut
Vong lap 144/250 - Repository: 100 - FE luy ke: 7250 - Thoi gian: 0.2 phut
Vong lap 145/250 - Repository: 100 - FE luy ke: 7300 - Thoi gian: 0.2 phut
Vong lap 146/250 - Repository: 100 - FE luy ke: 7350 - Thoi gian: 0.2 phut
Vong lap 147/250 - Repository: 100 - FE luy ke: 7400 - Thoi gian: 0.2 phut
Vong lap 148/250 - Repository: 100 - FE luy ke: 7450 - Thoi gian: 0.2 phut
Vong lap 149/250 - Repository: 100 - FE luy ke: 7500 - Thoi gian: 0.2 phut
Vong lap 150/250 - Repository: 100 - FE luy ke: 7550 - Thoi gian: 0.2 phut
Vong lap 151/250 - Repository: 100 - FE luy ke: 7600 - Thoi gian: 0.2 phut
Vong lap 152/250 - Repository: 100 - FE luy ke: 7650 - Thoi gian: 0.2 phut
Vong lap 153/250 - Repository: 100 - FE luy ke: 7700 - Thoi gian: 0.2 phut
Vong lap 154/250 - Repository: 100 - FE luy ke: 7750 - Thoi gian: 0.2 phut
Vong lap 155/250 - Repository: 100 - FE luy ke: 7800 - Thoi gian: 0.2 phut
Vong lap 156/250 - Repository: 100 - FE luy ke: 7850 - Thoi gian: 0.2 phut
Vong lap 157/250 - Repository: 100 - FE luy ke: 7900 - Thoi gian: 0.2 phut
Vong lap 158/250 - Repository: 100 - FE luy ke: 7950 - Thoi gian: 0.2 phut
Vong lap 159/250 - Repository: 100 - FE luy ke: 8000 - Thoi gian: 0.2 phut
Vong lap 160/250 - Repository: 100 - FE luy ke: 8050 - Thoi gian: 0.2 phut
Vong lap 161/250 - Repository: 100 - FE luy ke: 8100 - Thoi gian: 0.2 phut
Vong lap 162/250 - Repository: 100 - FE luy ke: 8150 - Thoi gian: 0.2 phut
Vong lap 163/250 - Repository: 100 - FE luy ke: 8200 - Thoi gian: 0.2 phut
Vong lap 164/250 - Repository: 100 - FE luy ke: 8250 - Thoi gian: 0.2 phut
Vong lap 165/250 - Repository: 100 - FE luy ke: 8300 - Thoi gian: 0.2 phut
Vong lap 166/250 - Repository: 100 - FE luy ke: 8350 - Thoi gian: 0.2 phut
Vong lap 167/250 - Repository: 100 - FE luy ke: 8400 - Thoi gian: 0.2 phut
Vong lap 168/250 - Repository: 100 - FE luy ke: 8450 - Thoi gian: 0.3 phut
Vong lap 169/250 - Repository: 100 - FE luy ke: 8500 - Thoi gian: 0.3 phut
Vong lap 170/250 - Repository: 100 - FE luy ke: 8550 - Thoi gian: 0.3 phut
Vong lap 171/250 - Repository: 100 - FE luy ke: 8600 - Thoi gian: 0.3 phut
Vong lap 172/250 - Repository: 100 - FE luy ke: 8650 - Thoi gian: 0.3 phut
Vong lap 173/250 - Repository: 100 - FE luy ke: 8700 - Thoi gian: 0.3 phut
Vong lap 174/250 - Repository: 100 - FE luy ke: 8750 - Thoi gian: 0.3 phut
Vong lap 175/250 - Repository: 100 - FE luy ke: 8800 - Thoi gian: 0.3 phut
Vong lap 176/250 - Repository: 100 - FE luy ke: 8850 - Thoi gian: 0.3 phut
Vong lap 177/250 - Repository: 100 - FE luy ke: 8900 - Thoi gian: 0.3 phut
Vong lap 178/250 - Repository: 100 - FE luy ke: 8950 - Thoi gian: 0.3 phut
Vong lap 179/250 - Repository: 100 - FE luy ke: 9000 - Thoi gian: 0.3 phut
Vong lap 180/250 - Repository: 100 - FE luy ke: 9050 - Thoi gian: 0.3 phut
Vong lap 181/250 - Repository: 100 - FE luy ke: 9100 - Thoi gian: 0.3 phut
Vong lap 182/250 - Repository: 100 - FE luy ke: 9150 - Thoi gian: 0.3 phut
Vong lap 183/250 - Repository: 100 - FE luy ke: 9200 - Thoi gian: 0.3 phut
Vong lap 184/250 - Repository: 100 - FE luy ke: 9250 - Thoi gian: 0.3 phut
Vong lap 185/250 - Repository: 100 - FE luy ke: 9300 - Thoi gian: 0.3 phut
Vong lap 186/250 - Repository: 100 - FE luy ke: 9350 - Thoi gian: 0.3 phut
Vong lap 187/250 - Repository: 100 - FE luy ke: 9400 - Thoi gian: 0.3 phut
Vong lap 188/250 - Repository: 100 - FE luy ke: 9450 - Thoi gian: 0.3 phut
Vong lap 189/250 - Repository: 100 - FE luy ke: 9500 - Thoi gian: 0.3 phut
Vong lap 190/250 - Repository: 100 - FE luy ke: 9550 - Thoi gian: 0.3 phut
Vong lap 191/250 - Repository: 100 - FE luy ke: 9600 - Thoi gian: 0.3 phut
Vong lap 192/250 - Repository: 100 - FE luy ke: 9650 - Thoi gian: 0.3 phut
Vong lap 193/250 - Repository: 100 - FE luy ke: 9700 - Thoi gian: 0.3 phut
Vong lap 194/250 - Repository: 100 - FE luy ke: 9750 - Thoi gian: 0.3 phut
Vong lap 195/250 - Repository: 100 - FE luy ke: 9800 - Thoi gian: 0.3 phut
Vong lap 196/250 - Repository: 100 - FE luy ke: 9850 - Thoi gian: 0.3 phut
Vong lap 197/250 - Repository: 100 - FE luy ke: 9900 - Thoi gian: 0.3 phut
Vong lap 198/250 - Repository: 100 - FE luy ke: 9950 - Thoi gian: 0.3 phut
Vong lap 199/250 - Repository: 100 - FE luy ke: 10000 - Thoi gian: 0.3 phut
Vong lap 200/250 - Repository: 100 - FE luy ke: 10050 - Thoi gian: 0.3 phut
Vong lap 201/250 - Repository: 100 - FE luy ke: 10100 - Thoi gian: 0.3 phut
Vong lap 202/250 - Repository: 100 - FE luy ke: 10150 - Thoi gian: 0.3 phut
Vong lap 203/250 - Repository: 100 - FE luy ke: 10200 - Thoi gian: 0.3 phut
Vong lap 204/250 - Repository: 100 - FE luy ke: 10250 - Thoi gian: 0.3 phut
Vong lap 205/250 - Repository: 100 - FE luy ke: 10300 - Thoi gian: 0.3 phut
Vong lap 206/250 - Repository: 100 - FE luy ke: 10350 - Thoi gian: 0.3 phut
Vong lap 207/250 - Repository: 100 - FE luy ke: 10400 - Thoi gian: 0.3 phut
Vong lap 208/250 - Repository: 100 - FE luy ke: 10450 - Thoi gian: 0.3 phut
Vong lap 209/250 - Repository: 100 - FE luy ke: 10500 - Thoi gian: 0.3 phut
Vong lap 210/250 - Repository: 100 - FE luy ke: 10550 - Thoi gian: 0.3 phut
Vong lap 211/250 - Repository: 100 - FE luy ke: 10600 - Thoi gian: 0.3 phut
Vong lap 212/250 - Repository: 100 - FE luy ke: 10650 - Thoi gian: 0.3 phut
Vong lap 213/250 - Repository: 100 - FE luy ke: 10700 - Thoi gian: 0.3 phut
Vong lap 214/250 - Repository: 100 - FE luy ke: 10750 - Thoi gian: 0.3 phut
Vong lap 215/250 - Repository: 100 - FE luy ke: 10800 - Thoi gian: 0.3 phut
Vong lap 216/250 - Repository: 100 - FE luy ke: 10850 - Thoi gian: 0.3 phut
Vong lap 217/250 - Repository: 100 - FE luy ke: 10900 - Thoi gian: 0.3 phut
Vong lap 218/250 - Repository: 100 - FE luy ke: 10950 - Thoi gian: 0.3 phut
Vong lap 219/250 - Repository: 100 - FE luy ke: 11000 - Thoi gian: 0.3 phut
Vong lap 220/250 - Repository: 100 - FE luy ke: 11050 - Thoi gian: 0.3 phut
Vong lap 221/250 - Repository: 100 - FE luy ke: 11100 - Thoi gian: 0.3 phut
Vong lap 222/250 - Repository: 100 - FE luy ke: 11150 - Thoi gian: 0.3 phut
Vong lap 223/250 - Repository: 100 - FE luy ke: 11200 - Thoi gian: 0.3 phut
Vong lap 224/250 - Repository: 100 - FE luy ke: 11250 - Thoi gian: 0.3 phut
Vong lap 225/250 - Repository: 100 - FE luy ke: 11300 - Thoi gian: 0.3 phut
Vong lap 226/250 - Repository: 100 - FE luy ke: 11350 - Thoi gian: 0.3 phut
Vong lap 227/250 - Repository: 100 - FE luy ke: 11400 - Thoi gian: 0.3 phut
Vong lap 228/250 - Repository: 100 - FE luy ke: 11450 - Thoi gian: 0.4 phut
Vong lap 229/250 - Repository: 100 - FE luy ke: 11500 - Thoi gian: 0.4 phut
Vong lap 230/250 - Repository: 100 - FE luy ke: 11550 - Thoi gian: 0.4 phut
Vong lap 231/250 - Repository: 100 - FE luy ke: 11600 - Thoi gian: 0.4 phut
Vong lap 232/250 - Repository: 100 - FE luy ke: 11650 - Thoi gian: 0.4 phut
Vong lap 233/250 - Repository: 100 - FE luy ke: 11700 - Thoi gian: 0.4 phut
Vong lap 234/250 - Repository: 100 - FE luy ke: 11750 - Thoi gian: 0.4 phut
Vong lap 235/250 - Repository: 100 - FE luy ke: 11800 - Thoi gian: 0.4 phut
Vong lap 236/250 - Repository: 100 - FE luy ke: 11850 - Thoi gian: 0.4 phut
Vong lap 237/250 - Repository: 100 - FE luy ke: 11900 - Thoi gian: 0.4 phut
Vong lap 238/250 - Repository: 100 - FE luy ke: 11950 - Thoi gian: 0.4 phut
Vong lap 239/250 - Repository: 100 - FE luy ke: 12000 - Thoi gian: 0.4 phut
Vong lap 240/250 - Repository: 100 - FE luy ke: 12050 - Thoi gian: 0.4 phut
Vong lap 241/250 - Repository: 100 - FE luy ke: 12100 - Thoi gian: 0.4 phut
Vong lap 242/250 - Repository: 100 - FE luy ke: 12150 - Thoi gian: 0.4 phut
Vong lap 243/250 - Repository: 100 - FE luy ke: 12200 - Thoi gian: 0.4 phut
Vong lap 244/250 - Repository: 100 - FE luy ke: 12250 - Thoi gian: 0.4 phut
Vong lap 245/250 - Repository: 100 - FE luy ke: 12300 - Thoi gian: 0.4 phut
Vong lap 246/250 - Repository: 100 - FE luy ke: 12350 - Thoi gian: 0.4 phut
Vong lap 247/250 - Repository: 100 - FE luy ke: 12400 - Thoi gian: 0.4 phut
Vong lap 248/250 - Repository: 100 - FE luy ke: 12450 - Thoi gian: 0.4 phut
Vong lap 249/250 - Repository: 100 - FE luy ke: 12500 - Thoi gian: 0.4 phut
Vong lap 250/250 - Repository: 100 - FE luy ke: 12550 - Thoi gian: 0.4 phut
HOAN THANH campaign E-MOSFOA. Tong thoi gian: 0.01 gio. So nghiem Pareto: 100
=== E-MOSFOA doc lap lan 5/30 (RunTag=run05) ===
[Wharf100DWT E-MOSFOA - SONG SONG] Np=50 Max_it=250 Nr=100 Num_work=8 (FE uoc tinh=12550)
SUCCESS: The process "SAP2000.exe" with PID 18876 has been terminated. 
SUCCESS: The process "SAP2000.exe" with PID 8688 has been terminated. 
SUCCESS: The process "SAP2000.exe" with PID 9784 has been terminated. 
SUCCESS: The process "SAP2000.exe" with PID 26332 has been terminated. 
SUCCESS: The process "SAP2000.exe" with PID 11124 has been terminated. 
SUCCESS: The process "SAP2000.exe" with PID 8396 has been terminated. 
SUCCESS: The process "SAP2000.exe" with PID 12008 has been terminated. 
SUCCESS: The process "SAP2000.exe" with PID 5920 has been terminated. 
[Warning: Files that have already been attached are being ignored. To see which files are attached see the 'AttachedFiles' property of the parallel pool.] 
Worker 1: 
  wharf100dwt_evaluate: da nap cache tu D:\ResearchLab\02_Projects\02_Projects\MOFDA\Wharf100DWT\results\Wharf100DWT_BRUTEFORCE_FINAL.mat (4080 to hop).
Worker 2: 
  wharf100dwt_evaluate: da nap cache tu D:\ResearchLab\02_Projects\02_Projects\MOFDA\Wharf100DWT\results\Wharf100DWT_BRUTEFORCE_FINAL.mat (4080 to hop).
Worker 3: 
  wharf100dwt_evaluate: da nap cache tu D:\ResearchLab\02_Projects\02_Projects\MOFDA\Wharf100DWT\results\Wharf100DWT_BRUTEFORCE_FINAL.mat (4080 to hop).
Worker 4: 
  wharf100dwt_evaluate: da nap cache tu D:\ResearchLab\02_Projects\02_Projects\MOFDA\Wharf100DWT\results\Wharf100DWT_BRUTEFORCE_FINAL.mat (4080 to hop).
Worker 5: 
  wharf100dwt_evaluate: da nap cache tu D:\ResearchLab\02_Projects\02_Projects\MOFDA\Wharf100DWT\results\Wharf100DWT_BRUTEFORCE_FINAL.mat (4080 to hop).
Worker 6: 
  wharf100dwt_evaluate: da nap cache tu D:\ResearchLab\02_Projects\02_Projects\MOFDA\Wharf100DWT\results\Wharf100DWT_BRUTEFORCE_FINAL.mat (4080 to hop).
Worker 7: 
  wharf100dwt_evaluate: da nap cache tu D:\ResearchLab\02_Projects\02_Projects\MOFDA\Wharf100DWT\results\Wharf100DWT_BRUTEFORCE_FINAL.mat (4080 to hop).
Worker 8: 
  wharf100dwt_evaluate: da nap cache tu D:\ResearchLab\02_Projects\02_Projects\MOFDA\Wharf100DWT\results\Wharf100DWT_BRUTEFORCE_FINAL.mat (4080 to hop).
The he #0 - Kich thuoc Repository: 2
Vong lap 1/250 - Repository: 6 - FE luy ke: 100 - Thoi gian: 0.0 phut
Vong lap 2/250 - Repository: 11 - FE luy ke: 150 - Thoi gian: 0.0 phut
Vong lap 3/250 - Repository: 19 - FE luy ke: 200 - Thoi gian: 0.0 phut
Vong lap 4/250 - Repository: 20 - FE luy ke: 250 - Thoi gian: 0.0 phut
Vong lap 5/250 - Repository: 33 - FE luy ke: 300 - Thoi gian: 0.0 phut
Vong lap 6/250 - Repository: 41 - FE luy ke: 350 - Thoi gian: 0.0 phut
Vong lap 7/250 - Repository: 55 - FE luy ke: 400 - Thoi gian: 0.0 phut
Vong lap 8/250 - Repository: 64 - FE luy ke: 450 - Thoi gian: 0.0 phut
Vong lap 9/250 - Repository: 78 - FE luy ke: 500 - Thoi gian: 0.0 phut
Vong lap 10/250 - Repository: 93 - FE luy ke: 550 - Thoi gian: 0.0 phut
Vong lap 11/250 - Repository: 98 - FE luy ke: 600 - Thoi gian: 0.0 phut
Vong lap 12/250 - Repository: 100 - FE luy ke: 650 - Thoi gian: 0.0 phut
Vong lap 13/250 - Repository: 100 - FE luy ke: 700 - Thoi gian: 0.0 phut
Vong lap 14/250 - Repository: 100 - FE luy ke: 750 - Thoi gian: 0.0 phut
Vong lap 15/250 - Repository: 100 - FE luy ke: 800 - Thoi gian: 0.0 phut
Vong lap 16/250 - Repository: 100 - FE luy ke: 850 - Thoi gian: 0.0 phut
Vong lap 17/250 - Repository: 100 - FE luy ke: 900 - Thoi gian: 0.0 phut
Vong lap 18/250 - Repository: 100 - FE luy ke: 950 - Thoi gian: 0.0 phut
Vong lap 19/250 - Repository: 100 - FE luy ke: 1000 - Thoi gian: 0.0 phut
Vong lap 20/250 - Repository: 100 - FE luy ke: 1050 - Thoi gian: 0.0 phut
Vong lap 21/250 - Repository: 100 - FE luy ke: 1100 - Thoi gian: 0.0 phut
Vong lap 22/250 - Repository: 100 - FE luy ke: 1150 - Thoi gian: 0.0 phut
Vong lap 23/250 - Repository: 100 - FE luy ke: 1200 - Thoi gian: 0.0 phut
Vong lap 24/250 - Repository: 100 - FE luy ke: 1250 - Thoi gian: 0.0 phut
Vong lap 25/250 - Repository: 100 - FE luy ke: 1300 - Thoi gian: 0.0 phut
Vong lap 26/250 - Repository: 100 - FE luy ke: 1350 - Thoi gian: 0.0 phut
Vong lap 27/250 - Repository: 100 - FE luy ke: 1400 - Thoi gian: 0.0 phut
Vong lap 28/250 - Repository: 100 - FE luy ke: 1450 - Thoi gian: 0.0 phut
Vong lap 29/250 - Repository: 100 - FE luy ke: 1500 - Thoi gian: 0.0 phut
Vong lap 30/250 - Repository: 100 - FE luy ke: 1550 - Thoi gian: 0.0 phut
Vong lap 31/250 - Repository: 100 - FE luy ke: 1600 - Thoi gian: 0.0 phut
Vong lap 32/250 - Repository: 100 - FE luy ke: 1650 - Thoi gian: 0.0 phut
Vong lap 33/250 - Repository: 100 - FE luy ke: 1700 - Thoi gian: 0.0 phut
Vong lap 34/250 - Repository: 100 - FE luy ke: 1750 - Thoi gian: 0.0 phut
Vong lap 35/250 - Repository: 100 - FE luy ke: 1800 - Thoi gian: 0.0 phut
Vong lap 36/250 - Repository: 100 - FE luy ke: 1850 - Thoi gian: 0.0 phut
Vong lap 37/250 - Repository: 100 - FE luy ke: 1900 - Thoi gian: 0.1 phut
Vong lap 38/250 - Repository: 100 - FE luy ke: 1950 - Thoi gian: 0.1 phut
Vong lap 39/250 - Repository: 100 - FE luy ke: 2000 - Thoi gian: 0.1 phut
Vong lap 40/250 - Repository: 100 - FE luy ke: 2050 - Thoi gian: 0.1 phut
Vong lap 41/250 - Repository: 100 - FE luy ke: 2100 - Thoi gian: 0.1 phut
Vong lap 42/250 - Repository: 100 - FE luy ke: 2150 - Thoi gian: 0.1 phut
Vong lap 43/250 - Repository: 100 - FE luy ke: 2200 - Thoi gian: 0.1 phut
Vong lap 44/250 - Repository: 100 - FE luy ke: 2250 - Thoi gian: 0.1 phut
Vong lap 45/250 - Repository: 100 - FE luy ke: 2300 - Thoi gian: 0.1 phut
Vong lap 46/250 - Repository: 100 - FE luy ke: 2350 - Thoi gian: 0.1 phut
Vong lap 47/250 - Repository: 100 - FE luy ke: 2400 - Thoi gian: 0.1 phut
Vong lap 48/250 - Repository: 100 - FE luy ke: 2450 - Thoi gian: 0.1 phut
Vong lap 49/250 - Repository: 100 - FE luy ke: 2500 - Thoi gian: 0.1 phut
Vong lap 50/250 - Repository: 100 - FE luy ke: 2550 - Thoi gian: 0.1 phut
Vong lap 51/250 - Repository: 100 - FE luy ke: 2600 - Thoi gian: 0.1 phut
Vong lap 52/250 - Repository: 100 - FE luy ke: 2650 - Thoi gian: 0.1 phut
Vong lap 53/250 - Repository: 100 - FE luy ke: 2700 - Thoi gian: 0.1 phut
Vong lap 54/250 - Repository: 100 - FE luy ke: 2750 - Thoi gian: 0.1 phut
Vong lap 55/250 - Repository: 100 - FE luy ke: 2800 - Thoi gian: 0.1 phut
Vong lap 56/250 - Repository: 100 - FE luy ke: 2850 - Thoi gian: 0.1 phut
Vong lap 57/250 - Repository: 100 - FE luy ke: 2900 - Thoi gian: 0.1 phut
Vong lap 58/250 - Repository: 100 - FE luy ke: 2950 - Thoi gian: 0.1 phut
Vong lap 59/250 - Repository: 100 - FE luy ke: 3000 - Thoi gian: 0.1 phut
Vong lap 60/250 - Repository: 100 - FE luy ke: 3050 - Thoi gian: 0.1 phut
Vong lap 61/250 - Repository: 100 - FE luy ke: 3100 - Thoi gian: 0.1 phut
Vong lap 62/250 - Repository: 100 - FE luy ke: 3150 - Thoi gian: 0.1 phut
Vong lap 63/250 - Repository: 100 - FE luy ke: 3200 - Thoi gian: 0.1 phut
Vong lap 64/250 - Repository: 100 - FE luy ke: 3250 - Thoi gian: 0.1 phut
Vong lap 65/250 - Repository: 100 - FE luy ke: 3300 - Thoi gian: 0.1 phut
Vong lap 66/250 - Repository: 100 - FE luy ke: 3350 - Thoi gian: 0.1 phut
Vong lap 67/250 - Repository: 100 - FE luy ke: 3400 - Thoi gian: 0.1 phut
Vong lap 68/250 - Repository: 100 - FE luy ke: 3450 - Thoi gian: 0.1 phut
Vong lap 69/250 - Repository: 100 - FE luy ke: 3500 - Thoi gian: 0.1 phut
Vong lap 70/250 - Repository: 100 - FE luy ke: 3550 - Thoi gian: 0.1 phut
Vong lap 71/250 - Repository: 100 - FE luy ke: 3600 - Thoi gian: 0.1 phut
Vong lap 72/250 - Repository: 100 - FE luy ke: 3650 - Thoi gian: 0.1 phut
Vong lap 73/250 - Repository: 100 - FE luy ke: 3700 - Thoi gian: 0.1 phut
Vong lap 74/250 - Repository: 100 - FE luy ke: 3750 - Thoi gian: 0.1 phut
Vong lap 75/250 - Repository: 100 - FE luy ke: 3800 - Thoi gian: 0.1 phut
Vong lap 76/250 - Repository: 100 - FE luy ke: 3850 - Thoi gian: 0.1 phut
Vong lap 77/250 - Repository: 100 - FE luy ke: 3900 - Thoi gian: 0.1 phut
Vong lap 78/250 - Repository: 100 - FE luy ke: 3950 - Thoi gian: 0.1 phut
Vong lap 79/250 - Repository: 100 - FE luy ke: 4000 - Thoi gian: 0.1 phut
Vong lap 80/250 - Repository: 100 - FE luy ke: 4050 - Thoi gian: 0.1 phut
Vong lap 81/250 - Repository: 100 - FE luy ke: 4100 - Thoi gian: 0.1 phut
Vong lap 82/250 - Repository: 100 - FE luy ke: 4150 - Thoi gian: 0.1 phut
Vong lap 83/250 - Repository: 100 - FE luy ke: 4200 - Thoi gian: 0.1 phut
Vong lap 84/250 - Repository: 100 - FE luy ke: 4250 - Thoi gian: 0.1 phut
Vong lap 85/250 - Repository: 100 - FE luy ke: 4300 - Thoi gian: 0.1 phut
Vong lap 86/250 - Repository: 100 - FE luy ke: 4350 - Thoi gian: 0.1 phut
Vong lap 87/250 - Repository: 100 - FE luy ke: 4400 - Thoi gian: 0.1 phut
Vong lap 88/250 - Repository: 100 - FE luy ke: 4450 - Thoi gian: 0.1 phut
Vong lap 89/250 - Repository: 100 - FE luy ke: 4500 - Thoi gian: 0.1 phut
Vong lap 90/250 - Repository: 100 - FE luy ke: 4550 - Thoi gian: 0.1 phut
Vong lap 91/250 - Repository: 100 - FE luy ke: 4600 - Thoi gian: 0.1 phut
Vong lap 92/250 - Repository: 100 - FE luy ke: 4650 - Thoi gian: 0.1 phut
Vong lap 93/250 - Repository: 100 - FE luy ke: 4700 - Thoi gian: 0.1 phut
Vong lap 94/250 - Repository: 100 - FE luy ke: 4750 - Thoi gian: 0.1 phut
Vong lap 95/250 - Repository: 100 - FE luy ke: 4800 - Thoi gian: 0.1 phut
Vong lap 96/250 - Repository: 100 - FE luy ke: 4850 - Thoi gian: 0.1 phut
Vong lap 97/250 - Repository: 100 - FE luy ke: 4900 - Thoi gian: 0.1 phut
Vong lap 98/250 - Repository: 100 - FE luy ke: 4950 - Thoi gian: 0.1 phut
Vong lap 99/250 - Repository: 100 - FE luy ke: 5000 - Thoi gian: 0.1 phut
Vong lap 100/250 - Repository: 100 - FE luy ke: 5050 - Thoi gian: 0.1 phut
Vong lap 101/250 - Repository: 100 - FE luy ke: 5100 - Thoi gian: 0.1 phut
Vong lap 102/250 - Repository: 100 - FE luy ke: 5150 - Thoi gian: 0.1 phut
Vong lap 103/250 - Repository: 100 - FE luy ke: 5200 - Thoi gian: 0.1 phut
Vong lap 104/250 - Repository: 100 - FE luy ke: 5250 - Thoi gian: 0.2 phut
Vong lap 105/250 - Repository: 100 - FE luy ke: 5300 - Thoi gian: 0.2 phut
Vong lap 106/250 - Repository: 100 - FE luy ke: 5350 - Thoi gian: 0.2 phut
Vong lap 107/250 - Repository: 100 - FE luy ke: 5400 - Thoi gian: 0.2 phut
Vong lap 108/250 - Repository: 100 - FE luy ke: 5450 - Thoi gian: 0.2 phut
Vong lap 109/250 - Repository: 100 - FE luy ke: 5500 - Thoi gian: 0.2 phut
Vong lap 110/250 - Repository: 100 - FE luy ke: 5550 - Thoi gian: 0.2 phut
Vong lap 111/250 - Repository: 100 - FE luy ke: 5600 - Thoi gian: 0.2 phut
Vong lap 112/250 - Repository: 100 - FE luy ke: 5650 - Thoi gian: 0.2 phut
Vong lap 113/250 - Repository: 100 - FE luy ke: 5700 - Thoi gian: 0.2 phut
Vong lap 114/250 - Repository: 100 - FE luy ke: 5750 - Thoi gian: 0.2 phut
Vong lap 115/250 - Repository: 100 - FE luy ke: 5800 - Thoi gian: 0.2 phut
Vong lap 116/250 - Repository: 100 - FE luy ke: 5850 - Thoi gian: 0.2 phut
Vong lap 117/250 - Repository: 100 - FE luy ke: 5900 - Thoi gian: 0.2 phut
Vong lap 118/250 - Repository: 100 - FE luy ke: 5950 - Thoi gian: 0.2 phut
Vong lap 119/250 - Repository: 100 - FE luy ke: 6000 - Thoi gian: 0.2 phut
Vong lap 120/250 - Repository: 100 - FE luy ke: 6050 - Thoi gian: 0.2 phut
Vong lap 121/250 - Repository: 100 - FE luy ke: 6100 - Thoi gian: 0.2 phut
Vong lap 122/250 - Repository: 100 - FE luy ke: 6150 - Thoi gian: 0.2 phut
Vong lap 123/250 - Repository: 100 - FE luy ke: 6200 - Thoi gian: 0.2 phut
Vong lap 124/250 - Repository: 100 - FE luy ke: 6250 - Thoi gian: 0.2 phut
Vong lap 125/250 - Repository: 100 - FE luy ke: 6300 - Thoi gian: 0.2 phut
Vong lap 126/250 - Repository: 100 - FE luy ke: 6350 - Thoi gian: 0.2 phut
Vong lap 127/250 - Repository: 100 - FE luy ke: 6400 - Thoi gian: 0.2 phut
Vong lap 128/250 - Repository: 100 - FE luy ke: 6450 - Thoi gian: 0.2 phut
Vong lap 129/250 - Repository: 100 - FE luy ke: 6500 - Thoi gian: 0.2 phut
Vong lap 130/250 - Repository: 100 - FE luy ke: 6550 - Thoi gian: 0.2 phut
Vong lap 131/250 - Repository: 100 - FE luy ke: 6600 - Thoi gian: 0.2 phut
Vong lap 132/250 - Repository: 100 - FE luy ke: 6650 - Thoi gian: 0.2 phut
Vong lap 133/250 - Repository: 100 - FE luy ke: 6700 - Thoi gian: 0.2 phut
Vong lap 134/250 - Repository: 100 - FE luy ke: 6750 - Thoi gian: 0.2 phut
Vong lap 135/250 - Repository: 100 - FE luy ke: 6800 - Thoi gian: 0.2 phut
Vong lap 136/250 - Repository: 100 - FE luy ke: 6850 - Thoi gian: 0.2 phut
Vong lap 137/250 - Repository: 100 - FE luy ke: 6900 - Thoi gian: 0.2 phut
Vong lap 138/250 - Repository: 100 - FE luy ke: 6950 - Thoi gian: 0.2 phut
Vong lap 139/250 - Repository: 100 - FE luy ke: 7000 - Thoi gian: 0.2 phut
Vong lap 140/250 - Repository: 100 - FE luy ke: 7050 - Thoi gian: 0.2 phut
Vong lap 141/250 - Repository: 100 - FE luy ke: 7100 - Thoi gian: 0.2 phut
Vong lap 142/250 - Repository: 100 - FE luy ke: 7150 - Thoi gian: 0.2 phut
Vong lap 143/250 - Repository: 100 - FE luy ke: 7200 - Thoi gian: 0.2 phut
Vong lap 144/250 - Repository: 100 - FE luy ke: 7250 - Thoi gian: 0.2 phut
Vong lap 145/250 - Repository: 100 - FE luy ke: 7300 - Thoi gian: 0.2 phut
Vong lap 146/250 - Repository: 100 - FE luy ke: 7350 - Thoi gian: 0.2 phut
Vong lap 147/250 - Repository: 100 - FE luy ke: 7400 - Thoi gian: 0.2 phut
Vong lap 148/250 - Repository: 100 - FE luy ke: 7450 - Thoi gian: 0.2 phut
Vong lap 149/250 - Repository: 100 - FE luy ke: 7500 - Thoi gian: 0.2 phut
Vong lap 150/250 - Repository: 100 - FE luy ke: 7550 - Thoi gian: 0.2 phut
Vong lap 151/250 - Repository: 100 - FE luy ke: 7600 - Thoi gian: 0.2 phut
Vong lap 152/250 - Repository: 100 - FE luy ke: 7650 - Thoi gian: 0.2 phut
Vong lap 153/250 - Repository: 100 - FE luy ke: 7700 - Thoi gian: 0.2 phut
Vong lap 154/250 - Repository: 100 - FE luy ke: 7750 - Thoi gian: 0.2 phut
Vong lap 155/250 - Repository: 100 - FE luy ke: 7800 - Thoi gian: 0.2 phut
Vong lap 156/250 - Repository: 100 - FE luy ke: 7850 - Thoi gian: 0.2 phut
Vong lap 157/250 - Repository: 100 - FE luy ke: 7900 - Thoi gian: 0.2 phut
Vong lap 158/250 - Repository: 100 - FE luy ke: 7950 - Thoi gian: 0.2 phut
Vong lap 159/250 - Repository: 100 - FE luy ke: 8000 - Thoi gian: 0.2 phut
Vong lap 160/250 - Repository: 100 - FE luy ke: 8050 - Thoi gian: 0.2 phut
Vong lap 161/250 - Repository: 100 - FE luy ke: 8100 - Thoi gian: 0.2 phut
Vong lap 162/250 - Repository: 100 - FE luy ke: 8150 - Thoi gian: 0.2 phut
Vong lap 163/250 - Repository: 100 - FE luy ke: 8200 - Thoi gian: 0.2 phut
Vong lap 164/250 - Repository: 100 - FE luy ke: 8250 - Thoi gian: 0.2 phut
Vong lap 165/250 - Repository: 100 - FE luy ke: 8300 - Thoi gian: 0.2 phut
Vong lap 166/250 - Repository: 100 - FE luy ke: 8350 - Thoi gian: 0.2 phut
Vong lap 167/250 - Repository: 100 - FE luy ke: 8400 - Thoi gian: 0.2 phut
Vong lap 168/250 - Repository: 100 - FE luy ke: 8450 - Thoi gian: 0.3 phut
Vong lap 169/250 - Repository: 100 - FE luy ke: 8500 - Thoi gian: 0.3 phut
Vong lap 170/250 - Repository: 100 - FE luy ke: 8550 - Thoi gian: 0.3 phut
Vong lap 171/250 - Repository: 100 - FE luy ke: 8600 - Thoi gian: 0.3 phut
Vong lap 172/250 - Repository: 100 - FE luy ke: 8650 - Thoi gian: 0.3 phut
Vong lap 173/250 - Repository: 100 - FE luy ke: 8700 - Thoi gian: 0.3 phut
Vong lap 174/250 - Repository: 100 - FE luy ke: 8750 - Thoi gian: 0.3 phut
Vong lap 175/250 - Repository: 100 - FE luy ke: 8800 - Thoi gian: 0.3 phut
Vong lap 176/250 - Repository: 100 - FE luy ke: 8850 - Thoi gian: 0.3 phut
Vong lap 177/250 - Repository: 100 - FE luy ke: 8900 - Thoi gian: 0.3 phut
Vong lap 178/250 - Repository: 100 - FE luy ke: 8950 - Thoi gian: 0.3 phut
Vong lap 179/250 - Repository: 100 - FE luy ke: 9000 - Thoi gian: 0.3 phut
Vong lap 180/250 - Repository: 100 - FE luy ke: 9050 - Thoi gian: 0.3 phut
Vong lap 181/250 - Repository: 100 - FE luy ke: 9100 - Thoi gian: 0.3 phut
Vong lap 182/250 - Repository: 100 - FE luy ke: 9150 - Thoi gian: 0.3 phut
Vong lap 183/250 - Repository: 100 - FE luy ke: 9200 - Thoi gian: 0.3 phut
Vong lap 184/250 - Repository: 100 - FE luy ke: 9250 - Thoi gian: 0.3 phut
Vong lap 185/250 - Repository: 100 - FE luy ke: 9300 - Thoi gian: 0.3 phut
Vong lap 186/250 - Repository: 100 - FE luy ke: 9350 - Thoi gian: 0.3 phut
Vong lap 187/250 - Repository: 100 - FE luy ke: 9400 - Thoi gian: 0.3 phut
Vong lap 188/250 - Repository: 100 - FE luy ke: 9450 - Thoi gian: 0.3 phut
Vong lap 189/250 - Repository: 100 - FE luy ke: 9500 - Thoi gian: 0.3 phut
Vong lap 190/250 - Repository: 100 - FE luy ke: 9550 - Thoi gian: 0.3 phut
Vong lap 191/250 - Repository: 100 - FE luy ke: 9600 - Thoi gian: 0.3 phut
Vong lap 192/250 - Repository: 100 - FE luy ke: 9650 - Thoi gian: 0.3 phut
Vong lap 193/250 - Repository: 100 - FE luy ke: 9700 - Thoi gian: 0.3 phut
Vong lap 194/250 - Repository: 100 - FE luy ke: 9750 - Thoi gian: 0.3 phut
Vong lap 195/250 - Repository: 100 - FE luy ke: 9800 - Thoi gian: 0.3 phut
Vong lap 196/250 - Repository: 100 - FE luy ke: 9850 - Thoi gian: 0.3 phut
Vong lap 197/250 - Repository: 100 - FE luy ke: 9900 - Thoi gian: 0.3 phut
Vong lap 198/250 - Repository: 100 - FE luy ke: 9950 - Thoi gian: 0.3 phut
Vong lap 199/250 - Repository: 100 - FE luy ke: 10000 - Thoi gian: 0.3 phut
Vong lap 200/250 - Repository: 100 - FE luy ke: 10050 - Thoi gian: 0.3 phut
Vong lap 201/250 - Repository: 100 - FE luy ke: 10100 - Thoi gian: 0.3 phut
Vong lap 202/250 - Repository: 100 - FE luy ke: 10150 - Thoi gian: 0.3 phut
Vong lap 203/250 - Repository: 100 - FE luy ke: 10200 - Thoi gian: 0.3 phut
Vong lap 204/250 - Repository: 100 - FE luy ke: 10250 - Thoi gian: 0.3 phut
Vong lap 205/250 - Repository: 100 - FE luy ke: 10300 - Thoi gian: 0.3 phut
Vong lap 206/250 - Repository: 100 - FE luy ke: 10350 - Thoi gian: 0.3 phut
Vong lap 207/250 - Repository: 100 - FE luy ke: 10400 - Thoi gian: 0.3 phut
Vong lap 208/250 - Repository: 100 - FE luy ke: 10450 - Thoi gian: 0.3 phut
Vong lap 209/250 - Repository: 100 - FE luy ke: 10500 - Thoi gian: 0.3 phut
Vong lap 210/250 - Repository: 100 - FE luy ke: 10550 - Thoi gian: 0.3 phut
Vong lap 211/250 - Repository: 100 - FE luy ke: 10600 - Thoi gian: 0.3 phut
Vong lap 212/250 - Repository: 100 - FE luy ke: 10650 - Thoi gian: 0.3 phut
Vong lap 213/250 - Repository: 100 - FE luy ke: 10700 - Thoi gian: 0.3 phut
Vong lap 214/250 - Repository: 100 - FE luy ke: 10750 - Thoi gian: 0.3 phut
Vong lap 215/250 - Repository: 100 - FE luy ke: 10800 - Thoi gian: 0.3 phut
Vong lap 216/250 - Repository: 100 - FE luy ke: 10850 - Thoi gian: 0.3 phut
Vong lap 217/250 - Repository: 100 - FE luy ke: 10900 - Thoi gian: 0.3 phut
Vong lap 218/250 - Repository: 100 - FE luy ke: 10950 - Thoi gian: 0.3 phut
Vong lap 219/250 - Repository: 100 - FE luy ke: 11000 - Thoi gian: 0.3 phut
Vong lap 220/250 - Repository: 100 - FE luy ke: 11050 - Thoi gian: 0.3 phut
Vong lap 221/250 - Repository: 100 - FE luy ke: 11100 - Thoi gian: 0.3 phut
Vong lap 222/250 - Repository: 100 - FE luy ke: 11150 - Thoi gian: 0.3 phut
Vong lap 223/250 - Repository: 100 - FE luy ke: 11200 - Thoi gian: 0.3 phut
Vong lap 224/250 - Repository: 100 - FE luy ke: 11250 - Thoi gian: 0.3 phut
Vong lap 225/250 - Repository: 100 - FE luy ke: 11300 - Thoi gian: 0.3 phut
Vong lap 226/250 - Repository: 100 - FE luy ke: 11350 - Thoi gian: 0.3 phut
Vong lap 227/250 - Repository: 100 - FE luy ke: 11400 - Thoi gian: 0.3 phut
Vong lap 228/250 - Repository: 100 - FE luy ke: 11450 - Thoi gian: 0.4 phut
Vong lap 229/250 - Repository: 100 - FE luy ke: 11500 - Thoi gian: 0.4 phut
Vong lap 230/250 - Repository: 100 - FE luy ke: 11550 - Thoi gian: 0.4 phut
Vong lap 231/250 - Repository: 100 - FE luy ke: 11600 - Thoi gian: 0.4 phut
Vong lap 232/250 - Repository: 100 - FE luy ke: 11650 - Thoi gian: 0.4 phut
Vong lap 233/250 - Repository: 100 - FE luy ke: 11700 - Thoi gian: 0.4 phut
Vong lap 234/250 - Repository: 100 - FE luy ke: 11750 - Thoi gian: 0.4 phut
Vong lap 235/250 - Repository: 100 - FE luy ke: 11800 - Thoi gian: 0.4 phut
Vong lap 236/250 - Repository: 100 - FE luy ke: 11850 - Thoi gian: 0.4 phut
Vong lap 237/250 - Repository: 100 - FE luy ke: 11900 - Thoi gian: 0.4 phut
Vong lap 238/250 - Repository: 100 - FE luy ke: 11950 - Thoi gian: 0.4 phut
Vong lap 239/250 - Repository: 100 - FE luy ke: 12000 - Thoi gian: 0.4 phut
Vong lap 240/250 - Repository: 100 - FE luy ke: 12050 - Thoi gian: 0.4 phut
Vong lap 241/250 - Repository: 100 - FE luy ke: 12100 - Thoi gian: 0.4 phut
Vong lap 242/250 - Repository: 100 - FE luy ke: 12150 - Thoi gian: 0.4 phut
Vong lap 243/250 - Repository: 100 - FE luy ke: 12200 - Thoi gian: 0.4 phut
Vong lap 244/250 - Repository: 100 - FE luy ke: 12250 - Thoi gian: 0.4 phut
Vong lap 245/250 - Repository: 100 - FE luy ke: 12300 - Thoi gian: 0.4 phut
Vong lap 246/250 - Repository: 100 - FE luy ke: 12350 - Thoi gian: 0.4 phut
Vong lap 247/250 - Repository: 100 - FE luy ke: 12400 - Thoi gian: 0.4 phut
Vong lap 248/250 - Repository: 100 - FE luy ke: 12450 - Thoi gian: 0.4 phut
Vong lap 249/250 - Repository: 100 - FE luy ke: 12500 - Thoi gian: 0.4 phut
Vong lap 250/250 - Repository: 100 - FE luy ke: 12550 - Thoi gian: 0.4 phut
HOAN THANH campaign E-MOSFOA. Tong thoi gian: 0.01 gio. So nghiem Pareto: 100
=== E-MOSFOA doc lap lan 6/30 (RunTag=run06) ===
[Wharf100DWT E-MOSFOA - SONG SONG] Np=50 Max_it=250 Nr=100 Num_work=8 (FE uoc tinh=12550)
SUCCESS: The process "SAP2000.exe" with PID 23048 has been terminated. 
SUCCESS: The process "SAP2000.exe" with PID 10440 has been terminated. 
SUCCESS: The process "SAP2000.exe" with PID 24320 has been terminated. 
SUCCESS: The process "SAP2000.exe" with PID 5564 has been terminated. 
SUCCESS: The process "SAP2000.exe" with PID 17820 has been terminated. 
SUCCESS: The process "SAP2000.exe" with PID 8128 has been terminated. 
SUCCESS: The process "SAP2000.exe" with PID 17500 has been terminated. 
SUCCESS: The process "SAP2000.exe" with PID 1132 has been terminated. 
[Warning: Files that have already been attached are being ignored. To see which files are attached see the 'AttachedFiles' property of the parallel pool.] 
Worker 1: 
  wharf100dwt_evaluate: da nap cache tu D:\ResearchLab\02_Projects\02_Projects\MOFDA\Wharf100DWT\results\Wharf100DWT_BRUTEFORCE_FINAL.mat (4080 to hop).
Worker 2: 
  wharf100dwt_evaluate: da nap cache tu D:\ResearchLab\02_Projects\02_Projects\MOFDA\Wharf100DWT\results\Wharf100DWT_BRUTEFORCE_FINAL.mat (4080 to hop).
Worker 3: 
  wharf100dwt_evaluate: da nap cache tu D:\ResearchLab\02_Projects\02_Projects\MOFDA\Wharf100DWT\results\Wharf100DWT_BRUTEFORCE_FINAL.mat (4080 to hop).
Worker 4: 
  wharf100dwt_evaluate: da nap cache tu D:\ResearchLab\02_Projects\02_Projects\MOFDA\Wharf100DWT\results\Wharf100DWT_BRUTEFORCE_FINAL.mat (4080 to hop).
Worker 5: 
  wharf100dwt_evaluate: da nap cache tu D:\ResearchLab\02_Projects\02_Projects\MOFDA\Wharf100DWT\results\Wharf100DWT_BRUTEFORCE_FINAL.mat (4080 to hop).
Worker 6: 
  wharf100dwt_evaluate: da nap cache tu D:\ResearchLab\02_Projects\02_Projects\MOFDA\Wharf100DWT\results\Wharf100DWT_BRUTEFORCE_FINAL.mat (4080 to hop).
Worker 7: 
  wharf100dwt_evaluate: da nap cache tu D:\ResearchLab\02_Projects\02_Projects\MOFDA\Wharf100DWT\results\Wharf100DWT_BRUTEFORCE_FINAL.mat (4080 to hop).
Worker 8: 
  wharf100dwt_evaluate: da nap cache tu D:\ResearchLab\02_Projects\02_Projects\MOFDA\Wharf100DWT\results\Wharf100DWT_BRUTEFORCE_FINAL.mat (4080 to hop).
The he #0 - Kich thuoc Repository: 1
Vong lap 1/250 - Repository: 6 - FE luy ke: 100 - Thoi gian: 0.0 phut
Vong lap 2/250 - Repository: 10 - FE luy ke: 150 - Thoi gian: 0.0 phut
Vong lap 3/250 - Repository: 23 - FE luy ke: 200 - Thoi gian: 0.0 phut
Vong lap 4/250 - Repository: 28 - FE luy ke: 250 - Thoi gian: 0.0 phut
Vong lap 5/250 - Repository: 30 - FE luy ke: 300 - Thoi gian: 0.0 phut
Vong lap 6/250 - Repository: 32 - FE luy ke: 350 - Thoi gian: 0.0 phut
Vong lap 7/250 - Repository: 36 - FE luy ke: 400 - Thoi gian: 0.0 phut
Vong lap 8/250 - Repository: 42 - FE luy ke: 450 - Thoi gian: 0.0 phut
Vong lap 9/250 - Repository: 54 - FE luy ke: 500 - Thoi gian: 0.0 phut
Vong lap 10/250 - Repository: 75 - FE luy ke: 550 - Thoi gian: 0.0 phut
Vong lap 11/250 - Repository: 88 - FE luy ke: 600 - Thoi gian: 0.0 phut
Vong lap 12/250 - Repository: 100 - FE luy ke: 650 - Thoi gian: 0.0 phut
Vong lap 13/250 - Repository: 100 - FE luy ke: 700 - Thoi gian: 0.0 phut
Vong lap 14/250 - Repository: 100 - FE luy ke: 750 - Thoi gian: 0.0 phut
Vong lap 15/250 - Repository: 100 - FE luy ke: 800 - Thoi gian: 0.0 phut
Vong lap 16/250 - Repository: 100 - FE luy ke: 850 - Thoi gian: 0.0 phut
Vong lap 17/250 - Repository: 100 - FE luy ke: 900 - Thoi gian: 0.0 phut
Vong lap 18/250 - Repository: 100 - FE luy ke: 950 - Thoi gian: 0.0 phut
Vong lap 19/250 - Repository: 100 - FE luy ke: 1000 - Thoi gian: 0.0 phut
Vong lap 20/250 - Repository: 100 - FE luy ke: 1050 - Thoi gian: 0.0 phut
Vong lap 21/250 - Repository: 100 - FE luy ke: 1100 - Thoi gian: 0.0 phut
Vong lap 22/250 - Repository: 100 - FE luy ke: 1150 - Thoi gian: 0.0 phut
Vong lap 23/250 - Repository: 100 - FE luy ke: 1200 - Thoi gian: 0.0 phut
Vong lap 24/250 - Repository: 100 - FE luy ke: 1250 - Thoi gian: 0.0 phut
Vong lap 25/250 - Repository: 100 - FE luy ke: 1300 - Thoi gian: 0.0 phut
Vong lap 26/250 - Repository: 100 - FE luy ke: 1350 - Thoi gian: 0.0 phut
Vong lap 27/250 - Repository: 100 - FE luy ke: 1400 - Thoi gian: 0.0 phut
Vong lap 28/250 - Repository: 100 - FE luy ke: 1450 - Thoi gian: 0.0 phut
Vong lap 29/250 - Repository: 100 - FE luy ke: 1500 - Thoi gian: 0.0 phut
Vong lap 30/250 - Repository: 100 - FE luy ke: 1550 - Thoi gian: 0.0 phut
Vong lap 31/250 - Repository: 100 - FE luy ke: 1600 - Thoi gian: 0.0 phut
Vong lap 32/250 - Repository: 100 - FE luy ke: 1650 - Thoi gian: 0.0 phut
Vong lap 33/250 - Repository: 100 - FE luy ke: 1700 - Thoi gian: 0.0 phut
Vong lap 34/250 - Repository: 100 - FE luy ke: 1750 - Thoi gian: 0.0 phut
Vong lap 35/250 - Repository: 100 - FE luy ke: 1800 - Thoi gian: 0.0 phut
Vong lap 36/250 - Repository: 100 - FE luy ke: 1850 - Thoi gian: 0.1 phut
Vong lap 37/250 - Repository: 100 - FE luy ke: 1900 - Thoi gian: 0.1 phut
Vong lap 38/250 - Repository: 100 - FE luy ke: 1950 - Thoi gian: 0.1 phut
Vong lap 39/250 - Repository: 100 - FE luy ke: 2000 - Thoi gian: 0.1 phut
Vong lap 40/250 - Repository: 100 - FE luy ke: 2050 - Thoi gian: 0.1 phut
Vong lap 41/250 - Repository: 100 - FE luy ke: 2100 - Thoi gian: 0.1 phut
Vong lap 42/250 - Repository: 100 - FE luy ke: 2150 - Thoi gian: 0.1 phut
Vong lap 43/250 - Repository: 100 - FE luy ke: 2200 - Thoi gian: 0.1 phut
Vong lap 44/250 - Repository: 100 - FE luy ke: 2250 - Thoi gian: 0.1 phut
Vong lap 45/250 - Repository: 100 - FE luy ke: 2300 - Thoi gian: 0.1 phut
Vong lap 46/250 - Repository: 100 - FE luy ke: 2350 - Thoi gian: 0.1 phut
Vong lap 47/250 - Repository: 100 - FE luy ke: 2400 - Thoi gian: 0.1 phut
Vong lap 48/250 - Repository: 100 - FE luy ke: 2450 - Thoi gian: 0.1 phut
Vong lap 49/250 - Repository: 100 - FE luy ke: 2500 - Thoi gian: 0.1 phut
Vong lap 50/250 - Repository: 100 - FE luy ke: 2550 - Thoi gian: 0.1 phut
Vong lap 51/250 - Repository: 100 - FE luy ke: 2600 - Thoi gian: 0.1 phut
Vong lap 52/250 - Repository: 100 - FE luy ke: 2650 - Thoi gian: 0.1 phut
Vong lap 53/250 - Repository: 100 - FE luy ke: 2700 - Thoi gian: 0.1 phut
Vong lap 54/250 - Repository: 100 - FE luy ke: 2750 - Thoi gian: 0.1 phut
Vong lap 55/250 - Repository: 100 - FE luy ke: 2800 - Thoi gian: 0.1 phut
Vong lap 56/250 - Repository: 100 - FE luy ke: 2850 - Thoi gian: 0.1 phut
Vong lap 57/250 - Repository: 100 - FE luy ke: 2900 - Thoi gian: 0.1 phut
Vong lap 58/250 - Repository: 100 - FE luy ke: 2950 - Thoi gian: 0.1 phut
Vong lap 59/250 - Repository: 100 - FE luy ke: 3000 - Thoi gian: 0.1 phut
Vong lap 60/250 - Repository: 100 - FE luy ke: 3050 - Thoi gian: 0.1 phut
Vong lap 61/250 - Repository: 100 - FE luy ke: 3100 - Thoi gian: 0.1 phut
Vong lap 62/250 - Repository: 100 - FE luy ke: 3150 - Thoi gian: 0.1 phut
Vong lap 63/250 - Repository: 100 - FE luy ke: 3200 - Thoi gian: 0.1 phut
Vong lap 64/250 - Repository: 100 - FE luy ke: 3250 - Thoi gian: 0.1 phut
Vong lap 65/250 - Repository: 100 - FE luy ke: 3300 - Thoi gian: 0.1 phut
Vong lap 66/250 - Repository: 100 - FE luy ke: 3350 - Thoi gian: 0.1 phut
Vong lap 67/250 - Repository: 100 - FE luy ke: 3400 - Thoi gian: 0.1 phut
Vong lap 68/250 - Repository: 100 - FE luy ke: 3450 - Thoi gian: 0.1 phut
Vong lap 69/250 - Repository: 100 - FE luy ke: 3500 - Thoi gian: 0.1 phut
Vong lap 70/250 - Repository: 100 - FE luy ke: 3550 - Thoi gian: 0.1 phut
Vong lap 71/250 - Repository: 100 - FE luy ke: 3600 - Thoi gian: 0.1 phut
Vong lap 72/250 - Repository: 100 - FE luy ke: 3650 - Thoi gian: 0.1 phut
Vong lap 73/250 - Repository: 100 - FE luy ke: 3700 - Thoi gian: 0.1 phut
Vong lap 74/250 - Repository: 100 - FE luy ke: 3750 - Thoi gian: 0.1 phut
Vong lap 75/250 - Repository: 100 - FE luy ke: 3800 - Thoi gian: 0.1 phut
Vong lap 76/250 - Repository: 100 - FE luy ke: 3850 - Thoi gian: 0.1 phut
Vong lap 77/250 - Repository: 100 - FE luy ke: 3900 - Thoi gian: 0.1 phut
Vong lap 78/250 - Repository: 100 - FE luy ke: 3950 - Thoi gian: 0.1 phut
Vong lap 79/250 - Repository: 100 - FE luy ke: 4000 - Thoi gian: 0.1 phut
Vong lap 80/250 - Repository: 100 - FE luy ke: 4050 - Thoi gian: 0.1 phut
Vong lap 81/250 - Repository: 100 - FE luy ke: 4100 - Thoi gian: 0.1 phut
Vong lap 82/250 - Repository: 100 - FE luy ke: 4150 - Thoi gian: 0.1 phut
Vong lap 83/250 - Repository: 100 - FE luy ke: 4200 - Thoi gian: 0.1 phut
Vong lap 84/250 - Repository: 100 - FE luy ke: 4250 - Thoi gian: 0.1 phut
Vong lap 85/250 - Repository: 100 - FE luy ke: 4300 - Thoi gian: 0.1 phut
Vong lap 86/250 - Repository: 100 - FE luy ke: 4350 - Thoi gian: 0.1 phut
Vong lap 87/250 - Repository: 100 - FE luy ke: 4400 - Thoi gian: 0.1 phut
Vong lap 88/250 - Repository: 100 - FE luy ke: 4450 - Thoi gian: 0.1 phut
Vong lap 89/250 - Repository: 100 - FE luy ke: 4500 - Thoi gian: 0.1 phut
Vong lap 90/250 - Repository: 100 - FE luy ke: 4550 - Thoi gian: 0.1 phut
Vong lap 91/250 - Repository: 100 - FE luy ke: 4600 - Thoi gian: 0.1 phut
Vong lap 92/250 - Repository: 100 - FE luy ke: 4650 - Thoi gian: 0.1 phut
Vong lap 93/250 - Repository: 100 - FE luy ke: 4700 - Thoi gian: 0.1 phut
Vong lap 94/250 - Repository: 100 - FE luy ke: 4750 - Thoi gian: 0.1 phut
Vong lap 95/250 - Repository: 100 - FE luy ke: 4800 - Thoi gian: 0.1 phut
Vong lap 96/250 - Repository: 100 - FE luy ke: 4850 - Thoi gian: 0.1 phut
Vong lap 97/250 - Repository: 100 - FE luy ke: 4900 - Thoi gian: 0.1 phut
Vong lap 98/250 - Repository: 100 - FE luy ke: 4950 - Thoi gian: 0.1 phut
Vong lap 99/250 - Repository: 100 - FE luy ke: 5000 - Thoi gian: 0.1 phut
Vong lap 100/250 - Repository: 100 - FE luy ke: 5050 - Thoi gian: 0.1 phut
Vong lap 101/250 - Repository: 100 - FE luy ke: 5100 - Thoi gian: 0.1 phut
Vong lap 102/250 - Repository: 100 - FE luy ke: 5150 - Thoi gian: 0.1 phut
Vong lap 103/250 - Repository: 100 - FE luy ke: 5200 - Thoi gian: 0.2 phut
Vong lap 104/250 - Repository: 100 - FE luy ke: 5250 - Thoi gian: 0.2 phut
Vong lap 105/250 - Repository: 100 - FE luy ke: 5300 - Thoi gian: 0.2 phut
Vong lap 106/250 - Repository: 100 - FE luy ke: 5350 - Thoi gian: 0.2 phut
Vong lap 107/250 - Repository: 100 - FE luy ke: 5400 - Thoi gian: 0.2 phut
Vong lap 108/250 - Repository: 100 - FE luy ke: 5450 - Thoi gian: 0.2 phut
Vong lap 109/250 - Repository: 100 - FE luy ke: 5500 - Thoi gian: 0.2 phut
Vong lap 110/250 - Repository: 100 - FE luy ke: 5550 - Thoi gian: 0.2 phut
Vong lap 111/250 - Repository: 100 - FE luy ke: 5600 - Thoi gian: 0.2 phut
Vong lap 112/250 - Repository: 100 - FE luy ke: 5650 - Thoi gian: 0.2 phut
Vong lap 113/250 - Repository: 100 - FE luy ke: 5700 - Thoi gian: 0.2 phut
Vong lap 114/250 - Repository: 100 - FE luy ke: 5750 - Thoi gian: 0.2 phut
Vong lap 115/250 - Repository: 100 - FE luy ke: 5800 - Thoi gian: 0.2 phut
Vong lap 116/250 - Repository: 100 - FE luy ke: 5850 - Thoi gian: 0.2 phut
Vong lap 117/250 - Repository: 100 - FE luy ke: 5900 - Thoi gian: 0.2 phut
Vong lap 118/250 - Repository: 100 - FE luy ke: 5950 - Thoi gian: 0.2 phut
Vong lap 119/250 - Repository: 100 - FE luy ke: 6000 - Thoi gian: 0.2 phut
Vong lap 120/250 - Repository: 100 - FE luy ke: 6050 - Thoi gian: 0.2 phut
Vong lap 121/250 - Repository: 100 - FE luy ke: 6100 - Thoi gian: 0.2 phut
Vong lap 122/250 - Repository: 100 - FE luy ke: 6150 - Thoi gian: 0.2 phut
Vong lap 123/250 - Repository: 100 - FE luy ke: 6200 - Thoi gian: 0.2 phut
Vong lap 124/250 - Repository: 100 - FE luy ke: 6250 - Thoi gian: 0.2 phut
Vong lap 125/250 - Repository: 100 - FE luy ke: 6300 - Thoi gian: 0.2 phut
Vong lap 126/250 - Repository: 100 - FE luy ke: 6350 - Thoi gian: 0.2 phut
Vong lap 127/250 - Repository: 100 - FE luy ke: 6400 - Thoi gian: 0.2 phut
Vong lap 128/250 - Repository: 100 - FE luy ke: 6450 - Thoi gian: 0.2 phut
Vong lap 129/250 - Repository: 100 - FE luy ke: 6500 - Thoi gian: 0.2 phut
Vong lap 130/250 - Repository: 100 - FE luy ke: 6550 - Thoi gian: 0.2 phut
Vong lap 131/250 - Repository: 100 - FE luy ke: 6600 - Thoi gian: 0.2 phut
Vong lap 132/250 - Repository: 100 - FE luy ke: 6650 - Thoi gian: 0.2 phut
Vong lap 133/250 - Repository: 100 - FE luy ke: 6700 - Thoi gian: 0.2 phut
Vong lap 134/250 - Repository: 100 - FE luy ke: 6750 - Thoi gian: 0.2 phut
Vong lap 135/250 - Repository: 100 - FE luy ke: 6800 - Thoi gian: 0.2 phut
Vong lap 136/250 - Repository: 100 - FE luy ke: 6850 - Thoi gian: 0.2 phut
Vong lap 137/250 - Repository: 100 - FE luy ke: 6900 - Thoi gian: 0.2 phut
Vong lap 138/250 - Repository: 100 - FE luy ke: 6950 - Thoi gian: 0.2 phut
Vong lap 139/250 - Repository: 100 - FE luy ke: 7000 - Thoi gian: 0.2 phut
Vong lap 140/250 - Repository: 100 - FE luy ke: 7050 - Thoi gian: 0.2 phut
Vong lap 141/250 - Repository: 100 - FE luy ke: 7100 - Thoi gian: 0.2 phut
Vong lap 142/250 - Repository: 100 - FE luy ke: 7150 - Thoi gian: 0.2 phut
Vong lap 143/250 - Repository: 100 - FE luy ke: 7200 - Thoi gian: 0.2 phut
Vong lap 144/250 - Repository: 100 - FE luy ke: 7250 - Thoi gian: 0.2 phut
Vong lap 145/250 - Repository: 100 - FE luy ke: 7300 - Thoi gian: 0.2 phut
Vong lap 146/250 - Repository: 100 - FE luy ke: 7350 - Thoi gian: 0.2 phut
Vong lap 147/250 - Repository: 100 - FE luy ke: 7400 - Thoi gian: 0.2 phut
Vong lap 148/250 - Repository: 100 - FE luy ke: 7450 - Thoi gian: 0.2 phut
Vong lap 149/250 - Repository: 100 - FE luy ke: 7500 - Thoi gian: 0.2 phut
Vong lap 150/250 - Repository: 100 - FE luy ke: 7550 - Thoi gian: 0.2 phut
Vong lap 151/250 - Repository: 100 - FE luy ke: 7600 - Thoi gian: 0.2 phut
Vong lap 152/250 - Repository: 100 - FE luy ke: 7650 - Thoi gian: 0.2 phut
Vong lap 153/250 - Repository: 100 - FE luy ke: 7700 - Thoi gian: 0.2 phut
Vong lap 154/250 - Repository: 100 - FE luy ke: 7750 - Thoi gian: 0.2 phut
Vong lap 155/250 - Repository: 100 - FE luy ke: 7800 - Thoi gian: 0.2 phut
Vong lap 156/250 - Repository: 100 - FE luy ke: 7850 - Thoi gian: 0.2 phut
Vong lap 157/250 - Repository: 100 - FE luy ke: 7900 - Thoi gian: 0.2 phut
Vong lap 158/250 - Repository: 100 - FE luy ke: 7950 - Thoi gian: 0.2 phut
Vong lap 159/250 - Repository: 100 - FE luy ke: 8000 - Thoi gian: 0.2 phut
Vong lap 160/250 - Repository: 100 - FE luy ke: 8050 - Thoi gian: 0.2 phut
Vong lap 161/250 - Repository: 100 - FE luy ke: 8100 - Thoi gian: 0.2 phut
Vong lap 162/250 - Repository: 100 - FE luy ke: 8150 - Thoi gian: 0.2 phut
Vong lap 163/250 - Repository: 100 - FE luy ke: 8200 - Thoi gian: 0.2 phut
Vong lap 164/250 - Repository: 100 - FE luy ke: 8250 - Thoi gian: 0.2 phut
Vong lap 165/250 - Repository: 100 - FE luy ke: 8300 - Thoi gian: 0.2 phut
Vong lap 166/250 - Repository: 100 - FE luy ke: 8350 - Thoi gian: 0.3 phut
Vong lap 167/250 - Repository: 100 - FE luy ke: 8400 - Thoi gian: 0.3 phut
Vong lap 168/250 - Repository: 100 - FE luy ke: 8450 - Thoi gian: 0.3 phut
Vong lap 169/250 - Repository: 100 - FE luy ke: 8500 - Thoi gian: 0.3 phut
Vong lap 170/250 - Repository: 100 - FE luy ke: 8550 - Thoi gian: 0.3 phut
Vong lap 171/250 - Repository: 100 - FE luy ke: 8600 - Thoi gian: 0.3 phut
Vong lap 172/250 - Repository: 100 - FE luy ke: 8650 - Thoi gian: 0.3 phut
Vong lap 173/250 - Repository: 100 - FE luy ke: 8700 - Thoi gian: 0.3 phut
Vong lap 174/250 - Repository: 100 - FE luy ke: 8750 - Thoi gian: 0.3 phut
Vong lap 175/250 - Repository: 100 - FE luy ke: 8800 - Thoi gian: 0.3 phut
Vong lap 176/250 - Repository: 100 - FE luy ke: 8850 - Thoi gian: 0.3 phut
Vong lap 177/250 - Repository: 100 - FE luy ke: 8900 - Thoi gian: 0.3 phut
Vong lap 178/250 - Repository: 100 - FE luy ke: 8950 - Thoi gian: 0.3 phut
Vong lap 179/250 - Repository: 100 - FE luy ke: 9000 - Thoi gian: 0.3 phut
Vong lap 180/250 - Repository: 100 - FE luy ke: 9050 - Thoi gian: 0.3 phut
Vong lap 181/250 - Repository: 100 - FE luy ke: 9100 - Thoi gian: 0.3 phut
Vong lap 182/250 - Repository: 100 - FE luy ke: 9150 - Thoi gian: 0.3 phut
Vong lap 183/250 - Repository: 100 - FE luy ke: 9200 - Thoi gian: 0.3 phut
Vong lap 184/250 - Repository: 100 - FE luy ke: 9250 - Thoi gian: 0.3 phut
Vong lap 185/250 - Repository: 100 - FE luy ke: 9300 - Thoi gian: 0.3 phut
Vong lap 186/250 - Repository: 100 - FE luy ke: 9350 - Thoi gian: 0.3 phut
Vong lap 187/250 - Repository: 100 - FE luy ke: 9400 - Thoi gian: 0.3 phut
Vong lap 188/250 - Repository: 100 - FE luy ke: 9450 - Thoi gian: 0.3 phut
Vong lap 189/250 - Repository: 100 - FE luy ke: 9500 - Thoi gian: 0.3 phut
Vong lap 190/250 - Repository: 100 - FE luy ke: 9550 - Thoi gian: 0.3 phut
Vong lap 191/250 - Repository: 100 - FE luy ke: 9600 - Thoi gian: 0.3 phut
Vong lap 192/250 - Repository: 100 - FE luy ke: 9650 - Thoi gian: 0.3 phut
Vong lap 193/250 - Repository: 100 - FE luy ke: 9700 - Thoi gian: 0.3 phut
Vong lap 194/250 - Repository: 100 - FE luy ke: 9750 - Thoi gian: 0.3 phut
Vong lap 195/250 - Repository: 100 - FE luy ke: 9800 - Thoi gian: 0.3 phut
Vong lap 196/250 - Repository: 100 - FE luy ke: 9850 - Thoi gian: 0.3 phut
Vong lap 197/250 - Repository: 100 - FE luy ke: 9900 - Thoi gian: 0.3 phut
Vong lap 198/250 - Repository: 100 - FE luy ke: 9950 - Thoi gian: 0.3 phut
Vong lap 199/250 - Repository: 100 - FE luy ke: 10000 - Thoi gian: 0.3 phut
Vong lap 200/250 - Repository: 100 - FE luy ke: 10050 - Thoi gian: 0.3 phut
Vong lap 201/250 - Repository: 100 - FE luy ke: 10100 - Thoi gian: 0.3 phut
Vong lap 202/250 - Repository: 100 - FE luy ke: 10150 - Thoi gian: 0.3 phut
Vong lap 203/250 - Repository: 100 - FE luy ke: 10200 - Thoi gian: 0.3 phut
Vong lap 204/250 - Repository: 100 - FE luy ke: 10250 - Thoi gian: 0.3 phut
Vong lap 205/250 - Repository: 100 - FE luy ke: 10300 - Thoi gian: 0.3 phut
Vong lap 206/250 - Repository: 100 - FE luy ke: 10350 - Thoi gian: 0.3 phut
Vong lap 207/250 - Repository: 100 - FE luy ke: 10400 - Thoi gian: 0.3 phut
Vong lap 208/250 - Repository: 100 - FE luy ke: 10450 - Thoi gian: 0.3 phut
Vong lap 209/250 - Repository: 100 - FE luy ke: 10500 - Thoi gian: 0.3 phut
Vong lap 210/250 - Repository: 100 - FE luy ke: 10550 - Thoi gian: 0.3 phut
Vong lap 211/250 - Repository: 100 - FE luy ke: 10600 - Thoi gian: 0.3 phut
Vong lap 212/250 - Repository: 100 - FE luy ke: 10650 - Thoi gian: 0.3 phut
Vong lap 213/250 - Repository: 100 - FE luy ke: 10700 - Thoi gian: 0.3 phut
Vong lap 214/250 - Repository: 100 - FE luy ke: 10750 - Thoi gian: 0.3 phut
Vong lap 215/250 - Repository: 100 - FE luy ke: 10800 - Thoi gian: 0.3 phut
Vong lap 216/250 - Repository: 100 - FE luy ke: 10850 - Thoi gian: 0.3 phut
Vong lap 217/250 - Repository: 100 - FE luy ke: 10900 - Thoi gian: 0.3 phut
Vong lap 218/250 - Repository: 100 - FE luy ke: 10950 - Thoi gian: 0.3 phut
Vong lap 219/250 - Repository: 100 - FE luy ke: 11000 - Thoi gian: 0.3 phut
Vong lap 220/250 - Repository: 100 - FE luy ke: 11050 - Thoi gian: 0.3 phut
Vong lap 221/250 - Repository: 100 - FE luy ke: 11100 - Thoi gian: 0.3 phut
Vong lap 222/250 - Repository: 100 - FE luy ke: 11150 - Thoi gian: 0.3 phut
Vong lap 223/250 - Repository: 100 - FE luy ke: 11200 - Thoi gian: 0.3 phut
Vong lap 224/250 - Repository: 100 - FE luy ke: 11250 - Thoi gian: 0.3 phut
Vong lap 225/250 - Repository: 100 - FE luy ke: 11300 - Thoi gian: 0.3 phut
Vong lap 226/250 - Repository: 100 - FE luy ke: 11350 - Thoi gian: 0.3 phut
Vong lap 227/250 - Repository: 100 - FE luy ke: 11400 - Thoi gian: 0.4 phut
Vong lap 228/250 - Repository: 100 - FE luy ke: 11450 - Thoi gian: 0.4 phut
Vong lap 229/250 - Repository: 100 - FE luy ke: 11500 - Thoi gian: 0.4 phut
Vong lap 230/250 - Repository: 100 - FE luy ke: 11550 - Thoi gian: 0.4 phut
Vong lap 231/250 - Repository: 100 - FE luy ke: 11600 - Thoi gian: 0.4 phut
Vong lap 232/250 - Repository: 100 - FE luy ke: 11650 - Thoi gian: 0.4 phut
Vong lap 233/250 - Repository: 100 - FE luy ke: 11700 - Thoi gian: 0.4 phut
Vong lap 234/250 - Repository: 100 - FE luy ke: 11750 - Thoi gian: 0.4 phut
Vong lap 235/250 - Repository: 100 - FE luy ke: 11800 - Thoi gian: 0.4 phut
Vong lap 236/250 - Repository: 100 - FE luy ke: 11850 - Thoi gian: 0.4 phut
Vong lap 237/250 - Repository: 100 - FE luy ke: 11900 - Thoi gian: 0.4 phut
Vong lap 238/250 - Repository: 100 - FE luy ke: 11950 - Thoi gian: 0.4 phut
Vong lap 239/250 - Repository: 100 - FE luy ke: 12000 - Thoi gian: 0.4 phut
Vong lap 240/250 - Repository: 100 - FE luy ke: 12050 - Thoi gian: 0.4 phut
Vong lap 241/250 - Repository: 100 - FE luy ke: 12100 - Thoi gian: 0.4 phut
Vong lap 242/250 - Repository: 100 - FE luy ke: 12150 - Thoi gian: 0.4 phut
Vong lap 243/250 - Repository: 100 - FE luy ke: 12200 - Thoi gian: 0.4 phut
Vong lap 244/250 - Repository: 100 - FE luy ke: 12250 - Thoi gian: 0.4 phut
Vong lap 245/250 - Repository: 100 - FE luy ke: 12300 - Thoi gian: 0.4 phut
Vong lap 246/250 - Repository: 100 - FE luy ke: 12350 - Thoi gian: 0.4 phut
Vong lap 247/250 - Repository: 100 - FE luy ke: 12400 - Thoi gian: 0.4 phut
Vong lap 248/250 - Repository: 100 - FE luy ke: 12450 - Thoi gian: 0.4 phut
Vong lap 249/250 - Repository: 100 - FE luy ke: 12500 - Thoi gian: 0.4 phut
Vong lap 250/250 - Repository: 100 - FE luy ke: 12550 - Thoi gian: 0.4 phut
HOAN THANH campaign E-MOSFOA. Tong thoi gian: 0.01 gio. So nghiem Pareto: 100
=== E-MOSFOA doc lap lan 7/30 (RunTag=run07) ===
[Wharf100DWT E-MOSFOA - SONG SONG] Np=50 Max_it=250 Nr=100 Num_work=8 (FE uoc tinh=12550)
SUCCESS: The process "SAP2000.exe" with PID 3112 has been terminated. 
SUCCESS: The process "SAP2000.exe" with PID 6896 has been terminated. 
SUCCESS: The process "SAP2000.exe" with PID 23816 has been terminated. 
SUCCESS: The process "SAP2000.exe" with PID 7072 has been terminated. 
SUCCESS: The process "SAP2000.exe" with PID 23192 has been terminated. 
SUCCESS: The process "SAP2000.exe" with PID 12876 has been terminated. 
SUCCESS: The process "SAP2000.exe" with PID 25676 has been terminated. 
SUCCESS: The process "SAP2000.exe" with PID 26068 has been terminated. 
[Warning: Files that have already been attached are being ignored. To see which files are attached see the 'AttachedFiles' property of the parallel pool.] 
Worker 1: 
  wharf100dwt_evaluate: da nap cache tu D:\ResearchLab\02_Projects\02_Projects\MOFDA\Wharf100DWT\results\Wharf100DWT_BRUTEFORCE_FINAL.mat (4080 to hop).
Worker 2: 
  wharf100dwt_evaluate: da nap cache tu D:\ResearchLab\02_Projects\02_Projects\MOFDA\Wharf100DWT\results\Wharf100DWT_BRUTEFORCE_FINAL.mat (4080 to hop).
Worker 3: 
  wharf100dwt_evaluate: da nap cache tu D:\ResearchLab\02_Projects\02_Projects\MOFDA\Wharf100DWT\results\Wharf100DWT_BRUTEFORCE_FINAL.mat (4080 to hop).
Worker 4: 
  wharf100dwt_evaluate: da nap cache tu D:\ResearchLab\02_Projects\02_Projects\MOFDA\Wharf100DWT\results\Wharf100DWT_BRUTEFORCE_FINAL.mat (4080 to hop).
Worker 5: 
  wharf100dwt_evaluate: da nap cache tu D:\ResearchLab\02_Projects\02_Projects\MOFDA\Wharf100DWT\results\Wharf100DWT_BRUTEFORCE_FINAL.mat (4080 to hop).
Worker 6: 
  wharf100dwt_evaluate: da nap cache tu D:\ResearchLab\02_Projects\02_Projects\MOFDA\Wharf100DWT\results\Wharf100DWT_BRUTEFORCE_FINAL.mat (4080 to hop).
Worker 7: 
  wharf100dwt_evaluate: da nap cache tu D:\ResearchLab\02_Projects\02_Projects\MOFDA\Wharf100DWT\results\Wharf100DWT_BRUTEFORCE_FINAL.mat (4080 to hop).
Worker 8: 
  wharf100dwt_evaluate: da nap cache tu D:\ResearchLab\02_Projects\02_Projects\MOFDA\Wharf100DWT\results\Wharf100DWT_BRUTEFORCE_FINAL.mat (4080 to hop).
The he #0 - Kich thuoc Repository: 4
Vong lap 1/250 - Repository: 7 - FE luy ke: 100 - Thoi gian: 0.0 phut
Vong lap 2/250 - Repository: 8 - FE luy ke: 150 - Thoi gian: 0.0 phut
Vong lap 3/250 - Repository: 15 - FE luy ke: 200 - Thoi gian: 0.0 phut
Vong lap 4/250 - Repository: 21 - FE luy ke: 250 - Thoi gian: 0.0 phut
Vong lap 5/250 - Repository: 32 - FE luy ke: 300 - Thoi gian: 0.0 phut
Vong lap 6/250 - Repository: 42 - FE luy ke: 350 - Thoi gian: 0.0 phut
Vong lap 7/250 - Repository: 53 - FE luy ke: 400 - Thoi gian: 0.0 phut
Vong lap 8/250 - Repository: 71 - FE luy ke: 450 - Thoi gian: 0.0 phut
Vong lap 9/250 - Repository: 88 - FE luy ke: 500 - Thoi gian: 0.0 phut
Vong lap 10/250 - Repository: 96 - FE luy ke: 550 - Thoi gian: 0.0 phut
Vong lap 11/250 - Repository: 100 - FE luy ke: 600 - Thoi gian: 0.0 phut
Vong lap 12/250 - Repository: 100 - FE luy ke: 650 - Thoi gian: 0.0 phut
Vong lap 13/250 - Repository: 100 - FE luy ke: 700 - Thoi gian: 0.0 phut
Vong lap 14/250 - Repository: 100 - FE luy ke: 750 - Thoi gian: 0.0 phut
Vong lap 15/250 - Repository: 100 - FE luy ke: 800 - Thoi gian: 0.0 phut
Vong lap 16/250 - Repository: 100 - FE luy ke: 850 - Thoi gian: 0.0 phut
Vong lap 17/250 - Repository: 100 - FE luy ke: 900 - Thoi gian: 0.0 phut
Vong lap 18/250 - Repository: 100 - FE luy ke: 950 - Thoi gian: 0.0 phut
Vong lap 19/250 - Repository: 100 - FE luy ke: 1000 - Thoi gian: 0.0 phut
Vong lap 20/250 - Repository: 100 - FE luy ke: 1050 - Thoi gian: 0.0 phut
Vong lap 21/250 - Repository: 100 - FE luy ke: 1100 - Thoi gian: 0.0 phut
Vong lap 22/250 - Repository: 100 - FE luy ke: 1150 - Thoi gian: 0.0 phut
Vong lap 23/250 - Repository: 100 - FE luy ke: 1200 - Thoi gian: 0.0 phut
Vong lap 24/250 - Repository: 100 - FE luy ke: 1250 - Thoi gian: 0.0 phut
Vong lap 25/250 - Repository: 100 - FE luy ke: 1300 - Thoi gian: 0.0 phut
Vong lap 26/250 - Repository: 100 - FE luy ke: 1350 - Thoi gian: 0.0 phut
Vong lap 27/250 - Repository: 100 - FE luy ke: 1400 - Thoi gian: 0.0 phut
Vong lap 28/250 - Repository: 100 - FE luy ke: 1450 - Thoi gian: 0.0 phut
Vong lap 29/250 - Repository: 100 - FE luy ke: 1500 - Thoi gian: 0.0 phut
Vong lap 30/250 - Repository: 100 - FE luy ke: 1550 - Thoi gian: 0.0 phut
Vong lap 31/250 - Repository: 100 - FE luy ke: 1600 - Thoi gian: 0.0 phut
Vong lap 32/250 - Repository: 100 - FE luy ke: 1650 - Thoi gian: 0.0 phut
Vong lap 33/250 - Repository: 100 - FE luy ke: 1700 - Thoi gian: 0.0 phut
Vong lap 34/250 - Repository: 100 - FE luy ke: 1750 - Thoi gian: 0.0 phut
Vong lap 35/250 - Repository: 100 - FE luy ke: 1800 - Thoi gian: 0.0 phut
Vong lap 36/250 - Repository: 100 - FE luy ke: 1850 - Thoi gian: 0.0 phut
Vong lap 37/250 - Repository: 100 - FE luy ke: 1900 - Thoi gian: 0.1 phut
Vong lap 38/250 - Repository: 100 - FE luy ke: 1950 - Thoi gian: 0.1 phut
Vong lap 39/250 - Repository: 100 - FE luy ke: 2000 - Thoi gian: 0.1 phut
Vong lap 40/250 - Repository: 100 - FE luy ke: 2050 - Thoi gian: 0.1 phut
Vong lap 41/250 - Repository: 100 - FE luy ke: 2100 - Thoi gian: 0.1 phut
Vong lap 42/250 - Repository: 100 - FE luy ke: 2150 - Thoi gian: 0.1 phut
Vong lap 43/250 - Repository: 100 - FE luy ke: 2200 - Thoi gian: 0.1 phut
Vong lap 44/250 - Repository: 100 - FE luy ke: 2250 - Thoi gian: 0.1 phut
Vong lap 45/250 - Repository: 100 - FE luy ke: 2300 - Thoi gian: 0.1 phut
Vong lap 46/250 - Repository: 100 - FE luy ke: 2350 - Thoi gian: 0.1 phut
Vong lap 47/250 - Repository: 100 - FE luy ke: 2400 - Thoi gian: 0.1 phut
Vong lap 48/250 - Repository: 100 - FE luy ke: 2450 - Thoi gian: 0.1 phut
Vong lap 49/250 - Repository: 100 - FE luy ke: 2500 - Thoi gian: 0.1 phut
Vong lap 50/250 - Repository: 100 - FE luy ke: 2550 - Thoi gian: 0.1 phut
Vong lap 51/250 - Repository: 100 - FE luy ke: 2600 - Thoi gian: 0.1 phut
Vong lap 52/250 - Repository: 100 - FE luy ke: 2650 - Thoi gian: 0.1 phut
Vong lap 53/250 - Repository: 100 - FE luy ke: 2700 - Thoi gian: 0.1 phut
Vong lap 54/250 - Repository: 100 - FE luy ke: 2750 - Thoi gian: 0.1 phut
Vong lap 55/250 - Repository: 100 - FE luy ke: 2800 - Thoi gian: 0.1 phut
Vong lap 56/250 - Repository: 100 - FE luy ke: 2850 - Thoi gian: 0.1 phut
Vong lap 57/250 - Repository: 100 - FE luy ke: 2900 - Thoi gian: 0.1 phut
Vong lap 58/250 - Repository: 100 - FE luy ke: 2950 - Thoi gian: 0.1 phut
Vong lap 59/250 - Repository: 100 - FE luy ke: 3000 - Thoi gian: 0.1 phut
Vong lap 60/250 - Repository: 100 - FE luy ke: 3050 - Thoi gian: 0.1 phut
Vong lap 61/250 - Repository: 100 - FE luy ke: 3100 - Thoi gian: 0.1 phut
Vong lap 62/250 - Repository: 100 - FE luy ke: 3150 - Thoi gian: 0.1 phut
Vong lap 63/250 - Repository: 100 - FE luy ke: 3200 - Thoi gian: 0.1 phut
Vong lap 64/250 - Repository: 100 - FE luy ke: 3250 - Thoi gian: 0.1 phut
Vong lap 65/250 - Repository: 100 - FE luy ke: 3300 - Thoi gian: 0.1 phut
Vong lap 66/250 - Repository: 100 - FE luy ke: 3350 - Thoi gian: 0.1 phut
Vong lap 67/250 - Repository: 100 - FE luy ke: 3400 - Thoi gian: 0.1 phut
Vong lap 68/250 - Repository: 100 - FE luy ke: 3450 - Thoi gian: 0.1 phut
Vong lap 69/250 - Repository: 100 - FE luy ke: 3500 - Thoi gian: 0.1 phut
Vong lap 70/250 - Repository: 100 - FE luy ke: 3550 - Thoi gian: 0.1 phut
Vong lap 71/250 - Repository: 100 - FE luy ke: 3600 - Thoi gian: 0.1 phut
Vong lap 72/250 - Repository: 100 - FE luy ke: 3650 - Thoi gian: 0.1 phut
Vong lap 73/250 - Repository: 100 - FE luy ke: 3700 - Thoi gian: 0.1 phut
Vong lap 74/250 - Repository: 100 - FE luy ke: 3750 - Thoi gian: 0.1 phut
Vong lap 75/250 - Repository: 100 - FE luy ke: 3800 - Thoi gian: 0.1 phut
Vong lap 76/250 - Repository: 100 - FE luy ke: 3850 - Thoi gian: 0.1 phut
Vong lap 77/250 - Repository: 100 - FE luy ke: 3900 - Thoi gian: 0.1 phut
Vong lap 78/250 - Repository: 100 - FE luy ke: 3950 - Thoi gian: 0.1 phut
Vong lap 79/250 - Repository: 100 - FE luy ke: 4000 - Thoi gian: 0.1 phut
Vong lap 80/250 - Repository: 100 - FE luy ke: 4050 - Thoi gian: 0.1 phut
Vong lap 81/250 - Repository: 100 - FE luy ke: 4100 - Thoi gian: 0.1 phut
Vong lap 82/250 - Repository: 100 - FE luy ke: 4150 - Thoi gian: 0.1 phut
Vong lap 83/250 - Repository: 100 - FE luy ke: 4200 - Thoi gian: 0.1 phut
Vong lap 84/250 - Repository: 100 - FE luy ke: 4250 - Thoi gian: 0.1 phut
Vong lap 85/250 - Repository: 100 - FE luy ke: 4300 - Thoi gian: 0.1 phut
Vong lap 86/250 - Repository: 100 - FE luy ke: 4350 - Thoi gian: 0.1 phut
Vong lap 87/250 - Repository: 100 - FE luy ke: 4400 - Thoi gian: 0.1 phut
Vong lap 88/250 - Repository: 100 - FE luy ke: 4450 - Thoi gian: 0.1 phut
Vong lap 89/250 - Repository: 100 - FE luy ke: 4500 - Thoi gian: 0.1 phut
Vong lap 90/250 - Repository: 100 - FE luy ke: 4550 - Thoi gian: 0.1 phut
Vong lap 91/250 - Repository: 100 - FE luy ke: 4600 - Thoi gian: 0.1 phut
Vong lap 92/250 - Repository: 100 - FE luy ke: 4650 - Thoi gian: 0.1 phut
Vong lap 93/250 - Repository: 100 - FE luy ke: 4700 - Thoi gian: 0.1 phut
Vong lap 94/250 - Repository: 100 - FE luy ke: 4750 - Thoi gian: 0.1 phut
Vong lap 95/250 - Repository: 100 - FE luy ke: 4800 - Thoi gian: 0.1 phut
Vong lap 96/250 - Repository: 100 - FE luy ke: 4850 - Thoi gian: 0.1 phut
Vong lap 97/250 - Repository: 100 - FE luy ke: 4900 - Thoi gian: 0.1 phut
Vong lap 98/250 - Repository: 100 - FE luy ke: 4950 - Thoi gian: 0.1 phut
Vong lap 99/250 - Repository: 100 - FE luy ke: 5000 - Thoi gian: 0.1 phut
Vong lap 100/250 - Repository: 100 - FE luy ke: 5050 - Thoi gian: 0.1 phut
Vong lap 101/250 - Repository: 100 - FE luy ke: 5100 - Thoi gian: 0.1 phut
Vong lap 102/250 - Repository: 100 - FE luy ke: 5150 - Thoi gian: 0.1 phut
Vong lap 103/250 - Repository: 100 - FE luy ke: 5200 - Thoi gian: 0.2 phut
Vong lap 104/250 - Repository: 100 - FE luy ke: 5250 - Thoi gian: 0.2 phut
Vong lap 105/250 - Repository: 100 - FE luy ke: 5300 - Thoi gian: 0.2 phut
Vong lap 106/250 - Repository: 100 - FE luy ke: 5350 - Thoi gian: 0.2 phut
Vong lap 107/250 - Repository: 100 - FE luy ke: 5400 - Thoi gian: 0.2 phut
Vong lap 108/250 - Repository: 100 - FE luy ke: 5450 - Thoi gian: 0.2 phut
Vong lap 109/250 - Repository: 100 - FE luy ke: 5500 - Thoi gian: 0.2 phut
Vong lap 110/250 - Repository: 100 - FE luy ke: 5550 - Thoi gian: 0.2 phut
Vong lap 111/250 - Repository: 100 - FE luy ke: 5600 - Thoi gian: 0.2 phut
Vong lap 112/250 - Repository: 100 - FE luy ke: 5650 - Thoi gian: 0.2 phut
Vong lap 113/250 - Repository: 100 - FE luy ke: 5700 - Thoi gian: 0.2 phut
Vong lap 114/250 - Repository: 100 - FE luy ke: 5750 - Thoi gian: 0.2 phut
Vong lap 115/250 - Repository: 100 - FE luy ke: 5800 - Thoi gian: 0.2 phut
Vong lap 116/250 - Repository: 100 - FE luy ke: 5850 - Thoi gian: 0.2 phut
Vong lap 117/250 - Repository: 100 - FE luy ke: 5900 - Thoi gian: 0.2 phut
Vong lap 118/250 - Repository: 100 - FE luy ke: 5950 - Thoi gian: 0.2 phut
Vong lap 119/250 - Repository: 100 - FE luy ke: 6000 - Thoi gian: 0.2 phut
Vong lap 120/250 - Repository: 100 - FE luy ke: 6050 - Thoi gian: 0.2 phut
Vong lap 121/250 - Repository: 100 - FE luy ke: 6100 - Thoi gian: 0.2 phut
Vong lap 122/250 - Repository: 100 - FE luy ke: 6150 - Thoi gian: 0.2 phut
Vong lap 123/250 - Repository: 100 - FE luy ke: 6200 - Thoi gian: 0.2 phut
Vong lap 124/250 - Repository: 100 - FE luy ke: 6250 - Thoi gian: 0.2 phut
Vong lap 125/250 - Repository: 100 - FE luy ke: 6300 - Thoi gian: 0.2 phut
Vong lap 126/250 - Repository: 100 - FE luy ke: 6350 - Thoi gian: 0.2 phut
Vong lap 127/250 - Repository: 100 - FE luy ke: 6400 - Thoi gian: 0.2 phut
Vong lap 128/250 - Repository: 100 - FE luy ke: 6450 - Thoi gian: 0.2 phut
Vong lap 129/250 - Repository: 100 - FE luy ke: 6500 - Thoi gian: 0.2 phut
Vong lap 130/250 - Repository: 100 - FE luy ke: 6550 - Thoi gian: 0.2 phut
Vong lap 131/250 - Repository: 100 - FE luy ke: 6600 - Thoi gian: 0.2 phut
Vong lap 132/250 - Repository: 100 - FE luy ke: 6650 - Thoi gian: 0.2 phut
Vong lap 133/250 - Repository: 100 - FE luy ke: 6700 - Thoi gian: 0.2 phut
Vong lap 134/250 - Repository: 100 - FE luy ke: 6750 - Thoi gian: 0.2 phut
Vong lap 135/250 - Repository: 100 - FE luy ke: 6800 - Thoi gian: 0.2 phut
Vong lap 136/250 - Repository: 100 - FE luy ke: 6850 - Thoi gian: 0.2 phut
Vong lap 137/250 - Repository: 100 - FE luy ke: 6900 - Thoi gian: 0.2 phut
Vong lap 138/250 - Repository: 100 - FE luy ke: 6950 - Thoi gian: 0.2 phut
Vong lap 139/250 - Repository: 100 - FE luy ke: 7000 - Thoi gian: 0.2 phut
Vong lap 140/250 - Repository: 100 - FE luy ke: 7050 - Thoi gian: 0.2 phut
Vong lap 141/250 - Repository: 100 - FE luy ke: 7100 - Thoi gian: 0.2 phut
Vong lap 142/250 - Repository: 100 - FE luy ke: 7150 - Thoi gian: 0.2 phut
Vong lap 143/250 - Repository: 100 - FE luy ke: 7200 - Thoi gian: 0.2 phut
Vong lap 144/250 - Repository: 100 - FE luy ke: 7250 - Thoi gian: 0.2 phut
Vong lap 145/250 - Repository: 100 - FE luy ke: 7300 - Thoi gian: 0.2 phut
Vong lap 146/250 - Repository: 100 - FE luy ke: 7350 - Thoi gian: 0.2 phut
Vong lap 147/250 - Repository: 100 - FE luy ke: 7400 - Thoi gian: 0.2 phut
Vong lap 148/250 - Repository: 100 - FE luy ke: 7450 - Thoi gian: 0.2 phut
Vong lap 149/250 - Repository: 100 - FE luy ke: 7500 - Thoi gian: 0.2 phut
Vong lap 150/250 - Repository: 100 - FE luy ke: 7550 - Thoi gian: 0.2 phut
Vong lap 151/250 - Repository: 100 - FE luy ke: 7600 - Thoi gian: 0.2 phut
Vong lap 152/250 - Repository: 100 - FE luy ke: 7650 - Thoi gian: 0.2 phut
Vong lap 153/250 - Repository: 100 - FE luy ke: 7700 - Thoi gian: 0.2 phut
Vong lap 154/250 - Repository: 100 - FE luy ke: 7750 - Thoi gian: 0.2 phut
Vong lap 155/250 - Repository: 100 - FE luy ke: 7800 - Thoi gian: 0.2 phut
Vong lap 156/250 - Repository: 100 - FE luy ke: 7850 - Thoi gian: 0.2 phut
Vong lap 157/250 - Repository: 100 - FE luy ke: 7900 - Thoi gian: 0.2 phut
Vong lap 158/250 - Repository: 100 - FE luy ke: 7950 - Thoi gian: 0.2 phut
Vong lap 159/250 - Repository: 100 - FE luy ke: 8000 - Thoi gian: 0.2 phut
Vong lap 160/250 - Repository: 100 - FE luy ke: 8050 - Thoi gian: 0.2 phut
Vong lap 161/250 - Repository: 100 - FE luy ke: 8100 - Thoi gian: 0.2 phut
Vong lap 162/250 - Repository: 100 - FE luy ke: 8150 - Thoi gian: 0.2 phut
Vong lap 163/250 - Repository: 100 - FE luy ke: 8200 - Thoi gian: 0.2 phut
Vong lap 164/250 - Repository: 100 - FE luy ke: 8250 - Thoi gian: 0.2 phut
Vong lap 165/250 - Repository: 100 - FE luy ke: 8300 - Thoi gian: 0.2 phut
Vong lap 166/250 - Repository: 100 - FE luy ke: 8350 - Thoi gian: 0.2 phut
Vong lap 167/250 - Repository: 100 - FE luy ke: 8400 - Thoi gian: 0.3 phut
Vong lap 168/250 - Repository: 100 - FE luy ke: 8450 - Thoi gian: 0.3 phut
Vong lap 169/250 - Repository: 100 - FE luy ke: 8500 - Thoi gian: 0.3 phut
Vong lap 170/250 - Repository: 100 - FE luy ke: 8550 - Thoi gian: 0.3 phut
Vong lap 171/250 - Repository: 100 - FE luy ke: 8600 - Thoi gian: 0.3 phut
Vong lap 172/250 - Repository: 100 - FE luy ke: 8650 - Thoi gian: 0.3 phut
Vong lap 173/250 - Repository: 100 - FE luy ke: 8700 - Thoi gian: 0.3 phut
Vong lap 174/250 - Repository: 100 - FE luy ke: 8750 - Thoi gian: 0.3 phut
Vong lap 175/250 - Repository: 100 - FE luy ke: 8800 - Thoi gian: 0.3 phut
Vong lap 176/250 - Repository: 100 - FE luy ke: 8850 - Thoi gian: 0.3 phut
Vong lap 177/250 - Repository: 100 - FE luy ke: 8900 - Thoi gian: 0.3 phut
Vong lap 178/250 - Repository: 100 - FE luy ke: 8950 - Thoi gian: 0.3 phut
Vong lap 179/250 - Repository: 100 - FE luy ke: 9000 - Thoi gian: 0.3 phut
Vong lap 180/250 - Repository: 100 - FE luy ke: 9050 - Thoi gian: 0.3 phut
Vong lap 181/250 - Repository: 100 - FE luy ke: 9100 - Thoi gian: 0.3 phut
Vong lap 182/250 - Repository: 100 - FE luy ke: 9150 - Thoi gian: 0.3 phut
Vong lap 183/250 - Repository: 100 - FE luy ke: 9200 - Thoi gian: 0.3 phut
Vong lap 184/250 - Repository: 100 - FE luy ke: 9250 - Thoi gian: 0.3 phut
Vong lap 185/250 - Repository: 100 - FE luy ke: 9300 - Thoi gian: 0.3 phut
Vong lap 186/250 - Repository: 100 - FE luy ke: 9350 - Thoi gian: 0.3 phut
Vong lap 187/250 - Repository: 100 - FE luy ke: 9400 - Thoi gian: 0.3 phut
Vong lap 188/250 - Repository: 100 - FE luy ke: 9450 - Thoi gian: 0.3 phut
Vong lap 189/250 - Repository: 100 - FE luy ke: 9500 - Thoi gian: 0.3 phut
Vong lap 190/250 - Repository: 100 - FE luy ke: 9550 - Thoi gian: 0.3 phut
Vong lap 191/250 - Repository: 100 - FE luy ke: 9600 - Thoi gian: 0.3 phut
Vong lap 192/250 - Repository: 100 - FE luy ke: 9650 - Thoi gian: 0.3 phut
Vong lap 193/250 - Repository: 100 - FE luy ke: 9700 - Thoi gian: 0.3 phut
Vong lap 194/250 - Repository: 100 - FE luy ke: 9750 - Thoi gian: 0.3 phut
Vong lap 195/250 - Repository: 100 - FE luy ke: 9800 - Thoi gian: 0.3 phut
Vong lap 196/250 - Repository: 100 - FE luy ke: 9850 - Thoi gian: 0.3 phut
Vong lap 197/250 - Repository: 100 - FE luy ke: 9900 - Thoi gian: 0.3 phut
Vong lap 198/250 - Repository: 100 - FE luy ke: 9950 - Thoi gian: 0.3 phut
Vong lap 199/250 - Repository: 100 - FE luy ke: 10000 - Thoi gian: 0.3 phut
Vong lap 200/250 - Repository: 100 - FE luy ke: 10050 - Thoi gian: 0.3 phut
Vong lap 201/250 - Repository: 100 - FE luy ke: 10100 - Thoi gian: 0.3 phut
Vong lap 202/250 - Repository: 100 - FE luy ke: 10150 - Thoi gian: 0.3 phut
Vong lap 203/250 - Repository: 100 - FE luy ke: 10200 - Thoi gian: 0.3 phut
Vong lap 204/250 - Repository: 100 - FE luy ke: 10250 - Thoi gian: 0.3 phut
Vong lap 205/250 - Repository: 100 - FE luy ke: 10300 - Thoi gian: 0.3 phut
Vong lap 206/250 - Repository: 100 - FE luy ke: 10350 - Thoi gian: 0.3 phut
Vong lap 207/250 - Repository: 100 - FE luy ke: 10400 - Thoi gian: 0.3 phut
Vong lap 208/250 - Repository: 100 - FE luy ke: 10450 - Thoi gian: 0.3 phut
Vong lap 209/250 - Repository: 100 - FE luy ke: 10500 - Thoi gian: 0.3 phut
Vong lap 210/250 - Repository: 100 - FE luy ke: 10550 - Thoi gian: 0.3 phut
Vong lap 211/250 - Repository: 100 - FE luy ke: 10600 - Thoi gian: 0.3 phut
Vong lap 212/250 - Repository: 100 - FE luy ke: 10650 - Thoi gian: 0.3 phut
Vong lap 213/250 - Repository: 100 - FE luy ke: 10700 - Thoi gian: 0.3 phut
Vong lap 214/250 - Repository: 100 - FE luy ke: 10750 - Thoi gian: 0.3 phut
Vong lap 215/250 - Repository: 100 - FE luy ke: 10800 - Thoi gian: 0.3 phut
Vong lap 216/250 - Repository: 100 - FE luy ke: 10850 - Thoi gian: 0.3 phut
Vong lap 217/250 - Repository: 100 - FE luy ke: 10900 - Thoi gian: 0.3 phut
Vong lap 218/250 - Repository: 100 - FE luy ke: 10950 - Thoi gian: 0.3 phut
Vong lap 219/250 - Repository: 100 - FE luy ke: 11000 - Thoi gian: 0.3 phut
Vong lap 220/250 - Repository: 100 - FE luy ke: 11050 - Thoi gian: 0.3 phut
Vong lap 221/250 - Repository: 100 - FE luy ke: 11100 - Thoi gian: 0.3 phut
Vong lap 222/250 - Repository: 100 - FE luy ke: 11150 - Thoi gian: 0.3 phut
Vong lap 223/250 - Repository: 100 - FE luy ke: 11200 - Thoi gian: 0.3 phut
Vong lap 224/250 - Repository: 100 - FE luy ke: 11250 - Thoi gian: 0.3 phut
Vong lap 225/250 - Repository: 100 - FE luy ke: 11300 - Thoi gian: 0.3 phut
Vong lap 226/250 - Repository: 100 - FE luy ke: 11350 - Thoi gian: 0.3 phut
Vong lap 227/250 - Repository: 100 - FE luy ke: 11400 - Thoi gian: 0.3 phut
Vong lap 228/250 - Repository: 100 - FE luy ke: 11450 - Thoi gian: 0.4 phut
Vong lap 229/250 - Repository: 100 - FE luy ke: 11500 - Thoi gian: 0.4 phut
Vong lap 230/250 - Repository: 100 - FE luy ke: 11550 - Thoi gian: 0.4 phut
Vong lap 231/250 - Repository: 100 - FE luy ke: 11600 - Thoi gian: 0.4 phut
Vong lap 232/250 - Repository: 100 - FE luy ke: 11650 - Thoi gian: 0.4 phut
Vong lap 233/250 - Repository: 100 - FE luy ke: 11700 - Thoi gian: 0.4 phut
Vong lap 234/250 - Repository: 100 - FE luy ke: 11750 - Thoi gian: 0.4 phut
Vong lap 235/250 - Repository: 100 - FE luy ke: 11800 - Thoi gian: 0.4 phut
Vong lap 236/250 - Repository: 100 - FE luy ke: 11850 - Thoi gian: 0.4 phut
Vong lap 237/250 - Repository: 100 - FE luy ke: 11900 - Thoi gian: 0.4 phut
Vong lap 238/250 - Repository: 100 - FE luy ke: 11950 - Thoi gian: 0.4 phut
Vong lap 239/250 - Repository: 100 - FE luy ke: 12000 - Thoi gian: 0.4 phut
Vong lap 240/250 - Repository: 100 - FE luy ke: 12050 - Thoi gian: 0.4 phut
Vong lap 241/250 - Repository: 100 - FE luy ke: 12100 - Thoi gian: 0.4 phut
Vong lap 242/250 - Repository: 100 - FE luy ke: 12150 - Thoi gian: 0.4 phut
Vong lap 243/250 - Repository: 100 - FE luy ke: 12200 - Thoi gian: 0.4 phut
Vong lap 244/250 - Repository: 100 - FE luy ke: 12250 - Thoi gian: 0.4 phut
Vong lap 245/250 - Repository: 100 - FE luy ke: 12300 - Thoi gian: 0.4 phut
Vong lap 246/250 - Repository: 100 - FE luy ke: 12350 - Thoi gian: 0.4 phut
Vong lap 247/250 - Repository: 100 - FE luy ke: 12400 - Thoi gian: 0.4 phut
Vong lap 248/250 - Repository: 100 - FE luy ke: 12450 - Thoi gian: 0.4 phut
Vong lap 249/250 - Repository: 100 - FE luy ke: 12500 - Thoi gian: 0.4 phut
Vong lap 250/250 - Repository: 100 - FE luy ke: 12550 - Thoi gian: 0.4 phut
HOAN THANH campaign E-MOSFOA. Tong thoi gian: 0.01 gio. So nghiem Pareto: 100
=== E-MOSFOA doc lap lan 8/30 (RunTag=run08) ===
[Wharf100DWT E-MOSFOA - SONG SONG] Np=50 Max_it=250 Nr=100 Num_work=8 (FE uoc tinh=12550)
SUCCESS: The process "SAP2000.exe" with PID 1744 has been terminated. 
SUCCESS: The process "SAP2000.exe" with PID 19172 has been terminated. 
SUCCESS: The process "SAP2000.exe" with PID 26520 has been terminated. 
SUCCESS: The process "SAP2000.exe" with PID 5712 has been terminated. 
SUCCESS: The process "SAP2000.exe" with PID 24172 has been terminated. 
SUCCESS: The process "SAP2000.exe" with PID 25316 has been terminated. 
SUCCESS: The process "SAP2000.exe" with PID 25404 has been terminated. 
SUCCESS: The process "SAP2000.exe" with PID 26248 has been terminated. 
[Warning: Files that have already been attached are being ignored. To see which files are attached see the 'AttachedFiles' property of the parallel pool.] 
Worker 1: 
  wharf100dwt_evaluate: da nap cache tu D:\ResearchLab\02_Projects\02_Projects\MOFDA\Wharf100DWT\results\Wharf100DWT_BRUTEFORCE_FINAL.mat (4080 to hop).
Worker 2: 
  wharf100dwt_evaluate: da nap cache tu D:\ResearchLab\02_Projects\02_Projects\MOFDA\Wharf100DWT\results\Wharf100DWT_BRUTEFORCE_FINAL.mat (4080 to hop).
Worker 3: 
  wharf100dwt_evaluate: da nap cache tu D:\ResearchLab\02_Projects\02_Projects\MOFDA\Wharf100DWT\results\Wharf100DWT_BRUTEFORCE_FINAL.mat (4080 to hop).
Worker 4: 
  wharf100dwt_evaluate: da nap cache tu D:\ResearchLab\02_Projects\02_Projects\MOFDA\Wharf100DWT\results\Wharf100DWT_BRUTEFORCE_FINAL.mat (4080 to hop).
Worker 5: 
  wharf100dwt_evaluate: da nap cache tu D:\ResearchLab\02_Projects\02_Projects\MOFDA\Wharf100DWT\results\Wharf100DWT_BRUTEFORCE_FINAL.mat (4080 to hop).
Worker 6: 
  wharf100dwt_evaluate: da nap cache tu D:\ResearchLab\02_Projects\02_Projects\MOFDA\Wharf100DWT\results\Wharf100DWT_BRUTEFORCE_FINAL.mat (4080 to hop).
Worker 7: 
  wharf100dwt_evaluate: da nap cache tu D:\ResearchLab\02_Projects\02_Projects\MOFDA\Wharf100DWT\results\Wharf100DWT_BRUTEFORCE_FINAL.mat (4080 to hop).
Worker 8: 
  wharf100dwt_evaluate: da nap cache tu D:\ResearchLab\02_Projects\02_Projects\MOFDA\Wharf100DWT\results\Wharf100DWT_BRUTEFORCE_FINAL.mat (4080 to hop).
The he #0 - Kich thuoc Repository: 3
Vong lap 1/250 - Repository: 7 - FE luy ke: 100 - Thoi gian: 0.0 phut
Vong lap 2/250 - Repository: 13 - FE luy ke: 150 - Thoi gian: 0.0 phut
Vong lap 3/250 - Repository: 26 - FE luy ke: 200 - Thoi gian: 0.0 phut
Vong lap 4/250 - Repository: 35 - FE luy ke: 250 - Thoi gian: 0.0 phut
Vong lap 5/250 - Repository: 43 - FE luy ke: 300 - Thoi gian: 0.0 phut
Vong lap 6/250 - Repository: 48 - FE luy ke: 350 - Thoi gian: 0.0 phut
Vong lap 7/250 - Repository: 62 - FE luy ke: 400 - Thoi gian: 0.0 phut
Vong lap 8/250 - Repository: 80 - FE luy ke: 450 - Thoi gian: 0.0 phut
Vong lap 9/250 - Repository: 96 - FE luy ke: 500 - Thoi gian: 0.0 phut
Vong lap 10/250 - Repository: 100 - FE luy ke: 550 - Thoi gian: 0.0 phut
Vong lap 11/250 - Repository: 100 - FE luy ke: 600 - Thoi gian: 0.0 phut
Vong lap 12/250 - Repository: 100 - FE luy ke: 650 - Thoi gian: 0.0 phut
Vong lap 13/250 - Repository: 100 - FE luy ke: 700 - Thoi gian: 0.0 phut
Vong lap 14/250 - Repository: 100 - FE luy ke: 750 - Thoi gian: 0.0 phut
Vong lap 15/250 - Repository: 100 - FE luy ke: 800 - Thoi gian: 0.0 phut
Vong lap 16/250 - Repository: 100 - FE luy ke: 850 - Thoi gian: 0.0 phut
Vong lap 17/250 - Repository: 100 - FE luy ke: 900 - Thoi gian: 0.0 phut
Vong lap 18/250 - Repository: 100 - FE luy ke: 950 - Thoi gian: 0.0 phut
Vong lap 19/250 - Repository: 100 - FE luy ke: 1000 - Thoi gian: 0.0 phut
Vong lap 20/250 - Repository: 100 - FE luy ke: 1050 - Thoi gian: 0.0 phut
Vong lap 21/250 - Repository: 100 - FE luy ke: 1100 - Thoi gian: 0.0 phut
Vong lap 22/250 - Repository: 100 - FE luy ke: 1150 - Thoi gian: 0.0 phut
Vong lap 23/250 - Repository: 100 - FE luy ke: 1200 - Thoi gian: 0.0 phut
Vong lap 24/250 - Repository: 100 - FE luy ke: 1250 - Thoi gian: 0.0 phut
Vong lap 25/250 - Repository: 100 - FE luy ke: 1300 - Thoi gian: 0.0 phut
Vong lap 26/250 - Repository: 100 - FE luy ke: 1350 - Thoi gian: 0.0 phut
Vong lap 27/250 - Repository: 100 - FE luy ke: 1400 - Thoi gian: 0.0 phut
Vong lap 28/250 - Repository: 100 - FE luy ke: 1450 - Thoi gian: 0.0 phut
Vong lap 29/250 - Repository: 100 - FE luy ke: 1500 - Thoi gian: 0.0 phut
Vong lap 30/250 - Repository: 100 - FE luy ke: 1550 - Thoi gian: 0.0 phut
Vong lap 31/250 - Repository: 100 - FE luy ke: 1600 - Thoi gian: 0.0 phut
Vong lap 32/250 - Repository: 100 - FE luy ke: 1650 - Thoi gian: 0.0 phut
Vong lap 33/250 - Repository: 100 - FE luy ke: 1700 - Thoi gian: 0.0 phut
Vong lap 34/250 - Repository: 100 - FE luy ke: 1750 - Thoi gian: 0.0 phut
Vong lap 35/250 - Repository: 100 - FE luy ke: 1800 - Thoi gian: 0.0 phut
Vong lap 36/250 - Repository: 100 - FE luy ke: 1850 - Thoi gian: 0.1 phut
Vong lap 37/250 - Repository: 100 - FE luy ke: 1900 - Thoi gian: 0.1 phut
Vong lap 38/250 - Repository: 100 - FE luy ke: 1950 - Thoi gian: 0.1 phut
Vong lap 39/250 - Repository: 100 - FE luy ke: 2000 - Thoi gian: 0.1 phut
Vong lap 40/250 - Repository: 100 - FE luy ke: 2050 - Thoi gian: 0.1 phut
Vong lap 41/250 - Repository: 100 - FE luy ke: 2100 - Thoi gian: 0.1 phut
Vong lap 42/250 - Repository: 100 - FE luy ke: 2150 - Thoi gian: 0.1 phut
Vong lap 43/250 - Repository: 100 - FE luy ke: 2200 - Thoi gian: 0.1 phut
Vong lap 44/250 - Repository: 100 - FE luy ke: 2250 - Thoi gian: 0.1 phut
Vong lap 45/250 - Repository: 100 - FE luy ke: 2300 - Thoi gian: 0.1 phut
Vong lap 46/250 - Repository: 100 - FE luy ke: 2350 - Thoi gian: 0.1 phut
Vong lap 47/250 - Repository: 100 - FE luy ke: 2400 - Thoi gian: 0.1 phut
Vong lap 48/250 - Repository: 100 - FE luy ke: 2450 - Thoi gian: 0.1 phut
Vong lap 49/250 - Repository: 100 - FE luy ke: 2500 - Thoi gian: 0.1 phut
Vong lap 50/250 - Repository: 100 - FE luy ke: 2550 - Thoi gian: 0.1 phut
Vong lap 51/250 - Repository: 100 - FE luy ke: 2600 - Thoi gian: 0.1 phut
Vong lap 52/250 - Repository: 100 - FE luy ke: 2650 - Thoi gian: 0.1 phut
Vong lap 53/250 - Repository: 100 - FE luy ke: 2700 - Thoi gian: 0.1 phut
Vong lap 54/250 - Repository: 100 - FE luy ke: 2750 - Thoi gian: 0.1 phut
Vong lap 55/250 - Repository: 100 - FE luy ke: 2800 - Thoi gian: 0.1 phut
Vong lap 56/250 - Repository: 100 - FE luy ke: 2850 - Thoi gian: 0.1 phut
Vong lap 57/250 - Repository: 100 - FE luy ke: 2900 - Thoi gian: 0.1 phut
Vong lap 58/250 - Repository: 100 - FE luy ke: 2950 - Thoi gian: 0.1 phut
Vong lap 59/250 - Repository: 100 - FE luy ke: 3000 - Thoi gian: 0.1 phut
Vong lap 60/250 - Repository: 100 - FE luy ke: 3050 - Thoi gian: 0.1 phut
Vong lap 61/250 - Repository: 100 - FE luy ke: 3100 - Thoi gian: 0.1 phut
Vong lap 62/250 - Repository: 100 - FE luy ke: 3150 - Thoi gian: 0.1 phut
Vong lap 63/250 - Repository: 100 - FE luy ke: 3200 - Thoi gian: 0.1 phut
Vong lap 64/250 - Repository: 100 - FE luy ke: 3250 - Thoi gian: 0.1 phut
Vong lap 65/250 - Repository: 100 - FE luy ke: 3300 - Thoi gian: 0.1 phut
Vong lap 66/250 - Repository: 100 - FE luy ke: 3350 - Thoi gian: 0.1 phut
Vong lap 67/250 - Repository: 100 - FE luy ke: 3400 - Thoi gian: 0.1 phut
Vong lap 68/250 - Repository: 100 - FE luy ke: 3450 - Thoi gian: 0.1 phut
Vong lap 69/250 - Repository: 100 - FE luy ke: 3500 - Thoi gian: 0.1 phut
Vong lap 70/250 - Repository: 100 - FE luy ke: 3550 - Thoi gian: 0.1 phut
Vong lap 71/250 - Repository: 100 - FE luy ke: 3600 - Thoi gian: 0.1 phut
Vong lap 72/250 - Repository: 100 - FE luy ke: 3650 - Thoi gian: 0.1 phut
Vong lap 73/250 - Repository: 100 - FE luy ke: 3700 - Thoi gian: 0.1 phut
Vong lap 74/250 - Repository: 100 - FE luy ke: 3750 - Thoi gian: 0.1 phut
Vong lap 75/250 - Repository: 100 - FE luy ke: 3800 - Thoi gian: 0.1 phut
Vong lap 76/250 - Repository: 100 - FE luy ke: 3850 - Thoi gian: 0.1 phut
Vong lap 77/250 - Repository: 100 - FE luy ke: 3900 - Thoi gian: 0.1 phut
Vong lap 78/250 - Repository: 100 - FE luy ke: 3950 - Thoi gian: 0.1 phut
Vong lap 79/250 - Repository: 100 - FE luy ke: 4000 - Thoi gian: 0.1 phut
Vong lap 80/250 - Repository: 100 - FE luy ke: 4050 - Thoi gian: 0.1 phut
Vong lap 81/250 - Repository: 100 - FE luy ke: 4100 - Thoi gian: 0.1 phut
Vong lap 82/250 - Repository: 100 - FE luy ke: 4150 - Thoi gian: 0.1 phut
Vong lap 83/250 - Repository: 100 - FE luy ke: 4200 - Thoi gian: 0.1 phut
Vong lap 84/250 - Repository: 100 - FE luy ke: 4250 - Thoi gian: 0.1 phut
Vong lap 85/250 - Repository: 100 - FE luy ke: 4300 - Thoi gian: 0.1 phut
Vong lap 86/250 - Repository: 100 - FE luy ke: 4350 - Thoi gian: 0.1 phut
Vong lap 87/250 - Repository: 100 - FE luy ke: 4400 - Thoi gian: 0.1 phut
Vong lap 88/250 - Repository: 100 - FE luy ke: 4450 - Thoi gian: 0.1 phut
Vong lap 89/250 - Repository: 100 - FE luy ke: 4500 - Thoi gian: 0.1 phut
Vong lap 90/250 - Repository: 100 - FE luy ke: 4550 - Thoi gian: 0.1 phut
Vong lap 91/250 - Repository: 100 - FE luy ke: 4600 - Thoi gian: 0.1 phut
Vong lap 92/250 - Repository: 100 - FE luy ke: 4650 - Thoi gian: 0.1 phut
Vong lap 93/250 - Repository: 100 - FE luy ke: 4700 - Thoi gian: 0.1 phut
Vong lap 94/250 - Repository: 100 - FE luy ke: 4750 - Thoi gian: 0.1 phut
Vong lap 95/250 - Repository: 100 - FE luy ke: 4800 - Thoi gian: 0.1 phut
Vong lap 96/250 - Repository: 100 - FE luy ke: 4850 - Thoi gian: 0.1 phut
Vong lap 97/250 - Repository: 100 - FE luy ke: 4900 - Thoi gian: 0.1 phut
Vong lap 98/250 - Repository: 100 - FE luy ke: 4950 - Thoi gian: 0.1 phut
Vong lap 99/250 - Repository: 100 - FE luy ke: 5000 - Thoi gian: 0.1 phut
Vong lap 100/250 - Repository: 100 - FE luy ke: 5050 - Thoi gian: 0.1 phut
Vong lap 101/250 - Repository: 100 - FE luy ke: 5100 - Thoi gian: 0.1 phut
Vong lap 102/250 - Repository: 100 - FE luy ke: 5150 - Thoi gian: 0.1 phut
Vong lap 103/250 - Repository: 100 - FE luy ke: 5200 - Thoi gian: 0.2 phut
Vong lap 104/250 - Repository: 100 - FE luy ke: 5250 - Thoi gian: 0.2 phut
Vong lap 105/250 - Repository: 100 - FE luy ke: 5300 - Thoi gian: 0.2 phut
Vong lap 106/250 - Repository: 100 - FE luy ke: 5350 - Thoi gian: 0.2 phut
Vong lap 107/250 - Repository: 100 - FE luy ke: 5400 - Thoi gian: 0.2 phut
Vong lap 108/250 - Repository: 100 - FE luy ke: 5450 - Thoi gian: 0.2 phut
Vong lap 109/250 - Repository: 100 - FE luy ke: 5500 - Thoi gian: 0.2 phut
Vong lap 110/250 - Repository: 100 - FE luy ke: 5550 - Thoi gian: 0.2 phut
Vong lap 111/250 - Repository: 100 - FE luy ke: 5600 - Thoi gian: 0.2 phut
Vong lap 112/250 - Repository: 100 - FE luy ke: 5650 - Thoi gian: 0.2 phut
Vong lap 113/250 - Repository: 100 - FE luy ke: 5700 - Thoi gian: 0.2 phut
Vong lap 114/250 - Repository: 100 - FE luy ke: 5750 - Thoi gian: 0.2 phut
Vong lap 115/250 - Repository: 100 - FE luy ke: 5800 - Thoi gian: 0.2 phut
Vong lap 116/250 - Repository: 100 - FE luy ke: 5850 - Thoi gian: 0.2 phut
Vong lap 117/250 - Repository: 100 - FE luy ke: 5900 - Thoi gian: 0.2 phut
Vong lap 118/250 - Repository: 100 - FE luy ke: 5950 - Thoi gian: 0.2 phut
Vong lap 119/250 - Repository: 100 - FE luy ke: 6000 - Thoi gian: 0.2 phut
Vong lap 120/250 - Repository: 100 - FE luy ke: 6050 - Thoi gian: 0.2 phut
Vong lap 121/250 - Repository: 100 - FE luy ke: 6100 - Thoi gian: 0.2 phut
Vong lap 122/250 - Repository: 100 - FE luy ke: 6150 - Thoi gian: 0.2 phut
Vong lap 123/250 - Repository: 100 - FE luy ke: 6200 - Thoi gian: 0.2 phut
Vong lap 124/250 - Repository: 100 - FE luy ke: 6250 - Thoi gian: 0.2 phut
Vong lap 125/250 - Repository: 100 - FE luy ke: 6300 - Thoi gian: 0.2 phut
Vong lap 126/250 - Repository: 100 - FE luy ke: 6350 - Thoi gian: 0.2 phut
Vong lap 127/250 - Repository: 100 - FE luy ke: 6400 - Thoi gian: 0.2 phut
Vong lap 128/250 - Repository: 100 - FE luy ke: 6450 - Thoi gian: 0.2 phut
Vong lap 129/250 - Repository: 100 - FE luy ke: 6500 - Thoi gian: 0.2 phut
Vong lap 130/250 - Repository: 100 - FE luy ke: 6550 - Thoi gian: 0.2 phut
Vong lap 131/250 - Repository: 100 - FE luy ke: 6600 - Thoi gian: 0.2 phut
Vong lap 132/250 - Repository: 100 - FE luy ke: 6650 - Thoi gian: 0.2 phut
Vong lap 133/250 - Repository: 100 - FE luy ke: 6700 - Thoi gian: 0.2 phut
Vong lap 134/250 - Repository: 100 - FE luy ke: 6750 - Thoi gian: 0.2 phut
Vong lap 135/250 - Repository: 100 - FE luy ke: 6800 - Thoi gian: 0.2 phut
Vong lap 136/250 - Repository: 100 - FE luy ke: 6850 - Thoi gian: 0.2 phut
Vong lap 137/250 - Repository: 100 - FE luy ke: 6900 - Thoi gian: 0.2 phut
Vong lap 138/250 - Repository: 100 - FE luy ke: 6950 - Thoi gian: 0.2 phut
Vong lap 139/250 - Repository: 100 - FE luy ke: 7000 - Thoi gian: 0.2 phut
Vong lap 140/250 - Repository: 100 - FE luy ke: 7050 - Thoi gian: 0.2 phut
Vong lap 141/250 - Repository: 100 - FE luy ke: 7100 - Thoi gian: 0.2 phut
Vong lap 142/250 - Repository: 100 - FE luy ke: 7150 - Thoi gian: 0.2 phut
Vong lap 143/250 - Repository: 100 - FE luy ke: 7200 - Thoi gian: 0.2 phut
Vong lap 144/250 - Repository: 100 - FE luy ke: 7250 - Thoi gian: 0.2 phut
Vong lap 145/250 - Repository: 100 - FE luy ke: 7300 - Thoi gian: 0.2 phut
Vong lap 146/250 - Repository: 100 - FE luy ke: 7350 - Thoi gian: 0.2 phut
Vong lap 147/250 - Repository: 100 - FE luy ke: 7400 - Thoi gian: 0.2 phut
Vong lap 148/250 - Repository: 100 - FE luy ke: 7450 - Thoi gian: 0.2 phut
Vong lap 149/250 - Repository: 100 - FE luy ke: 7500 - Thoi gian: 0.2 phut
Vong lap 150/250 - Repository: 100 - FE luy ke: 7550 - Thoi gian: 0.2 phut
Vong lap 151/250 - Repository: 100 - FE luy ke: 7600 - Thoi gian: 0.2 phut
Vong lap 152/250 - Repository: 100 - FE luy ke: 7650 - Thoi gian: 0.2 phut
Vong lap 153/250 - Repository: 100 - FE luy ke: 7700 - Thoi gian: 0.2 phut
Vong lap 154/250 - Repository: 100 - FE luy ke: 7750 - Thoi gian: 0.2 phut
Vong lap 155/250 - Repository: 100 - FE luy ke: 7800 - Thoi gian: 0.2 phut
Vong lap 156/250 - Repository: 100 - FE luy ke: 7850 - Thoi gian: 0.2 phut
Vong lap 157/250 - Repository: 100 - FE luy ke: 7900 - Thoi gian: 0.2 phut
Vong lap 158/250 - Repository: 100 - FE luy ke: 7950 - Thoi gian: 0.2 phut
Vong lap 159/250 - Repository: 100 - FE luy ke: 8000 - Thoi gian: 0.2 phut
Vong lap 160/250 - Repository: 100 - FE luy ke: 8050 - Thoi gian: 0.2 phut
Vong lap 161/250 - Repository: 100 - FE luy ke: 8100 - Thoi gian: 0.2 phut
Vong lap 162/250 - Repository: 100 - FE luy ke: 8150 - Thoi gian: 0.2 phut
Vong lap 163/250 - Repository: 100 - FE luy ke: 8200 - Thoi gian: 0.2 phut
Vong lap 164/250 - Repository: 100 - FE luy ke: 8250 - Thoi gian: 0.2 phut
Vong lap 165/250 - Repository: 100 - FE luy ke: 8300 - Thoi gian: 0.2 phut
Vong lap 166/250 - Repository: 100 - FE luy ke: 8350 - Thoi gian: 0.2 phut
Vong lap 167/250 - Repository: 100 - FE luy ke: 8400 - Thoi gian: 0.3 phut
Vong lap 168/250 - Repository: 100 - FE luy ke: 8450 - Thoi gian: 0.3 phut
Vong lap 169/250 - Repository: 100 - FE luy ke: 8500 - Thoi gian: 0.3 phut
Vong lap 170/250 - Repository: 100 - FE luy ke: 8550 - Thoi gian: 0.3 phut
Vong lap 171/250 - Repository: 100 - FE luy ke: 8600 - Thoi gian: 0.3 phut
Vong lap 172/250 - Repository: 100 - FE luy ke: 8650 - Thoi gian: 0.3 phut
Vong lap 173/250 - Repository: 100 - FE luy ke: 8700 - Thoi gian: 0.3 phut
Vong lap 174/250 - Repository: 100 - FE luy ke: 8750 - Thoi gian: 0.3 phut
Vong lap 175/250 - Repository: 100 - FE luy ke: 8800 - Thoi gian: 0.3 phut
Vong lap 176/250 - Repository: 100 - FE luy ke: 8850 - Thoi gian: 0.3 phut
Vong lap 177/250 - Repository: 100 - FE luy ke: 8900 - Thoi gian: 0.3 phut
Vong lap 178/250 - Repository: 100 - FE luy ke: 8950 - Thoi gian: 0.3 phut
Vong lap 179/250 - Repository: 100 - FE luy ke: 9000 - Thoi gian: 0.3 phut
Vong lap 180/250 - Repository: 100 - FE luy ke: 9050 - Thoi gian: 0.3 phut
Vong lap 181/250 - Repository: 100 - FE luy ke: 9100 - Thoi gian: 0.3 phut
Vong lap 182/250 - Repository: 100 - FE luy ke: 9150 - Thoi gian: 0.3 phut
Vong lap 183/250 - Repository: 100 - FE luy ke: 9200 - Thoi gian: 0.3 phut
Vong lap 184/250 - Repository: 100 - FE luy ke: 9250 - Thoi gian: 0.3 phut
Vong lap 185/250 - Repository: 100 - FE luy ke: 9300 - Thoi gian: 0.3 phut
Vong lap 186/250 - Repository: 100 - FE luy ke: 9350 - Thoi gian: 0.3 phut
Vong lap 187/250 - Repository: 100 - FE luy ke: 9400 - Thoi gian: 0.3 phut
Vong lap 188/250 - Repository: 100 - FE luy ke: 9450 - Thoi gian: 0.3 phut
Vong lap 189/250 - Repository: 100 - FE luy ke: 9500 - Thoi gian: 0.3 phut
Vong lap 190/250 - Repository: 100 - FE luy ke: 9550 - Thoi gian: 0.3 phut
Vong lap 191/250 - Repository: 100 - FE luy ke: 9600 - Thoi gian: 0.3 phut
Vong lap 192/250 - Repository: 100 - FE luy ke: 9650 - Thoi gian: 0.3 phut
Vong lap 193/250 - Repository: 100 - FE luy ke: 9700 - Thoi gian: 0.3 phut
Vong lap 194/250 - Repository: 100 - FE luy ke: 9750 - Thoi gian: 0.3 phut
Vong lap 195/250 - Repository: 100 - FE luy ke: 9800 - Thoi gian: 0.3 phut
Vong lap 196/250 - Repository: 100 - FE luy ke: 9850 - Thoi gian: 0.3 phut
Vong lap 197/250 - Repository: 100 - FE luy ke: 9900 - Thoi gian: 0.3 phut
Vong lap 198/250 - Repository: 100 - FE luy ke: 9950 - Thoi gian: 0.3 phut
Vong lap 199/250 - Repository: 100 - FE luy ke: 10000 - Thoi gian: 0.3 phut
Vong lap 200/250 - Repository: 100 - FE luy ke: 10050 - Thoi gian: 0.3 phut
Vong lap 201/250 - Repository: 100 - FE luy ke: 10100 - Thoi gian: 0.3 phut
Vong lap 202/250 - Repository: 100 - FE luy ke: 10150 - Thoi gian: 0.3 phut
Vong lap 203/250 - Repository: 100 - FE luy ke: 10200 - Thoi gian: 0.3 phut
Vong lap 204/250 - Repository: 100 - FE luy ke: 10250 - Thoi gian: 0.3 phut
Vong lap 205/250 - Repository: 100 - FE luy ke: 10300 - Thoi gian: 0.3 phut
Vong lap 206/250 - Repository: 100 - FE luy ke: 10350 - Thoi gian: 0.3 phut
Vong lap 207/250 - Repository: 100 - FE luy ke: 10400 - Thoi gian: 0.3 phut
Vong lap 208/250 - Repository: 100 - FE luy ke: 10450 - Thoi gian: 0.3 phut
Vong lap 209/250 - Repository: 100 - FE luy ke: 10500 - Thoi gian: 0.3 phut
Vong lap 210/250 - Repository: 100 - FE luy ke: 10550 - Thoi gian: 0.3 phut
Vong lap 211/250 - Repository: 100 - FE luy ke: 10600 - Thoi gian: 0.3 phut
Vong lap 212/250 - Repository: 100 - FE luy ke: 10650 - Thoi gian: 0.3 phut
Vong lap 213/250 - Repository: 100 - FE luy ke: 10700 - Thoi gian: 0.3 phut
Vong lap 214/250 - Repository: 100 - FE luy ke: 10750 - Thoi gian: 0.3 phut
Vong lap 215/250 - Repository: 100 - FE luy ke: 10800 - Thoi gian: 0.3 phut
Vong lap 216/250 - Repository: 100 - FE luy ke: 10850 - Thoi gian: 0.3 phut
Vong lap 217/250 - Repository: 100 - FE luy ke: 10900 - Thoi gian: 0.3 phut
Vong lap 218/250 - Repository: 100 - FE luy ke: 10950 - Thoi gian: 0.3 phut
Vong lap 219/250 - Repository: 100 - FE luy ke: 11000 - Thoi gian: 0.3 phut
Vong lap 220/250 - Repository: 100 - FE luy ke: 11050 - Thoi gian: 0.3 phut
Vong lap 221/250 - Repository: 100 - FE luy ke: 11100 - Thoi gian: 0.3 phut
Vong lap 222/250 - Repository: 100 - FE luy ke: 11150 - Thoi gian: 0.3 phut
Vong lap 223/250 - Repository: 100 - FE luy ke: 11200 - Thoi gian: 0.3 phut
Vong lap 224/250 - Repository: 100 - FE luy ke: 11250 - Thoi gian: 0.3 phut
Vong lap 225/250 - Repository: 100 - FE luy ke: 11300 - Thoi gian: 0.3 phut
Vong lap 226/250 - Repository: 100 - FE luy ke: 11350 - Thoi gian: 0.4 phut
Vong lap 227/250 - Repository: 100 - FE luy ke: 11400 - Thoi gian: 0.4 phut
Vong lap 228/250 - Repository: 100 - FE luy ke: 11450 - Thoi gian: 0.4 phut
Vong lap 229/250 - Repository: 100 - FE luy ke: 11500 - Thoi gian: 0.4 phut
Vong lap 230/250 - Repository: 100 - FE luy ke: 11550 - Thoi gian: 0.4 phut
Vong lap 231/250 - Repository: 100 - FE luy ke: 11600 - Thoi gian: 0.4 phut
Vong lap 232/250 - Repository: 100 - FE luy ke: 11650 - Thoi gian: 0.4 phut
Vong lap 233/250 - Repository: 100 - FE luy ke: 11700 - Thoi gian: 0.4 phut
Vong lap 234/250 - Repository: 100 - FE luy ke: 11750 - Thoi gian: 0.4 phut
Vong lap 235/250 - Repository: 100 - FE luy ke: 11800 - Thoi gian: 0.4 phut
Vong lap 236/250 - Repository: 100 - FE luy ke: 11850 - Thoi gian: 0.4 phut
Vong lap 237/250 - Repository: 100 - FE luy ke: 11900 - Thoi gian: 0.4 phut
Vong lap 238/250 - Repository: 100 - FE luy ke: 11950 - Thoi gian: 0.4 phut
Vong lap 239/250 - Repository: 100 - FE luy ke: 12000 - Thoi gian: 0.4 phut
Vong lap 240/250 - Repository: 100 - FE luy ke: 12050 - Thoi gian: 0.4 phut
Vong lap 241/250 - Repository: 100 - FE luy ke: 12100 - Thoi gian: 0.4 phut
Vong lap 242/250 - Repository: 100 - FE luy ke: 12150 - Thoi gian: 0.4 phut
Vong lap 243/250 - Repository: 100 - FE luy ke: 12200 - Thoi gian: 0.4 phut
Vong lap 244/250 - Repository: 100 - FE luy ke: 12250 - Thoi gian: 0.4 phut
Vong lap 245/250 - Repository: 100 - FE luy ke: 12300 - Thoi gian: 0.4 phut
Vong lap 246/250 - Repository: 100 - FE luy ke: 12350 - Thoi gian: 0.4 phut
Vong lap 247/250 - Repository: 100 - FE luy ke: 12400 - Thoi gian: 0.4 phut
Vong lap 248/250 - Repository: 100 - FE luy ke: 12450 - Thoi gian: 0.4 phut
Vong lap 249/250 - Repository: 100 - FE luy ke: 12500 - Thoi gian: 0.4 phut
Vong lap 250/250 - Repository: 100 - FE luy ke: 12550 - Thoi gian: 0.4 phut
HOAN THANH campaign E-MOSFOA. Tong thoi gian: 0.01 gio. So nghiem Pareto: 100
=== E-MOSFOA doc lap lan 9/30 (RunTag=run09) ===
[Wharf100DWT E-MOSFOA - SONG SONG] Np=50 Max_it=250 Nr=100 Num_work=8 (FE uoc tinh=12550)
SUCCESS: The process "SAP2000.exe" with PID 9208 has been terminated. 
SUCCESS: The process "SAP2000.exe" with PID 13504 has been terminated. 
SUCCESS: The process "SAP2000.exe" with PID 20660 has been terminated. 
SUCCESS: The process "SAP2000.exe" with PID 23364 has been terminated. 
SUCCESS: The process "SAP2000.exe" with PID 13340 has been terminated. 
SUCCESS: The process "SAP2000.exe" with PID 25412 has been terminated. 
SUCCESS: The process "SAP2000.exe" with PID 25916 has been terminated. 
SUCCESS: The process "SAP2000.exe" with PID 22644 has been terminated. 
[Warning: Files that have already been attached are being ignored. To see which files are attached see the 'AttachedFiles' property of the parallel pool.] 
Worker 1: 
  wharf100dwt_evaluate: da nap cache tu D:\ResearchLab\02_Projects\02_Projects\MOFDA\Wharf100DWT\results\Wharf100DWT_BRUTEFORCE_FINAL.mat (4080 to hop).
Worker 2: 
  wharf100dwt_evaluate: da nap cache tu D:\ResearchLab\02_Projects\02_Projects\MOFDA\Wharf100DWT\results\Wharf100DWT_BRUTEFORCE_FINAL.mat (4080 to hop).
Worker 3: 
  wharf100dwt_evaluate: da nap cache tu D:\ResearchLab\02_Projects\02_Projects\MOFDA\Wharf100DWT\results\Wharf100DWT_BRUTEFORCE_FINAL.mat (4080 to hop).
Worker 4: 
  wharf100dwt_evaluate: da nap cache tu D:\ResearchLab\02_Projects\02_Projects\MOFDA\Wharf100DWT\results\Wharf100DWT_BRUTEFORCE_FINAL.mat (4080 to hop).
Worker 5: 
  wharf100dwt_evaluate: da nap cache tu D:\ResearchLab\02_Projects\02_Projects\MOFDA\Wharf100DWT\results\Wharf100DWT_BRUTEFORCE_FINAL.mat (4080 to hop).
Worker 6: 
  wharf100dwt_evaluate: da nap cache tu D:\ResearchLab\02_Projects\02_Projects\MOFDA\Wharf100DWT\results\Wharf100DWT_BRUTEFORCE_FINAL.mat (4080 to hop).
Worker 7: 
  wharf100dwt_evaluate: da nap cache tu D:\ResearchLab\02_Projects\02_Projects\MOFDA\Wharf100DWT\results\Wharf100DWT_BRUTEFORCE_FINAL.mat (4080 to hop).
Worker 8: 
  wharf100dwt_evaluate: da nap cache tu D:\ResearchLab\02_Projects\02_Projects\MOFDA\Wharf100DWT\results\Wharf100DWT_BRUTEFORCE_FINAL.mat (4080 to hop).
The he #0 - Kich thuoc Repository: 2
Vong lap 1/250 - Repository: 10 - FE luy ke: 100 - Thoi gian: 0.0 phut
Vong lap 2/250 - Repository: 14 - FE luy ke: 150 - Thoi gian: 0.0 phut
Vong lap 3/250 - Repository: 15 - FE luy ke: 200 - Thoi gian: 0.0 phut
Vong lap 4/250 - Repository: 39 - FE luy ke: 250 - Thoi gian: 0.0 phut
Vong lap 5/250 - Repository: 41 - FE luy ke: 300 - Thoi gian: 0.0 phut
Vong lap 6/250 - Repository: 47 - FE luy ke: 350 - Thoi gian: 0.0 phut
Vong lap 7/250 - Repository: 64 - FE luy ke: 400 - Thoi gian: 0.0 phut
Vong lap 8/250 - Repository: 77 - FE luy ke: 450 - Thoi gian: 0.0 phut
Vong lap 9/250 - Repository: 92 - FE luy ke: 500 - Thoi gian: 0.0 phut
Vong lap 10/250 - Repository: 100 - FE luy ke: 550 - Thoi gian: 0.0 phut
Vong lap 11/250 - Repository: 100 - FE luy ke: 600 - Thoi gian: 0.0 phut
Vong lap 12/250 - Repository: 100 - FE luy ke: 650 - Thoi gian: 0.0 phut
Vong lap 13/250 - Repository: 100 - FE luy ke: 700 - Thoi gian: 0.0 phut
Vong lap 14/250 - Repository: 100 - FE luy ke: 750 - Thoi gian: 0.0 phut
Vong lap 15/250 - Repository: 100 - FE luy ke: 800 - Thoi gian: 0.0 phut
Vong lap 16/250 - Repository: 100 - FE luy ke: 850 - Thoi gian: 0.0 phut
Vong lap 17/250 - Repository: 100 - FE luy ke: 900 - Thoi gian: 0.0 phut
Vong lap 18/250 - Repository: 100 - FE luy ke: 950 - Thoi gian: 0.0 phut
Vong lap 19/250 - Repository: 100 - FE luy ke: 1000 - Thoi gian: 0.0 phut
Vong lap 20/250 - Repository: 100 - FE luy ke: 1050 - Thoi gian: 0.0 phut
Vong lap 21/250 - Repository: 100 - FE luy ke: 1100 - Thoi gian: 0.0 phut
Vong lap 22/250 - Repository: 100 - FE luy ke: 1150 - Thoi gian: 0.0 phut
Vong lap 23/250 - Repository: 100 - FE luy ke: 1200 - Thoi gian: 0.0 phut
Vong lap 24/250 - Repository: 100 - FE luy ke: 1250 - Thoi gian: 0.0 phut
Vong lap 25/250 - Repository: 100 - FE luy ke: 1300 - Thoi gian: 0.0 phut
Vong lap 26/250 - Repository: 100 - FE luy ke: 1350 - Thoi gian: 0.0 phut
Vong lap 27/250 - Repository: 100 - FE luy ke: 1400 - Thoi gian: 0.0 phut
Vong lap 28/250 - Repository: 100 - FE luy ke: 1450 - Thoi gian: 0.0 phut
Vong lap 29/250 - Repository: 100 - FE luy ke: 1500 - Thoi gian: 0.0 phut
Vong lap 30/250 - Repository: 100 - FE luy ke: 1550 - Thoi gian: 0.0 phut
Vong lap 31/250 - Repository: 100 - FE luy ke: 1600 - Thoi gian: 0.0 phut
Vong lap 32/250 - Repository: 100 - FE luy ke: 1650 - Thoi gian: 0.0 phut
Vong lap 33/250 - Repository: 100 - FE luy ke: 1700 - Thoi gian: 0.0 phut
Vong lap 34/250 - Repository: 100 - FE luy ke: 1750 - Thoi gian: 0.0 phut
Vong lap 35/250 - Repository: 100 - FE luy ke: 1800 - Thoi gian: 0.0 phut
Vong lap 36/250 - Repository: 100 - FE luy ke: 1850 - Thoi gian: 0.0 phut
Vong lap 37/250 - Repository: 100 - FE luy ke: 1900 - Thoi gian: 0.1 phut
Vong lap 38/250 - Repository: 100 - FE luy ke: 1950 - Thoi gian: 0.1 phut
Vong lap 39/250 - Repository: 100 - FE luy ke: 2000 - Thoi gian: 0.1 phut
Vong lap 40/250 - Repository: 100 - FE luy ke: 2050 - Thoi gian: 0.1 phut
Vong lap 41/250 - Repository: 100 - FE luy ke: 2100 - Thoi gian: 0.1 phut
Vong lap 42/250 - Repository: 100 - FE luy ke: 2150 - Thoi gian: 0.1 phut
Vong lap 43/250 - Repository: 100 - FE luy ke: 2200 - Thoi gian: 0.1 phut
Vong lap 44/250 - Repository: 100 - FE luy ke: 2250 - Thoi gian: 0.1 phut
Vong lap 45/250 - Repository: 100 - FE luy ke: 2300 - Thoi gian: 0.1 phut
Vong lap 46/250 - Repository: 100 - FE luy ke: 2350 - Thoi gian: 0.1 phut
Vong lap 47/250 - Repository: 100 - FE luy ke: 2400 - Thoi gian: 0.1 phut
Vong lap 48/250 - Repository: 100 - FE luy ke: 2450 - Thoi gian: 0.1 phut
Vong lap 49/250 - Repository: 100 - FE luy ke: 2500 - Thoi gian: 0.1 phut
Vong lap 50/250 - Repository: 100 - FE luy ke: 2550 - Thoi gian: 0.1 phut
Vong lap 51/250 - Repository: 100 - FE luy ke: 2600 - Thoi gian: 0.1 phut
Vong lap 52/250 - Repository: 100 - FE luy ke: 2650 - Thoi gian: 0.1 phut
Vong lap 53/250 - Repository: 100 - FE luy ke: 2700 - Thoi gian: 0.1 phut
Vong lap 54/250 - Repository: 100 - FE luy ke: 2750 - Thoi gian: 0.1 phut
Vong lap 55/250 - Repository: 100 - FE luy ke: 2800 - Thoi gian: 0.1 phut
Vong lap 56/250 - Repository: 100 - FE luy ke: 2850 - Thoi gian: 0.1 phut
Vong lap 57/250 - Repository: 100 - FE luy ke: 2900 - Thoi gian: 0.1 phut
Vong lap 58/250 - Repository: 100 - FE luy ke: 2950 - Thoi gian: 0.1 phut
Vong lap 59/250 - Repository: 100 - FE luy ke: 3000 - Thoi gian: 0.1 phut
Vong lap 60/250 - Repository: 100 - FE luy ke: 3050 - Thoi gian: 0.1 phut
Vong lap 61/250 - Repository: 100 - FE luy ke: 3100 - Thoi gian: 0.1 phut
Vong lap 62/250 - Repository: 100 - FE luy ke: 3150 - Thoi gian: 0.1 phut
Vong lap 63/250 - Repository: 100 - FE luy ke: 3200 - Thoi gian: 0.1 phut
Vong lap 64/250 - Repository: 100 - FE luy ke: 3250 - Thoi gian: 0.1 phut
Vong lap 65/250 - Repository: 100 - FE luy ke: 3300 - Thoi gian: 0.1 phut
Vong lap 66/250 - Repository: 100 - FE luy ke: 3350 - Thoi gian: 0.1 phut
Vong lap 67/250 - Repository: 100 - FE luy ke: 3400 - Thoi gian: 0.1 phut
Vong lap 68/250 - Repository: 100 - FE luy ke: 3450 - Thoi gian: 0.1 phut
Vong lap 69/250 - Repository: 100 - FE luy ke: 3500 - Thoi gian: 0.1 phut
Vong lap 70/250 - Repository: 100 - FE luy ke: 3550 - Thoi gian: 0.1 phut
Vong lap 71/250 - Repository: 100 - FE luy ke: 3600 - Thoi gian: 0.1 phut
Vong lap 72/250 - Repository: 100 - FE luy ke: 3650 - Thoi gian: 0.1 phut
Vong lap 73/250 - Repository: 100 - FE luy ke: 3700 - Thoi gian: 0.1 phut
Vong lap 74/250 - Repository: 100 - FE luy ke: 3750 - Thoi gian: 0.1 phut
Vong lap 75/250 - Repository: 100 - FE luy ke: 3800 - Thoi gian: 0.1 phut
Vong lap 76/250 - Repository: 100 - FE luy ke: 3850 - Thoi gian: 0.1 phut
Vong lap 77/250 - Repository: 100 - FE luy ke: 3900 - Thoi gian: 0.1 phut
Vong lap 78/250 - Repository: 100 - FE luy ke: 3950 - Thoi gian: 0.1 phut
Vong lap 79/250 - Repository: 100 - FE luy ke: 4000 - Thoi gian: 0.1 phut
Vong lap 80/250 - Repository: 100 - FE luy ke: 4050 - Thoi gian: 0.1 phut
Vong lap 81/250 - Repository: 100 - FE luy ke: 4100 - Thoi gian: 0.1 phut
Vong lap 82/250 - Repository: 100 - FE luy ke: 4150 - Thoi gian: 0.1 phut
Vong lap 83/250 - Repository: 100 - FE luy ke: 4200 - Thoi gian: 0.1 phut
Vong lap 84/250 - Repository: 100 - FE luy ke: 4250 - Thoi gian: 0.1 phut
Vong lap 85/250 - Repository: 100 - FE luy ke: 4300 - Thoi gian: 0.1 phut
Vong lap 86/250 - Repository: 100 - FE luy ke: 4350 - Thoi gian: 0.1 phut
Vong lap 87/250 - Repository: 100 - FE luy ke: 4400 - Thoi gian: 0.1 phut
Vong lap 88/250 - Repository: 100 - FE luy ke: 4450 - Thoi gian: 0.1 phut
Vong lap 89/250 - Repository: 100 - FE luy ke: 4500 - Thoi gian: 0.1 phut
Vong lap 90/250 - Repository: 100 - FE luy ke: 4550 - Thoi gian: 0.1 phut
Vong lap 91/250 - Repository: 100 - FE luy ke: 4600 - Thoi gian: 0.1 phut
Vong lap 92/250 - Repository: 100 - FE luy ke: 4650 - Thoi gian: 0.1 phut
Vong lap 93/250 - Repository: 100 - FE luy ke: 4700 - Thoi gian: 0.1 phut
Vong lap 94/250 - Repository: 100 - FE luy ke: 4750 - Thoi gian: 0.1 phut
Vong lap 95/250 - Repository: 100 - FE luy ke: 4800 - Thoi gian: 0.1 phut
Vong lap 96/250 - Repository: 100 - FE luy ke: 4850 - Thoi gian: 0.1 phut
Vong lap 97/250 - Repository: 100 - FE luy ke: 4900 - Thoi gian: 0.1 phut
Vong lap 98/250 - Repository: 100 - FE luy ke: 4950 - Thoi gian: 0.1 phut
Vong lap 99/250 - Repository: 100 - FE luy ke: 5000 - Thoi gian: 0.1 phut
Vong lap 100/250 - Repository: 100 - FE luy ke: 5050 - Thoi gian: 0.1 phut
Vong lap 101/250 - Repository: 100 - FE luy ke: 5100 - Thoi gian: 0.1 phut
Vong lap 102/250 - Repository: 100 - FE luy ke: 5150 - Thoi gian: 0.1 phut
Vong lap 103/250 - Repository: 100 - FE luy ke: 5200 - Thoi gian: 0.1 phut
Vong lap 104/250 - Repository: 100 - FE luy ke: 5250 - Thoi gian: 0.2 phut
Vong lap 105/250 - Repository: 100 - FE luy ke: 5300 - Thoi gian: 0.2 phut
Vong lap 106/250 - Repository: 100 - FE luy ke: 5350 - Thoi gian: 0.2 phut
Vong lap 107/250 - Repository: 100 - FE luy ke: 5400 - Thoi gian: 0.2 phut
Vong lap 108/250 - Repository: 100 - FE luy ke: 5450 - Thoi gian: 0.2 phut
Vong lap 109/250 - Repository: 100 - FE luy ke: 5500 - Thoi gian: 0.2 phut
Vong lap 110/250 - Repository: 100 - FE luy ke: 5550 - Thoi gian: 0.2 phut
Vong lap 111/250 - Repository: 100 - FE luy ke: 5600 - Thoi gian: 0.2 phut
Vong lap 112/250 - Repository: 100 - FE luy ke: 5650 - Thoi gian: 0.2 phut
Vong lap 113/250 - Repository: 100 - FE luy ke: 5700 - Thoi gian: 0.2 phut
Vong lap 114/250 - Repository: 100 - FE luy ke: 5750 - Thoi gian: 0.2 phut
Vong lap 115/250 - Repository: 100 - FE luy ke: 5800 - Thoi gian: 0.2 phut
Vong lap 116/250 - Repository: 100 - FE luy ke: 5850 - Thoi gian: 0.2 phut
Vong lap 117/250 - Repository: 100 - FE luy ke: 5900 - Thoi gian: 0.2 phut
Vong lap 118/250 - Repository: 100 - FE luy ke: 5950 - Thoi gian: 0.2 phut
Vong lap 119/250 - Repository: 100 - FE luy ke: 6000 - Thoi gian: 0.2 phut
Vong lap 120/250 - Repository: 100 - FE luy ke: 6050 - Thoi gian: 0.2 phut
Vong lap 121/250 - Repository: 100 - FE luy ke: 6100 - Thoi gian: 0.2 phut
Vong lap 122/250 - Repository: 100 - FE luy ke: 6150 - Thoi gian: 0.2 phut
Vong lap 123/250 - Repository: 100 - FE luy ke: 6200 - Thoi gian: 0.2 phut
Vong lap 124/250 - Repository: 100 - FE luy ke: 6250 - Thoi gian: 0.2 phut
Vong lap 125/250 - Repository: 100 - FE luy ke: 6300 - Thoi gian: 0.2 phut
Vong lap 126/250 - Repository: 100 - FE luy ke: 6350 - Thoi gian: 0.2 phut
Vong lap 127/250 - Repository: 100 - FE luy ke: 6400 - Thoi gian: 0.2 phut
Vong lap 128/250 - Repository: 100 - FE luy ke: 6450 - Thoi gian: 0.2 phut
Vong lap 129/250 - Repository: 100 - FE luy ke: 6500 - Thoi gian: 0.2 phut
Vong lap 130/250 - Repository: 100 - FE luy ke: 6550 - Thoi gian: 0.2 phut
Vong lap 131/250 - Repository: 100 - FE luy ke: 6600 - Thoi gian: 0.2 phut
Vong lap 132/250 - Repository: 100 - FE luy ke: 6650 - Thoi gian: 0.2 phut
Vong lap 133/250 - Repository: 100 - FE luy ke: 6700 - Thoi gian: 0.2 phut
Vong lap 134/250 - Repository: 100 - FE luy ke: 6750 - Thoi gian: 0.2 phut
Vong lap 135/250 - Repository: 100 - FE luy ke: 6800 - Thoi gian: 0.2 phut
Vong lap 136/250 - Repository: 100 - FE luy ke: 6850 - Thoi gian: 0.2 phut
Vong lap 137/250 - Repository: 100 - FE luy ke: 6900 - Thoi gian: 0.2 phut
Vong lap 138/250 - Repository: 100 - FE luy ke: 6950 - Thoi gian: 0.2 phut
Vong lap 139/250 - Repository: 100 - FE luy ke: 7000 - Thoi gian: 0.2 phut
Vong lap 140/250 - Repository: 100 - FE luy ke: 7050 - Thoi gian: 0.2 phut
Vong lap 141/250 - Repository: 100 - FE luy ke: 7100 - Thoi gian: 0.2 phut
Vong lap 142/250 - Repository: 100 - FE luy ke: 7150 - Thoi gian: 0.2 phut
Vong lap 143/250 - Repository: 100 - FE luy ke: 7200 - Thoi gian: 0.2 phut
Vong lap 144/250 - Repository: 100 - FE luy ke: 7250 - Thoi gian: 0.2 phut
Vong lap 145/250 - Repository: 100 - FE luy ke: 7300 - Thoi gian: 0.2 phut
Vong lap 146/250 - Repository: 100 - FE luy ke: 7350 - Thoi gian: 0.2 phut
Vong lap 147/250 - Repository: 100 - FE luy ke: 7400 - Thoi gian: 0.2 phut
Vong lap 148/250 - Repository: 100 - FE luy ke: 7450 - Thoi gian: 0.2 phut
Vong lap 149/250 - Repository: 100 - FE luy ke: 7500 - Thoi gian: 0.2 phut
Vong lap 150/250 - Repository: 100 - FE luy ke: 7550 - Thoi gian: 0.2 phut
Vong lap 151/250 - Repository: 100 - FE luy ke: 7600 - Thoi gian: 0.2 phut
Vong lap 152/250 - Repository: 100 - FE luy ke: 7650 - Thoi gian: 0.2 phut
Vong lap 153/250 - Repository: 100 - FE luy ke: 7700 - Thoi gian: 0.2 phut
Vong lap 154/250 - Repository: 100 - FE luy ke: 7750 - Thoi gian: 0.2 phut
Vong lap 155/250 - Repository: 100 - FE luy ke: 7800 - Thoi gian: 0.2 phut
Vong lap 156/250 - Repository: 100 - FE luy ke: 7850 - Thoi gian: 0.2 phut
Vong lap 157/250 - Repository: 100 - FE luy ke: 7900 - Thoi gian: 0.2 phut
Vong lap 158/250 - Repository: 100 - FE luy ke: 7950 - Thoi gian: 0.2 phut
Vong lap 159/250 - Repository: 100 - FE luy ke: 8000 - Thoi gian: 0.2 phut
Vong lap 160/250 - Repository: 100 - FE luy ke: 8050 - Thoi gian: 0.2 phut
Vong lap 161/250 - Repository: 100 - FE luy ke: 8100 - Thoi gian: 0.2 phut
Vong lap 162/250 - Repository: 100 - FE luy ke: 8150 - Thoi gian: 0.2 phut
Vong lap 163/250 - Repository: 100 - FE luy ke: 8200 - Thoi gian: 0.2 phut
Vong lap 164/250 - Repository: 100 - FE luy ke: 8250 - Thoi gian: 0.2 phut
Vong lap 165/250 - Repository: 100 - FE luy ke: 8300 - Thoi gian: 0.2 phut
Vong lap 166/250 - Repository: 100 - FE luy ke: 8350 - Thoi gian: 0.2 phut
Vong lap 167/250 - Repository: 100 - FE luy ke: 8400 - Thoi gian: 0.2 phut
Vong lap 168/250 - Repository: 100 - FE luy ke: 8450 - Thoi gian: 0.3 phut
Vong lap 169/250 - Repository: 100 - FE luy ke: 8500 - Thoi gian: 0.3 phut
Vong lap 170/250 - Repository: 100 - FE luy ke: 8550 - Thoi gian: 0.3 phut
Vong lap 171/250 - Repository: 100 - FE luy ke: 8600 - Thoi gian: 0.3 phut
Vong lap 172/250 - Repository: 100 - FE luy ke: 8650 - Thoi gian: 0.3 phut
Vong lap 173/250 - Repository: 100 - FE luy ke: 8700 - Thoi gian: 0.3 phut
Vong lap 174/250 - Repository: 100 - FE luy ke: 8750 - Thoi gian: 0.3 phut
Vong lap 175/250 - Repository: 100 - FE luy ke: 8800 - Thoi gian: 0.3 phut
Vong lap 176/250 - Repository: 100 - FE luy ke: 8850 - Thoi gian: 0.3 phut
Vong lap 177/250 - Repository: 100 - FE luy ke: 8900 - Thoi gian: 0.3 phut
Vong lap 178/250 - Repository: 100 - FE luy ke: 8950 - Thoi gian: 0.3 phut
Vong lap 179/250 - Repository: 100 - FE luy ke: 9000 - Thoi gian: 0.3 phut
Vong lap 180/250 - Repository: 100 - FE luy ke: 9050 - Thoi gian: 0.3 phut
Vong lap 181/250 - Repository: 100 - FE luy ke: 9100 - Thoi gian: 0.3 phut
Vong lap 182/250 - Repository: 100 - FE luy ke: 9150 - Thoi gian: 0.3 phut
Vong lap 183/250 - Repository: 100 - FE luy ke: 9200 - Thoi gian: 0.3 phut
Vong lap 184/250 - Repository: 100 - FE luy ke: 9250 - Thoi gian: 0.3 phut
Vong lap 185/250 - Repository: 100 - FE luy ke: 9300 - Thoi gian: 0.3 phut
Vong lap 186/250 - Repository: 100 - FE luy ke: 9350 - Thoi gian: 0.3 phut
Vong lap 187/250 - Repository: 100 - FE luy ke: 9400 - Thoi gian: 0.3 phut
Vong lap 188/250 - Repository: 100 - FE luy ke: 9450 - Thoi gian: 0.3 phut
Vong lap 189/250 - Repository: 100 - FE luy ke: 9500 - Thoi gian: 0.3 phut
Vong lap 190/250 - Repository: 100 - FE luy ke: 9550 - Thoi gian: 0.3 phut
Vong lap 191/250 - Repository: 100 - FE luy ke: 9600 - Thoi gian: 0.3 phut
Vong lap 192/250 - Repository: 100 - FE luy ke: 9650 - Thoi gian: 0.3 phut
Vong lap 193/250 - Repository: 100 - FE luy ke: 9700 - Thoi gian: 0.3 phut
Vong lap 194/250 - Repository: 100 - FE luy ke: 9750 - Thoi gian: 0.3 phut
Vong lap 195/250 - Repository: 100 - FE luy ke: 9800 - Thoi gian: 0.3 phut
Vong lap 196/250 - Repository: 100 - FE luy ke: 9850 - Thoi gian: 0.3 phut
Vong lap 197/250 - Repository: 100 - FE luy ke: 9900 - Thoi gian: 0.3 phut
Vong lap 198/250 - Repository: 100 - FE luy ke: 9950 - Thoi gian: 0.3 phut
Vong lap 199/250 - Repository: 100 - FE luy ke: 10000 - Thoi gian: 0.3 phut
Vong lap 200/250 - Repository: 100 - FE luy ke: 10050 - Thoi gian: 0.3 phut
Vong lap 201/250 - Repository: 100 - FE luy ke: 10100 - Thoi gian: 0.3 phut
Vong lap 202/250 - Repository: 100 - FE luy ke: 10150 - Thoi gian: 0.3 phut
Vong lap 203/250 - Repository: 100 - FE luy ke: 10200 - Thoi gian: 0.3 phut
Vong lap 204/250 - Repository: 100 - FE luy ke: 10250 - Thoi gian: 0.3 phut
Vong lap 205/250 - Repository: 100 - FE luy ke: 10300 - Thoi gian: 0.3 phut
Vong lap 206/250 - Repository: 100 - FE luy ke: 10350 - Thoi gian: 0.3 phut
Vong lap 207/250 - Repository: 100 - FE luy ke: 10400 - Thoi gian: 0.3 phut
Vong lap 208/250 - Repository: 100 - FE luy ke: 10450 - Thoi gian: 0.3 phut
Vong lap 209/250 - Repository: 100 - FE luy ke: 10500 - Thoi gian: 0.3 phut
Vong lap 210/250 - Repository: 100 - FE luy ke: 10550 - Thoi gian: 0.3 phut
Vong lap 211/250 - Repository: 100 - FE luy ke: 10600 - Thoi gian: 0.3 phut
Vong lap 212/250 - Repository: 100 - FE luy ke: 10650 - Thoi gian: 0.3 phut
Vong lap 213/250 - Repository: 100 - FE luy ke: 10700 - Thoi gian: 0.3 phut
Vong lap 214/250 - Repository: 100 - FE luy ke: 10750 - Thoi gian: 0.3 phut
Vong lap 215/250 - Repository: 100 - FE luy ke: 10800 - Thoi gian: 0.3 phut
Vong lap 216/250 - Repository: 100 - FE luy ke: 10850 - Thoi gian: 0.3 phut
Vong lap 217/250 - Repository: 100 - FE luy ke: 10900 - Thoi gian: 0.3 phut
Vong lap 218/250 - Repository: 100 - FE luy ke: 10950 - Thoi gian: 0.3 phut
Vong lap 219/250 - Repository: 100 - FE luy ke: 11000 - Thoi gian: 0.3 phut
Vong lap 220/250 - Repository: 100 - FE luy ke: 11050 - Thoi gian: 0.3 phut
Vong lap 221/250 - Repository: 100 - FE luy ke: 11100 - Thoi gian: 0.3 phut
Vong lap 222/250 - Repository: 100 - FE luy ke: 11150 - Thoi gian: 0.3 phut
Vong lap 223/250 - Repository: 100 - FE luy ke: 11200 - Thoi gian: 0.3 phut
Vong lap 224/250 - Repository: 100 - FE luy ke: 11250 - Thoi gian: 0.3 phut
Vong lap 225/250 - Repository: 100 - FE luy ke: 11300 - Thoi gian: 0.3 phut
Vong lap 226/250 - Repository: 100 - FE luy ke: 11350 - Thoi gian: 0.3 phut
Vong lap 227/250 - Repository: 100 - FE luy ke: 11400 - Thoi gian: 0.3 phut
Vong lap 228/250 - Repository: 100 - FE luy ke: 11450 - Thoi gian: 0.3 phut
Vong lap 229/250 - Repository: 100 - FE luy ke: 11500 - Thoi gian: 0.4 phut
Vong lap 230/250 - Repository: 100 - FE luy ke: 11550 - Thoi gian: 0.4 phut
Vong lap 231/250 - Repository: 100 - FE luy ke: 11600 - Thoi gian: 0.4 phut
Vong lap 232/250 - Repository: 100 - FE luy ke: 11650 - Thoi gian: 0.4 phut
Vong lap 233/250 - Repository: 100 - FE luy ke: 11700 - Thoi gian: 0.4 phut
Vong lap 234/250 - Repository: 100 - FE luy ke: 11750 - Thoi gian: 0.4 phut
Vong lap 235/250 - Repository: 100 - FE luy ke: 11800 - Thoi gian: 0.4 phut
Vong lap 236/250 - Repository: 100 - FE luy ke: 11850 - Thoi gian: 0.4 phut
Vong lap 237/250 - Repository: 100 - FE luy ke: 11900 - Thoi gian: 0.4 phut
Vong lap 238/250 - Repository: 100 - FE luy ke: 11950 - Thoi gian: 0.4 phut
Vong lap 239/250 - Repository: 100 - FE luy ke: 12000 - Thoi gian: 0.4 phut
Vong lap 240/250 - Repository: 100 - FE luy ke: 12050 - Thoi gian: 0.4 phut
Vong lap 241/250 - Repository: 100 - FE luy ke: 12100 - Thoi gian: 0.4 phut
Vong lap 242/250 - Repository: 100 - FE luy ke: 12150 - Thoi gian: 0.4 phut
Vong lap 243/250 - Repository: 100 - FE luy ke: 12200 - Thoi gian: 0.4 phut
Vong lap 244/250 - Repository: 100 - FE luy ke: 12250 - Thoi gian: 0.4 phut
Vong lap 245/250 - Repository: 100 - FE luy ke: 12300 - Thoi gian: 0.4 phut
Vong lap 246/250 - Repository: 100 - FE luy ke: 12350 - Thoi gian: 0.4 phut
Vong lap 247/250 - Repository: 100 - FE luy ke: 12400 - Thoi gian: 0.4 phut
Vong lap 248/250 - Repository: 100 - FE luy ke: 12450 - Thoi gian: 0.4 phut
Vong lap 249/250 - Repository: 100 - FE luy ke: 12500 - Thoi gian: 0.4 phut
Vong lap 250/250 - Repository: 100 - FE luy ke: 12550 - Thoi gian: 0.4 phut
HOAN THANH campaign E-MOSFOA. Tong thoi gian: 0.01 gio. So nghiem Pareto: 100
=== E-MOSFOA doc lap lan 10/30 (RunTag=run10) ===
[Wharf100DWT E-MOSFOA - SONG SONG] Np=50 Max_it=250 Nr=100 Num_work=8 (FE uoc tinh=12550)
SUCCESS: The process "SAP2000.exe" with PID 23452 has been terminated. 
SUCCESS: The process "SAP2000.exe" with PID 7380 has been terminated. 
SUCCESS: The process "SAP2000.exe" with PID 4112 has been terminated. 
SUCCESS: The process "SAP2000.exe" with PID 2308 has been terminated. 
SUCCESS: The process "SAP2000.exe" with PID 24236 has been terminated. 
SUCCESS: The process "SAP2000.exe" with PID 25736 has been terminated. 
SUCCESS: The process "SAP2000.exe" with PID 23060 has been terminated. 
SUCCESS: The process "SAP2000.exe" with PID 25724 has been terminated. 
[Warning: Files that have already been attached are being ignored. To see which files are attached see the 'AttachedFiles' property of the parallel pool.] 
Worker 1: 
  wharf100dwt_evaluate: da nap cache tu D:\ResearchLab\02_Projects\02_Projects\MOFDA\Wharf100DWT\results\Wharf100DWT_BRUTEFORCE_FINAL.mat (4080 to hop).
Worker 2: 
  wharf100dwt_evaluate: da nap cache tu D:\ResearchLab\02_Projects\02_Projects\MOFDA\Wharf100DWT\results\Wharf100DWT_BRUTEFORCE_FINAL.mat (4080 to hop).
Worker 3: 
  wharf100dwt_evaluate: da nap cache tu D:\ResearchLab\02_Projects\02_Projects\MOFDA\Wharf100DWT\results\Wharf100DWT_BRUTEFORCE_FINAL.mat (4080 to hop).
Worker 4: 
  wharf100dwt_evaluate: da nap cache tu D:\ResearchLab\02_Projects\02_Projects\MOFDA\Wharf100DWT\results\Wharf100DWT_BRUTEFORCE_FINAL.mat (4080 to hop).
Worker 5: 
  wharf100dwt_evaluate: da nap cache tu D:\ResearchLab\02_Projects\02_Projects\MOFDA\Wharf100DWT\results\Wharf100DWT_BRUTEFORCE_FINAL.mat (4080 to hop).
Worker 6: 
  wharf100dwt_evaluate: da nap cache tu D:\ResearchLab\02_Projects\02_Projects\MOFDA\Wharf100DWT\results\Wharf100DWT_BRUTEFORCE_FINAL.mat (4080 to hop).
Worker 7: 
  wharf100dwt_evaluate: da nap cache tu D:\ResearchLab\02_Projects\02_Projects\MOFDA\Wharf100DWT\results\Wharf100DWT_BRUTEFORCE_FINAL.mat (4080 to hop).
Worker 8: 
  wharf100dwt_evaluate: da nap cache tu D:\ResearchLab\02_Projects\02_Projects\MOFDA\Wharf100DWT\results\Wharf100DWT_BRUTEFORCE_FINAL.mat (4080 to hop).
The he #0 - Kich thuoc Repository: 2
Vong lap 1/250 - Repository: 11 - FE luy ke: 100 - Thoi gian: 0.0 phut
Vong lap 2/250 - Repository: 23 - FE luy ke: 150 - Thoi gian: 0.0 phut
Vong lap 3/250 - Repository: 30 - FE luy ke: 200 - Thoi gian: 0.0 phut
Vong lap 4/250 - Repository: 38 - FE luy ke: 250 - Thoi gian: 0.0 phut
Vong lap 5/250 - Repository: 49 - FE luy ke: 300 - Thoi gian: 0.0 phut
Vong lap 6/250 - Repository: 58 - FE luy ke: 350 - Thoi gian: 0.0 phut
Vong lap 7/250 - Repository: 73 - FE luy ke: 400 - Thoi gian: 0.0 phut
Vong lap 8/250 - Repository: 78 - FE luy ke: 450 - Thoi gian: 0.0 phut
Vong lap 9/250 - Repository: 89 - FE luy ke: 500 - Thoi gian: 0.0 phut
Vong lap 10/250 - Repository: 93 - FE luy ke: 550 - Thoi gian: 0.0 phut
Vong lap 11/250 - Repository: 100 - FE luy ke: 600 - Thoi gian: 0.0 phut
Vong lap 12/250 - Repository: 100 - FE luy ke: 650 - Thoi gian: 0.0 phut
Vong lap 13/250 - Repository: 100 - FE luy ke: 700 - Thoi gian: 0.0 phut
Vong lap 14/250 - Repository: 100 - FE luy ke: 750 - Thoi gian: 0.0 phut
Vong lap 15/250 - Repository: 100 - FE luy ke: 800 - Thoi gian: 0.0 phut
Vong lap 16/250 - Repository: 100 - FE luy ke: 850 - Thoi gian: 0.0 phut
Vong lap 17/250 - Repository: 100 - FE luy ke: 900 - Thoi gian: 0.0 phut
Vong lap 18/250 - Repository: 100 - FE luy ke: 950 - Thoi gian: 0.0 phut
Vong lap 19/250 - Repository: 100 - FE luy ke: 1000 - Thoi gian: 0.0 phut
Vong lap 20/250 - Repository: 100 - FE luy ke: 1050 - Thoi gian: 0.0 phut
Vong lap 21/250 - Repository: 100 - FE luy ke: 1100 - Thoi gian: 0.0 phut
Vong lap 22/250 - Repository: 100 - FE luy ke: 1150 - Thoi gian: 0.0 phut
Vong lap 23/250 - Repository: 100 - FE luy ke: 1200 - Thoi gian: 0.0 phut
Vong lap 24/250 - Repository: 100 - FE luy ke: 1250 - Thoi gian: 0.0 phut
Vong lap 25/250 - Repository: 100 - FE luy ke: 1300 - Thoi gian: 0.0 phut
Vong lap 26/250 - Repository: 100 - FE luy ke: 1350 - Thoi gian: 0.0 phut
Vong lap 27/250 - Repository: 100 - FE luy ke: 1400 - Thoi gian: 0.0 phut
Vong lap 28/250 - Repository: 100 - FE luy ke: 1450 - Thoi gian: 0.0 phut
Vong lap 29/250 - Repository: 100 - FE luy ke: 1500 - Thoi gian: 0.0 phut
Vong lap 30/250 - Repository: 100 - FE luy ke: 1550 - Thoi gian: 0.0 phut
Vong lap 31/250 - Repository: 100 - FE luy ke: 1600 - Thoi gian: 0.0 phut
Vong lap 32/250 - Repository: 100 - FE luy ke: 1650 - Thoi gian: 0.0 phut
Vong lap 33/250 - Repository: 100 - FE luy ke: 1700 - Thoi gian: 0.0 phut
Vong lap 34/250 - Repository: 100 - FE luy ke: 1750 - Thoi gian: 0.0 phut
Vong lap 35/250 - Repository: 100 - FE luy ke: 1800 - Thoi gian: 0.0 phut
Vong lap 36/250 - Repository: 100 - FE luy ke: 1850 - Thoi gian: 0.0 phut
Vong lap 37/250 - Repository: 100 - FE luy ke: 1900 - Thoi gian: 0.1 phut
Vong lap 38/250 - Repository: 100 - FE luy ke: 1950 - Thoi gian: 0.1 phut
Vong lap 39/250 - Repository: 100 - FE luy ke: 2000 - Thoi gian: 0.1 phut
Vong lap 40/250 - Repository: 100 - FE luy ke: 2050 - Thoi gian: 0.1 phut
Vong lap 41/250 - Repository: 100 - FE luy ke: 2100 - Thoi gian: 0.1 phut
Vong lap 42/250 - Repository: 100 - FE luy ke: 2150 - Thoi gian: 0.1 phut
Vong lap 43/250 - Repository: 100 - FE luy ke: 2200 - Thoi gian: 0.1 phut
Vong lap 44/250 - Repository: 100 - FE luy ke: 2250 - Thoi gian: 0.1 phut
Vong lap 45/250 - Repository: 100 - FE luy ke: 2300 - Thoi gian: 0.1 phut
Vong lap 46/250 - Repository: 100 - FE luy ke: 2350 - Thoi gian: 0.1 phut
Vong lap 47/250 - Repository: 100 - FE luy ke: 2400 - Thoi gian: 0.1 phut
Vong lap 48/250 - Repository: 100 - FE luy ke: 2450 - Thoi gian: 0.1 phut
Vong lap 49/250 - Repository: 100 - FE luy ke: 2500 - Thoi gian: 0.1 phut
Vong lap 50/250 - Repository: 100 - FE luy ke: 2550 - Thoi gian: 0.1 phut
Vong lap 51/250 - Repository: 100 - FE luy ke: 2600 - Thoi gian: 0.1 phut
Vong lap 52/250 - Repository: 100 - FE luy ke: 2650 - Thoi gian: 0.1 phut
Vong lap 53/250 - Repository: 100 - FE luy ke: 2700 - Thoi gian: 0.1 phut
Vong lap 54/250 - Repository: 100 - FE luy ke: 2750 - Thoi gian: 0.1 phut
Vong lap 55/250 - Repository: 100 - FE luy ke: 2800 - Thoi gian: 0.1 phut
Vong lap 56/250 - Repository: 100 - FE luy ke: 2850 - Thoi gian: 0.1 phut
Vong lap 57/250 - Repository: 100 - FE luy ke: 2900 - Thoi gian: 0.1 phut
Vong lap 58/250 - Repository: 100 - FE luy ke: 2950 - Thoi gian: 0.1 phut
Vong lap 59/250 - Repository: 100 - FE luy ke: 3000 - Thoi gian: 0.1 phut
Vong lap 60/250 - Repository: 100 - FE luy ke: 3050 - Thoi gian: 0.1 phut
Vong lap 61/250 - Repository: 100 - FE luy ke: 3100 - Thoi gian: 0.1 phut
Vong lap 62/250 - Repository: 100 - FE luy ke: 3150 - Thoi gian: 0.1 phut
Vong lap 63/250 - Repository: 100 - FE luy ke: 3200 - Thoi gian: 0.1 phut
Vong lap 64/250 - Repository: 100 - FE luy ke: 3250 - Thoi gian: 0.1 phut
Vong lap 65/250 - Repository: 100 - FE luy ke: 3300 - Thoi gian: 0.1 phut
Vong lap 66/250 - Repository: 100 - FE luy ke: 3350 - Thoi gian: 0.1 phut
Vong lap 67/250 - Repository: 100 - FE luy ke: 3400 - Thoi gian: 0.1 phut
Vong lap 68/250 - Repository: 100 - FE luy ke: 3450 - Thoi gian: 0.1 phut
Vong lap 69/250 - Repository: 100 - FE luy ke: 3500 - Thoi gian: 0.1 phut
Vong lap 70/250 - Repository: 100 - FE luy ke: 3550 - Thoi gian: 0.1 phut
Vong lap 71/250 - Repository: 100 - FE luy ke: 3600 - Thoi gian: 0.1 phut
Vong lap 72/250 - Repository: 100 - FE luy ke: 3650 - Thoi gian: 0.1 phut
Vong lap 73/250 - Repository: 100 - FE luy ke: 3700 - Thoi gian: 0.1 phut
Vong lap 74/250 - Repository: 100 - FE luy ke: 3750 - Thoi gian: 0.1 phut
Vong lap 75/250 - Repository: 100 - FE luy ke: 3800 - Thoi gian: 0.1 phut
Vong lap 76/250 - Repository: 100 - FE luy ke: 3850 - Thoi gian: 0.1 phut
Vong lap 77/250 - Repository: 100 - FE luy ke: 3900 - Thoi gian: 0.1 phut
Vong lap 78/250 - Repository: 100 - FE luy ke: 3950 - Thoi gian: 0.1 phut
Vong lap 79/250 - Repository: 100 - FE luy ke: 4000 - Thoi gian: 0.1 phut
Vong lap 80/250 - Repository: 100 - FE luy ke: 4050 - Thoi gian: 0.1 phut
Vong lap 81/250 - Repository: 100 - FE luy ke: 4100 - Thoi gian: 0.1 phut
Vong lap 82/250 - Repository: 100 - FE luy ke: 4150 - Thoi gian: 0.1 phut
Vong lap 83/250 - Repository: 100 - FE luy ke: 4200 - Thoi gian: 0.1 phut
Vong lap 84/250 - Repository: 100 - FE luy ke: 4250 - Thoi gian: 0.1 phut
Vong lap 85/250 - Repository: 100 - FE luy ke: 4300 - Thoi gian: 0.1 phut
Vong lap 86/250 - Repository: 100 - FE luy ke: 4350 - Thoi gian: 0.1 phut
Vong lap 87/250 - Repository: 100 - FE luy ke: 4400 - Thoi gian: 0.1 phut
Vong lap 88/250 - Repository: 100 - FE luy ke: 4450 - Thoi gian: 0.1 phut
Vong lap 89/250 - Repository: 100 - FE luy ke: 4500 - Thoi gian: 0.1 phut
Vong lap 90/250 - Repository: 100 - FE luy ke: 4550 - Thoi gian: 0.1 phut
Vong lap 91/250 - Repository: 100 - FE luy ke: 4600 - Thoi gian: 0.1 phut
Vong lap 92/250 - Repository: 100 - FE luy ke: 4650 - Thoi gian: 0.1 phut
Vong lap 93/250 - Repository: 100 - FE luy ke: 4700 - Thoi gian: 0.1 phut
Vong lap 94/250 - Repository: 100 - FE luy ke: 4750 - Thoi gian: 0.1 phut
Vong lap 95/250 - Repository: 100 - FE luy ke: 4800 - Thoi gian: 0.1 phut
Vong lap 96/250 - Repository: 100 - FE luy ke: 4850 - Thoi gian: 0.1 phut
Vong lap 97/250 - Repository: 100 - FE luy ke: 4900 - Thoi gian: 0.1 phut
Vong lap 98/250 - Repository: 100 - FE luy ke: 4950 - Thoi gian: 0.1 phut
Vong lap 99/250 - Repository: 100 - FE luy ke: 5000 - Thoi gian: 0.1 phut
Vong lap 100/250 - Repository: 100 - FE luy ke: 5050 - Thoi gian: 0.1 phut
Vong lap 101/250 - Repository: 100 - FE luy ke: 5100 - Thoi gian: 0.1 phut
Vong lap 102/250 - Repository: 100 - FE luy ke: 5150 - Thoi gian: 0.1 phut
Vong lap 103/250 - Repository: 100 - FE luy ke: 5200 - Thoi gian: 0.1 phut
Vong lap 104/250 - Repository: 100 - FE luy ke: 5250 - Thoi gian: 0.2 phut
Vong lap 105/250 - Repository: 100 - FE luy ke: 5300 - Thoi gian: 0.2 phut
Vong lap 106/250 - Repository: 100 - FE luy ke: 5350 - Thoi gian: 0.2 phut
Vong lap 107/250 - Repository: 100 - FE luy ke: 5400 - Thoi gian: 0.2 phut
Vong lap 108/250 - Repository: 100 - FE luy ke: 5450 - Thoi gian: 0.2 phut
Vong lap 109/250 - Repository: 100 - FE luy ke: 5500 - Thoi gian: 0.2 phut
Vong lap 110/250 - Repository: 100 - FE luy ke: 5550 - Thoi gian: 0.2 phut
Vong lap 111/250 - Repository: 100 - FE luy ke: 5600 - Thoi gian: 0.2 phut
Vong lap 112/250 - Repository: 100 - FE luy ke: 5650 - Thoi gian: 0.2 phut
Vong lap 113/250 - Repository: 100 - FE luy ke: 5700 - Thoi gian: 0.2 phut
Vong lap 114/250 - Repository: 100 - FE luy ke: 5750 - Thoi gian: 0.2 phut
Vong lap 115/250 - Repository: 100 - FE luy ke: 5800 - Thoi gian: 0.2 phut
Vong lap 116/250 - Repository: 100 - FE luy ke: 5850 - Thoi gian: 0.2 phut
Vong lap 117/250 - Repository: 100 - FE luy ke: 5900 - Thoi gian: 0.2 phut
Vong lap 118/250 - Repository: 100 - FE luy ke: 5950 - Thoi gian: 0.2 phut
Vong lap 119/250 - Repository: 100 - FE luy ke: 6000 - Thoi gian: 0.2 phut
Vong lap 120/250 - Repository: 100 - FE luy ke: 6050 - Thoi gian: 0.2 phut
Vong lap 121/250 - Repository: 100 - FE luy ke: 6100 - Thoi gian: 0.2 phut
Vong lap 122/250 - Repository: 100 - FE luy ke: 6150 - Thoi gian: 0.2 phut
Vong lap 123/250 - Repository: 100 - FE luy ke: 6200 - Thoi gian: 0.2 phut
Vong lap 124/250 - Repository: 100 - FE luy ke: 6250 - Thoi gian: 0.2 phut
Vong lap 125/250 - Repository: 100 - FE luy ke: 6300 - Thoi gian: 0.2 phut
Vong lap 126/250 - Repository: 100 - FE luy ke: 6350 - Thoi gian: 0.2 phut
Vong lap 127/250 - Repository: 100 - FE luy ke: 6400 - Thoi gian: 0.2 phut
Vong lap 128/250 - Repository: 100 - FE luy ke: 6450 - Thoi gian: 0.2 phut
Vong lap 129/250 - Repository: 100 - FE luy ke: 6500 - Thoi gian: 0.2 phut
Vong lap 130/250 - Repository: 100 - FE luy ke: 6550 - Thoi gian: 0.2 phut
Vong lap 131/250 - Repository: 100 - FE luy ke: 6600 - Thoi gian: 0.2 phut
Vong lap 132/250 - Repository: 100 - FE luy ke: 6650 - Thoi gian: 0.2 phut
Vong lap 133/250 - Repository: 100 - FE luy ke: 6700 - Thoi gian: 0.2 phut
Vong lap 134/250 - Repository: 100 - FE luy ke: 6750 - Thoi gian: 0.2 phut
Vong lap 135/250 - Repository: 100 - FE luy ke: 6800 - Thoi gian: 0.2 phut
Vong lap 136/250 - Repository: 100 - FE luy ke: 6850 - Thoi gian: 0.2 phut
Vong lap 137/250 - Repository: 100 - FE luy ke: 6900 - Thoi gian: 0.2 phut
Vong lap 138/250 - Repository: 100 - FE luy ke: 6950 - Thoi gian: 0.2 phut
Vong lap 139/250 - Repository: 100 - FE luy ke: 7000 - Thoi gian: 0.2 phut
Vong lap 140/250 - Repository: 100 - FE luy ke: 7050 - Thoi gian: 0.2 phut
Vong lap 141/250 - Repository: 100 - FE luy ke: 7100 - Thoi gian: 0.2 phut
Vong lap 142/250 - Repository: 100 - FE luy ke: 7150 - Thoi gian: 0.2 phut
Vong lap 143/250 - Repository: 100 - FE luy ke: 7200 - Thoi gian: 0.2 phut
Vong lap 144/250 - Repository: 100 - FE luy ke: 7250 - Thoi gian: 0.2 phut
Vong lap 145/250 - Repository: 100 - FE luy ke: 7300 - Thoi gian: 0.2 phut
Vong lap 146/250 - Repository: 100 - FE luy ke: 7350 - Thoi gian: 0.2 phut
Vong lap 147/250 - Repository: 100 - FE luy ke: 7400 - Thoi gian: 0.2 phut
Vong lap 148/250 - Repository: 100 - FE luy ke: 7450 - Thoi gian: 0.2 phut
Vong lap 149/250 - Repository: 100 - FE luy ke: 7500 - Thoi gian: 0.2 phut
Vong lap 150/250 - Repository: 100 - FE luy ke: 7550 - Thoi gian: 0.2 phut
Vong lap 151/250 - Repository: 100 - FE luy ke: 7600 - Thoi gian: 0.2 phut
Vong lap 152/250 - Repository: 100 - FE luy ke: 7650 - Thoi gian: 0.2 phut
Vong lap 153/250 - Repository: 100 - FE luy ke: 7700 - Thoi gian: 0.2 phut
Vong lap 154/250 - Repository: 100 - FE luy ke: 7750 - Thoi gian: 0.2 phut
Vong lap 155/250 - Repository: 100 - FE luy ke: 7800 - Thoi gian: 0.2 phut
Vong lap 156/250 - Repository: 100 - FE luy ke: 7850 - Thoi gian: 0.2 phut
Vong lap 157/250 - Repository: 100 - FE luy ke: 7900 - Thoi gian: 0.2 phut
Vong lap 158/250 - Repository: 100 - FE luy ke: 7950 - Thoi gian: 0.2 phut
Vong lap 159/250 - Repository: 100 - FE luy ke: 8000 - Thoi gian: 0.2 phut
Vong lap 160/250 - Repository: 100 - FE luy ke: 8050 - Thoi gian: 0.2 phut
Vong lap 161/250 - Repository: 100 - FE luy ke: 8100 - Thoi gian: 0.2 phut
Vong lap 162/250 - Repository: 100 - FE luy ke: 8150 - Thoi gian: 0.2 phut
Vong lap 163/250 - Repository: 100 - FE luy ke: 8200 - Thoi gian: 0.2 phut
Vong lap 164/250 - Repository: 100 - FE luy ke: 8250 - Thoi gian: 0.2 phut
Vong lap 165/250 - Repository: 100 - FE luy ke: 8300 - Thoi gian: 0.2 phut
Vong lap 166/250 - Repository: 100 - FE luy ke: 8350 - Thoi gian: 0.2 phut
Vong lap 167/250 - Repository: 100 - FE luy ke: 8400 - Thoi gian: 0.2 phut
Vong lap 168/250 - Repository: 100 - FE luy ke: 8450 - Thoi gian: 0.3 phut
Vong lap 169/250 - Repository: 100 - FE luy ke: 8500 - Thoi gian: 0.3 phut
Vong lap 170/250 - Repository: 100 - FE luy ke: 8550 - Thoi gian: 0.3 phut
Vong lap 171/250 - Repository: 100 - FE luy ke: 8600 - Thoi gian: 0.3 phut
Vong lap 172/250 - Repository: 100 - FE luy ke: 8650 - Thoi gian: 0.3 phut
Vong lap 173/250 - Repository: 100 - FE luy ke: 8700 - Thoi gian: 0.3 phut
Vong lap 174/250 - Repository: 100 - FE luy ke: 8750 - Thoi gian: 0.3 phut
Vong lap 175/250 - Repository: 100 - FE luy ke: 8800 - Thoi gian: 0.3 phut
Vong lap 176/250 - Repository: 100 - FE luy ke: 8850 - Thoi gian: 0.3 phut
Vong lap 177/250 - Repository: 100 - FE luy ke: 8900 - Thoi gian: 0.3 phut
Vong lap 178/250 - Repository: 100 - FE luy ke: 8950 - Thoi gian: 0.3 phut
Vong lap 179/250 - Repository: 100 - FE luy ke: 9000 - Thoi gian: 0.3 phut
Vong lap 180/250 - Repository: 100 - FE luy ke: 9050 - Thoi gian: 0.3 phut
Vong lap 181/250 - Repository: 100 - FE luy ke: 9100 - Thoi gian: 0.3 phut
Vong lap 182/250 - Repository: 100 - FE luy ke: 9150 - Thoi gian: 0.3 phut
Vong lap 183/250 - Repository: 100 - FE luy ke: 9200 - Thoi gian: 0.3 phut
Vong lap 184/250 - Repository: 100 - FE luy ke: 9250 - Thoi gian: 0.3 phut
Vong lap 185/250 - Repository: 100 - FE luy ke: 9300 - Thoi gian: 0.3 phut
Vong lap 186/250 - Repository: 100 - FE luy ke: 9350 - Thoi gian: 0.3 phut
Vong lap 187/250 - Repository: 100 - FE luy ke: 9400 - Thoi gian: 0.3 phut
Vong lap 188/250 - Repository: 100 - FE luy ke: 9450 - Thoi gian: 0.3 phut
Vong lap 189/250 - Repository: 100 - FE luy ke: 9500 - Thoi gian: 0.3 phut
Vong lap 190/250 - Repository: 100 - FE luy ke: 9550 - Thoi gian: 0.3 phut
Vong lap 191/250 - Repository: 100 - FE luy ke: 9600 - Thoi gian: 0.3 phut
Vong lap 192/250 - Repository: 100 - FE luy ke: 9650 - Thoi gian: 0.3 phut
Vong lap 193/250 - Repository: 100 - FE luy ke: 9700 - Thoi gian: 0.3 phut
Vong lap 194/250 - Repository: 100 - FE luy ke: 9750 - Thoi gian: 0.3 phut
Vong lap 195/250 - Repository: 100 - FE luy ke: 9800 - Thoi gian: 0.3 phut
Vong lap 196/250 - Repository: 100 - FE luy ke: 9850 - Thoi gian: 0.3 phut
Vong lap 197/250 - Repository: 100 - FE luy ke: 9900 - Thoi gian: 0.3 phut
Vong lap 198/250 - Repository: 100 - FE luy ke: 9950 - Thoi gian: 0.3 phut
Vong lap 199/250 - Repository: 100 - FE luy ke: 10000 - Thoi gian: 0.3 phut
Vong lap 200/250 - Repository: 100 - FE luy ke: 10050 - Thoi gian: 0.3 phut
Vong lap 201/250 - Repository: 100 - FE luy ke: 10100 - Thoi gian: 0.3 phut
Vong lap 202/250 - Repository: 100 - FE luy ke: 10150 - Thoi gian: 0.3 phut
Vong lap 203/250 - Repository: 100 - FE luy ke: 10200 - Thoi gian: 0.3 phut
Vong lap 204/250 - Repository: 100 - FE luy ke: 10250 - Thoi gian: 0.3 phut
Vong lap 205/250 - Repository: 100 - FE luy ke: 10300 - Thoi gian: 0.3 phut
Vong lap 206/250 - Repository: 100 - FE luy ke: 10350 - Thoi gian: 0.3 phut
Vong lap 207/250 - Repository: 100 - FE luy ke: 10400 - Thoi gian: 0.3 phut
Vong lap 208/250 - Repository: 100 - FE luy ke: 10450 - Thoi gian: 0.3 phut
Vong lap 209/250 - Repository: 100 - FE luy ke: 10500 - Thoi gian: 0.3 phut
Vong lap 210/250 - Repository: 100 - FE luy ke: 10550 - Thoi gian: 0.3 phut
Vong lap 211/250 - Repository: 100 - FE luy ke: 10600 - Thoi gian: 0.3 phut
Vong lap 212/250 - Repository: 100 - FE luy ke: 10650 - Thoi gian: 0.3 phut
Vong lap 213/250 - Repository: 100 - FE luy ke: 10700 - Thoi gian: 0.3 phut
Vong lap 214/250 - Repository: 100 - FE luy ke: 10750 - Thoi gian: 0.3 phut
Vong lap 215/250 - Repository: 100 - FE luy ke: 10800 - Thoi gian: 0.3 phut
Vong lap 216/250 - Repository: 100 - FE luy ke: 10850 - Thoi gian: 0.3 phut
Vong lap 217/250 - Repository: 100 - FE luy ke: 10900 - Thoi gian: 0.3 phut
Vong lap 218/250 - Repository: 100 - FE luy ke: 10950 - Thoi gian: 0.3 phut
Vong lap 219/250 - Repository: 100 - FE luy ke: 11000 - Thoi gian: 0.3 phut
Vong lap 220/250 - Repository: 100 - FE luy ke: 11050 - Thoi gian: 0.3 phut
Vong lap 221/250 - Repository: 100 - FE luy ke: 11100 - Thoi gian: 0.3 phut
Vong lap 222/250 - Repository: 100 - FE luy ke: 11150 - Thoi gian: 0.3 phut
Vong lap 223/250 - Repository: 100 - FE luy ke: 11200 - Thoi gian: 0.3 phut
Vong lap 224/250 - Repository: 100 - FE luy ke: 11250 - Thoi gian: 0.3 phut
Vong lap 225/250 - Repository: 100 - FE luy ke: 11300 - Thoi gian: 0.3 phut
Vong lap 226/250 - Repository: 100 - FE luy ke: 11350 - Thoi gian: 0.3 phut
Vong lap 227/250 - Repository: 100 - FE luy ke: 11400 - Thoi gian: 0.3 phut
Vong lap 228/250 - Repository: 100 - FE luy ke: 11450 - Thoi gian: 0.3 phut
Vong lap 229/250 - Repository: 100 - FE luy ke: 11500 - Thoi gian: 0.4 phut
Vong lap 230/250 - Repository: 100 - FE luy ke: 11550 - Thoi gian: 0.4 phut
Vong lap 231/250 - Repository: 100 - FE luy ke: 11600 - Thoi gian: 0.4 phut
Vong lap 232/250 - Repository: 100 - FE luy ke: 11650 - Thoi gian: 0.4 phut
Vong lap 233/250 - Repository: 100 - FE luy ke: 11700 - Thoi gian: 0.4 phut
Vong lap 234/250 - Repository: 100 - FE luy ke: 11750 - Thoi gian: 0.4 phut
Vong lap 235/250 - Repository: 100 - FE luy ke: 11800 - Thoi gian: 0.4 phut
Vong lap 236/250 - Repository: 100 - FE luy ke: 11850 - Thoi gian: 0.4 phut
Vong lap 237/250 - Repository: 100 - FE luy ke: 11900 - Thoi gian: 0.4 phut
Vong lap 238/250 - Repository: 100 - FE luy ke: 11950 - Thoi gian: 0.4 phut
Vong lap 239/250 - Repository: 100 - FE luy ke: 12000 - Thoi gian: 0.4 phut
Vong lap 240/250 - Repository: 100 - FE luy ke: 12050 - Thoi gian: 0.4 phut
Vong lap 241/250 - Repository: 100 - FE luy ke: 12100 - Thoi gian: 0.4 phut
Vong lap 242/250 - Repository: 100 - FE luy ke: 12150 - Thoi gian: 0.4 phut
Vong lap 243/250 - Repository: 100 - FE luy ke: 12200 - Thoi gian: 0.4 phut
Vong lap 244/250 - Repository: 100 - FE luy ke: 12250 - Thoi gian: 0.4 phut
Vong lap 245/250 - Repository: 100 - FE luy ke: 12300 - Thoi gian: 0.4 phut
Vong lap 246/250 - Repository: 100 - FE luy ke: 12350 - Thoi gian: 0.4 phut
Vong lap 247/250 - Repository: 100 - FE luy ke: 12400 - Thoi gian: 0.4 phut
Vong lap 248/250 - Repository: 100 - FE luy ke: 12450 - Thoi gian: 0.4 phut
Vong lap 249/250 - Repository: 100 - FE luy ke: 12500 - Thoi gian: 0.4 phut
Vong lap 250/250 - Repository: 100 - FE luy ke: 12550 - Thoi gian: 0.4 phut
HOAN THANH campaign E-MOSFOA. Tong thoi gian: 0.01 gio. So nghiem Pareto: 100
=== E-MOSFOA doc lap lan 11/30 (RunTag=run11) ===
[Wharf100DWT E-MOSFOA - SONG SONG] Np=50 Max_it=250 Nr=100 Num_work=8 (FE uoc tinh=12550)
SUCCESS: The process "SAP2000.exe" with PID 20124 has been terminated. 
SUCCESS: The process "SAP2000.exe" with PID 24160 has been terminated. 
SUCCESS: The process "SAP2000.exe" with PID 15116 has been terminated. 
SUCCESS: The process "SAP2000.exe" with PID 23604 has been terminated. 
SUCCESS: The process "SAP2000.exe" with PID 13588 has been terminated. 
SUCCESS: The process "SAP2000.exe" with PID 11180 has been terminated. 
SUCCESS: The process "SAP2000.exe" with PID 20804 has been terminated. 
SUCCESS: The process "SAP2000.exe" with PID 26552 has been terminated. 
[Warning: Files that have already been attached are being ignored. To see which files are attached see the 'AttachedFiles' property of the parallel pool.] 
Worker 1: 
  wharf100dwt_evaluate: da nap cache tu D:\ResearchLab\02_Projects\02_Projects\MOFDA\Wharf100DWT\results\Wharf100DWT_BRUTEFORCE_FINAL.mat (4080 to hop).
Worker 2: 
  wharf100dwt_evaluate: da nap cache tu D:\ResearchLab\02_Projects\02_Projects\MOFDA\Wharf100DWT\results\Wharf100DWT_BRUTEFORCE_FINAL.mat (4080 to hop).
Worker 3: 
  wharf100dwt_evaluate: da nap cache tu D:\ResearchLab\02_Projects\02_Projects\MOFDA\Wharf100DWT\results\Wharf100DWT_BRUTEFORCE_FINAL.mat (4080 to hop).
Worker 4: 
  wharf100dwt_evaluate: da nap cache tu D:\ResearchLab\02_Projects\02_Projects\MOFDA\Wharf100DWT\results\Wharf100DWT_BRUTEFORCE_FINAL.mat (4080 to hop).
Worker 5: 
  wharf100dwt_evaluate: da nap cache tu D:\ResearchLab\02_Projects\02_Projects\MOFDA\Wharf100DWT\results\Wharf100DWT_BRUTEFORCE_FINAL.mat (4080 to hop).
Worker 6: 
  wharf100dwt_evaluate: da nap cache tu D:\ResearchLab\02_Projects\02_Projects\MOFDA\Wharf100DWT\results\Wharf100DWT_BRUTEFORCE_FINAL.mat (4080 to hop).
Worker 7: 
  wharf100dwt_evaluate: da nap cache tu D:\ResearchLab\02_Projects\02_Projects\MOFDA\Wharf100DWT\results\Wharf100DWT_BRUTEFORCE_FINAL.mat (4080 to hop).
Worker 8: 
  wharf100dwt_evaluate: da nap cache tu D:\ResearchLab\02_Projects\02_Projects\MOFDA\Wharf100DWT\results\Wharf100DWT_BRUTEFORCE_FINAL.mat (4080 to hop).
The he #0 - Kich thuoc Repository: 1
Vong lap 1/250 - Repository: 5 - FE luy ke: 100 - Thoi gian: 0.0 phut
Vong lap 2/250 - Repository: 8 - FE luy ke: 150 - Thoi gian: 0.0 phut
Vong lap 3/250 - Repository: 11 - FE luy ke: 200 - Thoi gian: 0.0 phut
Vong lap 4/250 - Repository: 15 - FE luy ke: 250 - Thoi gian: 0.0 phut
Vong lap 5/250 - Repository: 21 - FE luy ke: 300 - Thoi gian: 0.0 phut
Vong lap 6/250 - Repository: 31 - FE luy ke: 350 - Thoi gian: 0.0 phut
Vong lap 7/250 - Repository: 40 - FE luy ke: 400 - Thoi gian: 0.0 phut
Vong lap 8/250 - Repository: 50 - FE luy ke: 450 - Thoi gian: 0.0 phut
Vong lap 9/250 - Repository: 60 - FE luy ke: 500 - Thoi gian: 0.0 phut
Vong lap 10/250 - Repository: 70 - FE luy ke: 550 - Thoi gian: 0.0 phut
Vong lap 11/250 - Repository: 89 - FE luy ke: 600 - Thoi gian: 0.0 phut
Vong lap 12/250 - Repository: 100 - FE luy ke: 650 - Thoi gian: 0.0 phut
Vong lap 13/250 - Repository: 100 - FE luy ke: 700 - Thoi gian: 0.0 phut
Vong lap 14/250 - Repository: 100 - FE luy ke: 750 - Thoi gian: 0.0 phut
Vong lap 15/250 - Repository: 100 - FE luy ke: 800 - Thoi gian: 0.0 phut
Vong lap 16/250 - Repository: 100 - FE luy ke: 850 - Thoi gian: 0.0 phut
Vong lap 17/250 - Repository: 100 - FE luy ke: 900 - Thoi gian: 0.0 phut
Vong lap 18/250 - Repository: 100 - FE luy ke: 950 - Thoi gian: 0.0 phut
Vong lap 19/250 - Repository: 100 - FE luy ke: 1000 - Thoi gian: 0.0 phut
Vong lap 20/250 - Repository: 100 - FE luy ke: 1050 - Thoi gian: 0.0 phut
Vong lap 21/250 - Repository: 100 - FE luy ke: 1100 - Thoi gian: 0.0 phut
Vong lap 22/250 - Repository: 100 - FE luy ke: 1150 - Thoi gian: 0.0 phut
Vong lap 23/250 - Repository: 100 - FE luy ke: 1200 - Thoi gian: 0.0 phut
Vong lap 24/250 - Repository: 100 - FE luy ke: 1250 - Thoi gian: 0.0 phut
Vong lap 25/250 - Repository: 100 - FE luy ke: 1300 - Thoi gian: 0.0 phut
Vong lap 26/250 - Repository: 100 - FE luy ke: 1350 - Thoi gian: 0.0 phut
Vong lap 27/250 - Repository: 100 - FE luy ke: 1400 - Thoi gian: 0.0 phut
Vong lap 28/250 - Repository: 100 - FE luy ke: 1450 - Thoi gian: 0.0 phut
Vong lap 29/250 - Repository: 100 - FE luy ke: 1500 - Thoi gian: 0.0 phut
Vong lap 30/250 - Repository: 100 - FE luy ke: 1550 - Thoi gian: 0.0 phut
Vong lap 31/250 - Repository: 100 - FE luy ke: 1600 - Thoi gian: 0.0 phut
Vong lap 32/250 - Repository: 100 - FE luy ke: 1650 - Thoi gian: 0.0 phut
Vong lap 33/250 - Repository: 100 - FE luy ke: 1700 - Thoi gian: 0.0 phut
Vong lap 34/250 - Repository: 100 - FE luy ke: 1750 - Thoi gian: 0.0 phut
Vong lap 35/250 - Repository: 100 - FE luy ke: 1800 - Thoi gian: 0.0 phut
Vong lap 36/250 - Repository: 100 - FE luy ke: 1850 - Thoi gian: 0.0 phut
Vong lap 37/250 - Repository: 100 - FE luy ke: 1900 - Thoi gian: 0.1 phut
Vong lap 38/250 - Repository: 100 - FE luy ke: 1950 - Thoi gian: 0.1 phut
Vong lap 39/250 - Repository: 100 - FE luy ke: 2000 - Thoi gian: 0.1 phut
Vong lap 40/250 - Repository: 100 - FE luy ke: 2050 - Thoi gian: 0.1 phut
Vong lap 41/250 - Repository: 100 - FE luy ke: 2100 - Thoi gian: 0.1 phut
Vong lap 42/250 - Repository: 100 - FE luy ke: 2150 - Thoi gian: 0.1 phut
Vong lap 43/250 - Repository: 100 - FE luy ke: 2200 - Thoi gian: 0.1 phut
Vong lap 44/250 - Repository: 100 - FE luy ke: 2250 - Thoi gian: 0.1 phut
Vong lap 45/250 - Repository: 100 - FE luy ke: 2300 - Thoi gian: 0.1 phut
Vong lap 46/250 - Repository: 100 - FE luy ke: 2350 - Thoi gian: 0.1 phut
Vong lap 47/250 - Repository: 100 - FE luy ke: 2400 - Thoi gian: 0.1 phut
Vong lap 48/250 - Repository: 100 - FE luy ke: 2450 - Thoi gian: 0.1 phut
Vong lap 49/250 - Repository: 100 - FE luy ke: 2500 - Thoi gian: 0.1 phut
Vong lap 50/250 - Repository: 100 - FE luy ke: 2550 - Thoi gian: 0.1 phut
Vong lap 51/250 - Repository: 100 - FE luy ke: 2600 - Thoi gian: 0.1 phut
Vong lap 52/250 - Repository: 100 - FE luy ke: 2650 - Thoi gian: 0.1 phut
Vong lap 53/250 - Repository: 100 - FE luy ke: 2700 - Thoi gian: 0.1 phut
Vong lap 54/250 - Repository: 100 - FE luy ke: 2750 - Thoi gian: 0.1 phut
Vong lap 55/250 - Repository: 100 - FE luy ke: 2800 - Thoi gian: 0.1 phut
Vong lap 56/250 - Repository: 100 - FE luy ke: 2850 - Thoi gian: 0.1 phut
Vong lap 57/250 - Repository: 100 - FE luy ke: 2900 - Thoi gian: 0.1 phut
Vong lap 58/250 - Repository: 100 - FE luy ke: 2950 - Thoi gian: 0.1 phut
Vong lap 59/250 - Repository: 100 - FE luy ke: 3000 - Thoi gian: 0.1 phut
Vong lap 60/250 - Repository: 100 - FE luy ke: 3050 - Thoi gian: 0.1 phut
Vong lap 61/250 - Repository: 100 - FE luy ke: 3100 - Thoi gian: 0.1 phut
Vong lap 62/250 - Repository: 100 - FE luy ke: 3150 - Thoi gian: 0.1 phut
Vong lap 63/250 - Repository: 100 - FE luy ke: 3200 - Thoi gian: 0.1 phut
Vong lap 64/250 - Repository: 100 - FE luy ke: 3250 - Thoi gian: 0.1 phut
Vong lap 65/250 - Repository: 100 - FE luy ke: 3300 - Thoi gian: 0.1 phut
Vong lap 66/250 - Repository: 100 - FE luy ke: 3350 - Thoi gian: 0.1 phut
Vong lap 67/250 - Repository: 100 - FE luy ke: 3400 - Thoi gian: 0.1 phut
Vong lap 68/250 - Repository: 100 - FE luy ke: 3450 - Thoi gian: 0.1 phut
Vong lap 69/250 - Repository: 100 - FE luy ke: 3500 - Thoi gian: 0.1 phut
Vong lap 70/250 - Repository: 100 - FE luy ke: 3550 - Thoi gian: 0.1 phut
Vong lap 71/250 - Repository: 100 - FE luy ke: 3600 - Thoi gian: 0.1 phut
Vong lap 72/250 - Repository: 100 - FE luy ke: 3650 - Thoi gian: 0.1 phut
Vong lap 73/250 - Repository: 100 - FE luy ke: 3700 - Thoi gian: 0.1 phut
Vong lap 74/250 - Repository: 100 - FE luy ke: 3750 - Thoi gian: 0.1 phut
Vong lap 75/250 - Repository: 100 - FE luy ke: 3800 - Thoi gian: 0.1 phut
Vong lap 76/250 - Repository: 100 - FE luy ke: 3850 - Thoi gian: 0.1 phut
Vong lap 77/250 - Repository: 100 - FE luy ke: 3900 - Thoi gian: 0.1 phut
Vong lap 78/250 - Repository: 100 - FE luy ke: 3950 - Thoi gian: 0.1 phut
Vong lap 79/250 - Repository: 100 - FE luy ke: 4000 - Thoi gian: 0.1 phut
Vong lap 80/250 - Repository: 100 - FE luy ke: 4050 - Thoi gian: 0.1 phut
Vong lap 81/250 - Repository: 100 - FE luy ke: 4100 - Thoi gian: 0.1 phut
Vong lap 82/250 - Repository: 100 - FE luy ke: 4150 - Thoi gian: 0.1 phut
Vong lap 83/250 - Repository: 100 - FE luy ke: 4200 - Thoi gian: 0.1 phut
Vong lap 84/250 - Repository: 100 - FE luy ke: 4250 - Thoi gian: 0.1 phut
Vong lap 85/250 - Repository: 100 - FE luy ke: 4300 - Thoi gian: 0.1 phut
Vong lap 86/250 - Repository: 100 - FE luy ke: 4350 - Thoi gian: 0.1 phut
Vong lap 87/250 - Repository: 100 - FE luy ke: 4400 - Thoi gian: 0.1 phut
Vong lap 88/250 - Repository: 100 - FE luy ke: 4450 - Thoi gian: 0.1 phut
Vong lap 89/250 - Repository: 100 - FE luy ke: 4500 - Thoi gian: 0.1 phut
Vong lap 90/250 - Repository: 100 - FE luy ke: 4550 - Thoi gian: 0.1 phut
Vong lap 91/250 - Repository: 100 - FE luy ke: 4600 - Thoi gian: 0.1 phut
Vong lap 92/250 - Repository: 100 - FE luy ke: 4650 - Thoi gian: 0.1 phut
Vong lap 93/250 - Repository: 100 - FE luy ke: 4700 - Thoi gian: 0.1 phut
Vong lap 94/250 - Repository: 100 - FE luy ke: 4750 - Thoi gian: 0.1 phut
Vong lap 95/250 - Repository: 100 - FE luy ke: 4800 - Thoi gian: 0.1 phut
Vong lap 96/250 - Repository: 100 - FE luy ke: 4850 - Thoi gian: 0.1 phut
Vong lap 97/250 - Repository: 100 - FE luy ke: 4900 - Thoi gian: 0.1 phut
Vong lap 98/250 - Repository: 100 - FE luy ke: 4950 - Thoi gian: 0.1 phut
Vong lap 99/250 - Repository: 100 - FE luy ke: 5000 - Thoi gian: 0.1 phut
Vong lap 100/250 - Repository: 100 - FE luy ke: 5050 - Thoi gian: 0.1 phut
Vong lap 101/250 - Repository: 100 - FE luy ke: 5100 - Thoi gian: 0.1 phut
Vong lap 102/250 - Repository: 100 - FE luy ke: 5150 - Thoi gian: 0.1 phut
Vong lap 103/250 - Repository: 100 - FE luy ke: 5200 - Thoi gian: 0.1 phut
Vong lap 104/250 - Repository: 100 - FE luy ke: 5250 - Thoi gian: 0.2 phut
Vong lap 105/250 - Repository: 100 - FE luy ke: 5300 - Thoi gian: 0.2 phut
Vong lap 106/250 - Repository: 100 - FE luy ke: 5350 - Thoi gian: 0.2 phut
Vong lap 107/250 - Repository: 100 - FE luy ke: 5400 - Thoi gian: 0.2 phut
Vong lap 108/250 - Repository: 100 - FE luy ke: 5450 - Thoi gian: 0.2 phut
Vong lap 109/250 - Repository: 100 - FE luy ke: 5500 - Thoi gian: 0.2 phut
Vong lap 110/250 - Repository: 100 - FE luy ke: 5550 - Thoi gian: 0.2 phut
Vong lap 111/250 - Repository: 100 - FE luy ke: 5600 - Thoi gian: 0.2 phut
Vong lap 112/250 - Repository: 100 - FE luy ke: 5650 - Thoi gian: 0.2 phut
Vong lap 113/250 - Repository: 100 - FE luy ke: 5700 - Thoi gian: 0.2 phut
Vong lap 114/250 - Repository: 100 - FE luy ke: 5750 - Thoi gian: 0.2 phut
Vong lap 115/250 - Repository: 100 - FE luy ke: 5800 - Thoi gian: 0.2 phut
Vong lap 116/250 - Repository: 100 - FE luy ke: 5850 - Thoi gian: 0.2 phut
Vong lap 117/250 - Repository: 100 - FE luy ke: 5900 - Thoi gian: 0.2 phut
Vong lap 118/250 - Repository: 100 - FE luy ke: 5950 - Thoi gian: 0.2 phut
Vong lap 119/250 - Repository: 100 - FE luy ke: 6000 - Thoi gian: 0.2 phut
Vong lap 120/250 - Repository: 100 - FE luy ke: 6050 - Thoi gian: 0.2 phut
Vong lap 121/250 - Repository: 100 - FE luy ke: 6100 - Thoi gian: 0.2 phut
Vong lap 122/250 - Repository: 100 - FE luy ke: 6150 - Thoi gian: 0.2 phut
Vong lap 123/250 - Repository: 100 - FE luy ke: 6200 - Thoi gian: 0.2 phut
Vong lap 124/250 - Repository: 100 - FE luy ke: 6250 - Thoi gian: 0.2 phut
Vong lap 125/250 - Repository: 100 - FE luy ke: 6300 - Thoi gian: 0.2 phut
Vong lap 126/250 - Repository: 100 - FE luy ke: 6350 - Thoi gian: 0.2 phut
Vong lap 127/250 - Repository: 100 - FE luy ke: 6400 - Thoi gian: 0.2 phut
Vong lap 128/250 - Repository: 100 - FE luy ke: 6450 - Thoi gian: 0.2 phut
Vong lap 129/250 - Repository: 100 - FE luy ke: 6500 - Thoi gian: 0.2 phut
Vong lap 130/250 - Repository: 100 - FE luy ke: 6550 - Thoi gian: 0.2 phut
Vong lap 131/250 - Repository: 100 - FE luy ke: 6600 - Thoi gian: 0.2 phut
Vong lap 132/250 - Repository: 100 - FE luy ke: 6650 - Thoi gian: 0.2 phut
Vong lap 133/250 - Repository: 100 - FE luy ke: 6700 - Thoi gian: 0.2 phut
Vong lap 134/250 - Repository: 100 - FE luy ke: 6750 - Thoi gian: 0.2 phut
Vong lap 135/250 - Repository: 100 - FE luy ke: 6800 - Thoi gian: 0.2 phut
Vong lap 136/250 - Repository: 100 - FE luy ke: 6850 - Thoi gian: 0.2 phut
Vong lap 137/250 - Repository: 100 - FE luy ke: 6900 - Thoi gian: 0.2 phut
Vong lap 138/250 - Repository: 100 - FE luy ke: 6950 - Thoi gian: 0.2 phut
Vong lap 139/250 - Repository: 100 - FE luy ke: 7000 - Thoi gian: 0.2 phut
Vong lap 140/250 - Repository: 100 - FE luy ke: 7050 - Thoi gian: 0.2 phut
Vong lap 141/250 - Repository: 100 - FE luy ke: 7100 - Thoi gian: 0.2 phut
Vong lap 142/250 - Repository: 100 - FE luy ke: 7150 - Thoi gian: 0.2 phut
Vong lap 143/250 - Repository: 100 - FE luy ke: 7200 - Thoi gian: 0.2 phut
Vong lap 144/250 - Repository: 100 - FE luy ke: 7250 - Thoi gian: 0.2 phut
Vong lap 145/250 - Repository: 100 - FE luy ke: 7300 - Thoi gian: 0.2 phut
Vong lap 146/250 - Repository: 100 - FE luy ke: 7350 - Thoi gian: 0.2 phut
Vong lap 147/250 - Repository: 100 - FE luy ke: 7400 - Thoi gian: 0.2 phut
Vong lap 148/250 - Repository: 100 - FE luy ke: 7450 - Thoi gian: 0.2 phut
Vong lap 149/250 - Repository: 100 - FE luy ke: 7500 - Thoi gian: 0.2 phut
Vong lap 150/250 - Repository: 100 - FE luy ke: 7550 - Thoi gian: 0.2 phut
Vong lap 151/250 - Repository: 100 - FE luy ke: 7600 - Thoi gian: 0.2 phut
Vong lap 152/250 - Repository: 100 - FE luy ke: 7650 - Thoi gian: 0.2 phut
Vong lap 153/250 - Repository: 100 - FE luy ke: 7700 - Thoi gian: 0.2 phut
Vong lap 154/250 - Repository: 100 - FE luy ke: 7750 - Thoi gian: 0.2 phut
Vong lap 155/250 - Repository: 100 - FE luy ke: 7800 - Thoi gian: 0.2 phut
Vong lap 156/250 - Repository: 100 - FE luy ke: 7850 - Thoi gian: 0.2 phut
Vong lap 157/250 - Repository: 100 - FE luy ke: 7900 - Thoi gian: 0.2 phut
Vong lap 158/250 - Repository: 100 - FE luy ke: 7950 - Thoi gian: 0.2 phut
Vong lap 159/250 - Repository: 100 - FE luy ke: 8000 - Thoi gian: 0.2 phut
Vong lap 160/250 - Repository: 100 - FE luy ke: 8050 - Thoi gian: 0.2 phut
Vong lap 161/250 - Repository: 100 - FE luy ke: 8100 - Thoi gian: 0.2 phut
Vong lap 162/250 - Repository: 100 - FE luy ke: 8150 - Thoi gian: 0.2 phut
Vong lap 163/250 - Repository: 100 - FE luy ke: 8200 - Thoi gian: 0.2 phut
Vong lap 164/250 - Repository: 100 - FE luy ke: 8250 - Thoi gian: 0.2 phut
Vong lap 165/250 - Repository: 100 - FE luy ke: 8300 - Thoi gian: 0.2 phut
Vong lap 166/250 - Repository: 100 - FE luy ke: 8350 - Thoi gian: 0.2 phut
Vong lap 167/250 - Repository: 100 - FE luy ke: 8400 - Thoi gian: 0.2 phut
Vong lap 168/250 - Repository: 100 - FE luy ke: 8450 - Thoi gian: 0.3 phut
Vong lap 169/250 - Repository: 100 - FE luy ke: 8500 - Thoi gian: 0.3 phut
Vong lap 170/250 - Repository: 100 - FE luy ke: 8550 - Thoi gian: 0.3 phut
Vong lap 171/250 - Repository: 100 - FE luy ke: 8600 - Thoi gian: 0.3 phut
Vong lap 172/250 - Repository: 100 - FE luy ke: 8650 - Thoi gian: 0.3 phut
Vong lap 173/250 - Repository: 100 - FE luy ke: 8700 - Thoi gian: 0.3 phut
Vong lap 174/250 - Repository: 100 - FE luy ke: 8750 - Thoi gian: 0.3 phut
Vong lap 175/250 - Repository: 100 - FE luy ke: 8800 - Thoi gian: 0.3 phut
Vong lap 176/250 - Repository: 100 - FE luy ke: 8850 - Thoi gian: 0.3 phut
Vong lap 177/250 - Repository: 100 - FE luy ke: 8900 - Thoi gian: 0.3 phut
Vong lap 178/250 - Repository: 100 - FE luy ke: 8950 - Thoi gian: 0.3 phut
Vong lap 179/250 - Repository: 100 - FE luy ke: 9000 - Thoi gian: 0.3 phut
Vong lap 180/250 - Repository: 100 - FE luy ke: 9050 - Thoi gian: 0.3 phut
Vong lap 181/250 - Repository: 100 - FE luy ke: 9100 - Thoi gian: 0.3 phut
Vong lap 182/250 - Repository: 100 - FE luy ke: 9150 - Thoi gian: 0.3 phut
Vong lap 183/250 - Repository: 100 - FE luy ke: 9200 - Thoi gian: 0.3 phut
Vong lap 184/250 - Repository: 100 - FE luy ke: 9250 - Thoi gian: 0.3 phut
Vong lap 185/250 - Repository: 100 - FE luy ke: 9300 - Thoi gian: 0.3 phut
Vong lap 186/250 - Repository: 100 - FE luy ke: 9350 - Thoi gian: 0.3 phut
Vong lap 187/250 - Repository: 100 - FE luy ke: 9400 - Thoi gian: 0.3 phut
Vong lap 188/250 - Repository: 100 - FE luy ke: 9450 - Thoi gian: 0.3 phut
Vong lap 189/250 - Repository: 100 - FE luy ke: 9500 - Thoi gian: 0.3 phut
Vong lap 190/250 - Repository: 100 - FE luy ke: 9550 - Thoi gian: 0.3 phut
Vong lap 191/250 - Repository: 100 - FE luy ke: 9600 - Thoi gian: 0.3 phut
Vong lap 192/250 - Repository: 100 - FE luy ke: 9650 - Thoi gian: 0.3 phut
Vong lap 193/250 - Repository: 100 - FE luy ke: 9700 - Thoi gian: 0.3 phut
Vong lap 194/250 - Repository: 100 - FE luy ke: 9750 - Thoi gian: 0.3 phut
Vong lap 195/250 - Repository: 100 - FE luy ke: 9800 - Thoi gian: 0.3 phut
Vong lap 196/250 - Repository: 100 - FE luy ke: 9850 - Thoi gian: 0.3 phut
Vong lap 197/250 - Repository: 100 - FE luy ke: 9900 - Thoi gian: 0.3 phut
Vong lap 198/250 - Repository: 100 - FE luy ke: 9950 - Thoi gian: 0.3 phut
Vong lap 199/250 - Repository: 100 - FE luy ke: 10000 - Thoi gian: 0.3 phut
Vong lap 200/250 - Repository: 100 - FE luy ke: 10050 - Thoi gian: 0.3 phut
Vong lap 201/250 - Repository: 100 - FE luy ke: 10100 - Thoi gian: 0.3 phut
Vong lap 202/250 - Repository: 100 - FE luy ke: 10150 - Thoi gian: 0.3 phut
Vong lap 203/250 - Repository: 100 - FE luy ke: 10200 - Thoi gian: 0.3 phut
Vong lap 204/250 - Repository: 100 - FE luy ke: 10250 - Thoi gian: 0.3 phut
Vong lap 205/250 - Repository: 100 - FE luy ke: 10300 - Thoi gian: 0.3 phut
Vong lap 206/250 - Repository: 100 - FE luy ke: 10350 - Thoi gian: 0.3 phut
Vong lap 207/250 - Repository: 100 - FE luy ke: 10400 - Thoi gian: 0.3 phut
Vong lap 208/250 - Repository: 100 - FE luy ke: 10450 - Thoi gian: 0.3 phut
Vong lap 209/250 - Repository: 100 - FE luy ke: 10500 - Thoi gian: 0.3 phut
Vong lap 210/250 - Repository: 100 - FE luy ke: 10550 - Thoi gian: 0.3 phut
Vong lap 211/250 - Repository: 100 - FE luy ke: 10600 - Thoi gian: 0.3 phut
Vong lap 212/250 - Repository: 100 - FE luy ke: 10650 - Thoi gian: 0.3 phut
Vong lap 213/250 - Repository: 100 - FE luy ke: 10700 - Thoi gian: 0.3 phut
Vong lap 214/250 - Repository: 100 - FE luy ke: 10750 - Thoi gian: 0.3 phut
Vong lap 215/250 - Repository: 100 - FE luy ke: 10800 - Thoi gian: 0.3 phut
Vong lap 216/250 - Repository: 100 - FE luy ke: 10850 - Thoi gian: 0.3 phut
Vong lap 217/250 - Repository: 100 - FE luy ke: 10900 - Thoi gian: 0.3 phut
Vong lap 218/250 - Repository: 100 - FE luy ke: 10950 - Thoi gian: 0.3 phut
Vong lap 219/250 - Repository: 100 - FE luy ke: 11000 - Thoi gian: 0.3 phut
Vong lap 220/250 - Repository: 100 - FE luy ke: 11050 - Thoi gian: 0.3 phut
Vong lap 221/250 - Repository: 100 - FE luy ke: 11100 - Thoi gian: 0.3 phut
Vong lap 222/250 - Repository: 100 - FE luy ke: 11150 - Thoi gian: 0.3 phut
Vong lap 223/250 - Repository: 100 - FE luy ke: 11200 - Thoi gian: 0.3 phut
Vong lap 224/250 - Repository: 100 - FE luy ke: 11250 - Thoi gian: 0.3 phut
Vong lap 225/250 - Repository: 100 - FE luy ke: 11300 - Thoi gian: 0.3 phut
Vong lap 226/250 - Repository: 100 - FE luy ke: 11350 - Thoi gian: 0.3 phut
Vong lap 227/250 - Repository: 100 - FE luy ke: 11400 - Thoi gian: 0.3 phut
Vong lap 228/250 - Repository: 100 - FE luy ke: 11450 - Thoi gian: 0.3 phut
Vong lap 229/250 - Repository: 100 - FE luy ke: 11500 - Thoi gian: 0.4 phut
Vong lap 230/250 - Repository: 100 - FE luy ke: 11550 - Thoi gian: 0.4 phut
Vong lap 231/250 - Repository: 100 - FE luy ke: 11600 - Thoi gian: 0.4 phut
Vong lap 232/250 - Repository: 100 - FE luy ke: 11650 - Thoi gian: 0.4 phut
Vong lap 233/250 - Repository: 100 - FE luy ke: 11700 - Thoi gian: 0.4 phut
Vong lap 234/250 - Repository: 100 - FE luy ke: 11750 - Thoi gian: 0.4 phut
Vong lap 235/250 - Repository: 100 - FE luy ke: 11800 - Thoi gian: 0.4 phut
Vong lap 236/250 - Repository: 100 - FE luy ke: 11850 - Thoi gian: 0.4 phut
Vong lap 237/250 - Repository: 100 - FE luy ke: 11900 - Thoi gian: 0.4 phut
Vong lap 238/250 - Repository: 100 - FE luy ke: 11950 - Thoi gian: 0.4 phut
Vong lap 239/250 - Repository: 100 - FE luy ke: 12000 - Thoi gian: 0.4 phut
Vong lap 240/250 - Repository: 100 - FE luy ke: 12050 - Thoi gian: 0.4 phut
Vong lap 241/250 - Repository: 100 - FE luy ke: 12100 - Thoi gian: 0.4 phut
Vong lap 242/250 - Repository: 100 - FE luy ke: 12150 - Thoi gian: 0.4 phut
Vong lap 243/250 - Repository: 100 - FE luy ke: 12200 - Thoi gian: 0.4 phut
Vong lap 244/250 - Repository: 100 - FE luy ke: 12250 - Thoi gian: 0.4 phut
Vong lap 245/250 - Repository: 100 - FE luy ke: 12300 - Thoi gian: 0.4 phut
Vong lap 246/250 - Repository: 100 - FE luy ke: 12350 - Thoi gian: 0.4 phut
Vong lap 247/250 - Repository: 100 - FE luy ke: 12400 - Thoi gian: 0.4 phut
Vong lap 248/250 - Repository: 100 - FE luy ke: 12450 - Thoi gian: 0.4 phut
Vong lap 249/250 - Repository: 100 - FE luy ke: 12500 - Thoi gian: 0.4 phut
Vong lap 250/250 - Repository: 100 - FE luy ke: 12550 - Thoi gian: 0.4 phut
HOAN THANH campaign E-MOSFOA. Tong thoi gian: 0.01 gio. So nghiem Pareto: 100
=== E-MOSFOA doc lap lan 12/30 (RunTag=run12) ===
[Wharf100DWT E-MOSFOA - SONG SONG] Np=50 Max_it=250 Nr=100 Num_work=8 (FE uoc tinh=12550)
SUCCESS: The process "SAP2000.exe" with PID 26348 has been terminated. 
SUCCESS: The process "SAP2000.exe" with PID 11456 has been terminated. 
SUCCESS: The process "SAP2000.exe" with PID 18208 has been terminated. 
SUCCESS: The process "SAP2000.exe" with PID 21712 has been terminated. 
SUCCESS: The process "SAP2000.exe" with PID 10064 has been terminated. 
SUCCESS: The process "SAP2000.exe" with PID 12336 has been terminated. 
SUCCESS: The process "SAP2000.exe" with PID 22632 has been terminated. 
SUCCESS: The process "SAP2000.exe" with PID 14888 has been terminated. 
[Warning: Files that have already been attached are being ignored. To see which files are attached see the 'AttachedFiles' property of the parallel pool.] 
Worker 1: 
  wharf100dwt_evaluate: da nap cache tu D:\ResearchLab\02_Projects\02_Projects\MOFDA\Wharf100DWT\results\Wharf100DWT_BRUTEFORCE_FINAL.mat (4080 to hop).
Worker 2: 
  wharf100dwt_evaluate: da nap cache tu D:\ResearchLab\02_Projects\02_Projects\MOFDA\Wharf100DWT\results\Wharf100DWT_BRUTEFORCE_FINAL.mat (4080 to hop).
Worker 3: 
  wharf100dwt_evaluate: da nap cache tu D:\ResearchLab\02_Projects\02_Projects\MOFDA\Wharf100DWT\results\Wharf100DWT_BRUTEFORCE_FINAL.mat (4080 to hop).
Worker 4: 
  wharf100dwt_evaluate: da nap cache tu D:\ResearchLab\02_Projects\02_Projects\MOFDA\Wharf100DWT\results\Wharf100DWT_BRUTEFORCE_FINAL.mat (4080 to hop).
Worker 5: 
  wharf100dwt_evaluate: da nap cache tu D:\ResearchLab\02_Projects\02_Projects\MOFDA\Wharf100DWT\results\Wharf100DWT_BRUTEFORCE_FINAL.mat (4080 to hop).
Worker 6: 
  wharf100dwt_evaluate: da nap cache tu D:\ResearchLab\02_Projects\02_Projects\MOFDA\Wharf100DWT\results\Wharf100DWT_BRUTEFORCE_FINAL.mat (4080 to hop).
Worker 7: 
  wharf100dwt_evaluate: da nap cache tu D:\ResearchLab\02_Projects\02_Projects\MOFDA\Wharf100DWT\results\Wharf100DWT_BRUTEFORCE_FINAL.mat (4080 to hop).
Worker 8: 
  wharf100dwt_evaluate: da nap cache tu D:\ResearchLab\02_Projects\02_Projects\MOFDA\Wharf100DWT\results\Wharf100DWT_BRUTEFORCE_FINAL.mat (4080 to hop).
The he #0 - Kich thuoc Repository: 1
Vong lap 1/250 - Repository: 7 - FE luy ke: 100 - Thoi gian: 0.0 phut
Vong lap 2/250 - Repository: 19 - FE luy ke: 150 - Thoi gian: 0.0 phut
Vong lap 3/250 - Repository: 30 - FE luy ke: 200 - Thoi gian: 0.0 phut
Vong lap 4/250 - Repository: 35 - FE luy ke: 250 - Thoi gian: 0.0 phut
Vong lap 5/250 - Repository: 38 - FE luy ke: 300 - Thoi gian: 0.0 phut
Vong lap 6/250 - Repository: 54 - FE luy ke: 350 - Thoi gian: 0.0 phut
Vong lap 7/250 - Repository: 66 - FE luy ke: 400 - Thoi gian: 0.0 phut
Vong lap 8/250 - Repository: 75 - FE luy ke: 450 - Thoi gian: 0.0 phut
Vong lap 9/250 - Repository: 94 - FE luy ke: 500 - Thoi gian: 0.0 phut
Vong lap 10/250 - Repository: 100 - FE luy ke: 550 - Thoi gian: 0.0 phut
Vong lap 11/250 - Repository: 100 - FE luy ke: 600 - Thoi gian: 0.0 phut
Vong lap 12/250 - Repository: 100 - FE luy ke: 650 - Thoi gian: 0.0 phut
Vong lap 13/250 - Repository: 100 - FE luy ke: 700 - Thoi gian: 0.0 phut
Vong lap 14/250 - Repository: 100 - FE luy ke: 750 - Thoi gian: 0.0 phut
Vong lap 15/250 - Repository: 100 - FE luy ke: 800 - Thoi gian: 0.0 phut
Vong lap 16/250 - Repository: 100 - FE luy ke: 850 - Thoi gian: 0.0 phut
Vong lap 17/250 - Repository: 100 - FE luy ke: 900 - Thoi gian: 0.0 phut
Vong lap 18/250 - Repository: 100 - FE luy ke: 950 - Thoi gian: 0.0 phut
Vong lap 19/250 - Repository: 100 - FE luy ke: 1000 - Thoi gian: 0.0 phut
Vong lap 20/250 - Repository: 100 - FE luy ke: 1050 - Thoi gian: 0.0 phut
Vong lap 21/250 - Repository: 100 - FE luy ke: 1100 - Thoi gian: 0.0 phut
Vong lap 22/250 - Repository: 100 - FE luy ke: 1150 - Thoi gian: 0.0 phut
Vong lap 23/250 - Repository: 100 - FE luy ke: 1200 - Thoi gian: 0.0 phut
Vong lap 24/250 - Repository: 100 - FE luy ke: 1250 - Thoi gian: 0.0 phut
Vong lap 25/250 - Repository: 100 - FE luy ke: 1300 - Thoi gian: 0.0 phut
Vong lap 26/250 - Repository: 100 - FE luy ke: 1350 - Thoi gian: 0.0 phut
Vong lap 27/250 - Repository: 100 - FE luy ke: 1400 - Thoi gian: 0.0 phut
Vong lap 28/250 - Repository: 100 - FE luy ke: 1450 - Thoi gian: 0.0 phut
Vong lap 29/250 - Repository: 100 - FE luy ke: 1500 - Thoi gian: 0.0 phut
Vong lap 30/250 - Repository: 100 - FE luy ke: 1550 - Thoi gian: 0.0 phut
Vong lap 31/250 - Repository: 100 - FE luy ke: 1600 - Thoi gian: 0.0 phut
Vong lap 32/250 - Repository: 100 - FE luy ke: 1650 - Thoi gian: 0.0 phut
Vong lap 33/250 - Repository: 100 - FE luy ke: 1700 - Thoi gian: 0.0 phut
Vong lap 34/250 - Repository: 100 - FE luy ke: 1750 - Thoi gian: 0.0 phut
Vong lap 35/250 - Repository: 100 - FE luy ke: 1800 - Thoi gian: 0.0 phut
Vong lap 36/250 - Repository: 100 - FE luy ke: 1850 - Thoi gian: 0.0 phut
Vong lap 37/250 - Repository: 100 - FE luy ke: 1900 - Thoi gian: 0.1 phut
Vong lap 38/250 - Repository: 100 - FE luy ke: 1950 - Thoi gian: 0.1 phut
Vong lap 39/250 - Repository: 100 - FE luy ke: 2000 - Thoi gian: 0.1 phut
Vong lap 40/250 - Repository: 100 - FE luy ke: 2050 - Thoi gian: 0.1 phut
Vong lap 41/250 - Repository: 100 - FE luy ke: 2100 - Thoi gian: 0.1 phut
Vong lap 42/250 - Repository: 100 - FE luy ke: 2150 - Thoi gian: 0.1 phut
Vong lap 43/250 - Repository: 100 - FE luy ke: 2200 - Thoi gian: 0.1 phut
Vong lap 44/250 - Repository: 100 - FE luy ke: 2250 - Thoi gian: 0.1 phut
Vong lap 45/250 - Repository: 100 - FE luy ke: 2300 - Thoi gian: 0.1 phut
Vong lap 46/250 - Repository: 100 - FE luy ke: 2350 - Thoi gian: 0.1 phut
Vong lap 47/250 - Repository: 100 - FE luy ke: 2400 - Thoi gian: 0.1 phut
Vong lap 48/250 - Repository: 100 - FE luy ke: 2450 - Thoi gian: 0.1 phut
Vong lap 49/250 - Repository: 100 - FE luy ke: 2500 - Thoi gian: 0.1 phut
Vong lap 50/250 - Repository: 100 - FE luy ke: 2550 - Thoi gian: 0.1 phut
Vong lap 51/250 - Repository: 100 - FE luy ke: 2600 - Thoi gian: 0.1 phut
Vong lap 52/250 - Repository: 100 - FE luy ke: 2650 - Thoi gian: 0.1 phut
Vong lap 53/250 - Repository: 100 - FE luy ke: 2700 - Thoi gian: 0.1 phut
Vong lap 54/250 - Repository: 100 - FE luy ke: 2750 - Thoi gian: 0.1 phut
Vong lap 55/250 - Repository: 100 - FE luy ke: 2800 - Thoi gian: 0.1 phut
Vong lap 56/250 - Repository: 100 - FE luy ke: 2850 - Thoi gian: 0.1 phut
Vong lap 57/250 - Repository: 100 - FE luy ke: 2900 - Thoi gian: 0.1 phut
Vong lap 58/250 - Repository: 100 - FE luy ke: 2950 - Thoi gian: 0.1 phut
Vong lap 59/250 - Repository: 100 - FE luy ke: 3000 - Thoi gian: 0.1 phut
Vong lap 60/250 - Repository: 100 - FE luy ke: 3050 - Thoi gian: 0.1 phut
Vong lap 61/250 - Repository: 100 - FE luy ke: 3100 - Thoi gian: 0.1 phut
Vong lap 62/250 - Repository: 100 - FE luy ke: 3150 - Thoi gian: 0.1 phut
Vong lap 63/250 - Repository: 100 - FE luy ke: 3200 - Thoi gian: 0.1 phut
Vong lap 64/250 - Repository: 100 - FE luy ke: 3250 - Thoi gian: 0.1 phut
Vong lap 65/250 - Repository: 100 - FE luy ke: 3300 - Thoi gian: 0.1 phut
Vong lap 66/250 - Repository: 100 - FE luy ke: 3350 - Thoi gian: 0.1 phut
Vong lap 67/250 - Repository: 100 - FE luy ke: 3400 - Thoi gian: 0.1 phut
Vong lap 68/250 - Repository: 100 - FE luy ke: 3450 - Thoi gian: 0.1 phut
Vong lap 69/250 - Repository: 100 - FE luy ke: 3500 - Thoi gian: 0.1 phut
Vong lap 70/250 - Repository: 100 - FE luy ke: 3550 - Thoi gian: 0.1 phut
Vong lap 71/250 - Repository: 100 - FE luy ke: 3600 - Thoi gian: 0.1 phut
Vong lap 72/250 - Repository: 100 - FE luy ke: 3650 - Thoi gian: 0.1 phut
Vong lap 73/250 - Repository: 100 - FE luy ke: 3700 - Thoi gian: 0.1 phut
Vong lap 74/250 - Repository: 100 - FE luy ke: 3750 - Thoi gian: 0.1 phut
Vong lap 75/250 - Repository: 100 - FE luy ke: 3800 - Thoi gian: 0.1 phut
Vong lap 76/250 - Repository: 100 - FE luy ke: 3850 - Thoi gian: 0.1 phut
Vong lap 77/250 - Repository: 100 - FE luy ke: 3900 - Thoi gian: 0.1 phut
Vong lap 78/250 - Repository: 100 - FE luy ke: 3950 - Thoi gian: 0.1 phut
Vong lap 79/250 - Repository: 100 - FE luy ke: 4000 - Thoi gian: 0.1 phut
Vong lap 80/250 - Repository: 100 - FE luy ke: 4050 - Thoi gian: 0.1 phut
Vong lap 81/250 - Repository: 100 - FE luy ke: 4100 - Thoi gian: 0.1 phut
Vong lap 82/250 - Repository: 100 - FE luy ke: 4150 - Thoi gian: 0.1 phut
Vong lap 83/250 - Repository: 100 - FE luy ke: 4200 - Thoi gian: 0.1 phut
Vong lap 84/250 - Repository: 100 - FE luy ke: 4250 - Thoi gian: 0.1 phut
Vong lap 85/250 - Repository: 100 - FE luy ke: 4300 - Thoi gian: 0.1 phut
Vong lap 86/250 - Repository: 100 - FE luy ke: 4350 - Thoi gian: 0.1 phut
Vong lap 87/250 - Repository: 100 - FE luy ke: 4400 - Thoi gian: 0.1 phut
Vong lap 88/250 - Repository: 100 - FE luy ke: 4450 - Thoi gian: 0.1 phut
Vong lap 89/250 - Repository: 100 - FE luy ke: 4500 - Thoi gian: 0.1 phut
Vong lap 90/250 - Repository: 100 - FE luy ke: 4550 - Thoi gian: 0.1 phut
Vong lap 91/250 - Repository: 100 - FE luy ke: 4600 - Thoi gian: 0.1 phut
Vong lap 92/250 - Repository: 100 - FE luy ke: 4650 - Thoi gian: 0.1 phut
Vong lap 93/250 - Repository: 100 - FE luy ke: 4700 - Thoi gian: 0.1 phut
Vong lap 94/250 - Repository: 100 - FE luy ke: 4750 - Thoi gian: 0.1 phut
Vong lap 95/250 - Repository: 100 - FE luy ke: 4800 - Thoi gian: 0.1 phut
Vong lap 96/250 - Repository: 100 - FE luy ke: 4850 - Thoi gian: 0.1 phut
Vong lap 97/250 - Repository: 100 - FE luy ke: 4900 - Thoi gian: 0.1 phut
Vong lap 98/250 - Repository: 100 - FE luy ke: 4950 - Thoi gian: 0.1 phut
Vong lap 99/250 - Repository: 100 - FE luy ke: 5000 - Thoi gian: 0.1 phut
Vong lap 100/250 - Repository: 100 - FE luy ke: 5050 - Thoi gian: 0.1 phut
Vong lap 101/250 - Repository: 100 - FE luy ke: 5100 - Thoi gian: 0.1 phut
Vong lap 102/250 - Repository: 100 - FE luy ke: 5150 - Thoi gian: 0.1 phut
Vong lap 103/250 - Repository: 100 - FE luy ke: 5200 - Thoi gian: 0.1 phut
Vong lap 104/250 - Repository: 100 - FE luy ke: 5250 - Thoi gian: 0.2 phut
Vong lap 105/250 - Repository: 100 - FE luy ke: 5300 - Thoi gian: 0.2 phut
Vong lap 106/250 - Repository: 100 - FE luy ke: 5350 - Thoi gian: 0.2 phut
Vong lap 107/250 - Repository: 100 - FE luy ke: 5400 - Thoi gian: 0.2 phut
Vong lap 108/250 - Repository: 100 - FE luy ke: 5450 - Thoi gian: 0.2 phut
Vong lap 109/250 - Repository: 100 - FE luy ke: 5500 - Thoi gian: 0.2 phut
Vong lap 110/250 - Repository: 100 - FE luy ke: 5550 - Thoi gian: 0.2 phut
Vong lap 111/250 - Repository: 100 - FE luy ke: 5600 - Thoi gian: 0.2 phut
Vong lap 112/250 - Repository: 100 - FE luy ke: 5650 - Thoi gian: 0.2 phut
Vong lap 113/250 - Repository: 100 - FE luy ke: 5700 - Thoi gian: 0.2 phut
Vong lap 114/250 - Repository: 100 - FE luy ke: 5750 - Thoi gian: 0.2 phut
Vong lap 115/250 - Repository: 100 - FE luy ke: 5800 - Thoi gian: 0.2 phut
Vong lap 116/250 - Repository: 100 - FE luy ke: 5850 - Thoi gian: 0.2 phut
Vong lap 117/250 - Repository: 100 - FE luy ke: 5900 - Thoi gian: 0.2 phut
Vong lap 118/250 - Repository: 100 - FE luy ke: 5950 - Thoi gian: 0.2 phut
Vong lap 119/250 - Repository: 100 - FE luy ke: 6000 - Thoi gian: 0.2 phut
Vong lap 120/250 - Repository: 100 - FE luy ke: 6050 - Thoi gian: 0.2 phut
Vong lap 121/250 - Repository: 100 - FE luy ke: 6100 - Thoi gian: 0.2 phut
Vong lap 122/250 - Repository: 100 - FE luy ke: 6150 - Thoi gian: 0.2 phut
Vong lap 123/250 - Repository: 100 - FE luy ke: 6200 - Thoi gian: 0.2 phut
Vong lap 124/250 - Repository: 100 - FE luy ke: 6250 - Thoi gian: 0.2 phut
Vong lap 125/250 - Repository: 100 - FE luy ke: 6300 - Thoi gian: 0.2 phut
Vong lap 126/250 - Repository: 100 - FE luy ke: 6350 - Thoi gian: 0.2 phut
Vong lap 127/250 - Repository: 100 - FE luy ke: 6400 - Thoi gian: 0.2 phut
Vong lap 128/250 - Repository: 100 - FE luy ke: 6450 - Thoi gian: 0.2 phut
Vong lap 129/250 - Repository: 100 - FE luy ke: 6500 - Thoi gian: 0.2 phut
Vong lap 130/250 - Repository: 100 - FE luy ke: 6550 - Thoi gian: 0.2 phut
Vong lap 131/250 - Repository: 100 - FE luy ke: 6600 - Thoi gian: 0.2 phut
Vong lap 132/250 - Repository: 100 - FE luy ke: 6650 - Thoi gian: 0.2 phut
Vong lap 133/250 - Repository: 100 - FE luy ke: 6700 - Thoi gian: 0.2 phut
Vong lap 134/250 - Repository: 100 - FE luy ke: 6750 - Thoi gian: 0.2 phut
Vong lap 135/250 - Repository: 100 - FE luy ke: 6800 - Thoi gian: 0.2 phut
Vong lap 136/250 - Repository: 100 - FE luy ke: 6850 - Thoi gian: 0.2 phut
Vong lap 137/250 - Repository: 100 - FE luy ke: 6900 - Thoi gian: 0.2 phut
Vong lap 138/250 - Repository: 100 - FE luy ke: 6950 - Thoi gian: 0.2 phut
Vong lap 139/250 - Repository: 100 - FE luy ke: 7000 - Thoi gian: 0.2 phut
Vong lap 140/250 - Repository: 100 - FE luy ke: 7050 - Thoi gian: 0.2 phut
Vong lap 141/250 - Repository: 100 - FE luy ke: 7100 - Thoi gian: 0.2 phut
Vong lap 142/250 - Repository: 100 - FE luy ke: 7150 - Thoi gian: 0.2 phut
Vong lap 143/250 - Repository: 100 - FE luy ke: 7200 - Thoi gian: 0.2 phut
Vong lap 144/250 - Repository: 100 - FE luy ke: 7250 - Thoi gian: 0.2 phut
Vong lap 145/250 - Repository: 100 - FE luy ke: 7300 - Thoi gian: 0.2 phut
Vong lap 146/250 - Repository: 100 - FE luy ke: 7350 - Thoi gian: 0.2 phut
Vong lap 147/250 - Repository: 100 - FE luy ke: 7400 - Thoi gian: 0.2 phut
Vong lap 148/250 - Repository: 100 - FE luy ke: 7450 - Thoi gian: 0.2 phut
Vong lap 149/250 - Repository: 100 - FE luy ke: 7500 - Thoi gian: 0.2 phut
Vong lap 150/250 - Repository: 100 - FE luy ke: 7550 - Thoi gian: 0.2 phut
Vong lap 151/250 - Repository: 100 - FE luy ke: 7600 - Thoi gian: 0.2 phut
Vong lap 152/250 - Repository: 100 - FE luy ke: 7650 - Thoi gian: 0.2 phut
Vong lap 153/250 - Repository: 100 - FE luy ke: 7700 - Thoi gian: 0.2 phut
Vong lap 154/250 - Repository: 100 - FE luy ke: 7750 - Thoi gian: 0.2 phut
Vong lap 155/250 - Repository: 100 - FE luy ke: 7800 - Thoi gian: 0.2 phut
Vong lap 156/250 - Repository: 100 - FE luy ke: 7850 - Thoi gian: 0.2 phut
Vong lap 157/250 - Repository: 100 - FE luy ke: 7900 - Thoi gian: 0.2 phut
Vong lap 158/250 - Repository: 100 - FE luy ke: 7950 - Thoi gian: 0.2 phut
Vong lap 159/250 - Repository: 100 - FE luy ke: 8000 - Thoi gian: 0.2 phut
Vong lap 160/250 - Repository: 100 - FE luy ke: 8050 - Thoi gian: 0.2 phut
Vong lap 161/250 - Repository: 100 - FE luy ke: 8100 - Thoi gian: 0.2 phut
Vong lap 162/250 - Repository: 100 - FE luy ke: 8150 - Thoi gian: 0.2 phut
Vong lap 163/250 - Repository: 100 - FE luy ke: 8200 - Thoi gian: 0.2 phut
Vong lap 164/250 - Repository: 100 - FE luy ke: 8250 - Thoi gian: 0.2 phut
Vong lap 165/250 - Repository: 100 - FE luy ke: 8300 - Thoi gian: 0.2 phut
Vong lap 166/250 - Repository: 100 - FE luy ke: 8350 - Thoi gian: 0.2 phut
Vong lap 167/250 - Repository: 100 - FE luy ke: 8400 - Thoi gian: 0.2 phut
Vong lap 168/250 - Repository: 100 - FE luy ke: 8450 - Thoi gian: 0.3 phut
Vong lap 169/250 - Repository: 100 - FE luy ke: 8500 - Thoi gian: 0.3 phut
Vong lap 170/250 - Repository: 100 - FE luy ke: 8550 - Thoi gian: 0.3 phut
Vong lap 171/250 - Repository: 100 - FE luy ke: 8600 - Thoi gian: 0.3 phut
Vong lap 172/250 - Repository: 100 - FE luy ke: 8650 - Thoi gian: 0.3 phut
Vong lap 173/250 - Repository: 100 - FE luy ke: 8700 - Thoi gian: 0.3 phut
Vong lap 174/250 - Repository: 100 - FE luy ke: 8750 - Thoi gian: 0.3 phut
Vong lap 175/250 - Repository: 100 - FE luy ke: 8800 - Thoi gian: 0.3 phut
Vong lap 176/250 - Repository: 100 - FE luy ke: 8850 - Thoi gian: 0.3 phut
Vong lap 177/250 - Repository: 100 - FE luy ke: 8900 - Thoi gian: 0.3 phut
Vong lap 178/250 - Repository: 100 - FE luy ke: 8950 - Thoi gian: 0.3 phut
Vong lap 179/250 - Repository: 100 - FE luy ke: 9000 - Thoi gian: 0.3 phut
Vong lap 180/250 - Repository: 100 - FE luy ke: 9050 - Thoi gian: 0.3 phut
Vong lap 181/250 - Repository: 100 - FE luy ke: 9100 - Thoi gian: 0.3 phut
Vong lap 182/250 - Repository: 100 - FE luy ke: 9150 - Thoi gian: 0.3 phut
Vong lap 183/250 - Repository: 100 - FE luy ke: 9200 - Thoi gian: 0.3 phut
Vong lap 184/250 - Repository: 100 - FE luy ke: 9250 - Thoi gian: 0.3 phut
Vong lap 185/250 - Repository: 100 - FE luy ke: 9300 - Thoi gian: 0.3 phut
Vong lap 186/250 - Repository: 100 - FE luy ke: 9350 - Thoi gian: 0.3 phut
Vong lap 187/250 - Repository: 100 - FE luy ke: 9400 - Thoi gian: 0.3 phut
Vong lap 188/250 - Repository: 100 - FE luy ke: 9450 - Thoi gian: 0.3 phut
Vong lap 189/250 - Repository: 100 - FE luy ke: 9500 - Thoi gian: 0.3 phut
Vong lap 190/250 - Repository: 100 - FE luy ke: 9550 - Thoi gian: 0.3 phut
Vong lap 191/250 - Repository: 100 - FE luy ke: 9600 - Thoi gian: 0.3 phut
Vong lap 192/250 - Repository: 100 - FE luy ke: 9650 - Thoi gian: 0.3 phut
Vong lap 193/250 - Repository: 100 - FE luy ke: 9700 - Thoi gian: 0.3 phut
Vong lap 194/250 - Repository: 100 - FE luy ke: 9750 - Thoi gian: 0.3 phut
Vong lap 195/250 - Repository: 100 - FE luy ke: 9800 - Thoi gian: 0.3 phut
Vong lap 196/250 - Repository: 100 - FE luy ke: 9850 - Thoi gian: 0.3 phut
Vong lap 197/250 - Repository: 100 - FE luy ke: 9900 - Thoi gian: 0.3 phut
Vong lap 198/250 - Repository: 100 - FE luy ke: 9950 - Thoi gian: 0.3 phut
Vong lap 199/250 - Repository: 100 - FE luy ke: 10000 - Thoi gian: 0.3 phut
Vong lap 200/250 - Repository: 100 - FE luy ke: 10050 - Thoi gian: 0.3 phut
Vong lap 201/250 - Repository: 100 - FE luy ke: 10100 - Thoi gian: 0.3 phut
Vong lap 202/250 - Repository: 100 - FE luy ke: 10150 - Thoi gian: 0.3 phut
Vong lap 203/250 - Repository: 100 - FE luy ke: 10200 - Thoi gian: 0.3 phut
Vong lap 204/250 - Repository: 100 - FE luy ke: 10250 - Thoi gian: 0.3 phut
Vong lap 205/250 - Repository: 100 - FE luy ke: 10300 - Thoi gian: 0.3 phut
Vong lap 206/250 - Repository: 100 - FE luy ke: 10350 - Thoi gian: 0.3 phut
Vong lap 207/250 - Repository: 100 - FE luy ke: 10400 - Thoi gian: 0.3 phut
Vong lap 208/250 - Repository: 100 - FE luy ke: 10450 - Thoi gian: 0.3 phut
Vong lap 209/250 - Repository: 100 - FE luy ke: 10500 - Thoi gian: 0.3 phut
Vong lap 210/250 - Repository: 100 - FE luy ke: 10550 - Thoi gian: 0.3 phut
Vong lap 211/250 - Repository: 100 - FE luy ke: 10600 - Thoi gian: 0.3 phut
Vong lap 212/250 - Repository: 100 - FE luy ke: 10650 - Thoi gian: 0.3 phut
Vong lap 213/250 - Repository: 100 - FE luy ke: 10700 - Thoi gian: 0.3 phut
Vong lap 214/250 - Repository: 100 - FE luy ke: 10750 - Thoi gian: 0.3 phut
Vong lap 215/250 - Repository: 100 - FE luy ke: 10800 - Thoi gian: 0.3 phut
Vong lap 216/250 - Repository: 100 - FE luy ke: 10850 - Thoi gian: 0.3 phut
Vong lap 217/250 - Repository: 100 - FE luy ke: 10900 - Thoi gian: 0.3 phut
Vong lap 218/250 - Repository: 100 - FE luy ke: 10950 - Thoi gian: 0.3 phut
Vong lap 219/250 - Repository: 100 - FE luy ke: 11000 - Thoi gian: 0.3 phut
Vong lap 220/250 - Repository: 100 - FE luy ke: 11050 - Thoi gian: 0.3 phut
Vong lap 221/250 - Repository: 100 - FE luy ke: 11100 - Thoi gian: 0.3 phut
Vong lap 222/250 - Repository: 100 - FE luy ke: 11150 - Thoi gian: 0.3 phut
Vong lap 223/250 - Repository: 100 - FE luy ke: 11200 - Thoi gian: 0.3 phut
Vong lap 224/250 - Repository: 100 - FE luy ke: 11250 - Thoi gian: 0.3 phut
Vong lap 225/250 - Repository: 100 - FE luy ke: 11300 - Thoi gian: 0.3 phut
Vong lap 226/250 - Repository: 100 - FE luy ke: 11350 - Thoi gian: 0.3 phut
Vong lap 227/250 - Repository: 100 - FE luy ke: 11400 - Thoi gian: 0.3 phut
Vong lap 228/250 - Repository: 100 - FE luy ke: 11450 - Thoi gian: 0.3 phut
Vong lap 229/250 - Repository: 100 - FE luy ke: 11500 - Thoi gian: 0.4 phut
Vong lap 230/250 - Repository: 100 - FE luy ke: 11550 - Thoi gian: 0.4 phut
Vong lap 231/250 - Repository: 100 - FE luy ke: 11600 - Thoi gian: 0.4 phut
Vong lap 232/250 - Repository: 100 - FE luy ke: 11650 - Thoi gian: 0.4 phut
Vong lap 233/250 - Repository: 100 - FE luy ke: 11700 - Thoi gian: 0.4 phut
Vong lap 234/250 - Repository: 100 - FE luy ke: 11750 - Thoi gian: 0.4 phut
Vong lap 235/250 - Repository: 100 - FE luy ke: 11800 - Thoi gian: 0.4 phut
Vong lap 236/250 - Repository: 100 - FE luy ke: 11850 - Thoi gian: 0.4 phut
Vong lap 237/250 - Repository: 100 - FE luy ke: 11900 - Thoi gian: 0.4 phut
Vong lap 238/250 - Repository: 100 - FE luy ke: 11950 - Thoi gian: 0.4 phut
Vong lap 239/250 - Repository: 100 - FE luy ke: 12000 - Thoi gian: 0.4 phut
Vong lap 240/250 - Repository: 100 - FE luy ke: 12050 - Thoi gian: 0.4 phut
Vong lap 241/250 - Repository: 100 - FE luy ke: 12100 - Thoi gian: 0.4 phut
Vong lap 242/250 - Repository: 100 - FE luy ke: 12150 - Thoi gian: 0.4 phut
Vong lap 243/250 - Repository: 100 - FE luy ke: 12200 - Thoi gian: 0.4 phut
Vong lap 244/250 - Repository: 100 - FE luy ke: 12250 - Thoi gian: 0.4 phut
Vong lap 245/250 - Repository: 100 - FE luy ke: 12300 - Thoi gian: 0.4 phut
Vong lap 246/250 - Repository: 100 - FE luy ke: 12350 - Thoi gian: 0.4 phut
Vong lap 247/250 - Repository: 100 - FE luy ke: 12400 - Thoi gian: 0.4 phut
Vong lap 248/250 - Repository: 100 - FE luy ke: 12450 - Thoi gian: 0.4 phut
Vong lap 249/250 - Repository: 100 - FE luy ke: 12500 - Thoi gian: 0.4 phut
Vong lap 250/250 - Repository: 100 - FE luy ke: 12550 - Thoi gian: 0.4 phut
HOAN THANH campaign E-MOSFOA. Tong thoi gian: 0.01 gio. So nghiem Pareto: 100
=== E-MOSFOA doc lap lan 13/30 (RunTag=run13) ===
[Wharf100DWT E-MOSFOA - SONG SONG] Np=50 Max_it=250 Nr=100 Num_work=8 (FE uoc tinh=12550)
SUCCESS: The process "SAP2000.exe" with PID 6392 has been terminated. 
SUCCESS: The process "SAP2000.exe" with PID 6872 has been terminated. 
SUCCESS: The process "SAP2000.exe" with PID 23800 has been terminated. 
SUCCESS: The process "SAP2000.exe" with PID 10396 has been terminated. 
SUCCESS: The process "SAP2000.exe" with PID 3088 has been terminated. 
SUCCESS: The process "SAP2000.exe" with PID 7252 has been terminated. 
SUCCESS: The process "SAP2000.exe" with PID 22952 has been terminated. 
SUCCESS: The process "SAP2000.exe" with PID 10828 has been terminated. 
[Warning: Files that have already been attached are being ignored. To see which files are attached see the 'AttachedFiles' property of the parallel pool.] 
Worker 1: 
  wharf100dwt_evaluate: da nap cache tu D:\ResearchLab\02_Projects\02_Projects\MOFDA\Wharf100DWT\results\Wharf100DWT_BRUTEFORCE_FINAL.mat (4080 to hop).
Worker 2: 
  wharf100dwt_evaluate: da nap cache tu D:\ResearchLab\02_Projects\02_Projects\MOFDA\Wharf100DWT\results\Wharf100DWT_BRUTEFORCE_FINAL.mat (4080 to hop).
Worker 3: 
  wharf100dwt_evaluate: da nap cache tu D:\ResearchLab\02_Projects\02_Projects\MOFDA\Wharf100DWT\results\Wharf100DWT_BRUTEFORCE_FINAL.mat (4080 to hop).
Worker 4: 
  wharf100dwt_evaluate: da nap cache tu D:\ResearchLab\02_Projects\02_Projects\MOFDA\Wharf100DWT\results\Wharf100DWT_BRUTEFORCE_FINAL.mat (4080 to hop).
Worker 5: 
  wharf100dwt_evaluate: da nap cache tu D:\ResearchLab\02_Projects\02_Projects\MOFDA\Wharf100DWT\results\Wharf100DWT_BRUTEFORCE_FINAL.mat (4080 to hop).
Worker 6: 
  wharf100dwt_evaluate: da nap cache tu D:\ResearchLab\02_Projects\02_Projects\MOFDA\Wharf100DWT\results\Wharf100DWT_BRUTEFORCE_FINAL.mat (4080 to hop).
Worker 7: 
  wharf100dwt_evaluate: da nap cache tu D:\ResearchLab\02_Projects\02_Projects\MOFDA\Wharf100DWT\results\Wharf100DWT_BRUTEFORCE_FINAL.mat (4080 to hop).
Worker 8: 
  wharf100dwt_evaluate: da nap cache tu D:\ResearchLab\02_Projects\02_Projects\MOFDA\Wharf100DWT\results\Wharf100DWT_BRUTEFORCE_FINAL.mat (4080 to hop).
The he #0 - Kich thuoc Repository: 2
Vong lap 1/250 - Repository: 3 - FE luy ke: 100 - Thoi gian: 0.0 phut
Vong lap 2/250 - Repository: 11 - FE luy ke: 150 - Thoi gian: 0.0 phut
Vong lap 3/250 - Repository: 18 - FE luy ke: 200 - Thoi gian: 0.0 phut
Vong lap 4/250 - Repository: 31 - FE luy ke: 250 - Thoi gian: 0.0 phut
Vong lap 5/250 - Repository: 32 - FE luy ke: 300 - Thoi gian: 0.0 phut
Vong lap 6/250 - Repository: 41 - FE luy ke: 350 - Thoi gian: 0.0 phut
Vong lap 7/250 - Repository: 51 - FE luy ke: 400 - Thoi gian: 0.0 phut
Vong lap 8/250 - Repository: 71 - FE luy ke: 450 - Thoi gian: 0.0 phut
Vong lap 9/250 - Repository: 80 - FE luy ke: 500 - Thoi gian: 0.0 phut
Vong lap 10/250 - Repository: 92 - FE luy ke: 550 - Thoi gian: 0.0 phut
Vong lap 11/250 - Repository: 100 - FE luy ke: 600 - Thoi gian: 0.0 phut
Vong lap 12/250 - Repository: 100 - FE luy ke: 650 - Thoi gian: 0.0 phut
Vong lap 13/250 - Repository: 100 - FE luy ke: 700 - Thoi gian: 0.0 phut
Vong lap 14/250 - Repository: 100 - FE luy ke: 750 - Thoi gian: 0.0 phut
Vong lap 15/250 - Repository: 100 - FE luy ke: 800 - Thoi gian: 0.0 phut
Vong lap 16/250 - Repository: 100 - FE luy ke: 850 - Thoi gian: 0.0 phut
Vong lap 17/250 - Repository: 100 - FE luy ke: 900 - Thoi gian: 0.0 phut
Vong lap 18/250 - Repository: 100 - FE luy ke: 950 - Thoi gian: 0.0 phut
Vong lap 19/250 - Repository: 100 - FE luy ke: 1000 - Thoi gian: 0.0 phut
Vong lap 20/250 - Repository: 100 - FE luy ke: 1050 - Thoi gian: 0.0 phut
Vong lap 21/250 - Repository: 100 - FE luy ke: 1100 - Thoi gian: 0.0 phut
Vong lap 22/250 - Repository: 100 - FE luy ke: 1150 - Thoi gian: 0.0 phut
Vong lap 23/250 - Repository: 100 - FE luy ke: 1200 - Thoi gian: 0.0 phut
Vong lap 24/250 - Repository: 100 - FE luy ke: 1250 - Thoi gian: 0.0 phut
Vong lap 25/250 - Repository: 100 - FE luy ke: 1300 - Thoi gian: 0.0 phut
Vong lap 26/250 - Repository: 100 - FE luy ke: 1350 - Thoi gian: 0.0 phut
Vong lap 27/250 - Repository: 100 - FE luy ke: 1400 - Thoi gian: 0.0 phut
Vong lap 28/250 - Repository: 100 - FE luy ke: 1450 - Thoi gian: 0.0 phut
Vong lap 29/250 - Repository: 100 - FE luy ke: 1500 - Thoi gian: 0.0 phut
Vong lap 30/250 - Repository: 100 - FE luy ke: 1550 - Thoi gian: 0.0 phut
Vong lap 31/250 - Repository: 100 - FE luy ke: 1600 - Thoi gian: 0.0 phut
Vong lap 32/250 - Repository: 100 - FE luy ke: 1650 - Thoi gian: 0.0 phut
Vong lap 33/250 - Repository: 100 - FE luy ke: 1700 - Thoi gian: 0.0 phut
Vong lap 34/250 - Repository: 100 - FE luy ke: 1750 - Thoi gian: 0.0 phut
Vong lap 35/250 - Repository: 100 - FE luy ke: 1800 - Thoi gian: 0.0 phut
Vong lap 36/250 - Repository: 100 - FE luy ke: 1850 - Thoi gian: 0.0 phut
Vong lap 37/250 - Repository: 100 - FE luy ke: 1900 - Thoi gian: 0.1 phut
Vong lap 38/250 - Repository: 100 - FE luy ke: 1950 - Thoi gian: 0.1 phut
Vong lap 39/250 - Repository: 100 - FE luy ke: 2000 - Thoi gian: 0.1 phut
Vong lap 40/250 - Repository: 100 - FE luy ke: 2050 - Thoi gian: 0.1 phut
Vong lap 41/250 - Repository: 100 - FE luy ke: 2100 - Thoi gian: 0.1 phut
Vong lap 42/250 - Repository: 100 - FE luy ke: 2150 - Thoi gian: 0.1 phut
Vong lap 43/250 - Repository: 100 - FE luy ke: 2200 - Thoi gian: 0.1 phut
Vong lap 44/250 - Repository: 100 - FE luy ke: 2250 - Thoi gian: 0.1 phut
Vong lap 45/250 - Repository: 100 - FE luy ke: 2300 - Thoi gian: 0.1 phut
Vong lap 46/250 - Repository: 100 - FE luy ke: 2350 - Thoi gian: 0.1 phut
Vong lap 47/250 - Repository: 100 - FE luy ke: 2400 - Thoi gian: 0.1 phut
Vong lap 48/250 - Repository: 100 - FE luy ke: 2450 - Thoi gian: 0.1 phut
Vong lap 49/250 - Repository: 100 - FE luy ke: 2500 - Thoi gian: 0.1 phut
Vong lap 50/250 - Repository: 100 - FE luy ke: 2550 - Thoi gian: 0.1 phut
Vong lap 51/250 - Repository: 100 - FE luy ke: 2600 - Thoi gian: 0.1 phut
Vong lap 52/250 - Repository: 100 - FE luy ke: 2650 - Thoi gian: 0.1 phut
Vong lap 53/250 - Repository: 100 - FE luy ke: 2700 - Thoi gian: 0.1 phut
Vong lap 54/250 - Repository: 100 - FE luy ke: 2750 - Thoi gian: 0.1 phut
Vong lap 55/250 - Repository: 100 - FE luy ke: 2800 - Thoi gian: 0.1 phut
Vong lap 56/250 - Repository: 100 - FE luy ke: 2850 - Thoi gian: 0.1 phut
Vong lap 57/250 - Repository: 100 - FE luy ke: 2900 - Thoi gian: 0.1 phut
Vong lap 58/250 - Repository: 100 - FE luy ke: 2950 - Thoi gian: 0.1 phut
Vong lap 59/250 - Repository: 100 - FE luy ke: 3000 - Thoi gian: 0.1 phut
Vong lap 60/250 - Repository: 100 - FE luy ke: 3050 - Thoi gian: 0.1 phut
Vong lap 61/250 - Repository: 100 - FE luy ke: 3100 - Thoi gian: 0.1 phut
Vong lap 62/250 - Repository: 100 - FE luy ke: 3150 - Thoi gian: 0.1 phut
Vong lap 63/250 - Repository: 100 - FE luy ke: 3200 - Thoi gian: 0.1 phut
Vong lap 64/250 - Repository: 100 - FE luy ke: 3250 - Thoi gian: 0.1 phut
Vong lap 65/250 - Repository: 100 - FE luy ke: 3300 - Thoi gian: 0.1 phut
Vong lap 66/250 - Repository: 100 - FE luy ke: 3350 - Thoi gian: 0.1 phut
Vong lap 67/250 - Repository: 100 - FE luy ke: 3400 - Thoi gian: 0.1 phut
Vong lap 68/250 - Repository: 100 - FE luy ke: 3450 - Thoi gian: 0.1 phut
Vong lap 69/250 - Repository: 100 - FE luy ke: 3500 - Thoi gian: 0.1 phut
Vong lap 70/250 - Repository: 100 - FE luy ke: 3550 - Thoi gian: 0.1 phut
Vong lap 71/250 - Repository: 100 - FE luy ke: 3600 - Thoi gian: 0.1 phut
Vong lap 72/250 - Repository: 100 - FE luy ke: 3650 - Thoi gian: 0.1 phut
Vong lap 73/250 - Repository: 100 - FE luy ke: 3700 - Thoi gian: 0.1 phut
Vong lap 74/250 - Repository: 100 - FE luy ke: 3750 - Thoi gian: 0.1 phut
Vong lap 75/250 - Repository: 100 - FE luy ke: 3800 - Thoi gian: 0.1 phut
Vong lap 76/250 - Repository: 100 - FE luy ke: 3850 - Thoi gian: 0.1 phut
Vong lap 77/250 - Repository: 100 - FE luy ke: 3900 - Thoi gian: 0.1 phut
Vong lap 78/250 - Repository: 100 - FE luy ke: 3950 - Thoi gian: 0.1 phut
Vong lap 79/250 - Repository: 100 - FE luy ke: 4000 - Thoi gian: 0.1 phut
Vong lap 80/250 - Repository: 100 - FE luy ke: 4050 - Thoi gian: 0.1 phut
Vong lap 81/250 - Repository: 100 - FE luy ke: 4100 - Thoi gian: 0.1 phut
Vong lap 82/250 - Repository: 100 - FE luy ke: 4150 - Thoi gian: 0.1 phut
Vong lap 83/250 - Repository: 100 - FE luy ke: 4200 - Thoi gian: 0.1 phut
Vong lap 84/250 - Repository: 100 - FE luy ke: 4250 - Thoi gian: 0.1 phut
Vong lap 85/250 - Repository: 100 - FE luy ke: 4300 - Thoi gian: 0.1 phut
Vong lap 86/250 - Repository: 100 - FE luy ke: 4350 - Thoi gian: 0.1 phut
Vong lap 87/250 - Repository: 100 - FE luy ke: 4400 - Thoi gian: 0.1 phut
Vong lap 88/250 - Repository: 100 - FE luy ke: 4450 - Thoi gian: 0.1 phut
Vong lap 89/250 - Repository: 100 - FE luy ke: 4500 - Thoi gian: 0.1 phut
Vong lap 90/250 - Repository: 100 - FE luy ke: 4550 - Thoi gian: 0.1 phut
Vong lap 91/250 - Repository: 100 - FE luy ke: 4600 - Thoi gian: 0.1 phut
Vong lap 92/250 - Repository: 100 - FE luy ke: 4650 - Thoi gian: 0.1 phut
Vong lap 93/250 - Repository: 100 - FE luy ke: 4700 - Thoi gian: 0.1 phut
Vong lap 94/250 - Repository: 100 - FE luy ke: 4750 - Thoi gian: 0.1 phut
Vong lap 95/250 - Repository: 100 - FE luy ke: 4800 - Thoi gian: 0.1 phut
Vong lap 96/250 - Repository: 100 - FE luy ke: 4850 - Thoi gian: 0.1 phut
Vong lap 97/250 - Repository: 100 - FE luy ke: 4900 - Thoi gian: 0.1 phut
Vong lap 98/250 - Repository: 100 - FE luy ke: 4950 - Thoi gian: 0.1 phut
Vong lap 99/250 - Repository: 100 - FE luy ke: 5000 - Thoi gian: 0.1 phut
Vong lap 100/250 - Repository: 100 - FE luy ke: 5050 - Thoi gian: 0.1 phut
Vong lap 101/250 - Repository: 100 - FE luy ke: 5100 - Thoi gian: 0.1 phut
Vong lap 102/250 - Repository: 100 - FE luy ke: 5150 - Thoi gian: 0.1 phut
Vong lap 103/250 - Repository: 100 - FE luy ke: 5200 - Thoi gian: 0.1 phut
Vong lap 104/250 - Repository: 100 - FE luy ke: 5250 - Thoi gian: 0.2 phut
Vong lap 105/250 - Repository: 100 - FE luy ke: 5300 - Thoi gian: 0.2 phut
Vong lap 106/250 - Repository: 100 - FE luy ke: 5350 - Thoi gian: 0.2 phut
Vong lap 107/250 - Repository: 100 - FE luy ke: 5400 - Thoi gian: 0.2 phut
Vong lap 108/250 - Repository: 100 - FE luy ke: 5450 - Thoi gian: 0.2 phut
Vong lap 109/250 - Repository: 100 - FE luy ke: 5500 - Thoi gian: 0.2 phut
Vong lap 110/250 - Repository: 100 - FE luy ke: 5550 - Thoi gian: 0.2 phut
Vong lap 111/250 - Repository: 100 - FE luy ke: 5600 - Thoi gian: 0.2 phut
Vong lap 112/250 - Repository: 100 - FE luy ke: 5650 - Thoi gian: 0.2 phut
Vong lap 113/250 - Repository: 100 - FE luy ke: 5700 - Thoi gian: 0.2 phut
Vong lap 114/250 - Repository: 100 - FE luy ke: 5750 - Thoi gian: 0.2 phut
Vong lap 115/250 - Repository: 100 - FE luy ke: 5800 - Thoi gian: 0.2 phut
Vong lap 116/250 - Repository: 100 - FE luy ke: 5850 - Thoi gian: 0.2 phut
Vong lap 117/250 - Repository: 100 - FE luy ke: 5900 - Thoi gian: 0.2 phut
Vong lap 118/250 - Repository: 100 - FE luy ke: 5950 - Thoi gian: 0.2 phut
Vong lap 119/250 - Repository: 100 - FE luy ke: 6000 - Thoi gian: 0.2 phut
Vong lap 120/250 - Repository: 100 - FE luy ke: 6050 - Thoi gian: 0.2 phut
Vong lap 121/250 - Repository: 100 - FE luy ke: 6100 - Thoi gian: 0.2 phut
Vong lap 122/250 - Repository: 100 - FE luy ke: 6150 - Thoi gian: 0.2 phut
Vong lap 123/250 - Repository: 100 - FE luy ke: 6200 - Thoi gian: 0.2 phut
Vong lap 124/250 - Repository: 100 - FE luy ke: 6250 - Thoi gian: 0.2 phut
Vong lap 125/250 - Repository: 100 - FE luy ke: 6300 - Thoi gian: 0.2 phut
Vong lap 126/250 - Repository: 100 - FE luy ke: 6350 - Thoi gian: 0.2 phut
Vong lap 127/250 - Repository: 100 - FE luy ke: 6400 - Thoi gian: 0.2 phut
Vong lap 128/250 - Repository: 100 - FE luy ke: 6450 - Thoi gian: 0.2 phut
Vong lap 129/250 - Repository: 100 - FE luy ke: 6500 - Thoi gian: 0.2 phut
Vong lap 130/250 - Repository: 100 - FE luy ke: 6550 - Thoi gian: 0.2 phut
Vong lap 131/250 - Repository: 100 - FE luy ke: 6600 - Thoi gian: 0.2 phut
Vong lap 132/250 - Repository: 100 - FE luy ke: 6650 - Thoi gian: 0.2 phut
Vong lap 133/250 - Repository: 100 - FE luy ke: 6700 - Thoi gian: 0.2 phut
Vong lap 134/250 - Repository: 100 - FE luy ke: 6750 - Thoi gian: 0.2 phut
Vong lap 135/250 - Repository: 100 - FE luy ke: 6800 - Thoi gian: 0.2 phut
Vong lap 136/250 - Repository: 100 - FE luy ke: 6850 - Thoi gian: 0.2 phut
Vong lap 137/250 - Repository: 100 - FE luy ke: 6900 - Thoi gian: 0.2 phut
Vong lap 138/250 - Repository: 100 - FE luy ke: 6950 - Thoi gian: 0.2 phut
Vong lap 139/250 - Repository: 100 - FE luy ke: 7000 - Thoi gian: 0.2 phut
Vong lap 140/250 - Repository: 100 - FE luy ke: 7050 - Thoi gian: 0.2 phut
Vong lap 141/250 - Repository: 100 - FE luy ke: 7100 - Thoi gian: 0.2 phut
Vong lap 142/250 - Repository: 100 - FE luy ke: 7150 - Thoi gian: 0.2 phut
Vong lap 143/250 - Repository: 100 - FE luy ke: 7200 - Thoi gian: 0.2 phut
Vong lap 144/250 - Repository: 100 - FE luy ke: 7250 - Thoi gian: 0.2 phut
Vong lap 145/250 - Repository: 100 - FE luy ke: 7300 - Thoi gian: 0.2 phut
Vong lap 146/250 - Repository: 100 - FE luy ke: 7350 - Thoi gian: 0.2 phut
Vong lap 147/250 - Repository: 100 - FE luy ke: 7400 - Thoi gian: 0.2 phut
Vong lap 148/250 - Repository: 100 - FE luy ke: 7450 - Thoi gian: 0.2 phut
Vong lap 149/250 - Repository: 100 - FE luy ke: 7500 - Thoi gian: 0.2 phut
Vong lap 150/250 - Repository: 100 - FE luy ke: 7550 - Thoi gian: 0.2 phut
Vong lap 151/250 - Repository: 100 - FE luy ke: 7600 - Thoi gian: 0.2 phut
Vong lap 152/250 - Repository: 100 - FE luy ke: 7650 - Thoi gian: 0.2 phut
Vong lap 153/250 - Repository: 100 - FE luy ke: 7700 - Thoi gian: 0.2 phut
Vong lap 154/250 - Repository: 100 - FE luy ke: 7750 - Thoi gian: 0.2 phut
Vong lap 155/250 - Repository: 100 - FE luy ke: 7800 - Thoi gian: 0.2 phut
Vong lap 156/250 - Repository: 100 - FE luy ke: 7850 - Thoi gian: 0.2 phut
Vong lap 157/250 - Repository: 100 - FE luy ke: 7900 - Thoi gian: 0.2 phut
Vong lap 158/250 - Repository: 100 - FE luy ke: 7950 - Thoi gian: 0.2 phut
Vong lap 159/250 - Repository: 100 - FE luy ke: 8000 - Thoi gian: 0.2 phut
Vong lap 160/250 - Repository: 100 - FE luy ke: 8050 - Thoi gian: 0.2 phut
Vong lap 161/250 - Repository: 100 - FE luy ke: 8100 - Thoi gian: 0.2 phut
Vong lap 162/250 - Repository: 100 - FE luy ke: 8150 - Thoi gian: 0.2 phut
Vong lap 163/250 - Repository: 100 - FE luy ke: 8200 - Thoi gian: 0.2 phut
Vong lap 164/250 - Repository: 100 - FE luy ke: 8250 - Thoi gian: 0.2 phut
Vong lap 165/250 - Repository: 100 - FE luy ke: 8300 - Thoi gian: 0.2 phut
Vong lap 166/250 - Repository: 100 - FE luy ke: 8350 - Thoi gian: 0.2 phut
Vong lap 167/250 - Repository: 100 - FE luy ke: 8400 - Thoi gian: 0.2 phut
Vong lap 168/250 - Repository: 100 - FE luy ke: 8450 - Thoi gian: 0.3 phut
Vong lap 169/250 - Repository: 100 - FE luy ke: 8500 - Thoi gian: 0.3 phut
Vong lap 170/250 - Repository: 100 - FE luy ke: 8550 - Thoi gian: 0.3 phut
Vong lap 171/250 - Repository: 100 - FE luy ke: 8600 - Thoi gian: 0.3 phut
Vong lap 172/250 - Repository: 100 - FE luy ke: 8650 - Thoi gian: 0.3 phut
Vong lap 173/250 - Repository: 100 - FE luy ke: 8700 - Thoi gian: 0.3 phut
Vong lap 174/250 - Repository: 100 - FE luy ke: 8750 - Thoi gian: 0.3 phut
Vong lap 175/250 - Repository: 100 - FE luy ke: 8800 - Thoi gian: 0.3 phut
Vong lap 176/250 - Repository: 100 - FE luy ke: 8850 - Thoi gian: 0.3 phut
Vong lap 177/250 - Repository: 100 - FE luy ke: 8900 - Thoi gian: 0.3 phut
Vong lap 178/250 - Repository: 100 - FE luy ke: 8950 - Thoi gian: 0.3 phut
Vong lap 179/250 - Repository: 100 - FE luy ke: 9000 - Thoi gian: 0.3 phut
Vong lap 180/250 - Repository: 100 - FE luy ke: 9050 - Thoi gian: 0.3 phut
Vong lap 181/250 - Repository: 100 - FE luy ke: 9100 - Thoi gian: 0.3 phut
Vong lap 182/250 - Repository: 100 - FE luy ke: 9150 - Thoi gian: 0.3 phut
Vong lap 183/250 - Repository: 100 - FE luy ke: 9200 - Thoi gian: 0.3 phut
Vong lap 184/250 - Repository: 100 - FE luy ke: 9250 - Thoi gian: 0.3 phut
Vong lap 185/250 - Repository: 100 - FE luy ke: 9300 - Thoi gian: 0.3 phut
Vong lap 186/250 - Repository: 100 - FE luy ke: 9350 - Thoi gian: 0.3 phut
Vong lap 187/250 - Repository: 100 - FE luy ke: 9400 - Thoi gian: 0.3 phut
Vong lap 188/250 - Repository: 100 - FE luy ke: 9450 - Thoi gian: 0.3 phut
Vong lap 189/250 - Repository: 100 - FE luy ke: 9500 - Thoi gian: 0.3 phut
Vong lap 190/250 - Repository: 100 - FE luy ke: 9550 - Thoi gian: 0.3 phut
Vong lap 191/250 - Repository: 100 - FE luy ke: 9600 - Thoi gian: 0.3 phut
Vong lap 192/250 - Repository: 100 - FE luy ke: 9650 - Thoi gian: 0.3 phut
Vong lap 193/250 - Repository: 100 - FE luy ke: 9700 - Thoi gian: 0.3 phut
Vong lap 194/250 - Repository: 100 - FE luy ke: 9750 - Thoi gian: 0.3 phut
Vong lap 195/250 - Repository: 100 - FE luy ke: 9800 - Thoi gian: 0.3 phut
Vong lap 196/250 - Repository: 100 - FE luy ke: 9850 - Thoi gian: 0.3 phut
Vong lap 197/250 - Repository: 100 - FE luy ke: 9900 - Thoi gian: 0.3 phut
Vong lap 198/250 - Repository: 100 - FE luy ke: 9950 - Thoi gian: 0.3 phut
Vong lap 199/250 - Repository: 100 - FE luy ke: 10000 - Thoi gian: 0.3 phut
Vong lap 200/250 - Repository: 100 - FE luy ke: 10050 - Thoi gian: 0.3 phut
Vong lap 201/250 - Repository: 100 - FE luy ke: 10100 - Thoi gian: 0.3 phut
Vong lap 202/250 - Repository: 100 - FE luy ke: 10150 - Thoi gian: 0.3 phut
Vong lap 203/250 - Repository: 100 - FE luy ke: 10200 - Thoi gian: 0.3 phut
Vong lap 204/250 - Repository: 100 - FE luy ke: 10250 - Thoi gian: 0.3 phut
Vong lap 205/250 - Repository: 100 - FE luy ke: 10300 - Thoi gian: 0.3 phut
Vong lap 206/250 - Repository: 100 - FE luy ke: 10350 - Thoi gian: 0.3 phut
Vong lap 207/250 - Repository: 100 - FE luy ke: 10400 - Thoi gian: 0.3 phut
Vong lap 208/250 - Repository: 100 - FE luy ke: 10450 - Thoi gian: 0.3 phut
Vong lap 209/250 - Repository: 100 - FE luy ke: 10500 - Thoi gian: 0.3 phut
Vong lap 210/250 - Repository: 100 - FE luy ke: 10550 - Thoi gian: 0.3 phut
Vong lap 211/250 - Repository: 100 - FE luy ke: 10600 - Thoi gian: 0.3 phut
Vong lap 212/250 - Repository: 100 - FE luy ke: 10650 - Thoi gian: 0.3 phut
Vong lap 213/250 - Repository: 100 - FE luy ke: 10700 - Thoi gian: 0.3 phut
Vong lap 214/250 - Repository: 100 - FE luy ke: 10750 - Thoi gian: 0.3 phut
Vong lap 215/250 - Repository: 100 - FE luy ke: 10800 - Thoi gian: 0.3 phut
Vong lap 216/250 - Repository: 100 - FE luy ke: 10850 - Thoi gian: 0.3 phut
Vong lap 217/250 - Repository: 100 - FE luy ke: 10900 - Thoi gian: 0.3 phut
Vong lap 218/250 - Repository: 100 - FE luy ke: 10950 - Thoi gian: 0.3 phut
Vong lap 219/250 - Repository: 100 - FE luy ke: 11000 - Thoi gian: 0.3 phut
Vong lap 220/250 - Repository: 100 - FE luy ke: 11050 - Thoi gian: 0.3 phut
Vong lap 221/250 - Repository: 100 - FE luy ke: 11100 - Thoi gian: 0.3 phut
Vong lap 222/250 - Repository: 100 - FE luy ke: 11150 - Thoi gian: 0.3 phut
Vong lap 223/250 - Repository: 100 - FE luy ke: 11200 - Thoi gian: 0.3 phut
Vong lap 224/250 - Repository: 100 - FE luy ke: 11250 - Thoi gian: 0.3 phut
Vong lap 225/250 - Repository: 100 - FE luy ke: 11300 - Thoi gian: 0.3 phut
Vong lap 226/250 - Repository: 100 - FE luy ke: 11350 - Thoi gian: 0.3 phut
Vong lap 227/250 - Repository: 100 - FE luy ke: 11400 - Thoi gian: 0.3 phut
Vong lap 228/250 - Repository: 100 - FE luy ke: 11450 - Thoi gian: 0.4 phut
Vong lap 229/250 - Repository: 100 - FE luy ke: 11500 - Thoi gian: 0.4 phut
Vong lap 230/250 - Repository: 100 - FE luy ke: 11550 - Thoi gian: 0.4 phut
Vong lap 231/250 - Repository: 100 - FE luy ke: 11600 - Thoi gian: 0.4 phut
Vong lap 232/250 - Repository: 100 - FE luy ke: 11650 - Thoi gian: 0.4 phut
Vong lap 233/250 - Repository: 100 - FE luy ke: 11700 - Thoi gian: 0.4 phut
Vong lap 234/250 - Repository: 100 - FE luy ke: 11750 - Thoi gian: 0.4 phut
Vong lap 235/250 - Repository: 100 - FE luy ke: 11800 - Thoi gian: 0.4 phut
Vong lap 236/250 - Repository: 100 - FE luy ke: 11850 - Thoi gian: 0.4 phut
Vong lap 237/250 - Repository: 100 - FE luy ke: 11900 - Thoi gian: 0.4 phut
Vong lap 238/250 - Repository: 100 - FE luy ke: 11950 - Thoi gian: 0.4 phut
Vong lap 239/250 - Repository: 100 - FE luy ke: 12000 - Thoi gian: 0.4 phut
Vong lap 240/250 - Repository: 100 - FE luy ke: 12050 - Thoi gian: 0.4 phut
Vong lap 241/250 - Repository: 100 - FE luy ke: 12100 - Thoi gian: 0.4 phut
Vong lap 242/250 - Repository: 100 - FE luy ke: 12150 - Thoi gian: 0.4 phut
Vong lap 243/250 - Repository: 100 - FE luy ke: 12200 - Thoi gian: 0.4 phut
Vong lap 244/250 - Repository: 100 - FE luy ke: 12250 - Thoi gian: 0.4 phut
Vong lap 245/250 - Repository: 100 - FE luy ke: 12300 - Thoi gian: 0.4 phut
Vong lap 246/250 - Repository: 100 - FE luy ke: 12350 - Thoi gian: 0.4 phut
Vong lap 247/250 - Repository: 100 - FE luy ke: 12400 - Thoi gian: 0.4 phut
Vong lap 248/250 - Repository: 100 - FE luy ke: 12450 - Thoi gian: 0.4 phut
Vong lap 249/250 - Repository: 100 - FE luy ke: 12500 - Thoi gian: 0.4 phut
Vong lap 250/250 - Repository: 100 - FE luy ke: 12550 - Thoi gian: 0.4 phut
HOAN THANH campaign E-MOSFOA. Tong thoi gian: 0.01 gio. So nghiem Pareto: 100
=== E-MOSFOA doc lap lan 14/30 (RunTag=run14) ===
[Wharf100DWT E-MOSFOA - SONG SONG] Np=50 Max_it=250 Nr=100 Num_work=8 (FE uoc tinh=12550)
SUCCESS: The process "SAP2000.exe" with PID 3512 has been terminated. 
SUCCESS: The process "SAP2000.exe" with PID 23124 has been terminated. 
SUCCESS: The process "SAP2000.exe" with PID 9704 has been terminated. 
SUCCESS: The process "SAP2000.exe" with PID 25964 has been terminated. 
SUCCESS: The process "SAP2000.exe" with PID 14232 has been terminated. 
SUCCESS: The process "SAP2000.exe" with PID 24112 has been terminated. 
SUCCESS: The process "SAP2000.exe" with PID 18532 has been terminated. 
SUCCESS: The process "SAP2000.exe" with PID 4108 has been terminated. 
[Warning: Files that have already been attached are being ignored. To see which files are attached see the 'AttachedFiles' property of the parallel pool.] 
Worker 1: 
  wharf100dwt_evaluate: da nap cache tu D:\ResearchLab\02_Projects\02_Projects\MOFDA\Wharf100DWT\results\Wharf100DWT_BRUTEFORCE_FINAL.mat (4080 to hop).
Worker 2: 
  wharf100dwt_evaluate: da nap cache tu D:\ResearchLab\02_Projects\02_Projects\MOFDA\Wharf100DWT\results\Wharf100DWT_BRUTEFORCE_FINAL.mat (4080 to hop).
Worker 3: 
  wharf100dwt_evaluate: da nap cache tu D:\ResearchLab\02_Projects\02_Projects\MOFDA\Wharf100DWT\results\Wharf100DWT_BRUTEFORCE_FINAL.mat (4080 to hop).
Worker 4: 
  wharf100dwt_evaluate: da nap cache tu D:\ResearchLab\02_Projects\02_Projects\MOFDA\Wharf100DWT\results\Wharf100DWT_BRUTEFORCE_FINAL.mat (4080 to hop).
Worker 5: 
  wharf100dwt_evaluate: da nap cache tu D:\ResearchLab\02_Projects\02_Projects\MOFDA\Wharf100DWT\results\Wharf100DWT_BRUTEFORCE_FINAL.mat (4080 to hop).
Worker 6: 
  wharf100dwt_evaluate: da nap cache tu D:\ResearchLab\02_Projects\02_Projects\MOFDA\Wharf100DWT\results\Wharf100DWT_BRUTEFORCE_FINAL.mat (4080 to hop).
Worker 7: 
  wharf100dwt_evaluate: da nap cache tu D:\ResearchLab\02_Projects\02_Projects\MOFDA\Wharf100DWT\results\Wharf100DWT_BRUTEFORCE_FINAL.mat (4080 to hop).
Worker 8: 
  wharf100dwt_evaluate: da nap cache tu D:\ResearchLab\02_Projects\02_Projects\MOFDA\Wharf100DWT\results\Wharf100DWT_BRUTEFORCE_FINAL.mat (4080 to hop).
The he #0 - Kich thuoc Repository: 3
Vong lap 1/250 - Repository: 11 - FE luy ke: 100 - Thoi gian: 0.0 phut
Vong lap 2/250 - Repository: 21 - FE luy ke: 150 - Thoi gian: 0.0 phut
Vong lap 3/250 - Repository: 31 - FE luy ke: 200 - Thoi gian: 0.0 phut
Vong lap 4/250 - Repository: 47 - FE luy ke: 250 - Thoi gian: 0.0 phut
Vong lap 5/250 - Repository: 65 - FE luy ke: 300 - Thoi gian: 0.0 phut
Vong lap 6/250 - Repository: 65 - FE luy ke: 350 - Thoi gian: 0.0 phut
Vong lap 7/250 - Repository: 82 - FE luy ke: 400 - Thoi gian: 0.0 phut
Vong lap 8/250 - Repository: 100 - FE luy ke: 450 - Thoi gian: 0.0 phut
Vong lap 9/250 - Repository: 100 - FE luy ke: 500 - Thoi gian: 0.0 phut
Vong lap 10/250 - Repository: 100 - FE luy ke: 550 - Thoi gian: 0.0 phut
Vong lap 11/250 - Repository: 100 - FE luy ke: 600 - Thoi gian: 0.0 phut
Vong lap 12/250 - Repository: 100 - FE luy ke: 650 - Thoi gian: 0.0 phut
Vong lap 13/250 - Repository: 100 - FE luy ke: 700 - Thoi gian: 0.0 phut
Vong lap 14/250 - Repository: 100 - FE luy ke: 750 - Thoi gian: 0.0 phut
Vong lap 15/250 - Repository: 100 - FE luy ke: 800 - Thoi gian: 0.0 phut
Vong lap 16/250 - Repository: 100 - FE luy ke: 850 - Thoi gian: 0.0 phut
Vong lap 17/250 - Repository: 100 - FE luy ke: 900 - Thoi gian: 0.0 phut
Vong lap 18/250 - Repository: 100 - FE luy ke: 950 - Thoi gian: 0.0 phut
Vong lap 19/250 - Repository: 100 - FE luy ke: 1000 - Thoi gian: 0.0 phut
Vong lap 20/250 - Repository: 100 - FE luy ke: 1050 - Thoi gian: 0.0 phut
Vong lap 21/250 - Repository: 100 - FE luy ke: 1100 - Thoi gian: 0.0 phut
Vong lap 22/250 - Repository: 100 - FE luy ke: 1150 - Thoi gian: 0.0 phut
Vong lap 23/250 - Repository: 100 - FE luy ke: 1200 - Thoi gian: 0.0 phut
Vong lap 24/250 - Repository: 100 - FE luy ke: 1250 - Thoi gian: 0.0 phut
Vong lap 25/250 - Repository: 100 - FE luy ke: 1300 - Thoi gian: 0.0 phut
Vong lap 26/250 - Repository: 100 - FE luy ke: 1350 - Thoi gian: 0.0 phut
Vong lap 27/250 - Repository: 100 - FE luy ke: 1400 - Thoi gian: 0.0 phut
Vong lap 28/250 - Repository: 100 - FE luy ke: 1450 - Thoi gian: 0.0 phut
Vong lap 29/250 - Repository: 100 - FE luy ke: 1500 - Thoi gian: 0.0 phut
Vong lap 30/250 - Repository: 100 - FE luy ke: 1550 - Thoi gian: 0.0 phut
Vong lap 31/250 - Repository: 100 - FE luy ke: 1600 - Thoi gian: 0.0 phut
Vong lap 32/250 - Repository: 100 - FE luy ke: 1650 - Thoi gian: 0.0 phut
Vong lap 33/250 - Repository: 100 - FE luy ke: 1700 - Thoi gian: 0.0 phut
Vong lap 34/250 - Repository: 100 - FE luy ke: 1750 - Thoi gian: 0.0 phut
Vong lap 35/250 - Repository: 100 - FE luy ke: 1800 - Thoi gian: 0.0 phut
Vong lap 36/250 - Repository: 100 - FE luy ke: 1850 - Thoi gian: 0.1 phut
Vong lap 37/250 - Repository: 100 - FE luy ke: 1900 - Thoi gian: 0.1 phut
Vong lap 38/250 - Repository: 100 - FE luy ke: 1950 - Thoi gian: 0.1 phut
Vong lap 39/250 - Repository: 100 - FE luy ke: 2000 - Thoi gian: 0.1 phut
Vong lap 40/250 - Repository: 100 - FE luy ke: 2050 - Thoi gian: 0.1 phut
Vong lap 41/250 - Repository: 100 - FE luy ke: 2100 - Thoi gian: 0.1 phut
Vong lap 42/250 - Repository: 100 - FE luy ke: 2150 - Thoi gian: 0.1 phut
Vong lap 43/250 - Repository: 100 - FE luy ke: 2200 - Thoi gian: 0.1 phut
Vong lap 44/250 - Repository: 100 - FE luy ke: 2250 - Thoi gian: 0.1 phut
Vong lap 45/250 - Repository: 100 - FE luy ke: 2300 - Thoi gian: 0.1 phut
Vong lap 46/250 - Repository: 100 - FE luy ke: 2350 - Thoi gian: 0.1 phut
Vong lap 47/250 - Repository: 100 - FE luy ke: 2400 - Thoi gian: 0.1 phut
Vong lap 48/250 - Repository: 100 - FE luy ke: 2450 - Thoi gian: 0.1 phut
Vong lap 49/250 - Repository: 100 - FE luy ke: 2500 - Thoi gian: 0.1 phut
Vong lap 50/250 - Repository: 100 - FE luy ke: 2550 - Thoi gian: 0.1 phut
Vong lap 51/250 - Repository: 100 - FE luy ke: 2600 - Thoi gian: 0.1 phut
Vong lap 52/250 - Repository: 100 - FE luy ke: 2650 - Thoi gian: 0.1 phut
Vong lap 53/250 - Repository: 100 - FE luy ke: 2700 - Thoi gian: 0.1 phut
Vong lap 54/250 - Repository: 100 - FE luy ke: 2750 - Thoi gian: 0.1 phut
Vong lap 55/250 - Repository: 100 - FE luy ke: 2800 - Thoi gian: 0.1 phut
Vong lap 56/250 - Repository: 100 - FE luy ke: 2850 - Thoi gian: 0.1 phut
Vong lap 57/250 - Repository: 100 - FE luy ke: 2900 - Thoi gian: 0.1 phut
Vong lap 58/250 - Repository: 100 - FE luy ke: 2950 - Thoi gian: 0.1 phut
Vong lap 59/250 - Repository: 100 - FE luy ke: 3000 - Thoi gian: 0.1 phut
Vong lap 60/250 - Repository: 100 - FE luy ke: 3050 - Thoi gian: 0.1 phut
Vong lap 61/250 - Repository: 100 - FE luy ke: 3100 - Thoi gian: 0.1 phut
Vong lap 62/250 - Repository: 100 - FE luy ke: 3150 - Thoi gian: 0.1 phut
Vong lap 63/250 - Repository: 100 - FE luy ke: 3200 - Thoi gian: 0.1 phut
Vong lap 64/250 - Repository: 100 - FE luy ke: 3250 - Thoi gian: 0.1 phut
Vong lap 65/250 - Repository: 100 - FE luy ke: 3300 - Thoi gian: 0.1 phut
Vong lap 66/250 - Repository: 100 - FE luy ke: 3350 - Thoi gian: 0.1 phut
Vong lap 67/250 - Repository: 100 - FE luy ke: 3400 - Thoi gian: 0.1 phut
Vong lap 68/250 - Repository: 100 - FE luy ke: 3450 - Thoi gian: 0.1 phut
Vong lap 69/250 - Repository: 100 - FE luy ke: 3500 - Thoi gian: 0.1 phut
Vong lap 70/250 - Repository: 100 - FE luy ke: 3550 - Thoi gian: 0.1 phut
Vong lap 71/250 - Repository: 100 - FE luy ke: 3600 - Thoi gian: 0.1 phut
Vong lap 72/250 - Repository: 100 - FE luy ke: 3650 - Thoi gian: 0.1 phut
Vong lap 73/250 - Repository: 100 - FE luy ke: 3700 - Thoi gian: 0.1 phut
Vong lap 74/250 - Repository: 100 - FE luy ke: 3750 - Thoi gian: 0.1 phut
Vong lap 75/250 - Repository: 100 - FE luy ke: 3800 - Thoi gian: 0.1 phut
Vong lap 76/250 - Repository: 100 - FE luy ke: 3850 - Thoi gian: 0.1 phut
Vong lap 77/250 - Repository: 100 - FE luy ke: 3900 - Thoi gian: 0.1 phut
Vong lap 78/250 - Repository: 100 - FE luy ke: 3950 - Thoi gian: 0.1 phut
Vong lap 79/250 - Repository: 100 - FE luy ke: 4000 - Thoi gian: 0.1 phut
Vong lap 80/250 - Repository: 100 - FE luy ke: 4050 - Thoi gian: 0.1 phut
Vong lap 81/250 - Repository: 100 - FE luy ke: 4100 - Thoi gian: 0.1 phut
Vong lap 82/250 - Repository: 100 - FE luy ke: 4150 - Thoi gian: 0.1 phut
Vong lap 83/250 - Repository: 100 - FE luy ke: 4200 - Thoi gian: 0.1 phut
Vong lap 84/250 - Repository: 100 - FE luy ke: 4250 - Thoi gian: 0.1 phut
Vong lap 85/250 - Repository: 100 - FE luy ke: 4300 - Thoi gian: 0.1 phut
Vong lap 86/250 - Repository: 100 - FE luy ke: 4350 - Thoi gian: 0.1 phut
Vong lap 87/250 - Repository: 100 - FE luy ke: 4400 - Thoi gian: 0.1 phut
Vong lap 88/250 - Repository: 100 - FE luy ke: 4450 - Thoi gian: 0.1 phut
Vong lap 89/250 - Repository: 100 - FE luy ke: 4500 - Thoi gian: 0.1 phut
Vong lap 90/250 - Repository: 100 - FE luy ke: 4550 - Thoi gian: 0.1 phut
Vong lap 91/250 - Repository: 100 - FE luy ke: 4600 - Thoi gian: 0.1 phut
Vong lap 92/250 - Repository: 100 - FE luy ke: 4650 - Thoi gian: 0.1 phut
Vong lap 93/250 - Repository: 100 - FE luy ke: 4700 - Thoi gian: 0.1 phut
Vong lap 94/250 - Repository: 100 - FE luy ke: 4750 - Thoi gian: 0.1 phut
Vong lap 95/250 - Repository: 100 - FE luy ke: 4800 - Thoi gian: 0.1 phut
Vong lap 96/250 - Repository: 100 - FE luy ke: 4850 - Thoi gian: 0.1 phut
Vong lap 97/250 - Repository: 100 - FE luy ke: 4900 - Thoi gian: 0.1 phut
Vong lap 98/250 - Repository: 100 - FE luy ke: 4950 - Thoi gian: 0.1 phut
Vong lap 99/250 - Repository: 100 - FE luy ke: 5000 - Thoi gian: 0.1 phut
Vong lap 100/250 - Repository: 100 - FE luy ke: 5050 - Thoi gian: 0.1 phut
Vong lap 101/250 - Repository: 100 - FE luy ke: 5100 - Thoi gian: 0.1 phut
Vong lap 102/250 - Repository: 100 - FE luy ke: 5150 - Thoi gian: 0.1 phut
Vong lap 103/250 - Repository: 100 - FE luy ke: 5200 - Thoi gian: 0.2 phut
Vong lap 104/250 - Repository: 100 - FE luy ke: 5250 - Thoi gian: 0.2 phut
Vong lap 105/250 - Repository: 100 - FE luy ke: 5300 - Thoi gian: 0.2 phut
Vong lap 106/250 - Repository: 100 - FE luy ke: 5350 - Thoi gian: 0.2 phut
Vong lap 107/250 - Repository: 100 - FE luy ke: 5400 - Thoi gian: 0.2 phut
Vong lap 108/250 - Repository: 100 - FE luy ke: 5450 - Thoi gian: 0.2 phut
Vong lap 109/250 - Repository: 100 - FE luy ke: 5500 - Thoi gian: 0.2 phut
Vong lap 110/250 - Repository: 100 - FE luy ke: 5550 - Thoi gian: 0.2 phut
Vong lap 111/250 - Repository: 100 - FE luy ke: 5600 - Thoi gian: 0.2 phut
Vong lap 112/250 - Repository: 100 - FE luy ke: 5650 - Thoi gian: 0.2 phut
Vong lap 113/250 - Repository: 100 - FE luy ke: 5700 - Thoi gian: 0.2 phut
Vong lap 114/250 - Repository: 100 - FE luy ke: 5750 - Thoi gian: 0.2 phut
Vong lap 115/250 - Repository: 100 - FE luy ke: 5800 - Thoi gian: 0.2 phut
Vong lap 116/250 - Repository: 100 - FE luy ke: 5850 - Thoi gian: 0.2 phut
Vong lap 117/250 - Repository: 100 - FE luy ke: 5900 - Thoi gian: 0.2 phut
Vong lap 118/250 - Repository: 100 - FE luy ke: 5950 - Thoi gian: 0.2 phut
Vong lap 119/250 - Repository: 100 - FE luy ke: 6000 - Thoi gian: 0.2 phut
Vong lap 120/250 - Repository: 100 - FE luy ke: 6050 - Thoi gian: 0.2 phut
Vong lap 121/250 - Repository: 100 - FE luy ke: 6100 - Thoi gian: 0.2 phut
Vong lap 122/250 - Repository: 100 - FE luy ke: 6150 - Thoi gian: 0.2 phut
Vong lap 123/250 - Repository: 100 - FE luy ke: 6200 - Thoi gian: 0.2 phut
Vong lap 124/250 - Repository: 100 - FE luy ke: 6250 - Thoi gian: 0.2 phut
Vong lap 125/250 - Repository: 100 - FE luy ke: 6300 - Thoi gian: 0.2 phut
Vong lap 126/250 - Repository: 100 - FE luy ke: 6350 - Thoi gian: 0.2 phut
Vong lap 127/250 - Repository: 100 - FE luy ke: 6400 - Thoi gian: 0.2 phut
Vong lap 128/250 - Repository: 100 - FE luy ke: 6450 - Thoi gian: 0.2 phut
Vong lap 129/250 - Repository: 100 - FE luy ke: 6500 - Thoi gian: 0.2 phut
Vong lap 130/250 - Repository: 100 - FE luy ke: 6550 - Thoi gian: 0.2 phut
Vong lap 131/250 - Repository: 100 - FE luy ke: 6600 - Thoi gian: 0.2 phut
Vong lap 132/250 - Repository: 100 - FE luy ke: 6650 - Thoi gian: 0.2 phut
Vong lap 133/250 - Repository: 100 - FE luy ke: 6700 - Thoi gian: 0.2 phut
Vong lap 134/250 - Repository: 100 - FE luy ke: 6750 - Thoi gian: 0.2 phut
Vong lap 135/250 - Repository: 100 - FE luy ke: 6800 - Thoi gian: 0.2 phut
Vong lap 136/250 - Repository: 100 - FE luy ke: 6850 - Thoi gian: 0.2 phut
Vong lap 137/250 - Repository: 100 - FE luy ke: 6900 - Thoi gian: 0.2 phut
Vong lap 138/250 - Repository: 100 - FE luy ke: 6950 - Thoi gian: 0.2 phut
Vong lap 139/250 - Repository: 100 - FE luy ke: 7000 - Thoi gian: 0.2 phut
Vong lap 140/250 - Repository: 100 - FE luy ke: 7050 - Thoi gian: 0.2 phut
Vong lap 141/250 - Repository: 100 - FE luy ke: 7100 - Thoi gian: 0.2 phut
Vong lap 142/250 - Repository: 100 - FE luy ke: 7150 - Thoi gian: 0.2 phut
Vong lap 143/250 - Repository: 100 - FE luy ke: 7200 - Thoi gian: 0.2 phut
Vong lap 144/250 - Repository: 100 - FE luy ke: 7250 - Thoi gian: 0.2 phut
Vong lap 145/250 - Repository: 100 - FE luy ke: 7300 - Thoi gian: 0.2 phut
Vong lap 146/250 - Repository: 100 - FE luy ke: 7350 - Thoi gian: 0.2 phut
Vong lap 147/250 - Repository: 100 - FE luy ke: 7400 - Thoi gian: 0.2 phut
Vong lap 148/250 - Repository: 100 - FE luy ke: 7450 - Thoi gian: 0.2 phut
Vong lap 149/250 - Repository: 100 - FE luy ke: 7500 - Thoi gian: 0.2 phut
Vong lap 150/250 - Repository: 100 - FE luy ke: 7550 - Thoi gian: 0.2 phut
Vong lap 151/250 - Repository: 100 - FE luy ke: 7600 - Thoi gian: 0.2 phut
Vong lap 152/250 - Repository: 100 - FE luy ke: 7650 - Thoi gian: 0.2 phut
Vong lap 153/250 - Repository: 100 - FE luy ke: 7700 - Thoi gian: 0.2 phut
Vong lap 154/250 - Repository: 100 - FE luy ke: 7750 - Thoi gian: 0.2 phut
Vong lap 155/250 - Repository: 100 - FE luy ke: 7800 - Thoi gian: 0.2 phut
Vong lap 156/250 - Repository: 100 - FE luy ke: 7850 - Thoi gian: 0.2 phut
Vong lap 157/250 - Repository: 100 - FE luy ke: 7900 - Thoi gian: 0.2 phut
Vong lap 158/250 - Repository: 100 - FE luy ke: 7950 - Thoi gian: 0.2 phut
Vong lap 159/250 - Repository: 100 - FE luy ke: 8000 - Thoi gian: 0.2 phut
Vong lap 160/250 - Repository: 100 - FE luy ke: 8050 - Thoi gian: 0.2 phut
Vong lap 161/250 - Repository: 100 - FE luy ke: 8100 - Thoi gian: 0.2 phut
Vong lap 162/250 - Repository: 100 - FE luy ke: 8150 - Thoi gian: 0.2 phut
Vong lap 163/250 - Repository: 100 - FE luy ke: 8200 - Thoi gian: 0.2 phut
Vong lap 164/250 - Repository: 100 - FE luy ke: 8250 - Thoi gian: 0.2 phut
Vong lap 165/250 - Repository: 100 - FE luy ke: 8300 - Thoi gian: 0.2 phut
Vong lap 166/250 - Repository: 100 - FE luy ke: 8350 - Thoi gian: 0.3 phut
Vong lap 167/250 - Repository: 100 - FE luy ke: 8400 - Thoi gian: 0.3 phut
Vong lap 168/250 - Repository: 100 - FE luy ke: 8450 - Thoi gian: 0.3 phut
Vong lap 169/250 - Repository: 100 - FE luy ke: 8500 - Thoi gian: 0.3 phut
Vong lap 170/250 - Repository: 100 - FE luy ke: 8550 - Thoi gian: 0.3 phut
Vong lap 171/250 - Repository: 100 - FE luy ke: 8600 - Thoi gian: 0.3 phut
Vong lap 172/250 - Repository: 100 - FE luy ke: 8650 - Thoi gian: 0.3 phut
Vong lap 173/250 - Repository: 100 - FE luy ke: 8700 - Thoi gian: 0.3 phut
Vong lap 174/250 - Repository: 100 - FE luy ke: 8750 - Thoi gian: 0.3 phut
Vong lap 175/250 - Repository: 100 - FE luy ke: 8800 - Thoi gian: 0.3 phut
Vong lap 176/250 - Repository: 100 - FE luy ke: 8850 - Thoi gian: 0.3 phut
Vong lap 177/250 - Repository: 100 - FE luy ke: 8900 - Thoi gian: 0.3 phut
Vong lap 178/250 - Repository: 100 - FE luy ke: 8950 - Thoi gian: 0.3 phut
Vong lap 179/250 - Repository: 100 - FE luy ke: 9000 - Thoi gian: 0.3 phut
Vong lap 180/250 - Repository: 100 - FE luy ke: 9050 - Thoi gian: 0.3 phut
Vong lap 181/250 - Repository: 100 - FE luy ke: 9100 - Thoi gian: 0.3 phut
Vong lap 182/250 - Repository: 100 - FE luy ke: 9150 - Thoi gian: 0.3 phut
Vong lap 183/250 - Repository: 100 - FE luy ke: 9200 - Thoi gian: 0.3 phut
Vong lap 184/250 - Repository: 100 - FE luy ke: 9250 - Thoi gian: 0.3 phut
Vong lap 185/250 - Repository: 100 - FE luy ke: 9300 - Thoi gian: 0.3 phut
Vong lap 186/250 - Repository: 100 - FE luy ke: 9350 - Thoi gian: 0.3 phut
Vong lap 187/250 - Repository: 100 - FE luy ke: 9400 - Thoi gian: 0.3 phut
Vong lap 188/250 - Repository: 100 - FE luy ke: 9450 - Thoi gian: 0.3 phut
Vong lap 189/250 - Repository: 100 - FE luy ke: 9500 - Thoi gian: 0.3 phut
Vong lap 190/250 - Repository: 100 - FE luy ke: 9550 - Thoi gian: 0.3 phut
Vong lap 191/250 - Repository: 100 - FE luy ke: 9600 - Thoi gian: 0.3 phut
Vong lap 192/250 - Repository: 100 - FE luy ke: 9650 - Thoi gian: 0.3 phut
Vong lap 193/250 - Repository: 100 - FE luy ke: 9700 - Thoi gian: 0.3 phut
Vong lap 194/250 - Repository: 100 - FE luy ke: 9750 - Thoi gian: 0.3 phut
Vong lap 195/250 - Repository: 100 - FE luy ke: 9800 - Thoi gian: 0.3 phut
Vong lap 196/250 - Repository: 100 - FE luy ke: 9850 - Thoi gian: 0.3 phut
Vong lap 197/250 - Repository: 100 - FE luy ke: 9900 - Thoi gian: 0.3 phut
Vong lap 198/250 - Repository: 100 - FE luy ke: 9950 - Thoi gian: 0.3 phut
Vong lap 199/250 - Repository: 100 - FE luy ke: 10000 - Thoi gian: 0.3 phut
Vong lap 200/250 - Repository: 100 - FE luy ke: 10050 - Thoi gian: 0.3 phut
Vong lap 201/250 - Repository: 100 - FE luy ke: 10100 - Thoi gian: 0.3 phut
Vong lap 202/250 - Repository: 100 - FE luy ke: 10150 - Thoi gian: 0.3 phut
Vong lap 203/250 - Repository: 100 - FE luy ke: 10200 - Thoi gian: 0.3 phut
Vong lap 204/250 - Repository: 100 - FE luy ke: 10250 - Thoi gian: 0.3 phut
Vong lap 205/250 - Repository: 100 - FE luy ke: 10300 - Thoi gian: 0.3 phut
Vong lap 206/250 - Repository: 100 - FE luy ke: 10350 - Thoi gian: 0.3 phut
Vong lap 207/250 - Repository: 100 - FE luy ke: 10400 - Thoi gian: 0.3 phut
Vong lap 208/250 - Repository: 100 - FE luy ke: 10450 - Thoi gian: 0.3 phut
Vong lap 209/250 - Repository: 100 - FE luy ke: 10500 - Thoi gian: 0.3 phut
Vong lap 210/250 - Repository: 100 - FE luy ke: 10550 - Thoi gian: 0.3 phut
Vong lap 211/250 - Repository: 100 - FE luy ke: 10600 - Thoi gian: 0.3 phut
Vong lap 212/250 - Repository: 100 - FE luy ke: 10650 - Thoi gian: 0.3 phut
Vong lap 213/250 - Repository: 100 - FE luy ke: 10700 - Thoi gian: 0.3 phut
Vong lap 214/250 - Repository: 100 - FE luy ke: 10750 - Thoi gian: 0.3 phut
Vong lap 215/250 - Repository: 100 - FE luy ke: 10800 - Thoi gian: 0.3 phut
Vong lap 216/250 - Repository: 100 - FE luy ke: 10850 - Thoi gian: 0.3 phut
Vong lap 217/250 - Repository: 100 - FE luy ke: 10900 - Thoi gian: 0.3 phut
Vong lap 218/250 - Repository: 100 - FE luy ke: 10950 - Thoi gian: 0.3 phut
Vong lap 219/250 - Repository: 100 - FE luy ke: 11000 - Thoi gian: 0.3 phut
Vong lap 220/250 - Repository: 100 - FE luy ke: 11050 - Thoi gian: 0.3 phut
Vong lap 221/250 - Repository: 100 - FE luy ke: 11100 - Thoi gian: 0.3 phut
Vong lap 222/250 - Repository: 100 - FE luy ke: 11150 - Thoi gian: 0.3 phut
Vong lap 223/250 - Repository: 100 - FE luy ke: 11200 - Thoi gian: 0.3 phut
Vong lap 224/250 - Repository: 100 - FE luy ke: 11250 - Thoi gian: 0.3 phut
Vong lap 225/250 - Repository: 100 - FE luy ke: 11300 - Thoi gian: 0.3 phut
Vong lap 226/250 - Repository: 100 - FE luy ke: 11350 - Thoi gian: 0.4 phut
Vong lap 227/250 - Repository: 100 - FE luy ke: 11400 - Thoi gian: 0.4 phut
Vong lap 228/250 - Repository: 100 - FE luy ke: 11450 - Thoi gian: 0.4 phut
Vong lap 229/250 - Repository: 100 - FE luy ke: 11500 - Thoi gian: 0.4 phut
Vong lap 230/250 - Repository: 100 - FE luy ke: 11550 - Thoi gian: 0.4 phut
Vong lap 231/250 - Repository: 100 - FE luy ke: 11600 - Thoi gian: 0.4 phut
Vong lap 232/250 - Repository: 100 - FE luy ke: 11650 - Thoi gian: 0.4 phut
Vong lap 233/250 - Repository: 100 - FE luy ke: 11700 - Thoi gian: 0.4 phut
Vong lap 234/250 - Repository: 100 - FE luy ke: 11750 - Thoi gian: 0.4 phut
Vong lap 235/250 - Repository: 100 - FE luy ke: 11800 - Thoi gian: 0.4 phut
Vong lap 236/250 - Repository: 100 - FE luy ke: 11850 - Thoi gian: 0.4 phut
Vong lap 237/250 - Repository: 100 - FE luy ke: 11900 - Thoi gian: 0.4 phut
Vong lap 238/250 - Repository: 100 - FE luy ke: 11950 - Thoi gian: 0.4 phut
Vong lap 239/250 - Repository: 100 - FE luy ke: 12000 - Thoi gian: 0.4 phut
Vong lap 240/250 - Repository: 100 - FE luy ke: 12050 - Thoi gian: 0.4 phut
Vong lap 241/250 - Repository: 100 - FE luy ke: 12100 - Thoi gian: 0.4 phut
Vong lap 242/250 - Repository: 100 - FE luy ke: 12150 - Thoi gian: 0.4 phut
Vong lap 243/250 - Repository: 100 - FE luy ke: 12200 - Thoi gian: 0.4 phut
Vong lap 244/250 - Repository: 100 - FE luy ke: 12250 - Thoi gian: 0.4 phut
Vong lap 245/250 - Repository: 100 - FE luy ke: 12300 - Thoi gian: 0.4 phut
Vong lap 246/250 - Repository: 100 - FE luy ke: 12350 - Thoi gian: 0.4 phut
Vong lap 247/250 - Repository: 100 - FE luy ke: 12400 - Thoi gian: 0.4 phut
Vong lap 248/250 - Repository: 100 - FE luy ke: 12450 - Thoi gian: 0.4 phut
Vong lap 249/250 - Repository: 100 - FE luy ke: 12500 - Thoi gian: 0.4 phut
Vong lap 250/250 - Repository: 100 - FE luy ke: 12550 - Thoi gian: 0.4 phut
HOAN THANH campaign E-MOSFOA. Tong thoi gian: 0.01 gio. So nghiem Pareto: 100
=== E-MOSFOA doc lap lan 15/30 (RunTag=run15) ===
[Wharf100DWT E-MOSFOA - SONG SONG] Np=50 Max_it=250 Nr=100 Num_work=8 (FE uoc tinh=12550)
SUCCESS: The process "SAP2000.exe" with PID 27524 has been terminated. 
SUCCESS: The process "SAP2000.exe" with PID 27532 has been terminated. 
SUCCESS: The process "SAP2000.exe" with PID 27540 has been terminated. 
SUCCESS: The process "SAP2000.exe" with PID 27548 has been terminated. 
SUCCESS: The process "SAP2000.exe" with PID 27556 has been terminated. 
SUCCESS: The process "SAP2000.exe" with PID 27564 has been terminated. 
SUCCESS: The process "SAP2000.exe" with PID 27572 has been terminated. 
SUCCESS: The process "SAP2000.exe" with PID 27580 has been terminated. 
[Warning: Files that have already been attached are being ignored. To see which files are attached see the 'AttachedFiles' property of the parallel pool.] 
Worker 1: 
  wharf100dwt_evaluate: da nap cache tu D:\ResearchLab\02_Projects\02_Projects\MOFDA\Wharf100DWT\results\Wharf100DWT_BRUTEFORCE_FINAL.mat (4080 to hop).
Worker 2: 
  wharf100dwt_evaluate: da nap cache tu D:\ResearchLab\02_Projects\02_Projects\MOFDA\Wharf100DWT\results\Wharf100DWT_BRUTEFORCE_FINAL.mat (4080 to hop).
Worker 3: 
  wharf100dwt_evaluate: da nap cache tu D:\ResearchLab\02_Projects\02_Projects\MOFDA\Wharf100DWT\results\Wharf100DWT_BRUTEFORCE_FINAL.mat (4080 to hop).
Worker 4: 
  wharf100dwt_evaluate: da nap cache tu D:\ResearchLab\02_Projects\02_Projects\MOFDA\Wharf100DWT\results\Wharf100DWT_BRUTEFORCE_FINAL.mat (4080 to hop).
Worker 5: 
  wharf100dwt_evaluate: da nap cache tu D:\ResearchLab\02_Projects\02_Projects\MOFDA\Wharf100DWT\results\Wharf100DWT_BRUTEFORCE_FINAL.mat (4080 to hop).
Worker 6: 
  wharf100dwt_evaluate: da nap cache tu D:\ResearchLab\02_Projects\02_Projects\MOFDA\Wharf100DWT\results\Wharf100DWT_BRUTEFORCE_FINAL.mat (4080 to hop).
Worker 7: 
  wharf100dwt_evaluate: da nap cache tu D:\ResearchLab\02_Projects\02_Projects\MOFDA\Wharf100DWT\results\Wharf100DWT_BRUTEFORCE_FINAL.mat (4080 to hop).
Worker 8: 
  wharf100dwt_evaluate: da nap cache tu D:\ResearchLab\02_Projects\02_Projects\MOFDA\Wharf100DWT\results\Wharf100DWT_BRUTEFORCE_FINAL.mat (4080 to hop).
The he #0 - Kich thuoc Repository: 3
Vong lap 1/250 - Repository: 5 - FE luy ke: 100 - Thoi gian: 0.0 phut
Vong lap 2/250 - Repository: 7 - FE luy ke: 150 - Thoi gian: 0.0 phut
Vong lap 3/250 - Repository: 11 - FE luy ke: 200 - Thoi gian: 0.0 phut
Vong lap 4/250 - Repository: 14 - FE luy ke: 250 - Thoi gian: 0.0 phut
Vong lap 5/250 - Repository: 17 - FE luy ke: 300 - Thoi gian: 0.0 phut
Vong lap 6/250 - Repository: 21 - FE luy ke: 350 - Thoi gian: 0.0 phut
Vong lap 7/250 - Repository: 32 - FE luy ke: 400 - Thoi gian: 0.0 phut
Vong lap 8/250 - Repository: 42 - FE luy ke: 450 - Thoi gian: 0.0 phut
Vong lap 9/250 - Repository: 55 - FE luy ke: 500 - Thoi gian: 0.0 phut
Vong lap 10/250 - Repository: 64 - FE luy ke: 550 - Thoi gian: 0.0 phut
Vong lap 11/250 - Repository: 85 - FE luy ke: 600 - Thoi gian: 0.0 phut
Vong lap 12/250 - Repository: 100 - FE luy ke: 650 - Thoi gian: 0.0 phut
Vong lap 13/250 - Repository: 100 - FE luy ke: 700 - Thoi gian: 0.0 phut
Vong lap 14/250 - Repository: 100 - FE luy ke: 750 - Thoi gian: 0.0 phut
Vong lap 15/250 - Repository: 100 - FE luy ke: 800 - Thoi gian: 0.0 phut
Vong lap 16/250 - Repository: 100 - FE luy ke: 850 - Thoi gian: 0.0 phut
Vong lap 17/250 - Repository: 100 - FE luy ke: 900 - Thoi gian: 0.0 phut
Vong lap 18/250 - Repository: 100 - FE luy ke: 950 - Thoi gian: 0.0 phut
Vong lap 19/250 - Repository: 100 - FE luy ke: 1000 - Thoi gian: 0.0 phut
Vong lap 20/250 - Repository: 100 - FE luy ke: 1050 - Thoi gian: 0.0 phut
Vong lap 21/250 - Repository: 100 - FE luy ke: 1100 - Thoi gian: 0.0 phut
Vong lap 22/250 - Repository: 100 - FE luy ke: 1150 - Thoi gian: 0.0 phut
Vong lap 23/250 - Repository: 100 - FE luy ke: 1200 - Thoi gian: 0.0 phut
Vong lap 24/250 - Repository: 100 - FE luy ke: 1250 - Thoi gian: 0.0 phut
Vong lap 25/250 - Repository: 100 - FE luy ke: 1300 - Thoi gian: 0.0 phut
Vong lap 26/250 - Repository: 100 - FE luy ke: 1350 - Thoi gian: 0.0 phut
Vong lap 27/250 - Repository: 100 - FE luy ke: 1400 - Thoi gian: 0.0 phut
Vong lap 28/250 - Repository: 100 - FE luy ke: 1450 - Thoi gian: 0.0 phut
Vong lap 29/250 - Repository: 100 - FE luy ke: 1500 - Thoi gian: 0.0 phut
Vong lap 30/250 - Repository: 100 - FE luy ke: 1550 - Thoi gian: 0.0 phut
Vong lap 31/250 - Repository: 100 - FE luy ke: 1600 - Thoi gian: 0.0 phut
Vong lap 32/250 - Repository: 100 - FE luy ke: 1650 - Thoi gian: 0.0 phut
Vong lap 33/250 - Repository: 100 - FE luy ke: 1700 - Thoi gian: 0.0 phut
Vong lap 34/250 - Repository: 100 - FE luy ke: 1750 - Thoi gian: 0.0 phut
Vong lap 35/250 - Repository: 100 - FE luy ke: 1800 - Thoi gian: 0.0 phut
Vong lap 36/250 - Repository: 100 - FE luy ke: 1850 - Thoi gian: 0.0 phut
Vong lap 37/250 - Repository: 100 - FE luy ke: 1900 - Thoi gian: 0.1 phut
Vong lap 38/250 - Repository: 100 - FE luy ke: 1950 - Thoi gian: 0.1 phut
Vong lap 39/250 - Repository: 100 - FE luy ke: 2000 - Thoi gian: 0.1 phut
Vong lap 40/250 - Repository: 100 - FE luy ke: 2050 - Thoi gian: 0.1 phut
Vong lap 41/250 - Repository: 100 - FE luy ke: 2100 - Thoi gian: 0.1 phut
Vong lap 42/250 - Repository: 100 - FE luy ke: 2150 - Thoi gian: 0.1 phut
Vong lap 43/250 - Repository: 100 - FE luy ke: 2200 - Thoi gian: 0.1 phut
Vong lap 44/250 - Repository: 100 - FE luy ke: 2250 - Thoi gian: 0.1 phut
Vong lap 45/250 - Repository: 100 - FE luy ke: 2300 - Thoi gian: 0.1 phut
Vong lap 46/250 - Repository: 100 - FE luy ke: 2350 - Thoi gian: 0.1 phut
Vong lap 47/250 - Repository: 100 - FE luy ke: 2400 - Thoi gian: 0.1 phut
Vong lap 48/250 - Repository: 100 - FE luy ke: 2450 - Thoi gian: 0.1 phut
Vong lap 49/250 - Repository: 100 - FE luy ke: 2500 - Thoi gian: 0.1 phut
Vong lap 50/250 - Repository: 100 - FE luy ke: 2550 - Thoi gian: 0.1 phut
Vong lap 51/250 - Repository: 100 - FE luy ke: 2600 - Thoi gian: 0.1 phut
Vong lap 52/250 - Repository: 100 - FE luy ke: 2650 - Thoi gian: 0.1 phut
Vong lap 53/250 - Repository: 100 - FE luy ke: 2700 - Thoi gian: 0.1 phut
Vong lap 54/250 - Repository: 100 - FE luy ke: 2750 - Thoi gian: 0.1 phut
Vong lap 55/250 - Repository: 100 - FE luy ke: 2800 - Thoi gian: 0.1 phut
Vong lap 56/250 - Repository: 100 - FE luy ke: 2850 - Thoi gian: 0.1 phut
Vong lap 57/250 - Repository: 100 - FE luy ke: 2900 - Thoi gian: 0.1 phut
Vong lap 58/250 - Repository: 100 - FE luy ke: 2950 - Thoi gian: 0.1 phut
Vong lap 59/250 - Repository: 100 - FE luy ke: 3000 - Thoi gian: 0.1 phut
Vong lap 60/250 - Repository: 100 - FE luy ke: 3050 - Thoi gian: 0.1 phut
Vong lap 61/250 - Repository: 100 - FE luy ke: 3100 - Thoi gian: 0.1 phut
Vong lap 62/250 - Repository: 100 - FE luy ke: 3150 - Thoi gian: 0.1 phut
Vong lap 63/250 - Repository: 100 - FE luy ke: 3200 - Thoi gian: 0.1 phut
Vong lap 64/250 - Repository: 100 - FE luy ke: 3250 - Thoi gian: 0.1 phut
Vong lap 65/250 - Repository: 100 - FE luy ke: 3300 - Thoi gian: 0.1 phut
Vong lap 66/250 - Repository: 100 - FE luy ke: 3350 - Thoi gian: 0.1 phut
Vong lap 67/250 - Repository: 100 - FE luy ke: 3400 - Thoi gian: 0.1 phut
Vong lap 68/250 - Repository: 100 - FE luy ke: 3450 - Thoi gian: 0.1 phut
Vong lap 69/250 - Repository: 100 - FE luy ke: 3500 - Thoi gian: 0.1 phut
Vong lap 70/250 - Repository: 100 - FE luy ke: 3550 - Thoi gian: 0.1 phut
Vong lap 71/250 - Repository: 100 - FE luy ke: 3600 - Thoi gian: 0.1 phut
Vong lap 72/250 - Repository: 100 - FE luy ke: 3650 - Thoi gian: 0.1 phut
Vong lap 73/250 - Repository: 100 - FE luy ke: 3700 - Thoi gian: 0.1 phut
Vong lap 74/250 - Repository: 100 - FE luy ke: 3750 - Thoi gian: 0.1 phut
Vong lap 75/250 - Repository: 100 - FE luy ke: 3800 - Thoi gian: 0.1 phut
Vong lap 76/250 - Repository: 100 - FE luy ke: 3850 - Thoi gian: 0.1 phut
Vong lap 77/250 - Repository: 100 - FE luy ke: 3900 - Thoi gian: 0.1 phut
Vong lap 78/250 - Repository: 100 - FE luy ke: 3950 - Thoi gian: 0.1 phut
Vong lap 79/250 - Repository: 100 - FE luy ke: 4000 - Thoi gian: 0.1 phut
Vong lap 80/250 - Repository: 100 - FE luy ke: 4050 - Thoi gian: 0.1 phut
Vong lap 81/250 - Repository: 100 - FE luy ke: 4100 - Thoi gian: 0.1 phut
Vong lap 82/250 - Repository: 100 - FE luy ke: 4150 - Thoi gian: 0.1 phut
Vong lap 83/250 - Repository: 100 - FE luy ke: 4200 - Thoi gian: 0.1 phut
Vong lap 84/250 - Repository: 100 - FE luy ke: 4250 - Thoi gian: 0.1 phut
Vong lap 85/250 - Repository: 100 - FE luy ke: 4300 - Thoi gian: 0.1 phut
Vong lap 86/250 - Repository: 100 - FE luy ke: 4350 - Thoi gian: 0.1 phut
Vong lap 87/250 - Repository: 100 - FE luy ke: 4400 - Thoi gian: 0.1 phut
Vong lap 88/250 - Repository: 100 - FE luy ke: 4450 - Thoi gian: 0.1 phut
Vong lap 89/250 - Repository: 100 - FE luy ke: 4500 - Thoi gian: 0.1 phut
Vong lap 90/250 - Repository: 100 - FE luy ke: 4550 - Thoi gian: 0.1 phut
Vong lap 91/250 - Repository: 100 - FE luy ke: 4600 - Thoi gian: 0.1 phut
Vong lap 92/250 - Repository: 100 - FE luy ke: 4650 - Thoi gian: 0.1 phut
Vong lap 93/250 - Repository: 100 - FE luy ke: 4700 - Thoi gian: 0.1 phut
Vong lap 94/250 - Repository: 100 - FE luy ke: 4750 - Thoi gian: 0.1 phut
Vong lap 95/250 - Repository: 100 - FE luy ke: 4800 - Thoi gian: 0.1 phut
Vong lap 96/250 - Repository: 100 - FE luy ke: 4850 - Thoi gian: 0.1 phut
Vong lap 97/250 - Repository: 100 - FE luy ke: 4900 - Thoi gian: 0.1 phut
Vong lap 98/250 - Repository: 100 - FE luy ke: 4950 - Thoi gian: 0.1 phut
Vong lap 99/250 - Repository: 100 - FE luy ke: 5000 - Thoi gian: 0.1 phut
Vong lap 100/250 - Repository: 100 - FE luy ke: 5050 - Thoi gian: 0.1 phut
Vong lap 101/250 - Repository: 100 - FE luy ke: 5100 - Thoi gian: 0.1 phut
Vong lap 102/250 - Repository: 100 - FE luy ke: 5150 - Thoi gian: 0.1 phut
Vong lap 103/250 - Repository: 100 - FE luy ke: 5200 - Thoi gian: 0.1 phut
Vong lap 104/250 - Repository: 100 - FE luy ke: 5250 - Thoi gian: 0.2 phut
Vong lap 105/250 - Repository: 100 - FE luy ke: 5300 - Thoi gian: 0.2 phut
Vong lap 106/250 - Repository: 100 - FE luy ke: 5350 - Thoi gian: 0.2 phut
Vong lap 107/250 - Repository: 100 - FE luy ke: 5400 - Thoi gian: 0.2 phut
Vong lap 108/250 - Repository: 100 - FE luy ke: 5450 - Thoi gian: 0.2 phut
Vong lap 109/250 - Repository: 100 - FE luy ke: 5500 - Thoi gian: 0.2 phut
Vong lap 110/250 - Repository: 100 - FE luy ke: 5550 - Thoi gian: 0.2 phut
Vong lap 111/250 - Repository: 100 - FE luy ke: 5600 - Thoi gian: 0.2 phut
Vong lap 112/250 - Repository: 100 - FE luy ke: 5650 - Thoi gian: 0.2 phut
Vong lap 113/250 - Repository: 100 - FE luy ke: 5700 - Thoi gian: 0.2 phut
Vong lap 114/250 - Repository: 100 - FE luy ke: 5750 - Thoi gian: 0.2 phut
Vong lap 115/250 - Repository: 100 - FE luy ke: 5800 - Thoi gian: 0.2 phut
Vong lap 116/250 - Repository: 100 - FE luy ke: 5850 - Thoi gian: 0.2 phut
Vong lap 117/250 - Repository: 100 - FE luy ke: 5900 - Thoi gian: 0.2 phut
Vong lap 118/250 - Repository: 100 - FE luy ke: 5950 - Thoi gian: 0.2 phut
Vong lap 119/250 - Repository: 100 - FE luy ke: 6000 - Thoi gian: 0.2 phut
Vong lap 120/250 - Repository: 100 - FE luy ke: 6050 - Thoi gian: 0.2 phut
Vong lap 121/250 - Repository: 100 - FE luy ke: 6100 - Thoi gian: 0.2 phut
Vong lap 122/250 - Repository: 100 - FE luy ke: 6150 - Thoi gian: 0.2 phut
Vong lap 123/250 - Repository: 100 - FE luy ke: 6200 - Thoi gian: 0.2 phut
Vong lap 124/250 - Repository: 100 - FE luy ke: 6250 - Thoi gian: 0.2 phut
Vong lap 125/250 - Repository: 100 - FE luy ke: 6300 - Thoi gian: 0.2 phut
Vong lap 126/250 - Repository: 100 - FE luy ke: 6350 - Thoi gian: 0.2 phut
Vong lap 127/250 - Repository: 100 - FE luy ke: 6400 - Thoi gian: 0.2 phut
Vong lap 128/250 - Repository: 100 - FE luy ke: 6450 - Thoi gian: 0.2 phut
Vong lap 129/250 - Repository: 100 - FE luy ke: 6500 - Thoi gian: 0.2 phut
Vong lap 130/250 - Repository: 100 - FE luy ke: 6550 - Thoi gian: 0.2 phut
Vong lap 131/250 - Repository: 100 - FE luy ke: 6600 - Thoi gian: 0.2 phut
Vong lap 132/250 - Repository: 100 - FE luy ke: 6650 - Thoi gian: 0.2 phut
Vong lap 133/250 - Repository: 100 - FE luy ke: 6700 - Thoi gian: 0.2 phut
Vong lap 134/250 - Repository: 100 - FE luy ke: 6750 - Thoi gian: 0.2 phut
Vong lap 135/250 - Repository: 100 - FE luy ke: 6800 - Thoi gian: 0.2 phut
Vong lap 136/250 - Repository: 100 - FE luy ke: 6850 - Thoi gian: 0.2 phut
Vong lap 137/250 - Repository: 100 - FE luy ke: 6900 - Thoi gian: 0.2 phut
Vong lap 138/250 - Repository: 100 - FE luy ke: 6950 - Thoi gian: 0.2 phut
Vong lap 139/250 - Repository: 100 - FE luy ke: 7000 - Thoi gian: 0.2 phut
Vong lap 140/250 - Repository: 100 - FE luy ke: 7050 - Thoi gian: 0.2 phut
Vong lap 141/250 - Repository: 100 - FE luy ke: 7100 - Thoi gian: 0.2 phut
Vong lap 142/250 - Repository: 100 - FE luy ke: 7150 - Thoi gian: 0.2 phut
Vong lap 143/250 - Repository: 100 - FE luy ke: 7200 - Thoi gian: 0.2 phut
Vong lap 144/250 - Repository: 100 - FE luy ke: 7250 - Thoi gian: 0.2 phut
Vong lap 145/250 - Repository: 100 - FE luy ke: 7300 - Thoi gian: 0.2 phut
Vong lap 146/250 - Repository: 100 - FE luy ke: 7350 - Thoi gian: 0.2 phut
Vong lap 147/250 - Repository: 100 - FE luy ke: 7400 - Thoi gian: 0.2 phut
Vong lap 148/250 - Repository: 100 - FE luy ke: 7450 - Thoi gian: 0.2 phut
Vong lap 149/250 - Repository: 100 - FE luy ke: 7500 - Thoi gian: 0.2 phut
Vong lap 150/250 - Repository: 100 - FE luy ke: 7550 - Thoi gian: 0.2 phut
Vong lap 151/250 - Repository: 100 - FE luy ke: 7600 - Thoi gian: 0.2 phut
Vong lap 152/250 - Repository: 100 - FE luy ke: 7650 - Thoi gian: 0.2 phut
Vong lap 153/250 - Repository: 100 - FE luy ke: 7700 - Thoi gian: 0.2 phut
Vong lap 154/250 - Repository: 100 - FE luy ke: 7750 - Thoi gian: 0.2 phut
Vong lap 155/250 - Repository: 100 - FE luy ke: 7800 - Thoi gian: 0.2 phut
Vong lap 156/250 - Repository: 100 - FE luy ke: 7850 - Thoi gian: 0.2 phut
Vong lap 157/250 - Repository: 100 - FE luy ke: 7900 - Thoi gian: 0.2 phut
Vong lap 158/250 - Repository: 100 - FE luy ke: 7950 - Thoi gian: 0.2 phut
Vong lap 159/250 - Repository: 100 - FE luy ke: 8000 - Thoi gian: 0.2 phut
Vong lap 160/250 - Repository: 100 - FE luy ke: 8050 - Thoi gian: 0.2 phut
Vong lap 161/250 - Repository: 100 - FE luy ke: 8100 - Thoi gian: 0.2 phut
Vong lap 162/250 - Repository: 100 - FE luy ke: 8150 - Thoi gian: 0.2 phut
Vong lap 163/250 - Repository: 100 - FE luy ke: 8200 - Thoi gian: 0.2 phut
Vong lap 164/250 - Repository: 100 - FE luy ke: 8250 - Thoi gian: 0.2 phut
Vong lap 165/250 - Repository: 100 - FE luy ke: 8300 - Thoi gian: 0.2 phut
Vong lap 166/250 - Repository: 100 - FE luy ke: 8350 - Thoi gian: 0.2 phut
Vong lap 167/250 - Repository: 100 - FE luy ke: 8400 - Thoi gian: 0.3 phut
Vong lap 168/250 - Repository: 100 - FE luy ke: 8450 - Thoi gian: 0.3 phut
Vong lap 169/250 - Repository: 100 - FE luy ke: 8500 - Thoi gian: 0.3 phut
Vong lap 170/250 - Repository: 100 - FE luy ke: 8550 - Thoi gian: 0.3 phut
Vong lap 171/250 - Repository: 100 - FE luy ke: 8600 - Thoi gian: 0.3 phut
Vong lap 172/250 - Repository: 100 - FE luy ke: 8650 - Thoi gian: 0.3 phut
Vong lap 173/250 - Repository: 100 - FE luy ke: 8700 - Thoi gian: 0.3 phut
Vong lap 174/250 - Repository: 100 - FE luy ke: 8750 - Thoi gian: 0.3 phut
Vong lap 175/250 - Repository: 100 - FE luy ke: 8800 - Thoi gian: 0.3 phut
Vong lap 176/250 - Repository: 100 - FE luy ke: 8850 - Thoi gian: 0.3 phut
Vong lap 177/250 - Repository: 100 - FE luy ke: 8900 - Thoi gian: 0.3 phut
Vong lap 178/250 - Repository: 100 - FE luy ke: 8950 - Thoi gian: 0.3 phut
Vong lap 179/250 - Repository: 100 - FE luy ke: 9000 - Thoi gian: 0.3 phut
Vong lap 180/250 - Repository: 100 - FE luy ke: 9050 - Thoi gian: 0.3 phut
Vong lap 181/250 - Repository: 100 - FE luy ke: 9100 - Thoi gian: 0.3 phut
Vong lap 182/250 - Repository: 100 - FE luy ke: 9150 - Thoi gian: 0.3 phut
Vong lap 183/250 - Repository: 100 - FE luy ke: 9200 - Thoi gian: 0.3 phut
Vong lap 184/250 - Repository: 100 - FE luy ke: 9250 - Thoi gian: 0.3 phut
Vong lap 185/250 - Repository: 100 - FE luy ke: 9300 - Thoi gian: 0.3 phut
Vong lap 186/250 - Repository: 100 - FE luy ke: 9350 - Thoi gian: 0.3 phut
Vong lap 187/250 - Repository: 100 - FE luy ke: 9400 - Thoi gian: 0.3 phut
Vong lap 188/250 - Repository: 100 - FE luy ke: 9450 - Thoi gian: 0.3 phut
Vong lap 189/250 - Repository: 100 - FE luy ke: 9500 - Thoi gian: 0.3 phut
Vong lap 190/250 - Repository: 100 - FE luy ke: 9550 - Thoi gian: 0.3 phut
Vong lap 191/250 - Repository: 100 - FE luy ke: 9600 - Thoi gian: 0.3 phut
Vong lap 192/250 - Repository: 100 - FE luy ke: 9650 - Thoi gian: 0.3 phut
Vong lap 193/250 - Repository: 100 - FE luy ke: 9700 - Thoi gian: 0.3 phut
Vong lap 194/250 - Repository: 100 - FE luy ke: 9750 - Thoi gian: 0.3 phut
Vong lap 195/250 - Repository: 100 - FE luy ke: 9800 - Thoi gian: 0.3 phut
Vong lap 196/250 - Repository: 100 - FE luy ke: 9850 - Thoi gian: 0.3 phut
Vong lap 197/250 - Repository: 100 - FE luy ke: 9900 - Thoi gian: 0.3 phut
Vong lap 198/250 - Repository: 100 - FE luy ke: 9950 - Thoi gian: 0.3 phut
Vong lap 199/250 - Repository: 100 - FE luy ke: 10000 - Thoi gian: 0.3 phut
Vong lap 200/250 - Repository: 100 - FE luy ke: 10050 - Thoi gian: 0.3 phut
Vong lap 201/250 - Repository: 100 - FE luy ke: 10100 - Thoi gian: 0.3 phut
Vong lap 202/250 - Repository: 100 - FE luy ke: 10150 - Thoi gian: 0.3 phut
Vong lap 203/250 - Repository: 100 - FE luy ke: 10200 - Thoi gian: 0.3 phut
Vong lap 204/250 - Repository: 100 - FE luy ke: 10250 - Thoi gian: 0.3 phut
Vong lap 205/250 - Repository: 100 - FE luy ke: 10300 - Thoi gian: 0.3 phut
Vong lap 206/250 - Repository: 100 - FE luy ke: 10350 - Thoi gian: 0.3 phut
Vong lap 207/250 - Repository: 100 - FE luy ke: 10400 - Thoi gian: 0.3 phut
Vong lap 208/250 - Repository: 100 - FE luy ke: 10450 - Thoi gian: 0.3 phut
Vong lap 209/250 - Repository: 100 - FE luy ke: 10500 - Thoi gian: 0.3 phut
Vong lap 210/250 - Repository: 100 - FE luy ke: 10550 - Thoi gian: 0.3 phut
Vong lap 211/250 - Repository: 100 - FE luy ke: 10600 - Thoi gian: 0.3 phut
Vong lap 212/250 - Repository: 100 - FE luy ke: 10650 - Thoi gian: 0.3 phut
Vong lap 213/250 - Repository: 100 - FE luy ke: 10700 - Thoi gian: 0.3 phut
Vong lap 214/250 - Repository: 100 - FE luy ke: 10750 - Thoi gian: 0.3 phut
Vong lap 215/250 - Repository: 100 - FE luy ke: 10800 - Thoi gian: 0.3 phut
Vong lap 216/250 - Repository: 100 - FE luy ke: 10850 - Thoi gian: 0.3 phut
Vong lap 217/250 - Repository: 100 - FE luy ke: 10900 - Thoi gian: 0.3 phut
Vong lap 218/250 - Repository: 100 - FE luy ke: 10950 - Thoi gian: 0.3 phut
Vong lap 219/250 - Repository: 100 - FE luy ke: 11000 - Thoi gian: 0.3 phut
Vong lap 220/250 - Repository: 100 - FE luy ke: 11050 - Thoi gian: 0.3 phut
Vong lap 221/250 - Repository: 100 - FE luy ke: 11100 - Thoi gian: 0.3 phut
Vong lap 222/250 - Repository: 100 - FE luy ke: 11150 - Thoi gian: 0.3 phut
Vong lap 223/250 - Repository: 100 - FE luy ke: 11200 - Thoi gian: 0.3 phut
Vong lap 224/250 - Repository: 100 - FE luy ke: 11250 - Thoi gian: 0.3 phut
Vong lap 225/250 - Repository: 100 - FE luy ke: 11300 - Thoi gian: 0.3 phut
Vong lap 226/250 - Repository: 100 - FE luy ke: 11350 - Thoi gian: 0.3 phut
Vong lap 227/250 - Repository: 100 - FE luy ke: 11400 - Thoi gian: 0.4 phut
Vong lap 228/250 - Repository: 100 - FE luy ke: 11450 - Thoi gian: 0.4 phut
Vong lap 229/250 - Repository: 100 - FE luy ke: 11500 - Thoi gian: 0.4 phut
Vong lap 230/250 - Repository: 100 - FE luy ke: 11550 - Thoi gian: 0.4 phut
Vong lap 231/250 - Repository: 100 - FE luy ke: 11600 - Thoi gian: 0.4 phut
Vong lap 232/250 - Repository: 100 - FE luy ke: 11650 - Thoi gian: 0.4 phut
Vong lap 233/250 - Repository: 100 - FE luy ke: 11700 - Thoi gian: 0.4 phut
Vong lap 234/250 - Repository: 100 - FE luy ke: 11750 - Thoi gian: 0.4 phut
Vong lap 235/250 - Repository: 100 - FE luy ke: 11800 - Thoi gian: 0.4 phut
Vong lap 236/250 - Repository: 100 - FE luy ke: 11850 - Thoi gian: 0.4 phut
Vong lap 237/250 - Repository: 100 - FE luy ke: 11900 - Thoi gian: 0.4 phut
Vong lap 238/250 - Repository: 100 - FE luy ke: 11950 - Thoi gian: 0.4 phut
Vong lap 239/250 - Repository: 100 - FE luy ke: 12000 - Thoi gian: 0.4 phut
Vong lap 240/250 - Repository: 100 - FE luy ke: 12050 - Thoi gian: 0.4 phut
Vong lap 241/250 - Repository: 100 - FE luy ke: 12100 - Thoi gian: 0.4 phut
Vong lap 242/250 - Repository: 100 - FE luy ke: 12150 - Thoi gian: 0.4 phut
Vong lap 243/250 - Repository: 100 - FE luy ke: 12200 - Thoi gian: 0.4 phut
Vong lap 244/250 - Repository: 100 - FE luy ke: 12250 - Thoi gian: 0.4 phut
Vong lap 245/250 - Repository: 100 - FE luy ke: 12300 - Thoi gian: 0.4 phut
Vong lap 246/250 - Repository: 100 - FE luy ke: 12350 - Thoi gian: 0.4 phut
Vong lap 247/250 - Repository: 100 - FE luy ke: 12400 - Thoi gian: 0.4 phut
Vong lap 248/250 - Repository: 100 - FE luy ke: 12450 - Thoi gian: 0.4 phut
Vong lap 249/250 - Repository: 100 - FE luy ke: 12500 - Thoi gian: 0.4 phut
Vong lap 250/250 - Repository: 100 - FE luy ke: 12550 - Thoi gian: 0.4 phut
HOAN THANH campaign E-MOSFOA. Tong thoi gian: 0.01 gio. So nghiem Pareto: 100
=== E-MOSFOA doc lap lan 16/30 (RunTag=run16) ===
[Wharf100DWT E-MOSFOA - SONG SONG] Np=50 Max_it=250 Nr=100 Num_work=8 (FE uoc tinh=12550)
SUCCESS: The process "SAP2000.exe" with PID 14608 has been terminated. 
SUCCESS: The process "SAP2000.exe" with PID 8004 has been terminated. 
SUCCESS: The process "SAP2000.exe" with PID 18592 has been terminated. 
SUCCESS: The process "SAP2000.exe" with PID 27172 has been terminated. 
SUCCESS: The process "SAP2000.exe" with PID 25188 has been terminated. 
SUCCESS: The process "SAP2000.exe" with PID 23820 has been terminated. 
SUCCESS: The process "SAP2000.exe" with PID 5676 has been terminated. 
SUCCESS: The process "SAP2000.exe" with PID 9544 has been terminated. 
[Warning: Files that have already been attached are being ignored. To see which files are attached see the 'AttachedFiles' property of the parallel pool.] 
Worker 1: 
  wharf100dwt_evaluate: da nap cache tu D:\ResearchLab\02_Projects\02_Projects\MOFDA\Wharf100DWT\results\Wharf100DWT_BRUTEFORCE_FINAL.mat (4080 to hop).
Worker 2: 
  wharf100dwt_evaluate: da nap cache tu D:\ResearchLab\02_Projects\02_Projects\MOFDA\Wharf100DWT\results\Wharf100DWT_BRUTEFORCE_FINAL.mat (4080 to hop).
Worker 3: 
  wharf100dwt_evaluate: da nap cache tu D:\ResearchLab\02_Projects\02_Projects\MOFDA\Wharf100DWT\results\Wharf100DWT_BRUTEFORCE_FINAL.mat (4080 to hop).
Worker 4: 
  wharf100dwt_evaluate: da nap cache tu D:\ResearchLab\02_Projects\02_Projects\MOFDA\Wharf100DWT\results\Wharf100DWT_BRUTEFORCE_FINAL.mat (4080 to hop).
Worker 5: 
  wharf100dwt_evaluate: da nap cache tu D:\ResearchLab\02_Projects\02_Projects\MOFDA\Wharf100DWT\results\Wharf100DWT_BRUTEFORCE_FINAL.mat (4080 to hop).
Worker 6: 
  wharf100dwt_evaluate: da nap cache tu D:\ResearchLab\02_Projects\02_Projects\MOFDA\Wharf100DWT\results\Wharf100DWT_BRUTEFORCE_FINAL.mat (4080 to hop).
Worker 7: 
  wharf100dwt_evaluate: da nap cache tu D:\ResearchLab\02_Projects\02_Projects\MOFDA\Wharf100DWT\results\Wharf100DWT_BRUTEFORCE_FINAL.mat (4080 to hop).
Worker 8: 
  wharf100dwt_evaluate: da nap cache tu D:\ResearchLab\02_Projects\02_Projects\MOFDA\Wharf100DWT\results\Wharf100DWT_BRUTEFORCE_FINAL.mat (4080 to hop).
The he #0 - Kich thuoc Repository: 2
Vong lap 1/250 - Repository: 9 - FE luy ke: 100 - Thoi gian: 0.0 phut
Vong lap 2/250 - Repository: 12 - FE luy ke: 150 - Thoi gian: 0.0 phut
Vong lap 3/250 - Repository: 20 - FE luy ke: 200 - Thoi gian: 0.0 phut
Vong lap 4/250 - Repository: 21 - FE luy ke: 250 - Thoi gian: 0.0 phut
Vong lap 5/250 - Repository: 35 - FE luy ke: 300 - Thoi gian: 0.0 phut
Vong lap 6/250 - Repository: 49 - FE luy ke: 350 - Thoi gian: 0.0 phut
Vong lap 7/250 - Repository: 56 - FE luy ke: 400 - Thoi gian: 0.0 phut
Vong lap 8/250 - Repository: 59 - FE luy ke: 450 - Thoi gian: 0.0 phut
Vong lap 9/250 - Repository: 64 - FE luy ke: 500 - Thoi gian: 0.0 phut
Vong lap 10/250 - Repository: 73 - FE luy ke: 550 - Thoi gian: 0.0 phut
Vong lap 11/250 - Repository: 93 - FE luy ke: 600 - Thoi gian: 0.0 phut
Vong lap 12/250 - Repository: 100 - FE luy ke: 650 - Thoi gian: 0.0 phut
Vong lap 13/250 - Repository: 100 - FE luy ke: 700 - Thoi gian: 0.0 phut
Vong lap 14/250 - Repository: 100 - FE luy ke: 750 - Thoi gian: 0.0 phut
Vong lap 15/250 - Repository: 100 - FE luy ke: 800 - Thoi gian: 0.0 phut
Vong lap 16/250 - Repository: 100 - FE luy ke: 850 - Thoi gian: 0.0 phut
Vong lap 17/250 - Repository: 100 - FE luy ke: 900 - Thoi gian: 0.0 phut
Vong lap 18/250 - Repository: 100 - FE luy ke: 950 - Thoi gian: 0.0 phut
Vong lap 19/250 - Repository: 100 - FE luy ke: 1000 - Thoi gian: 0.0 phut
Vong lap 20/250 - Repository: 100 - FE luy ke: 1050 - Thoi gian: 0.0 phut
Vong lap 21/250 - Repository: 100 - FE luy ke: 1100 - Thoi gian: 0.0 phut
Vong lap 22/250 - Repository: 100 - FE luy ke: 1150 - Thoi gian: 0.0 phut
Vong lap 23/250 - Repository: 100 - FE luy ke: 1200 - Thoi gian: 0.0 phut
Vong lap 24/250 - Repository: 100 - FE luy ke: 1250 - Thoi gian: 0.0 phut
Vong lap 25/250 - Repository: 100 - FE luy ke: 1300 - Thoi gian: 0.0 phut
Vong lap 26/250 - Repository: 100 - FE luy ke: 1350 - Thoi gian: 0.0 phut
Vong lap 27/250 - Repository: 100 - FE luy ke: 1400 - Thoi gian: 0.0 phut
Vong lap 28/250 - Repository: 100 - FE luy ke: 1450 - Thoi gian: 0.0 phut
Vong lap 29/250 - Repository: 100 - FE luy ke: 1500 - Thoi gian: 0.0 phut
Vong lap 30/250 - Repository: 100 - FE luy ke: 1550 - Thoi gian: 0.0 phut
Vong lap 31/250 - Repository: 100 - FE luy ke: 1600 - Thoi gian: 0.0 phut
Vong lap 32/250 - Repository: 100 - FE luy ke: 1650 - Thoi gian: 0.0 phut
Vong lap 33/250 - Repository: 100 - FE luy ke: 1700 - Thoi gian: 0.0 phut
Vong lap 34/250 - Repository: 100 - FE luy ke: 1750 - Thoi gian: 0.0 phut
Vong lap 35/250 - Repository: 100 - FE luy ke: 1800 - Thoi gian: 0.0 phut
Vong lap 36/250 - Repository: 100 - FE luy ke: 1850 - Thoi gian: 0.0 phut
Vong lap 37/250 - Repository: 100 - FE luy ke: 1900 - Thoi gian: 0.1 phut
Vong lap 38/250 - Repository: 100 - FE luy ke: 1950 - Thoi gian: 0.1 phut
Vong lap 39/250 - Repository: 100 - FE luy ke: 2000 - Thoi gian: 0.1 phut
Vong lap 40/250 - Repository: 100 - FE luy ke: 2050 - Thoi gian: 0.1 phut
Vong lap 41/250 - Repository: 100 - FE luy ke: 2100 - Thoi gian: 0.1 phut
Vong lap 42/250 - Repository: 100 - FE luy ke: 2150 - Thoi gian: 0.1 phut
Vong lap 43/250 - Repository: 100 - FE luy ke: 2200 - Thoi gian: 0.1 phut
Vong lap 44/250 - Repository: 100 - FE luy ke: 2250 - Thoi gian: 0.1 phut
Vong lap 45/250 - Repository: 100 - FE luy ke: 2300 - Thoi gian: 0.1 phut
Vong lap 46/250 - Repository: 100 - FE luy ke: 2350 - Thoi gian: 0.1 phut
Vong lap 47/250 - Repository: 100 - FE luy ke: 2400 - Thoi gian: 0.1 phut
Vong lap 48/250 - Repository: 100 - FE luy ke: 2450 - Thoi gian: 0.1 phut
Vong lap 49/250 - Repository: 100 - FE luy ke: 2500 - Thoi gian: 0.1 phut
Vong lap 50/250 - Repository: 100 - FE luy ke: 2550 - Thoi gian: 0.1 phut
Vong lap 51/250 - Repository: 100 - FE luy ke: 2600 - Thoi gian: 0.1 phut
Vong lap 52/250 - Repository: 100 - FE luy ke: 2650 - Thoi gian: 0.1 phut
Vong lap 53/250 - Repository: 100 - FE luy ke: 2700 - Thoi gian: 0.1 phut
Vong lap 54/250 - Repository: 100 - FE luy ke: 2750 - Thoi gian: 0.1 phut
Vong lap 55/250 - Repository: 100 - FE luy ke: 2800 - Thoi gian: 0.1 phut
Vong lap 56/250 - Repository: 100 - FE luy ke: 2850 - Thoi gian: 0.1 phut
Vong lap 57/250 - Repository: 100 - FE luy ke: 2900 - Thoi gian: 0.1 phut
Vong lap 58/250 - Repository: 100 - FE luy ke: 2950 - Thoi gian: 0.1 phut
Vong lap 59/250 - Repository: 100 - FE luy ke: 3000 - Thoi gian: 0.1 phut
Vong lap 60/250 - Repository: 100 - FE luy ke: 3050 - Thoi gian: 0.1 phut
Vong lap 61/250 - Repository: 100 - FE luy ke: 3100 - Thoi gian: 0.1 phut
Vong lap 62/250 - Repository: 100 - FE luy ke: 3150 - Thoi gian: 0.1 phut
Vong lap 63/250 - Repository: 100 - FE luy ke: 3200 - Thoi gian: 0.1 phut
Vong lap 64/250 - Repository: 100 - FE luy ke: 3250 - Thoi gian: 0.1 phut
Vong lap 65/250 - Repository: 100 - FE luy ke: 3300 - Thoi gian: 0.1 phut
Vong lap 66/250 - Repository: 100 - FE luy ke: 3350 - Thoi gian: 0.1 phut
Vong lap 67/250 - Repository: 100 - FE luy ke: 3400 - Thoi gian: 0.1 phut
Vong lap 68/250 - Repository: 100 - FE luy ke: 3450 - Thoi gian: 0.1 phut
Vong lap 69/250 - Repository: 100 - FE luy ke: 3500 - Thoi gian: 0.1 phut
Vong lap 70/250 - Repository: 100 - FE luy ke: 3550 - Thoi gian: 0.1 phut
Vong lap 71/250 - Repository: 100 - FE luy ke: 3600 - Thoi gian: 0.1 phut
Vong lap 72/250 - Repository: 100 - FE luy ke: 3650 - Thoi gian: 0.1 phut
Vong lap 73/250 - Repository: 100 - FE luy ke: 3700 - Thoi gian: 0.1 phut
Vong lap 74/250 - Repository: 100 - FE luy ke: 3750 - Thoi gian: 0.1 phut
Vong lap 75/250 - Repository: 100 - FE luy ke: 3800 - Thoi gian: 0.1 phut
Vong lap 76/250 - Repository: 100 - FE luy ke: 3850 - Thoi gian: 0.1 phut
Vong lap 77/250 - Repository: 100 - FE luy ke: 3900 - Thoi gian: 0.1 phut
Vong lap 78/250 - Repository: 100 - FE luy ke: 3950 - Thoi gian: 0.1 phut
Vong lap 79/250 - Repository: 100 - FE luy ke: 4000 - Thoi gian: 0.1 phut
Vong lap 80/250 - Repository: 100 - FE luy ke: 4050 - Thoi gian: 0.1 phut
Vong lap 81/250 - Repository: 100 - FE luy ke: 4100 - Thoi gian: 0.1 phut
Vong lap 82/250 - Repository: 100 - FE luy ke: 4150 - Thoi gian: 0.1 phut
Vong lap 83/250 - Repository: 100 - FE luy ke: 4200 - Thoi gian: 0.1 phut
Vong lap 84/250 - Repository: 100 - FE luy ke: 4250 - Thoi gian: 0.1 phut
Vong lap 85/250 - Repository: 100 - FE luy ke: 4300 - Thoi gian: 0.1 phut
Vong lap 86/250 - Repository: 100 - FE luy ke: 4350 - Thoi gian: 0.1 phut
Vong lap 87/250 - Repository: 100 - FE luy ke: 4400 - Thoi gian: 0.1 phut
Vong lap 88/250 - Repository: 100 - FE luy ke: 4450 - Thoi gian: 0.1 phut
Vong lap 89/250 - Repository: 100 - FE luy ke: 4500 - Thoi gian: 0.1 phut
Vong lap 90/250 - Repository: 100 - FE luy ke: 4550 - Thoi gian: 0.1 phut
Vong lap 91/250 - Repository: 100 - FE luy ke: 4600 - Thoi gian: 0.1 phut
Vong lap 92/250 - Repository: 100 - FE luy ke: 4650 - Thoi gian: 0.1 phut
Vong lap 93/250 - Repository: 100 - FE luy ke: 4700 - Thoi gian: 0.1 phut
Vong lap 94/250 - Repository: 100 - FE luy ke: 4750 - Thoi gian: 0.1 phut
Vong lap 95/250 - Repository: 100 - FE luy ke: 4800 - Thoi gian: 0.1 phut
Vong lap 96/250 - Repository: 100 - FE luy ke: 4850 - Thoi gian: 0.1 phut
Vong lap 97/250 - Repository: 100 - FE luy ke: 4900 - Thoi gian: 0.1 phut
Vong lap 98/250 - Repository: 100 - FE luy ke: 4950 - Thoi gian: 0.1 phut
Vong lap 99/250 - Repository: 100 - FE luy ke: 5000 - Thoi gian: 0.1 phut
Vong lap 100/250 - Repository: 100 - FE luy ke: 5050 - Thoi gian: 0.1 phut
Vong lap 101/250 - Repository: 100 - FE luy ke: 5100 - Thoi gian: 0.1 phut
Vong lap 102/250 - Repository: 100 - FE luy ke: 5150 - Thoi gian: 0.1 phut
Vong lap 103/250 - Repository: 100 - FE luy ke: 5200 - Thoi gian: 0.1 phut
Vong lap 104/250 - Repository: 100 - FE luy ke: 5250 - Thoi gian: 0.2 phut
Vong lap 105/250 - Repository: 100 - FE luy ke: 5300 - Thoi gian: 0.2 phut
Vong lap 106/250 - Repository: 100 - FE luy ke: 5350 - Thoi gian: 0.2 phut
Vong lap 107/250 - Repository: 100 - FE luy ke: 5400 - Thoi gian: 0.2 phut
Vong lap 108/250 - Repository: 100 - FE luy ke: 5450 - Thoi gian: 0.2 phut
Vong lap 109/250 - Repository: 100 - FE luy ke: 5500 - Thoi gian: 0.2 phut
Vong lap 110/250 - Repository: 100 - FE luy ke: 5550 - Thoi gian: 0.2 phut
Vong lap 111/250 - Repository: 100 - FE luy ke: 5600 - Thoi gian: 0.2 phut
Vong lap 112/250 - Repository: 100 - FE luy ke: 5650 - Thoi gian: 0.2 phut
Vong lap 113/250 - Repository: 100 - FE luy ke: 5700 - Thoi gian: 0.2 phut
Vong lap 114/250 - Repository: 100 - FE luy ke: 5750 - Thoi gian: 0.2 phut
Vong lap 115/250 - Repository: 100 - FE luy ke: 5800 - Thoi gian: 0.2 phut
Vong lap 116/250 - Repository: 100 - FE luy ke: 5850 - Thoi gian: 0.2 phut
Vong lap 117/250 - Repository: 100 - FE luy ke: 5900 - Thoi gian: 0.2 phut
Vong lap 118/250 - Repository: 100 - FE luy ke: 5950 - Thoi gian: 0.2 phut
Vong lap 119/250 - Repository: 100 - FE luy ke: 6000 - Thoi gian: 0.2 phut
Vong lap 120/250 - Repository: 100 - FE luy ke: 6050 - Thoi gian: 0.2 phut
Vong lap 121/250 - Repository: 100 - FE luy ke: 6100 - Thoi gian: 0.2 phut
Vong lap 122/250 - Repository: 100 - FE luy ke: 6150 - Thoi gian: 0.2 phut
Vong lap 123/250 - Repository: 100 - FE luy ke: 6200 - Thoi gian: 0.2 phut
Vong lap 124/250 - Repository: 100 - FE luy ke: 6250 - Thoi gian: 0.2 phut
Vong lap 125/250 - Repository: 100 - FE luy ke: 6300 - Thoi gian: 0.2 phut
Vong lap 126/250 - Repository: 100 - FE luy ke: 6350 - Thoi gian: 0.2 phut
Vong lap 127/250 - Repository: 100 - FE luy ke: 6400 - Thoi gian: 0.2 phut
Vong lap 128/250 - Repository: 100 - FE luy ke: 6450 - Thoi gian: 0.2 phut
Vong lap 129/250 - Repository: 100 - FE luy ke: 6500 - Thoi gian: 0.2 phut
Vong lap 130/250 - Repository: 100 - FE luy ke: 6550 - Thoi gian: 0.2 phut
Vong lap 131/250 - Repository: 100 - FE luy ke: 6600 - Thoi gian: 0.2 phut
Vong lap 132/250 - Repository: 100 - FE luy ke: 6650 - Thoi gian: 0.2 phut
Vong lap 133/250 - Repository: 100 - FE luy ke: 6700 - Thoi gian: 0.2 phut
Vong lap 134/250 - Repository: 100 - FE luy ke: 6750 - Thoi gian: 0.2 phut
Vong lap 135/250 - Repository: 100 - FE luy ke: 6800 - Thoi gian: 0.2 phut
Vong lap 136/250 - Repository: 100 - FE luy ke: 6850 - Thoi gian: 0.2 phut
Vong lap 137/250 - Repository: 100 - FE luy ke: 6900 - Thoi gian: 0.2 phut
Vong lap 138/250 - Repository: 100 - FE luy ke: 6950 - Thoi gian: 0.2 phut
Vong lap 139/250 - Repository: 100 - FE luy ke: 7000 - Thoi gian: 0.2 phut
Vong lap 140/250 - Repository: 100 - FE luy ke: 7050 - Thoi gian: 0.2 phut
Vong lap 141/250 - Repository: 100 - FE luy ke: 7100 - Thoi gian: 0.2 phut
Vong lap 142/250 - Repository: 100 - FE luy ke: 7150 - Thoi gian: 0.2 phut
Vong lap 143/250 - Repository: 100 - FE luy ke: 7200 - Thoi gian: 0.2 phut
Vong lap 144/250 - Repository: 100 - FE luy ke: 7250 - Thoi gian: 0.2 phut
Vong lap 145/250 - Repository: 100 - FE luy ke: 7300 - Thoi gian: 0.2 phut
Vong lap 146/250 - Repository: 100 - FE luy ke: 7350 - Thoi gian: 0.2 phut
Vong lap 147/250 - Repository: 100 - FE luy ke: 7400 - Thoi gian: 0.2 phut
Vong lap 148/250 - Repository: 100 - FE luy ke: 7450 - Thoi gian: 0.2 phut
Vong lap 149/250 - Repository: 100 - FE luy ke: 7500 - Thoi gian: 0.2 phut
Vong lap 150/250 - Repository: 100 - FE luy ke: 7550 - Thoi gian: 0.2 phut
Vong lap 151/250 - Repository: 100 - FE luy ke: 7600 - Thoi gian: 0.2 phut
Vong lap 152/250 - Repository: 100 - FE luy ke: 7650 - Thoi gian: 0.2 phut
Vong lap 153/250 - Repository: 100 - FE luy ke: 7700 - Thoi gian: 0.2 phut
Vong lap 154/250 - Repository: 100 - FE luy ke: 7750 - Thoi gian: 0.2 phut
Vong lap 155/250 - Repository: 100 - FE luy ke: 7800 - Thoi gian: 0.2 phut
Vong lap 156/250 - Repository: 100 - FE luy ke: 7850 - Thoi gian: 0.2 phut
Vong lap 157/250 - Repository: 100 - FE luy ke: 7900 - Thoi gian: 0.2 phut
Vong lap 158/250 - Repository: 100 - FE luy ke: 7950 - Thoi gian: 0.2 phut
Vong lap 159/250 - Repository: 100 - FE luy ke: 8000 - Thoi gian: 0.2 phut
Vong lap 160/250 - Repository: 100 - FE luy ke: 8050 - Thoi gian: 0.2 phut
Vong lap 161/250 - Repository: 100 - FE luy ke: 8100 - Thoi gian: 0.2 phut
Vong lap 162/250 - Repository: 100 - FE luy ke: 8150 - Thoi gian: 0.2 phut
Vong lap 163/250 - Repository: 100 - FE luy ke: 8200 - Thoi gian: 0.2 phut
Vong lap 164/250 - Repository: 100 - FE luy ke: 8250 - Thoi gian: 0.2 phut
Vong lap 165/250 - Repository: 100 - FE luy ke: 8300 - Thoi gian: 0.2 phut
Vong lap 166/250 - Repository: 100 - FE luy ke: 8350 - Thoi gian: 0.2 phut
Vong lap 167/250 - Repository: 100 - FE luy ke: 8400 - Thoi gian: 0.2 phut
Vong lap 168/250 - Repository: 100 - FE luy ke: 8450 - Thoi gian: 0.3 phut
Vong lap 169/250 - Repository: 100 - FE luy ke: 8500 - Thoi gian: 0.3 phut
Vong lap 170/250 - Repository: 100 - FE luy ke: 8550 - Thoi gian: 0.3 phut
Vong lap 171/250 - Repository: 100 - FE luy ke: 8600 - Thoi gian: 0.3 phut
Vong lap 172/250 - Repository: 100 - FE luy ke: 8650 - Thoi gian: 0.3 phut
Vong lap 173/250 - Repository: 100 - FE luy ke: 8700 - Thoi gian: 0.3 phut
Vong lap 174/250 - Repository: 100 - FE luy ke: 8750 - Thoi gian: 0.3 phut
Vong lap 175/250 - Repository: 100 - FE luy ke: 8800 - Thoi gian: 0.3 phut
Vong lap 176/250 - Repository: 100 - FE luy ke: 8850 - Thoi gian: 0.3 phut
Vong lap 177/250 - Repository: 100 - FE luy ke: 8900 - Thoi gian: 0.3 phut
Vong lap 178/250 - Repository: 100 - FE luy ke: 8950 - Thoi gian: 0.3 phut
Vong lap 179/250 - Repository: 100 - FE luy ke: 9000 - Thoi gian: 0.3 phut
Vong lap 180/250 - Repository: 100 - FE luy ke: 9050 - Thoi gian: 0.3 phut
Vong lap 181/250 - Repository: 100 - FE luy ke: 9100 - Thoi gian: 0.3 phut
Vong lap 182/250 - Repository: 100 - FE luy ke: 9150 - Thoi gian: 0.3 phut
Vong lap 183/250 - Repository: 100 - FE luy ke: 9200 - Thoi gian: 0.3 phut
Vong lap 184/250 - Repository: 100 - FE luy ke: 9250 - Thoi gian: 0.3 phut
Vong lap 185/250 - Repository: 100 - FE luy ke: 9300 - Thoi gian: 0.3 phut
Vong lap 186/250 - Repository: 100 - FE luy ke: 9350 - Thoi gian: 0.3 phut
Vong lap 187/250 - Repository: 100 - FE luy ke: 9400 - Thoi gian: 0.3 phut
Vong lap 188/250 - Repository: 100 - FE luy ke: 9450 - Thoi gian: 0.3 phut
Vong lap 189/250 - Repository: 100 - FE luy ke: 9500 - Thoi gian: 0.3 phut
Vong lap 190/250 - Repository: 100 - FE luy ke: 9550 - Thoi gian: 0.3 phut
Vong lap 191/250 - Repository: 100 - FE luy ke: 9600 - Thoi gian: 0.3 phut
Vong lap 192/250 - Repository: 100 - FE luy ke: 9650 - Thoi gian: 0.3 phut
Vong lap 193/250 - Repository: 100 - FE luy ke: 9700 - Thoi gian: 0.3 phut
Vong lap 194/250 - Repository: 100 - FE luy ke: 9750 - Thoi gian: 0.3 phut
Vong lap 195/250 - Repository: 100 - FE luy ke: 9800 - Thoi gian: 0.3 phut
Vong lap 196/250 - Repository: 100 - FE luy ke: 9850 - Thoi gian: 0.3 phut
Vong lap 197/250 - Repository: 100 - FE luy ke: 9900 - Thoi gian: 0.3 phut
Vong lap 198/250 - Repository: 100 - FE luy ke: 9950 - Thoi gian: 0.3 phut
Vong lap 199/250 - Repository: 100 - FE luy ke: 10000 - Thoi gian: 0.3 phut
Vong lap 200/250 - Repository: 100 - FE luy ke: 10050 - Thoi gian: 0.3 phut
Vong lap 201/250 - Repository: 100 - FE luy ke: 10100 - Thoi gian: 0.3 phut
Vong lap 202/250 - Repository: 100 - FE luy ke: 10150 - Thoi gian: 0.3 phut
Vong lap 203/250 - Repository: 100 - FE luy ke: 10200 - Thoi gian: 0.3 phut
Vong lap 204/250 - Repository: 100 - FE luy ke: 10250 - Thoi gian: 0.3 phut
Vong lap 205/250 - Repository: 100 - FE luy ke: 10300 - Thoi gian: 0.3 phut
Vong lap 206/250 - Repository: 100 - FE luy ke: 10350 - Thoi gian: 0.3 phut
Vong lap 207/250 - Repository: 100 - FE luy ke: 10400 - Thoi gian: 0.3 phut
Vong lap 208/250 - Repository: 100 - FE luy ke: 10450 - Thoi gian: 0.3 phut
Vong lap 209/250 - Repository: 100 - FE luy ke: 10500 - Thoi gian: 0.3 phut
Vong lap 210/250 - Repository: 100 - FE luy ke: 10550 - Thoi gian: 0.3 phut
Vong lap 211/250 - Repository: 100 - FE luy ke: 10600 - Thoi gian: 0.3 phut
Vong lap 212/250 - Repository: 100 - FE luy ke: 10650 - Thoi gian: 0.3 phut
Vong lap 213/250 - Repository: 100 - FE luy ke: 10700 - Thoi gian: 0.3 phut
Vong lap 214/250 - Repository: 100 - FE luy ke: 10750 - Thoi gian: 0.3 phut
Vong lap 215/250 - Repository: 100 - FE luy ke: 10800 - Thoi gian: 0.3 phut
Vong lap 216/250 - Repository: 100 - FE luy ke: 10850 - Thoi gian: 0.3 phut
Vong lap 217/250 - Repository: 100 - FE luy ke: 10900 - Thoi gian: 0.3 phut
Vong lap 218/250 - Repository: 100 - FE luy ke: 10950 - Thoi gian: 0.3 phut
Vong lap 219/250 - Repository: 100 - FE luy ke: 11000 - Thoi gian: 0.3 phut
Vong lap 220/250 - Repository: 100 - FE luy ke: 11050 - Thoi gian: 0.3 phut
Vong lap 221/250 - Repository: 100 - FE luy ke: 11100 - Thoi gian: 0.3 phut
Vong lap 222/250 - Repository: 100 - FE luy ke: 11150 - Thoi gian: 0.3 phut
Vong lap 223/250 - Repository: 100 - FE luy ke: 11200 - Thoi gian: 0.3 phut
Vong lap 224/250 - Repository: 100 - FE luy ke: 11250 - Thoi gian: 0.3 phut
Vong lap 225/250 - Repository: 100 - FE luy ke: 11300 - Thoi gian: 0.3 phut
Vong lap 226/250 - Repository: 100 - FE luy ke: 11350 - Thoi gian: 0.3 phut
Vong lap 227/250 - Repository: 100 - FE luy ke: 11400 - Thoi gian: 0.3 phut
Vong lap 228/250 - Repository: 100 - FE luy ke: 11450 - Thoi gian: 0.3 phut
Vong lap 229/250 - Repository: 100 - FE luy ke: 11500 - Thoi gian: 0.4 phut
Vong lap 230/250 - Repository: 100 - FE luy ke: 11550 - Thoi gian: 0.4 phut
Vong lap 231/250 - Repository: 100 - FE luy ke: 11600 - Thoi gian: 0.4 phut
Vong lap 232/250 - Repository: 100 - FE luy ke: 11650 - Thoi gian: 0.4 phut
Vong lap 233/250 - Repository: 100 - FE luy ke: 11700 - Thoi gian: 0.4 phut
Vong lap 234/250 - Repository: 100 - FE luy ke: 11750 - Thoi gian: 0.4 phut
Vong lap 235/250 - Repository: 100 - FE luy ke: 11800 - Thoi gian: 0.4 phut
Vong lap 236/250 - Repository: 100 - FE luy ke: 11850 - Thoi gian: 0.4 phut
Vong lap 237/250 - Repository: 100 - FE luy ke: 11900 - Thoi gian: 0.4 phut
Vong lap 238/250 - Repository: 100 - FE luy ke: 11950 - Thoi gian: 0.4 phut
Vong lap 239/250 - Repository: 100 - FE luy ke: 12000 - Thoi gian: 0.4 phut
Vong lap 240/250 - Repository: 100 - FE luy ke: 12050 - Thoi gian: 0.4 phut
Vong lap 241/250 - Repository: 100 - FE luy ke: 12100 - Thoi gian: 0.4 phut
Vong lap 242/250 - Repository: 100 - FE luy ke: 12150 - Thoi gian: 0.4 phut
Vong lap 243/250 - Repository: 100 - FE luy ke: 12200 - Thoi gian: 0.4 phut
Vong lap 244/250 - Repository: 100 - FE luy ke: 12250 - Thoi gian: 0.4 phut
Vong lap 245/250 - Repository: 100 - FE luy ke: 12300 - Thoi gian: 0.4 phut
Vong lap 246/250 - Repository: 100 - FE luy ke: 12350 - Thoi gian: 0.4 phut
Vong lap 247/250 - Repository: 100 - FE luy ke: 12400 - Thoi gian: 0.4 phut
Vong lap 248/250 - Repository: 100 - FE luy ke: 12450 - Thoi gian: 0.4 phut
Vong lap 249/250 - Repository: 100 - FE luy ke: 12500 - Thoi gian: 0.4 phut
Vong lap 250/250 - Repository: 100 - FE luy ke: 12550 - Thoi gian: 0.4 phut
HOAN THANH campaign E-MOSFOA. Tong thoi gian: 0.01 gio. So nghiem Pareto: 100
=== E-MOSFOA doc lap lan 17/30 (RunTag=run17) ===
[Wharf100DWT E-MOSFOA - SONG SONG] Np=50 Max_it=250 Nr=100 Num_work=8 (FE uoc tinh=12550)
SUCCESS: The process "SAP2000.exe" with PID 16752 has been terminated. 
SUCCESS: The process "SAP2000.exe" with PID 16316 has been terminated. 
SUCCESS: The process "SAP2000.exe" with PID 26812 has been terminated. 
SUCCESS: The process "SAP2000.exe" with PID 17872 has been terminated. 
SUCCESS: The process "SAP2000.exe" with PID 22376 has been terminated. 
SUCCESS: The process "SAP2000.exe" with PID 3184 has been terminated. 
SUCCESS: The process "SAP2000.exe" with PID 7468 has been terminated. 
SUCCESS: The process "SAP2000.exe" with PID 7208 has been terminated. 
[Warning: Files that have already been attached are being ignored. To see which files are attached see the 'AttachedFiles' property of the parallel pool.] 
Worker 1: 
  wharf100dwt_evaluate: da nap cache tu D:\ResearchLab\02_Projects\02_Projects\MOFDA\Wharf100DWT\results\Wharf100DWT_BRUTEFORCE_FINAL.mat (4080 to hop).
Worker 2: 
  wharf100dwt_evaluate: da nap cache tu D:\ResearchLab\02_Projects\02_Projects\MOFDA\Wharf100DWT\results\Wharf100DWT_BRUTEFORCE_FINAL.mat (4080 to hop).
Worker 3: 
  wharf100dwt_evaluate: da nap cache tu D:\ResearchLab\02_Projects\02_Projects\MOFDA\Wharf100DWT\results\Wharf100DWT_BRUTEFORCE_FINAL.mat (4080 to hop).
Worker 4: 
  wharf100dwt_evaluate: da nap cache tu D:\ResearchLab\02_Projects\02_Projects\MOFDA\Wharf100DWT\results\Wharf100DWT_BRUTEFORCE_FINAL.mat (4080 to hop).
Worker 5: 
  wharf100dwt_evaluate: da nap cache tu D:\ResearchLab\02_Projects\02_Projects\MOFDA\Wharf100DWT\results\Wharf100DWT_BRUTEFORCE_FINAL.mat (4080 to hop).
Worker 6: 
  wharf100dwt_evaluate: da nap cache tu D:\ResearchLab\02_Projects\02_Projects\MOFDA\Wharf100DWT\results\Wharf100DWT_BRUTEFORCE_FINAL.mat (4080 to hop).
Worker 7: 
  wharf100dwt_evaluate: da nap cache tu D:\ResearchLab\02_Projects\02_Projects\MOFDA\Wharf100DWT\results\Wharf100DWT_BRUTEFORCE_FINAL.mat (4080 to hop).
Worker 8: 
  wharf100dwt_evaluate: da nap cache tu D:\ResearchLab\02_Projects\02_Projects\MOFDA\Wharf100DWT\results\Wharf100DWT_BRUTEFORCE_FINAL.mat (4080 to hop).
The he #0 - Kich thuoc Repository: 5
Vong lap 1/250 - Repository: 17 - FE luy ke: 100 - Thoi gian: 0.0 phut
Vong lap 2/250 - Repository: 24 - FE luy ke: 150 - Thoi gian: 0.0 phut
Vong lap 3/250 - Repository: 29 - FE luy ke: 200 - Thoi gian: 0.0 phut
Vong lap 4/250 - Repository: 38 - FE luy ke: 250 - Thoi gian: 0.0 phut
Vong lap 5/250 - Repository: 48 - FE luy ke: 300 - Thoi gian: 0.0 phut
Vong lap 6/250 - Repository: 58 - FE luy ke: 350 - Thoi gian: 0.0 phut
Vong lap 7/250 - Repository: 71 - FE luy ke: 400 - Thoi gian: 0.0 phut
Vong lap 8/250 - Repository: 90 - FE luy ke: 450 - Thoi gian: 0.0 phut
Vong lap 9/250 - Repository: 100 - FE luy ke: 500 - Thoi gian: 0.0 phut
Vong lap 10/250 - Repository: 100 - FE luy ke: 550 - Thoi gian: 0.0 phut
Vong lap 11/250 - Repository: 100 - FE luy ke: 600 - Thoi gian: 0.0 phut
Vong lap 12/250 - Repository: 100 - FE luy ke: 650 - Thoi gian: 0.0 phut
Vong lap 13/250 - Repository: 100 - FE luy ke: 700 - Thoi gian: 0.0 phut
Vong lap 14/250 - Repository: 100 - FE luy ke: 750 - Thoi gian: 0.0 phut
Vong lap 15/250 - Repository: 100 - FE luy ke: 800 - Thoi gian: 0.0 phut
Vong lap 16/250 - Repository: 100 - FE luy ke: 850 - Thoi gian: 0.0 phut
Vong lap 17/250 - Repository: 100 - FE luy ke: 900 - Thoi gian: 0.0 phut
Vong lap 18/250 - Repository: 100 - FE luy ke: 950 - Thoi gian: 0.0 phut
Vong lap 19/250 - Repository: 100 - FE luy ke: 1000 - Thoi gian: 0.0 phut
Vong lap 20/250 - Repository: 100 - FE luy ke: 1050 - Thoi gian: 0.0 phut
Vong lap 21/250 - Repository: 100 - FE luy ke: 1100 - Thoi gian: 0.0 phut
Vong lap 22/250 - Repository: 100 - FE luy ke: 1150 - Thoi gian: 0.0 phut
Vong lap 23/250 - Repository: 100 - FE luy ke: 1200 - Thoi gian: 0.0 phut
Vong lap 24/250 - Repository: 100 - FE luy ke: 1250 - Thoi gian: 0.0 phut
Vong lap 25/250 - Repository: 100 - FE luy ke: 1300 - Thoi gian: 0.0 phut
Vong lap 26/250 - Repository: 100 - FE luy ke: 1350 - Thoi gian: 0.0 phut
Vong lap 27/250 - Repository: 100 - FE luy ke: 1400 - Thoi gian: 0.0 phut
Vong lap 28/250 - Repository: 100 - FE luy ke: 1450 - Thoi gian: 0.0 phut
Vong lap 29/250 - Repository: 100 - FE luy ke: 1500 - Thoi gian: 0.0 phut
Vong lap 30/250 - Repository: 100 - FE luy ke: 1550 - Thoi gian: 0.0 phut
Vong lap 31/250 - Repository: 100 - FE luy ke: 1600 - Thoi gian: 0.0 phut
Vong lap 32/250 - Repository: 100 - FE luy ke: 1650 - Thoi gian: 0.0 phut
Vong lap 33/250 - Repository: 100 - FE luy ke: 1700 - Thoi gian: 0.0 phut
Vong lap 34/250 - Repository: 100 - FE luy ke: 1750 - Thoi gian: 0.0 phut
Vong lap 35/250 - Repository: 100 - FE luy ke: 1800 - Thoi gian: 0.0 phut
Vong lap 36/250 - Repository: 100 - FE luy ke: 1850 - Thoi gian: 0.1 phut
Vong lap 37/250 - Repository: 100 - FE luy ke: 1900 - Thoi gian: 0.1 phut
Vong lap 38/250 - Repository: 100 - FE luy ke: 1950 - Thoi gian: 0.1 phut
Vong lap 39/250 - Repository: 100 - FE luy ke: 2000 - Thoi gian: 0.1 phut
Vong lap 40/250 - Repository: 100 - FE luy ke: 2050 - Thoi gian: 0.1 phut
Vong lap 41/250 - Repository: 100 - FE luy ke: 2100 - Thoi gian: 0.1 phut
Vong lap 42/250 - Repository: 100 - FE luy ke: 2150 - Thoi gian: 0.1 phut
Vong lap 43/250 - Repository: 100 - FE luy ke: 2200 - Thoi gian: 0.1 phut
Vong lap 44/250 - Repository: 100 - FE luy ke: 2250 - Thoi gian: 0.1 phut
Vong lap 45/250 - Repository: 100 - FE luy ke: 2300 - Thoi gian: 0.1 phut
Vong lap 46/250 - Repository: 100 - FE luy ke: 2350 - Thoi gian: 0.1 phut
Vong lap 47/250 - Repository: 100 - FE luy ke: 2400 - Thoi gian: 0.1 phut
Vong lap 48/250 - Repository: 100 - FE luy ke: 2450 - Thoi gian: 0.1 phut
Vong lap 49/250 - Repository: 100 - FE luy ke: 2500 - Thoi gian: 0.1 phut
Vong lap 50/250 - Repository: 100 - FE luy ke: 2550 - Thoi gian: 0.1 phut
Vong lap 51/250 - Repository: 100 - FE luy ke: 2600 - Thoi gian: 0.1 phut
Vong lap 52/250 - Repository: 100 - FE luy ke: 2650 - Thoi gian: 0.1 phut
Vong lap 53/250 - Repository: 100 - FE luy ke: 2700 - Thoi gian: 0.1 phut
Vong lap 54/250 - Repository: 100 - FE luy ke: 2750 - Thoi gian: 0.1 phut
Vong lap 55/250 - Repository: 100 - FE luy ke: 2800 - Thoi gian: 0.1 phut
Vong lap 56/250 - Repository: 100 - FE luy ke: 2850 - Thoi gian: 0.1 phut
Vong lap 57/250 - Repository: 100 - FE luy ke: 2900 - Thoi gian: 0.1 phut
Vong lap 58/250 - Repository: 100 - FE luy ke: 2950 - Thoi gian: 0.1 phut
Vong lap 59/250 - Repository: 100 - FE luy ke: 3000 - Thoi gian: 0.1 phut
Vong lap 60/250 - Repository: 100 - FE luy ke: 3050 - Thoi gian: 0.1 phut
Vong lap 61/250 - Repository: 100 - FE luy ke: 3100 - Thoi gian: 0.1 phut
Vong lap 62/250 - Repository: 100 - FE luy ke: 3150 - Thoi gian: 0.1 phut
Vong lap 63/250 - Repository: 100 - FE luy ke: 3200 - Thoi gian: 0.1 phut
Vong lap 64/250 - Repository: 100 - FE luy ke: 3250 - Thoi gian: 0.1 phut
Vong lap 65/250 - Repository: 100 - FE luy ke: 3300 - Thoi gian: 0.1 phut
Vong lap 66/250 - Repository: 100 - FE luy ke: 3350 - Thoi gian: 0.1 phut
Vong lap 67/250 - Repository: 100 - FE luy ke: 3400 - Thoi gian: 0.1 phut
Vong lap 68/250 - Repository: 100 - FE luy ke: 3450 - Thoi gian: 0.1 phut
Vong lap 69/250 - Repository: 100 - FE luy ke: 3500 - Thoi gian: 0.1 phut
Vong lap 70/250 - Repository: 100 - FE luy ke: 3550 - Thoi gian: 0.1 phut
Vong lap 71/250 - Repository: 100 - FE luy ke: 3600 - Thoi gian: 0.1 phut
Vong lap 72/250 - Repository: 100 - FE luy ke: 3650 - Thoi gian: 0.1 phut
Vong lap 73/250 - Repository: 100 - FE luy ke: 3700 - Thoi gian: 0.1 phut
Vong lap 74/250 - Repository: 100 - FE luy ke: 3750 - Thoi gian: 0.1 phut
Vong lap 75/250 - Repository: 100 - FE luy ke: 3800 - Thoi gian: 0.1 phut
Vong lap 76/250 - Repository: 100 - FE luy ke: 3850 - Thoi gian: 0.1 phut
Vong lap 77/250 - Repository: 100 - FE luy ke: 3900 - Thoi gian: 0.1 phut
Vong lap 78/250 - Repository: 100 - FE luy ke: 3950 - Thoi gian: 0.1 phut
Vong lap 79/250 - Repository: 100 - FE luy ke: 4000 - Thoi gian: 0.1 phut
Vong lap 80/250 - Repository: 100 - FE luy ke: 4050 - Thoi gian: 0.1 phut
Vong lap 81/250 - Repository: 100 - FE luy ke: 4100 - Thoi gian: 0.1 phut
Vong lap 82/250 - Repository: 100 - FE luy ke: 4150 - Thoi gian: 0.1 phut
Vong lap 83/250 - Repository: 100 - FE luy ke: 4200 - Thoi gian: 0.1 phut
Vong lap 84/250 - Repository: 100 - FE luy ke: 4250 - Thoi gian: 0.1 phut
Vong lap 85/250 - Repository: 100 - FE luy ke: 4300 - Thoi gian: 0.1 phut
Vong lap 86/250 - Repository: 100 - FE luy ke: 4350 - Thoi gian: 0.1 phut
Vong lap 87/250 - Repository: 100 - FE luy ke: 4400 - Thoi gian: 0.1 phut
Vong lap 88/250 - Repository: 100 - FE luy ke: 4450 - Thoi gian: 0.1 phut
Vong lap 89/250 - Repository: 100 - FE luy ke: 4500 - Thoi gian: 0.1 phut
Vong lap 90/250 - Repository: 100 - FE luy ke: 4550 - Thoi gian: 0.1 phut
Vong lap 91/250 - Repository: 100 - FE luy ke: 4600 - Thoi gian: 0.1 phut
Vong lap 92/250 - Repository: 100 - FE luy ke: 4650 - Thoi gian: 0.1 phut
Vong lap 93/250 - Repository: 100 - FE luy ke: 4700 - Thoi gian: 0.1 phut
Vong lap 94/250 - Repository: 100 - FE luy ke: 4750 - Thoi gian: 0.1 phut
Vong lap 95/250 - Repository: 100 - FE luy ke: 4800 - Thoi gian: 0.1 phut
Vong lap 96/250 - Repository: 100 - FE luy ke: 4850 - Thoi gian: 0.1 phut
Vong lap 97/250 - Repository: 100 - FE luy ke: 4900 - Thoi gian: 0.1 phut
Vong lap 98/250 - Repository: 100 - FE luy ke: 4950 - Thoi gian: 0.1 phut
Vong lap 99/250 - Repository: 100 - FE luy ke: 5000 - Thoi gian: 0.1 phut
Vong lap 100/250 - Repository: 100 - FE luy ke: 5050 - Thoi gian: 0.1 phut
Vong lap 101/250 - Repository: 100 - FE luy ke: 5100 - Thoi gian: 0.1 phut
Vong lap 102/250 - Repository: 100 - FE luy ke: 5150 - Thoi gian: 0.1 phut
Vong lap 103/250 - Repository: 100 - FE luy ke: 5200 - Thoi gian: 0.2 phut
Vong lap 104/250 - Repository: 100 - FE luy ke: 5250 - Thoi gian: 0.2 phut
Vong lap 105/250 - Repository: 100 - FE luy ke: 5300 - Thoi gian: 0.2 phut
Vong lap 106/250 - Repository: 100 - FE luy ke: 5350 - Thoi gian: 0.2 phut
Vong lap 107/250 - Repository: 100 - FE luy ke: 5400 - Thoi gian: 0.2 phut
Vong lap 108/250 - Repository: 100 - FE luy ke: 5450 - Thoi gian: 0.2 phut
Vong lap 109/250 - Repository: 100 - FE luy ke: 5500 - Thoi gian: 0.2 phut
Vong lap 110/250 - Repository: 100 - FE luy ke: 5550 - Thoi gian: 0.2 phut
Vong lap 111/250 - Repository: 100 - FE luy ke: 5600 - Thoi gian: 0.2 phut
Vong lap 112/250 - Repository: 100 - FE luy ke: 5650 - Thoi gian: 0.2 phut
Vong lap 113/250 - Repository: 100 - FE luy ke: 5700 - Thoi gian: 0.2 phut
Vong lap 114/250 - Repository: 100 - FE luy ke: 5750 - Thoi gian: 0.2 phut
Vong lap 115/250 - Repository: 100 - FE luy ke: 5800 - Thoi gian: 0.2 phut
Vong lap 116/250 - Repository: 100 - FE luy ke: 5850 - Thoi gian: 0.2 phut
Vong lap 117/250 - Repository: 100 - FE luy ke: 5900 - Thoi gian: 0.2 phut
Vong lap 118/250 - Repository: 100 - FE luy ke: 5950 - Thoi gian: 0.2 phut
Vong lap 119/250 - Repository: 100 - FE luy ke: 6000 - Thoi gian: 0.2 phut
Vong lap 120/250 - Repository: 100 - FE luy ke: 6050 - Thoi gian: 0.2 phut
Vong lap 121/250 - Repository: 100 - FE luy ke: 6100 - Thoi gian: 0.2 phut
Vong lap 122/250 - Repository: 100 - FE luy ke: 6150 - Thoi gian: 0.2 phut
Vong lap 123/250 - Repository: 100 - FE luy ke: 6200 - Thoi gian: 0.2 phut
Vong lap 124/250 - Repository: 100 - FE luy ke: 6250 - Thoi gian: 0.2 phut
Vong lap 125/250 - Repository: 100 - FE luy ke: 6300 - Thoi gian: 0.2 phut
Vong lap 126/250 - Repository: 100 - FE luy ke: 6350 - Thoi gian: 0.2 phut
Vong lap 127/250 - Repository: 100 - FE luy ke: 6400 - Thoi gian: 0.2 phut
Vong lap 128/250 - Repository: 100 - FE luy ke: 6450 - Thoi gian: 0.2 phut
Vong lap 129/250 - Repository: 100 - FE luy ke: 6500 - Thoi gian: 0.2 phut
Vong lap 130/250 - Repository: 100 - FE luy ke: 6550 - Thoi gian: 0.2 phut
Vong lap 131/250 - Repository: 100 - FE luy ke: 6600 - Thoi gian: 0.2 phut
Vong lap 132/250 - Repository: 100 - FE luy ke: 6650 - Thoi gian: 0.2 phut
Vong lap 133/250 - Repository: 100 - FE luy ke: 6700 - Thoi gian: 0.2 phut
Vong lap 134/250 - Repository: 100 - FE luy ke: 6750 - Thoi gian: 0.2 phut
Vong lap 135/250 - Repository: 100 - FE luy ke: 6800 - Thoi gian: 0.2 phut
Vong lap 136/250 - Repository: 100 - FE luy ke: 6850 - Thoi gian: 0.2 phut
Vong lap 137/250 - Repository: 100 - FE luy ke: 6900 - Thoi gian: 0.2 phut
Vong lap 138/250 - Repository: 100 - FE luy ke: 6950 - Thoi gian: 0.2 phut
Vong lap 139/250 - Repository: 100 - FE luy ke: 7000 - Thoi gian: 0.2 phut
Vong lap 140/250 - Repository: 100 - FE luy ke: 7050 - Thoi gian: 0.2 phut
Vong lap 141/250 - Repository: 100 - FE luy ke: 7100 - Thoi gian: 0.2 phut
Vong lap 142/250 - Repository: 100 - FE luy ke: 7150 - Thoi gian: 0.2 phut
Vong lap 143/250 - Repository: 100 - FE luy ke: 7200 - Thoi gian: 0.2 phut
Vong lap 144/250 - Repository: 100 - FE luy ke: 7250 - Thoi gian: 0.2 phut
Vong lap 145/250 - Repository: 100 - FE luy ke: 7300 - Thoi gian: 0.2 phut
Vong lap 146/250 - Repository: 100 - FE luy ke: 7350 - Thoi gian: 0.2 phut
Vong lap 147/250 - Repository: 100 - FE luy ke: 7400 - Thoi gian: 0.2 phut
Vong lap 148/250 - Repository: 100 - FE luy ke: 7450 - Thoi gian: 0.2 phut
Vong lap 149/250 - Repository: 100 - FE luy ke: 7500 - Thoi gian: 0.2 phut
Vong lap 150/250 - Repository: 100 - FE luy ke: 7550 - Thoi gian: 0.2 phut
Vong lap 151/250 - Repository: 100 - FE luy ke: 7600 - Thoi gian: 0.2 phut
Vong lap 152/250 - Repository: 100 - FE luy ke: 7650 - Thoi gian: 0.2 phut
Vong lap 153/250 - Repository: 100 - FE luy ke: 7700 - Thoi gian: 0.2 phut
Vong lap 154/250 - Repository: 100 - FE luy ke: 7750 - Thoi gian: 0.2 phut
Vong lap 155/250 - Repository: 100 - FE luy ke: 7800 - Thoi gian: 0.2 phut
Vong lap 156/250 - Repository: 100 - FE luy ke: 7850 - Thoi gian: 0.2 phut
Vong lap 157/250 - Repository: 100 - FE luy ke: 7900 - Thoi gian: 0.2 phut
Vong lap 158/250 - Repository: 100 - FE luy ke: 7950 - Thoi gian: 0.2 phut
Vong lap 159/250 - Repository: 100 - FE luy ke: 8000 - Thoi gian: 0.2 phut
Vong lap 160/250 - Repository: 100 - FE luy ke: 8050 - Thoi gian: 0.2 phut
Vong lap 161/250 - Repository: 100 - FE luy ke: 8100 - Thoi gian: 0.2 phut
Vong lap 162/250 - Repository: 100 - FE luy ke: 8150 - Thoi gian: 0.2 phut
Vong lap 163/250 - Repository: 100 - FE luy ke: 8200 - Thoi gian: 0.2 phut
Vong lap 164/250 - Repository: 100 - FE luy ke: 8250 - Thoi gian: 0.2 phut
Vong lap 165/250 - Repository: 100 - FE luy ke: 8300 - Thoi gian: 0.2 phut
Vong lap 166/250 - Repository: 100 - FE luy ke: 8350 - Thoi gian: 0.2 phut
Vong lap 167/250 - Repository: 100 - FE luy ke: 8400 - Thoi gian: 0.2 phut
Vong lap 168/250 - Repository: 100 - FE luy ke: 8450 - Thoi gian: 0.3 phut
Vong lap 169/250 - Repository: 100 - FE luy ke: 8500 - Thoi gian: 0.3 phut
Vong lap 170/250 - Repository: 100 - FE luy ke: 8550 - Thoi gian: 0.3 phut
Vong lap 171/250 - Repository: 100 - FE luy ke: 8600 - Thoi gian: 0.3 phut
Vong lap 172/250 - Repository: 100 - FE luy ke: 8650 - Thoi gian: 0.3 phut
Vong lap 173/250 - Repository: 100 - FE luy ke: 8700 - Thoi gian: 0.3 phut
Vong lap 174/250 - Repository: 100 - FE luy ke: 8750 - Thoi gian: 0.3 phut
Vong lap 175/250 - Repository: 100 - FE luy ke: 8800 - Thoi gian: 0.3 phut
Vong lap 176/250 - Repository: 100 - FE luy ke: 8850 - Thoi gian: 0.3 phut
Vong lap 177/250 - Repository: 100 - FE luy ke: 8900 - Thoi gian: 0.3 phut
Vong lap 178/250 - Repository: 100 - FE luy ke: 8950 - Thoi gian: 0.3 phut
Vong lap 179/250 - Repository: 100 - FE luy ke: 9000 - Thoi gian: 0.3 phut
Vong lap 180/250 - Repository: 100 - FE luy ke: 9050 - Thoi gian: 0.3 phut
Vong lap 181/250 - Repository: 100 - FE luy ke: 9100 - Thoi gian: 0.3 phut
Vong lap 182/250 - Repository: 100 - FE luy ke: 9150 - Thoi gian: 0.3 phut
Vong lap 183/250 - Repository: 100 - FE luy ke: 9200 - Thoi gian: 0.3 phut
Vong lap 184/250 - Repository: 100 - FE luy ke: 9250 - Thoi gian: 0.3 phut
Vong lap 185/250 - Repository: 100 - FE luy ke: 9300 - Thoi gian: 0.3 phut
Vong lap 186/250 - Repository: 100 - FE luy ke: 9350 - Thoi gian: 0.3 phut
Vong lap 187/250 - Repository: 100 - FE luy ke: 9400 - Thoi gian: 0.3 phut
Vong lap 188/250 - Repository: 100 - FE luy ke: 9450 - Thoi gian: 0.3 phut
Vong lap 189/250 - Repository: 100 - FE luy ke: 9500 - Thoi gian: 0.3 phut
Vong lap 190/250 - Repository: 100 - FE luy ke: 9550 - Thoi gian: 0.3 phut
Vong lap 191/250 - Repository: 100 - FE luy ke: 9600 - Thoi gian: 0.3 phut
Vong lap 192/250 - Repository: 100 - FE luy ke: 9650 - Thoi gian: 0.3 phut
Vong lap 193/250 - Repository: 100 - FE luy ke: 9700 - Thoi gian: 0.3 phut
Vong lap 194/250 - Repository: 100 - FE luy ke: 9750 - Thoi gian: 0.3 phut
Vong lap 195/250 - Repository: 100 - FE luy ke: 9800 - Thoi gian: 0.3 phut
Vong lap 196/250 - Repository: 100 - FE luy ke: 9850 - Thoi gian: 0.3 phut
Vong lap 197/250 - Repository: 100 - FE luy ke: 9900 - Thoi gian: 0.3 phut
Vong lap 198/250 - Repository: 100 - FE luy ke: 9950 - Thoi gian: 0.3 phut
Vong lap 199/250 - Repository: 100 - FE luy ke: 10000 - Thoi gian: 0.3 phut
Vong lap 200/250 - Repository: 100 - FE luy ke: 10050 - Thoi gian: 0.3 phut
Vong lap 201/250 - Repository: 100 - FE luy ke: 10100 - Thoi gian: 0.3 phut
Vong lap 202/250 - Repository: 100 - FE luy ke: 10150 - Thoi gian: 0.3 phut
Vong lap 203/250 - Repository: 100 - FE luy ke: 10200 - Thoi gian: 0.3 phut
Vong lap 204/250 - Repository: 100 - FE luy ke: 10250 - Thoi gian: 0.3 phut
Vong lap 205/250 - Repository: 100 - FE luy ke: 10300 - Thoi gian: 0.3 phut
Vong lap 206/250 - Repository: 100 - FE luy ke: 10350 - Thoi gian: 0.3 phut
Vong lap 207/250 - Repository: 100 - FE luy ke: 10400 - Thoi gian: 0.3 phut
Vong lap 208/250 - Repository: 100 - FE luy ke: 10450 - Thoi gian: 0.3 phut
Vong lap 209/250 - Repository: 100 - FE luy ke: 10500 - Thoi gian: 0.3 phut
Vong lap 210/250 - Repository: 100 - FE luy ke: 10550 - Thoi gian: 0.3 phut
Vong lap 211/250 - Repository: 100 - FE luy ke: 10600 - Thoi gian: 0.3 phut
Vong lap 212/250 - Repository: 100 - FE luy ke: 10650 - Thoi gian: 0.3 phut
Vong lap 213/250 - Repository: 100 - FE luy ke: 10700 - Thoi gian: 0.3 phut
Vong lap 214/250 - Repository: 100 - FE luy ke: 10750 - Thoi gian: 0.3 phut
Vong lap 215/250 - Repository: 100 - FE luy ke: 10800 - Thoi gian: 0.3 phut
Vong lap 216/250 - Repository: 100 - FE luy ke: 10850 - Thoi gian: 0.3 phut
Vong lap 217/250 - Repository: 100 - FE luy ke: 10900 - Thoi gian: 0.3 phut
Vong lap 218/250 - Repository: 100 - FE luy ke: 10950 - Thoi gian: 0.3 phut
Vong lap 219/250 - Repository: 100 - FE luy ke: 11000 - Thoi gian: 0.3 phut
Vong lap 220/250 - Repository: 100 - FE luy ke: 11050 - Thoi gian: 0.3 phut
Vong lap 221/250 - Repository: 100 - FE luy ke: 11100 - Thoi gian: 0.3 phut
Vong lap 222/250 - Repository: 100 - FE luy ke: 11150 - Thoi gian: 0.3 phut
Vong lap 223/250 - Repository: 100 - FE luy ke: 11200 - Thoi gian: 0.3 phut
Vong lap 224/250 - Repository: 100 - FE luy ke: 11250 - Thoi gian: 0.3 phut
Vong lap 225/250 - Repository: 100 - FE luy ke: 11300 - Thoi gian: 0.3 phut
Vong lap 226/250 - Repository: 100 - FE luy ke: 11350 - Thoi gian: 0.3 phut
Vong lap 227/250 - Repository: 100 - FE luy ke: 11400 - Thoi gian: 0.3 phut
Vong lap 228/250 - Repository: 100 - FE luy ke: 11450 - Thoi gian: 0.3 phut
Vong lap 229/250 - Repository: 100 - FE luy ke: 11500 - Thoi gian: 0.4 phut
Vong lap 230/250 - Repository: 100 - FE luy ke: 11550 - Thoi gian: 0.4 phut
Vong lap 231/250 - Repository: 100 - FE luy ke: 11600 - Thoi gian: 0.4 phut
Vong lap 232/250 - Repository: 100 - FE luy ke: 11650 - Thoi gian: 0.4 phut
Vong lap 233/250 - Repository: 100 - FE luy ke: 11700 - Thoi gian: 0.4 phut
Vong lap 234/250 - Repository: 100 - FE luy ke: 11750 - Thoi gian: 0.4 phut
Vong lap 235/250 - Repository: 100 - FE luy ke: 11800 - Thoi gian: 0.4 phut
Vong lap 236/250 - Repository: 100 - FE luy ke: 11850 - Thoi gian: 0.4 phut
Vong lap 237/250 - Repository: 100 - FE luy ke: 11900 - Thoi gian: 0.4 phut
Vong lap 238/250 - Repository: 100 - FE luy ke: 11950 - Thoi gian: 0.4 phut
Vong lap 239/250 - Repository: 100 - FE luy ke: 12000 - Thoi gian: 0.4 phut
Vong lap 240/250 - Repository: 100 - FE luy ke: 12050 - Thoi gian: 0.4 phut
Vong lap 241/250 - Repository: 100 - FE luy ke: 12100 - Thoi gian: 0.4 phut
Vong lap 242/250 - Repository: 100 - FE luy ke: 12150 - Thoi gian: 0.4 phut
Vong lap 243/250 - Repository: 100 - FE luy ke: 12200 - Thoi gian: 0.4 phut
Vong lap 244/250 - Repository: 100 - FE luy ke: 12250 - Thoi gian: 0.4 phut
Vong lap 245/250 - Repository: 100 - FE luy ke: 12300 - Thoi gian: 0.4 phut
Vong lap 246/250 - Repository: 100 - FE luy ke: 12350 - Thoi gian: 0.4 phut
Vong lap 247/250 - Repository: 100 - FE luy ke: 12400 - Thoi gian: 0.4 phut
Vong lap 248/250 - Repository: 100 - FE luy ke: 12450 - Thoi gian: 0.4 phut
Vong lap 249/250 - Repository: 100 - FE luy ke: 12500 - Thoi gian: 0.4 phut
Vong lap 250/250 - Repository: 100 - FE luy ke: 12550 - Thoi gian: 0.4 phut
HOAN THANH campaign E-MOSFOA. Tong thoi gian: 0.01 gio. So nghiem Pareto: 100
=== E-MOSFOA doc lap lan 18/30 (RunTag=run18) ===
[Wharf100DWT E-MOSFOA - SONG SONG] Np=50 Max_it=250 Nr=100 Num_work=8 (FE uoc tinh=12550)
SUCCESS: The process "SAP2000.exe" with PID 2968 has been terminated. 
SUCCESS: The process "SAP2000.exe" with PID 23232 has been terminated. 
SUCCESS: The process "SAP2000.exe" with PID 19612 has been terminated. 
SUCCESS: The process "SAP2000.exe" with PID 26316 has been terminated. 
SUCCESS: The process "SAP2000.exe" with PID 27448 has been terminated. 
SUCCESS: The process "SAP2000.exe" with PID 23568 has been terminated. 
SUCCESS: The process "SAP2000.exe" with PID 27312 has been terminated. 
SUCCESS: The process "SAP2000.exe" with PID 26716 has been terminated. 
[Warning: Files that have already been attached are being ignored. To see which files are attached see the 'AttachedFiles' property of the parallel pool.] 
Worker 1: 
  wharf100dwt_evaluate: da nap cache tu D:\ResearchLab\02_Projects\02_Projects\MOFDA\Wharf100DWT\results\Wharf100DWT_BRUTEFORCE_FINAL.mat (4080 to hop).
Worker 2: 
  wharf100dwt_evaluate: da nap cache tu D:\ResearchLab\02_Projects\02_Projects\MOFDA\Wharf100DWT\results\Wharf100DWT_BRUTEFORCE_FINAL.mat (4080 to hop).
Worker 3: 
  wharf100dwt_evaluate: da nap cache tu D:\ResearchLab\02_Projects\02_Projects\MOFDA\Wharf100DWT\results\Wharf100DWT_BRUTEFORCE_FINAL.mat (4080 to hop).
Worker 4: 
  wharf100dwt_evaluate: da nap cache tu D:\ResearchLab\02_Projects\02_Projects\MOFDA\Wharf100DWT\results\Wharf100DWT_BRUTEFORCE_FINAL.mat (4080 to hop).
Worker 5: 
  wharf100dwt_evaluate: da nap cache tu D:\ResearchLab\02_Projects\02_Projects\MOFDA\Wharf100DWT\results\Wharf100DWT_BRUTEFORCE_FINAL.mat (4080 to hop).
Worker 6: 
  wharf100dwt_evaluate: da nap cache tu D:\ResearchLab\02_Projects\02_Projects\MOFDA\Wharf100DWT\results\Wharf100DWT_BRUTEFORCE_FINAL.mat (4080 to hop).
Worker 7: 
  wharf100dwt_evaluate: da nap cache tu D:\ResearchLab\02_Projects\02_Projects\MOFDA\Wharf100DWT\results\Wharf100DWT_BRUTEFORCE_FINAL.mat (4080 to hop).
Worker 8: 
  wharf100dwt_evaluate: da nap cache tu D:\ResearchLab\02_Projects\02_Projects\MOFDA\Wharf100DWT\results\Wharf100DWT_BRUTEFORCE_FINAL.mat (4080 to hop).
The he #0 - Kich thuoc Repository: 4
Vong lap 1/250 - Repository: 8 - FE luy ke: 100 - Thoi gian: 0.0 phut
Vong lap 2/250 - Repository: 17 - FE luy ke: 150 - Thoi gian: 0.0 phut
Vong lap 3/250 - Repository: 19 - FE luy ke: 200 - Thoi gian: 0.0 phut
Vong lap 4/250 - Repository: 22 - FE luy ke: 250 - Thoi gian: 0.0 phut
Vong lap 5/250 - Repository: 29 - FE luy ke: 300 - Thoi gian: 0.0 phut
Vong lap 6/250 - Repository: 34 - FE luy ke: 350 - Thoi gian: 0.0 phut
Vong lap 7/250 - Repository: 45 - FE luy ke: 400 - Thoi gian: 0.0 phut
Vong lap 8/250 - Repository: 55 - FE luy ke: 450 - Thoi gian: 0.0 phut
Vong lap 9/250 - Repository: 66 - FE luy ke: 500 - Thoi gian: 0.0 phut
Vong lap 10/250 - Repository: 80 - FE luy ke: 550 - Thoi gian: 0.0 phut
Vong lap 11/250 - Repository: 90 - FE luy ke: 600 - Thoi gian: 0.0 phut
Vong lap 12/250 - Repository: 100 - FE luy ke: 650 - Thoi gian: 0.0 phut
Vong lap 13/250 - Repository: 100 - FE luy ke: 700 - Thoi gian: 0.0 phut
Vong lap 14/250 - Repository: 100 - FE luy ke: 750 - Thoi gian: 0.0 phut
Vong lap 15/250 - Repository: 100 - FE luy ke: 800 - Thoi gian: 0.0 phut
Vong lap 16/250 - Repository: 100 - FE luy ke: 850 - Thoi gian: 0.0 phut
Vong lap 17/250 - Repository: 100 - FE luy ke: 900 - Thoi gian: 0.0 phut
Vong lap 18/250 - Repository: 100 - FE luy ke: 950 - Thoi gian: 0.0 phut
Vong lap 19/250 - Repository: 100 - FE luy ke: 1000 - Thoi gian: 0.0 phut
Vong lap 20/250 - Repository: 100 - FE luy ke: 1050 - Thoi gian: 0.0 phut
Vong lap 21/250 - Repository: 100 - FE luy ke: 1100 - Thoi gian: 0.0 phut
Vong lap 22/250 - Repository: 100 - FE luy ke: 1150 - Thoi gian: 0.0 phut
Vong lap 23/250 - Repository: 100 - FE luy ke: 1200 - Thoi gian: 0.0 phut
Vong lap 24/250 - Repository: 100 - FE luy ke: 1250 - Thoi gian: 0.0 phut
Vong lap 25/250 - Repository: 100 - FE luy ke: 1300 - Thoi gian: 0.0 phut
Vong lap 26/250 - Repository: 100 - FE luy ke: 1350 - Thoi gian: 0.0 phut
Vong lap 27/250 - Repository: 100 - FE luy ke: 1400 - Thoi gian: 0.0 phut
Vong lap 28/250 - Repository: 100 - FE luy ke: 1450 - Thoi gian: 0.0 phut
Vong lap 29/250 - Repository: 100 - FE luy ke: 1500 - Thoi gian: 0.0 phut
Vong lap 30/250 - Repository: 100 - FE luy ke: 1550 - Thoi gian: 0.0 phut
Vong lap 31/250 - Repository: 100 - FE luy ke: 1600 - Thoi gian: 0.0 phut
Vong lap 32/250 - Repository: 100 - FE luy ke: 1650 - Thoi gian: 0.0 phut
Vong lap 33/250 - Repository: 100 - FE luy ke: 1700 - Thoi gian: 0.0 phut
Vong lap 34/250 - Repository: 100 - FE luy ke: 1750 - Thoi gian: 0.0 phut
Vong lap 35/250 - Repository: 100 - FE luy ke: 1800 - Thoi gian: 0.0 phut
Vong lap 36/250 - Repository: 100 - FE luy ke: 1850 - Thoi gian: 0.0 phut
Vong lap 37/250 - Repository: 100 - FE luy ke: 1900 - Thoi gian: 0.1 phut
Vong lap 38/250 - Repository: 100 - FE luy ke: 1950 - Thoi gian: 0.1 phut
Vong lap 39/250 - Repository: 100 - FE luy ke: 2000 - Thoi gian: 0.1 phut
Vong lap 40/250 - Repository: 100 - FE luy ke: 2050 - Thoi gian: 0.1 phut
Vong lap 41/250 - Repository: 100 - FE luy ke: 2100 - Thoi gian: 0.1 phut
Vong lap 42/250 - Repository: 100 - FE luy ke: 2150 - Thoi gian: 0.1 phut
Vong lap 43/250 - Repository: 100 - FE luy ke: 2200 - Thoi gian: 0.1 phut
Vong lap 44/250 - Repository: 100 - FE luy ke: 2250 - Thoi gian: 0.1 phut
Vong lap 45/250 - Repository: 100 - FE luy ke: 2300 - Thoi gian: 0.1 phut
Vong lap 46/250 - Repository: 100 - FE luy ke: 2350 - Thoi gian: 0.1 phut
Vong lap 47/250 - Repository: 100 - FE luy ke: 2400 - Thoi gian: 0.1 phut
Vong lap 48/250 - Repository: 100 - FE luy ke: 2450 - Thoi gian: 0.1 phut
Vong lap 49/250 - Repository: 100 - FE luy ke: 2500 - Thoi gian: 0.1 phut
Vong lap 50/250 - Repository: 100 - FE luy ke: 2550 - Thoi gian: 0.1 phut
Vong lap 51/250 - Repository: 100 - FE luy ke: 2600 - Thoi gian: 0.1 phut
Vong lap 52/250 - Repository: 100 - FE luy ke: 2650 - Thoi gian: 0.1 phut
Vong lap 53/250 - Repository: 100 - FE luy ke: 2700 - Thoi gian: 0.1 phut
Vong lap 54/250 - Repository: 100 - FE luy ke: 2750 - Thoi gian: 0.1 phut
Vong lap 55/250 - Repository: 100 - FE luy ke: 2800 - Thoi gian: 0.1 phut
Vong lap 56/250 - Repository: 100 - FE luy ke: 2850 - Thoi gian: 0.1 phut
Vong lap 57/250 - Repository: 100 - FE luy ke: 2900 - Thoi gian: 0.1 phut
Vong lap 58/250 - Repository: 100 - FE luy ke: 2950 - Thoi gian: 0.1 phut
Vong lap 59/250 - Repository: 100 - FE luy ke: 3000 - Thoi gian: 0.1 phut
Vong lap 60/250 - Repository: 100 - FE luy ke: 3050 - Thoi gian: 0.1 phut
Vong lap 61/250 - Repository: 100 - FE luy ke: 3100 - Thoi gian: 0.1 phut
Vong lap 62/250 - Repository: 100 - FE luy ke: 3150 - Thoi gian: 0.1 phut
Vong lap 63/250 - Repository: 100 - FE luy ke: 3200 - Thoi gian: 0.1 phut
Vong lap 64/250 - Repository: 100 - FE luy ke: 3250 - Thoi gian: 0.1 phut
Vong lap 65/250 - Repository: 100 - FE luy ke: 3300 - Thoi gian: 0.1 phut
Vong lap 66/250 - Repository: 100 - FE luy ke: 3350 - Thoi gian: 0.1 phut
Vong lap 67/250 - Repository: 100 - FE luy ke: 3400 - Thoi gian: 0.1 phut
Vong lap 68/250 - Repository: 100 - FE luy ke: 3450 - Thoi gian: 0.1 phut
Vong lap 69/250 - Repository: 100 - FE luy ke: 3500 - Thoi gian: 0.1 phut
Vong lap 70/250 - Repository: 100 - FE luy ke: 3550 - Thoi gian: 0.1 phut
Vong lap 71/250 - Repository: 100 - FE luy ke: 3600 - Thoi gian: 0.1 phut
Vong lap 72/250 - Repository: 100 - FE luy ke: 3650 - Thoi gian: 0.1 phut
Vong lap 73/250 - Repository: 100 - FE luy ke: 3700 - Thoi gian: 0.1 phut
Vong lap 74/250 - Repository: 100 - FE luy ke: 3750 - Thoi gian: 0.1 phut
Vong lap 75/250 - Repository: 100 - FE luy ke: 3800 - Thoi gian: 0.1 phut
Vong lap 76/250 - Repository: 100 - FE luy ke: 3850 - Thoi gian: 0.1 phut
Vong lap 77/250 - Repository: 100 - FE luy ke: 3900 - Thoi gian: 0.1 phut
Vong lap 78/250 - Repository: 100 - FE luy ke: 3950 - Thoi gian: 0.1 phut
Vong lap 79/250 - Repository: 100 - FE luy ke: 4000 - Thoi gian: 0.1 phut
Vong lap 80/250 - Repository: 100 - FE luy ke: 4050 - Thoi gian: 0.1 phut
Vong lap 81/250 - Repository: 100 - FE luy ke: 4100 - Thoi gian: 0.1 phut
Vong lap 82/250 - Repository: 100 - FE luy ke: 4150 - Thoi gian: 0.1 phut
Vong lap 83/250 - Repository: 100 - FE luy ke: 4200 - Thoi gian: 0.1 phut
Vong lap 84/250 - Repository: 100 - FE luy ke: 4250 - Thoi gian: 0.1 phut
Vong lap 85/250 - Repository: 100 - FE luy ke: 4300 - Thoi gian: 0.1 phut
Vong lap 86/250 - Repository: 100 - FE luy ke: 4350 - Thoi gian: 0.1 phut
Vong lap 87/250 - Repository: 100 - FE luy ke: 4400 - Thoi gian: 0.1 phut
Vong lap 88/250 - Repository: 100 - FE luy ke: 4450 - Thoi gian: 0.1 phut
Vong lap 89/250 - Repository: 100 - FE luy ke: 4500 - Thoi gian: 0.1 phut
Vong lap 90/250 - Repository: 100 - FE luy ke: 4550 - Thoi gian: 0.1 phut
Vong lap 91/250 - Repository: 100 - FE luy ke: 4600 - Thoi gian: 0.1 phut
Vong lap 92/250 - Repository: 100 - FE luy ke: 4650 - Thoi gian: 0.1 phut
Vong lap 93/250 - Repository: 100 - FE luy ke: 4700 - Thoi gian: 0.1 phut
Vong lap 94/250 - Repository: 100 - FE luy ke: 4750 - Thoi gian: 0.1 phut
Vong lap 95/250 - Repository: 100 - FE luy ke: 4800 - Thoi gian: 0.1 phut
Vong lap 96/250 - Repository: 100 - FE luy ke: 4850 - Thoi gian: 0.1 phut
Vong lap 97/250 - Repository: 100 - FE luy ke: 4900 - Thoi gian: 0.1 phut
Vong lap 98/250 - Repository: 100 - FE luy ke: 4950 - Thoi gian: 0.1 phut
Vong lap 99/250 - Repository: 100 - FE luy ke: 5000 - Thoi gian: 0.1 phut
Vong lap 100/250 - Repository: 100 - FE luy ke: 5050 - Thoi gian: 0.1 phut
Vong lap 101/250 - Repository: 100 - FE luy ke: 5100 - Thoi gian: 0.1 phut
Vong lap 102/250 - Repository: 100 - FE luy ke: 5150 - Thoi gian: 0.1 phut
Vong lap 103/250 - Repository: 100 - FE luy ke: 5200 - Thoi gian: 0.1 phut
Vong lap 104/250 - Repository: 100 - FE luy ke: 5250 - Thoi gian: 0.1 phut
Vong lap 105/250 - Repository: 100 - FE luy ke: 5300 - Thoi gian: 0.2 phut
Vong lap 106/250 - Repository: 100 - FE luy ke: 5350 - Thoi gian: 0.2 phut
Vong lap 107/250 - Repository: 100 - FE luy ke: 5400 - Thoi gian: 0.2 phut
Vong lap 108/250 - Repository: 100 - FE luy ke: 5450 - Thoi gian: 0.2 phut
Vong lap 109/250 - Repository: 100 - FE luy ke: 5500 - Thoi gian: 0.2 phut
Vong lap 110/250 - Repository: 100 - FE luy ke: 5550 - Thoi gian: 0.2 phut
Vong lap 111/250 - Repository: 100 - FE luy ke: 5600 - Thoi gian: 0.2 phut
Vong lap 112/250 - Repository: 100 - FE luy ke: 5650 - Thoi gian: 0.2 phut
Vong lap 113/250 - Repository: 100 - FE luy ke: 5700 - Thoi gian: 0.2 phut
Vong lap 114/250 - Repository: 100 - FE luy ke: 5750 - Thoi gian: 0.2 phut
Vong lap 115/250 - Repository: 100 - FE luy ke: 5800 - Thoi gian: 0.2 phut
Vong lap 116/250 - Repository: 100 - FE luy ke: 5850 - Thoi gian: 0.2 phut
Vong lap 117/250 - Repository: 100 - FE luy ke: 5900 - Thoi gian: 0.2 phut
Vong lap 118/250 - Repository: 100 - FE luy ke: 5950 - Thoi gian: 0.2 phut
Vong lap 119/250 - Repository: 100 - FE luy ke: 6000 - Thoi gian: 0.2 phut
Vong lap 120/250 - Repository: 100 - FE luy ke: 6050 - Thoi gian: 0.2 phut
Vong lap 121/250 - Repository: 100 - FE luy ke: 6100 - Thoi gian: 0.2 phut
Vong lap 122/250 - Repository: 100 - FE luy ke: 6150 - Thoi gian: 0.2 phut
Vong lap 123/250 - Repository: 100 - FE luy ke: 6200 - Thoi gian: 0.2 phut
Vong lap 124/250 - Repository: 100 - FE luy ke: 6250 - Thoi gian: 0.2 phut
Vong lap 125/250 - Repository: 100 - FE luy ke: 6300 - Thoi gian: 0.2 phut
Vong lap 126/250 - Repository: 100 - FE luy ke: 6350 - Thoi gian: 0.2 phut
Vong lap 127/250 - Repository: 100 - FE luy ke: 6400 - Thoi gian: 0.2 phut
Vong lap 128/250 - Repository: 100 - FE luy ke: 6450 - Thoi gian: 0.2 phut
Vong lap 129/250 - Repository: 100 - FE luy ke: 6500 - Thoi gian: 0.2 phut
Vong lap 130/250 - Repository: 100 - FE luy ke: 6550 - Thoi gian: 0.2 phut
Vong lap 131/250 - Repository: 100 - FE luy ke: 6600 - Thoi gian: 0.2 phut
Vong lap 132/250 - Repository: 100 - FE luy ke: 6650 - Thoi gian: 0.2 phut
Vong lap 133/250 - Repository: 100 - FE luy ke: 6700 - Thoi gian: 0.2 phut
Vong lap 134/250 - Repository: 100 - FE luy ke: 6750 - Thoi gian: 0.2 phut
Vong lap 135/250 - Repository: 100 - FE luy ke: 6800 - Thoi gian: 0.2 phut
Vong lap 136/250 - Repository: 100 - FE luy ke: 6850 - Thoi gian: 0.2 phut
Vong lap 137/250 - Repository: 100 - FE luy ke: 6900 - Thoi gian: 0.2 phut
Vong lap 138/250 - Repository: 100 - FE luy ke: 6950 - Thoi gian: 0.2 phut
Vong lap 139/250 - Repository: 100 - FE luy ke: 7000 - Thoi gian: 0.2 phut
Vong lap 140/250 - Repository: 100 - FE luy ke: 7050 - Thoi gian: 0.2 phut
Vong lap 141/250 - Repository: 100 - FE luy ke: 7100 - Thoi gian: 0.2 phut
Vong lap 142/250 - Repository: 100 - FE luy ke: 7150 - Thoi gian: 0.2 phut
Vong lap 143/250 - Repository: 100 - FE luy ke: 7200 - Thoi gian: 0.2 phut
Vong lap 144/250 - Repository: 100 - FE luy ke: 7250 - Thoi gian: 0.2 phut
Vong lap 145/250 - Repository: 100 - FE luy ke: 7300 - Thoi gian: 0.2 phut
Vong lap 146/250 - Repository: 100 - FE luy ke: 7350 - Thoi gian: 0.2 phut
Vong lap 147/250 - Repository: 100 - FE luy ke: 7400 - Thoi gian: 0.2 phut
Vong lap 148/250 - Repository: 100 - FE luy ke: 7450 - Thoi gian: 0.2 phut
Vong lap 149/250 - Repository: 100 - FE luy ke: 7500 - Thoi gian: 0.2 phut
Vong lap 150/250 - Repository: 100 - FE luy ke: 7550 - Thoi gian: 0.2 phut
Vong lap 151/250 - Repository: 100 - FE luy ke: 7600 - Thoi gian: 0.2 phut
Vong lap 152/250 - Repository: 100 - FE luy ke: 7650 - Thoi gian: 0.2 phut
Vong lap 153/250 - Repository: 100 - FE luy ke: 7700 - Thoi gian: 0.2 phut
Vong lap 154/250 - Repository: 100 - FE luy ke: 7750 - Thoi gian: 0.2 phut
Vong lap 155/250 - Repository: 100 - FE luy ke: 7800 - Thoi gian: 0.2 phut
Vong lap 156/250 - Repository: 100 - FE luy ke: 7850 - Thoi gian: 0.2 phut
Vong lap 157/250 - Repository: 100 - FE luy ke: 7900 - Thoi gian: 0.2 phut
Vong lap 158/250 - Repository: 100 - FE luy ke: 7950 - Thoi gian: 0.2 phut
Vong lap 159/250 - Repository: 100 - FE luy ke: 8000 - Thoi gian: 0.2 phut
Vong lap 160/250 - Repository: 100 - FE luy ke: 8050 - Thoi gian: 0.2 phut
Vong lap 161/250 - Repository: 100 - FE luy ke: 8100 - Thoi gian: 0.2 phut
Vong lap 162/250 - Repository: 100 - FE luy ke: 8150 - Thoi gian: 0.2 phut
Vong lap 163/250 - Repository: 100 - FE luy ke: 8200 - Thoi gian: 0.2 phut
Vong lap 164/250 - Repository: 100 - FE luy ke: 8250 - Thoi gian: 0.2 phut
Vong lap 165/250 - Repository: 100 - FE luy ke: 8300 - Thoi gian: 0.2 phut
Vong lap 166/250 - Repository: 100 - FE luy ke: 8350 - Thoi gian: 0.2 phut
Vong lap 167/250 - Repository: 100 - FE luy ke: 8400 - Thoi gian: 0.2 phut
Vong lap 168/250 - Repository: 100 - FE luy ke: 8450 - Thoi gian: 0.3 phut
Vong lap 169/250 - Repository: 100 - FE luy ke: 8500 - Thoi gian: 0.3 phut
Vong lap 170/250 - Repository: 100 - FE luy ke: 8550 - Thoi gian: 0.3 phut
Vong lap 171/250 - Repository: 100 - FE luy ke: 8600 - Thoi gian: 0.3 phut
Vong lap 172/250 - Repository: 100 - FE luy ke: 8650 - Thoi gian: 0.3 phut
Vong lap 173/250 - Repository: 100 - FE luy ke: 8700 - Thoi gian: 0.3 phut
Vong lap 174/250 - Repository: 100 - FE luy ke: 8750 - Thoi gian: 0.3 phut
Vong lap 175/250 - Repository: 100 - FE luy ke: 8800 - Thoi gian: 0.3 phut
Vong lap 176/250 - Repository: 100 - FE luy ke: 8850 - Thoi gian: 0.3 phut
Vong lap 177/250 - Repository: 100 - FE luy ke: 8900 - Thoi gian: 0.3 phut
Vong lap 178/250 - Repository: 100 - FE luy ke: 8950 - Thoi gian: 0.3 phut
Vong lap 179/250 - Repository: 100 - FE luy ke: 9000 - Thoi gian: 0.3 phut
Vong lap 180/250 - Repository: 100 - FE luy ke: 9050 - Thoi gian: 0.3 phut
Vong lap 181/250 - Repository: 100 - FE luy ke: 9100 - Thoi gian: 0.3 phut
Vong lap 182/250 - Repository: 100 - FE luy ke: 9150 - Thoi gian: 0.3 phut
Vong lap 183/250 - Repository: 100 - FE luy ke: 9200 - Thoi gian: 0.3 phut
Vong lap 184/250 - Repository: 100 - FE luy ke: 9250 - Thoi gian: 0.3 phut
Vong lap 185/250 - Repository: 100 - FE luy ke: 9300 - Thoi gian: 0.3 phut
Vong lap 186/250 - Repository: 100 - FE luy ke: 9350 - Thoi gian: 0.3 phut
Vong lap 187/250 - Repository: 100 - FE luy ke: 9400 - Thoi gian: 0.3 phut
Vong lap 188/250 - Repository: 100 - FE luy ke: 9450 - Thoi gian: 0.3 phut
Vong lap 189/250 - Repository: 100 - FE luy ke: 9500 - Thoi gian: 0.3 phut
Vong lap 190/250 - Repository: 100 - FE luy ke: 9550 - Thoi gian: 0.3 phut
Vong lap 191/250 - Repository: 100 - FE luy ke: 9600 - Thoi gian: 0.3 phut
Vong lap 192/250 - Repository: 100 - FE luy ke: 9650 - Thoi gian: 0.3 phut
Vong lap 193/250 - Repository: 100 - FE luy ke: 9700 - Thoi gian: 0.3 phut
Vong lap 194/250 - Repository: 100 - FE luy ke: 9750 - Thoi gian: 0.3 phut
Vong lap 195/250 - Repository: 100 - FE luy ke: 9800 - Thoi gian: 0.3 phut
Vong lap 196/250 - Repository: 100 - FE luy ke: 9850 - Thoi gian: 0.3 phut
Vong lap 197/250 - Repository: 100 - FE luy ke: 9900 - Thoi gian: 0.3 phut
Vong lap 198/250 - Repository: 100 - FE luy ke: 9950 - Thoi gian: 0.3 phut
Vong lap 199/250 - Repository: 100 - FE luy ke: 10000 - Thoi gian: 0.3 phut
Vong lap 200/250 - Repository: 100 - FE luy ke: 10050 - Thoi gian: 0.3 phut
Vong lap 201/250 - Repository: 100 - FE luy ke: 10100 - Thoi gian: 0.3 phut
Vong lap 202/250 - Repository: 100 - FE luy ke: 10150 - Thoi gian: 0.3 phut
Vong lap 203/250 - Repository: 100 - FE luy ke: 10200 - Thoi gian: 0.3 phut
Vong lap 204/250 - Repository: 100 - FE luy ke: 10250 - Thoi gian: 0.3 phut
Vong lap 205/250 - Repository: 100 - FE luy ke: 10300 - Thoi gian: 0.3 phut
Vong lap 206/250 - Repository: 100 - FE luy ke: 10350 - Thoi gian: 0.3 phut
Vong lap 207/250 - Repository: 100 - FE luy ke: 10400 - Thoi gian: 0.3 phut
Vong lap 208/250 - Repository: 100 - FE luy ke: 10450 - Thoi gian: 0.3 phut
Vong lap 209/250 - Repository: 100 - FE luy ke: 10500 - Thoi gian: 0.3 phut
Vong lap 210/250 - Repository: 100 - FE luy ke: 10550 - Thoi gian: 0.3 phut
Vong lap 211/250 - Repository: 100 - FE luy ke: 10600 - Thoi gian: 0.3 phut
Vong lap 212/250 - Repository: 100 - FE luy ke: 10650 - Thoi gian: 0.3 phut
Vong lap 213/250 - Repository: 100 - FE luy ke: 10700 - Thoi gian: 0.3 phut
Vong lap 214/250 - Repository: 100 - FE luy ke: 10750 - Thoi gian: 0.3 phut
Vong lap 215/250 - Repository: 100 - FE luy ke: 10800 - Thoi gian: 0.3 phut
Vong lap 216/250 - Repository: 100 - FE luy ke: 10850 - Thoi gian: 0.3 phut
Vong lap 217/250 - Repository: 100 - FE luy ke: 10900 - Thoi gian: 0.3 phut
Vong lap 218/250 - Repository: 100 - FE luy ke: 10950 - Thoi gian: 0.3 phut
Vong lap 219/250 - Repository: 100 - FE luy ke: 11000 - Thoi gian: 0.3 phut
Vong lap 220/250 - Repository: 100 - FE luy ke: 11050 - Thoi gian: 0.3 phut
Vong lap 221/250 - Repository: 100 - FE luy ke: 11100 - Thoi gian: 0.3 phut
Vong lap 222/250 - Repository: 100 - FE luy ke: 11150 - Thoi gian: 0.3 phut
Vong lap 223/250 - Repository: 100 - FE luy ke: 11200 - Thoi gian: 0.3 phut
Vong lap 224/250 - Repository: 100 - FE luy ke: 11250 - Thoi gian: 0.3 phut
Vong lap 225/250 - Repository: 100 - FE luy ke: 11300 - Thoi gian: 0.3 phut
Vong lap 226/250 - Repository: 100 - FE luy ke: 11350 - Thoi gian: 0.3 phut
Vong lap 227/250 - Repository: 100 - FE luy ke: 11400 - Thoi gian: 0.3 phut
Vong lap 228/250 - Repository: 100 - FE luy ke: 11450 - Thoi gian: 0.3 phut
Vong lap 229/250 - Repository: 100 - FE luy ke: 11500 - Thoi gian: 0.4 phut
Vong lap 230/250 - Repository: 100 - FE luy ke: 11550 - Thoi gian: 0.4 phut
Vong lap 231/250 - Repository: 100 - FE luy ke: 11600 - Thoi gian: 0.4 phut
Vong lap 232/250 - Repository: 100 - FE luy ke: 11650 - Thoi gian: 0.4 phut
Vong lap 233/250 - Repository: 100 - FE luy ke: 11700 - Thoi gian: 0.4 phut
Vong lap 234/250 - Repository: 100 - FE luy ke: 11750 - Thoi gian: 0.4 phut
Vong lap 235/250 - Repository: 100 - FE luy ke: 11800 - Thoi gian: 0.4 phut
Vong lap 236/250 - Repository: 100 - FE luy ke: 11850 - Thoi gian: 0.4 phut
Vong lap 237/250 - Repository: 100 - FE luy ke: 11900 - Thoi gian: 0.4 phut
Vong lap 238/250 - Repository: 100 - FE luy ke: 11950 - Thoi gian: 0.4 phut
Vong lap 239/250 - Repository: 100 - FE luy ke: 12000 - Thoi gian: 0.4 phut
Vong lap 240/250 - Repository: 100 - FE luy ke: 12050 - Thoi gian: 0.4 phut
Vong lap 241/250 - Repository: 100 - FE luy ke: 12100 - Thoi gian: 0.4 phut
Vong lap 242/250 - Repository: 100 - FE luy ke: 12150 - Thoi gian: 0.4 phut
Vong lap 243/250 - Repository: 100 - FE luy ke: 12200 - Thoi gian: 0.4 phut
Vong lap 244/250 - Repository: 100 - FE luy ke: 12250 - Thoi gian: 0.4 phut
Vong lap 245/250 - Repository: 100 - FE luy ke: 12300 - Thoi gian: 0.4 phut
Vong lap 246/250 - Repository: 100 - FE luy ke: 12350 - Thoi gian: 0.4 phut
Vong lap 247/250 - Repository: 100 - FE luy ke: 12400 - Thoi gian: 0.4 phut
Vong lap 248/250 - Repository: 100 - FE luy ke: 12450 - Thoi gian: 0.4 phut
Vong lap 249/250 - Repository: 100 - FE luy ke: 12500 - Thoi gian: 0.4 phut
Vong lap 250/250 - Repository: 100 - FE luy ke: 12550 - Thoi gian: 0.4 phut
HOAN THANH campaign E-MOSFOA. Tong thoi gian: 0.01 gio. So nghiem Pareto: 100
=== E-MOSFOA doc lap lan 19/30 (RunTag=run19) ===
[Wharf100DWT E-MOSFOA - SONG SONG] Np=50 Max_it=250 Nr=100 Num_work=8 (FE uoc tinh=12550)
SUCCESS: The process "SAP2000.exe" with PID 22452 has been terminated. 
SUCCESS: The process "SAP2000.exe" with PID 2904 has been terminated. 
SUCCESS: The process "SAP2000.exe" with PID 22844 has been terminated. 
SUCCESS: The process "SAP2000.exe" with PID 25812 has been terminated. 
SUCCESS: The process "SAP2000.exe" with PID 8824 has been terminated. 
SUCCESS: The process "SAP2000.exe" with PID 20640 has been terminated. 
SUCCESS: The process "SAP2000.exe" with PID 8160 has been terminated. 
SUCCESS: The process "SAP2000.exe" with PID 9684 has been terminated. 
[Warning: Files that have already been attached are being ignored. To see which files are attached see the 'AttachedFiles' property of the parallel pool.] 
Worker 1: 
  wharf100dwt_evaluate: da nap cache tu D:\ResearchLab\02_Projects\02_Projects\MOFDA\Wharf100DWT\results\Wharf100DWT_BRUTEFORCE_FINAL.mat (4080 to hop).
Worker 2: 
  wharf100dwt_evaluate: da nap cache tu D:\ResearchLab\02_Projects\02_Projects\MOFDA\Wharf100DWT\results\Wharf100DWT_BRUTEFORCE_FINAL.mat (4080 to hop).
Worker 3: 
  wharf100dwt_evaluate: da nap cache tu D:\ResearchLab\02_Projects\02_Projects\MOFDA\Wharf100DWT\results\Wharf100DWT_BRUTEFORCE_FINAL.mat (4080 to hop).
Worker 4: 
  wharf100dwt_evaluate: da nap cache tu D:\ResearchLab\02_Projects\02_Projects\MOFDA\Wharf100DWT\results\Wharf100DWT_BRUTEFORCE_FINAL.mat (4080 to hop).
Worker 5: 
  wharf100dwt_evaluate: da nap cache tu D:\ResearchLab\02_Projects\02_Projects\MOFDA\Wharf100DWT\results\Wharf100DWT_BRUTEFORCE_FINAL.mat (4080 to hop).
Worker 6: 
  wharf100dwt_evaluate: da nap cache tu D:\ResearchLab\02_Projects\02_Projects\MOFDA\Wharf100DWT\results\Wharf100DWT_BRUTEFORCE_FINAL.mat (4080 to hop).
Worker 7: 
  wharf100dwt_evaluate: da nap cache tu D:\ResearchLab\02_Projects\02_Projects\MOFDA\Wharf100DWT\results\Wharf100DWT_BRUTEFORCE_FINAL.mat (4080 to hop).
Worker 8: 
  wharf100dwt_evaluate: da nap cache tu D:\ResearchLab\02_Projects\02_Projects\MOFDA\Wharf100DWT\results\Wharf100DWT_BRUTEFORCE_FINAL.mat (4080 to hop).
The he #0 - Kich thuoc Repository: 4
Vong lap 1/250 - Repository: 10 - FE luy ke: 100 - Thoi gian: 0.0 phut
Vong lap 2/250 - Repository: 17 - FE luy ke: 150 - Thoi gian: 0.0 phut
Vong lap 3/250 - Repository: 28 - FE luy ke: 200 - Thoi gian: 0.0 phut
Vong lap 4/250 - Repository: 38 - FE luy ke: 250 - Thoi gian: 0.0 phut
Vong lap 5/250 - Repository: 49 - FE luy ke: 300 - Thoi gian: 0.0 phut
Vong lap 6/250 - Repository: 56 - FE luy ke: 350 - Thoi gian: 0.0 phut
Vong lap 7/250 - Repository: 64 - FE luy ke: 400 - Thoi gian: 0.0 phut
Vong lap 8/250 - Repository: 81 - FE luy ke: 450 - Thoi gian: 0.0 phut
Vong lap 9/250 - Repository: 100 - FE luy ke: 500 - Thoi gian: 0.0 phut
Vong lap 10/250 - Repository: 100 - FE luy ke: 550 - Thoi gian: 0.0 phut
Vong lap 11/250 - Repository: 100 - FE luy ke: 600 - Thoi gian: 0.0 phut
Vong lap 12/250 - Repository: 100 - FE luy ke: 650 - Thoi gian: 0.0 phut
Vong lap 13/250 - Repository: 100 - FE luy ke: 700 - Thoi gian: 0.0 phut
Vong lap 14/250 - Repository: 100 - FE luy ke: 750 - Thoi gian: 0.0 phut
Vong lap 15/250 - Repository: 100 - FE luy ke: 800 - Thoi gian: 0.0 phut
Vong lap 16/250 - Repository: 100 - FE luy ke: 850 - Thoi gian: 0.0 phut
Vong lap 17/250 - Repository: 100 - FE luy ke: 900 - Thoi gian: 0.0 phut
Vong lap 18/250 - Repository: 100 - FE luy ke: 950 - Thoi gian: 0.0 phut
Vong lap 19/250 - Repository: 100 - FE luy ke: 1000 - Thoi gian: 0.0 phut
Vong lap 20/250 - Repository: 100 - FE luy ke: 1050 - Thoi gian: 0.0 phut
Vong lap 21/250 - Repository: 100 - FE luy ke: 1100 - Thoi gian: 0.0 phut
Vong lap 22/250 - Repository: 100 - FE luy ke: 1150 - Thoi gian: 0.0 phut
Vong lap 23/250 - Repository: 100 - FE luy ke: 1200 - Thoi gian: 0.0 phut
Vong lap 24/250 - Repository: 100 - FE luy ke: 1250 - Thoi gian: 0.0 phut
Vong lap 25/250 - Repository: 100 - FE luy ke: 1300 - Thoi gian: 0.0 phut
Vong lap 26/250 - Repository: 100 - FE luy ke: 1350 - Thoi gian: 0.0 phut
Vong lap 27/250 - Repository: 100 - FE luy ke: 1400 - Thoi gian: 0.0 phut
Vong lap 28/250 - Repository: 100 - FE luy ke: 1450 - Thoi gian: 0.0 phut
Vong lap 29/250 - Repository: 100 - FE luy ke: 1500 - Thoi gian: 0.0 phut
Vong lap 30/250 - Repository: 100 - FE luy ke: 1550 - Thoi gian: 0.0 phut
Vong lap 31/250 - Repository: 100 - FE luy ke: 1600 - Thoi gian: 0.0 phut
Vong lap 32/250 - Repository: 100 - FE luy ke: 1650 - Thoi gian: 0.0 phut
Vong lap 33/250 - Repository: 100 - FE luy ke: 1700 - Thoi gian: 0.0 phut
Vong lap 34/250 - Repository: 100 - FE luy ke: 1750 - Thoi gian: 0.0 phut
Vong lap 35/250 - Repository: 100 - FE luy ke: 1800 - Thoi gian: 0.0 phut
Vong lap 36/250 - Repository: 100 - FE luy ke: 1850 - Thoi gian: 0.1 phut
Vong lap 37/250 - Repository: 100 - FE luy ke: 1900 - Thoi gian: 0.1 phut
Vong lap 38/250 - Repository: 100 - FE luy ke: 1950 - Thoi gian: 0.1 phut
Vong lap 39/250 - Repository: 100 - FE luy ke: 2000 - Thoi gian: 0.1 phut
Vong lap 40/250 - Repository: 100 - FE luy ke: 2050 - Thoi gian: 0.1 phut
Vong lap 41/250 - Repository: 100 - FE luy ke: 2100 - Thoi gian: 0.1 phut
Vong lap 42/250 - Repository: 100 - FE luy ke: 2150 - Thoi gian: 0.1 phut
Vong lap 43/250 - Repository: 100 - FE luy ke: 2200 - Thoi gian: 0.1 phut
Vong lap 44/250 - Repository: 100 - FE luy ke: 2250 - Thoi gian: 0.1 phut
Vong lap 45/250 - Repository: 100 - FE luy ke: 2300 - Thoi gian: 0.1 phut
Vong lap 46/250 - Repository: 100 - FE luy ke: 2350 - Thoi gian: 0.1 phut
Vong lap 47/250 - Repository: 100 - FE luy ke: 2400 - Thoi gian: 0.1 phut
Vong lap 48/250 - Repository: 100 - FE luy ke: 2450 - Thoi gian: 0.1 phut
Vong lap 49/250 - Repository: 100 - FE luy ke: 2500 - Thoi gian: 0.1 phut
Vong lap 50/250 - Repository: 100 - FE luy ke: 2550 - Thoi gian: 0.1 phut
Vong lap 51/250 - Repository: 100 - FE luy ke: 2600 - Thoi gian: 0.1 phut
Vong lap 52/250 - Repository: 100 - FE luy ke: 2650 - Thoi gian: 0.1 phut
Vong lap 53/250 - Repository: 100 - FE luy ke: 2700 - Thoi gian: 0.1 phut
Vong lap 54/250 - Repository: 100 - FE luy ke: 2750 - Thoi gian: 0.1 phut
Vong lap 55/250 - Repository: 100 - FE luy ke: 2800 - Thoi gian: 0.1 phut
Vong lap 56/250 - Repository: 100 - FE luy ke: 2850 - Thoi gian: 0.1 phut
Vong lap 57/250 - Repository: 100 - FE luy ke: 2900 - Thoi gian: 0.1 phut
Vong lap 58/250 - Repository: 100 - FE luy ke: 2950 - Thoi gian: 0.1 phut
Vong lap 59/250 - Repository: 100 - FE luy ke: 3000 - Thoi gian: 0.1 phut
Vong lap 60/250 - Repository: 100 - FE luy ke: 3050 - Thoi gian: 0.1 phut
Vong lap 61/250 - Repository: 100 - FE luy ke: 3100 - Thoi gian: 0.1 phut
Vong lap 62/250 - Repository: 100 - FE luy ke: 3150 - Thoi gian: 0.1 phut
Vong lap 63/250 - Repository: 100 - FE luy ke: 3200 - Thoi gian: 0.1 phut
Vong lap 64/250 - Repository: 100 - FE luy ke: 3250 - Thoi gian: 0.1 phut
Vong lap 65/250 - Repository: 100 - FE luy ke: 3300 - Thoi gian: 0.1 phut
Vong lap 66/250 - Repository: 100 - FE luy ke: 3350 - Thoi gian: 0.1 phut
Vong lap 67/250 - Repository: 100 - FE luy ke: 3400 - Thoi gian: 0.1 phut
Vong lap 68/250 - Repository: 100 - FE luy ke: 3450 - Thoi gian: 0.1 phut
Vong lap 69/250 - Repository: 100 - FE luy ke: 3500 - Thoi gian: 0.1 phut
Vong lap 70/250 - Repository: 100 - FE luy ke: 3550 - Thoi gian: 0.1 phut
Vong lap 71/250 - Repository: 100 - FE luy ke: 3600 - Thoi gian: 0.1 phut
Vong lap 72/250 - Repository: 100 - FE luy ke: 3650 - Thoi gian: 0.1 phut
Vong lap 73/250 - Repository: 100 - FE luy ke: 3700 - Thoi gian: 0.1 phut
Vong lap 74/250 - Repository: 100 - FE luy ke: 3750 - Thoi gian: 0.1 phut
Vong lap 75/250 - Repository: 100 - FE luy ke: 3800 - Thoi gian: 0.1 phut
Vong lap 76/250 - Repository: 100 - FE luy ke: 3850 - Thoi gian: 0.1 phut
Vong lap 77/250 - Repository: 100 - FE luy ke: 3900 - Thoi gian: 0.1 phut
Vong lap 78/250 - Repository: 100 - FE luy ke: 3950 - Thoi gian: 0.1 phut
Vong lap 79/250 - Repository: 100 - FE luy ke: 4000 - Thoi gian: 0.1 phut
Vong lap 80/250 - Repository: 100 - FE luy ke: 4050 - Thoi gian: 0.1 phut
Vong lap 81/250 - Repository: 100 - FE luy ke: 4100 - Thoi gian: 0.1 phut
Vong lap 82/250 - Repository: 100 - FE luy ke: 4150 - Thoi gian: 0.1 phut
Vong lap 83/250 - Repository: 100 - FE luy ke: 4200 - Thoi gian: 0.1 phut
Vong lap 84/250 - Repository: 100 - FE luy ke: 4250 - Thoi gian: 0.1 phut
Vong lap 85/250 - Repository: 100 - FE luy ke: 4300 - Thoi gian: 0.1 phut
Vong lap 86/250 - Repository: 100 - FE luy ke: 4350 - Thoi gian: 0.1 phut
Vong lap 87/250 - Repository: 100 - FE luy ke: 4400 - Thoi gian: 0.1 phut
Vong lap 88/250 - Repository: 100 - FE luy ke: 4450 - Thoi gian: 0.1 phut
Vong lap 89/250 - Repository: 100 - FE luy ke: 4500 - Thoi gian: 0.1 phut
Vong lap 90/250 - Repository: 100 - FE luy ke: 4550 - Thoi gian: 0.1 phut
Vong lap 91/250 - Repository: 100 - FE luy ke: 4600 - Thoi gian: 0.1 phut
Vong lap 92/250 - Repository: 100 - FE luy ke: 4650 - Thoi gian: 0.1 phut
Vong lap 93/250 - Repository: 100 - FE luy ke: 4700 - Thoi gian: 0.1 phut
Vong lap 94/250 - Repository: 100 - FE luy ke: 4750 - Thoi gian: 0.1 phut
Vong lap 95/250 - Repository: 100 - FE luy ke: 4800 - Thoi gian: 0.1 phut
Vong lap 96/250 - Repository: 100 - FE luy ke: 4850 - Thoi gian: 0.1 phut
Vong lap 97/250 - Repository: 100 - FE luy ke: 4900 - Thoi gian: 0.1 phut
Vong lap 98/250 - Repository: 100 - FE luy ke: 4950 - Thoi gian: 0.1 phut
Vong lap 99/250 - Repository: 100 - FE luy ke: 5000 - Thoi gian: 0.1 phut
Vong lap 100/250 - Repository: 100 - FE luy ke: 5050 - Thoi gian: 0.1 phut
Vong lap 101/250 - Repository: 100 - FE luy ke: 5100 - Thoi gian: 0.1 phut
Vong lap 102/250 - Repository: 100 - FE luy ke: 5150 - Thoi gian: 0.1 phut
Vong lap 103/250 - Repository: 100 - FE luy ke: 5200 - Thoi gian: 0.1 phut
Vong lap 104/250 - Repository: 100 - FE luy ke: 5250 - Thoi gian: 0.2 phut
Vong lap 105/250 - Repository: 100 - FE luy ke: 5300 - Thoi gian: 0.2 phut
Vong lap 106/250 - Repository: 100 - FE luy ke: 5350 - Thoi gian: 0.2 phut
Vong lap 107/250 - Repository: 100 - FE luy ke: 5400 - Thoi gian: 0.2 phut
Vong lap 108/250 - Repository: 100 - FE luy ke: 5450 - Thoi gian: 0.2 phut
Vong lap 109/250 - Repository: 100 - FE luy ke: 5500 - Thoi gian: 0.2 phut
Vong lap 110/250 - Repository: 100 - FE luy ke: 5550 - Thoi gian: 0.2 phut
Vong lap 111/250 - Repository: 100 - FE luy ke: 5600 - Thoi gian: 0.2 phut
Vong lap 112/250 - Repository: 100 - FE luy ke: 5650 - Thoi gian: 0.2 phut
Vong lap 113/250 - Repository: 100 - FE luy ke: 5700 - Thoi gian: 0.2 phut
Vong lap 114/250 - Repository: 100 - FE luy ke: 5750 - Thoi gian: 0.2 phut
Vong lap 115/250 - Repository: 100 - FE luy ke: 5800 - Thoi gian: 0.2 phut
Vong lap 116/250 - Repository: 100 - FE luy ke: 5850 - Thoi gian: 0.2 phut
Vong lap 117/250 - Repository: 100 - FE luy ke: 5900 - Thoi gian: 0.2 phut
Vong lap 118/250 - Repository: 100 - FE luy ke: 5950 - Thoi gian: 0.2 phut
Vong lap 119/250 - Repository: 100 - FE luy ke: 6000 - Thoi gian: 0.2 phut
Vong lap 120/250 - Repository: 100 - FE luy ke: 6050 - Thoi gian: 0.2 phut
Vong lap 121/250 - Repository: 100 - FE luy ke: 6100 - Thoi gian: 0.2 phut
Vong lap 122/250 - Repository: 100 - FE luy ke: 6150 - Thoi gian: 0.2 phut
Vong lap 123/250 - Repository: 100 - FE luy ke: 6200 - Thoi gian: 0.2 phut
Vong lap 124/250 - Repository: 100 - FE luy ke: 6250 - Thoi gian: 0.2 phut
Vong lap 125/250 - Repository: 100 - FE luy ke: 6300 - Thoi gian: 0.2 phut
Vong lap 126/250 - Repository: 100 - FE luy ke: 6350 - Thoi gian: 0.2 phut
Vong lap 127/250 - Repository: 100 - FE luy ke: 6400 - Thoi gian: 0.2 phut
Vong lap 128/250 - Repository: 100 - FE luy ke: 6450 - Thoi gian: 0.2 phut
Vong lap 129/250 - Repository: 100 - FE luy ke: 6500 - Thoi gian: 0.2 phut
Vong lap 130/250 - Repository: 100 - FE luy ke: 6550 - Thoi gian: 0.2 phut
Vong lap 131/250 - Repository: 100 - FE luy ke: 6600 - Thoi gian: 0.2 phut
Vong lap 132/250 - Repository: 100 - FE luy ke: 6650 - Thoi gian: 0.2 phut
Vong lap 133/250 - Repository: 100 - FE luy ke: 6700 - Thoi gian: 0.2 phut
Vong lap 134/250 - Repository: 100 - FE luy ke: 6750 - Thoi gian: 0.2 phut
Vong lap 135/250 - Repository: 100 - FE luy ke: 6800 - Thoi gian: 0.2 phut
Vong lap 136/250 - Repository: 100 - FE luy ke: 6850 - Thoi gian: 0.2 phut
Vong lap 137/250 - Repository: 100 - FE luy ke: 6900 - Thoi gian: 0.2 phut
Vong lap 138/250 - Repository: 100 - FE luy ke: 6950 - Thoi gian: 0.2 phut
Vong lap 139/250 - Repository: 100 - FE luy ke: 7000 - Thoi gian: 0.2 phut
Vong lap 140/250 - Repository: 100 - FE luy ke: 7050 - Thoi gian: 0.2 phut
Vong lap 141/250 - Repository: 100 - FE luy ke: 7100 - Thoi gian: 0.2 phut
Vong lap 142/250 - Repository: 100 - FE luy ke: 7150 - Thoi gian: 0.2 phut
Vong lap 143/250 - Repository: 100 - FE luy ke: 7200 - Thoi gian: 0.2 phut
Vong lap 144/250 - Repository: 100 - FE luy ke: 7250 - Thoi gian: 0.2 phut
Vong lap 145/250 - Repository: 100 - FE luy ke: 7300 - Thoi gian: 0.2 phut
Vong lap 146/250 - Repository: 100 - FE luy ke: 7350 - Thoi gian: 0.2 phut
Vong lap 147/250 - Repository: 100 - FE luy ke: 7400 - Thoi gian: 0.2 phut
Vong lap 148/250 - Repository: 100 - FE luy ke: 7450 - Thoi gian: 0.2 phut
Vong lap 149/250 - Repository: 100 - FE luy ke: 7500 - Thoi gian: 0.2 phut
Vong lap 150/250 - Repository: 100 - FE luy ke: 7550 - Thoi gian: 0.2 phut
Vong lap 151/250 - Repository: 100 - FE luy ke: 7600 - Thoi gian: 0.2 phut
Vong lap 152/250 - Repository: 100 - FE luy ke: 7650 - Thoi gian: 0.2 phut
Vong lap 153/250 - Repository: 100 - FE luy ke: 7700 - Thoi gian: 0.2 phut
Vong lap 154/250 - Repository: 100 - FE luy ke: 7750 - Thoi gian: 0.2 phut
Vong lap 155/250 - Repository: 100 - FE luy ke: 7800 - Thoi gian: 0.2 phut
Vong lap 156/250 - Repository: 100 - FE luy ke: 7850 - Thoi gian: 0.2 phut
Vong lap 157/250 - Repository: 100 - FE luy ke: 7900 - Thoi gian: 0.2 phut
Vong lap 158/250 - Repository: 100 - FE luy ke: 7950 - Thoi gian: 0.2 phut
Vong lap 159/250 - Repository: 100 - FE luy ke: 8000 - Thoi gian: 0.2 phut
Vong lap 160/250 - Repository: 100 - FE luy ke: 8050 - Thoi gian: 0.2 phut
Vong lap 161/250 - Repository: 100 - FE luy ke: 8100 - Thoi gian: 0.2 phut
Vong lap 162/250 - Repository: 100 - FE luy ke: 8150 - Thoi gian: 0.2 phut
Vong lap 163/250 - Repository: 100 - FE luy ke: 8200 - Thoi gian: 0.2 phut
Vong lap 164/250 - Repository: 100 - FE luy ke: 8250 - Thoi gian: 0.2 phut
Vong lap 165/250 - Repository: 100 - FE luy ke: 8300 - Thoi gian: 0.2 phut
Vong lap 166/250 - Repository: 100 - FE luy ke: 8350 - Thoi gian: 0.2 phut
Vong lap 167/250 - Repository: 100 - FE luy ke: 8400 - Thoi gian: 0.3 phut
Vong lap 168/250 - Repository: 100 - FE luy ke: 8450 - Thoi gian: 0.3 phut
Vong lap 169/250 - Repository: 100 - FE luy ke: 8500 - Thoi gian: 0.3 phut
Vong lap 170/250 - Repository: 100 - FE luy ke: 8550 - Thoi gian: 0.3 phut
Vong lap 171/250 - Repository: 100 - FE luy ke: 8600 - Thoi gian: 0.3 phut
Vong lap 172/250 - Repository: 100 - FE luy ke: 8650 - Thoi gian: 0.3 phut
Vong lap 173/250 - Repository: 100 - FE luy ke: 8700 - Thoi gian: 0.3 phut
Vong lap 174/250 - Repository: 100 - FE luy ke: 8750 - Thoi gian: 0.3 phut
Vong lap 175/250 - Repository: 100 - FE luy ke: 8800 - Thoi gian: 0.3 phut
Vong lap 176/250 - Repository: 100 - FE luy ke: 8850 - Thoi gian: 0.3 phut
Vong lap 177/250 - Repository: 100 - FE luy ke: 8900 - Thoi gian: 0.3 phut
Vong lap 178/250 - Repository: 100 - FE luy ke: 8950 - Thoi gian: 0.3 phut
Vong lap 179/250 - Repository: 100 - FE luy ke: 9000 - Thoi gian: 0.3 phut
Vong lap 180/250 - Repository: 100 - FE luy ke: 9050 - Thoi gian: 0.3 phut
Vong lap 181/250 - Repository: 100 - FE luy ke: 9100 - Thoi gian: 0.3 phut
Vong lap 182/250 - Repository: 100 - FE luy ke: 9150 - Thoi gian: 0.3 phut
Vong lap 183/250 - Repository: 100 - FE luy ke: 9200 - Thoi gian: 0.3 phut
Vong lap 184/250 - Repository: 100 - FE luy ke: 9250 - Thoi gian: 0.3 phut
Vong lap 185/250 - Repository: 100 - FE luy ke: 9300 - Thoi gian: 0.3 phut
Vong lap 186/250 - Repository: 100 - FE luy ke: 9350 - Thoi gian: 0.3 phut
Vong lap 187/250 - Repository: 100 - FE luy ke: 9400 - Thoi gian: 0.3 phut
Vong lap 188/250 - Repository: 100 - FE luy ke: 9450 - Thoi gian: 0.3 phut
Vong lap 189/250 - Repository: 100 - FE luy ke: 9500 - Thoi gian: 0.3 phut
Vong lap 190/250 - Repository: 100 - FE luy ke: 9550 - Thoi gian: 0.3 phut
Vong lap 191/250 - Repository: 100 - FE luy ke: 9600 - Thoi gian: 0.3 phut
Vong lap 192/250 - Repository: 100 - FE luy ke: 9650 - Thoi gian: 0.3 phut
Vong lap 193/250 - Repository: 100 - FE luy ke: 9700 - Thoi gian: 0.3 phut
Vong lap 194/250 - Repository: 100 - FE luy ke: 9750 - Thoi gian: 0.3 phut
Vong lap 195/250 - Repository: 100 - FE luy ke: 9800 - Thoi gian: 0.3 phut
Vong lap 196/250 - Repository: 100 - FE luy ke: 9850 - Thoi gian: 0.3 phut
Vong lap 197/250 - Repository: 100 - FE luy ke: 9900 - Thoi gian: 0.3 phut
Vong lap 198/250 - Repository: 100 - FE luy ke: 9950 - Thoi gian: 0.3 phut
Vong lap 199/250 - Repository: 100 - FE luy ke: 10000 - Thoi gian: 0.3 phut
Vong lap 200/250 - Repository: 100 - FE luy ke: 10050 - Thoi gian: 0.3 phut
Vong lap 201/250 - Repository: 100 - FE luy ke: 10100 - Thoi gian: 0.3 phut
Vong lap 202/250 - Repository: 100 - FE luy ke: 10150 - Thoi gian: 0.3 phut
Vong lap 203/250 - Repository: 100 - FE luy ke: 10200 - Thoi gian: 0.3 phut
Vong lap 204/250 - Repository: 100 - FE luy ke: 10250 - Thoi gian: 0.3 phut
Vong lap 205/250 - Repository: 100 - FE luy ke: 10300 - Thoi gian: 0.3 phut
Vong lap 206/250 - Repository: 100 - FE luy ke: 10350 - Thoi gian: 0.3 phut
Vong lap 207/250 - Repository: 100 - FE luy ke: 10400 - Thoi gian: 0.3 phut
Vong lap 208/250 - Repository: 100 - FE luy ke: 10450 - Thoi gian: 0.3 phut
Vong lap 209/250 - Repository: 100 - FE luy ke: 10500 - Thoi gian: 0.3 phut
Vong lap 210/250 - Repository: 100 - FE luy ke: 10550 - Thoi gian: 0.3 phut
Vong lap 211/250 - Repository: 100 - FE luy ke: 10600 - Thoi gian: 0.3 phut
Vong lap 212/250 - Repository: 100 - FE luy ke: 10650 - Thoi gian: 0.3 phut
Vong lap 213/250 - Repository: 100 - FE luy ke: 10700 - Thoi gian: 0.3 phut
Vong lap 214/250 - Repository: 100 - FE luy ke: 10750 - Thoi gian: 0.3 phut
Vong lap 215/250 - Repository: 100 - FE luy ke: 10800 - Thoi gian: 0.3 phut
Vong lap 216/250 - Repository: 100 - FE luy ke: 10850 - Thoi gian: 0.3 phut
Vong lap 217/250 - Repository: 100 - FE luy ke: 10900 - Thoi gian: 0.3 phut
Vong lap 218/250 - Repository: 100 - FE luy ke: 10950 - Thoi gian: 0.3 phut
Vong lap 219/250 - Repository: 100 - FE luy ke: 11000 - Thoi gian: 0.3 phut
Vong lap 220/250 - Repository: 100 - FE luy ke: 11050 - Thoi gian: 0.3 phut
Vong lap 221/250 - Repository: 100 - FE luy ke: 11100 - Thoi gian: 0.3 phut
Vong lap 222/250 - Repository: 100 - FE luy ke: 11150 - Thoi gian: 0.3 phut
Vong lap 223/250 - Repository: 100 - FE luy ke: 11200 - Thoi gian: 0.3 phut
Vong lap 224/250 - Repository: 100 - FE luy ke: 11250 - Thoi gian: 0.3 phut
Vong lap 225/250 - Repository: 100 - FE luy ke: 11300 - Thoi gian: 0.3 phut
Vong lap 226/250 - Repository: 100 - FE luy ke: 11350 - Thoi gian: 0.3 phut
Vong lap 227/250 - Repository: 100 - FE luy ke: 11400 - Thoi gian: 0.3 phut
Vong lap 228/250 - Repository: 100 - FE luy ke: 11450 - Thoi gian: 0.4 phut
Vong lap 229/250 - Repository: 100 - FE luy ke: 11500 - Thoi gian: 0.4 phut
Vong lap 230/250 - Repository: 100 - FE luy ke: 11550 - Thoi gian: 0.4 phut
Vong lap 231/250 - Repository: 100 - FE luy ke: 11600 - Thoi gian: 0.4 phut
Vong lap 232/250 - Repository: 100 - FE luy ke: 11650 - Thoi gian: 0.4 phut
Vong lap 233/250 - Repository: 100 - FE luy ke: 11700 - Thoi gian: 0.4 phut
Vong lap 234/250 - Repository: 100 - FE luy ke: 11750 - Thoi gian: 0.4 phut
Vong lap 235/250 - Repository: 100 - FE luy ke: 11800 - Thoi gian: 0.4 phut
Vong lap 236/250 - Repository: 100 - FE luy ke: 11850 - Thoi gian: 0.4 phut
Vong lap 237/250 - Repository: 100 - FE luy ke: 11900 - Thoi gian: 0.4 phut
Vong lap 238/250 - Repository: 100 - FE luy ke: 11950 - Thoi gian: 0.4 phut
Vong lap 239/250 - Repository: 100 - FE luy ke: 12000 - Thoi gian: 0.4 phut
Vong lap 240/250 - Repository: 100 - FE luy ke: 12050 - Thoi gian: 0.4 phut
Vong lap 241/250 - Repository: 100 - FE luy ke: 12100 - Thoi gian: 0.4 phut
Vong lap 242/250 - Repository: 100 - FE luy ke: 12150 - Thoi gian: 0.4 phut
Vong lap 243/250 - Repository: 100 - FE luy ke: 12200 - Thoi gian: 0.4 phut
Vong lap 244/250 - Repository: 100 - FE luy ke: 12250 - Thoi gian: 0.4 phut
Vong lap 245/250 - Repository: 100 - FE luy ke: 12300 - Thoi gian: 0.4 phut
Vong lap 246/250 - Repository: 100 - FE luy ke: 12350 - Thoi gian: 0.4 phut
Vong lap 247/250 - Repository: 100 - FE luy ke: 12400 - Thoi gian: 0.4 phut
Vong lap 248/250 - Repository: 100 - FE luy ke: 12450 - Thoi gian: 0.4 phut
Vong lap 249/250 - Repository: 100 - FE luy ke: 12500 - Thoi gian: 0.4 phut
Vong lap 250/250 - Repository: 100 - FE luy ke: 12550 - Thoi gian: 0.4 phut
HOAN THANH campaign E-MOSFOA. Tong thoi gian: 0.01 gio. So nghiem Pareto: 100
=== E-MOSFOA doc lap lan 20/30 (RunTag=run20) ===
[Wharf100DWT E-MOSFOA - SONG SONG] Np=50 Max_it=250 Nr=100 Num_work=8 (FE uoc tinh=12550)
SUCCESS: The process "SAP2000.exe" with PID 25968 has been terminated. 
SUCCESS: The process "SAP2000.exe" with PID 25596 has been terminated. 
SUCCESS: The process "SAP2000.exe" with PID 7288 has been terminated. 
SUCCESS: The process "SAP2000.exe" with PID 22060 has been terminated. 
SUCCESS: The process "SAP2000.exe" with PID 26788 has been terminated. 
SUCCESS: The process "SAP2000.exe" with PID 26100 has been terminated. 
SUCCESS: The process "SAP2000.exe" with PID 1620 has been terminated. 
SUCCESS: The process "SAP2000.exe" with PID 17732 has been terminated. 
[Warning: Files that have already been attached are being ignored. To see which files are attached see the 'AttachedFiles' property of the parallel pool.] 
Worker 1: 
  wharf100dwt_evaluate: da nap cache tu D:\ResearchLab\02_Projects\02_Projects\MOFDA\Wharf100DWT\results\Wharf100DWT_BRUTEFORCE_FINAL.mat (4080 to hop).
Worker 2: 
  wharf100dwt_evaluate: da nap cache tu D:\ResearchLab\02_Projects\02_Projects\MOFDA\Wharf100DWT\results\Wharf100DWT_BRUTEFORCE_FINAL.mat (4080 to hop).
Worker 3: 
  wharf100dwt_evaluate: da nap cache tu D:\ResearchLab\02_Projects\02_Projects\MOFDA\Wharf100DWT\results\Wharf100DWT_BRUTEFORCE_FINAL.mat (4080 to hop).
Worker 4: 
  wharf100dwt_evaluate: da nap cache tu D:\ResearchLab\02_Projects\02_Projects\MOFDA\Wharf100DWT\results\Wharf100DWT_BRUTEFORCE_FINAL.mat (4080 to hop).
Worker 5: 
  wharf100dwt_evaluate: da nap cache tu D:\ResearchLab\02_Projects\02_Projects\MOFDA\Wharf100DWT\results\Wharf100DWT_BRUTEFORCE_FINAL.mat (4080 to hop).
Worker 6: 
  wharf100dwt_evaluate: da nap cache tu D:\ResearchLab\02_Projects\02_Projects\MOFDA\Wharf100DWT\results\Wharf100DWT_BRUTEFORCE_FINAL.mat (4080 to hop).
Worker 7: 
  wharf100dwt_evaluate: da nap cache tu D:\ResearchLab\02_Projects\02_Projects\MOFDA\Wharf100DWT\results\Wharf100DWT_BRUTEFORCE_FINAL.mat (4080 to hop).
Worker 8: 
  wharf100dwt_evaluate: da nap cache tu D:\ResearchLab\02_Projects\02_Projects\MOFDA\Wharf100DWT\results\Wharf100DWT_BRUTEFORCE_FINAL.mat (4080 to hop).
The he #0 - Kich thuoc Repository: 5
Vong lap 1/250 - Repository: 8 - FE luy ke: 100 - Thoi gian: 0.0 phut
Vong lap 2/250 - Repository: 16 - FE luy ke: 150 - Thoi gian: 0.0 phut
Vong lap 3/250 - Repository: 22 - FE luy ke: 200 - Thoi gian: 0.0 phut
Vong lap 4/250 - Repository: 30 - FE luy ke: 250 - Thoi gian: 0.0 phut
Vong lap 5/250 - Repository: 43 - FE luy ke: 300 - Thoi gian: 0.0 phut
Vong lap 6/250 - Repository: 56 - FE luy ke: 350 - Thoi gian: 0.0 phut
Vong lap 7/250 - Repository: 58 - FE luy ke: 400 - Thoi gian: 0.0 phut
Vong lap 8/250 - Repository: 67 - FE luy ke: 450 - Thoi gian: 0.0 phut
Vong lap 9/250 - Repository: 79 - FE luy ke: 500 - Thoi gian: 0.0 phut
Vong lap 10/250 - Repository: 89 - FE luy ke: 550 - Thoi gian: 0.0 phut
Vong lap 11/250 - Repository: 100 - FE luy ke: 600 - Thoi gian: 0.0 phut
Vong lap 12/250 - Repository: 100 - FE luy ke: 650 - Thoi gian: 0.0 phut
Vong lap 13/250 - Repository: 100 - FE luy ke: 700 - Thoi gian: 0.0 phut
Vong lap 14/250 - Repository: 100 - FE luy ke: 750 - Thoi gian: 0.0 phut
Vong lap 15/250 - Repository: 100 - FE luy ke: 800 - Thoi gian: 0.0 phut
Vong lap 16/250 - Repository: 100 - FE luy ke: 850 - Thoi gian: 0.0 phut
Vong lap 17/250 - Repository: 100 - FE luy ke: 900 - Thoi gian: 0.0 phut
Vong lap 18/250 - Repository: 100 - FE luy ke: 950 - Thoi gian: 0.0 phut
Vong lap 19/250 - Repository: 100 - FE luy ke: 1000 - Thoi gian: 0.0 phut
Vong lap 20/250 - Repository: 100 - FE luy ke: 1050 - Thoi gian: 0.0 phut
Vong lap 21/250 - Repository: 100 - FE luy ke: 1100 - Thoi gian: 0.0 phut
Vong lap 22/250 - Repository: 100 - FE luy ke: 1150 - Thoi gian: 0.0 phut
Vong lap 23/250 - Repository: 100 - FE luy ke: 1200 - Thoi gian: 0.0 phut
Vong lap 24/250 - Repository: 100 - FE luy ke: 1250 - Thoi gian: 0.0 phut
Vong lap 25/250 - Repository: 100 - FE luy ke: 1300 - Thoi gian: 0.0 phut
Vong lap 26/250 - Repository: 100 - FE luy ke: 1350 - Thoi gian: 0.0 phut
Vong lap 27/250 - Repository: 100 - FE luy ke: 1400 - Thoi gian: 0.0 phut
Vong lap 28/250 - Repository: 100 - FE luy ke: 1450 - Thoi gian: 0.0 phut
Vong lap 29/250 - Repository: 100 - FE luy ke: 1500 - Thoi gian: 0.0 phut
Vong lap 30/250 - Repository: 100 - FE luy ke: 1550 - Thoi gian: 0.0 phut
Vong lap 31/250 - Repository: 100 - FE luy ke: 1600 - Thoi gian: 0.0 phut
Vong lap 32/250 - Repository: 100 - FE luy ke: 1650 - Thoi gian: 0.0 phut
Vong lap 33/250 - Repository: 100 - FE luy ke: 1700 - Thoi gian: 0.0 phut
Vong lap 34/250 - Repository: 100 - FE luy ke: 1750 - Thoi gian: 0.0 phut
Vong lap 35/250 - Repository: 100 - FE luy ke: 1800 - Thoi gian: 0.0 phut
Vong lap 36/250 - Repository: 100 - FE luy ke: 1850 - Thoi gian: 0.0 phut
Vong lap 37/250 - Repository: 100 - FE luy ke: 1900 - Thoi gian: 0.1 phut
Vong lap 38/250 - Repository: 100 - FE luy ke: 1950 - Thoi gian: 0.1 phut
Vong lap 39/250 - Repository: 100 - FE luy ke: 2000 - Thoi gian: 0.1 phut
Vong lap 40/250 - Repository: 100 - FE luy ke: 2050 - Thoi gian: 0.1 phut
Vong lap 41/250 - Repository: 100 - FE luy ke: 2100 - Thoi gian: 0.1 phut
Vong lap 42/250 - Repository: 100 - FE luy ke: 2150 - Thoi gian: 0.1 phut
Vong lap 43/250 - Repository: 100 - FE luy ke: 2200 - Thoi gian: 0.1 phut
Vong lap 44/250 - Repository: 100 - FE luy ke: 2250 - Thoi gian: 0.1 phut
Vong lap 45/250 - Repository: 100 - FE luy ke: 2300 - Thoi gian: 0.1 phut
Vong lap 46/250 - Repository: 100 - FE luy ke: 2350 - Thoi gian: 0.1 phut
Vong lap 47/250 - Repository: 100 - FE luy ke: 2400 - Thoi gian: 0.1 phut
Vong lap 48/250 - Repository: 100 - FE luy ke: 2450 - Thoi gian: 0.1 phut
Vong lap 49/250 - Repository: 100 - FE luy ke: 2500 - Thoi gian: 0.1 phut
Vong lap 50/250 - Repository: 100 - FE luy ke: 2550 - Thoi gian: 0.1 phut
Vong lap 51/250 - Repository: 100 - FE luy ke: 2600 - Thoi gian: 0.1 phut
Vong lap 52/250 - Repository: 100 - FE luy ke: 2650 - Thoi gian: 0.1 phut
Vong lap 53/250 - Repository: 100 - FE luy ke: 2700 - Thoi gian: 0.1 phut
Vong lap 54/250 - Repository: 100 - FE luy ke: 2750 - Thoi gian: 0.1 phut
Vong lap 55/250 - Repository: 100 - FE luy ke: 2800 - Thoi gian: 0.1 phut
Vong lap 56/250 - Repository: 100 - FE luy ke: 2850 - Thoi gian: 0.1 phut
Vong lap 57/250 - Repository: 100 - FE luy ke: 2900 - Thoi gian: 0.1 phut
Vong lap 58/250 - Repository: 100 - FE luy ke: 2950 - Thoi gian: 0.1 phut
Vong lap 59/250 - Repository: 100 - FE luy ke: 3000 - Thoi gian: 0.1 phut
Vong lap 60/250 - Repository: 100 - FE luy ke: 3050 - Thoi gian: 0.1 phut
Vong lap 61/250 - Repository: 100 - FE luy ke: 3100 - Thoi gian: 0.1 phut
Vong lap 62/250 - Repository: 100 - FE luy ke: 3150 - Thoi gian: 0.1 phut
Vong lap 63/250 - Repository: 100 - FE luy ke: 3200 - Thoi gian: 0.1 phut
Vong lap 64/250 - Repository: 100 - FE luy ke: 3250 - Thoi gian: 0.1 phut
Vong lap 65/250 - Repository: 100 - FE luy ke: 3300 - Thoi gian: 0.1 phut
Vong lap 66/250 - Repository: 100 - FE luy ke: 3350 - Thoi gian: 0.1 phut
Vong lap 67/250 - Repository: 100 - FE luy ke: 3400 - Thoi gian: 0.1 phut
Vong lap 68/250 - Repository: 100 - FE luy ke: 3450 - Thoi gian: 0.1 phut
Vong lap 69/250 - Repository: 100 - FE luy ke: 3500 - Thoi gian: 0.1 phut
Vong lap 70/250 - Repository: 100 - FE luy ke: 3550 - Thoi gian: 0.1 phut
Vong lap 71/250 - Repository: 100 - FE luy ke: 3600 - Thoi gian: 0.1 phut
Vong lap 72/250 - Repository: 100 - FE luy ke: 3650 - Thoi gian: 0.1 phut
Vong lap 73/250 - Repository: 100 - FE luy ke: 3700 - Thoi gian: 0.1 phut
Vong lap 74/250 - Repository: 100 - FE luy ke: 3750 - Thoi gian: 0.1 phut
Vong lap 75/250 - Repository: 100 - FE luy ke: 3800 - Thoi gian: 0.1 phut
Vong lap 76/250 - Repository: 100 - FE luy ke: 3850 - Thoi gian: 0.1 phut
Vong lap 77/250 - Repository: 100 - FE luy ke: 3900 - Thoi gian: 0.1 phut
Vong lap 78/250 - Repository: 100 - FE luy ke: 3950 - Thoi gian: 0.1 phut
Vong lap 79/250 - Repository: 100 - FE luy ke: 4000 - Thoi gian: 0.1 phut
Vong lap 80/250 - Repository: 100 - FE luy ke: 4050 - Thoi gian: 0.1 phut
Vong lap 81/250 - Repository: 100 - FE luy ke: 4100 - Thoi gian: 0.1 phut
Vong lap 82/250 - Repository: 100 - FE luy ke: 4150 - Thoi gian: 0.1 phut
Vong lap 83/250 - Repository: 100 - FE luy ke: 4200 - Thoi gian: 0.1 phut
Vong lap 84/250 - Repository: 100 - FE luy ke: 4250 - Thoi gian: 0.1 phut
Vong lap 85/250 - Repository: 100 - FE luy ke: 4300 - Thoi gian: 0.1 phut
Vong lap 86/250 - Repository: 100 - FE luy ke: 4350 - Thoi gian: 0.1 phut
Vong lap 87/250 - Repository: 100 - FE luy ke: 4400 - Thoi gian: 0.1 phut
Vong lap 88/250 - Repository: 100 - FE luy ke: 4450 - Thoi gian: 0.1 phut
Vong lap 89/250 - Repository: 100 - FE luy ke: 4500 - Thoi gian: 0.1 phut
Vong lap 90/250 - Repository: 100 - FE luy ke: 4550 - Thoi gian: 0.1 phut
Vong lap 91/250 - Repository: 100 - FE luy ke: 4600 - Thoi gian: 0.1 phut
Vong lap 92/250 - Repository: 100 - FE luy ke: 4650 - Thoi gian: 0.1 phut
Vong lap 93/250 - Repository: 100 - FE luy ke: 4700 - Thoi gian: 0.1 phut
Vong lap 94/250 - Repository: 100 - FE luy ke: 4750 - Thoi gian: 0.1 phut
Vong lap 95/250 - Repository: 100 - FE luy ke: 4800 - Thoi gian: 0.1 phut
Vong lap 96/250 - Repository: 100 - FE luy ke: 4850 - Thoi gian: 0.1 phut
Vong lap 97/250 - Repository: 100 - FE luy ke: 4900 - Thoi gian: 0.1 phut
Vong lap 98/250 - Repository: 100 - FE luy ke: 4950 - Thoi gian: 0.1 phut
Vong lap 99/250 - Repository: 100 - FE luy ke: 5000 - Thoi gian: 0.1 phut
Vong lap 100/250 - Repository: 100 - FE luy ke: 5050 - Thoi gian: 0.1 phut
Vong lap 101/250 - Repository: 100 - FE luy ke: 5100 - Thoi gian: 0.1 phut
Vong lap 102/250 - Repository: 100 - FE luy ke: 5150 - Thoi gian: 0.1 phut
Vong lap 103/250 - Repository: 100 - FE luy ke: 5200 - Thoi gian: 0.1 phut
Vong lap 104/250 - Repository: 100 - FE luy ke: 5250 - Thoi gian: 0.2 phut
Vong lap 105/250 - Repository: 100 - FE luy ke: 5300 - Thoi gian: 0.2 phut
Vong lap 106/250 - Repository: 100 - FE luy ke: 5350 - Thoi gian: 0.2 phut
Vong lap 107/250 - Repository: 100 - FE luy ke: 5400 - Thoi gian: 0.2 phut
Vong lap 108/250 - Repository: 100 - FE luy ke: 5450 - Thoi gian: 0.2 phut
Vong lap 109/250 - Repository: 100 - FE luy ke: 5500 - Thoi gian: 0.2 phut
Vong lap 110/250 - Repository: 100 - FE luy ke: 5550 - Thoi gian: 0.2 phut
Vong lap 111/250 - Repository: 100 - FE luy ke: 5600 - Thoi gian: 0.2 phut
Vong lap 112/250 - Repository: 100 - FE luy ke: 5650 - Thoi gian: 0.2 phut
Vong lap 113/250 - Repository: 100 - FE luy ke: 5700 - Thoi gian: 0.2 phut
Vong lap 114/250 - Repository: 100 - FE luy ke: 5750 - Thoi gian: 0.2 phut
Vong lap 115/250 - Repository: 100 - FE luy ke: 5800 - Thoi gian: 0.2 phut
Vong lap 116/250 - Repository: 100 - FE luy ke: 5850 - Thoi gian: 0.2 phut
Vong lap 117/250 - Repository: 100 - FE luy ke: 5900 - Thoi gian: 0.2 phut
Vong lap 118/250 - Repository: 100 - FE luy ke: 5950 - Thoi gian: 0.2 phut
Vong lap 119/250 - Repository: 100 - FE luy ke: 6000 - Thoi gian: 0.2 phut
Vong lap 120/250 - Repository: 100 - FE luy ke: 6050 - Thoi gian: 0.2 phut
Vong lap 121/250 - Repository: 100 - FE luy ke: 6100 - Thoi gian: 0.2 phut
Vong lap 122/250 - Repository: 100 - FE luy ke: 6150 - Thoi gian: 0.2 phut
Vong lap 123/250 - Repository: 100 - FE luy ke: 6200 - Thoi gian: 0.2 phut
Vong lap 124/250 - Repository: 100 - FE luy ke: 6250 - Thoi gian: 0.2 phut
Vong lap 125/250 - Repository: 100 - FE luy ke: 6300 - Thoi gian: 0.2 phut
Vong lap 126/250 - Repository: 100 - FE luy ke: 6350 - Thoi gian: 0.2 phut
Vong lap 127/250 - Repository: 100 - FE luy ke: 6400 - Thoi gian: 0.2 phut
Vong lap 128/250 - Repository: 100 - FE luy ke: 6450 - Thoi gian: 0.2 phut
Vong lap 129/250 - Repository: 100 - FE luy ke: 6500 - Thoi gian: 0.2 phut
Vong lap 130/250 - Repository: 100 - FE luy ke: 6550 - Thoi gian: 0.2 phut
Vong lap 131/250 - Repository: 100 - FE luy ke: 6600 - Thoi gian: 0.2 phut
Vong lap 132/250 - Repository: 100 - FE luy ke: 6650 - Thoi gian: 0.2 phut
Vong lap 133/250 - Repository: 100 - FE luy ke: 6700 - Thoi gian: 0.2 phut
Vong lap 134/250 - Repository: 100 - FE luy ke: 6750 - Thoi gian: 0.2 phut
Vong lap 135/250 - Repository: 100 - FE luy ke: 6800 - Thoi gian: 0.2 phut
Vong lap 136/250 - Repository: 100 - FE luy ke: 6850 - Thoi gian: 0.2 phut
Vong lap 137/250 - Repository: 100 - FE luy ke: 6900 - Thoi gian: 0.2 phut
Vong lap 138/250 - Repository: 100 - FE luy ke: 6950 - Thoi gian: 0.2 phut
Vong lap 139/250 - Repository: 100 - FE luy ke: 7000 - Thoi gian: 0.2 phut
Vong lap 140/250 - Repository: 100 - FE luy ke: 7050 - Thoi gian: 0.2 phut
Vong lap 141/250 - Repository: 100 - FE luy ke: 7100 - Thoi gian: 0.2 phut
Vong lap 142/250 - Repository: 100 - FE luy ke: 7150 - Thoi gian: 0.2 phut
Vong lap 143/250 - Repository: 100 - FE luy ke: 7200 - Thoi gian: 0.2 phut
Vong lap 144/250 - Repository: 100 - FE luy ke: 7250 - Thoi gian: 0.2 phut
Vong lap 145/250 - Repository: 100 - FE luy ke: 7300 - Thoi gian: 0.2 phut
Vong lap 146/250 - Repository: 100 - FE luy ke: 7350 - Thoi gian: 0.2 phut
Vong lap 147/250 - Repository: 100 - FE luy ke: 7400 - Thoi gian: 0.2 phut
Vong lap 148/250 - Repository: 100 - FE luy ke: 7450 - Thoi gian: 0.2 phut
Vong lap 149/250 - Repository: 100 - FE luy ke: 7500 - Thoi gian: 0.2 phut
Vong lap 150/250 - Repository: 100 - FE luy ke: 7550 - Thoi gian: 0.2 phut
Vong lap 151/250 - Repository: 100 - FE luy ke: 7600 - Thoi gian: 0.2 phut
Vong lap 152/250 - Repository: 100 - FE luy ke: 7650 - Thoi gian: 0.2 phut
Vong lap 153/250 - Repository: 100 - FE luy ke: 7700 - Thoi gian: 0.2 phut
Vong lap 154/250 - Repository: 100 - FE luy ke: 7750 - Thoi gian: 0.2 phut
Vong lap 155/250 - Repository: 100 - FE luy ke: 7800 - Thoi gian: 0.2 phut
Vong lap 156/250 - Repository: 100 - FE luy ke: 7850 - Thoi gian: 0.2 phut
Vong lap 157/250 - Repository: 100 - FE luy ke: 7900 - Thoi gian: 0.2 phut
Vong lap 158/250 - Repository: 100 - FE luy ke: 7950 - Thoi gian: 0.2 phut
Vong lap 159/250 - Repository: 100 - FE luy ke: 8000 - Thoi gian: 0.2 phut
Vong lap 160/250 - Repository: 100 - FE luy ke: 8050 - Thoi gian: 0.2 phut
Vong lap 161/250 - Repository: 100 - FE luy ke: 8100 - Thoi gian: 0.2 phut
Vong lap 162/250 - Repository: 100 - FE luy ke: 8150 - Thoi gian: 0.2 phut
Vong lap 163/250 - Repository: 100 - FE luy ke: 8200 - Thoi gian: 0.2 phut
Vong lap 164/250 - Repository: 100 - FE luy ke: 8250 - Thoi gian: 0.2 phut
Vong lap 165/250 - Repository: 100 - FE luy ke: 8300 - Thoi gian: 0.2 phut
Vong lap 166/250 - Repository: 100 - FE luy ke: 8350 - Thoi gian: 0.2 phut
Vong lap 167/250 - Repository: 100 - FE luy ke: 8400 - Thoi gian: 0.3 phut
Vong lap 168/250 - Repository: 100 - FE luy ke: 8450 - Thoi gian: 0.3 phut
Vong lap 169/250 - Repository: 100 - FE luy ke: 8500 - Thoi gian: 0.3 phut
Vong lap 170/250 - Repository: 100 - FE luy ke: 8550 - Thoi gian: 0.3 phut
Vong lap 171/250 - Repository: 100 - FE luy ke: 8600 - Thoi gian: 0.3 phut
Vong lap 172/250 - Repository: 100 - FE luy ke: 8650 - Thoi gian: 0.3 phut
Vong lap 173/250 - Repository: 100 - FE luy ke: 8700 - Thoi gian: 0.3 phut
Vong lap 174/250 - Repository: 100 - FE luy ke: 8750 - Thoi gian: 0.3 phut
Vong lap 175/250 - Repository: 100 - FE luy ke: 8800 - Thoi gian: 0.3 phut
Vong lap 176/250 - Repository: 100 - FE luy ke: 8850 - Thoi gian: 0.3 phut
Vong lap 177/250 - Repository: 100 - FE luy ke: 8900 - Thoi gian: 0.3 phut
Vong lap 178/250 - Repository: 100 - FE luy ke: 8950 - Thoi gian: 0.3 phut
Vong lap 179/250 - Repository: 100 - FE luy ke: 9000 - Thoi gian: 0.3 phut
Vong lap 180/250 - Repository: 100 - FE luy ke: 9050 - Thoi gian: 0.3 phut
Vong lap 181/250 - Repository: 100 - FE luy ke: 9100 - Thoi gian: 0.3 phut
Vong lap 182/250 - Repository: 100 - FE luy ke: 9150 - Thoi gian: 0.3 phut
Vong lap 183/250 - Repository: 100 - FE luy ke: 9200 - Thoi gian: 0.3 phut
Vong lap 184/250 - Repository: 100 - FE luy ke: 9250 - Thoi gian: 0.3 phut
Vong lap 185/250 - Repository: 100 - FE luy ke: 9300 - Thoi gian: 0.3 phut
Vong lap 186/250 - Repository: 100 - FE luy ke: 9350 - Thoi gian: 0.3 phut
Vong lap 187/250 - Repository: 100 - FE luy ke: 9400 - Thoi gian: 0.3 phut
Vong lap 188/250 - Repository: 100 - FE luy ke: 9450 - Thoi gian: 0.3 phut
Vong lap 189/250 - Repository: 100 - FE luy ke: 9500 - Thoi gian: 0.3 phut
Vong lap 190/250 - Repository: 100 - FE luy ke: 9550 - Thoi gian: 0.3 phut
Vong lap 191/250 - Repository: 100 - FE luy ke: 9600 - Thoi gian: 0.3 phut
Vong lap 192/250 - Repository: 100 - FE luy ke: 9650 - Thoi gian: 0.3 phut
Vong lap 193/250 - Repository: 100 - FE luy ke: 9700 - Thoi gian: 0.3 phut
Vong lap 194/250 - Repository: 100 - FE luy ke: 9750 - Thoi gian: 0.3 phut
Vong lap 195/250 - Repository: 100 - FE luy ke: 9800 - Thoi gian: 0.3 phut
Vong lap 196/250 - Repository: 100 - FE luy ke: 9850 - Thoi gian: 0.3 phut
Vong lap 197/250 - Repository: 100 - FE luy ke: 9900 - Thoi gian: 0.3 phut
Vong lap 198/250 - Repository: 100 - FE luy ke: 9950 - Thoi gian: 0.3 phut
Vong lap 199/250 - Repository: 100 - FE luy ke: 10000 - Thoi gian: 0.3 phut
Vong lap 200/250 - Repository: 100 - FE luy ke: 10050 - Thoi gian: 0.3 phut
Vong lap 201/250 - Repository: 100 - FE luy ke: 10100 - Thoi gian: 0.3 phut
Vong lap 202/250 - Repository: 100 - FE luy ke: 10150 - Thoi gian: 0.3 phut
Vong lap 203/250 - Repository: 100 - FE luy ke: 10200 - Thoi gian: 0.3 phut
Vong lap 204/250 - Repository: 100 - FE luy ke: 10250 - Thoi gian: 0.3 phut
Vong lap 205/250 - Repository: 100 - FE luy ke: 10300 - Thoi gian: 0.3 phut
Vong lap 206/250 - Repository: 100 - FE luy ke: 10350 - Thoi gian: 0.3 phut
Vong lap 207/250 - Repository: 100 - FE luy ke: 10400 - Thoi gian: 0.3 phut
Vong lap 208/250 - Repository: 100 - FE luy ke: 10450 - Thoi gian: 0.3 phut
Vong lap 209/250 - Repository: 100 - FE luy ke: 10500 - Thoi gian: 0.3 phut
Vong lap 210/250 - Repository: 100 - FE luy ke: 10550 - Thoi gian: 0.3 phut
Vong lap 211/250 - Repository: 100 - FE luy ke: 10600 - Thoi gian: 0.3 phut
Vong lap 212/250 - Repository: 100 - FE luy ke: 10650 - Thoi gian: 0.3 phut
Vong lap 213/250 - Repository: 100 - FE luy ke: 10700 - Thoi gian: 0.3 phut
Vong lap 214/250 - Repository: 100 - FE luy ke: 10750 - Thoi gian: 0.3 phut
Vong lap 215/250 - Repository: 100 - FE luy ke: 10800 - Thoi gian: 0.3 phut
Vong lap 216/250 - Repository: 100 - FE luy ke: 10850 - Thoi gian: 0.3 phut
Vong lap 217/250 - Repository: 100 - FE luy ke: 10900 - Thoi gian: 0.3 phut
Vong lap 218/250 - Repository: 100 - FE luy ke: 10950 - Thoi gian: 0.3 phut
Vong lap 219/250 - Repository: 100 - FE luy ke: 11000 - Thoi gian: 0.3 phut
Vong lap 220/250 - Repository: 100 - FE luy ke: 11050 - Thoi gian: 0.3 phut
Vong lap 221/250 - Repository: 100 - FE luy ke: 11100 - Thoi gian: 0.3 phut
Vong lap 222/250 - Repository: 100 - FE luy ke: 11150 - Thoi gian: 0.3 phut
Vong lap 223/250 - Repository: 100 - FE luy ke: 11200 - Thoi gian: 0.3 phut
Vong lap 224/250 - Repository: 100 - FE luy ke: 11250 - Thoi gian: 0.3 phut
Vong lap 225/250 - Repository: 100 - FE luy ke: 11300 - Thoi gian: 0.3 phut
Vong lap 226/250 - Repository: 100 - FE luy ke: 11350 - Thoi gian: 0.3 phut
Vong lap 227/250 - Repository: 100 - FE luy ke: 11400 - Thoi gian: 0.4 phut
Vong lap 228/250 - Repository: 100 - FE luy ke: 11450 - Thoi gian: 0.4 phut
Vong lap 229/250 - Repository: 100 - FE luy ke: 11500 - Thoi gian: 0.4 phut
Vong lap 230/250 - Repository: 100 - FE luy ke: 11550 - Thoi gian: 0.4 phut
Vong lap 231/250 - Repository: 100 - FE luy ke: 11600 - Thoi gian: 0.4 phut
Vong lap 232/250 - Repository: 100 - FE luy ke: 11650 - Thoi gian: 0.4 phut
Vong lap 233/250 - Repository: 100 - FE luy ke: 11700 - Thoi gian: 0.4 phut
Vong lap 234/250 - Repository: 100 - FE luy ke: 11750 - Thoi gian: 0.4 phut
Vong lap 235/250 - Repository: 100 - FE luy ke: 11800 - Thoi gian: 0.4 phut
Vong lap 236/250 - Repository: 100 - FE luy ke: 11850 - Thoi gian: 0.4 phut
Vong lap 237/250 - Repository: 100 - FE luy ke: 11900 - Thoi gian: 0.4 phut
Vong lap 238/250 - Repository: 100 - FE luy ke: 11950 - Thoi gian: 0.4 phut
Vong lap 239/250 - Repository: 100 - FE luy ke: 12000 - Thoi gian: 0.4 phut
Vong lap 240/250 - Repository: 100 - FE luy ke: 12050 - Thoi gian: 0.4 phut
Vong lap 241/250 - Repository: 100 - FE luy ke: 12100 - Thoi gian: 0.4 phut
Vong lap 242/250 - Repository: 100 - FE luy ke: 12150 - Thoi gian: 0.4 phut
Vong lap 243/250 - Repository: 100 - FE luy ke: 12200 - Thoi gian: 0.4 phut
Vong lap 244/250 - Repository: 100 - FE luy ke: 12250 - Thoi gian: 0.4 phut
Vong lap 245/250 - Repository: 100 - FE luy ke: 12300 - Thoi gian: 0.4 phut
Vong lap 246/250 - Repository: 100 - FE luy ke: 12350 - Thoi gian: 0.4 phut
Vong lap 247/250 - Repository: 100 - FE luy ke: 12400 - Thoi gian: 0.4 phut
Vong lap 248/250 - Repository: 100 - FE luy ke: 12450 - Thoi gian: 0.4 phut
Vong lap 249/250 - Repository: 100 - FE luy ke: 12500 - Thoi gian: 0.4 phut
Vong lap 250/250 - Repository: 100 - FE luy ke: 12550 - Thoi gian: 0.4 phut
HOAN THANH campaign E-MOSFOA. Tong thoi gian: 0.01 gio. So nghiem Pareto: 100
=== E-MOSFOA doc lap lan 21/30 (RunTag=run21) ===
[Wharf100DWT E-MOSFOA - SONG SONG] Np=50 Max_it=250 Nr=100 Num_work=8 (FE uoc tinh=12550)
SUCCESS: The process "SAP2000.exe" with PID 27216 has been terminated. 
SUCCESS: The process "SAP2000.exe" with PID 19588 has been terminated. 
SUCCESS: The process "SAP2000.exe" with PID 27144 has been terminated. 
SUCCESS: The process "SAP2000.exe" with PID 25732 has been terminated. 
SUCCESS: The process "SAP2000.exe" with PID 10496 has been terminated. 
SUCCESS: The process "SAP2000.exe" with PID 1116 has been terminated. 
SUCCESS: The process "SAP2000.exe" with PID 22724 has been terminated. 
SUCCESS: The process "SAP2000.exe" with PID 26404 has been terminated. 
[Warning: Files that have already been attached are being ignored. To see which files are attached see the 'AttachedFiles' property of the parallel pool.] 
Worker 1: 
  wharf100dwt_evaluate: da nap cache tu D:\ResearchLab\02_Projects\02_Projects\MOFDA\Wharf100DWT\results\Wharf100DWT_BRUTEFORCE_FINAL.mat (4080 to hop).
Worker 2: 
  wharf100dwt_evaluate: da nap cache tu D:\ResearchLab\02_Projects\02_Projects\MOFDA\Wharf100DWT\results\Wharf100DWT_BRUTEFORCE_FINAL.mat (4080 to hop).
Worker 3: 
  wharf100dwt_evaluate: da nap cache tu D:\ResearchLab\02_Projects\02_Projects\MOFDA\Wharf100DWT\results\Wharf100DWT_BRUTEFORCE_FINAL.mat (4080 to hop).
Worker 4: 
  wharf100dwt_evaluate: da nap cache tu D:\ResearchLab\02_Projects\02_Projects\MOFDA\Wharf100DWT\results\Wharf100DWT_BRUTEFORCE_FINAL.mat (4080 to hop).
Worker 5: 
  wharf100dwt_evaluate: da nap cache tu D:\ResearchLab\02_Projects\02_Projects\MOFDA\Wharf100DWT\results\Wharf100DWT_BRUTEFORCE_FINAL.mat (4080 to hop).
Worker 6: 
  wharf100dwt_evaluate: da nap cache tu D:\ResearchLab\02_Projects\02_Projects\MOFDA\Wharf100DWT\results\Wharf100DWT_BRUTEFORCE_FINAL.mat (4080 to hop).
Worker 7: 
  wharf100dwt_evaluate: da nap cache tu D:\ResearchLab\02_Projects\02_Projects\MOFDA\Wharf100DWT\results\Wharf100DWT_BRUTEFORCE_FINAL.mat (4080 to hop).
Worker 8: 
  wharf100dwt_evaluate: da nap cache tu D:\ResearchLab\02_Projects\02_Projects\MOFDA\Wharf100DWT\results\Wharf100DWT_BRUTEFORCE_FINAL.mat (4080 to hop).
The he #0 - Kich thuoc Repository: 4
Vong lap 1/250 - Repository: 7 - FE luy ke: 100 - Thoi gian: 0.0 phut
Vong lap 2/250 - Repository: 13 - FE luy ke: 150 - Thoi gian: 0.0 phut
Vong lap 3/250 - Repository: 16 - FE luy ke: 200 - Thoi gian: 0.0 phut
Vong lap 4/250 - Repository: 17 - FE luy ke: 250 - Thoi gian: 0.0 phut
Vong lap 5/250 - Repository: 28 - FE luy ke: 300 - Thoi gian: 0.0 phut
Vong lap 6/250 - Repository: 26 - FE luy ke: 350 - Thoi gian: 0.0 phut
Vong lap 7/250 - Repository: 32 - FE luy ke: 400 - Thoi gian: 0.0 phut
Vong lap 8/250 - Repository: 40 - FE luy ke: 450 - Thoi gian: 0.0 phut
Vong lap 9/250 - Repository: 43 - FE luy ke: 500 - Thoi gian: 0.0 phut
Vong lap 10/250 - Repository: 53 - FE luy ke: 550 - Thoi gian: 0.0 phut
Vong lap 11/250 - Repository: 68 - FE luy ke: 600 - Thoi gian: 0.0 phut
Vong lap 12/250 - Repository: 82 - FE luy ke: 650 - Thoi gian: 0.0 phut
Vong lap 13/250 - Repository: 92 - FE luy ke: 700 - Thoi gian: 0.0 phut
Vong lap 14/250 - Repository: 100 - FE luy ke: 750 - Thoi gian: 0.0 phut
Vong lap 15/250 - Repository: 100 - FE luy ke: 800 - Thoi gian: 0.0 phut
Vong lap 16/250 - Repository: 100 - FE luy ke: 850 - Thoi gian: 0.0 phut
Vong lap 17/250 - Repository: 100 - FE luy ke: 900 - Thoi gian: 0.0 phut
Vong lap 18/250 - Repository: 100 - FE luy ke: 950 - Thoi gian: 0.0 phut
Vong lap 19/250 - Repository: 100 - FE luy ke: 1000 - Thoi gian: 0.0 phut
Vong lap 20/250 - Repository: 100 - FE luy ke: 1050 - Thoi gian: 0.0 phut
Vong lap 21/250 - Repository: 100 - FE luy ke: 1100 - Thoi gian: 0.0 phut
Vong lap 22/250 - Repository: 100 - FE luy ke: 1150 - Thoi gian: 0.0 phut
Vong lap 23/250 - Repository: 100 - FE luy ke: 1200 - Thoi gian: 0.0 phut
Vong lap 24/250 - Repository: 100 - FE luy ke: 1250 - Thoi gian: 0.0 phut
Vong lap 25/250 - Repository: 100 - FE luy ke: 1300 - Thoi gian: 0.0 phut
Vong lap 26/250 - Repository: 100 - FE luy ke: 1350 - Thoi gian: 0.0 phut
Vong lap 27/250 - Repository: 100 - FE luy ke: 1400 - Thoi gian: 0.0 phut
Vong lap 28/250 - Repository: 100 - FE luy ke: 1450 - Thoi gian: 0.0 phut
Vong lap 29/250 - Repository: 100 - FE luy ke: 1500 - Thoi gian: 0.0 phut
Vong lap 30/250 - Repository: 100 - FE luy ke: 1550 - Thoi gian: 0.0 phut
Vong lap 31/250 - Repository: 100 - FE luy ke: 1600 - Thoi gian: 0.0 phut
Vong lap 32/250 - Repository: 100 - FE luy ke: 1650 - Thoi gian: 0.0 phut
Vong lap 33/250 - Repository: 100 - FE luy ke: 1700 - Thoi gian: 0.0 phut
Vong lap 34/250 - Repository: 100 - FE luy ke: 1750 - Thoi gian: 0.0 phut
Vong lap 35/250 - Repository: 100 - FE luy ke: 1800 - Thoi gian: 0.0 phut
Vong lap 36/250 - Repository: 100 - FE luy ke: 1850 - Thoi gian: 0.0 phut
Vong lap 37/250 - Repository: 100 - FE luy ke: 1900 - Thoi gian: 0.1 phut
Vong lap 38/250 - Repository: 100 - FE luy ke: 1950 - Thoi gian: 0.1 phut
Vong lap 39/250 - Repository: 100 - FE luy ke: 2000 - Thoi gian: 0.1 phut
Vong lap 40/250 - Repository: 100 - FE luy ke: 2050 - Thoi gian: 0.1 phut
Vong lap 41/250 - Repository: 100 - FE luy ke: 2100 - Thoi gian: 0.1 phut
Vong lap 42/250 - Repository: 100 - FE luy ke: 2150 - Thoi gian: 0.1 phut
Vong lap 43/250 - Repository: 100 - FE luy ke: 2200 - Thoi gian: 0.1 phut
Vong lap 44/250 - Repository: 100 - FE luy ke: 2250 - Thoi gian: 0.1 phut
Vong lap 45/250 - Repository: 100 - FE luy ke: 2300 - Thoi gian: 0.1 phut
Vong lap 46/250 - Repository: 100 - FE luy ke: 2350 - Thoi gian: 0.1 phut
Vong lap 47/250 - Repository: 100 - FE luy ke: 2400 - Thoi gian: 0.1 phut
Vong lap 48/250 - Repository: 100 - FE luy ke: 2450 - Thoi gian: 0.1 phut
Vong lap 49/250 - Repository: 100 - FE luy ke: 2500 - Thoi gian: 0.1 phut
Vong lap 50/250 - Repository: 100 - FE luy ke: 2550 - Thoi gian: 0.1 phut
Vong lap 51/250 - Repository: 100 - FE luy ke: 2600 - Thoi gian: 0.1 phut
Vong lap 52/250 - Repository: 100 - FE luy ke: 2650 - Thoi gian: 0.1 phut
Vong lap 53/250 - Repository: 100 - FE luy ke: 2700 - Thoi gian: 0.1 phut
Vong lap 54/250 - Repository: 100 - FE luy ke: 2750 - Thoi gian: 0.1 phut
Vong lap 55/250 - Repository: 100 - FE luy ke: 2800 - Thoi gian: 0.1 phut
Vong lap 56/250 - Repository: 100 - FE luy ke: 2850 - Thoi gian: 0.1 phut
Vong lap 57/250 - Repository: 100 - FE luy ke: 2900 - Thoi gian: 0.1 phut
Vong lap 58/250 - Repository: 100 - FE luy ke: 2950 - Thoi gian: 0.1 phut
Vong lap 59/250 - Repository: 100 - FE luy ke: 3000 - Thoi gian: 0.1 phut
Vong lap 60/250 - Repository: 100 - FE luy ke: 3050 - Thoi gian: 0.1 phut
Vong lap 61/250 - Repository: 100 - FE luy ke: 3100 - Thoi gian: 0.1 phut
Vong lap 62/250 - Repository: 100 - FE luy ke: 3150 - Thoi gian: 0.1 phut
Vong lap 63/250 - Repository: 100 - FE luy ke: 3200 - Thoi gian: 0.1 phut
Vong lap 64/250 - Repository: 100 - FE luy ke: 3250 - Thoi gian: 0.1 phut
Vong lap 65/250 - Repository: 100 - FE luy ke: 3300 - Thoi gian: 0.1 phut
Vong lap 66/250 - Repository: 100 - FE luy ke: 3350 - Thoi gian: 0.1 phut
Vong lap 67/250 - Repository: 100 - FE luy ke: 3400 - Thoi gian: 0.1 phut
Vong lap 68/250 - Repository: 100 - FE luy ke: 3450 - Thoi gian: 0.1 phut
Vong lap 69/250 - Repository: 100 - FE luy ke: 3500 - Thoi gian: 0.1 phut
Vong lap 70/250 - Repository: 100 - FE luy ke: 3550 - Thoi gian: 0.1 phut
Vong lap 71/250 - Repository: 100 - FE luy ke: 3600 - Thoi gian: 0.1 phut
Vong lap 72/250 - Repository: 100 - FE luy ke: 3650 - Thoi gian: 0.1 phut
Vong lap 73/250 - Repository: 100 - FE luy ke: 3700 - Thoi gian: 0.1 phut
Vong lap 74/250 - Repository: 100 - FE luy ke: 3750 - Thoi gian: 0.1 phut
Vong lap 75/250 - Repository: 100 - FE luy ke: 3800 - Thoi gian: 0.1 phut
Vong lap 76/250 - Repository: 100 - FE luy ke: 3850 - Thoi gian: 0.1 phut
Vong lap 77/250 - Repository: 100 - FE luy ke: 3900 - Thoi gian: 0.1 phut
Vong lap 78/250 - Repository: 100 - FE luy ke: 3950 - Thoi gian: 0.1 phut
Vong lap 79/250 - Repository: 100 - FE luy ke: 4000 - Thoi gian: 0.1 phut
Vong lap 80/250 - Repository: 100 - FE luy ke: 4050 - Thoi gian: 0.1 phut
Vong lap 81/250 - Repository: 100 - FE luy ke: 4100 - Thoi gian: 0.1 phut
Vong lap 82/250 - Repository: 100 - FE luy ke: 4150 - Thoi gian: 0.1 phut
Vong lap 83/250 - Repository: 100 - FE luy ke: 4200 - Thoi gian: 0.1 phut
Vong lap 84/250 - Repository: 100 - FE luy ke: 4250 - Thoi gian: 0.1 phut
Vong lap 85/250 - Repository: 100 - FE luy ke: 4300 - Thoi gian: 0.1 phut
Vong lap 86/250 - Repository: 100 - FE luy ke: 4350 - Thoi gian: 0.1 phut
Vong lap 87/250 - Repository: 100 - FE luy ke: 4400 - Thoi gian: 0.1 phut
Vong lap 88/250 - Repository: 100 - FE luy ke: 4450 - Thoi gian: 0.1 phut
Vong lap 89/250 - Repository: 100 - FE luy ke: 4500 - Thoi gian: 0.1 phut
Vong lap 90/250 - Repository: 100 - FE luy ke: 4550 - Thoi gian: 0.1 phut
Vong lap 91/250 - Repository: 100 - FE luy ke: 4600 - Thoi gian: 0.1 phut
Vong lap 92/250 - Repository: 100 - FE luy ke: 4650 - Thoi gian: 0.1 phut
Vong lap 93/250 - Repository: 100 - FE luy ke: 4700 - Thoi gian: 0.1 phut
Vong lap 94/250 - Repository: 100 - FE luy ke: 4750 - Thoi gian: 0.1 phut
Vong lap 95/250 - Repository: 100 - FE luy ke: 4800 - Thoi gian: 0.1 phut
Vong lap 96/250 - Repository: 100 - FE luy ke: 4850 - Thoi gian: 0.1 phut
Vong lap 97/250 - Repository: 100 - FE luy ke: 4900 - Thoi gian: 0.1 phut
Vong lap 98/250 - Repository: 100 - FE luy ke: 4950 - Thoi gian: 0.1 phut
Vong lap 99/250 - Repository: 100 - FE luy ke: 5000 - Thoi gian: 0.1 phut
Vong lap 100/250 - Repository: 100 - FE luy ke: 5050 - Thoi gian: 0.1 phut
Vong lap 101/250 - Repository: 100 - FE luy ke: 5100 - Thoi gian: 0.1 phut
Vong lap 102/250 - Repository: 100 - FE luy ke: 5150 - Thoi gian: 0.1 phut
Vong lap 103/250 - Repository: 100 - FE luy ke: 5200 - Thoi gian: 0.2 phut
Vong lap 104/250 - Repository: 100 - FE luy ke: 5250 - Thoi gian: 0.2 phut
Vong lap 105/250 - Repository: 100 - FE luy ke: 5300 - Thoi gian: 0.2 phut
Vong lap 106/250 - Repository: 100 - FE luy ke: 5350 - Thoi gian: 0.2 phut
Vong lap 107/250 - Repository: 100 - FE luy ke: 5400 - Thoi gian: 0.2 phut
Vong lap 108/250 - Repository: 100 - FE luy ke: 5450 - Thoi gian: 0.2 phut
Vong lap 109/250 - Repository: 100 - FE luy ke: 5500 - Thoi gian: 0.2 phut
Vong lap 110/250 - Repository: 100 - FE luy ke: 5550 - Thoi gian: 0.2 phut
Vong lap 111/250 - Repository: 100 - FE luy ke: 5600 - Thoi gian: 0.2 phut
Vong lap 112/250 - Repository: 100 - FE luy ke: 5650 - Thoi gian: 0.2 phut
Vong lap 113/250 - Repository: 100 - FE luy ke: 5700 - Thoi gian: 0.2 phut
Vong lap 114/250 - Repository: 100 - FE luy ke: 5750 - Thoi gian: 0.2 phut
Vong lap 115/250 - Repository: 100 - FE luy ke: 5800 - Thoi gian: 0.2 phut
Vong lap 116/250 - Repository: 100 - FE luy ke: 5850 - Thoi gian: 0.2 phut
Vong lap 117/250 - Repository: 100 - FE luy ke: 5900 - Thoi gian: 0.2 phut
Vong lap 118/250 - Repository: 100 - FE luy ke: 5950 - Thoi gian: 0.2 phut
Vong lap 119/250 - Repository: 100 - FE luy ke: 6000 - Thoi gian: 0.2 phut
Vong lap 120/250 - Repository: 100 - FE luy ke: 6050 - Thoi gian: 0.2 phut
Vong lap 121/250 - Repository: 100 - FE luy ke: 6100 - Thoi gian: 0.2 phut
Vong lap 122/250 - Repository: 100 - FE luy ke: 6150 - Thoi gian: 0.2 phut
Vong lap 123/250 - Repository: 100 - FE luy ke: 6200 - Thoi gian: 0.2 phut
Vong lap 124/250 - Repository: 100 - FE luy ke: 6250 - Thoi gian: 0.2 phut
Vong lap 125/250 - Repository: 100 - FE luy ke: 6300 - Thoi gian: 0.2 phut
Vong lap 126/250 - Repository: 100 - FE luy ke: 6350 - Thoi gian: 0.2 phut
Vong lap 127/250 - Repository: 100 - FE luy ke: 6400 - Thoi gian: 0.2 phut
Vong lap 128/250 - Repository: 100 - FE luy ke: 6450 - Thoi gian: 0.2 phut
Vong lap 129/250 - Repository: 100 - FE luy ke: 6500 - Thoi gian: 0.2 phut
Vong lap 130/250 - Repository: 100 - FE luy ke: 6550 - Thoi gian: 0.2 phut
Vong lap 131/250 - Repository: 100 - FE luy ke: 6600 - Thoi gian: 0.2 phut
Vong lap 132/250 - Repository: 100 - FE luy ke: 6650 - Thoi gian: 0.2 phut
Vong lap 133/250 - Repository: 100 - FE luy ke: 6700 - Thoi gian: 0.2 phut
Vong lap 134/250 - Repository: 100 - FE luy ke: 6750 - Thoi gian: 0.2 phut
Vong lap 135/250 - Repository: 100 - FE luy ke: 6800 - Thoi gian: 0.2 phut
Vong lap 136/250 - Repository: 100 - FE luy ke: 6850 - Thoi gian: 0.2 phut
Vong lap 137/250 - Repository: 100 - FE luy ke: 6900 - Thoi gian: 0.2 phut
Vong lap 138/250 - Repository: 100 - FE luy ke: 6950 - Thoi gian: 0.2 phut
Vong lap 139/250 - Repository: 100 - FE luy ke: 7000 - Thoi gian: 0.2 phut
Vong lap 140/250 - Repository: 100 - FE luy ke: 7050 - Thoi gian: 0.2 phut
Vong lap 141/250 - Repository: 100 - FE luy ke: 7100 - Thoi gian: 0.2 phut
Vong lap 142/250 - Repository: 100 - FE luy ke: 7150 - Thoi gian: 0.2 phut
Vong lap 143/250 - Repository: 100 - FE luy ke: 7200 - Thoi gian: 0.2 phut
Vong lap 144/250 - Repository: 100 - FE luy ke: 7250 - Thoi gian: 0.2 phut
Vong lap 145/250 - Repository: 100 - FE luy ke: 7300 - Thoi gian: 0.2 phut
Vong lap 146/250 - Repository: 100 - FE luy ke: 7350 - Thoi gian: 0.2 phut
Vong lap 147/250 - Repository: 100 - FE luy ke: 7400 - Thoi gian: 0.2 phut
Vong lap 148/250 - Repository: 100 - FE luy ke: 7450 - Thoi gian: 0.2 phut
Vong lap 149/250 - Repository: 100 - FE luy ke: 7500 - Thoi gian: 0.2 phut
Vong lap 150/250 - Repository: 100 - FE luy ke: 7550 - Thoi gian: 0.2 phut
Vong lap 151/250 - Repository: 100 - FE luy ke: 7600 - Thoi gian: 0.2 phut
Vong lap 152/250 - Repository: 100 - FE luy ke: 7650 - Thoi gian: 0.2 phut
Vong lap 153/250 - Repository: 100 - FE luy ke: 7700 - Thoi gian: 0.2 phut
Vong lap 154/250 - Repository: 100 - FE luy ke: 7750 - Thoi gian: 0.2 phut
Vong lap 155/250 - Repository: 100 - FE luy ke: 7800 - Thoi gian: 0.2 phut
Vong lap 156/250 - Repository: 100 - FE luy ke: 7850 - Thoi gian: 0.2 phut
Vong lap 157/250 - Repository: 100 - FE luy ke: 7900 - Thoi gian: 0.2 phut
Vong lap 158/250 - Repository: 100 - FE luy ke: 7950 - Thoi gian: 0.2 phut
Vong lap 159/250 - Repository: 100 - FE luy ke: 8000 - Thoi gian: 0.2 phut
Vong lap 160/250 - Repository: 100 - FE luy ke: 8050 - Thoi gian: 0.2 phut
Vong lap 161/250 - Repository: 100 - FE luy ke: 8100 - Thoi gian: 0.2 phut
Vong lap 162/250 - Repository: 100 - FE luy ke: 8150 - Thoi gian: 0.2 phut
Vong lap 163/250 - Repository: 100 - FE luy ke: 8200 - Thoi gian: 0.2 phut
Vong lap 164/250 - Repository: 100 - FE luy ke: 8250 - Thoi gian: 0.2 phut
Vong lap 165/250 - Repository: 100 - FE luy ke: 8300 - Thoi gian: 0.3 phut
Vong lap 166/250 - Repository: 100 - FE luy ke: 8350 - Thoi gian: 0.3 phut
Vong lap 167/250 - Repository: 100 - FE luy ke: 8400 - Thoi gian: 0.3 phut
Vong lap 168/250 - Repository: 100 - FE luy ke: 8450 - Thoi gian: 0.3 phut
Vong lap 169/250 - Repository: 100 - FE luy ke: 8500 - Thoi gian: 0.3 phut
Vong lap 170/250 - Repository: 100 - FE luy ke: 8550 - Thoi gian: 0.3 phut
Vong lap 171/250 - Repository: 100 - FE luy ke: 8600 - Thoi gian: 0.3 phut
Vong lap 172/250 - Repository: 100 - FE luy ke: 8650 - Thoi gian: 0.3 phut
Vong lap 173/250 - Repository: 100 - FE luy ke: 8700 - Thoi gian: 0.3 phut
Vong lap 174/250 - Repository: 100 - FE luy ke: 8750 - Thoi gian: 0.3 phut
Vong lap 175/250 - Repository: 100 - FE luy ke: 8800 - Thoi gian: 0.3 phut
Vong lap 176/250 - Repository: 100 - FE luy ke: 8850 - Thoi gian: 0.3 phut
Vong lap 177/250 - Repository: 100 - FE luy ke: 8900 - Thoi gian: 0.3 phut
Vong lap 178/250 - Repository: 100 - FE luy ke: 8950 - Thoi gian: 0.3 phut
Vong lap 179/250 - Repository: 100 - FE luy ke: 9000 - Thoi gian: 0.3 phut
Vong lap 180/250 - Repository: 100 - FE luy ke: 9050 - Thoi gian: 0.3 phut
Vong lap 181/250 - Repository: 100 - FE luy ke: 9100 - Thoi gian: 0.3 phut
Vong lap 182/250 - Repository: 100 - FE luy ke: 9150 - Thoi gian: 0.3 phut
Vong lap 183/250 - Repository: 100 - FE luy ke: 9200 - Thoi gian: 0.3 phut
Vong lap 184/250 - Repository: 100 - FE luy ke: 9250 - Thoi gian: 0.3 phut
Vong lap 185/250 - Repository: 100 - FE luy ke: 9300 - Thoi gian: 0.3 phut
Vong lap 186/250 - Repository: 100 - FE luy ke: 9350 - Thoi gian: 0.3 phut
Vong lap 187/250 - Repository: 100 - FE luy ke: 9400 - Thoi gian: 0.3 phut
Vong lap 188/250 - Repository: 100 - FE luy ke: 9450 - Thoi gian: 0.3 phut
Vong lap 189/250 - Repository: 100 - FE luy ke: 9500 - Thoi gian: 0.3 phut
Vong lap 190/250 - Repository: 100 - FE luy ke: 9550 - Thoi gian: 0.3 phut
Vong lap 191/250 - Repository: 100 - FE luy ke: 9600 - Thoi gian: 0.3 phut
Vong lap 192/250 - Repository: 100 - FE luy ke: 9650 - Thoi gian: 0.3 phut
Vong lap 193/250 - Repository: 100 - FE luy ke: 9700 - Thoi gian: 0.3 phut
Vong lap 194/250 - Repository: 100 - FE luy ke: 9750 - Thoi gian: 0.3 phut
Vong lap 195/250 - Repository: 100 - FE luy ke: 9800 - Thoi gian: 0.3 phut
Vong lap 196/250 - Repository: 100 - FE luy ke: 9850 - Thoi gian: 0.3 phut
Vong lap 197/250 - Repository: 100 - FE luy ke: 9900 - Thoi gian: 0.3 phut
Vong lap 198/250 - Repository: 100 - FE luy ke: 9950 - Thoi gian: 0.3 phut
Vong lap 199/250 - Repository: 100 - FE luy ke: 10000 - Thoi gian: 0.3 phut
Vong lap 200/250 - Repository: 100 - FE luy ke: 10050 - Thoi gian: 0.3 phut
Vong lap 201/250 - Repository: 100 - FE luy ke: 10100 - Thoi gian: 0.3 phut
Vong lap 202/250 - Repository: 100 - FE luy ke: 10150 - Thoi gian: 0.3 phut
Vong lap 203/250 - Repository: 100 - FE luy ke: 10200 - Thoi gian: 0.3 phut
Vong lap 204/250 - Repository: 100 - FE luy ke: 10250 - Thoi gian: 0.3 phut
Vong lap 205/250 - Repository: 100 - FE luy ke: 10300 - Thoi gian: 0.3 phut
Vong lap 206/250 - Repository: 100 - FE luy ke: 10350 - Thoi gian: 0.3 phut
Vong lap 207/250 - Repository: 100 - FE luy ke: 10400 - Thoi gian: 0.3 phut
Vong lap 208/250 - Repository: 100 - FE luy ke: 10450 - Thoi gian: 0.3 phut
Vong lap 209/250 - Repository: 100 - FE luy ke: 10500 - Thoi gian: 0.3 phut
Vong lap 210/250 - Repository: 100 - FE luy ke: 10550 - Thoi gian: 0.3 phut
Vong lap 211/250 - Repository: 100 - FE luy ke: 10600 - Thoi gian: 0.3 phut
Vong lap 212/250 - Repository: 100 - FE luy ke: 10650 - Thoi gian: 0.3 phut
Vong lap 213/250 - Repository: 100 - FE luy ke: 10700 - Thoi gian: 0.3 phut
Vong lap 214/250 - Repository: 100 - FE luy ke: 10750 - Thoi gian: 0.3 phut
Vong lap 215/250 - Repository: 100 - FE luy ke: 10800 - Thoi gian: 0.3 phut
Vong lap 216/250 - Repository: 100 - FE luy ke: 10850 - Thoi gian: 0.3 phut
Vong lap 217/250 - Repository: 100 - FE luy ke: 10900 - Thoi gian: 0.3 phut
Vong lap 218/250 - Repository: 100 - FE luy ke: 10950 - Thoi gian: 0.3 phut
Vong lap 219/250 - Repository: 100 - FE luy ke: 11000 - Thoi gian: 0.3 phut
Vong lap 220/250 - Repository: 100 - FE luy ke: 11050 - Thoi gian: 0.3 phut
Vong lap 221/250 - Repository: 100 - FE luy ke: 11100 - Thoi gian: 0.3 phut
Vong lap 222/250 - Repository: 100 - FE luy ke: 11150 - Thoi gian: 0.3 phut
Vong lap 223/250 - Repository: 100 - FE luy ke: 11200 - Thoi gian: 0.4 phut
Vong lap 224/250 - Repository: 100 - FE luy ke: 11250 - Thoi gian: 0.4 phut
Vong lap 225/250 - Repository: 100 - FE luy ke: 11300 - Thoi gian: 0.4 phut
Vong lap 226/250 - Repository: 100 - FE luy ke: 11350 - Thoi gian: 0.4 phut
Vong lap 227/250 - Repository: 100 - FE luy ke: 11400 - Thoi gian: 0.4 phut
Vong lap 228/250 - Repository: 100 - FE luy ke: 11450 - Thoi gian: 0.4 phut
Vong lap 229/250 - Repository: 100 - FE luy ke: 11500 - Thoi gian: 0.4 phut
Vong lap 230/250 - Repository: 100 - FE luy ke: 11550 - Thoi gian: 0.4 phut
Vong lap 231/250 - Repository: 100 - FE luy ke: 11600 - Thoi gian: 0.4 phut
Vong lap 232/250 - Repository: 100 - FE luy ke: 11650 - Thoi gian: 0.4 phut
Vong lap 233/250 - Repository: 100 - FE luy ke: 11700 - Thoi gian: 0.4 phut
Vong lap 234/250 - Repository: 100 - FE luy ke: 11750 - Thoi gian: 0.4 phut
Vong lap 235/250 - Repository: 100 - FE luy ke: 11800 - Thoi gian: 0.4 phut
Vong lap 236/250 - Repository: 100 - FE luy ke: 11850 - Thoi gian: 0.4 phut
Vong lap 237/250 - Repository: 100 - FE luy ke: 11900 - Thoi gian: 0.4 phut
Vong lap 238/250 - Repository: 100 - FE luy ke: 11950 - Thoi gian: 0.4 phut
Vong lap 239/250 - Repository: 100 - FE luy ke: 12000 - Thoi gian: 0.4 phut
Vong lap 240/250 - Repository: 100 - FE luy ke: 12050 - Thoi gian: 0.4 phut
Vong lap 241/250 - Repository: 100 - FE luy ke: 12100 - Thoi gian: 0.4 phut
Vong lap 242/250 - Repository: 100 - FE luy ke: 12150 - Thoi gian: 0.4 phut
Vong lap 243/250 - Repository: 100 - FE luy ke: 12200 - Thoi gian: 0.4 phut
Vong lap 244/250 - Repository: 100 - FE luy ke: 12250 - Thoi gian: 0.4 phut
Vong lap 245/250 - Repository: 100 - FE luy ke: 12300 - Thoi gian: 0.4 phut
Vong lap 246/250 - Repository: 100 - FE luy ke: 12350 - Thoi gian: 0.4 phut
Vong lap 247/250 - Repository: 100 - FE luy ke: 12400 - Thoi gian: 0.4 phut
Vong lap 248/250 - Repository: 100 - FE luy ke: 12450 - Thoi gian: 0.4 phut
Vong lap 249/250 - Repository: 100 - FE luy ke: 12500 - Thoi gian: 0.4 phut
Vong lap 250/250 - Repository: 100 - FE luy ke: 12550 - Thoi gian: 0.4 phut
HOAN THANH campaign E-MOSFOA. Tong thoi gian: 0.01 gio. So nghiem Pareto: 100
=== E-MOSFOA doc lap lan 22/30 (RunTag=run22) ===
[Wharf100DWT E-MOSFOA - SONG SONG] Np=50 Max_it=250 Nr=100 Num_work=8 (FE uoc tinh=12550)
SUCCESS: The process "SAP2000.exe" with PID 7676 has been terminated. 
SUCCESS: The process "SAP2000.exe" with PID 26540 has been terminated. 
SUCCESS: The process "SAP2000.exe" with PID 22396 has been terminated. 
SUCCESS: The process "SAP2000.exe" with PID 2636 has been terminated. 
SUCCESS: The process "SAP2000.exe" with PID 25628 has been terminated. 
SUCCESS: The process "SAP2000.exe" with PID 12064 has been terminated. 
SUCCESS: The process "SAP2000.exe" with PID 17764 has been terminated. 
SUCCESS: The process "SAP2000.exe" with PID 27252 has been terminated. 
[Warning: Files that have already been attached are being ignored. To see which files are attached see the 'AttachedFiles' property of the parallel pool.] 
Worker 1: 
  wharf100dwt_evaluate: da nap cache tu D:\ResearchLab\02_Projects\02_Projects\MOFDA\Wharf100DWT\results\Wharf100DWT_BRUTEFORCE_FINAL.mat (4080 to hop).
Worker 2: 
  wharf100dwt_evaluate: da nap cache tu D:\ResearchLab\02_Projects\02_Projects\MOFDA\Wharf100DWT\results\Wharf100DWT_BRUTEFORCE_FINAL.mat (4080 to hop).
Worker 3: 
  wharf100dwt_evaluate: da nap cache tu D:\ResearchLab\02_Projects\02_Projects\MOFDA\Wharf100DWT\results\Wharf100DWT_BRUTEFORCE_FINAL.mat (4080 to hop).
Worker 4: 
  wharf100dwt_evaluate: da nap cache tu D:\ResearchLab\02_Projects\02_Projects\MOFDA\Wharf100DWT\results\Wharf100DWT_BRUTEFORCE_FINAL.mat (4080 to hop).
Worker 5: 
  wharf100dwt_evaluate: da nap cache tu D:\ResearchLab\02_Projects\02_Projects\MOFDA\Wharf100DWT\results\Wharf100DWT_BRUTEFORCE_FINAL.mat (4080 to hop).
Worker 6: 
  wharf100dwt_evaluate: da nap cache tu D:\ResearchLab\02_Projects\02_Projects\MOFDA\Wharf100DWT\results\Wharf100DWT_BRUTEFORCE_FINAL.mat (4080 to hop).
Worker 7: 
  wharf100dwt_evaluate: da nap cache tu D:\ResearchLab\02_Projects\02_Projects\MOFDA\Wharf100DWT\results\Wharf100DWT_BRUTEFORCE_FINAL.mat (4080 to hop).
Worker 8: 
  wharf100dwt_evaluate: da nap cache tu D:\ResearchLab\02_Projects\02_Projects\MOFDA\Wharf100DWT\results\Wharf100DWT_BRUTEFORCE_FINAL.mat (4080 to hop).
The he #0 - Kich thuoc Repository: 5
Vong lap 1/250 - Repository: 8 - FE luy ke: 100 - Thoi gian: 0.0 phut
Vong lap 2/250 - Repository: 13 - FE luy ke: 150 - Thoi gian: 0.0 phut
Vong lap 3/250 - Repository: 17 - FE luy ke: 200 - Thoi gian: 0.0 phut
Vong lap 4/250 - Repository: 24 - FE luy ke: 250 - Thoi gian: 0.0 phut
Vong lap 5/250 - Repository: 35 - FE luy ke: 300 - Thoi gian: 0.0 phut
Vong lap 6/250 - Repository: 50 - FE luy ke: 350 - Thoi gian: 0.0 phut
Vong lap 7/250 - Repository: 64 - FE luy ke: 400 - Thoi gian: 0.0 phut
Vong lap 8/250 - Repository: 83 - FE luy ke: 450 - Thoi gian: 0.0 phut
Vong lap 9/250 - Repository: 97 - FE luy ke: 500 - Thoi gian: 0.0 phut
Vong lap 10/250 - Repository: 100 - FE luy ke: 550 - Thoi gian: 0.0 phut
Vong lap 11/250 - Repository: 100 - FE luy ke: 600 - Thoi gian: 0.0 phut
Vong lap 12/250 - Repository: 95 - FE luy ke: 650 - Thoi gian: 0.0 phut
Vong lap 13/250 - Repository: 100 - FE luy ke: 700 - Thoi gian: 0.0 phut
Vong lap 14/250 - Repository: 100 - FE luy ke: 750 - Thoi gian: 0.0 phut
Vong lap 15/250 - Repository: 100 - FE luy ke: 800 - Thoi gian: 0.0 phut
Vong lap 16/250 - Repository: 100 - FE luy ke: 850 - Thoi gian: 0.0 phut
Vong lap 17/250 - Repository: 100 - FE luy ke: 900 - Thoi gian: 0.0 phut
Vong lap 18/250 - Repository: 100 - FE luy ke: 950 - Thoi gian: 0.0 phut
Vong lap 19/250 - Repository: 100 - FE luy ke: 1000 - Thoi gian: 0.0 phut
Vong lap 20/250 - Repository: 100 - FE luy ke: 1050 - Thoi gian: 0.0 phut
Vong lap 21/250 - Repository: 100 - FE luy ke: 1100 - Thoi gian: 0.0 phut
Vong lap 22/250 - Repository: 100 - FE luy ke: 1150 - Thoi gian: 0.0 phut
Vong lap 23/250 - Repository: 100 - FE luy ke: 1200 - Thoi gian: 0.0 phut
Vong lap 24/250 - Repository: 100 - FE luy ke: 1250 - Thoi gian: 0.0 phut
Vong lap 25/250 - Repository: 100 - FE luy ke: 1300 - Thoi gian: 0.0 phut
Vong lap 26/250 - Repository: 100 - FE luy ke: 1350 - Thoi gian: 0.0 phut
Vong lap 27/250 - Repository: 100 - FE luy ke: 1400 - Thoi gian: 0.0 phut
Vong lap 28/250 - Repository: 100 - FE luy ke: 1450 - Thoi gian: 0.0 phut
Vong lap 29/250 - Repository: 100 - FE luy ke: 1500 - Thoi gian: 0.0 phut
Vong lap 30/250 - Repository: 100 - FE luy ke: 1550 - Thoi gian: 0.0 phut
Vong lap 31/250 - Repository: 100 - FE luy ke: 1600 - Thoi gian: 0.0 phut
Vong lap 32/250 - Repository: 100 - FE luy ke: 1650 - Thoi gian: 0.0 phut
Vong lap 33/250 - Repository: 100 - FE luy ke: 1700 - Thoi gian: 0.0 phut
Vong lap 34/250 - Repository: 100 - FE luy ke: 1750 - Thoi gian: 0.0 phut
Vong lap 35/250 - Repository: 100 - FE luy ke: 1800 - Thoi gian: 0.0 phut
Vong lap 36/250 - Repository: 100 - FE luy ke: 1850 - Thoi gian: 0.0 phut
Vong lap 37/250 - Repository: 100 - FE luy ke: 1900 - Thoi gian: 0.1 phut
Vong lap 38/250 - Repository: 100 - FE luy ke: 1950 - Thoi gian: 0.1 phut
Vong lap 39/250 - Repository: 100 - FE luy ke: 2000 - Thoi gian: 0.1 phut
Vong lap 40/250 - Repository: 100 - FE luy ke: 2050 - Thoi gian: 0.1 phut
Vong lap 41/250 - Repository: 100 - FE luy ke: 2100 - Thoi gian: 0.1 phut
Vong lap 42/250 - Repository: 100 - FE luy ke: 2150 - Thoi gian: 0.1 phut
Vong lap 43/250 - Repository: 100 - FE luy ke: 2200 - Thoi gian: 0.1 phut
Vong lap 44/250 - Repository: 100 - FE luy ke: 2250 - Thoi gian: 0.1 phut
Vong lap 45/250 - Repository: 100 - FE luy ke: 2300 - Thoi gian: 0.1 phut
Vong lap 46/250 - Repository: 100 - FE luy ke: 2350 - Thoi gian: 0.1 phut
Vong lap 47/250 - Repository: 100 - FE luy ke: 2400 - Thoi gian: 0.1 phut
Vong lap 48/250 - Repository: 100 - FE luy ke: 2450 - Thoi gian: 0.1 phut
Vong lap 49/250 - Repository: 100 - FE luy ke: 2500 - Thoi gian: 0.1 phut
Vong lap 50/250 - Repository: 100 - FE luy ke: 2550 - Thoi gian: 0.1 phut
Vong lap 51/250 - Repository: 100 - FE luy ke: 2600 - Thoi gian: 0.1 phut
Vong lap 52/250 - Repository: 100 - FE luy ke: 2650 - Thoi gian: 0.1 phut
Vong lap 53/250 - Repository: 100 - FE luy ke: 2700 - Thoi gian: 0.1 phut
Vong lap 54/250 - Repository: 100 - FE luy ke: 2750 - Thoi gian: 0.1 phut
Vong lap 55/250 - Repository: 100 - FE luy ke: 2800 - Thoi gian: 0.1 phut
Vong lap 56/250 - Repository: 100 - FE luy ke: 2850 - Thoi gian: 0.1 phut
Vong lap 57/250 - Repository: 100 - FE luy ke: 2900 - Thoi gian: 0.1 phut
Vong lap 58/250 - Repository: 100 - FE luy ke: 2950 - Thoi gian: 0.1 phut
Vong lap 59/250 - Repository: 100 - FE luy ke: 3000 - Thoi gian: 0.1 phut
Vong lap 60/250 - Repository: 100 - FE luy ke: 3050 - Thoi gian: 0.1 phut
Vong lap 61/250 - Repository: 100 - FE luy ke: 3100 - Thoi gian: 0.1 phut
Vong lap 62/250 - Repository: 100 - FE luy ke: 3150 - Thoi gian: 0.1 phut
Vong lap 63/250 - Repository: 100 - FE luy ke: 3200 - Thoi gian: 0.1 phut
Vong lap 64/250 - Repository: 100 - FE luy ke: 3250 - Thoi gian: 0.1 phut
Vong lap 65/250 - Repository: 100 - FE luy ke: 3300 - Thoi gian: 0.1 phut
Vong lap 66/250 - Repository: 100 - FE luy ke: 3350 - Thoi gian: 0.1 phut
Vong lap 67/250 - Repository: 100 - FE luy ke: 3400 - Thoi gian: 0.1 phut
Vong lap 68/250 - Repository: 100 - FE luy ke: 3450 - Thoi gian: 0.1 phut
Vong lap 69/250 - Repository: 100 - FE luy ke: 3500 - Thoi gian: 0.1 phut
Vong lap 70/250 - Repository: 100 - FE luy ke: 3550 - Thoi gian: 0.1 phut
Vong lap 71/250 - Repository: 100 - FE luy ke: 3600 - Thoi gian: 0.1 phut
Vong lap 72/250 - Repository: 100 - FE luy ke: 3650 - Thoi gian: 0.1 phut
Vong lap 73/250 - Repository: 100 - FE luy ke: 3700 - Thoi gian: 0.1 phut
Vong lap 74/250 - Repository: 100 - FE luy ke: 3750 - Thoi gian: 0.1 phut
Vong lap 75/250 - Repository: 100 - FE luy ke: 3800 - Thoi gian: 0.1 phut
Vong lap 76/250 - Repository: 100 - FE luy ke: 3850 - Thoi gian: 0.1 phut
Vong lap 77/250 - Repository: 100 - FE luy ke: 3900 - Thoi gian: 0.1 phut
Vong lap 78/250 - Repository: 100 - FE luy ke: 3950 - Thoi gian: 0.1 phut
Vong lap 79/250 - Repository: 100 - FE luy ke: 4000 - Thoi gian: 0.1 phut
Vong lap 80/250 - Repository: 100 - FE luy ke: 4050 - Thoi gian: 0.1 phut
Vong lap 81/250 - Repository: 100 - FE luy ke: 4100 - Thoi gian: 0.1 phut
Vong lap 82/250 - Repository: 100 - FE luy ke: 4150 - Thoi gian: 0.1 phut
Vong lap 83/250 - Repository: 100 - FE luy ke: 4200 - Thoi gian: 0.1 phut
Vong lap 84/250 - Repository: 100 - FE luy ke: 4250 - Thoi gian: 0.1 phut
Vong lap 85/250 - Repository: 100 - FE luy ke: 4300 - Thoi gian: 0.1 phut
Vong lap 86/250 - Repository: 100 - FE luy ke: 4350 - Thoi gian: 0.1 phut
Vong lap 87/250 - Repository: 100 - FE luy ke: 4400 - Thoi gian: 0.1 phut
Vong lap 88/250 - Repository: 100 - FE luy ke: 4450 - Thoi gian: 0.1 phut
Vong lap 89/250 - Repository: 100 - FE luy ke: 4500 - Thoi gian: 0.1 phut
Vong lap 90/250 - Repository: 100 - FE luy ke: 4550 - Thoi gian: 0.1 phut
Vong lap 91/250 - Repository: 100 - FE luy ke: 4600 - Thoi gian: 0.1 phut
Vong lap 92/250 - Repository: 100 - FE luy ke: 4650 - Thoi gian: 0.1 phut
Vong lap 93/250 - Repository: 100 - FE luy ke: 4700 - Thoi gian: 0.1 phut
Vong lap 94/250 - Repository: 100 - FE luy ke: 4750 - Thoi gian: 0.1 phut
Vong lap 95/250 - Repository: 100 - FE luy ke: 4800 - Thoi gian: 0.1 phut
Vong lap 96/250 - Repository: 100 - FE luy ke: 4850 - Thoi gian: 0.1 phut
Vong lap 97/250 - Repository: 100 - FE luy ke: 4900 - Thoi gian: 0.1 phut
Vong lap 98/250 - Repository: 100 - FE luy ke: 4950 - Thoi gian: 0.1 phut
Vong lap 99/250 - Repository: 100 - FE luy ke: 5000 - Thoi gian: 0.1 phut
Vong lap 100/250 - Repository: 100 - FE luy ke: 5050 - Thoi gian: 0.1 phut
Vong lap 101/250 - Repository: 100 - FE luy ke: 5100 - Thoi gian: 0.1 phut
Vong lap 102/250 - Repository: 100 - FE luy ke: 5150 - Thoi gian: 0.2 phut
Vong lap 103/250 - Repository: 100 - FE luy ke: 5200 - Thoi gian: 0.2 phut
Vong lap 104/250 - Repository: 100 - FE luy ke: 5250 - Thoi gian: 0.2 phut
Vong lap 105/250 - Repository: 100 - FE luy ke: 5300 - Thoi gian: 0.2 phut
Vong lap 106/250 - Repository: 100 - FE luy ke: 5350 - Thoi gian: 0.2 phut
Vong lap 107/250 - Repository: 100 - FE luy ke: 5400 - Thoi gian: 0.2 phut
Vong lap 108/250 - Repository: 100 - FE luy ke: 5450 - Thoi gian: 0.2 phut
Vong lap 109/250 - Repository: 100 - FE luy ke: 5500 - Thoi gian: 0.2 phut
Vong lap 110/250 - Repository: 100 - FE luy ke: 5550 - Thoi gian: 0.2 phut
Vong lap 111/250 - Repository: 100 - FE luy ke: 5600 - Thoi gian: 0.2 phut
Vong lap 112/250 - Repository: 100 - FE luy ke: 5650 - Thoi gian: 0.2 phut
Vong lap 113/250 - Repository: 100 - FE luy ke: 5700 - Thoi gian: 0.2 phut
Vong lap 114/250 - Repository: 100 - FE luy ke: 5750 - Thoi gian: 0.2 phut
Vong lap 115/250 - Repository: 100 - FE luy ke: 5800 - Thoi gian: 0.2 phut
Vong lap 116/250 - Repository: 100 - FE luy ke: 5850 - Thoi gian: 0.2 phut
Vong lap 117/250 - Repository: 100 - FE luy ke: 5900 - Thoi gian: 0.2 phut
Vong lap 118/250 - Repository: 100 - FE luy ke: 5950 - Thoi gian: 0.2 phut
Vong lap 119/250 - Repository: 100 - FE luy ke: 6000 - Thoi gian: 0.2 phut
Vong lap 120/250 - Repository: 100 - FE luy ke: 6050 - Thoi gian: 0.2 phut
Vong lap 121/250 - Repository: 100 - FE luy ke: 6100 - Thoi gian: 0.2 phut
Vong lap 122/250 - Repository: 100 - FE luy ke: 6150 - Thoi gian: 0.2 phut
Vong lap 123/250 - Repository: 100 - FE luy ke: 6200 - Thoi gian: 0.2 phut
Vong lap 124/250 - Repository: 100 - FE luy ke: 6250 - Thoi gian: 0.2 phut
Vong lap 125/250 - Repository: 100 - FE luy ke: 6300 - Thoi gian: 0.2 phut
Vong lap 126/250 - Repository: 100 - FE luy ke: 6350 - Thoi gian: 0.2 phut
Vong lap 127/250 - Repository: 100 - FE luy ke: 6400 - Thoi gian: 0.2 phut
Vong lap 128/250 - Repository: 100 - FE luy ke: 6450 - Thoi gian: 0.2 phut
Vong lap 129/250 - Repository: 100 - FE luy ke: 6500 - Thoi gian: 0.2 phut
Vong lap 130/250 - Repository: 100 - FE luy ke: 6550 - Thoi gian: 0.2 phut
Vong lap 131/250 - Repository: 100 - FE luy ke: 6600 - Thoi gian: 0.2 phut
Vong lap 132/250 - Repository: 100 - FE luy ke: 6650 - Thoi gian: 0.2 phut
Vong lap 133/250 - Repository: 100 - FE luy ke: 6700 - Thoi gian: 0.2 phut
Vong lap 134/250 - Repository: 100 - FE luy ke: 6750 - Thoi gian: 0.2 phut
Vong lap 135/250 - Repository: 100 - FE luy ke: 6800 - Thoi gian: 0.2 phut
Vong lap 136/250 - Repository: 100 - FE luy ke: 6850 - Thoi gian: 0.2 phut
Vong lap 137/250 - Repository: 100 - FE luy ke: 6900 - Thoi gian: 0.2 phut
Vong lap 138/250 - Repository: 100 - FE luy ke: 6950 - Thoi gian: 0.2 phut
Vong lap 139/250 - Repository: 100 - FE luy ke: 7000 - Thoi gian: 0.2 phut
Vong lap 140/250 - Repository: 100 - FE luy ke: 7050 - Thoi gian: 0.2 phut
Vong lap 141/250 - Repository: 100 - FE luy ke: 7100 - Thoi gian: 0.2 phut
Vong lap 142/250 - Repository: 100 - FE luy ke: 7150 - Thoi gian: 0.2 phut
Vong lap 143/250 - Repository: 100 - FE luy ke: 7200 - Thoi gian: 0.2 phut
Vong lap 144/250 - Repository: 100 - FE luy ke: 7250 - Thoi gian: 0.2 phut
Vong lap 145/250 - Repository: 100 - FE luy ke: 7300 - Thoi gian: 0.2 phut
Vong lap 146/250 - Repository: 100 - FE luy ke: 7350 - Thoi gian: 0.2 phut
Vong lap 147/250 - Repository: 100 - FE luy ke: 7400 - Thoi gian: 0.2 phut
Vong lap 148/250 - Repository: 100 - FE luy ke: 7450 - Thoi gian: 0.2 phut
Vong lap 149/250 - Repository: 100 - FE luy ke: 7500 - Thoi gian: 0.2 phut
Vong lap 150/250 - Repository: 100 - FE luy ke: 7550 - Thoi gian: 0.2 phut
Vong lap 151/250 - Repository: 100 - FE luy ke: 7600 - Thoi gian: 0.2 phut
Vong lap 152/250 - Repository: 100 - FE luy ke: 7650 - Thoi gian: 0.2 phut
Vong lap 153/250 - Repository: 100 - FE luy ke: 7700 - Thoi gian: 0.2 phut
Vong lap 154/250 - Repository: 100 - FE luy ke: 7750 - Thoi gian: 0.2 phut
Vong lap 155/250 - Repository: 100 - FE luy ke: 7800 - Thoi gian: 0.2 phut
Vong lap 156/250 - Repository: 100 - FE luy ke: 7850 - Thoi gian: 0.2 phut
Vong lap 157/250 - Repository: 100 - FE luy ke: 7900 - Thoi gian: 0.2 phut
Vong lap 158/250 - Repository: 100 - FE luy ke: 7950 - Thoi gian: 0.2 phut
Vong lap 159/250 - Repository: 100 - FE luy ke: 8000 - Thoi gian: 0.2 phut
Vong lap 160/250 - Repository: 100 - FE luy ke: 8050 - Thoi gian: 0.2 phut
Vong lap 161/250 - Repository: 100 - FE luy ke: 8100 - Thoi gian: 0.2 phut
Vong lap 162/250 - Repository: 100 - FE luy ke: 8150 - Thoi gian: 0.2 phut
Vong lap 163/250 - Repository: 100 - FE luy ke: 8200 - Thoi gian: 0.2 phut
Vong lap 164/250 - Repository: 100 - FE luy ke: 8250 - Thoi gian: 0.2 phut
Vong lap 165/250 - Repository: 100 - FE luy ke: 8300 - Thoi gian: 0.2 phut
Vong lap 166/250 - Repository: 100 - FE luy ke: 8350 - Thoi gian: 0.3 phut
Vong lap 167/250 - Repository: 100 - FE luy ke: 8400 - Thoi gian: 0.3 phut
Vong lap 168/250 - Repository: 100 - FE luy ke: 8450 - Thoi gian: 0.3 phut
Vong lap 169/250 - Repository: 100 - FE luy ke: 8500 - Thoi gian: 0.3 phut
Vong lap 170/250 - Repository: 100 - FE luy ke: 8550 - Thoi gian: 0.3 phut
Vong lap 171/250 - Repository: 100 - FE luy ke: 8600 - Thoi gian: 0.3 phut
Vong lap 172/250 - Repository: 100 - FE luy ke: 8650 - Thoi gian: 0.3 phut
Vong lap 173/250 - Repository: 100 - FE luy ke: 8700 - Thoi gian: 0.3 phut
Vong lap 174/250 - Repository: 100 - FE luy ke: 8750 - Thoi gian: 0.3 phut
Vong lap 175/250 - Repository: 100 - FE luy ke: 8800 - Thoi gian: 0.3 phut
Vong lap 176/250 - Repository: 100 - FE luy ke: 8850 - Thoi gian: 0.3 phut
Vong lap 177/250 - Repository: 100 - FE luy ke: 8900 - Thoi gian: 0.3 phut
Vong lap 178/250 - Repository: 100 - FE luy ke: 8950 - Thoi gian: 0.3 phut
Vong lap 179/250 - Repository: 100 - FE luy ke: 9000 - Thoi gian: 0.3 phut
Vong lap 180/250 - Repository: 100 - FE luy ke: 9050 - Thoi gian: 0.3 phut
Vong lap 181/250 - Repository: 100 - FE luy ke: 9100 - Thoi gian: 0.3 phut
Vong lap 182/250 - Repository: 100 - FE luy ke: 9150 - Thoi gian: 0.3 phut
Vong lap 183/250 - Repository: 100 - FE luy ke: 9200 - Thoi gian: 0.3 phut
Vong lap 184/250 - Repository: 100 - FE luy ke: 9250 - Thoi gian: 0.3 phut
Vong lap 185/250 - Repository: 100 - FE luy ke: 9300 - Thoi gian: 0.3 phut
Vong lap 186/250 - Repository: 100 - FE luy ke: 9350 - Thoi gian: 0.3 phut
Vong lap 187/250 - Repository: 100 - FE luy ke: 9400 - Thoi gian: 0.3 phut
Vong lap 188/250 - Repository: 100 - FE luy ke: 9450 - Thoi gian: 0.3 phut
Vong lap 189/250 - Repository: 100 - FE luy ke: 9500 - Thoi gian: 0.3 phut
Vong lap 190/250 - Repository: 100 - FE luy ke: 9550 - Thoi gian: 0.3 phut
Vong lap 191/250 - Repository: 100 - FE luy ke: 9600 - Thoi gian: 0.3 phut
Vong lap 192/250 - Repository: 100 - FE luy ke: 9650 - Thoi gian: 0.3 phut
Vong lap 193/250 - Repository: 100 - FE luy ke: 9700 - Thoi gian: 0.3 phut
Vong lap 194/250 - Repository: 100 - FE luy ke: 9750 - Thoi gian: 0.3 phut
Vong lap 195/250 - Repository: 100 - FE luy ke: 9800 - Thoi gian: 0.3 phut
Vong lap 196/250 - Repository: 100 - FE luy ke: 9850 - Thoi gian: 0.3 phut
Vong lap 197/250 - Repository: 100 - FE luy ke: 9900 - Thoi gian: 0.3 phut
Vong lap 198/250 - Repository: 100 - FE luy ke: 9950 - Thoi gian: 0.3 phut
Vong lap 199/250 - Repository: 100 - FE luy ke: 10000 - Thoi gian: 0.3 phut
Vong lap 200/250 - Repository: 100 - FE luy ke: 10050 - Thoi gian: 0.3 phut
Vong lap 201/250 - Repository: 100 - FE luy ke: 10100 - Thoi gian: 0.3 phut
Vong lap 202/250 - Repository: 100 - FE luy ke: 10150 - Thoi gian: 0.3 phut
Vong lap 203/250 - Repository: 100 - FE luy ke: 10200 - Thoi gian: 0.3 phut
Vong lap 204/250 - Repository: 100 - FE luy ke: 10250 - Thoi gian: 0.3 phut
Vong lap 205/250 - Repository: 100 - FE luy ke: 10300 - Thoi gian: 0.3 phut
Vong lap 206/250 - Repository: 100 - FE luy ke: 10350 - Thoi gian: 0.3 phut
Vong lap 207/250 - Repository: 100 - FE luy ke: 10400 - Thoi gian: 0.3 phut
Vong lap 208/250 - Repository: 100 - FE luy ke: 10450 - Thoi gian: 0.3 phut
Vong lap 209/250 - Repository: 100 - FE luy ke: 10500 - Thoi gian: 0.3 phut
Vong lap 210/250 - Repository: 100 - FE luy ke: 10550 - Thoi gian: 0.3 phut
Vong lap 211/250 - Repository: 100 - FE luy ke: 10600 - Thoi gian: 0.3 phut
Vong lap 212/250 - Repository: 100 - FE luy ke: 10650 - Thoi gian: 0.3 phut
Vong lap 213/250 - Repository: 100 - FE luy ke: 10700 - Thoi gian: 0.3 phut
Vong lap 214/250 - Repository: 100 - FE luy ke: 10750 - Thoi gian: 0.3 phut
Vong lap 215/250 - Repository: 100 - FE luy ke: 10800 - Thoi gian: 0.3 phut
Vong lap 216/250 - Repository: 100 - FE luy ke: 10850 - Thoi gian: 0.3 phut
Vong lap 217/250 - Repository: 100 - FE luy ke: 10900 - Thoi gian: 0.3 phut
Vong lap 218/250 - Repository: 100 - FE luy ke: 10950 - Thoi gian: 0.3 phut
Vong lap 219/250 - Repository: 100 - FE luy ke: 11000 - Thoi gian: 0.3 phut
Vong lap 220/250 - Repository: 100 - FE luy ke: 11050 - Thoi gian: 0.3 phut
Vong lap 221/250 - Repository: 100 - FE luy ke: 11100 - Thoi gian: 0.3 phut
Vong lap 222/250 - Repository: 100 - FE luy ke: 11150 - Thoi gian: 0.3 phut
Vong lap 223/250 - Repository: 100 - FE luy ke: 11200 - Thoi gian: 0.3 phut
Vong lap 224/250 - Repository: 100 - FE luy ke: 11250 - Thoi gian: 0.3 phut
Vong lap 225/250 - Repository: 100 - FE luy ke: 11300 - Thoi gian: 0.3 phut
Vong lap 226/250 - Repository: 100 - FE luy ke: 11350 - Thoi gian: 0.4 phut
Vong lap 227/250 - Repository: 100 - FE luy ke: 11400 - Thoi gian: 0.4 phut
Vong lap 228/250 - Repository: 100 - FE luy ke: 11450 - Thoi gian: 0.4 phut
Vong lap 229/250 - Repository: 100 - FE luy ke: 11500 - Thoi gian: 0.4 phut
Vong lap 230/250 - Repository: 100 - FE luy ke: 11550 - Thoi gian: 0.4 phut
Vong lap 231/250 - Repository: 100 - FE luy ke: 11600 - Thoi gian: 0.4 phut
Vong lap 232/250 - Repository: 100 - FE luy ke: 11650 - Thoi gian: 0.4 phut
Vong lap 233/250 - Repository: 100 - FE luy ke: 11700 - Thoi gian: 0.4 phut
Vong lap 234/250 - Repository: 100 - FE luy ke: 11750 - Thoi gian: 0.4 phut
Vong lap 235/250 - Repository: 100 - FE luy ke: 11800 - Thoi gian: 0.4 phut
Vong lap 236/250 - Repository: 100 - FE luy ke: 11850 - Thoi gian: 0.4 phut
Vong lap 237/250 - Repository: 100 - FE luy ke: 11900 - Thoi gian: 0.4 phut
Vong lap 238/250 - Repository: 100 - FE luy ke: 11950 - Thoi gian: 0.4 phut
Vong lap 239/250 - Repository: 100 - FE luy ke: 12000 - Thoi gian: 0.4 phut
Vong lap 240/250 - Repository: 100 - FE luy ke: 12050 - Thoi gian: 0.4 phut
Vong lap 241/250 - Repository: 100 - FE luy ke: 12100 - Thoi gian: 0.4 phut
Vong lap 242/250 - Repository: 100 - FE luy ke: 12150 - Thoi gian: 0.4 phut
Vong lap 243/250 - Repository: 100 - FE luy ke: 12200 - Thoi gian: 0.4 phut
Vong lap 244/250 - Repository: 100 - FE luy ke: 12250 - Thoi gian: 0.4 phut
Vong lap 245/250 - Repository: 100 - FE luy ke: 12300 - Thoi gian: 0.4 phut
Vong lap 246/250 - Repository: 100 - FE luy ke: 12350 - Thoi gian: 0.4 phut
Vong lap 247/250 - Repository: 100 - FE luy ke: 12400 - Thoi gian: 0.4 phut
Vong lap 248/250 - Repository: 100 - FE luy ke: 12450 - Thoi gian: 0.4 phut
Vong lap 249/250 - Repository: 100 - FE luy ke: 12500 - Thoi gian: 0.4 phut
Vong lap 250/250 - Repository: 100 - FE luy ke: 12550 - Thoi gian: 0.4 phut
HOAN THANH campaign E-MOSFOA. Tong thoi gian: 0.01 gio. So nghiem Pareto: 100
=== E-MOSFOA doc lap lan 23/30 (RunTag=run23) ===
[Wharf100DWT E-MOSFOA - SONG SONG] Np=50 Max_it=250 Nr=100 Num_work=8 (FE uoc tinh=12550)
SUCCESS: The process "SAP2000.exe" with PID 26480 has been terminated. 
SUCCESS: The process "SAP2000.exe" with PID 8768 has been terminated. 
SUCCESS: The process "SAP2000.exe" with PID 25272 has been terminated. 
SUCCESS: The process "SAP2000.exe" with PID 26872 has been terminated. 
SUCCESS: The process "SAP2000.exe" with PID 10148 has been terminated. 
SUCCESS: The process "SAP2000.exe" with PID 2264 has been terminated. 
SUCCESS: The process "SAP2000.exe" with PID 12872 has been terminated. 
SUCCESS: The process "SAP2000.exe" with PID 12852 has been terminated. 
[Warning: Files that have already been attached are being ignored. To see which files are attached see the 'AttachedFiles' property of the parallel pool.] 
Worker 1: 
  wharf100dwt_evaluate: da nap cache tu D:\ResearchLab\02_Projects\02_Projects\MOFDA\Wharf100DWT\results\Wharf100DWT_BRUTEFORCE_FINAL.mat (4080 to hop).
Worker 2: 
  wharf100dwt_evaluate: da nap cache tu D:\ResearchLab\02_Projects\02_Projects\MOFDA\Wharf100DWT\results\Wharf100DWT_BRUTEFORCE_FINAL.mat (4080 to hop).
Worker 3: 
  wharf100dwt_evaluate: da nap cache tu D:\ResearchLab\02_Projects\02_Projects\MOFDA\Wharf100DWT\results\Wharf100DWT_BRUTEFORCE_FINAL.mat (4080 to hop).
Worker 4: 
  wharf100dwt_evaluate: da nap cache tu D:\ResearchLab\02_Projects\02_Projects\MOFDA\Wharf100DWT\results\Wharf100DWT_BRUTEFORCE_FINAL.mat (4080 to hop).
Worker 5: 
  wharf100dwt_evaluate: da nap cache tu D:\ResearchLab\02_Projects\02_Projects\MOFDA\Wharf100DWT\results\Wharf100DWT_BRUTEFORCE_FINAL.mat (4080 to hop).
Worker 6: 
  wharf100dwt_evaluate: da nap cache tu D:\ResearchLab\02_Projects\02_Projects\MOFDA\Wharf100DWT\results\Wharf100DWT_BRUTEFORCE_FINAL.mat (4080 to hop).
Worker 7: 
  wharf100dwt_evaluate: da nap cache tu D:\ResearchLab\02_Projects\02_Projects\MOFDA\Wharf100DWT\results\Wharf100DWT_BRUTEFORCE_FINAL.mat (4080 to hop).
Worker 8: 
  wharf100dwt_evaluate: da nap cache tu D:\ResearchLab\02_Projects\02_Projects\MOFDA\Wharf100DWT\results\Wharf100DWT_BRUTEFORCE_FINAL.mat (4080 to hop).
The he #0 - Kich thuoc Repository: 3
Vong lap 1/250 - Repository: 14 - FE luy ke: 100 - Thoi gian: 0.0 phut
Vong lap 2/250 - Repository: 26 - FE luy ke: 150 - Thoi gian: 0.0 phut
Vong lap 3/250 - Repository: 39 - FE luy ke: 200 - Thoi gian: 0.0 phut
Vong lap 4/250 - Repository: 53 - FE luy ke: 250 - Thoi gian: 0.0 phut
Vong lap 5/250 - Repository: 63 - FE luy ke: 300 - Thoi gian: 0.0 phut
Vong lap 6/250 - Repository: 77 - FE luy ke: 350 - Thoi gian: 0.0 phut
Vong lap 7/250 - Repository: 91 - FE luy ke: 400 - Thoi gian: 0.0 phut
Vong lap 8/250 - Repository: 99 - FE luy ke: 450 - Thoi gian: 0.0 phut
Vong lap 9/250 - Repository: 100 - FE luy ke: 500 - Thoi gian: 0.0 phut
Vong lap 10/250 - Repository: 100 - FE luy ke: 550 - Thoi gian: 0.0 phut
Vong lap 11/250 - Repository: 88 - FE luy ke: 600 - Thoi gian: 0.0 phut
Vong lap 12/250 - Repository: 97 - FE luy ke: 650 - Thoi gian: 0.0 phut
Vong lap 13/250 - Repository: 100 - FE luy ke: 700 - Thoi gian: 0.0 phut
Vong lap 14/250 - Repository: 100 - FE luy ke: 750 - Thoi gian: 0.0 phut
Vong lap 15/250 - Repository: 100 - FE luy ke: 800 - Thoi gian: 0.0 phut
Vong lap 16/250 - Repository: 100 - FE luy ke: 850 - Thoi gian: 0.0 phut
Vong lap 17/250 - Repository: 100 - FE luy ke: 900 - Thoi gian: 0.0 phut
Vong lap 18/250 - Repository: 100 - FE luy ke: 950 - Thoi gian: 0.0 phut
Vong lap 19/250 - Repository: 100 - FE luy ke: 1000 - Thoi gian: 0.0 phut
Vong lap 20/250 - Repository: 100 - FE luy ke: 1050 - Thoi gian: 0.0 phut
Vong lap 21/250 - Repository: 100 - FE luy ke: 1100 - Thoi gian: 0.0 phut
Vong lap 22/250 - Repository: 100 - FE luy ke: 1150 - Thoi gian: 0.0 phut
Vong lap 23/250 - Repository: 100 - FE luy ke: 1200 - Thoi gian: 0.0 phut
Vong lap 24/250 - Repository: 100 - FE luy ke: 1250 - Thoi gian: 0.0 phut
Vong lap 25/250 - Repository: 100 - FE luy ke: 1300 - Thoi gian: 0.0 phut
Vong lap 26/250 - Repository: 100 - FE luy ke: 1350 - Thoi gian: 0.0 phut
Vong lap 27/250 - Repository: 100 - FE luy ke: 1400 - Thoi gian: 0.0 phut
Vong lap 28/250 - Repository: 100 - FE luy ke: 1450 - Thoi gian: 0.0 phut
Vong lap 29/250 - Repository: 100 - FE luy ke: 1500 - Thoi gian: 0.0 phut
Vong lap 30/250 - Repository: 100 - FE luy ke: 1550 - Thoi gian: 0.0 phut
Vong lap 31/250 - Repository: 100 - FE luy ke: 1600 - Thoi gian: 0.0 phut
Vong lap 32/250 - Repository: 100 - FE luy ke: 1650 - Thoi gian: 0.0 phut
Vong lap 33/250 - Repository: 100 - FE luy ke: 1700 - Thoi gian: 0.0 phut
Vong lap 34/250 - Repository: 100 - FE luy ke: 1750 - Thoi gian: 0.0 phut
Vong lap 35/250 - Repository: 100 - FE luy ke: 1800 - Thoi gian: 0.0 phut
Vong lap 36/250 - Repository: 100 - FE luy ke: 1850 - Thoi gian: 0.0 phut
Vong lap 37/250 - Repository: 100 - FE luy ke: 1900 - Thoi gian: 0.1 phut
Vong lap 38/250 - Repository: 100 - FE luy ke: 1950 - Thoi gian: 0.1 phut
Vong lap 39/250 - Repository: 100 - FE luy ke: 2000 - Thoi gian: 0.1 phut
Vong lap 40/250 - Repository: 100 - FE luy ke: 2050 - Thoi gian: 0.1 phut
Vong lap 41/250 - Repository: 100 - FE luy ke: 2100 - Thoi gian: 0.1 phut
Vong lap 42/250 - Repository: 100 - FE luy ke: 2150 - Thoi gian: 0.1 phut
Vong lap 43/250 - Repository: 100 - FE luy ke: 2200 - Thoi gian: 0.1 phut
Vong lap 44/250 - Repository: 100 - FE luy ke: 2250 - Thoi gian: 0.1 phut
Vong lap 45/250 - Repository: 100 - FE luy ke: 2300 - Thoi gian: 0.1 phut
Vong lap 46/250 - Repository: 100 - FE luy ke: 2350 - Thoi gian: 0.1 phut
Vong lap 47/250 - Repository: 100 - FE luy ke: 2400 - Thoi gian: 0.1 phut
Vong lap 48/250 - Repository: 100 - FE luy ke: 2450 - Thoi gian: 0.1 phut
Vong lap 49/250 - Repository: 100 - FE luy ke: 2500 - Thoi gian: 0.1 phut
Vong lap 50/250 - Repository: 100 - FE luy ke: 2550 - Thoi gian: 0.1 phut
Vong lap 51/250 - Repository: 100 - FE luy ke: 2600 - Thoi gian: 0.1 phut
Vong lap 52/250 - Repository: 100 - FE luy ke: 2650 - Thoi gian: 0.1 phut
Vong lap 53/250 - Repository: 100 - FE luy ke: 2700 - Thoi gian: 0.1 phut
Vong lap 54/250 - Repository: 100 - FE luy ke: 2750 - Thoi gian: 0.1 phut
Vong lap 55/250 - Repository: 100 - FE luy ke: 2800 - Thoi gian: 0.1 phut
Vong lap 56/250 - Repository: 100 - FE luy ke: 2850 - Thoi gian: 0.1 phut
Vong lap 57/250 - Repository: 100 - FE luy ke: 2900 - Thoi gian: 0.1 phut
Vong lap 58/250 - Repository: 100 - FE luy ke: 2950 - Thoi gian: 0.1 phut
Vong lap 59/250 - Repository: 100 - FE luy ke: 3000 - Thoi gian: 0.1 phut
Vong lap 60/250 - Repository: 100 - FE luy ke: 3050 - Thoi gian: 0.1 phut
Vong lap 61/250 - Repository: 100 - FE luy ke: 3100 - Thoi gian: 0.1 phut
Vong lap 62/250 - Repository: 100 - FE luy ke: 3150 - Thoi gian: 0.1 phut
Vong lap 63/250 - Repository: 100 - FE luy ke: 3200 - Thoi gian: 0.1 phut
Vong lap 64/250 - Repository: 100 - FE luy ke: 3250 - Thoi gian: 0.1 phut
Vong lap 65/250 - Repository: 100 - FE luy ke: 3300 - Thoi gian: 0.1 phut
Vong lap 66/250 - Repository: 100 - FE luy ke: 3350 - Thoi gian: 0.1 phut
Vong lap 67/250 - Repository: 100 - FE luy ke: 3400 - Thoi gian: 0.1 phut
Vong lap 68/250 - Repository: 100 - FE luy ke: 3450 - Thoi gian: 0.1 phut
Vong lap 69/250 - Repository: 100 - FE luy ke: 3500 - Thoi gian: 0.1 phut
Vong lap 70/250 - Repository: 100 - FE luy ke: 3550 - Thoi gian: 0.1 phut
Vong lap 71/250 - Repository: 100 - FE luy ke: 3600 - Thoi gian: 0.1 phut
Vong lap 72/250 - Repository: 100 - FE luy ke: 3650 - Thoi gian: 0.1 phut
Vong lap 73/250 - Repository: 100 - FE luy ke: 3700 - Thoi gian: 0.1 phut
Vong lap 74/250 - Repository: 100 - FE luy ke: 3750 - Thoi gian: 0.1 phut
Vong lap 75/250 - Repository: 100 - FE luy ke: 3800 - Thoi gian: 0.1 phut
Vong lap 76/250 - Repository: 100 - FE luy ke: 3850 - Thoi gian: 0.1 phut
Vong lap 77/250 - Repository: 100 - FE luy ke: 3900 - Thoi gian: 0.1 phut
Vong lap 78/250 - Repository: 100 - FE luy ke: 3950 - Thoi gian: 0.1 phut
Vong lap 79/250 - Repository: 100 - FE luy ke: 4000 - Thoi gian: 0.1 phut
Vong lap 80/250 - Repository: 100 - FE luy ke: 4050 - Thoi gian: 0.1 phut
Vong lap 81/250 - Repository: 100 - FE luy ke: 4100 - Thoi gian: 0.1 phut
Vong lap 82/250 - Repository: 100 - FE luy ke: 4150 - Thoi gian: 0.1 phut
Vong lap 83/250 - Repository: 100 - FE luy ke: 4200 - Thoi gian: 0.1 phut
Vong lap 84/250 - Repository: 100 - FE luy ke: 4250 - Thoi gian: 0.1 phut
Vong lap 85/250 - Repository: 100 - FE luy ke: 4300 - Thoi gian: 0.1 phut
Vong lap 86/250 - Repository: 100 - FE luy ke: 4350 - Thoi gian: 0.1 phut
Vong lap 87/250 - Repository: 100 - FE luy ke: 4400 - Thoi gian: 0.1 phut
Vong lap 88/250 - Repository: 100 - FE luy ke: 4450 - Thoi gian: 0.1 phut
Vong lap 89/250 - Repository: 100 - FE luy ke: 4500 - Thoi gian: 0.1 phut
Vong lap 90/250 - Repository: 100 - FE luy ke: 4550 - Thoi gian: 0.1 phut
Vong lap 91/250 - Repository: 100 - FE luy ke: 4600 - Thoi gian: 0.1 phut
Vong lap 92/250 - Repository: 100 - FE luy ke: 4650 - Thoi gian: 0.1 phut
Vong lap 93/250 - Repository: 100 - FE luy ke: 4700 - Thoi gian: 0.1 phut
Vong lap 94/250 - Repository: 100 - FE luy ke: 4750 - Thoi gian: 0.1 phut
Vong lap 95/250 - Repository: 100 - FE luy ke: 4800 - Thoi gian: 0.1 phut
Vong lap 96/250 - Repository: 100 - FE luy ke: 4850 - Thoi gian: 0.1 phut
Vong lap 97/250 - Repository: 100 - FE luy ke: 4900 - Thoi gian: 0.1 phut
Vong lap 98/250 - Repository: 100 - FE luy ke: 4950 - Thoi gian: 0.1 phut
Vong lap 99/250 - Repository: 100 - FE luy ke: 5000 - Thoi gian: 0.1 phut
Vong lap 100/250 - Repository: 100 - FE luy ke: 5050 - Thoi gian: 0.1 phut
Vong lap 101/250 - Repository: 100 - FE luy ke: 5100 - Thoi gian: 0.1 phut
Vong lap 102/250 - Repository: 100 - FE luy ke: 5150 - Thoi gian: 0.1 phut
Vong lap 103/250 - Repository: 100 - FE luy ke: 5200 - Thoi gian: 0.2 phut
Vong lap 104/250 - Repository: 100 - FE luy ke: 5250 - Thoi gian: 0.2 phut
Vong lap 105/250 - Repository: 100 - FE luy ke: 5300 - Thoi gian: 0.2 phut
Vong lap 106/250 - Repository: 100 - FE luy ke: 5350 - Thoi gian: 0.2 phut
Vong lap 107/250 - Repository: 100 - FE luy ke: 5400 - Thoi gian: 0.2 phut
Vong lap 108/250 - Repository: 100 - FE luy ke: 5450 - Thoi gian: 0.2 phut
Vong lap 109/250 - Repository: 100 - FE luy ke: 5500 - Thoi gian: 0.2 phut
Vong lap 110/250 - Repository: 100 - FE luy ke: 5550 - Thoi gian: 0.2 phut
Vong lap 111/250 - Repository: 100 - FE luy ke: 5600 - Thoi gian: 0.2 phut
Vong lap 112/250 - Repository: 100 - FE luy ke: 5650 - Thoi gian: 0.2 phut
Vong lap 113/250 - Repository: 100 - FE luy ke: 5700 - Thoi gian: 0.2 phut
Vong lap 114/250 - Repository: 100 - FE luy ke: 5750 - Thoi gian: 0.2 phut
Vong lap 115/250 - Repository: 100 - FE luy ke: 5800 - Thoi gian: 0.2 phut
Vong lap 116/250 - Repository: 100 - FE luy ke: 5850 - Thoi gian: 0.2 phut
Vong lap 117/250 - Repository: 100 - FE luy ke: 5900 - Thoi gian: 0.2 phut
Vong lap 118/250 - Repository: 100 - FE luy ke: 5950 - Thoi gian: 0.2 phut
Vong lap 119/250 - Repository: 100 - FE luy ke: 6000 - Thoi gian: 0.2 phut
Vong lap 120/250 - Repository: 100 - FE luy ke: 6050 - Thoi gian: 0.2 phut
Vong lap 121/250 - Repository: 100 - FE luy ke: 6100 - Thoi gian: 0.2 phut
Vong lap 122/250 - Repository: 100 - FE luy ke: 6150 - Thoi gian: 0.2 phut
Vong lap 123/250 - Repository: 100 - FE luy ke: 6200 - Thoi gian: 0.2 phut
Vong lap 124/250 - Repository: 100 - FE luy ke: 6250 - Thoi gian: 0.2 phut
Vong lap 125/250 - Repository: 100 - FE luy ke: 6300 - Thoi gian: 0.2 phut
Vong lap 126/250 - Repository: 100 - FE luy ke: 6350 - Thoi gian: 0.2 phut
Vong lap 127/250 - Repository: 100 - FE luy ke: 6400 - Thoi gian: 0.2 phut
Vong lap 128/250 - Repository: 100 - FE luy ke: 6450 - Thoi gian: 0.2 phut
Vong lap 129/250 - Repository: 100 - FE luy ke: 6500 - Thoi gian: 0.2 phut
Vong lap 130/250 - Repository: 100 - FE luy ke: 6550 - Thoi gian: 0.2 phut
Vong lap 131/250 - Repository: 100 - FE luy ke: 6600 - Thoi gian: 0.2 phut
Vong lap 132/250 - Repository: 100 - FE luy ke: 6650 - Thoi gian: 0.2 phut
Vong lap 133/250 - Repository: 100 - FE luy ke: 6700 - Thoi gian: 0.2 phut
Vong lap 134/250 - Repository: 100 - FE luy ke: 6750 - Thoi gian: 0.2 phut
Vong lap 135/250 - Repository: 100 - FE luy ke: 6800 - Thoi gian: 0.2 phut
Vong lap 136/250 - Repository: 100 - FE luy ke: 6850 - Thoi gian: 0.2 phut
Vong lap 137/250 - Repository: 100 - FE luy ke: 6900 - Thoi gian: 0.2 phut
Vong lap 138/250 - Repository: 100 - FE luy ke: 6950 - Thoi gian: 0.2 phut
Vong lap 139/250 - Repository: 100 - FE luy ke: 7000 - Thoi gian: 0.2 phut
Vong lap 140/250 - Repository: 100 - FE luy ke: 7050 - Thoi gian: 0.2 phut
Vong lap 141/250 - Repository: 100 - FE luy ke: 7100 - Thoi gian: 0.2 phut
Vong lap 142/250 - Repository: 100 - FE luy ke: 7150 - Thoi gian: 0.2 phut
Vong lap 143/250 - Repository: 100 - FE luy ke: 7200 - Thoi gian: 0.2 phut
Vong lap 144/250 - Repository: 100 - FE luy ke: 7250 - Thoi gian: 0.2 phut
Vong lap 145/250 - Repository: 100 - FE luy ke: 7300 - Thoi gian: 0.2 phut
Vong lap 146/250 - Repository: 100 - FE luy ke: 7350 - Thoi gian: 0.2 phut
Vong lap 147/250 - Repository: 100 - FE luy ke: 7400 - Thoi gian: 0.2 phut
Vong lap 148/250 - Repository: 100 - FE luy ke: 7450 - Thoi gian: 0.2 phut
Vong lap 149/250 - Repository: 100 - FE luy ke: 7500 - Thoi gian: 0.2 phut
Vong lap 150/250 - Repository: 100 - FE luy ke: 7550 - Thoi gian: 0.2 phut
Vong lap 151/250 - Repository: 100 - FE luy ke: 7600 - Thoi gian: 0.2 phut
Vong lap 152/250 - Repository: 100 - FE luy ke: 7650 - Thoi gian: 0.2 phut
Vong lap 153/250 - Repository: 100 - FE luy ke: 7700 - Thoi gian: 0.2 phut
Vong lap 154/250 - Repository: 100 - FE luy ke: 7750 - Thoi gian: 0.2 phut
Vong lap 155/250 - Repository: 100 - FE luy ke: 7800 - Thoi gian: 0.2 phut
Vong lap 156/250 - Repository: 100 - FE luy ke: 7850 - Thoi gian: 0.2 phut
Vong lap 157/250 - Repository: 100 - FE luy ke: 7900 - Thoi gian: 0.2 phut
Vong lap 158/250 - Repository: 100 - FE luy ke: 7950 - Thoi gian: 0.2 phut
Vong lap 159/250 - Repository: 100 - FE luy ke: 8000 - Thoi gian: 0.2 phut
Vong lap 160/250 - Repository: 100 - FE luy ke: 8050 - Thoi gian: 0.2 phut
Vong lap 161/250 - Repository: 100 - FE luy ke: 8100 - Thoi gian: 0.2 phut
Vong lap 162/250 - Repository: 100 - FE luy ke: 8150 - Thoi gian: 0.2 phut
Vong lap 163/250 - Repository: 100 - FE luy ke: 8200 - Thoi gian: 0.2 phut
Vong lap 164/250 - Repository: 100 - FE luy ke: 8250 - Thoi gian: 0.2 phut
Vong lap 165/250 - Repository: 100 - FE luy ke: 8300 - Thoi gian: 0.2 phut
Vong lap 166/250 - Repository: 100 - FE luy ke: 8350 - Thoi gian: 0.2 phut
Vong lap 167/250 - Repository: 100 - FE luy ke: 8400 - Thoi gian: 0.3 phut
Vong lap 168/250 - Repository: 100 - FE luy ke: 8450 - Thoi gian: 0.3 phut
Vong lap 169/250 - Repository: 100 - FE luy ke: 8500 - Thoi gian: 0.3 phut
Vong lap 170/250 - Repository: 100 - FE luy ke: 8550 - Thoi gian: 0.3 phut
Vong lap 171/250 - Repository: 100 - FE luy ke: 8600 - Thoi gian: 0.3 phut
Vong lap 172/250 - Repository: 100 - FE luy ke: 8650 - Thoi gian: 0.3 phut
Vong lap 173/250 - Repository: 100 - FE luy ke: 8700 - Thoi gian: 0.3 phut
Vong lap 174/250 - Repository: 100 - FE luy ke: 8750 - Thoi gian: 0.3 phut
Vong lap 175/250 - Repository: 100 - FE luy ke: 8800 - Thoi gian: 0.3 phut
Vong lap 176/250 - Repository: 100 - FE luy ke: 8850 - Thoi gian: 0.3 phut
Vong lap 177/250 - Repository: 100 - FE luy ke: 8900 - Thoi gian: 0.3 phut
Vong lap 178/250 - Repository: 100 - FE luy ke: 8950 - Thoi gian: 0.3 phut
Vong lap 179/250 - Repository: 100 - FE luy ke: 9000 - Thoi gian: 0.3 phut
Vong lap 180/250 - Repository: 100 - FE luy ke: 9050 - Thoi gian: 0.3 phut
Vong lap 181/250 - Repository: 100 - FE luy ke: 9100 - Thoi gian: 0.3 phut
Vong lap 182/250 - Repository: 100 - FE luy ke: 9150 - Thoi gian: 0.3 phut
Vong lap 183/250 - Repository: 100 - FE luy ke: 9200 - Thoi gian: 0.3 phut
Vong lap 184/250 - Repository: 100 - FE luy ke: 9250 - Thoi gian: 0.3 phut
Vong lap 185/250 - Repository: 100 - FE luy ke: 9300 - Thoi gian: 0.3 phut
Vong lap 186/250 - Repository: 100 - FE luy ke: 9350 - Thoi gian: 0.3 phut
Vong lap 187/250 - Repository: 100 - FE luy ke: 9400 - Thoi gian: 0.3 phut
Vong lap 188/250 - Repository: 100 - FE luy ke: 9450 - Thoi gian: 0.3 phut
Vong lap 189/250 - Repository: 100 - FE luy ke: 9500 - Thoi gian: 0.3 phut
Vong lap 190/250 - Repository: 100 - FE luy ke: 9550 - Thoi gian: 0.3 phut
Vong lap 191/250 - Repository: 100 - FE luy ke: 9600 - Thoi gian: 0.3 phut
Vong lap 192/250 - Repository: 100 - FE luy ke: 9650 - Thoi gian: 0.3 phut
Vong lap 193/250 - Repository: 100 - FE luy ke: 9700 - Thoi gian: 0.3 phut
Vong lap 194/250 - Repository: 100 - FE luy ke: 9750 - Thoi gian: 0.3 phut
Vong lap 195/250 - Repository: 100 - FE luy ke: 9800 - Thoi gian: 0.3 phut
Vong lap 196/250 - Repository: 100 - FE luy ke: 9850 - Thoi gian: 0.3 phut
Vong lap 197/250 - Repository: 100 - FE luy ke: 9900 - Thoi gian: 0.3 phut
Vong lap 198/250 - Repository: 100 - FE luy ke: 9950 - Thoi gian: 0.3 phut
Vong lap 199/250 - Repository: 100 - FE luy ke: 10000 - Thoi gian: 0.3 phut
Vong lap 200/250 - Repository: 100 - FE luy ke: 10050 - Thoi gian: 0.3 phut
Vong lap 201/250 - Repository: 100 - FE luy ke: 10100 - Thoi gian: 0.3 phut
Vong lap 202/250 - Repository: 100 - FE luy ke: 10150 - Thoi gian: 0.3 phut
Vong lap 203/250 - Repository: 100 - FE luy ke: 10200 - Thoi gian: 0.3 phut
Vong lap 204/250 - Repository: 100 - FE luy ke: 10250 - Thoi gian: 0.3 phut
Vong lap 205/250 - Repository: 100 - FE luy ke: 10300 - Thoi gian: 0.3 phut
Vong lap 206/250 - Repository: 100 - FE luy ke: 10350 - Thoi gian: 0.3 phut
Vong lap 207/250 - Repository: 100 - FE luy ke: 10400 - Thoi gian: 0.3 phut
Vong lap 208/250 - Repository: 100 - FE luy ke: 10450 - Thoi gian: 0.3 phut
Vong lap 209/250 - Repository: 100 - FE luy ke: 10500 - Thoi gian: 0.3 phut
Vong lap 210/250 - Repository: 100 - FE luy ke: 10550 - Thoi gian: 0.3 phut
Vong lap 211/250 - Repository: 100 - FE luy ke: 10600 - Thoi gian: 0.3 phut
Vong lap 212/250 - Repository: 100 - FE luy ke: 10650 - Thoi gian: 0.3 phut
Vong lap 213/250 - Repository: 100 - FE luy ke: 10700 - Thoi gian: 0.3 phut
Vong lap 214/250 - Repository: 100 - FE luy ke: 10750 - Thoi gian: 0.3 phut
Vong lap 215/250 - Repository: 100 - FE luy ke: 10800 - Thoi gian: 0.3 phut
Vong lap 216/250 - Repository: 100 - FE luy ke: 10850 - Thoi gian: 0.3 phut
Vong lap 217/250 - Repository: 100 - FE luy ke: 10900 - Thoi gian: 0.3 phut
Vong lap 218/250 - Repository: 100 - FE luy ke: 10950 - Thoi gian: 0.3 phut
Vong lap 219/250 - Repository: 100 - FE luy ke: 11000 - Thoi gian: 0.3 phut
Vong lap 220/250 - Repository: 100 - FE luy ke: 11050 - Thoi gian: 0.3 phut
Vong lap 221/250 - Repository: 100 - FE luy ke: 11100 - Thoi gian: 0.3 phut
Vong lap 222/250 - Repository: 100 - FE luy ke: 11150 - Thoi gian: 0.3 phut
Vong lap 223/250 - Repository: 100 - FE luy ke: 11200 - Thoi gian: 0.3 phut
Vong lap 224/250 - Repository: 100 - FE luy ke: 11250 - Thoi gian: 0.3 phut
Vong lap 225/250 - Repository: 100 - FE luy ke: 11300 - Thoi gian: 0.3 phut
Vong lap 226/250 - Repository: 100 - FE luy ke: 11350 - Thoi gian: 0.3 phut
Vong lap 227/250 - Repository: 100 - FE luy ke: 11400 - Thoi gian: 0.3 phut
Vong lap 228/250 - Repository: 100 - FE luy ke: 11450 - Thoi gian: 0.4 phut
Vong lap 229/250 - Repository: 100 - FE luy ke: 11500 - Thoi gian: 0.4 phut
Vong lap 230/250 - Repository: 100 - FE luy ke: 11550 - Thoi gian: 0.4 phut
Vong lap 231/250 - Repository: 100 - FE luy ke: 11600 - Thoi gian: 0.4 phut
Vong lap 232/250 - Repository: 100 - FE luy ke: 11650 - Thoi gian: 0.4 phut
Vong lap 233/250 - Repository: 100 - FE luy ke: 11700 - Thoi gian: 0.4 phut
Vong lap 234/250 - Repository: 100 - FE luy ke: 11750 - Thoi gian: 0.4 phut
Vong lap 235/250 - Repository: 100 - FE luy ke: 11800 - Thoi gian: 0.4 phut
Vong lap 236/250 - Repository: 100 - FE luy ke: 11850 - Thoi gian: 0.4 phut
Vong lap 237/250 - Repository: 100 - FE luy ke: 11900 - Thoi gian: 0.4 phut
Vong lap 238/250 - Repository: 100 - FE luy ke: 11950 - Thoi gian: 0.4 phut
Vong lap 239/250 - Repository: 100 - FE luy ke: 12000 - Thoi gian: 0.4 phut
Vong lap 240/250 - Repository: 100 - FE luy ke: 12050 - Thoi gian: 0.4 phut
Vong lap 241/250 - Repository: 100 - FE luy ke: 12100 - Thoi gian: 0.4 phut
Vong lap 242/250 - Repository: 100 - FE luy ke: 12150 - Thoi gian: 0.4 phut
Vong lap 243/250 - Repository: 100 - FE luy ke: 12200 - Thoi gian: 0.4 phut
Vong lap 244/250 - Repository: 100 - FE luy ke: 12250 - Thoi gian: 0.4 phut
Vong lap 245/250 - Repository: 100 - FE luy ke: 12300 - Thoi gian: 0.4 phut
Vong lap 246/250 - Repository: 100 - FE luy ke: 12350 - Thoi gian: 0.4 phut
Vong lap 247/250 - Repository: 100 - FE luy ke: 12400 - Thoi gian: 0.4 phut
Vong lap 248/250 - Repository: 100 - FE luy ke: 12450 - Thoi gian: 0.4 phut
Vong lap 249/250 - Repository: 100 - FE luy ke: 12500 - Thoi gian: 0.4 phut
Vong lap 250/250 - Repository: 100 - FE luy ke: 12550 - Thoi gian: 0.4 phut
HOAN THANH campaign E-MOSFOA. Tong thoi gian: 0.01 gio. So nghiem Pareto: 100
=== E-MOSFOA doc lap lan 24/30 (RunTag=run24) ===
[Wharf100DWT E-MOSFOA - SONG SONG] Np=50 Max_it=250 Nr=100 Num_work=8 (FE uoc tinh=12550)
SUCCESS: The process "SAP2000.exe" with PID 10076 has been terminated. 
SUCCESS: The process "SAP2000.exe" with PID 32 has been terminated. 
SUCCESS: The process "SAP2000.exe" with PID 10172 has been terminated. 
SUCCESS: The process "SAP2000.exe" with PID 27164 has been terminated. 
SUCCESS: The process "SAP2000.exe" with PID 22296 has been terminated. 
SUCCESS: The process "SAP2000.exe" with PID 22400 has been terminated. 
SUCCESS: The process "SAP2000.exe" with PID 7500 has been terminated. 
SUCCESS: The process "SAP2000.exe" with PID 27392 has been terminated. 
[Warning: Files that have already been attached are being ignored. To see which files are attached see the 'AttachedFiles' property of the parallel pool.] 
Worker 1: 
  wharf100dwt_evaluate: da nap cache tu D:\ResearchLab\02_Projects\02_Projects\MOFDA\Wharf100DWT\results\Wharf100DWT_BRUTEFORCE_FINAL.mat (4080 to hop).
Worker 2: 
  wharf100dwt_evaluate: da nap cache tu D:\ResearchLab\02_Projects\02_Projects\MOFDA\Wharf100DWT\results\Wharf100DWT_BRUTEFORCE_FINAL.mat (4080 to hop).
Worker 3: 
  wharf100dwt_evaluate: da nap cache tu D:\ResearchLab\02_Projects\02_Projects\MOFDA\Wharf100DWT\results\Wharf100DWT_BRUTEFORCE_FINAL.mat (4080 to hop).
Worker 4: 
  wharf100dwt_evaluate: da nap cache tu D:\ResearchLab\02_Projects\02_Projects\MOFDA\Wharf100DWT\results\Wharf100DWT_BRUTEFORCE_FINAL.mat (4080 to hop).
Worker 5: 
  wharf100dwt_evaluate: da nap cache tu D:\ResearchLab\02_Projects\02_Projects\MOFDA\Wharf100DWT\results\Wharf100DWT_BRUTEFORCE_FINAL.mat (4080 to hop).
Worker 6: 
  wharf100dwt_evaluate: da nap cache tu D:\ResearchLab\02_Projects\02_Projects\MOFDA\Wharf100DWT\results\Wharf100DWT_BRUTEFORCE_FINAL.mat (4080 to hop).
Worker 7: 
  wharf100dwt_evaluate: da nap cache tu D:\ResearchLab\02_Projects\02_Projects\MOFDA\Wharf100DWT\results\Wharf100DWT_BRUTEFORCE_FINAL.mat (4080 to hop).
Worker 8: 
  wharf100dwt_evaluate: da nap cache tu D:\ResearchLab\02_Projects\02_Projects\MOFDA\Wharf100DWT\results\Wharf100DWT_BRUTEFORCE_FINAL.mat (4080 to hop).
The he #0 - Kich thuoc Repository: 1
Vong lap 1/250 - Repository: 12 - FE luy ke: 100 - Thoi gian: 0.0 phut
Vong lap 2/250 - Repository: 28 - FE luy ke: 150 - Thoi gian: 0.0 phut
Vong lap 3/250 - Repository: 37 - FE luy ke: 200 - Thoi gian: 0.0 phut
Vong lap 4/250 - Repository: 50 - FE luy ke: 250 - Thoi gian: 0.0 phut
Vong lap 5/250 - Repository: 36 - FE luy ke: 300 - Thoi gian: 0.0 phut
Vong lap 6/250 - Repository: 46 - FE luy ke: 350 - Thoi gian: 0.0 phut
Vong lap 7/250 - Repository: 54 - FE luy ke: 400 - Thoi gian: 0.0 phut
Vong lap 8/250 - Repository: 65 - FE luy ke: 450 - Thoi gian: 0.0 phut
Vong lap 9/250 - Repository: 74 - FE luy ke: 500 - Thoi gian: 0.0 phut
Vong lap 10/250 - Repository: 85 - FE luy ke: 550 - Thoi gian: 0.0 phut
Vong lap 11/250 - Repository: 95 - FE luy ke: 600 - Thoi gian: 0.0 phut
Vong lap 12/250 - Repository: 100 - FE luy ke: 650 - Thoi gian: 0.0 phut
Vong lap 13/250 - Repository: 100 - FE luy ke: 700 - Thoi gian: 0.0 phut
Vong lap 14/250 - Repository: 100 - FE luy ke: 750 - Thoi gian: 0.0 phut
Vong lap 15/250 - Repository: 100 - FE luy ke: 800 - Thoi gian: 0.0 phut
Vong lap 16/250 - Repository: 100 - FE luy ke: 850 - Thoi gian: 0.0 phut
Vong lap 17/250 - Repository: 100 - FE luy ke: 900 - Thoi gian: 0.0 phut
Vong lap 18/250 - Repository: 100 - FE luy ke: 950 - Thoi gian: 0.0 phut
Vong lap 19/250 - Repository: 100 - FE luy ke: 1000 - Thoi gian: 0.0 phut
Vong lap 20/250 - Repository: 100 - FE luy ke: 1050 - Thoi gian: 0.0 phut
Vong lap 21/250 - Repository: 100 - FE luy ke: 1100 - Thoi gian: 0.0 phut
Vong lap 22/250 - Repository: 100 - FE luy ke: 1150 - Thoi gian: 0.0 phut
Vong lap 23/250 - Repository: 100 - FE luy ke: 1200 - Thoi gian: 0.0 phut
Vong lap 24/250 - Repository: 100 - FE luy ke: 1250 - Thoi gian: 0.0 phut
Vong lap 25/250 - Repository: 100 - FE luy ke: 1300 - Thoi gian: 0.0 phut
Vong lap 26/250 - Repository: 100 - FE luy ke: 1350 - Thoi gian: 0.0 phut
Vong lap 27/250 - Repository: 100 - FE luy ke: 1400 - Thoi gian: 0.0 phut
Vong lap 28/250 - Repository: 100 - FE luy ke: 1450 - Thoi gian: 0.0 phut
Vong lap 29/250 - Repository: 100 - FE luy ke: 1500 - Thoi gian: 0.0 phut
Vong lap 30/250 - Repository: 100 - FE luy ke: 1550 - Thoi gian: 0.0 phut
Vong lap 31/250 - Repository: 100 - FE luy ke: 1600 - Thoi gian: 0.0 phut
Vong lap 32/250 - Repository: 100 - FE luy ke: 1650 - Thoi gian: 0.0 phut
Vong lap 33/250 - Repository: 100 - FE luy ke: 1700 - Thoi gian: 0.0 phut
Vong lap 34/250 - Repository: 100 - FE luy ke: 1750 - Thoi gian: 0.0 phut
Vong lap 35/250 - Repository: 100 - FE luy ke: 1800 - Thoi gian: 0.0 phut
Vong lap 36/250 - Repository: 100 - FE luy ke: 1850 - Thoi gian: 0.0 phut
Vong lap 37/250 - Repository: 100 - FE luy ke: 1900 - Thoi gian: 0.1 phut
Vong lap 38/250 - Repository: 100 - FE luy ke: 1950 - Thoi gian: 0.1 phut
Vong lap 39/250 - Repository: 100 - FE luy ke: 2000 - Thoi gian: 0.1 phut
Vong lap 40/250 - Repository: 100 - FE luy ke: 2050 - Thoi gian: 0.1 phut
Vong lap 41/250 - Repository: 100 - FE luy ke: 2100 - Thoi gian: 0.1 phut
Vong lap 42/250 - Repository: 100 - FE luy ke: 2150 - Thoi gian: 0.1 phut
Vong lap 43/250 - Repository: 100 - FE luy ke: 2200 - Thoi gian: 0.1 phut
Vong lap 44/250 - Repository: 100 - FE luy ke: 2250 - Thoi gian: 0.1 phut
Vong lap 45/250 - Repository: 100 - FE luy ke: 2300 - Thoi gian: 0.1 phut
Vong lap 46/250 - Repository: 100 - FE luy ke: 2350 - Thoi gian: 0.1 phut
Vong lap 47/250 - Repository: 100 - FE luy ke: 2400 - Thoi gian: 0.1 phut
Vong lap 48/250 - Repository: 100 - FE luy ke: 2450 - Thoi gian: 0.1 phut
Vong lap 49/250 - Repository: 100 - FE luy ke: 2500 - Thoi gian: 0.1 phut
Vong lap 50/250 - Repository: 100 - FE luy ke: 2550 - Thoi gian: 0.1 phut
Vong lap 51/250 - Repository: 100 - FE luy ke: 2600 - Thoi gian: 0.1 phut
Vong lap 52/250 - Repository: 100 - FE luy ke: 2650 - Thoi gian: 0.1 phut
Vong lap 53/250 - Repository: 100 - FE luy ke: 2700 - Thoi gian: 0.1 phut
Vong lap 54/250 - Repository: 100 - FE luy ke: 2750 - Thoi gian: 0.1 phut
Vong lap 55/250 - Repository: 100 - FE luy ke: 2800 - Thoi gian: 0.1 phut
Vong lap 56/250 - Repository: 100 - FE luy ke: 2850 - Thoi gian: 0.1 phut
Vong lap 57/250 - Repository: 100 - FE luy ke: 2900 - Thoi gian: 0.1 phut
Vong lap 58/250 - Repository: 100 - FE luy ke: 2950 - Thoi gian: 0.1 phut
Vong lap 59/250 - Repository: 100 - FE luy ke: 3000 - Thoi gian: 0.1 phut
Vong lap 60/250 - Repository: 100 - FE luy ke: 3050 - Thoi gian: 0.1 phut
Vong lap 61/250 - Repository: 100 - FE luy ke: 3100 - Thoi gian: 0.1 phut
Vong lap 62/250 - Repository: 100 - FE luy ke: 3150 - Thoi gian: 0.1 phut
Vong lap 63/250 - Repository: 100 - FE luy ke: 3200 - Thoi gian: 0.1 phut
Vong lap 64/250 - Repository: 100 - FE luy ke: 3250 - Thoi gian: 0.1 phut
Vong lap 65/250 - Repository: 100 - FE luy ke: 3300 - Thoi gian: 0.1 phut
Vong lap 66/250 - Repository: 100 - FE luy ke: 3350 - Thoi gian: 0.1 phut
Vong lap 67/250 - Repository: 100 - FE luy ke: 3400 - Thoi gian: 0.1 phut
Vong lap 68/250 - Repository: 100 - FE luy ke: 3450 - Thoi gian: 0.1 phut
Vong lap 69/250 - Repository: 100 - FE luy ke: 3500 - Thoi gian: 0.1 phut
Vong lap 70/250 - Repository: 100 - FE luy ke: 3550 - Thoi gian: 0.1 phut
Vong lap 71/250 - Repository: 100 - FE luy ke: 3600 - Thoi gian: 0.1 phut
Vong lap 72/250 - Repository: 100 - FE luy ke: 3650 - Thoi gian: 0.1 phut
Vong lap 73/250 - Repository: 100 - FE luy ke: 3700 - Thoi gian: 0.1 phut
Vong lap 74/250 - Repository: 100 - FE luy ke: 3750 - Thoi gian: 0.1 phut
Vong lap 75/250 - Repository: 100 - FE luy ke: 3800 - Thoi gian: 0.1 phut
Vong lap 76/250 - Repository: 100 - FE luy ke: 3850 - Thoi gian: 0.1 phut
Vong lap 77/250 - Repository: 100 - FE luy ke: 3900 - Thoi gian: 0.1 phut
Vong lap 78/250 - Repository: 100 - FE luy ke: 3950 - Thoi gian: 0.1 phut
Vong lap 79/250 - Repository: 100 - FE luy ke: 4000 - Thoi gian: 0.1 phut
Vong lap 80/250 - Repository: 100 - FE luy ke: 4050 - Thoi gian: 0.1 phut
Vong lap 81/250 - Repository: 100 - FE luy ke: 4100 - Thoi gian: 0.1 phut
Vong lap 82/250 - Repository: 100 - FE luy ke: 4150 - Thoi gian: 0.1 phut
Vong lap 83/250 - Repository: 100 - FE luy ke: 4200 - Thoi gian: 0.1 phut
Vong lap 84/250 - Repository: 100 - FE luy ke: 4250 - Thoi gian: 0.1 phut
Vong lap 85/250 - Repository: 100 - FE luy ke: 4300 - Thoi gian: 0.1 phut
Vong lap 86/250 - Repository: 100 - FE luy ke: 4350 - Thoi gian: 0.1 phut
Vong lap 87/250 - Repository: 100 - FE luy ke: 4400 - Thoi gian: 0.1 phut
Vong lap 88/250 - Repository: 100 - FE luy ke: 4450 - Thoi gian: 0.1 phut
Vong lap 89/250 - Repository: 100 - FE luy ke: 4500 - Thoi gian: 0.1 phut
Vong lap 90/250 - Repository: 100 - FE luy ke: 4550 - Thoi gian: 0.1 phut
Vong lap 91/250 - Repository: 100 - FE luy ke: 4600 - Thoi gian: 0.1 phut
Vong lap 92/250 - Repository: 100 - FE luy ke: 4650 - Thoi gian: 0.1 phut
Vong lap 93/250 - Repository: 100 - FE luy ke: 4700 - Thoi gian: 0.1 phut
Vong lap 94/250 - Repository: 100 - FE luy ke: 4750 - Thoi gian: 0.1 phut
Vong lap 95/250 - Repository: 100 - FE luy ke: 4800 - Thoi gian: 0.1 phut
Vong lap 96/250 - Repository: 100 - FE luy ke: 4850 - Thoi gian: 0.1 phut
Vong lap 97/250 - Repository: 100 - FE luy ke: 4900 - Thoi gian: 0.1 phut
Vong lap 98/250 - Repository: 100 - FE luy ke: 4950 - Thoi gian: 0.1 phut
Vong lap 99/250 - Repository: 100 - FE luy ke: 5000 - Thoi gian: 0.1 phut
Vong lap 100/250 - Repository: 100 - FE luy ke: 5050 - Thoi gian: 0.1 phut
Vong lap 101/250 - Repository: 100 - FE luy ke: 5100 - Thoi gian: 0.1 phut
Vong lap 102/250 - Repository: 100 - FE luy ke: 5150 - Thoi gian: 0.1 phut
Vong lap 103/250 - Repository: 100 - FE luy ke: 5200 - Thoi gian: 0.1 phut
Vong lap 104/250 - Repository: 100 - FE luy ke: 5250 - Thoi gian: 0.2 phut
Vong lap 105/250 - Repository: 100 - FE luy ke: 5300 - Thoi gian: 0.2 phut
Vong lap 106/250 - Repository: 100 - FE luy ke: 5350 - Thoi gian: 0.2 phut
Vong lap 107/250 - Repository: 100 - FE luy ke: 5400 - Thoi gian: 0.2 phut
Vong lap 108/250 - Repository: 100 - FE luy ke: 5450 - Thoi gian: 0.2 phut
Vong lap 109/250 - Repository: 100 - FE luy ke: 5500 - Thoi gian: 0.2 phut
Vong lap 110/250 - Repository: 100 - FE luy ke: 5550 - Thoi gian: 0.2 phut
Vong lap 111/250 - Repository: 100 - FE luy ke: 5600 - Thoi gian: 0.2 phut
Vong lap 112/250 - Repository: 100 - FE luy ke: 5650 - Thoi gian: 0.2 phut
Vong lap 113/250 - Repository: 100 - FE luy ke: 5700 - Thoi gian: 0.2 phut
Vong lap 114/250 - Repository: 100 - FE luy ke: 5750 - Thoi gian: 0.2 phut
Vong lap 115/250 - Repository: 100 - FE luy ke: 5800 - Thoi gian: 0.2 phut
Vong lap 116/250 - Repository: 100 - FE luy ke: 5850 - Thoi gian: 0.2 phut
Vong lap 117/250 - Repository: 100 - FE luy ke: 5900 - Thoi gian: 0.2 phut
Vong lap 118/250 - Repository: 100 - FE luy ke: 5950 - Thoi gian: 0.2 phut
Vong lap 119/250 - Repository: 100 - FE luy ke: 6000 - Thoi gian: 0.2 phut
Vong lap 120/250 - Repository: 100 - FE luy ke: 6050 - Thoi gian: 0.2 phut
Vong lap 121/250 - Repository: 100 - FE luy ke: 6100 - Thoi gian: 0.2 phut
Vong lap 122/250 - Repository: 100 - FE luy ke: 6150 - Thoi gian: 0.2 phut
Vong lap 123/250 - Repository: 100 - FE luy ke: 6200 - Thoi gian: 0.2 phut
Vong lap 124/250 - Repository: 100 - FE luy ke: 6250 - Thoi gian: 0.2 phut
Vong lap 125/250 - Repository: 100 - FE luy ke: 6300 - Thoi gian: 0.2 phut
Vong lap 126/250 - Repository: 100 - FE luy ke: 6350 - Thoi gian: 0.2 phut
Vong lap 127/250 - Repository: 100 - FE luy ke: 6400 - Thoi gian: 0.2 phut
Vong lap 128/250 - Repository: 100 - FE luy ke: 6450 - Thoi gian: 0.2 phut
Vong lap 129/250 - Repository: 100 - FE luy ke: 6500 - Thoi gian: 0.2 phut
Vong lap 130/250 - Repository: 100 - FE luy ke: 6550 - Thoi gian: 0.2 phut
Vong lap 131/250 - Repository: 100 - FE luy ke: 6600 - Thoi gian: 0.2 phut
Vong lap 132/250 - Repository: 100 - FE luy ke: 6650 - Thoi gian: 0.2 phut
Vong lap 133/250 - Repository: 100 - FE luy ke: 6700 - Thoi gian: 0.2 phut
Vong lap 134/250 - Repository: 100 - FE luy ke: 6750 - Thoi gian: 0.2 phut
Vong lap 135/250 - Repository: 100 - FE luy ke: 6800 - Thoi gian: 0.2 phut
Vong lap 136/250 - Repository: 100 - FE luy ke: 6850 - Thoi gian: 0.2 phut
Vong lap 137/250 - Repository: 100 - FE luy ke: 6900 - Thoi gian: 0.2 phut
Vong lap 138/250 - Repository: 100 - FE luy ke: 6950 - Thoi gian: 0.2 phut
Vong lap 139/250 - Repository: 100 - FE luy ke: 7000 - Thoi gian: 0.2 phut
Vong lap 140/250 - Repository: 100 - FE luy ke: 7050 - Thoi gian: 0.2 phut
Vong lap 141/250 - Repository: 100 - FE luy ke: 7100 - Thoi gian: 0.2 phut
Vong lap 142/250 - Repository: 100 - FE luy ke: 7150 - Thoi gian: 0.2 phut
Vong lap 143/250 - Repository: 100 - FE luy ke: 7200 - Thoi gian: 0.2 phut
Vong lap 144/250 - Repository: 100 - FE luy ke: 7250 - Thoi gian: 0.2 phut
Vong lap 145/250 - Repository: 100 - FE luy ke: 7300 - Thoi gian: 0.2 phut
Vong lap 146/250 - Repository: 100 - FE luy ke: 7350 - Thoi gian: 0.2 phut
Vong lap 147/250 - Repository: 100 - FE luy ke: 7400 - Thoi gian: 0.2 phut
Vong lap 148/250 - Repository: 100 - FE luy ke: 7450 - Thoi gian: 0.2 phut
Vong lap 149/250 - Repository: 100 - FE luy ke: 7500 - Thoi gian: 0.2 phut
Vong lap 150/250 - Repository: 100 - FE luy ke: 7550 - Thoi gian: 0.2 phut
Vong lap 151/250 - Repository: 100 - FE luy ke: 7600 - Thoi gian: 0.2 phut
Vong lap 152/250 - Repository: 100 - FE luy ke: 7650 - Thoi gian: 0.2 phut
Vong lap 153/250 - Repository: 100 - FE luy ke: 7700 - Thoi gian: 0.2 phut
Vong lap 154/250 - Repository: 100 - FE luy ke: 7750 - Thoi gian: 0.2 phut
Vong lap 155/250 - Repository: 100 - FE luy ke: 7800 - Thoi gian: 0.2 phut
Vong lap 156/250 - Repository: 100 - FE luy ke: 7850 - Thoi gian: 0.2 phut
Vong lap 157/250 - Repository: 100 - FE luy ke: 7900 - Thoi gian: 0.2 phut
Vong lap 158/250 - Repository: 100 - FE luy ke: 7950 - Thoi gian: 0.2 phut
Vong lap 159/250 - Repository: 100 - FE luy ke: 8000 - Thoi gian: 0.2 phut
Vong lap 160/250 - Repository: 100 - FE luy ke: 8050 - Thoi gian: 0.2 phut
Vong lap 161/250 - Repository: 100 - FE luy ke: 8100 - Thoi gian: 0.2 phut
Vong lap 162/250 - Repository: 100 - FE luy ke: 8150 - Thoi gian: 0.2 phut
Vong lap 163/250 - Repository: 100 - FE luy ke: 8200 - Thoi gian: 0.2 phut
Vong lap 164/250 - Repository: 100 - FE luy ke: 8250 - Thoi gian: 0.2 phut
Vong lap 165/250 - Repository: 100 - FE luy ke: 8300 - Thoi gian: 0.2 phut
Vong lap 166/250 - Repository: 100 - FE luy ke: 8350 - Thoi gian: 0.2 phut
Vong lap 167/250 - Repository: 100 - FE luy ke: 8400 - Thoi gian: 0.2 phut
Vong lap 168/250 - Repository: 100 - FE luy ke: 8450 - Thoi gian: 0.3 phut
Vong lap 169/250 - Repository: 100 - FE luy ke: 8500 - Thoi gian: 0.3 phut
Vong lap 170/250 - Repository: 100 - FE luy ke: 8550 - Thoi gian: 0.3 phut
Vong lap 171/250 - Repository: 100 - FE luy ke: 8600 - Thoi gian: 0.3 phut
Vong lap 172/250 - Repository: 100 - FE luy ke: 8650 - Thoi gian: 0.3 phut
Vong lap 173/250 - Repository: 100 - FE luy ke: 8700 - Thoi gian: 0.3 phut
Vong lap 174/250 - Repository: 100 - FE luy ke: 8750 - Thoi gian: 0.3 phut
Vong lap 175/250 - Repository: 100 - FE luy ke: 8800 - Thoi gian: 0.3 phut
Vong lap 176/250 - Repository: 100 - FE luy ke: 8850 - Thoi gian: 0.3 phut
Vong lap 177/250 - Repository: 100 - FE luy ke: 8900 - Thoi gian: 0.3 phut
Vong lap 178/250 - Repository: 100 - FE luy ke: 8950 - Thoi gian: 0.3 phut
Vong lap 179/250 - Repository: 100 - FE luy ke: 9000 - Thoi gian: 0.3 phut
Vong lap 180/250 - Repository: 100 - FE luy ke: 9050 - Thoi gian: 0.3 phut
Vong lap 181/250 - Repository: 100 - FE luy ke: 9100 - Thoi gian: 0.3 phut
Vong lap 182/250 - Repository: 100 - FE luy ke: 9150 - Thoi gian: 0.3 phut
Vong lap 183/250 - Repository: 100 - FE luy ke: 9200 - Thoi gian: 0.3 phut
Vong lap 184/250 - Repository: 100 - FE luy ke: 9250 - Thoi gian: 0.3 phut
Vong lap 185/250 - Repository: 100 - FE luy ke: 9300 - Thoi gian: 0.3 phut
Vong lap 186/250 - Repository: 100 - FE luy ke: 9350 - Thoi gian: 0.3 phut
Vong lap 187/250 - Repository: 100 - FE luy ke: 9400 - Thoi gian: 0.3 phut
Vong lap 188/250 - Repository: 100 - FE luy ke: 9450 - Thoi gian: 0.3 phut
Vong lap 189/250 - Repository: 100 - FE luy ke: 9500 - Thoi gian: 0.3 phut
Vong lap 190/250 - Repository: 100 - FE luy ke: 9550 - Thoi gian: 0.3 phut
Vong lap 191/250 - Repository: 100 - FE luy ke: 9600 - Thoi gian: 0.3 phut
Vong lap 192/250 - Repository: 100 - FE luy ke: 9650 - Thoi gian: 0.3 phut
Vong lap 193/250 - Repository: 100 - FE luy ke: 9700 - Thoi gian: 0.3 phut
Vong lap 194/250 - Repository: 100 - FE luy ke: 9750 - Thoi gian: 0.3 phut
Vong lap 195/250 - Repository: 100 - FE luy ke: 9800 - Thoi gian: 0.3 phut
Vong lap 196/250 - Repository: 100 - FE luy ke: 9850 - Thoi gian: 0.3 phut
Vong lap 197/250 - Repository: 100 - FE luy ke: 9900 - Thoi gian: 0.3 phut
Vong lap 198/250 - Repository: 100 - FE luy ke: 9950 - Thoi gian: 0.3 phut
Vong lap 199/250 - Repository: 100 - FE luy ke: 10000 - Thoi gian: 0.3 phut
Vong lap 200/250 - Repository: 100 - FE luy ke: 10050 - Thoi gian: 0.3 phut
Vong lap 201/250 - Repository: 100 - FE luy ke: 10100 - Thoi gian: 0.3 phut
Vong lap 202/250 - Repository: 100 - FE luy ke: 10150 - Thoi gian: 0.3 phut
Vong lap 203/250 - Repository: 100 - FE luy ke: 10200 - Thoi gian: 0.3 phut
Vong lap 204/250 - Repository: 100 - FE luy ke: 10250 - Thoi gian: 0.3 phut
Vong lap 205/250 - Repository: 100 - FE luy ke: 10300 - Thoi gian: 0.3 phut
Vong lap 206/250 - Repository: 100 - FE luy ke: 10350 - Thoi gian: 0.3 phut
Vong lap 207/250 - Repository: 100 - FE luy ke: 10400 - Thoi gian: 0.3 phut
Vong lap 208/250 - Repository: 100 - FE luy ke: 10450 - Thoi gian: 0.3 phut
Vong lap 209/250 - Repository: 100 - FE luy ke: 10500 - Thoi gian: 0.3 phut
Vong lap 210/250 - Repository: 100 - FE luy ke: 10550 - Thoi gian: 0.3 phut
Vong lap 211/250 - Repository: 100 - FE luy ke: 10600 - Thoi gian: 0.3 phut
Vong lap 212/250 - Repository: 100 - FE luy ke: 10650 - Thoi gian: 0.3 phut
Vong lap 213/250 - Repository: 100 - FE luy ke: 10700 - Thoi gian: 0.3 phut
Vong lap 214/250 - Repository: 100 - FE luy ke: 10750 - Thoi gian: 0.3 phut
Vong lap 215/250 - Repository: 100 - FE luy ke: 10800 - Thoi gian: 0.3 phut
Vong lap 216/250 - Repository: 100 - FE luy ke: 10850 - Thoi gian: 0.3 phut
Vong lap 217/250 - Repository: 100 - FE luy ke: 10900 - Thoi gian: 0.3 phut
Vong lap 218/250 - Repository: 100 - FE luy ke: 10950 - Thoi gian: 0.3 phut
Vong lap 219/250 - Repository: 100 - FE luy ke: 11000 - Thoi gian: 0.3 phut
Vong lap 220/250 - Repository: 100 - FE luy ke: 11050 - Thoi gian: 0.3 phut
Vong lap 221/250 - Repository: 100 - FE luy ke: 11100 - Thoi gian: 0.3 phut
Vong lap 222/250 - Repository: 100 - FE luy ke: 11150 - Thoi gian: 0.3 phut
Vong lap 223/250 - Repository: 100 - FE luy ke: 11200 - Thoi gian: 0.3 phut
Vong lap 224/250 - Repository: 100 - FE luy ke: 11250 - Thoi gian: 0.3 phut
Vong lap 225/250 - Repository: 100 - FE luy ke: 11300 - Thoi gian: 0.3 phut
Vong lap 226/250 - Repository: 100 - FE luy ke: 11350 - Thoi gian: 0.3 phut
Vong lap 227/250 - Repository: 100 - FE luy ke: 11400 - Thoi gian: 0.3 phut
Vong lap 228/250 - Repository: 100 - FE luy ke: 11450 - Thoi gian: 0.4 phut
Vong lap 229/250 - Repository: 100 - FE luy ke: 11500 - Thoi gian: 0.4 phut
Vong lap 230/250 - Repository: 100 - FE luy ke: 11550 - Thoi gian: 0.4 phut
Vong lap 231/250 - Repository: 100 - FE luy ke: 11600 - Thoi gian: 0.4 phut
Vong lap 232/250 - Repository: 100 - FE luy ke: 11650 - Thoi gian: 0.4 phut
Vong lap 233/250 - Repository: 100 - FE luy ke: 11700 - Thoi gian: 0.4 phut
Vong lap 234/250 - Repository: 100 - FE luy ke: 11750 - Thoi gian: 0.4 phut
Vong lap 235/250 - Repository: 100 - FE luy ke: 11800 - Thoi gian: 0.4 phut
Vong lap 236/250 - Repository: 100 - FE luy ke: 11850 - Thoi gian: 0.4 phut
Vong lap 237/250 - Repository: 100 - FE luy ke: 11900 - Thoi gian: 0.4 phut
Vong lap 238/250 - Repository: 100 - FE luy ke: 11950 - Thoi gian: 0.4 phut
Vong lap 239/250 - Repository: 100 - FE luy ke: 12000 - Thoi gian: 0.4 phut
Vong lap 240/250 - Repository: 100 - FE luy ke: 12050 - Thoi gian: 0.4 phut
Vong lap 241/250 - Repository: 100 - FE luy ke: 12100 - Thoi gian: 0.4 phut
Vong lap 242/250 - Repository: 100 - FE luy ke: 12150 - Thoi gian: 0.4 phut
Vong lap 243/250 - Repository: 100 - FE luy ke: 12200 - Thoi gian: 0.4 phut
Vong lap 244/250 - Repository: 100 - FE luy ke: 12250 - Thoi gian: 0.4 phut
Vong lap 245/250 - Repository: 100 - FE luy ke: 12300 - Thoi gian: 0.4 phut
Vong lap 246/250 - Repository: 100 - FE luy ke: 12350 - Thoi gian: 0.4 phut
Vong lap 247/250 - Repository: 100 - FE luy ke: 12400 - Thoi gian: 0.4 phut
Vong lap 248/250 - Repository: 100 - FE luy ke: 12450 - Thoi gian: 0.4 phut
Vong lap 249/250 - Repository: 100 - FE luy ke: 12500 - Thoi gian: 0.4 phut
Vong lap 250/250 - Repository: 100 - FE luy ke: 12550 - Thoi gian: 0.4 phut
HOAN THANH campaign E-MOSFOA. Tong thoi gian: 0.01 gio. So nghiem Pareto: 100
=== E-MOSFOA doc lap lan 25/30 (RunTag=run25) ===
[Wharf100DWT E-MOSFOA - SONG SONG] Np=50 Max_it=250 Nr=100 Num_work=8 (FE uoc tinh=12550)
SUCCESS: The process "SAP2000.exe" with PID 9412 has been terminated. 
SUCCESS: The process "SAP2000.exe" with PID 1696 has been terminated. 
SUCCESS: The process "SAP2000.exe" with PID 27596 has been terminated. 
SUCCESS: The process "SAP2000.exe" with PID 24856 has been terminated. 
SUCCESS: The process "SAP2000.exe" with PID 6344 has been terminated. 
SUCCESS: The process "SAP2000.exe" with PID 13848 has been terminated. 
SUCCESS: The process "SAP2000.exe" with PID 8952 has been terminated. 
SUCCESS: The process "SAP2000.exe" with PID 24148 has been terminated. 
[Warning: Files that have already been attached are being ignored. To see which files are attached see the 'AttachedFiles' property of the parallel pool.] 
Worker 1: 
  wharf100dwt_evaluate: da nap cache tu D:\ResearchLab\02_Projects\02_Projects\MOFDA\Wharf100DWT\results\Wharf100DWT_BRUTEFORCE_FINAL.mat (4080 to hop).
Worker 2: 
  wharf100dwt_evaluate: da nap cache tu D:\ResearchLab\02_Projects\02_Projects\MOFDA\Wharf100DWT\results\Wharf100DWT_BRUTEFORCE_FINAL.mat (4080 to hop).
Worker 3: 
  wharf100dwt_evaluate: da nap cache tu D:\ResearchLab\02_Projects\02_Projects\MOFDA\Wharf100DWT\results\Wharf100DWT_BRUTEFORCE_FINAL.mat (4080 to hop).
Worker 4: 
  wharf100dwt_evaluate: da nap cache tu D:\ResearchLab\02_Projects\02_Projects\MOFDA\Wharf100DWT\results\Wharf100DWT_BRUTEFORCE_FINAL.mat (4080 to hop).
Worker 5: 
  wharf100dwt_evaluate: da nap cache tu D:\ResearchLab\02_Projects\02_Projects\MOFDA\Wharf100DWT\results\Wharf100DWT_BRUTEFORCE_FINAL.mat (4080 to hop).
Worker 6: 
  wharf100dwt_evaluate: da nap cache tu D:\ResearchLab\02_Projects\02_Projects\MOFDA\Wharf100DWT\results\Wharf100DWT_BRUTEFORCE_FINAL.mat (4080 to hop).
Worker 7: 
  wharf100dwt_evaluate: da nap cache tu D:\ResearchLab\02_Projects\02_Projects\MOFDA\Wharf100DWT\results\Wharf100DWT_BRUTEFORCE_FINAL.mat (4080 to hop).
Worker 8: 
  wharf100dwt_evaluate: da nap cache tu D:\ResearchLab\02_Projects\02_Projects\MOFDA\Wharf100DWT\results\Wharf100DWT_BRUTEFORCE_FINAL.mat (4080 to hop).
The he #0 - Kich thuoc Repository: 3
Vong lap 1/250 - Repository: 6 - FE luy ke: 100 - Thoi gian: 0.0 phut
Vong lap 2/250 - Repository: 8 - FE luy ke: 150 - Thoi gian: 0.0 phut
Vong lap 3/250 - Repository: 19 - FE luy ke: 200 - Thoi gian: 0.0 phut
Vong lap 4/250 - Repository: 28 - FE luy ke: 250 - Thoi gian: 0.0 phut
Vong lap 5/250 - Repository: 38 - FE luy ke: 300 - Thoi gian: 0.0 phut
Vong lap 6/250 - Repository: 33 - FE luy ke: 350 - Thoi gian: 0.0 phut
Vong lap 7/250 - Repository: 36 - FE luy ke: 400 - Thoi gian: 0.0 phut
Vong lap 8/250 - Repository: 44 - FE luy ke: 450 - Thoi gian: 0.0 phut
Vong lap 9/250 - Repository: 55 - FE luy ke: 500 - Thoi gian: 0.0 phut
Vong lap 10/250 - Repository: 70 - FE luy ke: 550 - Thoi gian: 0.0 phut
Vong lap 11/250 - Repository: 76 - FE luy ke: 600 - Thoi gian: 0.0 phut
Vong lap 12/250 - Repository: 90 - FE luy ke: 650 - Thoi gian: 0.0 phut
Vong lap 13/250 - Repository: 100 - FE luy ke: 700 - Thoi gian: 0.0 phut
Vong lap 14/250 - Repository: 100 - FE luy ke: 750 - Thoi gian: 0.0 phut
Vong lap 15/250 - Repository: 100 - FE luy ke: 800 - Thoi gian: 0.0 phut
Vong lap 16/250 - Repository: 100 - FE luy ke: 850 - Thoi gian: 0.0 phut
Vong lap 17/250 - Repository: 100 - FE luy ke: 900 - Thoi gian: 0.0 phut
Vong lap 18/250 - Repository: 100 - FE luy ke: 950 - Thoi gian: 0.0 phut
Vong lap 19/250 - Repository: 100 - FE luy ke: 1000 - Thoi gian: 0.0 phut
Vong lap 20/250 - Repository: 100 - FE luy ke: 1050 - Thoi gian: 0.0 phut
Vong lap 21/250 - Repository: 100 - FE luy ke: 1100 - Thoi gian: 0.0 phut
Vong lap 22/250 - Repository: 100 - FE luy ke: 1150 - Thoi gian: 0.0 phut
Vong lap 23/250 - Repository: 100 - FE luy ke: 1200 - Thoi gian: 0.0 phut
Vong lap 24/250 - Repository: 100 - FE luy ke: 1250 - Thoi gian: 0.0 phut
Vong lap 25/250 - Repository: 100 - FE luy ke: 1300 - Thoi gian: 0.0 phut
Vong lap 26/250 - Repository: 100 - FE luy ke: 1350 - Thoi gian: 0.0 phut
Vong lap 27/250 - Repository: 100 - FE luy ke: 1400 - Thoi gian: 0.0 phut
Vong lap 28/250 - Repository: 100 - FE luy ke: 1450 - Thoi gian: 0.0 phut
Vong lap 29/250 - Repository: 100 - FE luy ke: 1500 - Thoi gian: 0.0 phut
Vong lap 30/250 - Repository: 100 - FE luy ke: 1550 - Thoi gian: 0.0 phut
Vong lap 31/250 - Repository: 100 - FE luy ke: 1600 - Thoi gian: 0.0 phut
Vong lap 32/250 - Repository: 100 - FE luy ke: 1650 - Thoi gian: 0.0 phut
Vong lap 33/250 - Repository: 100 - FE luy ke: 1700 - Thoi gian: 0.0 phut
Vong lap 34/250 - Repository: 100 - FE luy ke: 1750 - Thoi gian: 0.0 phut
Vong lap 35/250 - Repository: 100 - FE luy ke: 1800 - Thoi gian: 0.0 phut
Vong lap 36/250 - Repository: 100 - FE luy ke: 1850 - Thoi gian: 0.0 phut
Vong lap 37/250 - Repository: 100 - FE luy ke: 1900 - Thoi gian: 0.1 phut
Vong lap 38/250 - Repository: 100 - FE luy ke: 1950 - Thoi gian: 0.1 phut
Vong lap 39/250 - Repository: 100 - FE luy ke: 2000 - Thoi gian: 0.1 phut
Vong lap 40/250 - Repository: 100 - FE luy ke: 2050 - Thoi gian: 0.1 phut
Vong lap 41/250 - Repository: 100 - FE luy ke: 2100 - Thoi gian: 0.1 phut
Vong lap 42/250 - Repository: 100 - FE luy ke: 2150 - Thoi gian: 0.1 phut
Vong lap 43/250 - Repository: 100 - FE luy ke: 2200 - Thoi gian: 0.1 phut
Vong lap 44/250 - Repository: 100 - FE luy ke: 2250 - Thoi gian: 0.1 phut
Vong lap 45/250 - Repository: 100 - FE luy ke: 2300 - Thoi gian: 0.1 phut
Vong lap 46/250 - Repository: 100 - FE luy ke: 2350 - Thoi gian: 0.1 phut
Vong lap 47/250 - Repository: 100 - FE luy ke: 2400 - Thoi gian: 0.1 phut
Vong lap 48/250 - Repository: 100 - FE luy ke: 2450 - Thoi gian: 0.1 phut
Vong lap 49/250 - Repository: 100 - FE luy ke: 2500 - Thoi gian: 0.1 phut
Vong lap 50/250 - Repository: 100 - FE luy ke: 2550 - Thoi gian: 0.1 phut
Vong lap 51/250 - Repository: 100 - FE luy ke: 2600 - Thoi gian: 0.1 phut
Vong lap 52/250 - Repository: 100 - FE luy ke: 2650 - Thoi gian: 0.1 phut
Vong lap 53/250 - Repository: 100 - FE luy ke: 2700 - Thoi gian: 0.1 phut
Vong lap 54/250 - Repository: 100 - FE luy ke: 2750 - Thoi gian: 0.1 phut
Vong lap 55/250 - Repository: 100 - FE luy ke: 2800 - Thoi gian: 0.1 phut
Vong lap 56/250 - Repository: 100 - FE luy ke: 2850 - Thoi gian: 0.1 phut
Vong lap 57/250 - Repository: 100 - FE luy ke: 2900 - Thoi gian: 0.1 phut
Vong lap 58/250 - Repository: 100 - FE luy ke: 2950 - Thoi gian: 0.1 phut
Vong lap 59/250 - Repository: 100 - FE luy ke: 3000 - Thoi gian: 0.1 phut
Vong lap 60/250 - Repository: 100 - FE luy ke: 3050 - Thoi gian: 0.1 phut
Vong lap 61/250 - Repository: 100 - FE luy ke: 3100 - Thoi gian: 0.1 phut
Vong lap 62/250 - Repository: 100 - FE luy ke: 3150 - Thoi gian: 0.1 phut
Vong lap 63/250 - Repository: 100 - FE luy ke: 3200 - Thoi gian: 0.1 phut
Vong lap 64/250 - Repository: 100 - FE luy ke: 3250 - Thoi gian: 0.1 phut
Vong lap 65/250 - Repository: 100 - FE luy ke: 3300 - Thoi gian: 0.1 phut
Vong lap 66/250 - Repository: 100 - FE luy ke: 3350 - Thoi gian: 0.1 phut
Vong lap 67/250 - Repository: 100 - FE luy ke: 3400 - Thoi gian: 0.1 phut
Vong lap 68/250 - Repository: 100 - FE luy ke: 3450 - Thoi gian: 0.1 phut
Vong lap 69/250 - Repository: 100 - FE luy ke: 3500 - Thoi gian: 0.1 phut
Vong lap 70/250 - Repository: 100 - FE luy ke: 3550 - Thoi gian: 0.1 phut
Vong lap 71/250 - Repository: 100 - FE luy ke: 3600 - Thoi gian: 0.1 phut
Vong lap 72/250 - Repository: 100 - FE luy ke: 3650 - Thoi gian: 0.1 phut
Vong lap 73/250 - Repository: 100 - FE luy ke: 3700 - Thoi gian: 0.1 phut
Vong lap 74/250 - Repository: 100 - FE luy ke: 3750 - Thoi gian: 0.1 phut
Vong lap 75/250 - Repository: 100 - FE luy ke: 3800 - Thoi gian: 0.1 phut
Vong lap 76/250 - Repository: 100 - FE luy ke: 3850 - Thoi gian: 0.1 phut
Vong lap 77/250 - Repository: 100 - FE luy ke: 3900 - Thoi gian: 0.1 phut
Vong lap 78/250 - Repository: 100 - FE luy ke: 3950 - Thoi gian: 0.1 phut
Vong lap 79/250 - Repository: 100 - FE luy ke: 4000 - Thoi gian: 0.1 phut
Vong lap 80/250 - Repository: 100 - FE luy ke: 4050 - Thoi gian: 0.1 phut
Vong lap 81/250 - Repository: 100 - FE luy ke: 4100 - Thoi gian: 0.1 phut
Vong lap 82/250 - Repository: 100 - FE luy ke: 4150 - Thoi gian: 0.1 phut
Vong lap 83/250 - Repository: 100 - FE luy ke: 4200 - Thoi gian: 0.1 phut
Vong lap 84/250 - Repository: 100 - FE luy ke: 4250 - Thoi gian: 0.1 phut
Vong lap 85/250 - Repository: 100 - FE luy ke: 4300 - Thoi gian: 0.1 phut
Vong lap 86/250 - Repository: 100 - FE luy ke: 4350 - Thoi gian: 0.1 phut
Vong lap 87/250 - Repository: 100 - FE luy ke: 4400 - Thoi gian: 0.1 phut
Vong lap 88/250 - Repository: 100 - FE luy ke: 4450 - Thoi gian: 0.1 phut
Vong lap 89/250 - Repository: 100 - FE luy ke: 4500 - Thoi gian: 0.1 phut
Vong lap 90/250 - Repository: 100 - FE luy ke: 4550 - Thoi gian: 0.1 phut
Vong lap 91/250 - Repository: 100 - FE luy ke: 4600 - Thoi gian: 0.1 phut
Vong lap 92/250 - Repository: 100 - FE luy ke: 4650 - Thoi gian: 0.1 phut
Vong lap 93/250 - Repository: 100 - FE luy ke: 4700 - Thoi gian: 0.1 phut
Vong lap 94/250 - Repository: 100 - FE luy ke: 4750 - Thoi gian: 0.1 phut
Vong lap 95/250 - Repository: 100 - FE luy ke: 4800 - Thoi gian: 0.1 phut
Vong lap 96/250 - Repository: 100 - FE luy ke: 4850 - Thoi gian: 0.1 phut
Vong lap 97/250 - Repository: 100 - FE luy ke: 4900 - Thoi gian: 0.1 phut
Vong lap 98/250 - Repository: 100 - FE luy ke: 4950 - Thoi gian: 0.1 phut
Vong lap 99/250 - Repository: 100 - FE luy ke: 5000 - Thoi gian: 0.1 phut
Vong lap 100/250 - Repository: 100 - FE luy ke: 5050 - Thoi gian: 0.1 phut
Vong lap 101/250 - Repository: 100 - FE luy ke: 5100 - Thoi gian: 0.1 phut
Vong lap 102/250 - Repository: 100 - FE luy ke: 5150 - Thoi gian: 0.1 phut
Vong lap 103/250 - Repository: 100 - FE luy ke: 5200 - Thoi gian: 0.1 phut
Vong lap 104/250 - Repository: 100 - FE luy ke: 5250 - Thoi gian: 0.1 phut
Vong lap 105/250 - Repository: 100 - FE luy ke: 5300 - Thoi gian: 0.2 phut
Vong lap 106/250 - Repository: 100 - FE luy ke: 5350 - Thoi gian: 0.2 phut
Vong lap 107/250 - Repository: 100 - FE luy ke: 5400 - Thoi gian: 0.2 phut
Vong lap 108/250 - Repository: 100 - FE luy ke: 5450 - Thoi gian: 0.2 phut
Vong lap 109/250 - Repository: 100 - FE luy ke: 5500 - Thoi gian: 0.2 phut
Vong lap 110/250 - Repository: 100 - FE luy ke: 5550 - Thoi gian: 0.2 phut
Vong lap 111/250 - Repository: 100 - FE luy ke: 5600 - Thoi gian: 0.2 phut
Vong lap 112/250 - Repository: 100 - FE luy ke: 5650 - Thoi gian: 0.2 phut
Vong lap 113/250 - Repository: 100 - FE luy ke: 5700 - Thoi gian: 0.2 phut
Vong lap 114/250 - Repository: 100 - FE luy ke: 5750 - Thoi gian: 0.2 phut
Vong lap 115/250 - Repository: 100 - FE luy ke: 5800 - Thoi gian: 0.2 phut
Vong lap 116/250 - Repository: 100 - FE luy ke: 5850 - Thoi gian: 0.2 phut
Vong lap 117/250 - Repository: 100 - FE luy ke: 5900 - Thoi gian: 0.2 phut
Vong lap 118/250 - Repository: 100 - FE luy ke: 5950 - Thoi gian: 0.2 phut
Vong lap 119/250 - Repository: 100 - FE luy ke: 6000 - Thoi gian: 0.2 phut
Vong lap 120/250 - Repository: 100 - FE luy ke: 6050 - Thoi gian: 0.2 phut
Vong lap 121/250 - Repository: 100 - FE luy ke: 6100 - Thoi gian: 0.2 phut
Vong lap 122/250 - Repository: 100 - FE luy ke: 6150 - Thoi gian: 0.2 phut
Vong lap 123/250 - Repository: 100 - FE luy ke: 6200 - Thoi gian: 0.2 phut
Vong lap 124/250 - Repository: 100 - FE luy ke: 6250 - Thoi gian: 0.2 phut
Vong lap 125/250 - Repository: 100 - FE luy ke: 6300 - Thoi gian: 0.2 phut
Vong lap 126/250 - Repository: 100 - FE luy ke: 6350 - Thoi gian: 0.2 phut
Vong lap 127/250 - Repository: 100 - FE luy ke: 6400 - Thoi gian: 0.2 phut
Vong lap 128/250 - Repository: 100 - FE luy ke: 6450 - Thoi gian: 0.2 phut
Vong lap 129/250 - Repository: 100 - FE luy ke: 6500 - Thoi gian: 0.2 phut
Vong lap 130/250 - Repository: 100 - FE luy ke: 6550 - Thoi gian: 0.2 phut
Vong lap 131/250 - Repository: 100 - FE luy ke: 6600 - Thoi gian: 0.2 phut
Vong lap 132/250 - Repository: 100 - FE luy ke: 6650 - Thoi gian: 0.2 phut
Vong lap 133/250 - Repository: 100 - FE luy ke: 6700 - Thoi gian: 0.2 phut
Vong lap 134/250 - Repository: 100 - FE luy ke: 6750 - Thoi gian: 0.2 phut
Vong lap 135/250 - Repository: 100 - FE luy ke: 6800 - Thoi gian: 0.2 phut
Vong lap 136/250 - Repository: 100 - FE luy ke: 6850 - Thoi gian: 0.2 phut
Vong lap 137/250 - Repository: 100 - FE luy ke: 6900 - Thoi gian: 0.2 phut
Vong lap 138/250 - Repository: 100 - FE luy ke: 6950 - Thoi gian: 0.2 phut
Vong lap 139/250 - Repository: 100 - FE luy ke: 7000 - Thoi gian: 0.2 phut
Vong lap 140/250 - Repository: 100 - FE luy ke: 7050 - Thoi gian: 0.2 phut
Vong lap 141/250 - Repository: 100 - FE luy ke: 7100 - Thoi gian: 0.2 phut
Vong lap 142/250 - Repository: 100 - FE luy ke: 7150 - Thoi gian: 0.2 phut
Vong lap 143/250 - Repository: 100 - FE luy ke: 7200 - Thoi gian: 0.2 phut
Vong lap 144/250 - Repository: 100 - FE luy ke: 7250 - Thoi gian: 0.2 phut
Vong lap 145/250 - Repository: 100 - FE luy ke: 7300 - Thoi gian: 0.2 phut
Vong lap 146/250 - Repository: 100 - FE luy ke: 7350 - Thoi gian: 0.2 phut
Vong lap 147/250 - Repository: 100 - FE luy ke: 7400 - Thoi gian: 0.2 phut
Vong lap 148/250 - Repository: 100 - FE luy ke: 7450 - Thoi gian: 0.2 phut
Vong lap 149/250 - Repository: 100 - FE luy ke: 7500 - Thoi gian: 0.2 phut
Vong lap 150/250 - Repository: 100 - FE luy ke: 7550 - Thoi gian: 0.2 phut
Vong lap 151/250 - Repository: 100 - FE luy ke: 7600 - Thoi gian: 0.2 phut
Vong lap 152/250 - Repository: 100 - FE luy ke: 7650 - Thoi gian: 0.2 phut
Vong lap 153/250 - Repository: 100 - FE luy ke: 7700 - Thoi gian: 0.2 phut
Vong lap 154/250 - Repository: 100 - FE luy ke: 7750 - Thoi gian: 0.2 phut
Vong lap 155/250 - Repository: 100 - FE luy ke: 7800 - Thoi gian: 0.2 phut
Vong lap 156/250 - Repository: 100 - FE luy ke: 7850 - Thoi gian: 0.2 phut
Vong lap 157/250 - Repository: 100 - FE luy ke: 7900 - Thoi gian: 0.2 phut
Vong lap 158/250 - Repository: 100 - FE luy ke: 7950 - Thoi gian: 0.2 phut
Vong lap 159/250 - Repository: 100 - FE luy ke: 8000 - Thoi gian: 0.2 phut
Vong lap 160/250 - Repository: 100 - FE luy ke: 8050 - Thoi gian: 0.2 phut
Vong lap 161/250 - Repository: 100 - FE luy ke: 8100 - Thoi gian: 0.2 phut
Vong lap 162/250 - Repository: 100 - FE luy ke: 8150 - Thoi gian: 0.2 phut
Vong lap 163/250 - Repository: 100 - FE luy ke: 8200 - Thoi gian: 0.2 phut
Vong lap 164/250 - Repository: 100 - FE luy ke: 8250 - Thoi gian: 0.2 phut
Vong lap 165/250 - Repository: 100 - FE luy ke: 8300 - Thoi gian: 0.2 phut
Vong lap 166/250 - Repository: 100 - FE luy ke: 8350 - Thoi gian: 0.2 phut
Vong lap 167/250 - Repository: 100 - FE luy ke: 8400 - Thoi gian: 0.2 phut
Vong lap 168/250 - Repository: 100 - FE luy ke: 8450 - Thoi gian: 0.2 phut
Vong lap 169/250 - Repository: 100 - FE luy ke: 8500 - Thoi gian: 0.3 phut
Vong lap 170/250 - Repository: 100 - FE luy ke: 8550 - Thoi gian: 0.3 phut
Vong lap 171/250 - Repository: 100 - FE luy ke: 8600 - Thoi gian: 0.3 phut
Vong lap 172/250 - Repository: 100 - FE luy ke: 8650 - Thoi gian: 0.3 phut
Vong lap 173/250 - Repository: 100 - FE luy ke: 8700 - Thoi gian: 0.3 phut
Vong lap 174/250 - Repository: 100 - FE luy ke: 8750 - Thoi gian: 0.3 phut
Vong lap 175/250 - Repository: 100 - FE luy ke: 8800 - Thoi gian: 0.3 phut
Vong lap 176/250 - Repository: 100 - FE luy ke: 8850 - Thoi gian: 0.3 phut
Vong lap 177/250 - Repository: 100 - FE luy ke: 8900 - Thoi gian: 0.3 phut
Vong lap 178/250 - Repository: 100 - FE luy ke: 8950 - Thoi gian: 0.3 phut
Vong lap 179/250 - Repository: 100 - FE luy ke: 9000 - Thoi gian: 0.3 phut
Vong lap 180/250 - Repository: 100 - FE luy ke: 9050 - Thoi gian: 0.3 phut
Vong lap 181/250 - Repository: 100 - FE luy ke: 9100 - Thoi gian: 0.3 phut
Vong lap 182/250 - Repository: 100 - FE luy ke: 9150 - Thoi gian: 0.3 phut
Vong lap 183/250 - Repository: 100 - FE luy ke: 9200 - Thoi gian: 0.3 phut
Vong lap 184/250 - Repository: 100 - FE luy ke: 9250 - Thoi gian: 0.3 phut
Vong lap 185/250 - Repository: 100 - FE luy ke: 9300 - Thoi gian: 0.3 phut
Vong lap 186/250 - Repository: 100 - FE luy ke: 9350 - Thoi gian: 0.3 phut
Vong lap 187/250 - Repository: 100 - FE luy ke: 9400 - Thoi gian: 0.3 phut
Vong lap 188/250 - Repository: 100 - FE luy ke: 9450 - Thoi gian: 0.3 phut
Vong lap 189/250 - Repository: 100 - FE luy ke: 9500 - Thoi gian: 0.3 phut
Vong lap 190/250 - Repository: 100 - FE luy ke: 9550 - Thoi gian: 0.3 phut
Vong lap 191/250 - Repository: 100 - FE luy ke: 9600 - Thoi gian: 0.3 phut
Vong lap 192/250 - Repository: 100 - FE luy ke: 9650 - Thoi gian: 0.3 phut
Vong lap 193/250 - Repository: 100 - FE luy ke: 9700 - Thoi gian: 0.3 phut
Vong lap 194/250 - Repository: 100 - FE luy ke: 9750 - Thoi gian: 0.3 phut
Vong lap 195/250 - Repository: 100 - FE luy ke: 9800 - Thoi gian: 0.3 phut
Vong lap 196/250 - Repository: 100 - FE luy ke: 9850 - Thoi gian: 0.3 phut
Vong lap 197/250 - Repository: 100 - FE luy ke: 9900 - Thoi gian: 0.3 phut
Vong lap 198/250 - Repository: 100 - FE luy ke: 9950 - Thoi gian: 0.3 phut
Vong lap 199/250 - Repository: 100 - FE luy ke: 10000 - Thoi gian: 0.3 phut
Vong lap 200/250 - Repository: 100 - FE luy ke: 10050 - Thoi gian: 0.3 phut
Vong lap 201/250 - Repository: 100 - FE luy ke: 10100 - Thoi gian: 0.3 phut
Vong lap 202/250 - Repository: 100 - FE luy ke: 10150 - Thoi gian: 0.3 phut
Vong lap 203/250 - Repository: 100 - FE luy ke: 10200 - Thoi gian: 0.3 phut
Vong lap 204/250 - Repository: 100 - FE luy ke: 10250 - Thoi gian: 0.3 phut
Vong lap 205/250 - Repository: 100 - FE luy ke: 10300 - Thoi gian: 0.3 phut
Vong lap 206/250 - Repository: 100 - FE luy ke: 10350 - Thoi gian: 0.3 phut
Vong lap 207/250 - Repository: 100 - FE luy ke: 10400 - Thoi gian: 0.3 phut
Vong lap 208/250 - Repository: 100 - FE luy ke: 10450 - Thoi gian: 0.3 phut
Vong lap 209/250 - Repository: 100 - FE luy ke: 10500 - Thoi gian: 0.3 phut
Vong lap 210/250 - Repository: 100 - FE luy ke: 10550 - Thoi gian: 0.3 phut
Vong lap 211/250 - Repository: 100 - FE luy ke: 10600 - Thoi gian: 0.3 phut
Vong lap 212/250 - Repository: 100 - FE luy ke: 10650 - Thoi gian: 0.3 phut
Vong lap 213/250 - Repository: 100 - FE luy ke: 10700 - Thoi gian: 0.3 phut
Vong lap 214/250 - Repository: 100 - FE luy ke: 10750 - Thoi gian: 0.3 phut
Vong lap 215/250 - Repository: 100 - FE luy ke: 10800 - Thoi gian: 0.3 phut
Vong lap 216/250 - Repository: 100 - FE luy ke: 10850 - Thoi gian: 0.3 phut
Vong lap 217/250 - Repository: 100 - FE luy ke: 10900 - Thoi gian: 0.3 phut
Vong lap 218/250 - Repository: 100 - FE luy ke: 10950 - Thoi gian: 0.3 phut
Vong lap 219/250 - Repository: 100 - FE luy ke: 11000 - Thoi gian: 0.3 phut
Vong lap 220/250 - Repository: 100 - FE luy ke: 11050 - Thoi gian: 0.3 phut
Vong lap 221/250 - Repository: 100 - FE luy ke: 11100 - Thoi gian: 0.3 phut
Vong lap 222/250 - Repository: 100 - FE luy ke: 11150 - Thoi gian: 0.3 phut
Vong lap 223/250 - Repository: 100 - FE luy ke: 11200 - Thoi gian: 0.3 phut
Vong lap 224/250 - Repository: 100 - FE luy ke: 11250 - Thoi gian: 0.3 phut
Vong lap 225/250 - Repository: 100 - FE luy ke: 11300 - Thoi gian: 0.3 phut
Vong lap 226/250 - Repository: 100 - FE luy ke: 11350 - Thoi gian: 0.3 phut
Vong lap 227/250 - Repository: 100 - FE luy ke: 11400 - Thoi gian: 0.3 phut
Vong lap 228/250 - Repository: 100 - FE luy ke: 11450 - Thoi gian: 0.3 phut
Vong lap 229/250 - Repository: 100 - FE luy ke: 11500 - Thoi gian: 0.4 phut
Vong lap 230/250 - Repository: 100 - FE luy ke: 11550 - Thoi gian: 0.4 phut
Vong lap 231/250 - Repository: 100 - FE luy ke: 11600 - Thoi gian: 0.4 phut
Vong lap 232/250 - Repository: 100 - FE luy ke: 11650 - Thoi gian: 0.4 phut
Vong lap 233/250 - Repository: 100 - FE luy ke: 11700 - Thoi gian: 0.4 phut
Vong lap 234/250 - Repository: 100 - FE luy ke: 11750 - Thoi gian: 0.4 phut
Vong lap 235/250 - Repository: 100 - FE luy ke: 11800 - Thoi gian: 0.4 phut
Vong lap 236/250 - Repository: 100 - FE luy ke: 11850 - Thoi gian: 0.4 phut
Vong lap 237/250 - Repository: 100 - FE luy ke: 11900 - Thoi gian: 0.4 phut
Vong lap 238/250 - Repository: 100 - FE luy ke: 11950 - Thoi gian: 0.4 phut
Vong lap 239/250 - Repository: 100 - FE luy ke: 12000 - Thoi gian: 0.4 phut
Vong lap 240/250 - Repository: 100 - FE luy ke: 12050 - Thoi gian: 0.4 phut
Vong lap 241/250 - Repository: 100 - FE luy ke: 12100 - Thoi gian: 0.4 phut
Vong lap 242/250 - Repository: 100 - FE luy ke: 12150 - Thoi gian: 0.4 phut
Vong lap 243/250 - Repository: 100 - FE luy ke: 12200 - Thoi gian: 0.4 phut
Vong lap 244/250 - Repository: 100 - FE luy ke: 12250 - Thoi gian: 0.4 phut
Vong lap 245/250 - Repository: 100 - FE luy ke: 12300 - Thoi gian: 0.4 phut
Vong lap 246/250 - Repository: 100 - FE luy ke: 12350 - Thoi gian: 0.4 phut
Vong lap 247/250 - Repository: 100 - FE luy ke: 12400 - Thoi gian: 0.4 phut
Vong lap 248/250 - Repository: 100 - FE luy ke: 12450 - Thoi gian: 0.4 phut
Vong lap 249/250 - Repository: 100 - FE luy ke: 12500 - Thoi gian: 0.4 phut
Vong lap 250/250 - Repository: 100 - FE luy ke: 12550 - Thoi gian: 0.4 phut
HOAN THANH campaign E-MOSFOA. Tong thoi gian: 0.01 gio. So nghiem Pareto: 100
=== E-MOSFOA doc lap lan 26/30 (RunTag=run26) ===
[Wharf100DWT E-MOSFOA - SONG SONG] Np=50 Max_it=250 Nr=100 Num_work=8 (FE uoc tinh=12550)
SUCCESS: The process "SAP2000.exe" with PID 9840 has been terminated. 
SUCCESS: The process "SAP2000.exe" with PID 27256 has been terminated. 
SUCCESS: The process "SAP2000.exe" with PID 27368 has been terminated. 
SUCCESS: The process "SAP2000.exe" with PID 17524 has been terminated. 
SUCCESS: The process "SAP2000.exe" with PID 14964 has been terminated. 
SUCCESS: The process "SAP2000.exe" with PID 11580 has been terminated. 
SUCCESS: The process "SAP2000.exe" with PID 6020 has been terminated. 
SUCCESS: The process "SAP2000.exe" with PID 27424 has been terminated. 
[Warning: Files that have already been attached are being ignored. To see which files are attached see the 'AttachedFiles' property of the parallel pool.] 
Worker 1: 
  wharf100dwt_evaluate: da nap cache tu D:\ResearchLab\02_Projects\02_Projects\MOFDA\Wharf100DWT\results\Wharf100DWT_BRUTEFORCE_FINAL.mat (4080 to hop).
Worker 2: 
  wharf100dwt_evaluate: da nap cache tu D:\ResearchLab\02_Projects\02_Projects\MOFDA\Wharf100DWT\results\Wharf100DWT_BRUTEFORCE_FINAL.mat (4080 to hop).
Worker 3: 
  wharf100dwt_evaluate: da nap cache tu D:\ResearchLab\02_Projects\02_Projects\MOFDA\Wharf100DWT\results\Wharf100DWT_BRUTEFORCE_FINAL.mat (4080 to hop).
Worker 4: 
  wharf100dwt_evaluate: da nap cache tu D:\ResearchLab\02_Projects\02_Projects\MOFDA\Wharf100DWT\results\Wharf100DWT_BRUTEFORCE_FINAL.mat (4080 to hop).
Worker 5: 
  wharf100dwt_evaluate: da nap cache tu D:\ResearchLab\02_Projects\02_Projects\MOFDA\Wharf100DWT\results\Wharf100DWT_BRUTEFORCE_FINAL.mat (4080 to hop).
Worker 6: 
  wharf100dwt_evaluate: da nap cache tu D:\ResearchLab\02_Projects\02_Projects\MOFDA\Wharf100DWT\results\Wharf100DWT_BRUTEFORCE_FINAL.mat (4080 to hop).
Worker 7: 
  wharf100dwt_evaluate: da nap cache tu D:\ResearchLab\02_Projects\02_Projects\MOFDA\Wharf100DWT\results\Wharf100DWT_BRUTEFORCE_FINAL.mat (4080 to hop).
Worker 8: 
  wharf100dwt_evaluate: da nap cache tu D:\ResearchLab\02_Projects\02_Projects\MOFDA\Wharf100DWT\results\Wharf100DWT_BRUTEFORCE_FINAL.mat (4080 to hop).
The he #0 - Kich thuoc Repository: 1
Vong lap 1/250 - Repository: 5 - FE luy ke: 100 - Thoi gian: 0.0 phut
Vong lap 2/250 - Repository: 11 - FE luy ke: 150 - Thoi gian: 0.0 phut
Vong lap 3/250 - Repository: 15 - FE luy ke: 200 - Thoi gian: 0.0 phut
Vong lap 4/250 - Repository: 19 - FE luy ke: 250 - Thoi gian: 0.0 phut
Vong lap 5/250 - Repository: 33 - FE luy ke: 300 - Thoi gian: 0.0 phut
Vong lap 6/250 - Repository: 42 - FE luy ke: 350 - Thoi gian: 0.0 phut
Vong lap 7/250 - Repository: 47 - FE luy ke: 400 - Thoi gian: 0.0 phut
Vong lap 8/250 - Repository: 64 - FE luy ke: 450 - Thoi gian: 0.0 phut
Vong lap 9/250 - Repository: 85 - FE luy ke: 500 - Thoi gian: 0.0 phut
Vong lap 10/250 - Repository: 100 - FE luy ke: 550 - Thoi gian: 0.0 phut
Vong lap 11/250 - Repository: 100 - FE luy ke: 600 - Thoi gian: 0.0 phut
Vong lap 12/250 - Repository: 100 - FE luy ke: 650 - Thoi gian: 0.0 phut
Vong lap 13/250 - Repository: 100 - FE luy ke: 700 - Thoi gian: 0.0 phut
Vong lap 14/250 - Repository: 100 - FE luy ke: 750 - Thoi gian: 0.0 phut
Vong lap 15/250 - Repository: 100 - FE luy ke: 800 - Thoi gian: 0.0 phut
Vong lap 16/250 - Repository: 100 - FE luy ke: 850 - Thoi gian: 0.0 phut
Vong lap 17/250 - Repository: 100 - FE luy ke: 900 - Thoi gian: 0.0 phut
Vong lap 18/250 - Repository: 100 - FE luy ke: 950 - Thoi gian: 0.0 phut
Vong lap 19/250 - Repository: 100 - FE luy ke: 1000 - Thoi gian: 0.0 phut
Vong lap 20/250 - Repository: 100 - FE luy ke: 1050 - Thoi gian: 0.0 phut
Vong lap 21/250 - Repository: 100 - FE luy ke: 1100 - Thoi gian: 0.0 phut
Vong lap 22/250 - Repository: 100 - FE luy ke: 1150 - Thoi gian: 0.0 phut
Vong lap 23/250 - Repository: 100 - FE luy ke: 1200 - Thoi gian: 0.0 phut
Vong lap 24/250 - Repository: 100 - FE luy ke: 1250 - Thoi gian: 0.0 phut
Vong lap 25/250 - Repository: 100 - FE luy ke: 1300 - Thoi gian: 0.0 phut
Vong lap 26/250 - Repository: 100 - FE luy ke: 1350 - Thoi gian: 0.0 phut
Vong lap 27/250 - Repository: 100 - FE luy ke: 1400 - Thoi gian: 0.0 phut
Vong lap 28/250 - Repository: 100 - FE luy ke: 1450 - Thoi gian: 0.0 phut
Vong lap 29/250 - Repository: 100 - FE luy ke: 1500 - Thoi gian: 0.0 phut
Vong lap 30/250 - Repository: 100 - FE luy ke: 1550 - Thoi gian: 0.0 phut
Vong lap 31/250 - Repository: 100 - FE luy ke: 1600 - Thoi gian: 0.0 phut
Vong lap 32/250 - Repository: 100 - FE luy ke: 1650 - Thoi gian: 0.0 phut
Vong lap 33/250 - Repository: 100 - FE luy ke: 1700 - Thoi gian: 0.0 phut
Vong lap 34/250 - Repository: 100 - FE luy ke: 1750 - Thoi gian: 0.0 phut
Vong lap 35/250 - Repository: 100 - FE luy ke: 1800 - Thoi gian: 0.0 phut
Vong lap 36/250 - Repository: 100 - FE luy ke: 1850 - Thoi gian: 0.0 phut
Vong lap 37/250 - Repository: 100 - FE luy ke: 1900 - Thoi gian: 0.1 phut
Vong lap 38/250 - Repository: 100 - FE luy ke: 1950 - Thoi gian: 0.1 phut
Vong lap 39/250 - Repository: 100 - FE luy ke: 2000 - Thoi gian: 0.1 phut
Vong lap 40/250 - Repository: 100 - FE luy ke: 2050 - Thoi gian: 0.1 phut
Vong lap 41/250 - Repository: 100 - FE luy ke: 2100 - Thoi gian: 0.1 phut
Vong lap 42/250 - Repository: 100 - FE luy ke: 2150 - Thoi gian: 0.1 phut
Vong lap 43/250 - Repository: 100 - FE luy ke: 2200 - Thoi gian: 0.1 phut
Vong lap 44/250 - Repository: 100 - FE luy ke: 2250 - Thoi gian: 0.1 phut
Vong lap 45/250 - Repository: 100 - FE luy ke: 2300 - Thoi gian: 0.1 phut
Vong lap 46/250 - Repository: 100 - FE luy ke: 2350 - Thoi gian: 0.1 phut
Vong lap 47/250 - Repository: 100 - FE luy ke: 2400 - Thoi gian: 0.1 phut
Vong lap 48/250 - Repository: 100 - FE luy ke: 2450 - Thoi gian: 0.1 phut
Vong lap 49/250 - Repository: 100 - FE luy ke: 2500 - Thoi gian: 0.1 phut
Vong lap 50/250 - Repository: 100 - FE luy ke: 2550 - Thoi gian: 0.1 phut
Vong lap 51/250 - Repository: 100 - FE luy ke: 2600 - Thoi gian: 0.1 phut
Vong lap 52/250 - Repository: 100 - FE luy ke: 2650 - Thoi gian: 0.1 phut
Vong lap 53/250 - Repository: 100 - FE luy ke: 2700 - Thoi gian: 0.1 phut
Vong lap 54/250 - Repository: 100 - FE luy ke: 2750 - Thoi gian: 0.1 phut
Vong lap 55/250 - Repository: 100 - FE luy ke: 2800 - Thoi gian: 0.1 phut
Vong lap 56/250 - Repository: 100 - FE luy ke: 2850 - Thoi gian: 0.1 phut
Vong lap 57/250 - Repository: 100 - FE luy ke: 2900 - Thoi gian: 0.1 phut
Vong lap 58/250 - Repository: 100 - FE luy ke: 2950 - Thoi gian: 0.1 phut
Vong lap 59/250 - Repository: 100 - FE luy ke: 3000 - Thoi gian: 0.1 phut
Vong lap 60/250 - Repository: 100 - FE luy ke: 3050 - Thoi gian: 0.1 phut
Vong lap 61/250 - Repository: 100 - FE luy ke: 3100 - Thoi gian: 0.1 phut
Vong lap 62/250 - Repository: 100 - FE luy ke: 3150 - Thoi gian: 0.1 phut
Vong lap 63/250 - Repository: 100 - FE luy ke: 3200 - Thoi gian: 0.1 phut
Vong lap 64/250 - Repository: 100 - FE luy ke: 3250 - Thoi gian: 0.1 phut
Vong lap 65/250 - Repository: 100 - FE luy ke: 3300 - Thoi gian: 0.1 phut
Vong lap 66/250 - Repository: 100 - FE luy ke: 3350 - Thoi gian: 0.1 phut
Vong lap 67/250 - Repository: 100 - FE luy ke: 3400 - Thoi gian: 0.1 phut
Vong lap 68/250 - Repository: 100 - FE luy ke: 3450 - Thoi gian: 0.1 phut
Vong lap 69/250 - Repository: 100 - FE luy ke: 3500 - Thoi gian: 0.1 phut
Vong lap 70/250 - Repository: 100 - FE luy ke: 3550 - Thoi gian: 0.1 phut
Vong lap 71/250 - Repository: 100 - FE luy ke: 3600 - Thoi gian: 0.1 phut
Vong lap 72/250 - Repository: 100 - FE luy ke: 3650 - Thoi gian: 0.1 phut
Vong lap 73/250 - Repository: 100 - FE luy ke: 3700 - Thoi gian: 0.1 phut
Vong lap 74/250 - Repository: 100 - FE luy ke: 3750 - Thoi gian: 0.1 phut
Vong lap 75/250 - Repository: 100 - FE luy ke: 3800 - Thoi gian: 0.1 phut
Vong lap 76/250 - Repository: 100 - FE luy ke: 3850 - Thoi gian: 0.1 phut
Vong lap 77/250 - Repository: 100 - FE luy ke: 3900 - Thoi gian: 0.1 phut
Vong lap 78/250 - Repository: 100 - FE luy ke: 3950 - Thoi gian: 0.1 phut
Vong lap 79/250 - Repository: 100 - FE luy ke: 4000 - Thoi gian: 0.1 phut
Vong lap 80/250 - Repository: 100 - FE luy ke: 4050 - Thoi gian: 0.1 phut
Vong lap 81/250 - Repository: 100 - FE luy ke: 4100 - Thoi gian: 0.1 phut
Vong lap 82/250 - Repository: 100 - FE luy ke: 4150 - Thoi gian: 0.1 phut
Vong lap 83/250 - Repository: 100 - FE luy ke: 4200 - Thoi gian: 0.1 phut
Vong lap 84/250 - Repository: 100 - FE luy ke: 4250 - Thoi gian: 0.1 phut
Vong lap 85/250 - Repository: 100 - FE luy ke: 4300 - Thoi gian: 0.1 phut
Vong lap 86/250 - Repository: 100 - FE luy ke: 4350 - Thoi gian: 0.1 phut
Vong lap 87/250 - Repository: 100 - FE luy ke: 4400 - Thoi gian: 0.1 phut
Vong lap 88/250 - Repository: 100 - FE luy ke: 4450 - Thoi gian: 0.1 phut
Vong lap 89/250 - Repository: 100 - FE luy ke: 4500 - Thoi gian: 0.1 phut
Vong lap 90/250 - Repository: 100 - FE luy ke: 4550 - Thoi gian: 0.1 phut
Vong lap 91/250 - Repository: 100 - FE luy ke: 4600 - Thoi gian: 0.1 phut
Vong lap 92/250 - Repository: 100 - FE luy ke: 4650 - Thoi gian: 0.1 phut
Vong lap 93/250 - Repository: 100 - FE luy ke: 4700 - Thoi gian: 0.1 phut
Vong lap 94/250 - Repository: 100 - FE luy ke: 4750 - Thoi gian: 0.1 phut
Vong lap 95/250 - Repository: 100 - FE luy ke: 4800 - Thoi gian: 0.1 phut
Vong lap 96/250 - Repository: 100 - FE luy ke: 4850 - Thoi gian: 0.1 phut
Vong lap 97/250 - Repository: 100 - FE luy ke: 4900 - Thoi gian: 0.1 phut
Vong lap 98/250 - Repository: 100 - FE luy ke: 4950 - Thoi gian: 0.1 phut
Vong lap 99/250 - Repository: 100 - FE luy ke: 5000 - Thoi gian: 0.1 phut
Vong lap 100/250 - Repository: 100 - FE luy ke: 5050 - Thoi gian: 0.1 phut
Vong lap 101/250 - Repository: 100 - FE luy ke: 5100 - Thoi gian: 0.1 phut
Vong lap 102/250 - Repository: 100 - FE luy ke: 5150 - Thoi gian: 0.1 phut
Vong lap 103/250 - Repository: 100 - FE luy ke: 5200 - Thoi gian: 0.1 phut
Vong lap 104/250 - Repository: 100 - FE luy ke: 5250 - Thoi gian: 0.1 phut
Vong lap 105/250 - Repository: 100 - FE luy ke: 5300 - Thoi gian: 0.2 phut
Vong lap 106/250 - Repository: 100 - FE luy ke: 5350 - Thoi gian: 0.2 phut
Vong lap 107/250 - Repository: 100 - FE luy ke: 5400 - Thoi gian: 0.2 phut
Vong lap 108/250 - Repository: 100 - FE luy ke: 5450 - Thoi gian: 0.2 phut
Vong lap 109/250 - Repository: 100 - FE luy ke: 5500 - Thoi gian: 0.2 phut
Vong lap 110/250 - Repository: 100 - FE luy ke: 5550 - Thoi gian: 0.2 phut
Vong lap 111/250 - Repository: 100 - FE luy ke: 5600 - Thoi gian: 0.2 phut
Vong lap 112/250 - Repository: 100 - FE luy ke: 5650 - Thoi gian: 0.2 phut
Vong lap 113/250 - Repository: 100 - FE luy ke: 5700 - Thoi gian: 0.2 phut
Vong lap 114/250 - Repository: 100 - FE luy ke: 5750 - Thoi gian: 0.2 phut
Vong lap 115/250 - Repository: 100 - FE luy ke: 5800 - Thoi gian: 0.2 phut
Vong lap 116/250 - Repository: 100 - FE luy ke: 5850 - Thoi gian: 0.2 phut
Vong lap 117/250 - Repository: 100 - FE luy ke: 5900 - Thoi gian: 0.2 phut
Vong lap 118/250 - Repository: 100 - FE luy ke: 5950 - Thoi gian: 0.2 phut
Vong lap 119/250 - Repository: 100 - FE luy ke: 6000 - Thoi gian: 0.2 phut
Vong lap 120/250 - Repository: 100 - FE luy ke: 6050 - Thoi gian: 0.2 phut
Vong lap 121/250 - Repository: 100 - FE luy ke: 6100 - Thoi gian: 0.2 phut
Vong lap 122/250 - Repository: 100 - FE luy ke: 6150 - Thoi gian: 0.2 phut
Vong lap 123/250 - Repository: 100 - FE luy ke: 6200 - Thoi gian: 0.2 phut
Vong lap 124/250 - Repository: 100 - FE luy ke: 6250 - Thoi gian: 0.2 phut
Vong lap 125/250 - Repository: 100 - FE luy ke: 6300 - Thoi gian: 0.2 phut
Vong lap 126/250 - Repository: 100 - FE luy ke: 6350 - Thoi gian: 0.2 phut
Vong lap 127/250 - Repository: 100 - FE luy ke: 6400 - Thoi gian: 0.2 phut
Vong lap 128/250 - Repository: 100 - FE luy ke: 6450 - Thoi gian: 0.2 phut
Vong lap 129/250 - Repository: 100 - FE luy ke: 6500 - Thoi gian: 0.2 phut
Vong lap 130/250 - Repository: 100 - FE luy ke: 6550 - Thoi gian: 0.2 phut
Vong lap 131/250 - Repository: 100 - FE luy ke: 6600 - Thoi gian: 0.2 phut
Vong lap 132/250 - Repository: 100 - FE luy ke: 6650 - Thoi gian: 0.2 phut
Vong lap 133/250 - Repository: 100 - FE luy ke: 6700 - Thoi gian: 0.2 phut
Vong lap 134/250 - Repository: 100 - FE luy ke: 6750 - Thoi gian: 0.2 phut
Vong lap 135/250 - Repository: 100 - FE luy ke: 6800 - Thoi gian: 0.2 phut
Vong lap 136/250 - Repository: 100 - FE luy ke: 6850 - Thoi gian: 0.2 phut
Vong lap 137/250 - Repository: 100 - FE luy ke: 6900 - Thoi gian: 0.2 phut
Vong lap 138/250 - Repository: 100 - FE luy ke: 6950 - Thoi gian: 0.2 phut
Vong lap 139/250 - Repository: 100 - FE luy ke: 7000 - Thoi gian: 0.2 phut
Vong lap 140/250 - Repository: 100 - FE luy ke: 7050 - Thoi gian: 0.2 phut
Vong lap 141/250 - Repository: 100 - FE luy ke: 7100 - Thoi gian: 0.2 phut
Vong lap 142/250 - Repository: 100 - FE luy ke: 7150 - Thoi gian: 0.2 phut
Vong lap 143/250 - Repository: 100 - FE luy ke: 7200 - Thoi gian: 0.2 phut
Vong lap 144/250 - Repository: 100 - FE luy ke: 7250 - Thoi gian: 0.2 phut
Vong lap 145/250 - Repository: 100 - FE luy ke: 7300 - Thoi gian: 0.2 phut
Vong lap 146/250 - Repository: 100 - FE luy ke: 7350 - Thoi gian: 0.2 phut
Vong lap 147/250 - Repository: 100 - FE luy ke: 7400 - Thoi gian: 0.2 phut
Vong lap 148/250 - Repository: 100 - FE luy ke: 7450 - Thoi gian: 0.2 phut
Vong lap 149/250 - Repository: 100 - FE luy ke: 7500 - Thoi gian: 0.2 phut
Vong lap 150/250 - Repository: 100 - FE luy ke: 7550 - Thoi gian: 0.2 phut
Vong lap 151/250 - Repository: 100 - FE luy ke: 7600 - Thoi gian: 0.2 phut
Vong lap 152/250 - Repository: 100 - FE luy ke: 7650 - Thoi gian: 0.2 phut
Vong lap 153/250 - Repository: 100 - FE luy ke: 7700 - Thoi gian: 0.2 phut
Vong lap 154/250 - Repository: 100 - FE luy ke: 7750 - Thoi gian: 0.2 phut
Vong lap 155/250 - Repository: 100 - FE luy ke: 7800 - Thoi gian: 0.2 phut
Vong lap 156/250 - Repository: 100 - FE luy ke: 7850 - Thoi gian: 0.2 phut
Vong lap 157/250 - Repository: 100 - FE luy ke: 7900 - Thoi gian: 0.2 phut
Vong lap 158/250 - Repository: 100 - FE luy ke: 7950 - Thoi gian: 0.2 phut
Vong lap 159/250 - Repository: 100 - FE luy ke: 8000 - Thoi gian: 0.2 phut
Vong lap 160/250 - Repository: 100 - FE luy ke: 8050 - Thoi gian: 0.2 phut
Vong lap 161/250 - Repository: 100 - FE luy ke: 8100 - Thoi gian: 0.2 phut
Vong lap 162/250 - Repository: 100 - FE luy ke: 8150 - Thoi gian: 0.2 phut
Vong lap 163/250 - Repository: 100 - FE luy ke: 8200 - Thoi gian: 0.2 phut
Vong lap 164/250 - Repository: 100 - FE luy ke: 8250 - Thoi gian: 0.2 phut
Vong lap 165/250 - Repository: 100 - FE luy ke: 8300 - Thoi gian: 0.2 phut
Vong lap 166/250 - Repository: 100 - FE luy ke: 8350 - Thoi gian: 0.2 phut
Vong lap 167/250 - Repository: 100 - FE luy ke: 8400 - Thoi gian: 0.2 phut
Vong lap 168/250 - Repository: 100 - FE luy ke: 8450 - Thoi gian: 0.3 phut
Vong lap 169/250 - Repository: 100 - FE luy ke: 8500 - Thoi gian: 0.3 phut
Vong lap 170/250 - Repository: 100 - FE luy ke: 8550 - Thoi gian: 0.3 phut
Vong lap 171/250 - Repository: 100 - FE luy ke: 8600 - Thoi gian: 0.3 phut
Vong lap 172/250 - Repository: 100 - FE luy ke: 8650 - Thoi gian: 0.3 phut
Vong lap 173/250 - Repository: 100 - FE luy ke: 8700 - Thoi gian: 0.3 phut
Vong lap 174/250 - Repository: 100 - FE luy ke: 8750 - Thoi gian: 0.3 phut
Vong lap 175/250 - Repository: 100 - FE luy ke: 8800 - Thoi gian: 0.3 phut
Vong lap 176/250 - Repository: 100 - FE luy ke: 8850 - Thoi gian: 0.3 phut
Vong lap 177/250 - Repository: 100 - FE luy ke: 8900 - Thoi gian: 0.3 phut
Vong lap 178/250 - Repository: 100 - FE luy ke: 8950 - Thoi gian: 0.3 phut
Vong lap 179/250 - Repository: 100 - FE luy ke: 9000 - Thoi gian: 0.3 phut
Vong lap 180/250 - Repository: 100 - FE luy ke: 9050 - Thoi gian: 0.3 phut
Vong lap 181/250 - Repository: 100 - FE luy ke: 9100 - Thoi gian: 0.3 phut
Vong lap 182/250 - Repository: 100 - FE luy ke: 9150 - Thoi gian: 0.3 phut
Vong lap 183/250 - Repository: 100 - FE luy ke: 9200 - Thoi gian: 0.3 phut
Vong lap 184/250 - Repository: 100 - FE luy ke: 9250 - Thoi gian: 0.3 phut
Vong lap 185/250 - Repository: 100 - FE luy ke: 9300 - Thoi gian: 0.3 phut
Vong lap 186/250 - Repository: 100 - FE luy ke: 9350 - Thoi gian: 0.3 phut
Vong lap 187/250 - Repository: 100 - FE luy ke: 9400 - Thoi gian: 0.3 phut
Vong lap 188/250 - Repository: 100 - FE luy ke: 9450 - Thoi gian: 0.3 phut
Vong lap 189/250 - Repository: 100 - FE luy ke: 9500 - Thoi gian: 0.3 phut
Vong lap 190/250 - Repository: 100 - FE luy ke: 9550 - Thoi gian: 0.3 phut
Vong lap 191/250 - Repository: 100 - FE luy ke: 9600 - Thoi gian: 0.3 phut
Vong lap 192/250 - Repository: 100 - FE luy ke: 9650 - Thoi gian: 0.3 phut
Vong lap 193/250 - Repository: 100 - FE luy ke: 9700 - Thoi gian: 0.3 phut
Vong lap 194/250 - Repository: 100 - FE luy ke: 9750 - Thoi gian: 0.3 phut
Vong lap 195/250 - Repository: 100 - FE luy ke: 9800 - Thoi gian: 0.3 phut
Vong lap 196/250 - Repository: 100 - FE luy ke: 9850 - Thoi gian: 0.3 phut
Vong lap 197/250 - Repository: 100 - FE luy ke: 9900 - Thoi gian: 0.3 phut
Vong lap 198/250 - Repository: 100 - FE luy ke: 9950 - Thoi gian: 0.3 phut
Vong lap 199/250 - Repository: 100 - FE luy ke: 10000 - Thoi gian: 0.3 phut
Vong lap 200/250 - Repository: 100 - FE luy ke: 10050 - Thoi gian: 0.3 phut
Vong lap 201/250 - Repository: 100 - FE luy ke: 10100 - Thoi gian: 0.3 phut
Vong lap 202/250 - Repository: 100 - FE luy ke: 10150 - Thoi gian: 0.3 phut
Vong lap 203/250 - Repository: 100 - FE luy ke: 10200 - Thoi gian: 0.3 phut
Vong lap 204/250 - Repository: 100 - FE luy ke: 10250 - Thoi gian: 0.3 phut
Vong lap 205/250 - Repository: 100 - FE luy ke: 10300 - Thoi gian: 0.3 phut
Vong lap 206/250 - Repository: 100 - FE luy ke: 10350 - Thoi gian: 0.3 phut
Vong lap 207/250 - Repository: 100 - FE luy ke: 10400 - Thoi gian: 0.3 phut
Vong lap 208/250 - Repository: 100 - FE luy ke: 10450 - Thoi gian: 0.3 phut
Vong lap 209/250 - Repository: 100 - FE luy ke: 10500 - Thoi gian: 0.3 phut
Vong lap 210/250 - Repository: 100 - FE luy ke: 10550 - Thoi gian: 0.3 phut
Vong lap 211/250 - Repository: 100 - FE luy ke: 10600 - Thoi gian: 0.3 phut
Vong lap 212/250 - Repository: 100 - FE luy ke: 10650 - Thoi gian: 0.3 phut
Vong lap 213/250 - Repository: 100 - FE luy ke: 10700 - Thoi gian: 0.3 phut
Vong lap 214/250 - Repository: 100 - FE luy ke: 10750 - Thoi gian: 0.3 phut
Vong lap 215/250 - Repository: 100 - FE luy ke: 10800 - Thoi gian: 0.3 phut
Vong lap 216/250 - Repository: 100 - FE luy ke: 10850 - Thoi gian: 0.3 phut
Vong lap 217/250 - Repository: 100 - FE luy ke: 10900 - Thoi gian: 0.3 phut
Vong lap 218/250 - Repository: 100 - FE luy ke: 10950 - Thoi gian: 0.3 phut
Vong lap 219/250 - Repository: 100 - FE luy ke: 11000 - Thoi gian: 0.3 phut
Vong lap 220/250 - Repository: 100 - FE luy ke: 11050 - Thoi gian: 0.3 phut
Vong lap 221/250 - Repository: 100 - FE luy ke: 11100 - Thoi gian: 0.3 phut
Vong lap 222/250 - Repository: 100 - FE luy ke: 11150 - Thoi gian: 0.3 phut
Vong lap 223/250 - Repository: 100 - FE luy ke: 11200 - Thoi gian: 0.3 phut
Vong lap 224/250 - Repository: 100 - FE luy ke: 11250 - Thoi gian: 0.3 phut
Vong lap 225/250 - Repository: 100 - FE luy ke: 11300 - Thoi gian: 0.3 phut
Vong lap 226/250 - Repository: 100 - FE luy ke: 11350 - Thoi gian: 0.3 phut
Vong lap 227/250 - Repository: 100 - FE luy ke: 11400 - Thoi gian: 0.3 phut
Vong lap 228/250 - Repository: 100 - FE luy ke: 11450 - Thoi gian: 0.3 phut
Vong lap 229/250 - Repository: 100 - FE luy ke: 11500 - Thoi gian: 0.4 phut
Vong lap 230/250 - Repository: 100 - FE luy ke: 11550 - Thoi gian: 0.4 phut
Vong lap 231/250 - Repository: 100 - FE luy ke: 11600 - Thoi gian: 0.4 phut
Vong lap 232/250 - Repository: 100 - FE luy ke: 11650 - Thoi gian: 0.4 phut
Vong lap 233/250 - Repository: 100 - FE luy ke: 11700 - Thoi gian: 0.4 phut
Vong lap 234/250 - Repository: 100 - FE luy ke: 11750 - Thoi gian: 0.4 phut
Vong lap 235/250 - Repository: 100 - FE luy ke: 11800 - Thoi gian: 0.4 phut
Vong lap 236/250 - Repository: 100 - FE luy ke: 11850 - Thoi gian: 0.4 phut
Vong lap 237/250 - Repository: 100 - FE luy ke: 11900 - Thoi gian: 0.4 phut
Vong lap 238/250 - Repository: 100 - FE luy ke: 11950 - Thoi gian: 0.4 phut
Vong lap 239/250 - Repository: 100 - FE luy ke: 12000 - Thoi gian: 0.4 phut
Vong lap 240/250 - Repository: 100 - FE luy ke: 12050 - Thoi gian: 0.4 phut
Vong lap 241/250 - Repository: 100 - FE luy ke: 12100 - Thoi gian: 0.4 phut
Vong lap 242/250 - Repository: 100 - FE luy ke: 12150 - Thoi gian: 0.4 phut
Vong lap 243/250 - Repository: 100 - FE luy ke: 12200 - Thoi gian: 0.4 phut
Vong lap 244/250 - Repository: 100 - FE luy ke: 12250 - Thoi gian: 0.4 phut
Vong lap 245/250 - Repository: 100 - FE luy ke: 12300 - Thoi gian: 0.4 phut
Vong lap 246/250 - Repository: 100 - FE luy ke: 12350 - Thoi gian: 0.4 phut
Vong lap 247/250 - Repository: 100 - FE luy ke: 12400 - Thoi gian: 0.4 phut
Vong lap 248/250 - Repository: 100 - FE luy ke: 12450 - Thoi gian: 0.4 phut
Vong lap 249/250 - Repository: 100 - FE luy ke: 12500 - Thoi gian: 0.4 phut
Vong lap 250/250 - Repository: 100 - FE luy ke: 12550 - Thoi gian: 0.4 phut
HOAN THANH campaign E-MOSFOA. Tong thoi gian: 0.01 gio. So nghiem Pareto: 100
=== E-MOSFOA doc lap lan 27/30 (RunTag=run27) ===
[Wharf100DWT E-MOSFOA - SONG SONG] Np=50 Max_it=250 Nr=100 Num_work=8 (FE uoc tinh=12550)
SUCCESS: The process "SAP2000.exe" with PID 2376 has been terminated. 
SUCCESS: The process "SAP2000.exe" with PID 26968 has been terminated. 
SUCCESS: The process "SAP2000.exe" with PID 17900 has been terminated. 
SUCCESS: The process "SAP2000.exe" with PID 10324 has been terminated. 
SUCCESS: The process "SAP2000.exe" with PID 22428 has been terminated. 
SUCCESS: The process "SAP2000.exe" with PID 27624 has been terminated. 
SUCCESS: The process "SAP2000.exe" with PID 12720 has been terminated. 
SUCCESS: The process "SAP2000.exe" with PID 16816 has been terminated. 
[Warning: Files that have already been attached are being ignored. To see which files are attached see the 'AttachedFiles' property of the parallel pool.] 
Worker 1: 
  wharf100dwt_evaluate: da nap cache tu D:\ResearchLab\02_Projects\02_Projects\MOFDA\Wharf100DWT\results\Wharf100DWT_BRUTEFORCE_FINAL.mat (4080 to hop).
Worker 2: 
  wharf100dwt_evaluate: da nap cache tu D:\ResearchLab\02_Projects\02_Projects\MOFDA\Wharf100DWT\results\Wharf100DWT_BRUTEFORCE_FINAL.mat (4080 to hop).
Worker 3: 
  wharf100dwt_evaluate: da nap cache tu D:\ResearchLab\02_Projects\02_Projects\MOFDA\Wharf100DWT\results\Wharf100DWT_BRUTEFORCE_FINAL.mat (4080 to hop).
Worker 4: 
  wharf100dwt_evaluate: da nap cache tu D:\ResearchLab\02_Projects\02_Projects\MOFDA\Wharf100DWT\results\Wharf100DWT_BRUTEFORCE_FINAL.mat (4080 to hop).
Worker 5: 
  wharf100dwt_evaluate: da nap cache tu D:\ResearchLab\02_Projects\02_Projects\MOFDA\Wharf100DWT\results\Wharf100DWT_BRUTEFORCE_FINAL.mat (4080 to hop).
Worker 6: 
  wharf100dwt_evaluate: da nap cache tu D:\ResearchLab\02_Projects\02_Projects\MOFDA\Wharf100DWT\results\Wharf100DWT_BRUTEFORCE_FINAL.mat (4080 to hop).
Worker 7: 
  wharf100dwt_evaluate: da nap cache tu D:\ResearchLab\02_Projects\02_Projects\MOFDA\Wharf100DWT\results\Wharf100DWT_BRUTEFORCE_FINAL.mat (4080 to hop).
Worker 8: 
  wharf100dwt_evaluate: da nap cache tu D:\ResearchLab\02_Projects\02_Projects\MOFDA\Wharf100DWT\results\Wharf100DWT_BRUTEFORCE_FINAL.mat (4080 to hop).
The he #0 - Kich thuoc Repository: 3
Vong lap 1/250 - Repository: 10 - FE luy ke: 100 - Thoi gian: 0.0 phut
Vong lap 2/250 - Repository: 15 - FE luy ke: 150 - Thoi gian: 0.0 phut
Vong lap 3/250 - Repository: 35 - FE luy ke: 200 - Thoi gian: 0.0 phut
Vong lap 4/250 - Repository: 39 - FE luy ke: 250 - Thoi gian: 0.0 phut
Vong lap 5/250 - Repository: 49 - FE luy ke: 300 - Thoi gian: 0.0 phut
Vong lap 6/250 - Repository: 62 - FE luy ke: 350 - Thoi gian: 0.0 phut
Vong lap 7/250 - Repository: 78 - FE luy ke: 400 - Thoi gian: 0.0 phut
Vong lap 8/250 - Repository: 100 - FE luy ke: 450 - Thoi gian: 0.0 phut
Vong lap 9/250 - Repository: 100 - FE luy ke: 500 - Thoi gian: 0.0 phut
Vong lap 10/250 - Repository: 100 - FE luy ke: 550 - Thoi gian: 0.0 phut
Vong lap 11/250 - Repository: 100 - FE luy ke: 600 - Thoi gian: 0.0 phut
Vong lap 12/250 - Repository: 100 - FE luy ke: 650 - Thoi gian: 0.0 phut
Vong lap 13/250 - Repository: 100 - FE luy ke: 700 - Thoi gian: 0.0 phut
Vong lap 14/250 - Repository: 100 - FE luy ke: 750 - Thoi gian: 0.0 phut
Vong lap 15/250 - Repository: 100 - FE luy ke: 800 - Thoi gian: 0.0 phut
Vong lap 16/250 - Repository: 100 - FE luy ke: 850 - Thoi gian: 0.0 phut
Vong lap 17/250 - Repository: 100 - FE luy ke: 900 - Thoi gian: 0.0 phut
Vong lap 18/250 - Repository: 100 - FE luy ke: 950 - Thoi gian: 0.0 phut
Vong lap 19/250 - Repository: 100 - FE luy ke: 1000 - Thoi gian: 0.0 phut
Vong lap 20/250 - Repository: 100 - FE luy ke: 1050 - Thoi gian: 0.0 phut
Vong lap 21/250 - Repository: 100 - FE luy ke: 1100 - Thoi gian: 0.0 phut
Vong lap 22/250 - Repository: 100 - FE luy ke: 1150 - Thoi gian: 0.0 phut
Vong lap 23/250 - Repository: 100 - FE luy ke: 1200 - Thoi gian: 0.0 phut
Vong lap 24/250 - Repository: 100 - FE luy ke: 1250 - Thoi gian: 0.0 phut
Vong lap 25/250 - Repository: 100 - FE luy ke: 1300 - Thoi gian: 0.0 phut
Vong lap 26/250 - Repository: 100 - FE luy ke: 1350 - Thoi gian: 0.0 phut
Vong lap 27/250 - Repository: 100 - FE luy ke: 1400 - Thoi gian: 0.0 phut
Vong lap 28/250 - Repository: 100 - FE luy ke: 1450 - Thoi gian: 0.0 phut
Vong lap 29/250 - Repository: 100 - FE luy ke: 1500 - Thoi gian: 0.0 phut
Vong lap 30/250 - Repository: 100 - FE luy ke: 1550 - Thoi gian: 0.0 phut
Vong lap 31/250 - Repository: 100 - FE luy ke: 1600 - Thoi gian: 0.0 phut
Vong lap 32/250 - Repository: 100 - FE luy ke: 1650 - Thoi gian: 0.0 phut
Vong lap 33/250 - Repository: 100 - FE luy ke: 1700 - Thoi gian: 0.0 phut
Vong lap 34/250 - Repository: 100 - FE luy ke: 1750 - Thoi gian: 0.0 phut
Vong lap 35/250 - Repository: 100 - FE luy ke: 1800 - Thoi gian: 0.0 phut
Vong lap 36/250 - Repository: 100 - FE luy ke: 1850 - Thoi gian: 0.1 phut
Vong lap 37/250 - Repository: 100 - FE luy ke: 1900 - Thoi gian: 0.1 phut
Vong lap 38/250 - Repository: 100 - FE luy ke: 1950 - Thoi gian: 0.1 phut
Vong lap 39/250 - Repository: 100 - FE luy ke: 2000 - Thoi gian: 0.1 phut
Vong lap 40/250 - Repository: 100 - FE luy ke: 2050 - Thoi gian: 0.1 phut
Vong lap 41/250 - Repository: 100 - FE luy ke: 2100 - Thoi gian: 0.1 phut
Vong lap 42/250 - Repository: 100 - FE luy ke: 2150 - Thoi gian: 0.1 phut
Vong lap 43/250 - Repository: 100 - FE luy ke: 2200 - Thoi gian: 0.1 phut
Vong lap 44/250 - Repository: 100 - FE luy ke: 2250 - Thoi gian: 0.1 phut
Vong lap 45/250 - Repository: 100 - FE luy ke: 2300 - Thoi gian: 0.1 phut
Vong lap 46/250 - Repository: 100 - FE luy ke: 2350 - Thoi gian: 0.1 phut
Vong lap 47/250 - Repository: 100 - FE luy ke: 2400 - Thoi gian: 0.1 phut
Vong lap 48/250 - Repository: 100 - FE luy ke: 2450 - Thoi gian: 0.1 phut
Vong lap 49/250 - Repository: 100 - FE luy ke: 2500 - Thoi gian: 0.1 phut
Vong lap 50/250 - Repository: 100 - FE luy ke: 2550 - Thoi gian: 0.1 phut
Vong lap 51/250 - Repository: 100 - FE luy ke: 2600 - Thoi gian: 0.1 phut
Vong lap 52/250 - Repository: 100 - FE luy ke: 2650 - Thoi gian: 0.1 phut
Vong lap 53/250 - Repository: 100 - FE luy ke: 2700 - Thoi gian: 0.1 phut
Vong lap 54/250 - Repository: 100 - FE luy ke: 2750 - Thoi gian: 0.1 phut
Vong lap 55/250 - Repository: 100 - FE luy ke: 2800 - Thoi gian: 0.1 phut
Vong lap 56/250 - Repository: 100 - FE luy ke: 2850 - Thoi gian: 0.1 phut
Vong lap 57/250 - Repository: 100 - FE luy ke: 2900 - Thoi gian: 0.1 phut
Vong lap 58/250 - Repository: 100 - FE luy ke: 2950 - Thoi gian: 0.1 phut
Vong lap 59/250 - Repository: 100 - FE luy ke: 3000 - Thoi gian: 0.1 phut
Vong lap 60/250 - Repository: 100 - FE luy ke: 3050 - Thoi gian: 0.1 phut
Vong lap 61/250 - Repository: 100 - FE luy ke: 3100 - Thoi gian: 0.1 phut
Vong lap 62/250 - Repository: 100 - FE luy ke: 3150 - Thoi gian: 0.1 phut
Vong lap 63/250 - Repository: 100 - FE luy ke: 3200 - Thoi gian: 0.1 phut
Vong lap 64/250 - Repository: 100 - FE luy ke: 3250 - Thoi gian: 0.1 phut
Vong lap 65/250 - Repository: 100 - FE luy ke: 3300 - Thoi gian: 0.1 phut
Vong lap 66/250 - Repository: 100 - FE luy ke: 3350 - Thoi gian: 0.1 phut
Vong lap 67/250 - Repository: 100 - FE luy ke: 3400 - Thoi gian: 0.1 phut
Vong lap 68/250 - Repository: 100 - FE luy ke: 3450 - Thoi gian: 0.1 phut
Vong lap 69/250 - Repository: 100 - FE luy ke: 3500 - Thoi gian: 0.1 phut
Vong lap 70/250 - Repository: 100 - FE luy ke: 3550 - Thoi gian: 0.1 phut
Vong lap 71/250 - Repository: 100 - FE luy ke: 3600 - Thoi gian: 0.1 phut
Vong lap 72/250 - Repository: 100 - FE luy ke: 3650 - Thoi gian: 0.1 phut
Vong lap 73/250 - Repository: 100 - FE luy ke: 3700 - Thoi gian: 0.1 phut
Vong lap 74/250 - Repository: 100 - FE luy ke: 3750 - Thoi gian: 0.1 phut
Vong lap 75/250 - Repository: 100 - FE luy ke: 3800 - Thoi gian: 0.1 phut
Vong lap 76/250 - Repository: 100 - FE luy ke: 3850 - Thoi gian: 0.1 phut
Vong lap 77/250 - Repository: 100 - FE luy ke: 3900 - Thoi gian: 0.1 phut
Vong lap 78/250 - Repository: 100 - FE luy ke: 3950 - Thoi gian: 0.1 phut
Vong lap 79/250 - Repository: 100 - FE luy ke: 4000 - Thoi gian: 0.1 phut
Vong lap 80/250 - Repository: 100 - FE luy ke: 4050 - Thoi gian: 0.1 phut
Vong lap 81/250 - Repository: 100 - FE luy ke: 4100 - Thoi gian: 0.1 phut
Vong lap 82/250 - Repository: 100 - FE luy ke: 4150 - Thoi gian: 0.1 phut
Vong lap 83/250 - Repository: 100 - FE luy ke: 4200 - Thoi gian: 0.1 phut
Vong lap 84/250 - Repository: 100 - FE luy ke: 4250 - Thoi gian: 0.1 phut
Vong lap 85/250 - Repository: 100 - FE luy ke: 4300 - Thoi gian: 0.1 phut
Vong lap 86/250 - Repository: 100 - FE luy ke: 4350 - Thoi gian: 0.1 phut
Vong lap 87/250 - Repository: 100 - FE luy ke: 4400 - Thoi gian: 0.1 phut
Vong lap 88/250 - Repository: 100 - FE luy ke: 4450 - Thoi gian: 0.1 phut
Vong lap 89/250 - Repository: 100 - FE luy ke: 4500 - Thoi gian: 0.1 phut
Vong lap 90/250 - Repository: 100 - FE luy ke: 4550 - Thoi gian: 0.1 phut
Vong lap 91/250 - Repository: 100 - FE luy ke: 4600 - Thoi gian: 0.1 phut
Vong lap 92/250 - Repository: 100 - FE luy ke: 4650 - Thoi gian: 0.1 phut
Vong lap 93/250 - Repository: 100 - FE luy ke: 4700 - Thoi gian: 0.1 phut
Vong lap 94/250 - Repository: 100 - FE luy ke: 4750 - Thoi gian: 0.1 phut
Vong lap 95/250 - Repository: 100 - FE luy ke: 4800 - Thoi gian: 0.1 phut
Vong lap 96/250 - Repository: 100 - FE luy ke: 4850 - Thoi gian: 0.1 phut
Vong lap 97/250 - Repository: 100 - FE luy ke: 4900 - Thoi gian: 0.1 phut
Vong lap 98/250 - Repository: 100 - FE luy ke: 4950 - Thoi gian: 0.1 phut
Vong lap 99/250 - Repository: 100 - FE luy ke: 5000 - Thoi gian: 0.1 phut
Vong lap 100/250 - Repository: 100 - FE luy ke: 5050 - Thoi gian: 0.1 phut
Vong lap 101/250 - Repository: 100 - FE luy ke: 5100 - Thoi gian: 0.1 phut
Vong lap 102/250 - Repository: 100 - FE luy ke: 5150 - Thoi gian: 0.1 phut
Vong lap 103/250 - Repository: 100 - FE luy ke: 5200 - Thoi gian: 0.1 phut
Vong lap 104/250 - Repository: 100 - FE luy ke: 5250 - Thoi gian: 0.2 phut
Vong lap 105/250 - Repository: 100 - FE luy ke: 5300 - Thoi gian: 0.2 phut
Vong lap 106/250 - Repository: 100 - FE luy ke: 5350 - Thoi gian: 0.2 phut
Vong lap 107/250 - Repository: 100 - FE luy ke: 5400 - Thoi gian: 0.2 phut
Vong lap 108/250 - Repository: 100 - FE luy ke: 5450 - Thoi gian: 0.2 phut
Vong lap 109/250 - Repository: 100 - FE luy ke: 5500 - Thoi gian: 0.2 phut
Vong lap 110/250 - Repository: 100 - FE luy ke: 5550 - Thoi gian: 0.2 phut
Vong lap 111/250 - Repository: 100 - FE luy ke: 5600 - Thoi gian: 0.2 phut
Vong lap 112/250 - Repository: 100 - FE luy ke: 5650 - Thoi gian: 0.2 phut
Vong lap 113/250 - Repository: 100 - FE luy ke: 5700 - Thoi gian: 0.2 phut
Vong lap 114/250 - Repository: 100 - FE luy ke: 5750 - Thoi gian: 0.2 phut
Vong lap 115/250 - Repository: 100 - FE luy ke: 5800 - Thoi gian: 0.2 phut
Vong lap 116/250 - Repository: 100 - FE luy ke: 5850 - Thoi gian: 0.2 phut
Vong lap 117/250 - Repository: 100 - FE luy ke: 5900 - Thoi gian: 0.2 phut
Vong lap 118/250 - Repository: 100 - FE luy ke: 5950 - Thoi gian: 0.2 phut
Vong lap 119/250 - Repository: 100 - FE luy ke: 6000 - Thoi gian: 0.2 phut
Vong lap 120/250 - Repository: 100 - FE luy ke: 6050 - Thoi gian: 0.2 phut
Vong lap 121/250 - Repository: 100 - FE luy ke: 6100 - Thoi gian: 0.2 phut
Vong lap 122/250 - Repository: 100 - FE luy ke: 6150 - Thoi gian: 0.2 phut
Vong lap 123/250 - Repository: 100 - FE luy ke: 6200 - Thoi gian: 0.2 phut
Vong lap 124/250 - Repository: 100 - FE luy ke: 6250 - Thoi gian: 0.2 phut
Vong lap 125/250 - Repository: 100 - FE luy ke: 6300 - Thoi gian: 0.2 phut
Vong lap 126/250 - Repository: 100 - FE luy ke: 6350 - Thoi gian: 0.2 phut
Vong lap 127/250 - Repository: 100 - FE luy ke: 6400 - Thoi gian: 0.2 phut
Vong lap 128/250 - Repository: 100 - FE luy ke: 6450 - Thoi gian: 0.2 phut
Vong lap 129/250 - Repository: 100 - FE luy ke: 6500 - Thoi gian: 0.2 phut
Vong lap 130/250 - Repository: 100 - FE luy ke: 6550 - Thoi gian: 0.2 phut
Vong lap 131/250 - Repository: 100 - FE luy ke: 6600 - Thoi gian: 0.2 phut
Vong lap 132/250 - Repository: 100 - FE luy ke: 6650 - Thoi gian: 0.2 phut
Vong lap 133/250 - Repository: 100 - FE luy ke: 6700 - Thoi gian: 0.2 phut
Vong lap 134/250 - Repository: 100 - FE luy ke: 6750 - Thoi gian: 0.2 phut
Vong lap 135/250 - Repository: 100 - FE luy ke: 6800 - Thoi gian: 0.2 phut
Vong lap 136/250 - Repository: 100 - FE luy ke: 6850 - Thoi gian: 0.2 phut
Vong lap 137/250 - Repository: 100 - FE luy ke: 6900 - Thoi gian: 0.2 phut
Vong lap 138/250 - Repository: 100 - FE luy ke: 6950 - Thoi gian: 0.2 phut
Vong lap 139/250 - Repository: 100 - FE luy ke: 7000 - Thoi gian: 0.2 phut
Vong lap 140/250 - Repository: 100 - FE luy ke: 7050 - Thoi gian: 0.2 phut
Vong lap 141/250 - Repository: 100 - FE luy ke: 7100 - Thoi gian: 0.2 phut
Vong lap 142/250 - Repository: 100 - FE luy ke: 7150 - Thoi gian: 0.2 phut
Vong lap 143/250 - Repository: 100 - FE luy ke: 7200 - Thoi gian: 0.2 phut
Vong lap 144/250 - Repository: 100 - FE luy ke: 7250 - Thoi gian: 0.2 phut
Vong lap 145/250 - Repository: 100 - FE luy ke: 7300 - Thoi gian: 0.2 phut
Vong lap 146/250 - Repository: 100 - FE luy ke: 7350 - Thoi gian: 0.2 phut
Vong lap 147/250 - Repository: 100 - FE luy ke: 7400 - Thoi gian: 0.2 phut
Vong lap 148/250 - Repository: 100 - FE luy ke: 7450 - Thoi gian: 0.2 phut
Vong lap 149/250 - Repository: 100 - FE luy ke: 7500 - Thoi gian: 0.2 phut
Vong lap 150/250 - Repository: 100 - FE luy ke: 7550 - Thoi gian: 0.2 phut
Vong lap 151/250 - Repository: 100 - FE luy ke: 7600 - Thoi gian: 0.2 phut
Vong lap 152/250 - Repository: 100 - FE luy ke: 7650 - Thoi gian: 0.2 phut
Vong lap 153/250 - Repository: 100 - FE luy ke: 7700 - Thoi gian: 0.2 phut
Vong lap 154/250 - Repository: 100 - FE luy ke: 7750 - Thoi gian: 0.2 phut
Vong lap 155/250 - Repository: 100 - FE luy ke: 7800 - Thoi gian: 0.2 phut
Vong lap 156/250 - Repository: 100 - FE luy ke: 7850 - Thoi gian: 0.2 phut
Vong lap 157/250 - Repository: 100 - FE luy ke: 7900 - Thoi gian: 0.2 phut
Vong lap 158/250 - Repository: 100 - FE luy ke: 7950 - Thoi gian: 0.2 phut
Vong lap 159/250 - Repository: 100 - FE luy ke: 8000 - Thoi gian: 0.2 phut
Vong lap 160/250 - Repository: 100 - FE luy ke: 8050 - Thoi gian: 0.2 phut
Vong lap 161/250 - Repository: 100 - FE luy ke: 8100 - Thoi gian: 0.2 phut
Vong lap 162/250 - Repository: 100 - FE luy ke: 8150 - Thoi gian: 0.2 phut
Vong lap 163/250 - Repository: 100 - FE luy ke: 8200 - Thoi gian: 0.2 phut
Vong lap 164/250 - Repository: 100 - FE luy ke: 8250 - Thoi gian: 0.2 phut
Vong lap 165/250 - Repository: 100 - FE luy ke: 8300 - Thoi gian: 0.2 phut
Vong lap 166/250 - Repository: 100 - FE luy ke: 8350 - Thoi gian: 0.2 phut
Vong lap 167/250 - Repository: 100 - FE luy ke: 8400 - Thoi gian: 0.3 phut
Vong lap 168/250 - Repository: 100 - FE luy ke: 8450 - Thoi gian: 0.3 phut
Vong lap 169/250 - Repository: 100 - FE luy ke: 8500 - Thoi gian: 0.3 phut
Vong lap 170/250 - Repository: 100 - FE luy ke: 8550 - Thoi gian: 0.3 phut
Vong lap 171/250 - Repository: 100 - FE luy ke: 8600 - Thoi gian: 0.3 phut
Vong lap 172/250 - Repository: 100 - FE luy ke: 8650 - Thoi gian: 0.3 phut
Vong lap 173/250 - Repository: 100 - FE luy ke: 8700 - Thoi gian: 0.3 phut
Vong lap 174/250 - Repository: 100 - FE luy ke: 8750 - Thoi gian: 0.3 phut
Vong lap 175/250 - Repository: 100 - FE luy ke: 8800 - Thoi gian: 0.3 phut
Vong lap 176/250 - Repository: 100 - FE luy ke: 8850 - Thoi gian: 0.3 phut
Vong lap 177/250 - Repository: 100 - FE luy ke: 8900 - Thoi gian: 0.3 phut
Vong lap 178/250 - Repository: 100 - FE luy ke: 8950 - Thoi gian: 0.3 phut
Vong lap 179/250 - Repository: 100 - FE luy ke: 9000 - Thoi gian: 0.3 phut
Vong lap 180/250 - Repository: 100 - FE luy ke: 9050 - Thoi gian: 0.3 phut
Vong lap 181/250 - Repository: 100 - FE luy ke: 9100 - Thoi gian: 0.3 phut
Vong lap 182/250 - Repository: 100 - FE luy ke: 9150 - Thoi gian: 0.3 phut
Vong lap 183/250 - Repository: 100 - FE luy ke: 9200 - Thoi gian: 0.3 phut
Vong lap 184/250 - Repository: 100 - FE luy ke: 9250 - Thoi gian: 0.3 phut
Vong lap 185/250 - Repository: 100 - FE luy ke: 9300 - Thoi gian: 0.3 phut
Vong lap 186/250 - Repository: 100 - FE luy ke: 9350 - Thoi gian: 0.3 phut
Vong lap 187/250 - Repository: 100 - FE luy ke: 9400 - Thoi gian: 0.3 phut
Vong lap 188/250 - Repository: 100 - FE luy ke: 9450 - Thoi gian: 0.3 phut
Vong lap 189/250 - Repository: 100 - FE luy ke: 9500 - Thoi gian: 0.3 phut
Vong lap 190/250 - Repository: 100 - FE luy ke: 9550 - Thoi gian: 0.3 phut
Vong lap 191/250 - Repository: 100 - FE luy ke: 9600 - Thoi gian: 0.3 phut
Vong lap 192/250 - Repository: 100 - FE luy ke: 9650 - Thoi gian: 0.3 phut
Vong lap 193/250 - Repository: 100 - FE luy ke: 9700 - Thoi gian: 0.3 phut
Vong lap 194/250 - Repository: 100 - FE luy ke: 9750 - Thoi gian: 0.3 phut
Vong lap 195/250 - Repository: 100 - FE luy ke: 9800 - Thoi gian: 0.3 phut
Vong lap 196/250 - Repository: 100 - FE luy ke: 9850 - Thoi gian: 0.3 phut
Vong lap 197/250 - Repository: 100 - FE luy ke: 9900 - Thoi gian: 0.3 phut
Vong lap 198/250 - Repository: 100 - FE luy ke: 9950 - Thoi gian: 0.3 phut
Vong lap 199/250 - Repository: 100 - FE luy ke: 10000 - Thoi gian: 0.3 phut
Vong lap 200/250 - Repository: 100 - FE luy ke: 10050 - Thoi gian: 0.3 phut
Vong lap 201/250 - Repository: 100 - FE luy ke: 10100 - Thoi gian: 0.3 phut
Vong lap 202/250 - Repository: 100 - FE luy ke: 10150 - Thoi gian: 0.3 phut
Vong lap 203/250 - Repository: 100 - FE luy ke: 10200 - Thoi gian: 0.3 phut
Vong lap 204/250 - Repository: 100 - FE luy ke: 10250 - Thoi gian: 0.3 phut
Vong lap 205/250 - Repository: 100 - FE luy ke: 10300 - Thoi gian: 0.3 phut
Vong lap 206/250 - Repository: 100 - FE luy ke: 10350 - Thoi gian: 0.3 phut
Vong lap 207/250 - Repository: 100 - FE luy ke: 10400 - Thoi gian: 0.3 phut
Vong lap 208/250 - Repository: 100 - FE luy ke: 10450 - Thoi gian: 0.3 phut
Vong lap 209/250 - Repository: 100 - FE luy ke: 10500 - Thoi gian: 0.3 phut
Vong lap 210/250 - Repository: 100 - FE luy ke: 10550 - Thoi gian: 0.3 phut
Vong lap 211/250 - Repository: 100 - FE luy ke: 10600 - Thoi gian: 0.3 phut
Vong lap 212/250 - Repository: 100 - FE luy ke: 10650 - Thoi gian: 0.3 phut
Vong lap 213/250 - Repository: 100 - FE luy ke: 10700 - Thoi gian: 0.3 phut
Vong lap 214/250 - Repository: 100 - FE luy ke: 10750 - Thoi gian: 0.3 phut
Vong lap 215/250 - Repository: 100 - FE luy ke: 10800 - Thoi gian: 0.3 phut
Vong lap 216/250 - Repository: 100 - FE luy ke: 10850 - Thoi gian: 0.3 phut
Vong lap 217/250 - Repository: 100 - FE luy ke: 10900 - Thoi gian: 0.3 phut
Vong lap 218/250 - Repository: 100 - FE luy ke: 10950 - Thoi gian: 0.3 phut
Vong lap 219/250 - Repository: 100 - FE luy ke: 11000 - Thoi gian: 0.3 phut
Vong lap 220/250 - Repository: 100 - FE luy ke: 11050 - Thoi gian: 0.3 phut
Vong lap 221/250 - Repository: 100 - FE luy ke: 11100 - Thoi gian: 0.3 phut
Vong lap 222/250 - Repository: 100 - FE luy ke: 11150 - Thoi gian: 0.3 phut
Vong lap 223/250 - Repository: 100 - FE luy ke: 11200 - Thoi gian: 0.3 phut
Vong lap 224/250 - Repository: 100 - FE luy ke: 11250 - Thoi gian: 0.3 phut
Vong lap 225/250 - Repository: 100 - FE luy ke: 11300 - Thoi gian: 0.3 phut
Vong lap 226/250 - Repository: 100 - FE luy ke: 11350 - Thoi gian: 0.3 phut
Vong lap 227/250 - Repository: 100 - FE luy ke: 11400 - Thoi gian: 0.3 phut
Vong lap 228/250 - Repository: 100 - FE luy ke: 11450 - Thoi gian: 0.4 phut
Vong lap 229/250 - Repository: 100 - FE luy ke: 11500 - Thoi gian: 0.4 phut
Vong lap 230/250 - Repository: 100 - FE luy ke: 11550 - Thoi gian: 0.4 phut
Vong lap 231/250 - Repository: 100 - FE luy ke: 11600 - Thoi gian: 0.4 phut
Vong lap 232/250 - Repository: 100 - FE luy ke: 11650 - Thoi gian: 0.4 phut
Vong lap 233/250 - Repository: 100 - FE luy ke: 11700 - Thoi gian: 0.4 phut
Vong lap 234/250 - Repository: 100 - FE luy ke: 11750 - Thoi gian: 0.4 phut
Vong lap 235/250 - Repository: 100 - FE luy ke: 11800 - Thoi gian: 0.4 phut
Vong lap 236/250 - Repository: 100 - FE luy ke: 11850 - Thoi gian: 0.4 phut
Vong lap 237/250 - Repository: 100 - FE luy ke: 11900 - Thoi gian: 0.4 phut
Vong lap 238/250 - Repository: 100 - FE luy ke: 11950 - Thoi gian: 0.4 phut
Vong lap 239/250 - Repository: 100 - FE luy ke: 12000 - Thoi gian: 0.4 phut
Vong lap 240/250 - Repository: 100 - FE luy ke: 12050 - Thoi gian: 0.4 phut
Vong lap 241/250 - Repository: 100 - FE luy ke: 12100 - Thoi gian: 0.4 phut
Vong lap 242/250 - Repository: 100 - FE luy ke: 12150 - Thoi gian: 0.4 phut
Vong lap 243/250 - Repository: 100 - FE luy ke: 12200 - Thoi gian: 0.4 phut
Vong lap 244/250 - Repository: 100 - FE luy ke: 12250 - Thoi gian: 0.4 phut
Vong lap 245/250 - Repository: 100 - FE luy ke: 12300 - Thoi gian: 0.4 phut
Vong lap 246/250 - Repository: 100 - FE luy ke: 12350 - Thoi gian: 0.4 phut
Vong lap 247/250 - Repository: 100 - FE luy ke: 12400 - Thoi gian: 0.4 phut
Vong lap 248/250 - Repository: 100 - FE luy ke: 12450 - Thoi gian: 0.4 phut
Vong lap 249/250 - Repository: 100 - FE luy ke: 12500 - Thoi gian: 0.4 phut
Vong lap 250/250 - Repository: 100 - FE luy ke: 12550 - Thoi gian: 0.4 phut
HOAN THANH campaign E-MOSFOA. Tong thoi gian: 0.01 gio. So nghiem Pareto: 100
=== E-MOSFOA doc lap lan 28/30 (RunTag=run28) ===
[Wharf100DWT E-MOSFOA - SONG SONG] Np=50 Max_it=250 Nr=100 Num_work=8 (FE uoc tinh=12550)
SUCCESS: The process "SAP2000.exe" with PID 5460 has been terminated. 
SUCCESS: The process "SAP2000.exe" with PID 26980 has been terminated. 
SUCCESS: The process "SAP2000.exe" with PID 21416 has been terminated. 
SUCCESS: The process "SAP2000.exe" with PID 22924 has been terminated. 
SUCCESS: The process "SAP2000.exe" with PID 22540 has been terminated. 
SUCCESS: The process "SAP2000.exe" with PID 25372 has been terminated. 
SUCCESS: The process "SAP2000.exe" with PID 7620 has been terminated. 
SUCCESS: The process "SAP2000.exe" with PID 26824 has been terminated. 
[Warning: Files that have already been attached are being ignored. To see which files are attached see the 'AttachedFiles' property of the parallel pool.] 
Worker 1: 
  wharf100dwt_evaluate: da nap cache tu D:\ResearchLab\02_Projects\02_Projects\MOFDA\Wharf100DWT\results\Wharf100DWT_BRUTEFORCE_FINAL.mat (4080 to hop).
Worker 2: 
  wharf100dwt_evaluate: da nap cache tu D:\ResearchLab\02_Projects\02_Projects\MOFDA\Wharf100DWT\results\Wharf100DWT_BRUTEFORCE_FINAL.mat (4080 to hop).
Worker 3: 
  wharf100dwt_evaluate: da nap cache tu D:\ResearchLab\02_Projects\02_Projects\MOFDA\Wharf100DWT\results\Wharf100DWT_BRUTEFORCE_FINAL.mat (4080 to hop).
Worker 4: 
  wharf100dwt_evaluate: da nap cache tu D:\ResearchLab\02_Projects\02_Projects\MOFDA\Wharf100DWT\results\Wharf100DWT_BRUTEFORCE_FINAL.mat (4080 to hop).
Worker 5: 
  wharf100dwt_evaluate: da nap cache tu D:\ResearchLab\02_Projects\02_Projects\MOFDA\Wharf100DWT\results\Wharf100DWT_BRUTEFORCE_FINAL.mat (4080 to hop).
Worker 6: 
  wharf100dwt_evaluate: da nap cache tu D:\ResearchLab\02_Projects\02_Projects\MOFDA\Wharf100DWT\results\Wharf100DWT_BRUTEFORCE_FINAL.mat (4080 to hop).
Worker 7: 
  wharf100dwt_evaluate: da nap cache tu D:\ResearchLab\02_Projects\02_Projects\MOFDA\Wharf100DWT\results\Wharf100DWT_BRUTEFORCE_FINAL.mat (4080 to hop).
Worker 8: 
  wharf100dwt_evaluate: da nap cache tu D:\ResearchLab\02_Projects\02_Projects\MOFDA\Wharf100DWT\results\Wharf100DWT_BRUTEFORCE_FINAL.mat (4080 to hop).
The he #0 - Kich thuoc Repository: 3
Vong lap 1/250 - Repository: 4 - FE luy ke: 100 - Thoi gian: 0.0 phut
Vong lap 2/250 - Repository: 14 - FE luy ke: 150 - Thoi gian: 0.0 phut
Vong lap 3/250 - Repository: 16 - FE luy ke: 200 - Thoi gian: 0.0 phut
Vong lap 4/250 - Repository: 26 - FE luy ke: 250 - Thoi gian: 0.0 phut
Vong lap 5/250 - Repository: 43 - FE luy ke: 300 - Thoi gian: 0.0 phut
Vong lap 6/250 - Repository: 43 - FE luy ke: 350 - Thoi gian: 0.0 phut
Vong lap 7/250 - Repository: 48 - FE luy ke: 400 - Thoi gian: 0.0 phut
Vong lap 8/250 - Repository: 54 - FE luy ke: 450 - Thoi gian: 0.0 phut
Vong lap 9/250 - Repository: 63 - FE luy ke: 500 - Thoi gian: 0.0 phut
Vong lap 10/250 - Repository: 72 - FE luy ke: 550 - Thoi gian: 0.0 phut
Vong lap 11/250 - Repository: 82 - FE luy ke: 600 - Thoi gian: 0.0 phut
Vong lap 12/250 - Repository: 88 - FE luy ke: 650 - Thoi gian: 0.0 phut
Vong lap 13/250 - Repository: 91 - FE luy ke: 700 - Thoi gian: 0.0 phut
Vong lap 14/250 - Repository: 100 - FE luy ke: 750 - Thoi gian: 0.0 phut
Vong lap 15/250 - Repository: 100 - FE luy ke: 800 - Thoi gian: 0.0 phut
Vong lap 16/250 - Repository: 100 - FE luy ke: 850 - Thoi gian: 0.0 phut
Vong lap 17/250 - Repository: 100 - FE luy ke: 900 - Thoi gian: 0.0 phut
Vong lap 18/250 - Repository: 100 - FE luy ke: 950 - Thoi gian: 0.0 phut
Vong lap 19/250 - Repository: 100 - FE luy ke: 1000 - Thoi gian: 0.0 phut
Vong lap 20/250 - Repository: 100 - FE luy ke: 1050 - Thoi gian: 0.0 phut
Vong lap 21/250 - Repository: 100 - FE luy ke: 1100 - Thoi gian: 0.0 phut
Vong lap 22/250 - Repository: 100 - FE luy ke: 1150 - Thoi gian: 0.0 phut
Vong lap 23/250 - Repository: 100 - FE luy ke: 1200 - Thoi gian: 0.0 phut
Vong lap 24/250 - Repository: 100 - FE luy ke: 1250 - Thoi gian: 0.0 phut
Vong lap 25/250 - Repository: 100 - FE luy ke: 1300 - Thoi gian: 0.0 phut
Vong lap 26/250 - Repository: 100 - FE luy ke: 1350 - Thoi gian: 0.0 phut
Vong lap 27/250 - Repository: 100 - FE luy ke: 1400 - Thoi gian: 0.0 phut
Vong lap 28/250 - Repository: 100 - FE luy ke: 1450 - Thoi gian: 0.0 phut
Vong lap 29/250 - Repository: 100 - FE luy ke: 1500 - Thoi gian: 0.0 phut
Vong lap 30/250 - Repository: 100 - FE luy ke: 1550 - Thoi gian: 0.0 phut
Vong lap 31/250 - Repository: 100 - FE luy ke: 1600 - Thoi gian: 0.0 phut
Vong lap 32/250 - Repository: 100 - FE luy ke: 1650 - Thoi gian: 0.0 phut
Vong lap 33/250 - Repository: 100 - FE luy ke: 1700 - Thoi gian: 0.0 phut
Vong lap 34/250 - Repository: 100 - FE luy ke: 1750 - Thoi gian: 0.0 phut
Vong lap 35/250 - Repository: 100 - FE luy ke: 1800 - Thoi gian: 0.0 phut
Vong lap 36/250 - Repository: 100 - FE luy ke: 1850 - Thoi gian: 0.0 phut
Vong lap 37/250 - Repository: 100 - FE luy ke: 1900 - Thoi gian: 0.0 phut
Vong lap 38/250 - Repository: 100 - FE luy ke: 1950 - Thoi gian: 0.1 phut
Vong lap 39/250 - Repository: 100 - FE luy ke: 2000 - Thoi gian: 0.1 phut
Vong lap 40/250 - Repository: 100 - FE luy ke: 2050 - Thoi gian: 0.1 phut
Vong lap 41/250 - Repository: 100 - FE luy ke: 2100 - Thoi gian: 0.1 phut
Vong lap 42/250 - Repository: 100 - FE luy ke: 2150 - Thoi gian: 0.1 phut
Vong lap 43/250 - Repository: 100 - FE luy ke: 2200 - Thoi gian: 0.1 phut
Vong lap 44/250 - Repository: 100 - FE luy ke: 2250 - Thoi gian: 0.1 phut
Vong lap 45/250 - Repository: 100 - FE luy ke: 2300 - Thoi gian: 0.1 phut
Vong lap 46/250 - Repository: 100 - FE luy ke: 2350 - Thoi gian: 0.1 phut
Vong lap 47/250 - Repository: 100 - FE luy ke: 2400 - Thoi gian: 0.1 phut
Vong lap 48/250 - Repository: 100 - FE luy ke: 2450 - Thoi gian: 0.1 phut
Vong lap 49/250 - Repository: 100 - FE luy ke: 2500 - Thoi gian: 0.1 phut
Vong lap 50/250 - Repository: 100 - FE luy ke: 2550 - Thoi gian: 0.1 phut
Vong lap 51/250 - Repository: 100 - FE luy ke: 2600 - Thoi gian: 0.1 phut
Vong lap 52/250 - Repository: 100 - FE luy ke: 2650 - Thoi gian: 0.1 phut
Vong lap 53/250 - Repository: 100 - FE luy ke: 2700 - Thoi gian: 0.1 phut
Vong lap 54/250 - Repository: 100 - FE luy ke: 2750 - Thoi gian: 0.1 phut
Vong lap 55/250 - Repository: 100 - FE luy ke: 2800 - Thoi gian: 0.1 phut
Vong lap 56/250 - Repository: 100 - FE luy ke: 2850 - Thoi gian: 0.1 phut
Vong lap 57/250 - Repository: 100 - FE luy ke: 2900 - Thoi gian: 0.1 phut
Vong lap 58/250 - Repository: 100 - FE luy ke: 2950 - Thoi gian: 0.1 phut
Vong lap 59/250 - Repository: 100 - FE luy ke: 3000 - Thoi gian: 0.1 phut
Vong lap 60/250 - Repository: 100 - FE luy ke: 3050 - Thoi gian: 0.1 phut
Vong lap 61/250 - Repository: 100 - FE luy ke: 3100 - Thoi gian: 0.1 phut
Vong lap 62/250 - Repository: 100 - FE luy ke: 3150 - Thoi gian: 0.1 phut
Vong lap 63/250 - Repository: 100 - FE luy ke: 3200 - Thoi gian: 0.1 phut
Vong lap 64/250 - Repository: 100 - FE luy ke: 3250 - Thoi gian: 0.1 phut
Vong lap 65/250 - Repository: 100 - FE luy ke: 3300 - Thoi gian: 0.1 phut
Vong lap 66/250 - Repository: 100 - FE luy ke: 3350 - Thoi gian: 0.1 phut
Vong lap 67/250 - Repository: 100 - FE luy ke: 3400 - Thoi gian: 0.1 phut
Vong lap 68/250 - Repository: 100 - FE luy ke: 3450 - Thoi gian: 0.1 phut
Vong lap 69/250 - Repository: 100 - FE luy ke: 3500 - Thoi gian: 0.1 phut
Vong lap 70/250 - Repository: 100 - FE luy ke: 3550 - Thoi gian: 0.1 phut
Vong lap 71/250 - Repository: 100 - FE luy ke: 3600 - Thoi gian: 0.1 phut
Vong lap 72/250 - Repository: 100 - FE luy ke: 3650 - Thoi gian: 0.1 phut
Vong lap 73/250 - Repository: 100 - FE luy ke: 3700 - Thoi gian: 0.1 phut
Vong lap 74/250 - Repository: 100 - FE luy ke: 3750 - Thoi gian: 0.1 phut
Vong lap 75/250 - Repository: 100 - FE luy ke: 3800 - Thoi gian: 0.1 phut
Vong lap 76/250 - Repository: 100 - FE luy ke: 3850 - Thoi gian: 0.1 phut
Vong lap 77/250 - Repository: 100 - FE luy ke: 3900 - Thoi gian: 0.1 phut
Vong lap 78/250 - Repository: 100 - FE luy ke: 3950 - Thoi gian: 0.1 phut
Vong lap 79/250 - Repository: 100 - FE luy ke: 4000 - Thoi gian: 0.1 phut
Vong lap 80/250 - Repository: 100 - FE luy ke: 4050 - Thoi gian: 0.1 phut
Vong lap 81/250 - Repository: 100 - FE luy ke: 4100 - Thoi gian: 0.1 phut
Vong lap 82/250 - Repository: 100 - FE luy ke: 4150 - Thoi gian: 0.1 phut
Vong lap 83/250 - Repository: 100 - FE luy ke: 4200 - Thoi gian: 0.1 phut
Vong lap 84/250 - Repository: 100 - FE luy ke: 4250 - Thoi gian: 0.1 phut
Vong lap 85/250 - Repository: 100 - FE luy ke: 4300 - Thoi gian: 0.1 phut
Vong lap 86/250 - Repository: 100 - FE luy ke: 4350 - Thoi gian: 0.1 phut
Vong lap 87/250 - Repository: 100 - FE luy ke: 4400 - Thoi gian: 0.1 phut
Vong lap 88/250 - Repository: 100 - FE luy ke: 4450 - Thoi gian: 0.1 phut
Vong lap 89/250 - Repository: 100 - FE luy ke: 4500 - Thoi gian: 0.1 phut
Vong lap 90/250 - Repository: 100 - FE luy ke: 4550 - Thoi gian: 0.1 phut
Vong lap 91/250 - Repository: 100 - FE luy ke: 4600 - Thoi gian: 0.1 phut
Vong lap 92/250 - Repository: 100 - FE luy ke: 4650 - Thoi gian: 0.1 phut
Vong lap 93/250 - Repository: 100 - FE luy ke: 4700 - Thoi gian: 0.1 phut
Vong lap 94/250 - Repository: 100 - FE luy ke: 4750 - Thoi gian: 0.1 phut
Vong lap 95/250 - Repository: 100 - FE luy ke: 4800 - Thoi gian: 0.1 phut
Vong lap 96/250 - Repository: 100 - FE luy ke: 4850 - Thoi gian: 0.1 phut
Vong lap 97/250 - Repository: 100 - FE luy ke: 4900 - Thoi gian: 0.1 phut
Vong lap 98/250 - Repository: 100 - FE luy ke: 4950 - Thoi gian: 0.1 phut
Vong lap 99/250 - Repository: 100 - FE luy ke: 5000 - Thoi gian: 0.1 phut
Vong lap 100/250 - Repository: 100 - FE luy ke: 5050 - Thoi gian: 0.1 phut
Vong lap 101/250 - Repository: 100 - FE luy ke: 5100 - Thoi gian: 0.1 phut
Vong lap 102/250 - Repository: 100 - FE luy ke: 5150 - Thoi gian: 0.1 phut
Vong lap 103/250 - Repository: 100 - FE luy ke: 5200 - Thoi gian: 0.1 phut
Vong lap 104/250 - Repository: 100 - FE luy ke: 5250 - Thoi gian: 0.1 phut
Vong lap 105/250 - Repository: 100 - FE luy ke: 5300 - Thoi gian: 0.2 phut
Vong lap 106/250 - Repository: 100 - FE luy ke: 5350 - Thoi gian: 0.2 phut
Vong lap 107/250 - Repository: 100 - FE luy ke: 5400 - Thoi gian: 0.2 phut
Vong lap 108/250 - Repository: 100 - FE luy ke: 5450 - Thoi gian: 0.2 phut
Vong lap 109/250 - Repository: 100 - FE luy ke: 5500 - Thoi gian: 0.2 phut
Vong lap 110/250 - Repository: 100 - FE luy ke: 5550 - Thoi gian: 0.2 phut
Vong lap 111/250 - Repository: 100 - FE luy ke: 5600 - Thoi gian: 0.2 phut
Vong lap 112/250 - Repository: 100 - FE luy ke: 5650 - Thoi gian: 0.2 phut
Vong lap 113/250 - Repository: 100 - FE luy ke: 5700 - Thoi gian: 0.2 phut
Vong lap 114/250 - Repository: 100 - FE luy ke: 5750 - Thoi gian: 0.2 phut
Vong lap 115/250 - Repository: 100 - FE luy ke: 5800 - Thoi gian: 0.2 phut
Vong lap 116/250 - Repository: 100 - FE luy ke: 5850 - Thoi gian: 0.2 phut
Vong lap 117/250 - Repository: 100 - FE luy ke: 5900 - Thoi gian: 0.2 phut
Vong lap 118/250 - Repository: 100 - FE luy ke: 5950 - Thoi gian: 0.2 phut
Vong lap 119/250 - Repository: 100 - FE luy ke: 6000 - Thoi gian: 0.2 phut
Vong lap 120/250 - Repository: 100 - FE luy ke: 6050 - Thoi gian: 0.2 phut
Vong lap 121/250 - Repository: 100 - FE luy ke: 6100 - Thoi gian: 0.2 phut
Vong lap 122/250 - Repository: 100 - FE luy ke: 6150 - Thoi gian: 0.2 phut
Vong lap 123/250 - Repository: 100 - FE luy ke: 6200 - Thoi gian: 0.2 phut
Vong lap 124/250 - Repository: 100 - FE luy ke: 6250 - Thoi gian: 0.2 phut
Vong lap 125/250 - Repository: 100 - FE luy ke: 6300 - Thoi gian: 0.2 phut
Vong lap 126/250 - Repository: 100 - FE luy ke: 6350 - Thoi gian: 0.2 phut
Vong lap 127/250 - Repository: 100 - FE luy ke: 6400 - Thoi gian: 0.2 phut
Vong lap 128/250 - Repository: 100 - FE luy ke: 6450 - Thoi gian: 0.2 phut
Vong lap 129/250 - Repository: 100 - FE luy ke: 6500 - Thoi gian: 0.2 phut
Vong lap 130/250 - Repository: 100 - FE luy ke: 6550 - Thoi gian: 0.2 phut
Vong lap 131/250 - Repository: 100 - FE luy ke: 6600 - Thoi gian: 0.2 phut
Vong lap 132/250 - Repository: 100 - FE luy ke: 6650 - Thoi gian: 0.2 phut
Vong lap 133/250 - Repository: 100 - FE luy ke: 6700 - Thoi gian: 0.2 phut
Vong lap 134/250 - Repository: 100 - FE luy ke: 6750 - Thoi gian: 0.2 phut
Vong lap 135/250 - Repository: 100 - FE luy ke: 6800 - Thoi gian: 0.2 phut
Vong lap 136/250 - Repository: 100 - FE luy ke: 6850 - Thoi gian: 0.2 phut
Vong lap 137/250 - Repository: 100 - FE luy ke: 6900 - Thoi gian: 0.2 phut
Vong lap 138/250 - Repository: 100 - FE luy ke: 6950 - Thoi gian: 0.2 phut
Vong lap 139/250 - Repository: 100 - FE luy ke: 7000 - Thoi gian: 0.2 phut
Vong lap 140/250 - Repository: 100 - FE luy ke: 7050 - Thoi gian: 0.2 phut
Vong lap 141/250 - Repository: 100 - FE luy ke: 7100 - Thoi gian: 0.2 phut
Vong lap 142/250 - Repository: 100 - FE luy ke: 7150 - Thoi gian: 0.2 phut
Vong lap 143/250 - Repository: 100 - FE luy ke: 7200 - Thoi gian: 0.2 phut
Vong lap 144/250 - Repository: 100 - FE luy ke: 7250 - Thoi gian: 0.2 phut
Vong lap 145/250 - Repository: 100 - FE luy ke: 7300 - Thoi gian: 0.2 phut
Vong lap 146/250 - Repository: 100 - FE luy ke: 7350 - Thoi gian: 0.2 phut
Vong lap 147/250 - Repository: 100 - FE luy ke: 7400 - Thoi gian: 0.2 phut
Vong lap 148/250 - Repository: 100 - FE luy ke: 7450 - Thoi gian: 0.2 phut
Vong lap 149/250 - Repository: 100 - FE luy ke: 7500 - Thoi gian: 0.2 phut
Vong lap 150/250 - Repository: 100 - FE luy ke: 7550 - Thoi gian: 0.2 phut
Vong lap 151/250 - Repository: 100 - FE luy ke: 7600 - Thoi gian: 0.2 phut
Vong lap 152/250 - Repository: 100 - FE luy ke: 7650 - Thoi gian: 0.2 phut
Vong lap 153/250 - Repository: 100 - FE luy ke: 7700 - Thoi gian: 0.2 phut
Vong lap 154/250 - Repository: 100 - FE luy ke: 7750 - Thoi gian: 0.2 phut
Vong lap 155/250 - Repository: 100 - FE luy ke: 7800 - Thoi gian: 0.2 phut
Vong lap 156/250 - Repository: 100 - FE luy ke: 7850 - Thoi gian: 0.2 phut
Vong lap 157/250 - Repository: 100 - FE luy ke: 7900 - Thoi gian: 0.2 phut
Vong lap 158/250 - Repository: 100 - FE luy ke: 7950 - Thoi gian: 0.2 phut
Vong lap 159/250 - Repository: 100 - FE luy ke: 8000 - Thoi gian: 0.2 phut
Vong lap 160/250 - Repository: 100 - FE luy ke: 8050 - Thoi gian: 0.2 phut
Vong lap 161/250 - Repository: 100 - FE luy ke: 8100 - Thoi gian: 0.2 phut
Vong lap 162/250 - Repository: 100 - FE luy ke: 8150 - Thoi gian: 0.2 phut
Vong lap 163/250 - Repository: 100 - FE luy ke: 8200 - Thoi gian: 0.2 phut
Vong lap 164/250 - Repository: 100 - FE luy ke: 8250 - Thoi gian: 0.2 phut
Vong lap 165/250 - Repository: 100 - FE luy ke: 8300 - Thoi gian: 0.2 phut
Vong lap 166/250 - Repository: 100 - FE luy ke: 8350 - Thoi gian: 0.2 phut
Vong lap 167/250 - Repository: 100 - FE luy ke: 8400 - Thoi gian: 0.2 phut
Vong lap 168/250 - Repository: 100 - FE luy ke: 8450 - Thoi gian: 0.2 phut
Vong lap 169/250 - Repository: 100 - FE luy ke: 8500 - Thoi gian: 0.3 phut
Vong lap 170/250 - Repository: 100 - FE luy ke: 8550 - Thoi gian: 0.3 phut
Vong lap 171/250 - Repository: 100 - FE luy ke: 8600 - Thoi gian: 0.3 phut
Vong lap 172/250 - Repository: 100 - FE luy ke: 8650 - Thoi gian: 0.3 phut
Vong lap 173/250 - Repository: 100 - FE luy ke: 8700 - Thoi gian: 0.3 phut
Vong lap 174/250 - Repository: 100 - FE luy ke: 8750 - Thoi gian: 0.3 phut
Vong lap 175/250 - Repository: 100 - FE luy ke: 8800 - Thoi gian: 0.3 phut
Vong lap 176/250 - Repository: 100 - FE luy ke: 8850 - Thoi gian: 0.3 phut
Vong lap 177/250 - Repository: 100 - FE luy ke: 8900 - Thoi gian: 0.3 phut
Vong lap 178/250 - Repository: 100 - FE luy ke: 8950 - Thoi gian: 0.3 phut
Vong lap 179/250 - Repository: 100 - FE luy ke: 9000 - Thoi gian: 0.3 phut
Vong lap 180/250 - Repository: 100 - FE luy ke: 9050 - Thoi gian: 0.3 phut
Vong lap 181/250 - Repository: 100 - FE luy ke: 9100 - Thoi gian: 0.3 phut
Vong lap 182/250 - Repository: 100 - FE luy ke: 9150 - Thoi gian: 0.3 phut
Vong lap 183/250 - Repository: 100 - FE luy ke: 9200 - Thoi gian: 0.3 phut
Vong lap 184/250 - Repository: 100 - FE luy ke: 9250 - Thoi gian: 0.3 phut
Vong lap 185/250 - Repository: 100 - FE luy ke: 9300 - Thoi gian: 0.3 phut
Vong lap 186/250 - Repository: 100 - FE luy ke: 9350 - Thoi gian: 0.3 phut
Vong lap 187/250 - Repository: 100 - FE luy ke: 9400 - Thoi gian: 0.3 phut
Vong lap 188/250 - Repository: 100 - FE luy ke: 9450 - Thoi gian: 0.3 phut
Vong lap 189/250 - Repository: 100 - FE luy ke: 9500 - Thoi gian: 0.3 phut
Vong lap 190/250 - Repository: 100 - FE luy ke: 9550 - Thoi gian: 0.3 phut
Vong lap 191/250 - Repository: 100 - FE luy ke: 9600 - Thoi gian: 0.3 phut
Vong lap 192/250 - Repository: 100 - FE luy ke: 9650 - Thoi gian: 0.3 phut
Vong lap 193/250 - Repository: 100 - FE luy ke: 9700 - Thoi gian: 0.3 phut
Vong lap 194/250 - Repository: 100 - FE luy ke: 9750 - Thoi gian: 0.3 phut
Vong lap 195/250 - Repository: 100 - FE luy ke: 9800 - Thoi gian: 0.3 phut
Vong lap 196/250 - Repository: 100 - FE luy ke: 9850 - Thoi gian: 0.3 phut
Vong lap 197/250 - Repository: 100 - FE luy ke: 9900 - Thoi gian: 0.3 phut
Vong lap 198/250 - Repository: 100 - FE luy ke: 9950 - Thoi gian: 0.3 phut
Vong lap 199/250 - Repository: 100 - FE luy ke: 10000 - Thoi gian: 0.3 phut
Vong lap 200/250 - Repository: 100 - FE luy ke: 10050 - Thoi gian: 0.3 phut
Vong lap 201/250 - Repository: 100 - FE luy ke: 10100 - Thoi gian: 0.3 phut
Vong lap 202/250 - Repository: 100 - FE luy ke: 10150 - Thoi gian: 0.3 phut
Vong lap 203/250 - Repository: 100 - FE luy ke: 10200 - Thoi gian: 0.3 phut
Vong lap 204/250 - Repository: 100 - FE luy ke: 10250 - Thoi gian: 0.3 phut
Vong lap 205/250 - Repository: 100 - FE luy ke: 10300 - Thoi gian: 0.3 phut
Vong lap 206/250 - Repository: 100 - FE luy ke: 10350 - Thoi gian: 0.3 phut
Vong lap 207/250 - Repository: 100 - FE luy ke: 10400 - Thoi gian: 0.3 phut
Vong lap 208/250 - Repository: 100 - FE luy ke: 10450 - Thoi gian: 0.3 phut
Vong lap 209/250 - Repository: 100 - FE luy ke: 10500 - Thoi gian: 0.3 phut
Vong lap 210/250 - Repository: 100 - FE luy ke: 10550 - Thoi gian: 0.3 phut
Vong lap 211/250 - Repository: 100 - FE luy ke: 10600 - Thoi gian: 0.3 phut
Vong lap 212/250 - Repository: 100 - FE luy ke: 10650 - Thoi gian: 0.3 phut
Vong lap 213/250 - Repository: 100 - FE luy ke: 10700 - Thoi gian: 0.3 phut
Vong lap 214/250 - Repository: 100 - FE luy ke: 10750 - Thoi gian: 0.3 phut
Vong lap 215/250 - Repository: 100 - FE luy ke: 10800 - Thoi gian: 0.3 phut
Vong lap 216/250 - Repository: 100 - FE luy ke: 10850 - Thoi gian: 0.3 phut
Vong lap 217/250 - Repository: 100 - FE luy ke: 10900 - Thoi gian: 0.3 phut
Vong lap 218/250 - Repository: 100 - FE luy ke: 10950 - Thoi gian: 0.3 phut
Vong lap 219/250 - Repository: 100 - FE luy ke: 11000 - Thoi gian: 0.3 phut
Vong lap 220/250 - Repository: 100 - FE luy ke: 11050 - Thoi gian: 0.3 phut
Vong lap 221/250 - Repository: 100 - FE luy ke: 11100 - Thoi gian: 0.3 phut
Vong lap 222/250 - Repository: 100 - FE luy ke: 11150 - Thoi gian: 0.3 phut
Vong lap 223/250 - Repository: 100 - FE luy ke: 11200 - Thoi gian: 0.3 phut
Vong lap 224/250 - Repository: 100 - FE luy ke: 11250 - Thoi gian: 0.3 phut
Vong lap 225/250 - Repository: 100 - FE luy ke: 11300 - Thoi gian: 0.3 phut
Vong lap 226/250 - Repository: 100 - FE luy ke: 11350 - Thoi gian: 0.3 phut
Vong lap 227/250 - Repository: 100 - FE luy ke: 11400 - Thoi gian: 0.3 phut
Vong lap 228/250 - Repository: 100 - FE luy ke: 11450 - Thoi gian: 0.3 phut
Vong lap 229/250 - Repository: 100 - FE luy ke: 11500 - Thoi gian: 0.4 phut
Vong lap 230/250 - Repository: 100 - FE luy ke: 11550 - Thoi gian: 0.4 phut
Vong lap 231/250 - Repository: 100 - FE luy ke: 11600 - Thoi gian: 0.4 phut
Vong lap 232/250 - Repository: 100 - FE luy ke: 11650 - Thoi gian: 0.4 phut
Vong lap 233/250 - Repository: 100 - FE luy ke: 11700 - Thoi gian: 0.4 phut
Vong lap 234/250 - Repository: 100 - FE luy ke: 11750 - Thoi gian: 0.4 phut
Vong lap 235/250 - Repository: 100 - FE luy ke: 11800 - Thoi gian: 0.4 phut
Vong lap 236/250 - Repository: 100 - FE luy ke: 11850 - Thoi gian: 0.4 phut
Vong lap 237/250 - Repository: 100 - FE luy ke: 11900 - Thoi gian: 0.4 phut
Vong lap 238/250 - Repository: 100 - FE luy ke: 11950 - Thoi gian: 0.4 phut
Vong lap 239/250 - Repository: 100 - FE luy ke: 12000 - Thoi gian: 0.4 phut
Vong lap 240/250 - Repository: 100 - FE luy ke: 12050 - Thoi gian: 0.4 phut
Vong lap 241/250 - Repository: 100 - FE luy ke: 12100 - Thoi gian: 0.4 phut
Vong lap 242/250 - Repository: 100 - FE luy ke: 12150 - Thoi gian: 0.4 phut
Vong lap 243/250 - Repository: 100 - FE luy ke: 12200 - Thoi gian: 0.4 phut
Vong lap 244/250 - Repository: 100 - FE luy ke: 12250 - Thoi gian: 0.4 phut
Vong lap 245/250 - Repository: 100 - FE luy ke: 12300 - Thoi gian: 0.4 phut
Vong lap 246/250 - Repository: 100 - FE luy ke: 12350 - Thoi gian: 0.4 phut
Vong lap 247/250 - Repository: 100 - FE luy ke: 12400 - Thoi gian: 0.4 phut
Vong lap 248/250 - Repository: 100 - FE luy ke: 12450 - Thoi gian: 0.4 phut
Vong lap 249/250 - Repository: 100 - FE luy ke: 12500 - Thoi gian: 0.4 phut
Vong lap 250/250 - Repository: 100 - FE luy ke: 12550 - Thoi gian: 0.4 phut
HOAN THANH campaign E-MOSFOA. Tong thoi gian: 0.01 gio. So nghiem Pareto: 100
=== E-MOSFOA doc lap lan 29/30 (RunTag=run29) ===
[Wharf100DWT E-MOSFOA - SONG SONG] Np=50 Max_it=250 Nr=100 Num_work=8 (FE uoc tinh=12550)
SUCCESS: The process "SAP2000.exe" with PID 25908 has been terminated. 
SUCCESS: The process "SAP2000.exe" with PID 23668 has been terminated. 
SUCCESS: The process "SAP2000.exe" with PID 23980 has been terminated. 
SUCCESS: The process "SAP2000.exe" with PID 27136 has been terminated. 
SUCCESS: The process "SAP2000.exe" with PID 25024 has been terminated. 
SUCCESS: The process "SAP2000.exe" with PID 9760 has been terminated. 
SUCCESS: The process "SAP2000.exe" with PID 17116 has been terminated. 
SUCCESS: The process "SAP2000.exe" with PID 20680 has been terminated. 
[Warning: Files that have already been attached are being ignored. To see which files are attached see the 'AttachedFiles' property of the parallel pool.] 
Worker 1: 
  wharf100dwt_evaluate: da nap cache tu D:\ResearchLab\02_Projects\02_Projects\MOFDA\Wharf100DWT\results\Wharf100DWT_BRUTEFORCE_FINAL.mat (4080 to hop).
Worker 2: 
  wharf100dwt_evaluate: da nap cache tu D:\ResearchLab\02_Projects\02_Projects\MOFDA\Wharf100DWT\results\Wharf100DWT_BRUTEFORCE_FINAL.mat (4080 to hop).
Worker 3: 
  wharf100dwt_evaluate: da nap cache tu D:\ResearchLab\02_Projects\02_Projects\MOFDA\Wharf100DWT\results\Wharf100DWT_BRUTEFORCE_FINAL.mat (4080 to hop).
Worker 4: 
  wharf100dwt_evaluate: da nap cache tu D:\ResearchLab\02_Projects\02_Projects\MOFDA\Wharf100DWT\results\Wharf100DWT_BRUTEFORCE_FINAL.mat (4080 to hop).
Worker 5: 
  wharf100dwt_evaluate: da nap cache tu D:\ResearchLab\02_Projects\02_Projects\MOFDA\Wharf100DWT\results\Wharf100DWT_BRUTEFORCE_FINAL.mat (4080 to hop).
Worker 6: 
  wharf100dwt_evaluate: da nap cache tu D:\ResearchLab\02_Projects\02_Projects\MOFDA\Wharf100DWT\results\Wharf100DWT_BRUTEFORCE_FINAL.mat (4080 to hop).
Worker 7: 
  wharf100dwt_evaluate: da nap cache tu D:\ResearchLab\02_Projects\02_Projects\MOFDA\Wharf100DWT\results\Wharf100DWT_BRUTEFORCE_FINAL.mat (4080 to hop).
Worker 8: 
  wharf100dwt_evaluate: da nap cache tu D:\ResearchLab\02_Projects\02_Projects\MOFDA\Wharf100DWT\results\Wharf100DWT_BRUTEFORCE_FINAL.mat (4080 to hop).
The he #0 - Kich thuoc Repository: 6
Vong lap 1/250 - Repository: 11 - FE luy ke: 100 - Thoi gian: 0.0 phut
Vong lap 2/250 - Repository: 14 - FE luy ke: 150 - Thoi gian: 0.0 phut
Vong lap 3/250 - Repository: 23 - FE luy ke: 200 - Thoi gian: 0.0 phut
Vong lap 4/250 - Repository: 18 - FE luy ke: 250 - Thoi gian: 0.0 phut
Vong lap 5/250 - Repository: 25 - FE luy ke: 300 - Thoi gian: 0.0 phut
Vong lap 6/250 - Repository: 35 - FE luy ke: 350 - Thoi gian: 0.0 phut
Vong lap 7/250 - Repository: 47 - FE luy ke: 400 - Thoi gian: 0.0 phut
Vong lap 8/250 - Repository: 53 - FE luy ke: 450 - Thoi gian: 0.0 phut
Vong lap 9/250 - Repository: 64 - FE luy ke: 500 - Thoi gian: 0.0 phut
Vong lap 10/250 - Repository: 74 - FE luy ke: 550 - Thoi gian: 0.0 phut
Vong lap 11/250 - Repository: 84 - FE luy ke: 600 - Thoi gian: 0.0 phut
Vong lap 12/250 - Repository: 93 - FE luy ke: 650 - Thoi gian: 0.0 phut
Vong lap 13/250 - Repository: 100 - FE luy ke: 700 - Thoi gian: 0.0 phut
Vong lap 14/250 - Repository: 100 - FE luy ke: 750 - Thoi gian: 0.0 phut
Vong lap 15/250 - Repository: 100 - FE luy ke: 800 - Thoi gian: 0.0 phut
Vong lap 16/250 - Repository: 100 - FE luy ke: 850 - Thoi gian: 0.0 phut
Vong lap 17/250 - Repository: 100 - FE luy ke: 900 - Thoi gian: 0.0 phut
Vong lap 18/250 - Repository: 100 - FE luy ke: 950 - Thoi gian: 0.0 phut
Vong lap 19/250 - Repository: 100 - FE luy ke: 1000 - Thoi gian: 0.0 phut
Vong lap 20/250 - Repository: 100 - FE luy ke: 1050 - Thoi gian: 0.0 phut
Vong lap 21/250 - Repository: 100 - FE luy ke: 1100 - Thoi gian: 0.0 phut
Vong lap 22/250 - Repository: 100 - FE luy ke: 1150 - Thoi gian: 0.0 phut
Vong lap 23/250 - Repository: 100 - FE luy ke: 1200 - Thoi gian: 0.0 phut
Vong lap 24/250 - Repository: 100 - FE luy ke: 1250 - Thoi gian: 0.0 phut
Vong lap 25/250 - Repository: 100 - FE luy ke: 1300 - Thoi gian: 0.0 phut
Vong lap 26/250 - Repository: 100 - FE luy ke: 1350 - Thoi gian: 0.0 phut
Vong lap 27/250 - Repository: 100 - FE luy ke: 1400 - Thoi gian: 0.0 phut
Vong lap 28/250 - Repository: 100 - FE luy ke: 1450 - Thoi gian: 0.0 phut
Vong lap 29/250 - Repository: 100 - FE luy ke: 1500 - Thoi gian: 0.0 phut
Vong lap 30/250 - Repository: 100 - FE luy ke: 1550 - Thoi gian: 0.0 phut
Vong lap 31/250 - Repository: 100 - FE luy ke: 1600 - Thoi gian: 0.0 phut
Vong lap 32/250 - Repository: 100 - FE luy ke: 1650 - Thoi gian: 0.0 phut
Vong lap 33/250 - Repository: 100 - FE luy ke: 1700 - Thoi gian: 0.0 phut
Vong lap 34/250 - Repository: 100 - FE luy ke: 1750 - Thoi gian: 0.0 phut
Vong lap 35/250 - Repository: 100 - FE luy ke: 1800 - Thoi gian: 0.0 phut
Vong lap 36/250 - Repository: 100 - FE luy ke: 1850 - Thoi gian: 0.0 phut
Vong lap 37/250 - Repository: 100 - FE luy ke: 1900 - Thoi gian: 0.1 phut
Vong lap 38/250 - Repository: 100 - FE luy ke: 1950 - Thoi gian: 0.1 phut
Vong lap 39/250 - Repository: 100 - FE luy ke: 2000 - Thoi gian: 0.1 phut
Vong lap 40/250 - Repository: 100 - FE luy ke: 2050 - Thoi gian: 0.1 phut
Vong lap 41/250 - Repository: 100 - FE luy ke: 2100 - Thoi gian: 0.1 phut
Vong lap 42/250 - Repository: 100 - FE luy ke: 2150 - Thoi gian: 0.1 phut
Vong lap 43/250 - Repository: 100 - FE luy ke: 2200 - Thoi gian: 0.1 phut
Vong lap 44/250 - Repository: 100 - FE luy ke: 2250 - Thoi gian: 0.1 phut
Vong lap 45/250 - Repository: 100 - FE luy ke: 2300 - Thoi gian: 0.1 phut
Vong lap 46/250 - Repository: 100 - FE luy ke: 2350 - Thoi gian: 0.1 phut
Vong lap 47/250 - Repository: 100 - FE luy ke: 2400 - Thoi gian: 0.1 phut
Vong lap 48/250 - Repository: 100 - FE luy ke: 2450 - Thoi gian: 0.1 phut
Vong lap 49/250 - Repository: 100 - FE luy ke: 2500 - Thoi gian: 0.1 phut
Vong lap 50/250 - Repository: 100 - FE luy ke: 2550 - Thoi gian: 0.1 phut
Vong lap 51/250 - Repository: 100 - FE luy ke: 2600 - Thoi gian: 0.1 phut
Vong lap 52/250 - Repository: 100 - FE luy ke: 2650 - Thoi gian: 0.1 phut
Vong lap 53/250 - Repository: 100 - FE luy ke: 2700 - Thoi gian: 0.1 phut
Vong lap 54/250 - Repository: 100 - FE luy ke: 2750 - Thoi gian: 0.1 phut
Vong lap 55/250 - Repository: 100 - FE luy ke: 2800 - Thoi gian: 0.1 phut
Vong lap 56/250 - Repository: 100 - FE luy ke: 2850 - Thoi gian: 0.1 phut
Vong lap 57/250 - Repository: 100 - FE luy ke: 2900 - Thoi gian: 0.1 phut
Vong lap 58/250 - Repository: 100 - FE luy ke: 2950 - Thoi gian: 0.1 phut
Vong lap 59/250 - Repository: 100 - FE luy ke: 3000 - Thoi gian: 0.1 phut
Vong lap 60/250 - Repository: 100 - FE luy ke: 3050 - Thoi gian: 0.1 phut
Vong lap 61/250 - Repository: 100 - FE luy ke: 3100 - Thoi gian: 0.1 phut
Vong lap 62/250 - Repository: 100 - FE luy ke: 3150 - Thoi gian: 0.1 phut
Vong lap 63/250 - Repository: 100 - FE luy ke: 3200 - Thoi gian: 0.1 phut
Vong lap 64/250 - Repository: 100 - FE luy ke: 3250 - Thoi gian: 0.1 phut
Vong lap 65/250 - Repository: 100 - FE luy ke: 3300 - Thoi gian: 0.1 phut
Vong lap 66/250 - Repository: 100 - FE luy ke: 3350 - Thoi gian: 0.1 phut
Vong lap 67/250 - Repository: 100 - FE luy ke: 3400 - Thoi gian: 0.1 phut
Vong lap 68/250 - Repository: 100 - FE luy ke: 3450 - Thoi gian: 0.1 phut
Vong lap 69/250 - Repository: 100 - FE luy ke: 3500 - Thoi gian: 0.1 phut
Vong lap 70/250 - Repository: 100 - FE luy ke: 3550 - Thoi gian: 0.1 phut
Vong lap 71/250 - Repository: 100 - FE luy ke: 3600 - Thoi gian: 0.1 phut
Vong lap 72/250 - Repository: 100 - FE luy ke: 3650 - Thoi gian: 0.1 phut
Vong lap 73/250 - Repository: 100 - FE luy ke: 3700 - Thoi gian: 0.1 phut
Vong lap 74/250 - Repository: 100 - FE luy ke: 3750 - Thoi gian: 0.1 phut
Vong lap 75/250 - Repository: 100 - FE luy ke: 3800 - Thoi gian: 0.1 phut
Vong lap 76/250 - Repository: 100 - FE luy ke: 3850 - Thoi gian: 0.1 phut
Vong lap 77/250 - Repository: 100 - FE luy ke: 3900 - Thoi gian: 0.1 phut
Vong lap 78/250 - Repository: 100 - FE luy ke: 3950 - Thoi gian: 0.1 phut
Vong lap 79/250 - Repository: 100 - FE luy ke: 4000 - Thoi gian: 0.1 phut
Vong lap 80/250 - Repository: 100 - FE luy ke: 4050 - Thoi gian: 0.1 phut
Vong lap 81/250 - Repository: 100 - FE luy ke: 4100 - Thoi gian: 0.1 phut
Vong lap 82/250 - Repository: 100 - FE luy ke: 4150 - Thoi gian: 0.1 phut
Vong lap 83/250 - Repository: 100 - FE luy ke: 4200 - Thoi gian: 0.1 phut
Vong lap 84/250 - Repository: 100 - FE luy ke: 4250 - Thoi gian: 0.1 phut
Vong lap 85/250 - Repository: 100 - FE luy ke: 4300 - Thoi gian: 0.1 phut
Vong lap 86/250 - Repository: 100 - FE luy ke: 4350 - Thoi gian: 0.1 phut
Vong lap 87/250 - Repository: 100 - FE luy ke: 4400 - Thoi gian: 0.1 phut
Vong lap 88/250 - Repository: 100 - FE luy ke: 4450 - Thoi gian: 0.1 phut
Vong lap 89/250 - Repository: 100 - FE luy ke: 4500 - Thoi gian: 0.1 phut
Vong lap 90/250 - Repository: 100 - FE luy ke: 4550 - Thoi gian: 0.1 phut
Vong lap 91/250 - Repository: 100 - FE luy ke: 4600 - Thoi gian: 0.1 phut
Vong lap 92/250 - Repository: 100 - FE luy ke: 4650 - Thoi gian: 0.1 phut
Vong lap 93/250 - Repository: 100 - FE luy ke: 4700 - Thoi gian: 0.1 phut
Vong lap 94/250 - Repository: 100 - FE luy ke: 4750 - Thoi gian: 0.1 phut
Vong lap 95/250 - Repository: 100 - FE luy ke: 4800 - Thoi gian: 0.1 phut
Vong lap 96/250 - Repository: 100 - FE luy ke: 4850 - Thoi gian: 0.1 phut
Vong lap 97/250 - Repository: 100 - FE luy ke: 4900 - Thoi gian: 0.1 phut
Vong lap 98/250 - Repository: 100 - FE luy ke: 4950 - Thoi gian: 0.1 phut
Vong lap 99/250 - Repository: 100 - FE luy ke: 5000 - Thoi gian: 0.1 phut
Vong lap 100/250 - Repository: 100 - FE luy ke: 5050 - Thoi gian: 0.1 phut
Vong lap 101/250 - Repository: 100 - FE luy ke: 5100 - Thoi gian: 0.1 phut
Vong lap 102/250 - Repository: 100 - FE luy ke: 5150 - Thoi gian: 0.1 phut
Vong lap 103/250 - Repository: 100 - FE luy ke: 5200 - Thoi gian: 0.2 phut
Vong lap 104/250 - Repository: 100 - FE luy ke: 5250 - Thoi gian: 0.2 phut
Vong lap 105/250 - Repository: 100 - FE luy ke: 5300 - Thoi gian: 0.2 phut
Vong lap 106/250 - Repository: 100 - FE luy ke: 5350 - Thoi gian: 0.2 phut
Vong lap 107/250 - Repository: 100 - FE luy ke: 5400 - Thoi gian: 0.2 phut
Vong lap 108/250 - Repository: 100 - FE luy ke: 5450 - Thoi gian: 0.2 phut
Vong lap 109/250 - Repository: 100 - FE luy ke: 5500 - Thoi gian: 0.2 phut
Vong lap 110/250 - Repository: 100 - FE luy ke: 5550 - Thoi gian: 0.2 phut
Vong lap 111/250 - Repository: 100 - FE luy ke: 5600 - Thoi gian: 0.2 phut
Vong lap 112/250 - Repository: 100 - FE luy ke: 5650 - Thoi gian: 0.2 phut
Vong lap 113/250 - Repository: 100 - FE luy ke: 5700 - Thoi gian: 0.2 phut
Vong lap 114/250 - Repository: 100 - FE luy ke: 5750 - Thoi gian: 0.2 phut
Vong lap 115/250 - Repository: 100 - FE luy ke: 5800 - Thoi gian: 0.2 phut
Vong lap 116/250 - Repository: 100 - FE luy ke: 5850 - Thoi gian: 0.2 phut
Vong lap 117/250 - Repository: 100 - FE luy ke: 5900 - Thoi gian: 0.2 phut
Vong lap 118/250 - Repository: 100 - FE luy ke: 5950 - Thoi gian: 0.2 phut
Vong lap 119/250 - Repository: 100 - FE luy ke: 6000 - Thoi gian: 0.2 phut
Vong lap 120/250 - Repository: 100 - FE luy ke: 6050 - Thoi gian: 0.2 phut
Vong lap 121/250 - Repository: 100 - FE luy ke: 6100 - Thoi gian: 0.2 phut
Vong lap 122/250 - Repository: 100 - FE luy ke: 6150 - Thoi gian: 0.2 phut
Vong lap 123/250 - Repository: 100 - FE luy ke: 6200 - Thoi gian: 0.2 phut
Vong lap 124/250 - Repository: 100 - FE luy ke: 6250 - Thoi gian: 0.2 phut
Vong lap 125/250 - Repository: 100 - FE luy ke: 6300 - Thoi gian: 0.2 phut
Vong lap 126/250 - Repository: 100 - FE luy ke: 6350 - Thoi gian: 0.2 phut
Vong lap 127/250 - Repository: 100 - FE luy ke: 6400 - Thoi gian: 0.2 phut
Vong lap 128/250 - Repository: 100 - FE luy ke: 6450 - Thoi gian: 0.2 phut
Vong lap 129/250 - Repository: 100 - FE luy ke: 6500 - Thoi gian: 0.2 phut
Vong lap 130/250 - Repository: 100 - FE luy ke: 6550 - Thoi gian: 0.2 phut
Vong lap 131/250 - Repository: 100 - FE luy ke: 6600 - Thoi gian: 0.2 phut
Vong lap 132/250 - Repository: 100 - FE luy ke: 6650 - Thoi gian: 0.2 phut
Vong lap 133/250 - Repository: 100 - FE luy ke: 6700 - Thoi gian: 0.2 phut
Vong lap 134/250 - Repository: 100 - FE luy ke: 6750 - Thoi gian: 0.2 phut
Vong lap 135/250 - Repository: 100 - FE luy ke: 6800 - Thoi gian: 0.2 phut
Vong lap 136/250 - Repository: 100 - FE luy ke: 6850 - Thoi gian: 0.2 phut
Vong lap 137/250 - Repository: 100 - FE luy ke: 6900 - Thoi gian: 0.2 phut
Vong lap 138/250 - Repository: 100 - FE luy ke: 6950 - Thoi gian: 0.2 phut
Vong lap 139/250 - Repository: 100 - FE luy ke: 7000 - Thoi gian: 0.2 phut
Vong lap 140/250 - Repository: 100 - FE luy ke: 7050 - Thoi gian: 0.2 phut
Vong lap 141/250 - Repository: 100 - FE luy ke: 7100 - Thoi gian: 0.2 phut
Vong lap 142/250 - Repository: 100 - FE luy ke: 7150 - Thoi gian: 0.2 phut
Vong lap 143/250 - Repository: 100 - FE luy ke: 7200 - Thoi gian: 0.2 phut
Vong lap 144/250 - Repository: 100 - FE luy ke: 7250 - Thoi gian: 0.2 phut
Vong lap 145/250 - Repository: 100 - FE luy ke: 7300 - Thoi gian: 0.2 phut
Vong lap 146/250 - Repository: 100 - FE luy ke: 7350 - Thoi gian: 0.2 phut
Vong lap 147/250 - Repository: 100 - FE luy ke: 7400 - Thoi gian: 0.2 phut
Vong lap 148/250 - Repository: 100 - FE luy ke: 7450 - Thoi gian: 0.2 phut
Vong lap 149/250 - Repository: 100 - FE luy ke: 7500 - Thoi gian: 0.2 phut
Vong lap 150/250 - Repository: 100 - FE luy ke: 7550 - Thoi gian: 0.2 phut
Vong lap 151/250 - Repository: 100 - FE luy ke: 7600 - Thoi gian: 0.2 phut
Vong lap 152/250 - Repository: 100 - FE luy ke: 7650 - Thoi gian: 0.2 phut
Vong lap 153/250 - Repository: 100 - FE luy ke: 7700 - Thoi gian: 0.2 phut
Vong lap 154/250 - Repository: 100 - FE luy ke: 7750 - Thoi gian: 0.2 phut
Vong lap 155/250 - Repository: 100 - FE luy ke: 7800 - Thoi gian: 0.2 phut
Vong lap 156/250 - Repository: 100 - FE luy ke: 7850 - Thoi gian: 0.2 phut
Vong lap 157/250 - Repository: 100 - FE luy ke: 7900 - Thoi gian: 0.2 phut
Vong lap 158/250 - Repository: 100 - FE luy ke: 7950 - Thoi gian: 0.2 phut
Vong lap 159/250 - Repository: 100 - FE luy ke: 8000 - Thoi gian: 0.2 phut
Vong lap 160/250 - Repository: 100 - FE luy ke: 8050 - Thoi gian: 0.2 phut
Vong lap 161/250 - Repository: 100 - FE luy ke: 8100 - Thoi gian: 0.2 phut
Vong lap 162/250 - Repository: 100 - FE luy ke: 8150 - Thoi gian: 0.2 phut
Vong lap 163/250 - Repository: 100 - FE luy ke: 8200 - Thoi gian: 0.2 phut
Vong lap 164/250 - Repository: 100 - FE luy ke: 8250 - Thoi gian: 0.2 phut
Vong lap 165/250 - Repository: 100 - FE luy ke: 8300 - Thoi gian: 0.2 phut
Vong lap 166/250 - Repository: 100 - FE luy ke: 8350 - Thoi gian: 0.2 phut
Vong lap 167/250 - Repository: 100 - FE luy ke: 8400 - Thoi gian: 0.3 phut
Vong lap 168/250 - Repository: 100 - FE luy ke: 8450 - Thoi gian: 0.3 phut
Vong lap 169/250 - Repository: 100 - FE luy ke: 8500 - Thoi gian: 0.3 phut
Vong lap 170/250 - Repository: 100 - FE luy ke: 8550 - Thoi gian: 0.3 phut
Vong lap 171/250 - Repository: 100 - FE luy ke: 8600 - Thoi gian: 0.3 phut
Vong lap 172/250 - Repository: 100 - FE luy ke: 8650 - Thoi gian: 0.3 phut
Vong lap 173/250 - Repository: 100 - FE luy ke: 8700 - Thoi gian: 0.3 phut
Vong lap 174/250 - Repository: 100 - FE luy ke: 8750 - Thoi gian: 0.3 phut
Vong lap 175/250 - Repository: 100 - FE luy ke: 8800 - Thoi gian: 0.3 phut
Vong lap 176/250 - Repository: 100 - FE luy ke: 8850 - Thoi gian: 0.3 phut
Vong lap 177/250 - Repository: 100 - FE luy ke: 8900 - Thoi gian: 0.3 phut
Vong lap 178/250 - Repository: 100 - FE luy ke: 8950 - Thoi gian: 0.3 phut
Vong lap 179/250 - Repository: 100 - FE luy ke: 9000 - Thoi gian: 0.3 phut
Vong lap 180/250 - Repository: 100 - FE luy ke: 9050 - Thoi gian: 0.3 phut
Vong lap 181/250 - Repository: 100 - FE luy ke: 9100 - Thoi gian: 0.3 phut
Vong lap 182/250 - Repository: 100 - FE luy ke: 9150 - Thoi gian: 0.3 phut
Vong lap 183/250 - Repository: 100 - FE luy ke: 9200 - Thoi gian: 0.3 phut
Vong lap 184/250 - Repository: 100 - FE luy ke: 9250 - Thoi gian: 0.3 phut
Vong lap 185/250 - Repository: 100 - FE luy ke: 9300 - Thoi gian: 0.3 phut
Vong lap 186/250 - Repository: 100 - FE luy ke: 9350 - Thoi gian: 0.3 phut
Vong lap 187/250 - Repository: 100 - FE luy ke: 9400 - Thoi gian: 0.3 phut
Vong lap 188/250 - Repository: 100 - FE luy ke: 9450 - Thoi gian: 0.3 phut
Vong lap 189/250 - Repository: 100 - FE luy ke: 9500 - Thoi gian: 0.3 phut
Vong lap 190/250 - Repository: 100 - FE luy ke: 9550 - Thoi gian: 0.3 phut
Vong lap 191/250 - Repository: 100 - FE luy ke: 9600 - Thoi gian: 0.3 phut
Vong lap 192/250 - Repository: 100 - FE luy ke: 9650 - Thoi gian: 0.3 phut
Vong lap 193/250 - Repository: 100 - FE luy ke: 9700 - Thoi gian: 0.3 phut
Vong lap 194/250 - Repository: 100 - FE luy ke: 9750 - Thoi gian: 0.3 phut
Vong lap 195/250 - Repository: 100 - FE luy ke: 9800 - Thoi gian: 0.3 phut
Vong lap 196/250 - Repository: 100 - FE luy ke: 9850 - Thoi gian: 0.3 phut
Vong lap 197/250 - Repository: 100 - FE luy ke: 9900 - Thoi gian: 0.3 phut
Vong lap 198/250 - Repository: 100 - FE luy ke: 9950 - Thoi gian: 0.3 phut
Vong lap 199/250 - Repository: 100 - FE luy ke: 10000 - Thoi gian: 0.3 phut
Vong lap 200/250 - Repository: 100 - FE luy ke: 10050 - Thoi gian: 0.3 phut
Vong lap 201/250 - Repository: 100 - FE luy ke: 10100 - Thoi gian: 0.3 phut
Vong lap 202/250 - Repository: 100 - FE luy ke: 10150 - Thoi gian: 0.3 phut
Vong lap 203/250 - Repository: 100 - FE luy ke: 10200 - Thoi gian: 0.3 phut
Vong lap 204/250 - Repository: 100 - FE luy ke: 10250 - Thoi gian: 0.3 phut
Vong lap 205/250 - Repository: 100 - FE luy ke: 10300 - Thoi gian: 0.3 phut
Vong lap 206/250 - Repository: 100 - FE luy ke: 10350 - Thoi gian: 0.3 phut
Vong lap 207/250 - Repository: 100 - FE luy ke: 10400 - Thoi gian: 0.3 phut
Vong lap 208/250 - Repository: 100 - FE luy ke: 10450 - Thoi gian: 0.3 phut
Vong lap 209/250 - Repository: 100 - FE luy ke: 10500 - Thoi gian: 0.3 phut
Vong lap 210/250 - Repository: 100 - FE luy ke: 10550 - Thoi gian: 0.3 phut
Vong lap 211/250 - Repository: 100 - FE luy ke: 10600 - Thoi gian: 0.3 phut
Vong lap 212/250 - Repository: 100 - FE luy ke: 10650 - Thoi gian: 0.3 phut
Vong lap 213/250 - Repository: 100 - FE luy ke: 10700 - Thoi gian: 0.3 phut
Vong lap 214/250 - Repository: 100 - FE luy ke: 10750 - Thoi gian: 0.3 phut
Vong lap 215/250 - Repository: 100 - FE luy ke: 10800 - Thoi gian: 0.3 phut
Vong lap 216/250 - Repository: 100 - FE luy ke: 10850 - Thoi gian: 0.3 phut
Vong lap 217/250 - Repository: 100 - FE luy ke: 10900 - Thoi gian: 0.3 phut
Vong lap 218/250 - Repository: 100 - FE luy ke: 10950 - Thoi gian: 0.3 phut
Vong lap 219/250 - Repository: 100 - FE luy ke: 11000 - Thoi gian: 0.3 phut
Vong lap 220/250 - Repository: 100 - FE luy ke: 11050 - Thoi gian: 0.3 phut
Vong lap 221/250 - Repository: 100 - FE luy ke: 11100 - Thoi gian: 0.3 phut
Vong lap 222/250 - Repository: 100 - FE luy ke: 11150 - Thoi gian: 0.3 phut
Vong lap 223/250 - Repository: 100 - FE luy ke: 11200 - Thoi gian: 0.3 phut
Vong lap 224/250 - Repository: 100 - FE luy ke: 11250 - Thoi gian: 0.3 phut
Vong lap 225/250 - Repository: 100 - FE luy ke: 11300 - Thoi gian: 0.3 phut
Vong lap 226/250 - Repository: 100 - FE luy ke: 11350 - Thoi gian: 0.3 phut
Vong lap 227/250 - Repository: 100 - FE luy ke: 11400 - Thoi gian: 0.4 phut
Vong lap 228/250 - Repository: 100 - FE luy ke: 11450 - Thoi gian: 0.4 phut
Vong lap 229/250 - Repository: 100 - FE luy ke: 11500 - Thoi gian: 0.4 phut
Vong lap 230/250 - Repository: 100 - FE luy ke: 11550 - Thoi gian: 0.4 phut
Vong lap 231/250 - Repository: 100 - FE luy ke: 11600 - Thoi gian: 0.4 phut
Vong lap 232/250 - Repository: 100 - FE luy ke: 11650 - Thoi gian: 0.4 phut
Vong lap 233/250 - Repository: 100 - FE luy ke: 11700 - Thoi gian: 0.4 phut
Vong lap 234/250 - Repository: 100 - FE luy ke: 11750 - Thoi gian: 0.4 phut
Vong lap 235/250 - Repository: 100 - FE luy ke: 11800 - Thoi gian: 0.4 phut
Vong lap 236/250 - Repository: 100 - FE luy ke: 11850 - Thoi gian: 0.4 phut
Vong lap 237/250 - Repository: 100 - FE luy ke: 11900 - Thoi gian: 0.4 phut
Vong lap 238/250 - Repository: 100 - FE luy ke: 11950 - Thoi gian: 0.4 phut
Vong lap 239/250 - Repository: 100 - FE luy ke: 12000 - Thoi gian: 0.4 phut
Vong lap 240/250 - Repository: 100 - FE luy ke: 12050 - Thoi gian: 0.4 phut
Vong lap 241/250 - Repository: 100 - FE luy ke: 12100 - Thoi gian: 0.4 phut
Vong lap 242/250 - Repository: 100 - FE luy ke: 12150 - Thoi gian: 0.4 phut
Vong lap 243/250 - Repository: 100 - FE luy ke: 12200 - Thoi gian: 0.4 phut
Vong lap 244/250 - Repository: 100 - FE luy ke: 12250 - Thoi gian: 0.4 phut
Vong lap 245/250 - Repository: 100 - FE luy ke: 12300 - Thoi gian: 0.4 phut
Vong lap 246/250 - Repository: 100 - FE luy ke: 12350 - Thoi gian: 0.4 phut
Vong lap 247/250 - Repository: 100 - FE luy ke: 12400 - Thoi gian: 0.4 phut
Vong lap 248/250 - Repository: 100 - FE luy ke: 12450 - Thoi gian: 0.4 phut
Vong lap 249/250 - Repository: 100 - FE luy ke: 12500 - Thoi gian: 0.4 phut
Vong lap 250/250 - Repository: 100 - FE luy ke: 12550 - Thoi gian: 0.4 phut
HOAN THANH campaign E-MOSFOA. Tong thoi gian: 0.01 gio. So nghiem Pareto: 100
=== E-MOSFOA doc lap lan 30/30 (RunTag=run30) ===
[Wharf100DWT E-MOSFOA - SONG SONG] Np=50 Max_it=250 Nr=100 Num_work=8 (FE uoc tinh=12550)
SUCCESS: The process "SAP2000.exe" with PID 13008 has been terminated. 
SUCCESS: The process "SAP2000.exe" with PID 3044 has been terminated. 
SUCCESS: The process "SAP2000.exe" with PID 25104 has been terminated. 
SUCCESS: The process "SAP2000.exe" with PID 25168 has been terminated. 
SUCCESS: The process "SAP2000.exe" with PID 22464 has been terminated. 
SUCCESS: The process "SAP2000.exe" with PID 26756 has been terminated. 
SUCCESS: The process "SAP2000.exe" with PID 25384 has been terminated. 
SUCCESS: The process "SAP2000.exe" with PID 22040 has been terminated. 
[Warning: Files that have already been attached are being ignored. To see which files are attached see the 'AttachedFiles' property of the parallel pool.] 
Worker 1: 
  wharf100dwt_evaluate: da nap cache tu D:\ResearchLab\02_Projects\02_Projects\MOFDA\Wharf100DWT\results\Wharf100DWT_BRUTEFORCE_FINAL.mat (4080 to hop).
Worker 2: 
  wharf100dwt_evaluate: da nap cache tu D:\ResearchLab\02_Projects\02_Projects\MOFDA\Wharf100DWT\results\Wharf100DWT_BRUTEFORCE_FINAL.mat (4080 to hop).
Worker 3: 
  wharf100dwt_evaluate: da nap cache tu D:\ResearchLab\02_Projects\02_Projects\MOFDA\Wharf100DWT\results\Wharf100DWT_BRUTEFORCE_FINAL.mat (4080 to hop).
Worker 4: 
  wharf100dwt_evaluate: da nap cache tu D:\ResearchLab\02_Projects\02_Projects\MOFDA\Wharf100DWT\results\Wharf100DWT_BRUTEFORCE_FINAL.mat (4080 to hop).
Worker 5: 
  wharf100dwt_evaluate: da nap cache tu D:\ResearchLab\02_Projects\02_Projects\MOFDA\Wharf100DWT\results\Wharf100DWT_BRUTEFORCE_FINAL.mat (4080 to hop).
Worker 6: 
  wharf100dwt_evaluate: da nap cache tu D:\ResearchLab\02_Projects\02_Projects\MOFDA\Wharf100DWT\results\Wharf100DWT_BRUTEFORCE_FINAL.mat (4080 to hop).
Worker 7: 
  wharf100dwt_evaluate: da nap cache tu D:\ResearchLab\02_Projects\02_Projects\MOFDA\Wharf100DWT\results\Wharf100DWT_BRUTEFORCE_FINAL.mat (4080 to hop).
Worker 8: 
  wharf100dwt_evaluate: da nap cache tu D:\ResearchLab\02_Projects\02_Projects\MOFDA\Wharf100DWT\results\Wharf100DWT_BRUTEFORCE_FINAL.mat (4080 to hop).
The he #0 - Kich thuoc Repository: 2
Vong lap 1/250 - Repository: 7 - FE luy ke: 100 - Thoi gian: 0.0 phut
Vong lap 2/250 - Repository: 9 - FE luy ke: 150 - Thoi gian: 0.0 phut
Vong lap 3/250 - Repository: 11 - FE luy ke: 200 - Thoi gian: 0.0 phut
Vong lap 4/250 - Repository: 21 - FE luy ke: 250 - Thoi gian: 0.0 phut
Vong lap 5/250 - Repository: 33 - FE luy ke: 300 - Thoi gian: 0.0 phut
Vong lap 6/250 - Repository: 47 - FE luy ke: 350 - Thoi gian: 0.0 phut
Vong lap 7/250 - Repository: 51 - FE luy ke: 400 - Thoi gian: 0.0 phut
Vong lap 8/250 - Repository: 69 - FE luy ke: 450 - Thoi gian: 0.0 phut
Vong lap 9/250 - Repository: 87 - FE luy ke: 500 - Thoi gian: 0.0 phut
Vong lap 10/250 - Repository: 100 - FE luy ke: 550 - Thoi gian: 0.0 phut
Vong lap 11/250 - Repository: 100 - FE luy ke: 600 - Thoi gian: 0.0 phut
Vong lap 12/250 - Repository: 100 - FE luy ke: 650 - Thoi gian: 0.0 phut
Vong lap 13/250 - Repository: 100 - FE luy ke: 700 - Thoi gian: 0.0 phut
Vong lap 14/250 - Repository: 100 - FE luy ke: 750 - Thoi gian: 0.0 phut
Vong lap 15/250 - Repository: 100 - FE luy ke: 800 - Thoi gian: 0.0 phut
Vong lap 16/250 - Repository: 100 - FE luy ke: 850 - Thoi gian: 0.0 phut
Vong lap 17/250 - Repository: 100 - FE luy ke: 900 - Thoi gian: 0.0 phut
Vong lap 18/250 - Repository: 100 - FE luy ke: 950 - Thoi gian: 0.0 phut
Vong lap 19/250 - Repository: 100 - FE luy ke: 1000 - Thoi gian: 0.0 phut
Vong lap 20/250 - Repository: 100 - FE luy ke: 1050 - Thoi gian: 0.0 phut
Vong lap 21/250 - Repository: 100 - FE luy ke: 1100 - Thoi gian: 0.0 phut
Vong lap 22/250 - Repository: 100 - FE luy ke: 1150 - Thoi gian: 0.0 phut
Vong lap 23/250 - Repository: 100 - FE luy ke: 1200 - Thoi gian: 0.0 phut
Vong lap 24/250 - Repository: 100 - FE luy ke: 1250 - Thoi gian: 0.0 phut
Vong lap 25/250 - Repository: 100 - FE luy ke: 1300 - Thoi gian: 0.0 phut
Vong lap 26/250 - Repository: 100 - FE luy ke: 1350 - Thoi gian: 0.0 phut
Vong lap 27/250 - Repository: 100 - FE luy ke: 1400 - Thoi gian: 0.0 phut
Vong lap 28/250 - Repository: 100 - FE luy ke: 1450 - Thoi gian: 0.0 phut
Vong lap 29/250 - Repository: 100 - FE luy ke: 1500 - Thoi gian: 0.0 phut
Vong lap 30/250 - Repository: 100 - FE luy ke: 1550 - Thoi gian: 0.0 phut
Vong lap 31/250 - Repository: 100 - FE luy ke: 1600 - Thoi gian: 0.0 phut
Vong lap 32/250 - Repository: 100 - FE luy ke: 1650 - Thoi gian: 0.0 phut
Vong lap 33/250 - Repository: 100 - FE luy ke: 1700 - Thoi gian: 0.0 phut
Vong lap 34/250 - Repository: 100 - FE luy ke: 1750 - Thoi gian: 0.0 phut
Vong lap 35/250 - Repository: 100 - FE luy ke: 1800 - Thoi gian: 0.0 phut
Vong lap 36/250 - Repository: 100 - FE luy ke: 1850 - Thoi gian: 0.0 phut
Vong lap 37/250 - Repository: 100 - FE luy ke: 1900 - Thoi gian: 0.1 phut
Vong lap 38/250 - Repository: 100 - FE luy ke: 1950 - Thoi gian: 0.1 phut
Vong lap 39/250 - Repository: 100 - FE luy ke: 2000 - Thoi gian: 0.1 phut
Vong lap 40/250 - Repository: 100 - FE luy ke: 2050 - Thoi gian: 0.1 phut
Vong lap 41/250 - Repository: 100 - FE luy ke: 2100 - Thoi gian: 0.1 phut
Vong lap 42/250 - Repository: 100 - FE luy ke: 2150 - Thoi gian: 0.1 phut
Vong lap 43/250 - Repository: 100 - FE luy ke: 2200 - Thoi gian: 0.1 phut
Vong lap 44/250 - Repository: 100 - FE luy ke: 2250 - Thoi gian: 0.1 phut
Vong lap 45/250 - Repository: 100 - FE luy ke: 2300 - Thoi gian: 0.1 phut
Vong lap 46/250 - Repository: 100 - FE luy ke: 2350 - Thoi gian: 0.1 phut
Vong lap 47/250 - Repository: 100 - FE luy ke: 2400 - Thoi gian: 0.1 phut
Vong lap 48/250 - Repository: 100 - FE luy ke: 2450 - Thoi gian: 0.1 phut
Vong lap 49/250 - Repository: 100 - FE luy ke: 2500 - Thoi gian: 0.1 phut
Vong lap 50/250 - Repository: 100 - FE luy ke: 2550 - Thoi gian: 0.1 phut
Vong lap 51/250 - Repository: 100 - FE luy ke: 2600 - Thoi gian: 0.1 phut
Vong lap 52/250 - Repository: 100 - FE luy ke: 2650 - Thoi gian: 0.1 phut
Vong lap 53/250 - Repository: 100 - FE luy ke: 2700 - Thoi gian: 0.1 phut
Vong lap 54/250 - Repository: 100 - FE luy ke: 2750 - Thoi gian: 0.1 phut
Vong lap 55/250 - Repository: 100 - FE luy ke: 2800 - Thoi gian: 0.1 phut
Vong lap 56/250 - Repository: 100 - FE luy ke: 2850 - Thoi gian: 0.1 phut
Vong lap 57/250 - Repository: 100 - FE luy ke: 2900 - Thoi gian: 0.1 phut
Vong lap 58/250 - Repository: 100 - FE luy ke: 2950 - Thoi gian: 0.1 phut
Vong lap 59/250 - Repository: 100 - FE luy ke: 3000 - Thoi gian: 0.1 phut
Vong lap 60/250 - Repository: 100 - FE luy ke: 3050 - Thoi gian: 0.1 phut
Vong lap 61/250 - Repository: 100 - FE luy ke: 3100 - Thoi gian: 0.1 phut
Vong lap 62/250 - Repository: 100 - FE luy ke: 3150 - Thoi gian: 0.1 phut
Vong lap 63/250 - Repository: 100 - FE luy ke: 3200 - Thoi gian: 0.1 phut
Vong lap 64/250 - Repository: 100 - FE luy ke: 3250 - Thoi gian: 0.1 phut
Vong lap 65/250 - Repository: 100 - FE luy ke: 3300 - Thoi gian: 0.1 phut
Vong lap 66/250 - Repository: 100 - FE luy ke: 3350 - Thoi gian: 0.1 phut
Vong lap 67/250 - Repository: 100 - FE luy ke: 3400 - Thoi gian: 0.1 phut
Vong lap 68/250 - Repository: 100 - FE luy ke: 3450 - Thoi gian: 0.1 phut
Vong lap 69/250 - Repository: 100 - FE luy ke: 3500 - Thoi gian: 0.1 phut
Vong lap 70/250 - Repository: 100 - FE luy ke: 3550 - Thoi gian: 0.1 phut
Vong lap 71/250 - Repository: 100 - FE luy ke: 3600 - Thoi gian: 0.1 phut
Vong lap 72/250 - Repository: 100 - FE luy ke: 3650 - Thoi gian: 0.1 phut
Vong lap 73/250 - Repository: 100 - FE luy ke: 3700 - Thoi gian: 0.1 phut
Vong lap 74/250 - Repository: 100 - FE luy ke: 3750 - Thoi gian: 0.1 phut
Vong lap 75/250 - Repository: 100 - FE luy ke: 3800 - Thoi gian: 0.1 phut
Vong lap 76/250 - Repository: 100 - FE luy ke: 3850 - Thoi gian: 0.1 phut
Vong lap 77/250 - Repository: 100 - FE luy ke: 3900 - Thoi gian: 0.1 phut
Vong lap 78/250 - Repository: 100 - FE luy ke: 3950 - Thoi gian: 0.1 phut
Vong lap 79/250 - Repository: 100 - FE luy ke: 4000 - Thoi gian: 0.1 phut
Vong lap 80/250 - Repository: 100 - FE luy ke: 4050 - Thoi gian: 0.1 phut
Vong lap 81/250 - Repository: 100 - FE luy ke: 4100 - Thoi gian: 0.1 phut
Vong lap 82/250 - Repository: 100 - FE luy ke: 4150 - Thoi gian: 0.1 phut
Vong lap 83/250 - Repository: 100 - FE luy ke: 4200 - Thoi gian: 0.1 phut
Vong lap 84/250 - Repository: 100 - FE luy ke: 4250 - Thoi gian: 0.1 phut
Vong lap 85/250 - Repository: 100 - FE luy ke: 4300 - Thoi gian: 0.1 phut
Vong lap 86/250 - Repository: 100 - FE luy ke: 4350 - Thoi gian: 0.1 phut
Vong lap 87/250 - Repository: 100 - FE luy ke: 4400 - Thoi gian: 0.1 phut
Vong lap 88/250 - Repository: 100 - FE luy ke: 4450 - Thoi gian: 0.1 phut
Vong lap 89/250 - Repository: 100 - FE luy ke: 4500 - Thoi gian: 0.1 phut
Vong lap 90/250 - Repository: 100 - FE luy ke: 4550 - Thoi gian: 0.1 phut
Vong lap 91/250 - Repository: 100 - FE luy ke: 4600 - Thoi gian: 0.1 phut
Vong lap 92/250 - Repository: 100 - FE luy ke: 4650 - Thoi gian: 0.1 phut
Vong lap 93/250 - Repository: 100 - FE luy ke: 4700 - Thoi gian: 0.1 phut
Vong lap 94/250 - Repository: 100 - FE luy ke: 4750 - Thoi gian: 0.1 phut
Vong lap 95/250 - Repository: 100 - FE luy ke: 4800 - Thoi gian: 0.1 phut
Vong lap 96/250 - Repository: 100 - FE luy ke: 4850 - Thoi gian: 0.1 phut
Vong lap 97/250 - Repository: 100 - FE luy ke: 4900 - Thoi gian: 0.1 phut
Vong lap 98/250 - Repository: 100 - FE luy ke: 4950 - Thoi gian: 0.1 phut
Vong lap 99/250 - Repository: 100 - FE luy ke: 5000 - Thoi gian: 0.1 phut
Vong lap 100/250 - Repository: 100 - FE luy ke: 5050 - Thoi gian: 0.1 phut
Vong lap 101/250 - Repository: 100 - FE luy ke: 5100 - Thoi gian: 0.1 phut
Vong lap 102/250 - Repository: 100 - FE luy ke: 5150 - Thoi gian: 0.1 phut
Vong lap 103/250 - Repository: 100 - FE luy ke: 5200 - Thoi gian: 0.2 phut
Vong lap 104/250 - Repository: 100 - FE luy ke: 5250 - Thoi gian: 0.2 phut
Vong lap 105/250 - Repository: 100 - FE luy ke: 5300 - Thoi gian: 0.2 phut
Vong lap 106/250 - Repository: 100 - FE luy ke: 5350 - Thoi gian: 0.2 phut
Vong lap 107/250 - Repository: 100 - FE luy ke: 5400 - Thoi gian: 0.2 phut
Vong lap 108/250 - Repository: 100 - FE luy ke: 5450 - Thoi gian: 0.2 phut
Vong lap 109/250 - Repository: 100 - FE luy ke: 5500 - Thoi gian: 0.2 phut
Vong lap 110/250 - Repository: 100 - FE luy ke: 5550 - Thoi gian: 0.2 phut
Vong lap 111/250 - Repository: 100 - FE luy ke: 5600 - Thoi gian: 0.2 phut
Vong lap 112/250 - Repository: 100 - FE luy ke: 5650 - Thoi gian: 0.2 phut
Vong lap 113/250 - Repository: 100 - FE luy ke: 5700 - Thoi gian: 0.2 phut
Vong lap 114/250 - Repository: 100 - FE luy ke: 5750 - Thoi gian: 0.2 phut
Vong lap 115/250 - Repository: 100 - FE luy ke: 5800 - Thoi gian: 0.2 phut
Vong lap 116/250 - Repository: 100 - FE luy ke: 5850 - Thoi gian: 0.2 phut
Vong lap 117/250 - Repository: 100 - FE luy ke: 5900 - Thoi gian: 0.2 phut
Vong lap 118/250 - Repository: 100 - FE luy ke: 5950 - Thoi gian: 0.2 phut
Vong lap 119/250 - Repository: 100 - FE luy ke: 6000 - Thoi gian: 0.2 phut
Vong lap 120/250 - Repository: 100 - FE luy ke: 6050 - Thoi gian: 0.2 phut
Vong lap 121/250 - Repository: 100 - FE luy ke: 6100 - Thoi gian: 0.2 phut
Vong lap 122/250 - Repository: 100 - FE luy ke: 6150 - Thoi gian: 0.2 phut
Vong lap 123/250 - Repository: 100 - FE luy ke: 6200 - Thoi gian: 0.2 phut
Vong lap 124/250 - Repository: 100 - FE luy ke: 6250 - Thoi gian: 0.2 phut
Vong lap 125/250 - Repository: 100 - FE luy ke: 6300 - Thoi gian: 0.2 phut
Vong lap 126/250 - Repository: 100 - FE luy ke: 6350 - Thoi gian: 0.2 phut
Vong lap 127/250 - Repository: 100 - FE luy ke: 6400 - Thoi gian: 0.2 phut
Vong lap 128/250 - Repository: 100 - FE luy ke: 6450 - Thoi gian: 0.2 phut
Vong lap 129/250 - Repository: 100 - FE luy ke: 6500 - Thoi gian: 0.2 phut
Vong lap 130/250 - Repository: 100 - FE luy ke: 6550 - Thoi gian: 0.2 phut
Vong lap 131/250 - Repository: 100 - FE luy ke: 6600 - Thoi gian: 0.2 phut
Vong lap 132/250 - Repository: 100 - FE luy ke: 6650 - Thoi gian: 0.2 phut
Vong lap 133/250 - Repository: 100 - FE luy ke: 6700 - Thoi gian: 0.2 phut
Vong lap 134/250 - Repository: 100 - FE luy ke: 6750 - Thoi gian: 0.2 phut
Vong lap 135/250 - Repository: 100 - FE luy ke: 6800 - Thoi gian: 0.2 phut
Vong lap 136/250 - Repository: 100 - FE luy ke: 6850 - Thoi gian: 0.2 phut
Vong lap 137/250 - Repository: 100 - FE luy ke: 6900 - Thoi gian: 0.2 phut
Vong lap 138/250 - Repository: 100 - FE luy ke: 6950 - Thoi gian: 0.2 phut
Vong lap 139/250 - Repository: 100 - FE luy ke: 7000 - Thoi gian: 0.2 phut
Vong lap 140/250 - Repository: 100 - FE luy ke: 7050 - Thoi gian: 0.2 phut
Vong lap 141/250 - Repository: 100 - FE luy ke: 7100 - Thoi gian: 0.2 phut
Vong lap 142/250 - Repository: 100 - FE luy ke: 7150 - Thoi gian: 0.2 phut
Vong lap 143/250 - Repository: 100 - FE luy ke: 7200 - Thoi gian: 0.2 phut
Vong lap 144/250 - Repository: 100 - FE luy ke: 7250 - Thoi gian: 0.2 phut
Vong lap 145/250 - Repository: 100 - FE luy ke: 7300 - Thoi gian: 0.2 phut
Vong lap 146/250 - Repository: 100 - FE luy ke: 7350 - Thoi gian: 0.2 phut
Vong lap 147/250 - Repository: 100 - FE luy ke: 7400 - Thoi gian: 0.2 phut
Vong lap 148/250 - Repository: 100 - FE luy ke: 7450 - Thoi gian: 0.2 phut
Vong lap 149/250 - Repository: 100 - FE luy ke: 7500 - Thoi gian: 0.2 phut
Vong lap 150/250 - Repository: 100 - FE luy ke: 7550 - Thoi gian: 0.2 phut
Vong lap 151/250 - Repository: 100 - FE luy ke: 7600 - Thoi gian: 0.2 phut
Vong lap 152/250 - Repository: 100 - FE luy ke: 7650 - Thoi gian: 0.2 phut
Vong lap 153/250 - Repository: 100 - FE luy ke: 7700 - Thoi gian: 0.2 phut
Vong lap 154/250 - Repository: 100 - FE luy ke: 7750 - Thoi gian: 0.2 phut
Vong lap 155/250 - Repository: 100 - FE luy ke: 7800 - Thoi gian: 0.2 phut
Vong lap 156/250 - Repository: 100 - FE luy ke: 7850 - Thoi gian: 0.2 phut
Vong lap 157/250 - Repository: 100 - FE luy ke: 7900 - Thoi gian: 0.2 phut
Vong lap 158/250 - Repository: 100 - FE luy ke: 7950 - Thoi gian: 0.2 phut
Vong lap 159/250 - Repository: 100 - FE luy ke: 8000 - Thoi gian: 0.2 phut
Vong lap 160/250 - Repository: 100 - FE luy ke: 8050 - Thoi gian: 0.2 phut
Vong lap 161/250 - Repository: 100 - FE luy ke: 8100 - Thoi gian: 0.2 phut
Vong lap 162/250 - Repository: 100 - FE luy ke: 8150 - Thoi gian: 0.2 phut
Vong lap 163/250 - Repository: 100 - FE luy ke: 8200 - Thoi gian: 0.2 phut
Vong lap 164/250 - Repository: 100 - FE luy ke: 8250 - Thoi gian: 0.2 phut
Vong lap 165/250 - Repository: 100 - FE luy ke: 8300 - Thoi gian: 0.2 phut
Vong lap 166/250 - Repository: 100 - FE luy ke: 8350 - Thoi gian: 0.2 phut
Vong lap 167/250 - Repository: 100 - FE luy ke: 8400 - Thoi gian: 0.3 phut
Vong lap 168/250 - Repository: 100 - FE luy ke: 8450 - Thoi gian: 0.3 phut
Vong lap 169/250 - Repository: 100 - FE luy ke: 8500 - Thoi gian: 0.3 phut
Vong lap 170/250 - Repository: 100 - FE luy ke: 8550 - Thoi gian: 0.3 phut
Vong lap 171/250 - Repository: 100 - FE luy ke: 8600 - Thoi gian: 0.3 phut
Vong lap 172/250 - Repository: 100 - FE luy ke: 8650 - Thoi gian: 0.3 phut
Vong lap 173/250 - Repository: 100 - FE luy ke: 8700 - Thoi gian: 0.3 phut
Vong lap 174/250 - Repository: 100 - FE luy ke: 8750 - Thoi gian: 0.3 phut
Vong lap 175/250 - Repository: 100 - FE luy ke: 8800 - Thoi gian: 0.3 phut
Vong lap 176/250 - Repository: 100 - FE luy ke: 8850 - Thoi gian: 0.3 phut
Vong lap 177/250 - Repository: 100 - FE luy ke: 8900 - Thoi gian: 0.3 phut
Vong lap 178/250 - Repository: 100 - FE luy ke: 8950 - Thoi gian: 0.3 phut
Vong lap 179/250 - Repository: 100 - FE luy ke: 9000 - Thoi gian: 0.3 phut
Vong lap 180/250 - Repository: 100 - FE luy ke: 9050 - Thoi gian: 0.3 phut
Vong lap 181/250 - Repository: 100 - FE luy ke: 9100 - Thoi gian: 0.3 phut
Vong lap 182/250 - Repository: 100 - FE luy ke: 9150 - Thoi gian: 0.3 phut
Vong lap 183/250 - Repository: 100 - FE luy ke: 9200 - Thoi gian: 0.3 phut
Vong lap 184/250 - Repository: 100 - FE luy ke: 9250 - Thoi gian: 0.3 phut
Vong lap 185/250 - Repository: 100 - FE luy ke: 9300 - Thoi gian: 0.3 phut
Vong lap 186/250 - Repository: 100 - FE luy ke: 9350 - Thoi gian: 0.3 phut
Vong lap 187/250 - Repository: 100 - FE luy ke: 9400 - Thoi gian: 0.3 phut
Vong lap 188/250 - Repository: 100 - FE luy ke: 9450 - Thoi gian: 0.3 phut
Vong lap 189/250 - Repository: 100 - FE luy ke: 9500 - Thoi gian: 0.3 phut
Vong lap 190/250 - Repository: 100 - FE luy ke: 9550 - Thoi gian: 0.3 phut
Vong lap 191/250 - Repository: 100 - FE luy ke: 9600 - Thoi gian: 0.3 phut
Vong lap 192/250 - Repository: 100 - FE luy ke: 9650 - Thoi gian: 0.3 phut
Vong lap 193/250 - Repository: 100 - FE luy ke: 9700 - Thoi gian: 0.3 phut
Vong lap 194/250 - Repository: 100 - FE luy ke: 9750 - Thoi gian: 0.3 phut
Vong lap 195/250 - Repository: 100 - FE luy ke: 9800 - Thoi gian: 0.3 phut
Vong lap 196/250 - Repository: 100 - FE luy ke: 9850 - Thoi gian: 0.3 phut
Vong lap 197/250 - Repository: 100 - FE luy ke: 9900 - Thoi gian: 0.3 phut
Vong lap 198/250 - Repository: 100 - FE luy ke: 9950 - Thoi gian: 0.3 phut
Vong lap 199/250 - Repository: 100 - FE luy ke: 10000 - Thoi gian: 0.3 phut
Vong lap 200/250 - Repository: 100 - FE luy ke: 10050 - Thoi gian: 0.3 phut
Vong lap 201/250 - Repository: 100 - FE luy ke: 10100 - Thoi gian: 0.3 phut
Vong lap 202/250 - Repository: 100 - FE luy ke: 10150 - Thoi gian: 0.3 phut
Vong lap 203/250 - Repository: 100 - FE luy ke: 10200 - Thoi gian: 0.3 phut
Vong lap 204/250 - Repository: 100 - FE luy ke: 10250 - Thoi gian: 0.3 phut
Vong lap 205/250 - Repository: 100 - FE luy ke: 10300 - Thoi gian: 0.3 phut
Vong lap 206/250 - Repository: 100 - FE luy ke: 10350 - Thoi gian: 0.3 phut
Vong lap 207/250 - Repository: 100 - FE luy ke: 10400 - Thoi gian: 0.3 phut
Vong lap 208/250 - Repository: 100 - FE luy ke: 10450 - Thoi gian: 0.3 phut
Vong lap 209/250 - Repository: 100 - FE luy ke: 10500 - Thoi gian: 0.3 phut
Vong lap 210/250 - Repository: 100 - FE luy ke: 10550 - Thoi gian: 0.3 phut
Vong lap 211/250 - Repository: 100 - FE luy ke: 10600 - Thoi gian: 0.3 phut
Vong lap 212/250 - Repository: 100 - FE luy ke: 10650 - Thoi gian: 0.3 phut
Vong lap 213/250 - Repository: 100 - FE luy ke: 10700 - Thoi gian: 0.3 phut
Vong lap 214/250 - Repository: 100 - FE luy ke: 10750 - Thoi gian: 0.3 phut
Vong lap 215/250 - Repository: 100 - FE luy ke: 10800 - Thoi gian: 0.3 phut
Vong lap 216/250 - Repository: 100 - FE luy ke: 10850 - Thoi gian: 0.3 phut
Vong lap 217/250 - Repository: 100 - FE luy ke: 10900 - Thoi gian: 0.3 phut
Vong lap 218/250 - Repository: 100 - FE luy ke: 10950 - Thoi gian: 0.3 phut
Vong lap 219/250 - Repository: 100 - FE luy ke: 11000 - Thoi gian: 0.3 phut
Vong lap 220/250 - Repository: 100 - FE luy ke: 11050 - Thoi gian: 0.3 phut
Vong lap 221/250 - Repository: 100 - FE luy ke: 11100 - Thoi gian: 0.3 phut
Vong lap 222/250 - Repository: 100 - FE luy ke: 11150 - Thoi gian: 0.3 phut
Vong lap 223/250 - Repository: 100 - FE luy ke: 11200 - Thoi gian: 0.3 phut
Vong lap 224/250 - Repository: 100 - FE luy ke: 11250 - Thoi gian: 0.3 phut
Vong lap 225/250 - Repository: 100 - FE luy ke: 11300 - Thoi gian: 0.3 phut
Vong lap 226/250 - Repository: 100 - FE luy ke: 11350 - Thoi gian: 0.3 phut
Vong lap 227/250 - Repository: 100 - FE luy ke: 11400 - Thoi gian: 0.4 phut
Vong lap 228/250 - Repository: 100 - FE luy ke: 11450 - Thoi gian: 0.4 phut
Vong lap 229/250 - Repository: 100 - FE luy ke: 11500 - Thoi gian: 0.4 phut
Vong lap 230/250 - Repository: 100 - FE luy ke: 11550 - Thoi gian: 0.4 phut
Vong lap 231/250 - Repository: 100 - FE luy ke: 11600 - Thoi gian: 0.4 phut
Vong lap 232/250 - Repository: 100 - FE luy ke: 11650 - Thoi gian: 0.4 phut
Vong lap 233/250 - Repository: 100 - FE luy ke: 11700 - Thoi gian: 0.4 phut
Vong lap 234/250 - Repository: 100 - FE luy ke: 11750 - Thoi gian: 0.4 phut
Vong lap 235/250 - Repository: 100 - FE luy ke: 11800 - Thoi gian: 0.4 phut
Vong lap 236/250 - Repository: 100 - FE luy ke: 11850 - Thoi gian: 0.4 phut
Vong lap 237/250 - Repository: 100 - FE luy ke: 11900 - Thoi gian: 0.4 phut
Vong lap 238/250 - Repository: 100 - FE luy ke: 11950 - Thoi gian: 0.4 phut
Vong lap 239/250 - Repository: 100 - FE luy ke: 12000 - Thoi gian: 0.4 phut
Vong lap 240/250 - Repository: 100 - FE luy ke: 12050 - Thoi gian: 0.4 phut
Vong lap 241/250 - Repository: 100 - FE luy ke: 12100 - Thoi gian: 0.4 phut
Vong lap 242/250 - Repository: 100 - FE luy ke: 12150 - Thoi gian: 0.4 phut
Vong lap 243/250 - Repository: 100 - FE luy ke: 12200 - Thoi gian: 0.4 phut
Vong lap 244/250 - Repository: 100 - FE luy ke: 12250 - Thoi gian: 0.4 phut
Vong lap 245/250 - Repository: 100 - FE luy ke: 12300 - Thoi gian: 0.4 phut
Vong lap 246/250 - Repository: 100 - FE luy ke: 12350 - Thoi gian: 0.4 phut
Vong lap 247/250 - Repository: 100 - FE luy ke: 12400 - Thoi gian: 0.4 phut
Vong lap 248/250 - Repository: 100 - FE luy ke: 12450 - Thoi gian: 0.4 phut
Vong lap 249/250 - Repository: 100 - FE luy ke: 12500 - Thoi gian: 0.4 phut
Vong lap 250/250 - Repository: 100 - FE luy ke: 12550 - Thoi gian: 0.4 phut
HOAN THANH campaign E-MOSFOA. Tong thoi gian: 0.01 gio. So nghiem Pareto: 100

=== TONG HOP THONG KE (30/30 lan chay hop le) ===
GD  : mean=0.00000 std=0.00000 min=0.00000 max=0.00000
IGD : mean=0.00010 std=0.00007 min=0.00000 max=0.00025
Repository size: mean=100.00 std=0.00
So nghiem trung khop chinh xac mat Pareto that (/59): mean=100.00 std=0.00
Da luu: D:\ResearchLab\02_Projects\02_Projects\MOFDA\Wharf100DWT\results\Wharf100DWT_EMOSFOA_STATS_SUMMARY.mat va D:\ResearchLab\02_Projects\02_Projects\MOFDA\Wharf100DWT\results\Wharf100DWT_EMOSFOA_STATS_SUMMARY.csv
Parallel pool using the 'Processes' profile is shutting down.
